timestamp,school,sport_page,year,matched_slug,row_count
2026-10-05T13:18:16,Cornell,baseball,2021,baseball,35
2026-10-05T13:18:16,Yale,baseball,2021,baseball,31
2026-10-05T13:18:16,Penn,baseball,2021,baseball,37
2026-10-05T13:18:16,Harvard,baseball,2021,baseball,33
2026-10-05T13:18:16,Brown,baseball,2021,baseball,28
2026-10-05T13:18:16,Cornell,mens-basketball,2021,mens-basketball,18
2026-10-05T13:18:16,Dartmouth,baseball,2021,baseball,33
2026-10-05T13:18:16,Yale,mens-basketball,2021,mens-basketball,19
2026-10-05T13:18:16,Penn,mens-basketball,2021,mens-basketball,19
2026-10-05T13:18:17,Columbia,baseball,2021,baseball,41
2026-10-05T13:18:17,Princeton,baseball,2021,baseball,27
2026-10-05T13:18:17,Cornell,mens-cross-country,2021,mens-cross-country,29
2026-10-05T13:18:17,Harvard,mens-basketball,2021,mens-basketball,17
2026-10-05T13:18:17,Yale,mens-cross-country,2021,mens-cross-country,19
2026-10-05T13:18:17,Penn,mens-cross-country,2021,mens-cross-country,26
2026-10-05T13:18:17,Brown,mens-basketball,2021,mens-basketball,19
2026-10-05T13:18:17,Cornell,football,2021,football,134
2026-10-05T13:18:18,Dartmouth,mens-basketball,2021,mens-basketball,21
2026-10-05T13:18:18,Harvard,football,2021,football,134
2026-10-05T13:18:18,Columbia,mens-basketball,2021,mens-basketball,18
2026-10-05T13:18:18,Penn,football,2021,football,115
2026-10-05T13:18:18,Yale,football,2021,football,121
2026-10-05T13:18:18,Cornell,mens-golf,2021,mens-golf,14
2026-10-05T13:18:18,Princeton,mens-basketball,2021,mens-basketball,20
2026-10-05T13:18:18,Brown,mens-cross-country,2021,mens-cross-country,19
2026-10-05T13:18:18,Dartmouth,mens-cross-country,2021,mens-cross-country,25
2026-10-05T13:18:19,Penn,mens-golf,2021,mens-golf,12
2026-10-05T13:18:19,Cornell,mens-ice-hockey,2021,mens-ice-hockey,30
2026-10-05T13:18:19,Yale,mens-golf,2021,mens-golf,8
2026-10-05T13:18:19,Harvard,mens-golf,2021,mens-golf,9
2026-10-05T13:18:19,Penn,mens-lacrosse,2021,mens-lacrosse,46
2026-10-05T13:18:19,Yale,mens-ice-hockey,2021,mens-ice-hockey,24
2026-10-05T13:18:19,Princeton,mens-cross-country,2021,mens-cross-country,31
2026-10-05T13:18:20,Harvard,mens-ice-hockey,2021,mens-ice-hockey,30
2026-10-05T13:18:20,Cornell,mens-lacrosse,2021,mens-lacrosse,48
2026-10-05T13:18:20,Yale,mens-lacrosse,2021,mens-lacrosse,51
2026-10-05T13:18:20,Columbia,football,2021,football,128
2026-10-05T13:18:21,Yale,mens-rowing,2021,mens-crew,57
2026-10-05T13:18:21,Harvard,mens-lacrosse,2021,mens-lacrosse,49
2026-10-05T13:18:21,Cornell,mens-rowing,2021,mens-rowing,42
2026-10-05T13:18:21,Brown,football,2021,football,113
2026-10-05T13:18:21,Yale,rowing,2021,mens-rowing,51
2026-10-05T13:18:21,Cornell,mens-soccer,2021,mens-soccer,36
2026-10-05T13:18:21,Columbia,mens-golf,2021,mens-golf,8
2026-10-05T13:18:22,Yale,sailing,2021,sailing,32
2026-10-05T13:18:22,Cornell,mens-squash,2021,mens-squash,21
2026-10-05T13:18:22,Dartmouth,football,2021,football,129
2026-10-05T13:18:22,Penn,mens-rowing,2021,mens-rowing,35
2026-10-05T13:18:22,Harvard,mens-rowing,2021,mens-heavyweight-rowing,61
2026-10-05T13:18:22,Brown,mens-golf,2026,mens-golf,12
2026-10-05T13:18:22,Cornell,mens-swimming-and-diving,2021,mens-swimming-and-diving,30
2026-10-05T13:18:23,Princeton,football,2021,football,130
2026-10-05T13:18:23,Penn,mens-soccer,2021,mens-soccer,31
2026-10-05T13:18:23,Cornell,mens-tennis,2021,mens-tennis,16
2026-10-05T13:18:23,Yale,mens-soccer,2021,mens-soccer,28
2026-10-05T13:18:23,Dartmouth,mens-golf,2021,mens-golf,11
2026-10-05T13:18:23,Harvard,rowing,2021,mens-lightweight-rowing,51
2026-10-05T13:18:23,Columbia,mens-rowing,2021,mens-rowing,27
2026-10-05T13:18:23,Cornell,mens-track-and-field,2021,mens-track-and-field,71
2026-10-05T13:18:23,Brown,mens-ice-hockey,2021,mens-ice-hockey,31
2026-10-05T13:18:23,Penn,mens-squash,2021,mens-squash,17
2026-10-05T13:18:24,Harvard,sailing,2021,mens-sailing,38
2026-10-05T13:18:24,Yale,mens-squash,2021,mens-squash,18
2026-10-05T13:18:24,Princeton,mens-golf,2021,mens-golf,13
2026-10-05T13:18:24,Dartmouth,mens-ice-hockey,2021,mens-ice-hockey,29
2026-10-05T13:18:24,Penn,mens-swimming-and-diving,2021,mens-swimming-and-diving,31
2026-10-05T13:18:24,Yale,mens-swimming-and-diving,2021,mens-swimming-and-diving,35
2026-10-05T13:18:24,Cornell,womens-basketball,2021,womens-basketball,14
2026-10-05T13:18:24,Brown,mens-lacrosse,2021,mens-lacrosse,56
2026-10-05T13:18:25,Harvard,skiing,2021,skiing,19
2026-10-05T13:18:25,Yale,mens-tennis,2021,mens-tennis,8
2026-10-05T13:18:25,Columbia,rowing,2021,lightweight-rowing,40
2026-10-05T13:18:25,Princeton,mens-ice-hockey,2021,mens-ice-hockey,27
2026-10-05T13:18:25,Dartmouth,mens-lacrosse,2021,mens-lacrosse,44
2026-10-05T13:18:25,Cornell,womens-cross-country,2021,womens-cross-country,38
2026-10-05T13:18:25,Yale,mens-track-and-field,2021,mens-track-and-field,51
2026-10-05T13:18:25,Harvard,mens-soccer,2021,mens-soccer,32
2026-10-05T13:18:25,Brown,mens-rowing,2021,mens-crew,52
2026-10-05T13:18:26,Penn,mens-tennis,2021,mens-tennis,11
2026-10-05T13:18:26,Princeton,mens-lacrosse,2021,mens-lacrosse,51
2026-10-05T13:18:26,Yale,womens-basketball,2021,womens-basketball,14
2026-10-05T13:18:26,Harvard,mens-squash,2021,mens-squash,11
2026-10-05T13:18:26,Columbia,mens-soccer,2021,mens-soccer,28
2026-10-05T13:18:26,Cornell,equestrian,2021,equestrian,27
2026-10-05T13:18:27,Brown,sailing,2021,coed-sailing,33
2026-10-05T13:18:27,Dartmouth,mens-rowing,2021,mens-rowing,57
2026-10-05T13:18:27,Penn,mens-track-and-field,2021,mens-track-and-field,52
2026-10-05T13:18:27,Yale,womens-cross-country,2021,womens-cross-country,25
2026-10-05T13:18:27,Harvard,mens-swimming-and-diving,2021,mens-swimming-and-diving,39
2026-10-05T13:18:27,Penn,womens-basketball,2021,womens-basketball,16
2026-10-05T13:18:27,Cornell,field-hockey,2021,field-hockey,27
2026-10-05T13:18:27,Columbia,mens-squash,2021,mens-squash,20
2026-10-05T13:18:27,Yale,field-hockey,2021,field-hockey,24
2026-10-05T13:18:27,Harvard,mens-tennis,2021,mens-tennis,13
2026-10-05T13:18:28,Princeton,mens-rowing,2021,mens-rowing,53
2026-10-05T13:18:28,Dartmouth,rowing,2021,rowing,40
2026-10-05T13:18:28,Cornell,womens-ice-hockey,2021,womens-ice-hockey,26
2026-10-05T13:18:28,Brown,mens-soccer,2021,mens-soccer,33
2026-10-05T13:18:28,Harvard,womens-basketball,2021,womens-basketball,17
2026-10-05T13:18:28,Columbia,mens-swimming-and-diving,2021,mens-swimming-and-diving,33
2026-10-05T13:18:29,Cornell,womens-lacrosse,2021,womens-lacrosse,40
2026-10-05T13:18:29,Penn,womens-cross-country,2021,womens-cross-country,19
2026-10-05T13:18:29,Harvard,field-hockey,2021,field-hockey,25
2026-10-05T13:18:29,Dartmouth,sailing,2021,sailing,35
2026-10-05T13:18:29,Brown,mens-squash,2026,mens-squash,14
2026-10-05T13:18:29,Columbia,mens-tennis,2021,mens-tennis,14
2026-10-05T13:18:29,Yale,womens-golf,2021,womens-golf,9
2026-10-05T13:18:29,Cornell,womens-soccer,2021,womens-soccer,30
2026-10-05T13:18:29,Penn,field-hockey,2021,field-hockey,26
2026-10-05T13:18:29,Harvard,womens-golf,2021,womens-golf,7
2026-10-05T13:18:29,Cornell,womens-squash,2021,womens-squash,14
2026-10-05T13:18:30,Princeton,rowing,2021,mlr,42
2026-10-05T13:18:30,Yale,womens-ice-hockey,2021,womens-ice-hockey,29
2026-10-05T13:18:30,Penn,womens-golf,2021,womens-golf,8
2026-10-05T13:18:30,Brown,mens-swimming-and-diving,2021,mens-swimming-and-diving,35
2026-10-05T13:18:30,Dartmouth,skiing,2021,skiing,44
2026-10-05T13:18:30,Cornell,womens-swimming-and-diving,2021,womens-swimming-and-diving,27
2026-10-05T13:18:30,Harvard,womens-ice-hockey,2021,womens-ice-hockey,32
2026-10-05T13:18:30,Columbia,womens-basketball,2021,womens-basketball,16
2026-10-05T13:18:30,Yale,womens-lacrosse,2021,womens-lacrosse,39
2026-10-05T13:18:30,Cornell,womens-tennis,2021,womens-tennis,12
2026-10-05T13:18:30,Penn,womens-lacrosse,2021,womens-lacrosse,34
2026-10-05T13:18:30,Brown,mens-tennis,2021,mens-tennis,12
2026-10-05T13:18:31,Harvard,womens-lacrosse,2021,womens-lacrosse,33
2026-10-05T13:18:31,Yale,womens-soccer,2021,womens-soccer,31
2026-10-05T13:18:31,Cornell,womens-track-and-field,2021,womens-track-and-field,86
2026-10-05T13:18:31,Princeton,mens-soccer,2021,mens-soccer,32
2026-10-05T13:18:31,Yale,womens-squash,2021,womens-squash,14
2026-10-05T13:18:31,Cornell,womens-volleyball,2021,womens-volleyball,17
2026-10-05T13:18:31,Brown,mens-track-and-field,2021,mens-track-and-field,48
2026-10-05T13:18:32,Harvard,womens-rugby,2021,womens-rugby,36
2026-10-05T13:18:32,Dartmouth,mens-soccer,2021,mens-soccer,32
2026-10-05T13:18:32,Columbia,field-hockey,2021,field-hockey,30
2026-10-05T13:18:32,Cornell,womens-sailing,2021,womens-sailing,22
2026-10-05T13:18:32,Princeton,mens-squash,2021,mens-squash,17
2026-10-05T13:18:32,Yale,womens-swimming-and-diving,2021,womens-swimming-and-diving,31
2026-10-05T13:18:32,Harvard,womens-soccer,2021,womens-soccer,29
2026-10-05T13:18:32,Brown,womens-basketball,2021,womens-basketball,18
2026-10-05T13:18:33,Cornell,womens-rowing,2021,womens-rowing,52
2026-10-05T13:18:33,Penn,womens-soccer,2021,womens-soccer,29
2026-10-05T13:18:33,Yale,womens-tennis,2021,womens-tennis,9
2026-10-05T13:18:33,Dartmouth,mens-squash,2021,mens-squash,20
2026-10-05T13:18:33,Columbia,womens-golf,2021,womens-golf,10
2026-10-05T13:18:33,Princeton,mens-swimming-and-diving,2021,mens-swimming-and-diving,38
2026-10-05T13:18:33,Harvard,womens-squash,2021,womens-squash,14
2026-10-05T13:18:33,Penn,womens-squash,2021,womens-squash,17
2026-10-05T13:18:33,Cornell,baseball,2022,baseball,33
2026-10-05T13:18:33,Yale,womens-track-and-field,2021,womens-track-and-field,52
2026-10-05T13:18:33,Brown,womens-cross-country,2021,womens-cross-country,25
2026-10-05T13:18:33,Columbia,womens-lacrosse,2021,womens-lacrosse,33
2026-10-05T13:18:34,Dartmouth,mens-swimming-and-diving,2021,mens-swimming-and-diving,20
2026-10-05T13:18:34,Yale,womens-volleyball,2021,womens-volleyball,19
2026-10-05T13:18:34,Harvard,womens-swimming-and-diving,2021,womens-swimming-and-diving,38
2026-10-05T13:18:34,Princeton,mens-tennis,2021,mens-tennis,13
2026-10-05T13:18:34,Brown,equestrian,2021,equestrian,24
2026-10-05T13:18:34,Cornell,mens-basketball,2022,mens-basketball,19
2026-10-05T13:18:34,Penn,womens-swimming-and-diving,2021,womens-swimming-and-diving,41
2026-10-05T13:18:34,Columbia,womens-soccer,2021,womens-soccer,33
2026-10-05T13:18:34,Harvard,womens-tennis,2021,womens-tennis,15
2026-10-05T13:18:35,Dartmouth,mens-tennis,2021,mens-tennis,11
2026-10-05T13:18:35,Penn,womens-tennis,2021,womens-tennis,11
2026-10-05T13:18:35,Princeton,mens-track-and-field,2021,mens-track-and-field,69
2026-10-05T13:18:35,Columbia,womens-squash,2021,womens-squash,19
2026-10-05T13:18:35,Cornell,mens-cross-country,2022,mens-cross-country,23
2026-10-05T13:18:35,Harvard,womens-volleyball,2021,womens-volleyball,16
2026-10-05T13:18:35,Penn,womens-track-and-field,2021,womens-track-and-field,50
2026-10-05T13:18:36,Dartmouth,mens-track-and-field,2021,mens-track-and-field,50
2026-10-05T13:18:36,Brown,field-hockey,2021,field-hockey,22
2026-10-05T13:18:36,Princeton,womens-basketball,2021,womens-basketball,17
2026-10-05T13:18:36,Cornell,football,2022,football,105
2026-10-05T13:18:36,Harvard,cross-country,2021,cross-country,42
2026-10-05T13:18:36,Penn,womens-volleyball,2021,womens-volleyball,19
2026-10-05T13:18:36,Columbia,womens-swimming-and-diving,2021,womens-swimming-and-diving,42
2026-10-05T13:18:36,Dartmouth,womens-basketball,2021,womens-basketball,16
2026-10-05T13:18:36,Cornell,mens-golf,2022,mens-golf,12
2026-10-05T13:18:36,Brown,womens-golf,2026,womens-golf,8
2026-10-05T13:18:37,Princeton,womens-cross-country,2021,womens-cross-country,22
2026-10-05T13:18:37,Penn,womens-rowing,2021,womens-rowing,44
2026-10-05T13:18:37,Yale,womens-sailing,2021,womens-sailing,20
2026-10-05T13:18:37,Harvard,track-and-field,2021,mens-track-and-field,107
2026-10-05T13:18:37,Columbia,womens-tennis,2021,womens-tennis,18
2026-10-05T13:18:37,Cornell,mens-ice-hockey,2022,mens-ice-hockey,28
2026-10-05T13:18:37,Dartmouth,womens-cross-country,2021,womens-cross-country,26
2026-10-05T13:18:37,Yale,womens-rowing,2021,womens-crew,49
2026-10-05T13:18:37,Brown,womens-ice-hockey,2021,womens-ice-hockey,25
2026-10-05T13:18:38,Harvard,womens-rowing,2021,womens-heavyweight-rowing,52
2026-10-05T13:18:38,Yale,baseball,2022,baseball,29
2026-10-05T13:18:38,Cornell,mens-lacrosse,2022,mens-lacrosse,52
2026-10-05T13:18:38,Princeton,field-hockey,2021,field-hockey,22
2026-10-05T13:18:38,Dartmouth,equestrian,2021,equestrian,18
2026-10-05T13:18:38,Brown,womens-lacrosse,2021,womens-lacrosse,42
2026-10-05T13:18:38,Harvard,womens-lightweight-rowing,2021,womens-lightweight-rowing,25
2026-10-05T13:18:38,Columbia,womens-volleyball,2021,womens-volleyball,24
2026-10-05T13:18:38,Yale,mens-basketball,2022,mens-basketball,17
2026-10-05T13:18:38,Cornell,mens-rowing,2022,mens-rowing,44
2026-10-05T13:18:39,Princeton,womens-golf,2021,womens-golf,10
2026-10-05T13:18:39,Harvard,baseball,2022,baseball,35
2026-10-05T13:18:39,Yale,mens-cross-country,2022,mens-cross-country,26
2026-10-05T13:18:39,Cornell,mens-soccer,2022,mens-soccer,33
2026-10-05T13:18:39,Brown,womens-rugby,2021,womens-rugby,28
2026-10-05T13:18:39,Columbia,cross-country,2021,cross-country,56
2026-10-05T13:18:39,Penn,baseball,2022,baseball,36
2026-10-05T13:18:39,Cornell,mens-squash,2022,mens-squash,17
2026-10-05T13:18:40,Princeton,womens-ice-hockey,2021,womens-ice-hockey,24
2026-10-05T13:18:40,Yale,football,2022,football,99
2026-10-05T13:18:40,Harvard,mens-basketball,2022,mens-basketball,17
2026-10-05T13:18:40,Cornell,mens-swimming-and-diving,2022,mens-swimming-and-diving,30
2026-10-05T13:18:40,Penn,mens-basketball,2022,mens-basketball,16
2026-10-05T13:18:40,Dartmouth,field-hockey,2021,field-hockey,22
2026-10-05T13:18:40,Brown,womens-soccer,2021,womens-soccer,35
2026-10-05T13:18:40,Yale,mens-golf,2022,mens-golf,9
2026-10-05T13:18:41,Columbia,track-and-field,2021,track-and-field,100
2026-10-05T13:18:41,Cornell,mens-tennis,2022,mens-tennis,13
2026-10-05T13:18:41,Penn,mens-cross-country,2022,mens-cross-country,26
2026-10-05T13:18:41,Princeton,womens-lacrosse,2021,womens-lacrosse,36
2026-10-05T13:18:41,Harvard,football,2022,football,121
2026-10-05T13:18:41,Dartmouth,womens-golf,2021,womens-golf,8
2026-10-05T13:18:41,Brown,womens-squash,2026,womens-squash,17
2026-10-05T13:18:41,Yale,mens-ice-hockey,2022,mens-ice-hockey,28
2026-10-05T13:18:41,Cornell,mens-track-and-field,2022,mens-track-and-field,74
2026-10-05T13:18:41,Penn,football,2022,football,112
2026-10-05T13:18:41,Harvard,mens-golf,2022,mens-golf,7
2026-10-05T13:18:42,Columbia,womens-rowing,2021,womens-rowing,50
2026-10-05T13:18:42,Princeton,womens-rugby,2022,womens-rugby,26
2026-10-05T13:18:42,Yale,mens-lacrosse,2022,mens-lacrosse,50
2026-10-05T13:18:42,Cornell,womens-basketball,2022,womens-basketball,14
2026-10-05T13:18:42,Dartmouth,womens-ice-hockey,2021,womens-ice-hockey,22
2026-10-05T13:18:42,Brown,womens-swimming-and-diving,2021,womens-swimming-and-diving,34
2026-10-05T13:18:42,Penn,mens-golf,2022,mens-golf,12
2026-10-05T13:18:42,Harvard,mens-ice-hockey,2022,mens-ice-hockey,29
2026-10-05T13:18:42,Cornell,womens-cross-country,2022,womens-cross-country,28
2026-10-05T13:18:42,Yale,mens-rowing,2022,mens-crew,60
2026-10-05T13:18:43,Columbia,baseball,2022,baseball,39
2026-10-05T13:18:43,Dartmouth,womens-lacrosse,2021,womens-lacrosse,33
2026-10-05T13:18:43,Princeton,womens-soccer,2021,womens-soccer,29
2026-10-05T13:18:43,Cornell,equestrian,2022,equestrian,23
2026-10-05T13:18:43,Brown,womens-tennis,2021,womens-tennis,14
2026-10-05T13:18:43,Penn,mens-lacrosse,2022,mens-lacrosse,52
2026-10-05T13:18:43,Yale,rowing,2022,mens-rowing,49
2026-10-05T13:18:43,Harvard,mens-lacrosse,2022,mens-lacrosse,54
2026-10-05T13:18:43,Columbia,mens-basketball,2022,mens-basketball,15
2026-10-05T13:18:43,Cornell,field-hockey,2022,field-hockey,28
2026-10-05T13:18:44,Yale,sailing,2022,sailing,38
2026-10-05T13:18:44,Penn,mens-rowing,2022,mens-rowing,39
2026-10-05T13:18:44,Princeton,womens-squash,2021,womens-squash,17
2026-10-05T13:18:44,Harvard,mens-rowing,2022,mens-heavyweight-rowing,65
2026-10-05T13:18:44,Penn,mens-soccer,2022,mens-soccer,28
2026-10-05T13:18:44,Yale,mens-soccer,2022,mens-soccer,35
2026-10-05T13:18:44,Dartmouth,womens-rugby,2021,womens-rugby,40
2026-10-05T13:18:44,Brown,womens-track-and-field,2021,womens-track-and-field,66
2026-10-05T13:18:45,Cornell,womens-ice-hockey,2022,womens-ice-hockey,27
2026-10-05T13:18:45,Harvard,rowing,2022,mens-lightweight-rowing,36
2026-10-05T13:18:45,Penn,mens-squash,2022,mens-squash,16
2026-10-05T13:18:45,Princeton,womens-swimming-and-diving,2021,womens-swimming-and-diving,23
2026-10-05T13:18:45,Yale,mens-squash,2022,mens-squash,15
2026-10-05T13:18:45,Penn,mens-swimming-and-diving,2022,mens-swimming-and-diving,33
2026-10-05T13:18:45,Cornell,womens-lacrosse,2022,womens-lacrosse,36
2026-10-05T13:18:45,Yale,mens-swimming-and-diving,2022,mens-swimming-and-diving,35
2026-10-05T13:18:45,Brown,womens-volleyball,2021,womens-volleyball,18
2026-10-05T13:18:46,Harvard,sailing,2022,mens-sailing,37
2026-10-05T13:18:46,Columbia,football,2022,football,115
2026-10-05T13:18:46,Dartmouth,womens-soccer,2021,womens-soccer,29
2026-10-05T13:18:46,Princeton,womens-tennis,2021,womens-tennis,14
2026-10-05T13:18:46,Yale,mens-tennis,2022,mens-tennis,9
2026-10-05T13:18:46,Penn,mens-tennis,2022,mens-tennis,12
2026-10-05T13:18:46,Cornell,womens-soccer,2022,womens-soccer,33
2026-10-05T13:18:46,Brown,womens-sailing,2021,womens-sailing,24
2026-10-05T13:18:47,Yale,mens-track-and-field,2022,mens-track-and-field,52
2026-10-05T13:18:47,Penn,mens-track-and-field,2022,mens-track-and-field,53
2026-10-05T13:18:47,Harvard,skiing,2022,skiing,24
2026-10-05T13:18:47,Columbia,mens-golf,2022,mens-golf,9
2026-10-05T13:18:47,Cornell,womens-squash,2022,womens-squash,14
2026-10-05T13:18:47,Princeton,womens-track-and-field,2021,womens-track-and-field,50
2026-10-05T13:18:47,Dartmouth,womens-squash,2021,womens-squash,14
2026-10-05T13:18:47,Brown,womens-rowing,2021,womens-crew,43
2026-10-05T13:18:47,Yale,womens-basketball,2022,womens-basketball,13
2026-10-05T13:18:47,Cornell,womens-swimming-and-diving,2022,womens-swimming-and-diving,27
2026-10-05T13:18:47,Penn,womens-basketball,2022,womens-basketball,18
2026-10-05T13:18:47,Harvard,mens-soccer,2022,mens-soccer,30
2026-10-05T13:18:48,Princeton,womens-volleyball,2021,womens-volleyball,17
2026-10-05T13:18:48,Yale,womens-cross-country,2022,womens-cross-country,26
2026-10-05T13:18:48,Cornell,womens-tennis,2022,womens-tennis,10
2026-10-05T13:18:48,Penn,womens-cross-country,2022,womens-cross-country,20
2026-10-05T13:18:48,Brown,baseball,2022,baseball,31
2026-10-05T13:18:48,Harvard,mens-squash,2022,mens-squash,14
2026-10-05T13:18:48,Yale,field-hockey,2022,field-hockey,25
2026-10-05T13:18:48,Cornell,womens-track-and-field,2022,womens-track-and-field,66
2026-10-05T13:18:48,Dartmouth,womens-swimming-and-diving,2021,womens-swimming-and-diving,20
2026-10-05T13:18:48,Columbia,mens-rowing,2022,mens-rowing,29
2026-10-05T13:18:49,Yale,womens-golf,2022,womens-golf,10
2026-10-05T13:18:49,Cornell,womens-volleyball,2022,womens-volleyball,19
2026-10-05T13:18:49,Brown,mens-basketball,2022,mens-basketball,16
2026-10-05T13:18:49,Penn,field-hockey,2022,field-hockey,25
2026-10-05T13:18:49,Harvard,mens-swimming-and-diving,2022,mens-swimming-and-diving,36
2026-10-05T13:18:49,Cornell,womens-sailing,2022,womens-sailing,19
2026-10-05T13:18:49,Yale,womens-ice-hockey,2022,womens-ice-hockey,30
2026-10-05T13:18:49,Columbia,rowing,2022,lightweight-rowing,33
2026-10-05T13:18:49,Princeton,womens-rowing,2021,womens-rowing,52
2026-10-05T13:18:49,Brown,mens-cross-country,2022,mens-cross-country,17
2026-10-05T13:18:49,Dartmouth,womens-tennis,2021,womens-tennis,11
2026-10-05T13:18:50,Cornell,womens-rowing,2022,womens-rowing,47
2026-10-05T13:18:50,Yale,womens-lacrosse,2022,womens-lacrosse,35
2026-10-05T13:18:50,Harvard,mens-tennis,2022,mens-tennis,13
2026-10-05T13:18:50,Penn,womens-golf,2022,womens-golf,7
2026-10-05T13:18:50,Princeton,baseball,2022,baseball,31
2026-10-05T13:18:50,Cornell,baseball,2023,baseball,35
2026-10-05T13:18:50,Yale,womens-soccer,2022,womens-soccer,30
2026-10-05T13:18:50,Harvard,womens-basketball,2022,womens-basketball,14
2026-10-05T13:18:50,Dartmouth,womens-track-and-field,2021,womens-track-and-field,54
2026-10-05T13:18:51,Cornell,mens-basketball,2023,mens-basketball,21
2026-10-05T13:18:51,Penn,womens-lacrosse,2022,womens-lacrosse,33
2026-10-05T13:18:51,Columbia,mens-soccer,2022,mens-soccer,28
2026-10-05T13:18:51,Yale,womens-squash,2022,womens-squash,13
2026-10-05T13:18:51,Harvard,field-hockey,2022,field-hockey,26
2026-10-05T13:18:51,Princeton,mens-basketball,2022,mens-basketball,17
2026-10-05T13:18:51,Cornell,mens-cross-country,2023,mens-cross-country,26
2026-10-05T13:18:51,Yale,womens-swimming-and-diving,2022,womens-swimming-and-diving,29
2026-10-05T13:18:51,Brown,football,2022,football,115
2026-10-05T13:18:52,Dartmouth,womens-volleyball,2021,womens-volleyball,20
2026-10-05T13:18:52,Columbia,mens-squash,2022,mens-squash,17
2026-10-05T13:18:52,Penn,womens-soccer,2022,womens-soccer,29
2026-10-05T13:18:52,Yale,womens-tennis,2022,womens-tennis,8
2026-10-05T13:18:52,Harvard,womens-golf,2022,womens-golf,7
2026-10-05T13:18:52,Cornell,football,2023,football,115
2026-10-05T13:18:52,Princeton,mens-cross-country,2022,mens-cross-country,30
2026-10-05T13:18:52,Brown,mens-ice-hockey,2022,mens-ice-hockey,31
2026-10-05T13:18:52,Yale,womens-track-and-field,2022,womens-track-and-field,49
2026-10-05T13:18:52,Cornell,mens-golf,2023,mens-golf,8
2026-10-05T13:18:52,Penn,womens-squash,2022,womens-squash,16
2026-10-05T13:18:52,Harvard,womens-ice-hockey,2022,womens-ice-hockey,20
2026-10-05T13:18:53,Columbia,mens-swimming-and-diving,2022,mens-swimming-and-diving,37
2026-10-05T13:18:53,Dartmouth,womens-rowing,2021,womens-rowing,47
2026-10-05T13:18:53,Yale,womens-volleyball,2022,womens-volleyball,19
2026-10-05T13:18:53,Cornell,mens-ice-hockey,2023,mens-ice-hockey,28
2026-10-05T13:18:53,Brown,mens-lacrosse,2022,mens-lacrosse,53
2026-10-05T13:18:53,Penn,womens-swimming-and-diving,2022,womens-swimming-and-diving,33
2026-10-05T13:18:53,Harvard,womens-lacrosse,2022,womens-lacrosse,33
2026-10-05T13:18:53,Yale,womens-sailing,2022,womens-sailing,21
2026-10-05T13:18:53,Cornell,mens-lacrosse,2023,mens-lacrosse,56
2026-10-05T13:18:53,Penn,womens-tennis,2022,womens-tennis,8
2026-10-05T13:18:54,Dartmouth,baseball,2022,baseball,35
2026-10-05T13:18:54,Columbia,mens-tennis,2022,mens-tennis,13
2026-10-05T13:18:54,Harvard,womens-rugby,2022,womens-rugby,29
2026-10-05T13:18:54,Yale,womens-rowing,2022,womens-crew,52
2026-10-05T13:18:54,Brown,mens-rowing,2022,mens-crew,49
2026-10-05T13:18:54,Cornell,mens-rowing,2023,mens-rowing,47
2026-10-05T13:18:54,Penn,womens-track-and-field,2022,womens-track-and-field,50
2026-10-05T13:18:54,Princeton,football,2022,football,124
2026-10-05T13:18:54,Yale,baseball,2023,baseball,30
2026-10-05T13:18:55,Dartmouth,mens-basketball,2022,mens-basketball,18
2026-10-05T13:18:55,Columbia,womens-basketball,2022,womens-basketball,16
2026-10-05T13:18:55,Harvard,womens-soccer,2022,womens-soccer,26
2026-10-05T13:18:55,Cornell,mens-soccer,2023,mens-soccer,33
2026-10-05T13:18:55,Brown,sailing,2022,coed-sailing,34
2026-10-05T13:18:55,Penn,womens-volleyball,2022,womens-volleyball,16
2026-10-05T13:18:55,Yale,mens-basketball,2023,mens-basketball,16
2026-10-05T13:18:55,Princeton,mens-golf,2022,mens-golf,10
2026-10-05T13:18:55,Cornell,mens-squash,2023,mens-squash,17
2026-10-05T13:18:55,Harvard,womens-squash,2022,womens-squash,14
2026-10-05T13:18:55,Penn,womens-rowing,2022,womens-rowing,53
2026-10-05T13:18:56,Yale,mens-cross-country,2023,mens-cross-country,29
2026-10-05T13:18:56,Cornell,mens-swimming-and-diving,2023,mens-swimming-and-diving,30
2026-10-05T13:18:56,Harvard,womens-swimming-and-diving,2022,womens-swimming-and-diving,36
2026-10-05T13:18:56,Dartmouth,mens-cross-country,2022,mens-cross-country,24
2026-10-05T13:18:56,Columbia,field-hockey,2022,field-hockey,23
2026-10-05T13:18:56,Brown,mens-soccer,2022,mens-soccer,28
2026-10-05T13:18:56,Cornell,mens-tennis,2023,mens-tennis,14
2026-10-05T13:18:56,Penn,baseball,2023,baseball,37
2026-10-05T13:18:56,Princeton,mens-ice-hockey,2022,mens-ice-hockey,28
2026-10-05T13:18:57,Yale,football,2023,football,120
2026-10-05T13:18:57,Penn,mens-basketball,2023,mens-basketball,15
2026-10-05T13:18:57,Cornell,mens-track-and-field,2023,mens-track-and-field,72
2026-10-05T13:18:57,Harvard,womens-tennis,2022,womens-tennis,11
2026-10-05T13:18:57,Brown,mens-swimming-and-diving,2022,mens-swimming-and-diving,28
2026-10-05T13:18:57,Columbia,womens-golf,2022,womens-golf,8
2026-10-05T13:18:57,Yale,mens-golf,2024,mens-golf,8
2026-10-05T13:18:57,Princeton,mens-lacrosse,2022,mens-lacrosse,54
2026-10-05T13:18:57,Penn,mens-cross-country,2023,mens-cross-country,22
2026-10-05T13:18:57,Cornell,womens-basketball,2023,womens-basketball,15
2026-10-05T13:18:57,Harvard,womens-volleyball,2022,womens-volleyball,17
2026-10-05T13:18:57,Brown,mens-tennis,2022,mens-tennis,15
2026-10-05T13:18:57,Yale,mens-ice-hockey,2023,mens-ice-hockey,28
2026-10-05T13:18:58,Cornell,womens-cross-country,2023,womens-cross-country,25
2026-10-05T13:18:58,Dartmouth,football,2022,football,120
2026-10-05T13:18:58,Columbia,womens-lacrosse,2022,womens-lacrosse,34
2026-10-05T13:18:58,Cornell,equestrian,2023,equestrian,25
2026-10-05T13:18:58,Yale,mens-lacrosse,2023,mens-lacrosse,48
2026-10-05T13:18:58,Harvard,cross-country,2022,cross-country,46
2026-10-05T13:18:59,Penn,football,2023,football,115
2026-10-05T13:18:59,Brown,mens-track-and-field,2022,mens-track-and-field,48
2026-10-05T13:18:59,Dartmouth,mens-golf,2022,mens-golf,12
2026-10-05T13:18:59,Columbia,womens-soccer,2022,womens-soccer,33
2026-10-05T13:18:59,Princeton,mens-rowing,2022,mens-rowing,52
2026-10-05T13:18:59,Penn,mens-golf,2023,mens-golf,8
2026-10-05T13:18:59,Harvard,track-and-field,2022,mens-track-and-field,113
2026-10-05T13:18:59,Brown,womens-basketball,2022,womens-basketball,20
2026-10-05T13:18:59,Cornell,field-hockey,2023,field-hockey,26
2026-10-05T13:19:00,Dartmouth,mens-ice-hockey,2022,mens-ice-hockey,30
2026-10-05T13:19:00,Penn,mens-lacrosse,2023,mens-lacrosse,55
2026-10-05T13:19:00,Yale,mens-rowing,2023,mens-crew,52
2026-10-05T13:19:00,Columbia,womens-squash,2022,womens-squash,18
2026-10-05T13:19:00,Harvard,womens-rowing,2022,womens-heavyweight-rowing,42
2026-10-05T13:19:00,Brown,womens-cross-country,2022,womens-cross-country,26
2026-10-05T13:19:00,Penn,mens-rowing,2023,mens-rowing,46
2026-10-05T13:19:00,Cornell,womens-ice-hockey,2023,womens-ice-hockey,26
2026-10-05T13:19:00,Yale,rowing,2023,mens-rowing,46
2026-10-05T13:19:01,Dartmouth,mens-lacrosse,2022,mens-lacrosse,44
2026-10-05T13:19:01,Harvard,womens-lightweight-rowing,2022,womens-lightweight-rowing,21
2026-10-05T13:19:01,Princeton,rowing,2022,mlr,40
2026-10-05T13:19:01,Brown,equestrian,2022,equestrian,28
2026-10-05T13:19:01,Columbia,womens-swimming-and-diving,2022,womens-swimming-and-diving,38
2026-10-05T13:19:01,Yale,sailing,2023,sailing,31
2026-10-05T13:19:01,Penn,mens-soccer,2023,mens-soccer,31
2026-10-05T13:19:01,Harvard,baseball,2023,baseball,30
2026-10-05T13:19:01,Yale,mens-soccer,2023,mens-soccer,31
2026-10-05T13:19:02,Penn,mens-squash,2023,mens-squash,16
2026-10-05T13:19:02,Cornell,womens-lacrosse,2023,womens-lacrosse,40
2026-10-05T13:19:02,Dartmouth,mens-rowing,2022,mens-rowing,54
2026-10-05T13:19:02,Columbia,womens-tennis,2022,womens-tennis,15
2026-10-05T13:19:02,Yale,mens-squash,2023,mens-squash,14
2026-10-05T13:19:02,Brown,field-hockey,2022,field-hockey,24
2026-10-05T13:19:02,Penn,mens-swimming-and-diving,2023,mens-swimming-and-diving,28
2026-10-05T13:19:02,Cornell,womens-soccer,2023,womens-soccer,32
2026-10-05T13:19:02,Harvard,mens-basketball,2023,mens-basketball,15
2026-10-05T13:19:02,Princeton,mens-soccer,2022,mens-soccer,30
2026-10-05T13:19:03,Yale,mens-swimming-and-diving,2023,mens-swimming-and-diving,29
2026-10-05T13:19:03,Penn,mens-tennis,2023,mens-tennis,10
2026-10-05T13:19:03,Cornell,womens-squash,2023,womens-squash,14
2026-10-05T13:19:03,Brown,womens-ice-hockey,2022,womens-ice-hockey,23
2026-10-05T13:19:03,Columbia,womens-volleyball,2022,womens-volleyball,24
2026-10-05T13:19:03,Dartmouth,rowing,2022,rowing,44
2026-10-05T13:19:03,Yale,mens-tennis,2023,mens-tennis,10
2026-10-05T13:19:03,Cornell,womens-swimming-and-diving,2023,womens-swimming-and-diving,31
2026-10-05T13:19:03,Penn,mens-track-and-field,2023,mens-track-and-field,53
2026-10-05T13:19:03,Princeton,mens-squash,2022,mens-squash,17
2026-10-05T13:19:03,Harvard,football,2023,football,111
2026-10-05T13:19:04,Cornell,womens-tennis,2023,womens-tennis,10
2026-10-05T13:19:04,Yale,mens-track-and-field,2023,mens-track-and-field,60
2026-10-05T13:19:04,Brown,womens-lacrosse,2022,womens-lacrosse,38
2026-10-05T13:19:04,Dartmouth,sailing,2022,sailing,36
2026-10-05T13:19:04,Penn,womens-basketball,2023,womens-basketball,16
2026-10-05T13:19:04,Columbia,cross-country,2022,cross-country,57
2026-10-05T13:19:04,Cornell,womens-track-and-field,2023,womens-track-and-field,66
2026-10-05T13:19:04,Yale,womens-basketball,2023,womens-basketball,12
2026-10-05T13:19:04,Harvard,mens-golf,2023,mens-golf,8
2026-10-05T13:19:05,Penn,womens-cross-country,2023,womens-cross-country,26
2026-10-05T13:19:05,Brown,womens-rugby,2022,womens-rugby,31
2026-10-05T13:19:05,Cornell,womens-volleyball,2023,womens-volleyball,22
2026-10-05T13:19:05,Yale,womens-cross-country,2023,womens-cross-country,21
2026-10-05T13:19:05,Dartmouth,skiing,2022,skiing,42
2026-10-05T13:19:05,Princeton,mens-swimming-and-diving,2022,mens-swimming-and-diving,38
2026-10-05T13:19:05,Cornell,womens-sailing,2023,womens-sailing,16
2026-10-05T13:19:05,Penn,field-hockey,2023,field-hockey,22
2026-10-05T13:19:05,Yale,field-hockey,2023,field-hockey,23
2026-10-05T13:19:06,Brown,womens-soccer,2022,womens-soccer,32
2026-10-05T13:19:06,Harvard,mens-ice-hockey,2023,mens-ice-hockey,26
2026-10-05T13:19:06,Columbia,track-and-field,2022,track-and-field,110
2026-10-05T13:19:06,Cornell,womens-rowing,2023,womens-rowing,47
2026-10-05T13:19:06,Yale,womens-golf,2023,womens-golf,9
2026-10-05T13:19:06,Penn,womens-golf,2023,womens-golf,6
2026-10-05T13:19:06,Brown,womens-swimming-and-diving,2022,womens-swimming-and-diving,35
2026-10-05T13:19:06,Harvard,mens-lacrosse,2023,mens-lacrosse,54
2026-10-05T13:19:06,Cornell,baseball,2024,baseball,37
2026-10-05T13:19:06,Princeton,mens-tennis,2022,mens-tennis,11
2026-10-05T13:19:07,Yale,womens-ice-hockey,2023,womens-ice-hockey,28
2026-10-05T13:19:07,Penn,womens-lacrosse,2023,womens-lacrosse,38
2026-10-05T13:19:07,Columbia,womens-rowing,2022,womens-rowing,52
2026-10-05T13:19:07,Dartmouth,mens-soccer,2022,mens-soccer,31
2026-10-05T13:19:07,Cornell,mens-basketball,2024,mens-basketball,20
2026-10-05T13:19:07,Brown,womens-tennis,2022,womens-tennis,11
2026-10-05T13:19:07,Penn,womens-soccer,2023,womens-soccer,29
2026-10-05T13:19:07,Yale,womens-lacrosse,2023,womens-lacrosse,37
2026-10-05T13:19:07,Harvard,mens-rowing,2023,mens-heavyweight-rowing,51
2026-10-05T13:19:07,Cornell,mens-cross-country,2024,mens-cross-country,27
2026-10-05T13:19:08,Princeton,mens-track-and-field,2022,mens-track-and-field,63
2026-10-05T13:19:08,Dartmouth,mens-squash,2022,mens-squash,17
2026-10-05T13:19:08,Yale,womens-soccer,2023,womens-soccer,31
2026-10-05T13:19:08,Columbia,baseball,2023,baseball,39
2026-10-05T13:19:08,Brown,womens-track-and-field,2022,womens-track-and-field,68
2026-10-05T13:19:08,Cornell,football,2024,football,108
2026-10-05T13:19:08,Harvard,rowing,2023,mens-lightweight-rowing,34
2026-10-05T13:19:08,Yale,womens-squash,2023,womens-squash,13
2026-10-05T13:19:09,Princeton,womens-basketball,2022,womens-basketball,17
2026-10-05T13:19:09,Columbia,mens-basketball,2023,mens-basketball,16
2026-10-05T13:19:09,Dartmouth,mens-swimming-and-diving,2022,mens-swimming-and-diving,21
2026-10-05T13:19:09,Yale,womens-swimming-and-diving,2023,womens-swimming-and-diving,29
2026-10-05T13:19:09,Brown,womens-volleyball,2022,womens-volleyball,20
2026-10-05T13:19:09,Cornell,mens-golf,2024,mens-golf,10
2026-10-05T13:19:09,Harvard,sailing,2023,mens-sailing,34
2026-10-05T13:19:09,Penn,womens-squash,2023,womens-squash,18
2026-10-05T13:19:09,Princeton,womens-cross-country,2022,womens-cross-country,25
2026-10-05T13:19:10,Dartmouth,mens-tennis,2022,mens-tennis,9
2026-10-05T13:19:10,Yale,womens-tennis,2023,womens-tennis,8
2026-10-05T13:19:10,Cornell,mens-ice-hockey,2024,mens-ice-hockey,29
2026-10-05T13:19:10,Brown,womens-sailing,2022,womens-sailing,24
2026-10-05T13:19:10,Harvard,skiing,2023,skiing,20
2026-10-05T13:19:11,Cornell,mens-lacrosse,2024,mens-lacrosse,54
2026-10-05T13:19:11,Dartmouth,mens-track-and-field,2022,mens-track-and-field,43
2026-10-05T13:19:11,Columbia,football,2023,football,112
2026-10-05T13:19:11,Brown,womens-rowing,2022,womens-crew,45
2026-10-05T13:19:11,Princeton,field-hockey,2022,field-hockey,28
2026-10-05T13:19:11,Harvard,mens-soccer,2023,mens-soccer,30
2026-10-05T13:19:11,Cornell,mens-rowing,2024,mens-rowing,45
2026-10-05T13:19:11,Dartmouth,womens-basketball,2022,womens-basketball,17
2026-10-05T13:19:12,Columbia,mens-golf,2023,mens-golf,9
2026-10-05T13:19:12,Brown,baseball,2023,baseball,31
2026-10-05T13:19:12,Cornell,mens-soccer,2024,mens-soccer,35
2026-10-05T13:19:12,Harvard,mens-squash,2023,mens-squash,13
2026-10-05T13:19:12,Princeton,womens-golf,2022,womens-golf,8
2026-10-05T13:19:12,Yale,womens-track-and-field,2023,womens-track-and-field,54
2026-10-05T13:19:12,Cornell,mens-squash,2024,mens-squash,16
2026-10-05T13:19:12,Brown,mens-basketball,2023,mens-basketball,18
2026-10-05T13:19:13,Columbia,mens-rowing,2023,mens-rowing,28
2026-10-05T13:19:13,Dartmouth,womens-cross-country,2022,womens-cross-country,27
2026-10-05T13:19:13,Cornell,mens-swimming-and-diving,2024,mens-swimming-and-diving,34
2026-10-05T13:19:13,Yale,womens-volleyball,2023,womens-volleyball,19
2026-10-05T13:19:13,Princeton,womens-ice-hockey,2022,womens-ice-hockey,24
2026-10-05T13:19:13,Harvard,mens-swimming-and-diving,2023,mens-swimming-and-diving,38
2026-10-05T13:19:13,Brown,mens-cross-country,2023,mens-cross-country,21
2026-10-05T13:19:13,Yale,womens-sailing,2023,womens-sailing,15
2026-10-05T13:19:13,Columbia,rowing,2023,lightweight-rowing,37
2026-10-05T13:19:13,Cornell,mens-tennis,2024,mens-tennis,12
2026-10-05T13:19:13,Dartmouth,equestrian,2022,equestrian,16
2026-10-05T13:19:14,Harvard,mens-tennis,2023,mens-tennis,14
2026-10-05T13:19:14,Yale,womens-rowing,2023,womens-crew,42
2026-10-05T13:19:14,Princeton,womens-lacrosse,2022,womens-lacrosse,34
2026-10-05T13:19:14,Cornell,mens-track-and-field,2024,mens-track-and-field,70
2026-10-05T13:19:14,Harvard,womens-basketball,2023,womens-basketball,12
2026-10-05T13:19:14,Penn,womens-swimming-and-diving,2023,womens-swimming-and-diving,31
2026-10-05T13:19:14,Yale,baseball,2024,baseball,32
2026-10-05T13:19:15,Penn,womens-tennis,2023,womens-tennis,9
2026-10-05T13:19:15,Cornell,womens-basketball,2024,womens-basketball,16
2026-10-05T13:19:15,Columbia,mens-soccer,2023,mens-soccer,29
2026-10-05T13:19:15,Brown,football,2023,football,116
2026-10-05T13:19:15,Yale,mens-basketball,2024,mens-basketball,13
2026-10-05T13:19:15,Dartmouth,field-hockey,2022,field-hockey,22
2026-10-05T13:19:15,Princeton,womens-rugby,2023,womens-rugby,31
2026-10-05T13:19:15,Cornell,womens-cross-country,2024,womens-cross-country,28
2026-10-05T13:19:15,Harvard,field-hockey,2023,field-hockey,25
2026-10-05T13:19:15,Penn,womens-track-and-field,2023,womens-track-and-field,60
2026-10-05T13:19:16,Columbia,mens-squash,2023,mens-squash,17
2026-10-05T13:19:16,Yale,mens-cross-country,2024,mens-cross-country,29
2026-10-05T13:19:16,Brown,mens-ice-hockey,2023,mens-ice-hockey,29
2026-10-05T13:19:16,Dartmouth,womens-golf,2022,womens-golf,9
2026-10-05T13:19:16,Princeton,womens-soccer,2022,womens-soccer,26
2026-10-05T13:19:16,Columbia,mens-swimming-and-diving,2023,mens-swimming-and-diving,37
2026-10-05T13:19:16,Penn,womens-volleyball,2023,womens-volleyball,17
2026-10-05T13:19:16,Cornell,equestrian,2024,equestrian,28
2026-10-05T13:19:16,Harvard,womens-golf,2023,womens-golf,8
2026-10-05T13:19:17,Yale,football,2024,football,119
2026-10-05T13:19:17,Brown,mens-lacrosse,2023,mens-lacrosse,55
2026-10-05T13:19:17,Dartmouth,womens-ice-hockey,2022,womens-ice-hockey,25
2026-10-05T13:19:17,Cornell,field-hockey,2024,field-hockey,24
2026-10-05T13:19:17,Princeton,womens-squash,2022,womens-squash,18
2026-10-05T13:19:17,Penn,womens-rowing,2023,womens-rowing,50
2026-10-05T13:19:17,Yale,mens-golf,2025,mens-golf,7
2026-10-05T13:19:18,Cornell,womens-ice-hockey,2024,womens-ice-hockey,27
2026-10-05T13:19:18,Harvard,womens-ice-hockey,2023,womens-ice-hockey,23
2026-10-05T13:19:18,Columbia,mens-tennis,2023,mens-tennis,13
2026-10-05T13:19:18,Penn,baseball,2024,baseball,35
2026-10-05T13:19:18,Yale,mens-ice-hockey,2024,mens-ice-hockey,27
2026-10-05T13:19:18,Brown,mens-rowing,2023,mens-crew,58
2026-10-05T13:19:18,Dartmouth,womens-lacrosse,2022,womens-lacrosse,32
2026-10-05T13:19:18,Princeton,womens-swimming-and-diving,2022,womens-swimming-and-diving,26
2026-10-05T13:19:18,Cornell,womens-lacrosse,2024,womens-lacrosse,43
2026-10-05T13:19:18,Penn,mens-basketball,2024,mens-basketball,16
2026-10-05T13:19:18,Yale,mens-lacrosse,2024,mens-lacrosse,49
2026-10-05T13:19:18,Cornell,womens-soccer,2024,womens-soccer,34
2026-10-05T13:19:19,Harvard,womens-lacrosse,2023,womens-lacrosse,28
2026-10-05T13:19:19,Columbia,womens-basketball,2023,womens-basketball,15
2026-10-05T13:19:19,Brown,sailing,2023,coed-sailing,33
2026-10-05T13:19:19,Princeton,womens-tennis,2022,womens-tennis,11
2026-10-05T13:19:19,Yale,mens-rowing,2024,mens-crew,59
2026-10-05T13:19:19,Dartmouth,womens-rugby,2022,womens-rugby,38
2026-10-05T13:19:19,Cornell,womens-squash,2024,womens-squash,13
2026-10-05T13:19:19,Penn,mens-cross-country,2024,mens-cross-country,23
2026-10-05T13:19:19,Harvard,womens-rugby,2023,womens-rugby,33
2026-10-05T13:19:19,Cornell,womens-swimming-and-diving,2024,womens-swimming-and-diving,34
2026-10-05T13:19:20,Yale,rowing,2024,mens-rowing,30
2026-10-05T13:19:20,Dartmouth,womens-soccer,2022,womens-soccer,27
2026-10-05T13:19:20,Penn,football,2024,football,111
2026-10-05T13:19:20,Cornell,womens-tennis,2024,womens-tennis,11
2026-10-05T13:19:20,Princeton,womens-track-and-field,2022,womens-track-and-field,56
2026-10-05T13:19:20,Columbia,field-hockey,2023,field-hockey,16
2026-10-05T13:19:20,Harvard,womens-soccer,2023,womens-soccer,27
2026-10-05T13:19:20,Yale,sailing,2024,sailing,30
2026-10-05T13:19:20,Brown,mens-soccer,2023,mens-soccer,31
2026-10-05T13:19:20,Penn,mens-golf,2024,mens-golf,8
2026-10-05T13:19:20,Dartmouth,womens-squash,2022,womens-squash,13
2026-10-05T13:19:21,Cornell,womens-track-and-field,2024,womens-track-and-field,68
2026-10-05T13:19:21,Yale,mens-soccer,2024,mens-soccer,28
2026-10-05T13:19:21,Columbia,womens-golf,2023,womens-golf,9
2026-10-05T13:19:21,Princeton,womens-volleyball,2022,womens-volleyball,17
2026-10-05T13:19:21,Penn,mens-lacrosse,2024,mens-lacrosse,55
2026-10-05T13:19:21,Brown,mens-swimming-and-diving,2023,mens-swimming-and-diving,33
2026-10-05T13:19:21,Harvard,womens-squash,2023,womens-squash,13
2026-10-05T13:19:21,Cornell,womens-volleyball,2024,womens-volleyball,21
2026-10-05T13:19:21,Dartmouth,womens-swimming-and-diving,2022,womens-swimming-and-diving,15
2026-10-05T13:19:21,Yale,mens-squash,2024,mens-squash,15
2026-10-05T13:19:22,Cornell,womens-sailing,2024,womens-sailing,18
2026-10-05T13:19:22,Brown,mens-tennis,2023,mens-tennis,13
2026-10-05T13:19:22,Yale,mens-swimming-and-diving,2024,mens-swimming-and-diving,28
2026-10-05T13:19:22,Harvard,womens-swimming-and-diving,2023,womens-swimming-and-diving,34
2026-10-05T13:19:22,Cornell,womens-rowing,2024,womens-rowing,48
2026-10-05T13:19:22,Columbia,womens-lacrosse,2023,womens-lacrosse,28
2026-10-05T13:19:22,Dartmouth,womens-tennis,2022,womens-tennis,11
2026-10-05T13:19:22,Yale,mens-tennis,2024,mens-tennis,12
2026-10-05T13:19:22,Princeton,womens-rowing,2022,womens-rowing,53
2026-10-05T13:19:23,Brown,mens-track-and-field,2023,mens-track-and-field,51
2026-10-05T13:19:23,Harvard,womens-tennis,2023,womens-tennis,12
2026-10-05T13:19:23,Cornell,baseball,2025,baseball,40
2026-10-05T13:19:23,Dartmouth,womens-track-and-field,2022,womens-track-and-field,53
2026-10-05T13:19:23,Columbia,womens-soccer,2023,womens-soccer,31
2026-10-05T13:19:23,Penn,mens-rowing,2024,mens-rowing,53
2026-10-05T13:19:23,Yale,mens-track-and-field,2024,mens-track-and-field,52
2026-10-05T13:19:23,Cornell,mens-basketball,2025,mens-basketball,20
2026-10-05T13:19:23,Harvard,womens-volleyball,2023,womens-volleyball,19
2026-10-05T13:19:23,Brown,womens-basketball,2023,womens-basketball,17
2026-10-05T13:19:24,Princeton,baseball,2023,baseball,30
2026-10-05T13:19:24,Columbia,womens-squash,2023,womens-squash,13
2026-10-05T13:19:24,Dartmouth,womens-volleyball,2022,womens-volleyball,19
2026-10-05T13:19:24,Yale,womens-basketball,2024,womens-basketball,12
2026-10-05T13:19:24,Cornell,mens-cross-country,2025,mens-cross-country,24
2026-10-05T13:19:24,Harvard,cross-country,2023,cross-country,42
2026-10-05T13:19:24,Penn,mens-soccer,2024,mens-soccer,31
2026-10-05T13:19:24,Brown,womens-cross-country,2023,womens-cross-country,27
2026-10-05T13:19:24,Yale,womens-cross-country,2024,womens-cross-country,23
2026-10-05T13:19:25,Princeton,mens-basketball,2023,mens-basketball,16
2026-10-05T13:19:25,Columbia,womens-swimming-and-diving,2023,womens-swimming-and-diving,39
2026-10-05T13:19:25,Dartmouth,womens-rowing,2022,womens-rowing,45
2026-10-05T13:19:25,Harvard,track-and-field,2023,mens-track-and-field,98
2026-10-05T13:19:25,Brown,equestrian,2023,equestrian,25
2026-10-05T13:19:25,Penn,mens-squash,2024,mens-squash,18
2026-10-05T13:19:25,Cornell,football,2025,football,122
2026-10-05T13:19:25,Yale,field-hockey,2024,field-hockey,22
2026-10-05T13:19:25,Princeton,mens-cross-country,2023,mens-cross-country,27
2026-10-05T13:19:25,Columbia,womens-tennis,2023,womens-tennis,15
2026-10-05T13:19:26,Dartmouth,baseball,2023,baseball,33
2026-10-05T13:19:26,Cornell,mens-golf,2025,mens-golf,9
2026-10-05T13:19:26,Harvard,womens-rowing,2023,womens-heavyweight-rowing,40
2026-10-05T13:19:26,Yale,womens-golf,2024,womens-golf,8
2026-10-05T13:19:26,Cornell,mens-ice-hockey,2025,mens-ice-hockey,31
2026-10-05T13:19:26,Brown,field-hockey,2023,field-hockey,24
2026-10-05T13:19:26,Yale,womens-ice-hockey,2024,womens-ice-hockey,32
2026-10-05T13:19:26,Columbia,womens-volleyball,2023,womens-volleyball,23
2026-10-05T13:19:27,Cornell,mens-lacrosse,2025,mens-lacrosse,49
2026-10-05T13:19:27,Harvard,womens-lightweight-rowing,2023,womens-lightweight-rowing,22
2026-10-05T13:19:27,Yale,womens-lacrosse,2024,womens-lacrosse,38
2026-10-05T13:19:27,Dartmouth,mens-basketball,2023,mens-basketball,16
2026-10-05T13:19:27,Brown,womens-ice-hockey,2023,womens-ice-hockey,26
2026-10-05T13:19:27,Cornell,mens-rowing,2025,mens-rowing,29
2026-10-05T13:19:27,Penn,mens-swimming-and-diving,2024,mens-swimming-and-diving,29
2026-10-05T13:19:27,Harvard,baseball,2024,baseball,30
2026-10-05T13:19:28,Columbia,cross-country,2023,cross-country,57
2026-10-05T13:19:28,Princeton,football,2023,football,109
2026-10-05T13:19:28,Yale,womens-soccer,2024,womens-soccer,31
2026-10-05T13:19:28,Cornell,mens-soccer,2025,mens-soccer,32
2026-10-05T13:19:28,Brown,womens-lacrosse,2023,womens-lacrosse,46
2026-10-05T13:19:28,Dartmouth,mens-cross-country,2023,mens-cross-country,14
2026-10-05T13:19:28,Penn,mens-tennis,2024,mens-tennis,11
2026-10-05T13:19:28,Harvard,mens-basketball,2024,mens-basketball,15
2026-10-05T13:19:28,Yale,womens-squash,2024,womens-squash,10
2026-10-05T13:19:28,Cornell,mens-squash,2025,mens-squash,14
2026-10-05T13:19:28,Princeton,mens-golf,2023,mens-golf,11
2026-10-05T13:19:29,Columbia,track-and-field,2023,track-and-field,115
2026-10-05T13:19:29,Yale,womens-swimming-and-diving,2024,womens-swimming-and-diving,29
2026-10-05T13:19:29,Cornell,mens-swimming-and-diving,2025,mens-swimming-and-diving,30
2026-10-05T13:19:29,Brown,womens-rugby,2023,womens-rugby,30
2026-10-05T13:19:29,Penn,mens-track-and-field,2024,mens-track-and-field,53
2026-10-05T13:19:29,Harvard,football,2024,football,111
2026-10-05T13:19:29,Cornell,mens-tennis,2025,mens-tennis,10
2026-10-05T13:19:29,Yale,womens-tennis,2024,womens-tennis,7
2026-10-05T13:19:29,Princeton,mens-ice-hockey,2023,mens-ice-hockey,27
2026-10-05T13:19:29,Penn,womens-basketball,2024,womens-basketball,16
2026-10-05T13:19:30,Columbia,womens-rowing,2023,womens-rowing,53
2026-10-05T13:19:30,Cornell,mens-track-and-field,2025,mens-track-and-field,64
2026-10-05T13:19:30,Brown,womens-soccer,2023,womens-soccer,33
2026-10-05T13:19:30,Harvard,mens-golf,2024,mens-golf,8
2026-10-05T13:19:30,Yale,womens-track-and-field,2024,womens-track-and-field,52
2026-10-05T13:19:30,Dartmouth,football,2023,football,110
2026-10-05T13:19:30,Cornell,womens-basketball,2025,womens-basketball,13
2026-10-05T13:19:30,Penn,womens-cross-country,2024,womens-cross-country,25
2026-10-05T13:19:30,Columbia,baseball,2024,baseball,41
2026-10-05T13:19:31,Yale,womens-volleyball,2024,womens-volleyball,18
2026-10-05T13:19:31,Princeton,mens-lacrosse,2023,mens-lacrosse,53
2026-10-05T13:19:31,Brown,womens-swimming-and-diving,2023,womens-swimming-and-diving,39
2026-10-05T13:19:31,Cornell,womens-cross-country,2025,womens-cross-country,23
2026-10-05T13:19:31,Harvard,mens-ice-hockey,2024,mens-ice-hockey,29
2026-10-05T13:19:31,Dartmouth,mens-golf,2023,mens-golf,10
2026-10-05T13:19:31,Yale,womens-sailing,2024,womens-sailing,21
2026-10-05T13:19:31,Penn,field-hockey,2024,field-hockey,25
2026-10-05T13:19:31,Cornell,equestrian,2025,equestrian,34
2026-10-05T13:19:31,Columbia,mens-basketball,2024,mens-basketball,19
2026-10-05T13:19:31,Brown,womens-tennis,2023,womens-tennis,12
2026-10-05T13:19:32,Yale,womens-rowing,2024,womens-crew,44
2026-10-05T13:19:32,Harvard,mens-lacrosse,2024,mens-lacrosse,54
2026-10-05T13:19:32,Cornell,field-hockey,2025,field-hockey,25
2026-10-05T13:19:32,Yale,baseball,2025,baseball,28
2026-10-05T13:19:32,Penn,womens-golf,2024,womens-golf,9
2026-10-05T13:19:32,Cornell,womens-ice-hockey,2025,womens-ice-hockey,21
2026-10-05T13:19:32,Princeton,mens-rowing,2023,mens-rowing,49
2026-10-05T13:19:32,Dartmouth,mens-ice-hockey,2023,mens-ice-hockey,27
2026-10-05T13:19:32,Yale,mens-basketball,2025,mens-basketball,14
2026-10-05T13:19:33,Brown,womens-track-and-field,2023,womens-track-and-field,71
2026-10-05T13:19:33,Cornell,womens-lacrosse,2025,womens-lacrosse,37
2026-10-05T13:19:33,Harvard,mens-rowing,2024,mens-heavyweight-rowing,53
2026-10-05T13:19:33,Yale,mens-cross-country,2025,mens-cross-country,28
2026-10-05T13:19:33,Cornell,womens-soccer,2025,womens-soccer,32
2026-10-05T13:19:33,Dartmouth,mens-lacrosse,2023,mens-lacrosse,44
2026-10-05T13:19:33,Brown,womens-volleyball,2023,womens-volleyball,20
2026-10-05T13:19:34,Harvard,rowing,2024,mens-lightweight-rowing,35
2026-10-05T13:19:34,Cornell,womens-squash,2025,womens-squash,15
2026-10-05T13:19:34,Columbia,football,2024,football,112
2026-10-05T13:19:34,Yale,football,2025,football,102
2026-10-05T13:19:34,Brown,womens-sailing,2023,womens-sailing,23
2026-10-05T13:19:34,Princeton,rowing,2023,mlr,35
2026-10-05T13:19:34,Harvard,sailing,2024,mens-sailing,32
2026-10-05T13:19:34,Cornell,womens-swimming-and-diving,2025,womens-swimming-and-diving,31
2026-10-05T13:19:35,Dartmouth,mens-rowing,2023,mens-rowing,52
2026-10-05T13:19:35,Yale,mens-golf,2026,mens-golf,8
2026-10-05T13:19:35,Cornell,womens-tennis,2025,womens-tennis,9
2026-10-05T13:19:35,Columbia,mens-golf,2024,mens-golf,9
2026-10-05T13:19:35,Harvard,skiing,2024,skiing,20
2026-10-05T13:19:35,Penn,womens-lacrosse,2024,womens-lacrosse,29
2026-10-05T13:19:35,Brown,womens-rowing,2023,womens-crew,48
2026-10-05T13:19:35,Yale,mens-ice-hockey,2025,mens-ice-hockey,29
2026-10-05T13:19:35,Cornell,womens-track-and-field,2025,womens-track-and-field,64
2026-10-05T13:19:35,Dartmouth,rowing,2023,rowing,27
2026-10-05T13:19:36,Brown,baseball,2024,baseball,37
2026-10-05T13:19:36,Harvard,mens-soccer,2024,mens-soccer,30
2026-10-05T13:19:36,Yale,mens-lacrosse,2025,mens-lacrosse,45
2026-10-05T13:19:36,Cornell,womens-volleyball,2025,womens-volleyball,20
2026-10-05T13:19:36,Penn,womens-soccer,2024,womens-soccer,29
2026-10-05T13:19:36,Columbia,mens-rowing,2024,mens-rowing,29
2026-10-05T13:19:36,Princeton,mens-soccer,2023,mens-soccer,31
2026-10-05T13:19:36,Dartmouth,sailing,2023,sailing,33
2026-10-05T13:19:36,Brown,mens-basketball,2024,mens-basketball,18
2026-10-05T13:19:36,Cornell,womens-sailing,2025,womens-sailing,17
2026-10-05T13:19:37,Harvard,mens-squash,2024,mens-squash,13
2026-10-05T13:19:37,Yale,mens-rowing,2025,mens-crew,46
2026-10-05T13:19:37,Penn,womens-squash,2024,womens-squash,18
2026-10-05T13:19:37,Cornell,womens-rowing,2025,womens-rowing,54
2026-10-05T13:19:37,Yale,rowing,2025,mens-rowing,33
2026-10-05T13:19:37,Brown,mens-cross-country,2024,mens-cross-country,20
2026-10-05T13:19:37,Columbia,rowing,2024,lightweight-rowing,38
2026-10-05T13:19:37,Princeton,mens-squash,2023,mens-squash,19
2026-10-05T13:19:37,Harvard,mens-swimming-and-diving,2024,mens-swimming-and-diving,32
2026-10-05T13:19:37,Dartmouth,skiing,2023,skiing,46
2026-10-05T13:19:37,Yale,sailing,2025,sailing,25
2026-10-05T13:19:37,Penn,womens-swimming-and-diving,2024,womens-swimming-and-diving,31
2026-10-05T13:19:38,Cornell,baseball,2026,baseball,40
2026-10-05T13:19:38,Cornell,mens-basketball,2026,mens-basketball,19
2026-10-05T13:19:38,Princeton,mens-swimming-and-diving,2023,mens-swimming-and-diving,33
2026-10-05T13:19:38,Penn,womens-tennis,2024,womens-tennis,10
2026-10-05T13:19:38,Yale,mens-soccer,2025,mens-soccer,28
2026-10-05T13:19:38,Harvard,mens-tennis,2024,mens-tennis,13
2026-10-05T13:19:38,Cornell,mens-cross-country,2026,mens-cross-country,24
2026-10-05T13:19:39,Cornell,football,2026,football,119
2026-10-05T13:19:39,Yale,mens-squash,2025,mens-squash,11
2026-10-05T13:19:39,Columbia,mens-soccer,2024,mens-soccer,30
2026-10-05T13:19:39,Princeton,mens-tennis,2023,mens-tennis,13
2026-10-05T13:19:39,Harvard,womens-basketball,2024,womens-basketball,16
2026-10-05T13:19:39,Dartmouth,mens-soccer,2023,mens-soccer,28
2026-10-05T13:19:39,Penn,womens-track-and-field,2024,womens-track-and-field,59
2026-10-05T13:19:39,Cornell,mens-golf,2026,mens-golf,8
2026-10-05T13:19:40,Brown,football,2024,football,113
2026-10-05T13:19:40,Yale,mens-swimming-and-diving,2025,mens-swimming-and-diving,30
2026-10-05T13:19:40,Harvard,field-hockey,2024,field-hockey,25
2026-10-05T13:19:40,Penn,womens-volleyball,2024,womens-volleyball,18
2026-10-05T13:19:40,Columbia,mens-squash,2024,mens-squash,17
2026-10-05T13:19:40,Cornell,mens-ice-hockey,2026,mens-ice-hockey,31
2026-10-05T13:19:40,Dartmouth,mens-squash,2023,mens-squash,13
2026-10-05T13:19:40,Yale,mens-tennis,2025,mens-tennis,10
2026-10-05T13:19:40,Harvard,womens-golf,2024,womens-golf,7
2026-10-05T13:19:40,Cornell,mens-lacrosse,2026,mens-lacrosse,52
2026-10-05T13:19:40,Princeton,mens-track-and-field,2023,mens-track-and-field,71
2026-10-05T13:19:41,Brown,mens-ice-hockey,2024,mens-ice-hockey,33
2026-10-05T13:19:41,Penn,womens-rowing,2024,womens-rowing,48
2026-10-05T13:19:41,Cornell,mens-rowing,2026,mens-rowing,29
2026-10-05T13:19:41,Yale,mens-track-and-field,2025,mens-track-and-field,54
2026-10-05T13:19:41,Columbia,mens-swimming-and-diving,2024,mens-swimming-and-diving,39
2026-10-05T13:19:41,Dartmouth,mens-swimming-and-diving,2023,mens-swimming-and-diving,26
2026-10-05T13:19:41,Harvard,womens-ice-hockey,2024,womens-ice-hockey,24
2026-10-05T13:19:41,Cornell,mens-soccer,2026,mens-soccer,30
2026-10-05T13:19:41,Harvard,womens-lacrosse,2024,womens-lacrosse,29
2026-10-05T13:19:41,Yale,womens-basketball,2025,womens-basketball,14
2026-10-05T13:19:41,Princeton,womens-basketball,2023,womens-basketball,18
2026-10-05T13:19:42,Penn,baseball,2025,baseball,35
2026-10-05T13:19:42,Columbia,mens-tennis,2024,mens-tennis,13
2026-10-05T13:19:42,Brown,mens-lacrosse,2024,mens-lacrosse,59
2026-10-05T13:19:42,Dartmouth,mens-tennis,2023,mens-tennis,12
2026-10-05T13:19:42,Cornell,mens-squash,2026,mens-squash,14
2026-10-05T13:19:42,Yale,womens-cross-country,2025,womens-cross-country,24
2026-10-05T13:19:42,Penn,mens-basketball,2025,mens-basketball,18
2026-10-05T13:19:42,Harvard,womens-rugby,2024,womens-rugby,30
2026-10-05T13:19:42,Cornell,mens-swimming-and-diving,2026,mens-swimming-and-diving,34
2026-10-05T13:19:42,Columbia,womens-basketball,2024,womens-basketball,13
2026-10-05T13:19:42,Yale,field-hockey,2025,field-hockey,21
2026-10-05T13:19:42,Cornell,mens-tennis,2026,mens-tennis,11
2026-10-05T13:19:43,Dartmouth,mens-track-and-field,2023,mens-track-and-field,39
2026-10-05T13:19:43,Princeton,womens-cross-country,2023,womens-cross-country,24
2026-10-05T13:19:43,Penn,mens-cross-country,2025,mens-cross-country,17
2026-10-05T13:19:43,Harvard,womens-soccer,2024,womens-soccer,26
2026-10-05T13:19:43,Brown,mens-rowing,2024,mens-crew,55
2026-10-05T13:19:43,Yale,womens-golf,2025,womens-golf,9
2026-10-05T13:19:43,Cornell,mens-track-and-field,2026,mens-track-and-field,51
2026-10-05T13:19:43,Penn,football,2025,football,103
2026-10-05T13:19:43,Cornell,womens-basketball,2026,womens-basketball,16
2026-10-05T13:19:44,Yale,womens-ice-hockey,2025,womens-ice-hockey,29
2026-10-05T13:19:44,Dartmouth,womens-basketball,2023,womens-basketball,16
2026-10-05T13:19:44,Harvard,womens-squash,2024,womens-squash,11
2026-10-05T13:19:44,Columbia,field-hockey,2024,field-hockey,20
2026-10-05T13:19:44,Brown,sailing,2024,coed-sailing,37
2026-10-05T13:19:44,Cornell,womens-cross-country,2026,womens-cross-country,20
2026-10-05T13:19:44,Harvard,womens-swimming-and-diving,2024,womens-swimming-and-diving,32
2026-10-05T13:19:44,Cornell,equestrian,2026,equestrian,37
2026-10-05T13:19:44,Yale,womens-lacrosse,2025,womens-lacrosse,29
2026-10-05T13:19:44,Princeton,field-hockey,2023,field-hockey,22
2026-10-05T13:19:44,Columbia,womens-golf,2024,womens-golf,8
2026-10-05T13:19:45,Dartmouth,womens-cross-country,2023,womens-cross-country,23
2026-10-05T13:19:45,Cornell,field-hockey,2026,field-hockey,26
2026-10-05T13:19:45,Yale,womens-soccer,2025,womens-soccer,26
2026-10-05T13:19:45,Harvard,womens-tennis,2024,womens-tennis,12
2026-10-05T13:19:45,Columbia,womens-lacrosse,2024,womens-lacrosse,28
2026-10-05T13:19:45,Princeton,womens-golf,2023,womens-golf,7
2026-10-05T13:19:45,Yale,womens-squash,2025,womens-squash,10
2026-10-05T13:19:45,Brown,mens-soccer,2024,mens-soccer,34
2026-10-05T13:19:45,Cornell,womens-ice-hockey,2026,womens-ice-hockey,24
2026-10-05T13:19:46,Dartmouth,equestrian,2023,equestrian,16
2026-10-05T13:19:46,Harvard,womens-volleyball,2024,womens-volleyball,16
2026-10-05T13:19:46,Cornell,womens-lacrosse,2026,womens-lacrosse,40
2026-10-05T13:19:46,Yale,womens-swimming-and-diving,2025,womens-swimming-and-diving,28
2026-10-05T13:19:46,Cornell,womens-soccer,2026,womens-soccer,31
2026-10-05T13:19:46,Columbia,womens-soccer,2024,womens-soccer,33
2026-10-05T13:19:46,Harvard,cross-country,2024,cross-country,39
2026-10-05T13:19:46,Brown,mens-swimming-and-diving,2024,mens-swimming-and-diving,33
2026-10-05T13:19:46,Penn,mens-golf,2025,mens-golf,8
2026-10-05T13:19:46,Cornell,womens-squash,2026,womens-squash,14
2026-10-05T13:19:47,Princeton,womens-ice-hockey,2023,womens-ice-hockey,27
2026-10-05T13:19:47,Penn,mens-lacrosse,2025,mens-lacrosse,47
2026-10-05T13:19:47,Columbia,womens-squash,2024,womens-squash,13
2026-10-05T13:19:47,Cornell,womens-swimming-and-diving,2026,womens-swimming-and-diving,31
2026-10-05T13:19:47,Harvard,track-and-field,2024,mens-track-and-field,92
2026-10-05T13:19:47,Brown,mens-tennis,2024,mens-tennis,12
2026-10-05T13:19:47,Cornell,womens-tennis,2026,womens-tennis,10
2026-10-05T13:19:47,Dartmouth,field-hockey,2023,field-hockey,25
2026-10-05T13:19:47,Penn,mens-rowing,2025,mens-rowing,48
2026-10-05T13:19:48,Princeton,womens-lacrosse,2023,womens-lacrosse,35
2026-10-05T13:19:48,Harvard,womens-rowing,2024,womens-heavyweight-rowing,45
2026-10-05T13:19:48,Cornell,womens-track-and-field,2026,womens-track-and-field,51
2026-10-05T13:19:48,Columbia,womens-swimming-and-diving,2024,womens-swimming-and-diving,33
2026-10-05T13:19:48,Yale,womens-tennis,2025,womens-tennis,7
2026-10-05T13:19:48,Penn,mens-soccer,2025,mens-soccer,33
2026-10-05T13:19:48,Brown,mens-track-and-field,2024,mens-track-and-field,47
2026-10-05T13:19:48,Harvard,womens-lightweight-rowing,2024,womens-lightweight-rowing,25
2026-10-05T13:19:48,Dartmouth,womens-golf,2023,womens-golf,10
2026-10-05T13:19:48,Cornell,womens-volleyball,2026,womens-volleyball,18
2026-10-05T13:19:48,Penn,mens-squash,2025,mens-squash,16
2026-10-05T13:19:48,Princeton,womens-rugby,2024,womens-rugby,31
2026-10-05T13:19:48,Columbia,womens-tennis,2024,womens-tennis,12
2026-10-05T13:19:49,Cornell,womens-sailing,2026,womens-sailing,14
2026-10-05T13:19:49,Harvard,baseball,2025,baseball,28
2026-10-05T13:19:49,Yale,womens-track-and-field,2025,womens-track-and-field,51
2026-10-05T13:19:49,Penn,mens-swimming-and-diving,2025,mens-swimming-and-diving,28
2026-10-05T13:19:49,Brown,womens-basketball,2024,womens-basketball,14
2026-10-05T13:19:49,Cornell,womens-rowing,2026,womens-rowing,53
2026-10-05T13:19:49,Columbia,womens-volleyball,2024,womens-volleyball,18
2026-10-05T13:19:49,Princeton,womens-soccer,2023,womens-soccer,27
2026-10-05T13:19:49,Yale,womens-volleyball,2025,womens-volleyball,18
2026-10-05T13:19:49,Penn,mens-tennis,2025,mens-tennis,12
2026-10-05T13:19:49,Harvard,mens-basketball,2025,mens-basketball,17
2026-10-05T13:19:50,Brown,womens-cross-country,2024,womens-cross-country,26
2026-10-05T13:19:50,Yale,womens-sailing,2025,womens-sailing,17
2026-10-05T13:19:50,Penn,mens-track-and-field,2025,mens-track-and-field,55
2026-10-05T13:19:50,Dartmouth,womens-ice-hockey,2023,womens-ice-hockey,24
2026-10-05T13:19:50,Brown,equestrian,2024,equestrian,23
2026-10-05T13:19:50,Princeton,womens-squash,2023,womens-squash,19
2026-10-05T13:19:50,Columbia,cross-country,2024,cross-country,59
2026-10-05T13:19:50,Yale,womens-rowing,2025,womens-crew,44
2026-10-05T13:19:51,Penn,womens-basketball,2025,womens-basketball,17
2026-10-05T13:19:51,Harvard,football,2025,football,105
2026-10-05T13:19:51,Yale,baseball,2026,baseball,30
2026-10-05T13:19:51,Penn,womens-cross-country,2025,womens-cross-country,20
2026-10-05T13:19:51,Yale,mens-basketball,2026,mens-basketball,15
2026-10-05T13:19:51,Princeton,womens-swimming-and-diving,2023,womens-swimming-and-diving,32
2026-10-05T13:19:51,Penn,field-hockey,2025,field-hockey,24
2026-10-05T13:19:52,Yale,mens-cross-country,2026,mens-cross-country,25
2026-10-05T13:19:52,Harvard,mens-golf,2025,mens-golf,8
2026-10-05T13:19:52,Columbia,track-and-field,2024,track-and-field,122
2026-10-05T13:19:52,Brown,field-hockey,2024,field-hockey,27
2026-10-05T13:19:52,Penn,womens-golf,2025,womens-golf,9
2026-10-05T13:19:52,Yale,football,2026,football,93
2026-10-05T13:19:52,Princeton,womens-tennis,2023,womens-tennis,10
2026-10-05T13:19:52,Dartmouth,womens-lacrosse,2023,womens-lacrosse,34
2026-10-05T13:19:52,Harvard,mens-ice-hockey,2025,mens-ice-hockey,29
2026-10-05T13:19:52,Yale,mens-ice-hockey,2026,mens-ice-hockey,29
2026-10-05T13:19:53,Penn,womens-lacrosse,2025,womens-lacrosse,28
2026-10-05T13:19:53,Brown,womens-ice-hockey,2024,womens-ice-hockey,25
2026-10-05T13:19:53,Columbia,womens-rowing,2024,womens-rowing,50
2026-10-05T13:19:53,Yale,mens-lacrosse,2026,mens-lacrosse,48
2026-10-05T13:19:53,Penn,womens-soccer,2025,womens-soccer,28
2026-10-05T13:19:53,Dartmouth,womens-rugby,2023,womens-rugby,36
2026-10-05T13:19:53,Princeton,womens-track-and-field,2023,womens-track-and-field,57
2026-10-05T13:19:53,Harvard,mens-lacrosse,2025,mens-lacrosse,49
2026-10-05T13:19:53,Yale,mens-rowing,2026,mens-crew,51
2026-10-05T13:19:53,Penn,womens-squash,2025,womens-squash,17
2026-10-05T13:19:54,Brown,womens-lacrosse,2024,womens-lacrosse,46
2026-10-05T13:19:54,Yale,rowing,2026,mens-rowing,33
2026-10-05T13:19:54,Columbia,baseball,2025,baseball,38
2026-10-05T13:19:54,Dartmouth,womens-soccer,2023,womens-soccer,27
2026-10-05T13:19:54,Princeton,womens-volleyball,2023,womens-volleyball,15
2026-10-05T13:19:54,Yale,sailing,2026,sailing,27
2026-10-05T13:19:54,Penn,womens-swimming-and-diving,2025,womens-swimming-and-diving,31
2026-10-05T13:19:54,Harvard,mens-rowing,2025,mens-heavyweight-rowing,52
2026-10-05T13:19:54,Brown,womens-rugby,2024,womens-rugby,33
2026-10-05T13:19:54,Yale,mens-soccer,2026,mens-soccer,28
2026-10-05T13:19:55,Columbia,mens-basketball,2025,mens-basketball,18
2026-10-05T13:19:55,Penn,womens-tennis,2025,womens-tennis,8
2026-10-05T13:19:55,Yale,mens-squash,2026,mens-squash,13
2026-10-05T13:19:55,Dartmouth,womens-squash,2023,womens-squash,13
2026-10-05T13:19:55,Harvard,rowing,2025,mens-lightweight-rowing,34
2026-10-05T13:19:55,Yale,mens-swimming-and-diving,2026,mens-swimming-and-diving,29
2026-10-05T13:19:55,Brown,womens-soccer,2024,womens-soccer,30
2026-10-05T13:19:55,Penn,womens-track-and-field,2025,womens-track-and-field,60
2026-10-05T13:19:55,Princeton,womens-rowing,2023,womens-rowing,58
2026-10-05T13:19:55,Yale,mens-tennis,2026,mens-tennis,12
2026-10-05T13:19:56,Harvard,sailing,2025,mens-sailing,30
2026-10-05T13:19:56,Dartmouth,womens-swimming-and-diving,2023,womens-swimming-and-diving,25
2026-10-05T13:19:56,Yale,mens-track-and-field,2026,mens-track-and-field,53
2026-10-05T13:19:56,Brown,womens-swimming-and-diving,2024,womens-swimming-and-diving,36
2026-10-05T13:19:56,Yale,womens-basketball,2026,womens-basketball,19
2026-10-05T13:19:56,Princeton,baseball,2024,baseball,32
2026-10-05T13:19:57,Yale,womens-cross-country,2026,womens-cross-country,18
2026-10-05T13:19:57,Columbia,football,2025,football,108
2026-10-05T13:19:57,Dartmouth,womens-tennis,2023,womens-tennis,11
2026-10-05T13:19:57,Penn,womens-volleyball,2025,womens-volleyball,19
2026-10-05T13:19:57,Brown,womens-tennis,2024,womens-tennis,11
2026-10-05T13:19:57,Harvard,skiing,2025,skiing,24
2026-10-05T13:19:57,Yale,field-hockey,2026,field-hockey,19
2026-10-05T13:19:57,Harvard,mens-soccer,2025,mens-soccer,32
2026-10-05T13:19:57,Penn,womens-rowing,2025,womens-rowing,48
2026-10-05T13:19:57,Yale,womens-golf,2026,womens-golf,8
2026-10-05T13:19:58,Princeton,mens-basketball,2024,mens-basketball,17
2026-10-05T13:19:58,Columbia,mens-golf,2025,mens-golf,9
2026-10-05T13:19:58,Dartmouth,womens-track-and-field,2023,womens-track-and-field,52
2026-10-05T13:19:58,Penn,baseball,2026,baseball,37
2026-10-05T13:19:58,Brown,womens-track-and-field,2024,womens-track-and-field,67
2026-10-05T13:19:58,Harvard,mens-squash,2025,mens-squash,12
2026-10-05T13:19:58,Yale,womens-ice-hockey,2026,womens-ice-hockey,27
2026-10-05T13:19:58,Penn,mens-basketball,2026,mens-basketball,20
2026-10-05T13:19:58,Princeton,mens-cross-country,2024,mens-cross-country,23
2026-10-05T13:19:58,Yale,womens-lacrosse,2026,womens-lacrosse,33
2026-10-05T13:19:58,Columbia,mens-rowing,2025,mens-rowing,41
2026-10-05T13:19:59,Dartmouth,womens-volleyball,2023,womens-volleyball,21
2026-10-05T13:19:59,Yale,womens-soccer,2026,womens-soccer,26
2026-10-05T13:19:59,Penn,mens-cross-country,2026,mens-cross-country,17
2026-10-05T13:19:59,Brown,womens-volleyball,2024,womens-volleyball,20
2026-10-05T13:19:59,Yale,womens-squash,2026,womens-squash,8
2026-10-05T13:19:59,Harvard,mens-swimming-and-diving,2025,mens-swimming-and-diving,26
2026-10-05T13:19:59,Penn,football,2026,football,93
2026-10-05T13:19:59,Columbia,rowing,2025,lightweight-rowing,37
2026-10-05T13:19:59,Yale,womens-swimming-and-diving,2026,womens-swimming-and-diving,29
2026-10-05T13:20:00,Dartmouth,womens-rowing,2023,womens-rowing,58
2026-10-05T13:20:00,Penn,mens-golf,2026,mens-golf,9
2026-10-05T13:20:00,Harvard,mens-tennis,2025,mens-tennis,13
2026-10-05T13:20:00,Brown,womens-sailing,2024,womens-sailing,26
2026-10-05T13:20:00,Yale,womens-tennis,2026,womens-tennis,10
2026-10-05T13:20:00,Penn,mens-lacrosse,2026,mens-lacrosse,31
2026-10-05T13:20:00,Yale,womens-track-and-field,2026,womens-track-and-field,49
2026-10-05T13:20:00,Penn,mens-rowing,2026,mens-rowing,38
2026-10-05T13:20:00,Harvard,womens-basketball,2025,womens-basketball,18
2026-10-05T13:20:01,Princeton,football,2024,football,121
2026-10-05T13:20:01,Yale,womens-volleyball,2026,womens-volleyball,17
2026-10-05T13:20:01,Penn,mens-soccer,2026,mens-soccer,32
2026-10-05T13:20:01,Brown,womens-rowing,2024,womens-crew,49
2026-10-05T13:20:01,Columbia,mens-soccer,2025,mens-soccer,31
2026-10-05T13:20:01,Dartmouth,baseball,2024,baseball,32
2026-10-05T13:20:01,Yale,womens-sailing,2026,womens-sailing,15
2026-10-05T13:20:01,Penn,mens-squash,2026,mens-squash,16
2026-10-05T13:20:01,Harvard,field-hockey,2025,field-hockey,22
2026-10-05T13:20:01,Yale,womens-rowing,2026,womens-crew,39
2026-10-05T13:20:01,Princeton,mens-golf,2024,mens-golf,10
2026-10-05T13:20:02,Brown,baseball,2025,baseball,41
2026-10-05T13:20:02,Penn,mens-swimming-and-diving,2026,mens-swimming-and-diving,28
2026-10-05T13:20:02,Columbia,mens-squash,2025,mens-squash,15
2026-10-05T13:20:02,Dartmouth,mens-basketball,2024,mens-basketball,16
2026-10-05T13:20:02,Brown,mens-basketball,2025,mens-basketball,15
2026-10-05T13:20:02,Harvard,womens-golf,2025,womens-golf,8
2026-10-05T13:20:02,Penn,mens-tennis,2026,mens-tennis,12
2026-10-05T13:20:02,Princeton,mens-ice-hockey,2024,mens-ice-hockey,28
2026-10-05T13:20:03,Penn,mens-track-and-field,2026,mens-track-and-field,51
2026-10-05T13:20:03,Brown,mens-cross-country,2025,mens-cross-country,20
2026-10-05T13:20:03,Columbia,mens-swimming-and-diving,2025,mens-swimming-and-diving,38
2026-10-05T13:20:03,Harvard,womens-ice-hockey,2025,womens-ice-hockey,23
2026-10-05T13:20:03,Dartmouth,mens-cross-country,2024,mens-cross-country,18
2026-10-05T13:20:03,Princeton,mens-lacrosse,2024,mens-lacrosse,52
2026-10-05T13:20:03,Penn,womens-basketball,2026,womens-basketball,16
2026-10-05T13:20:04,Harvard,womens-lacrosse,2025,womens-lacrosse,31
2026-10-05T13:20:04,Columbia,mens-tennis,2025,mens-tennis,14
2026-10-05T13:20:04,Penn,womens-cross-country,2026,womens-cross-country,20
2026-10-05T13:20:04,Penn,field-hockey,2026,field-hockey,22
2026-10-05T13:20:04,Harvard,womens-rugby,2025,womens-rugby,32
2026-10-05T13:20:04,Penn,womens-golf,2026,womens-golf,8
2026-10-05T13:20:04,Columbia,womens-basketball,2025,womens-basketball,16
2026-10-05T13:20:05,Penn,womens-lacrosse,2026,womens-lacrosse,34
2026-10-05T13:20:05,Princeton,mens-rowing,2024,mens-rowing,52
2026-10-05T13:20:05,Penn,womens-soccer,2026,womens-soccer,30
2026-10-05T13:20:05,Dartmouth,football,2024,football,109
2026-10-05T13:20:05,Harvard,womens-soccer,2025,womens-soccer,24
2026-10-05T13:20:05,Penn,womens-squash,2026,womens-squash,14
2026-10-05T13:20:06,Brown,football,2025,football,107
2026-10-05T13:20:06,Penn,womens-swimming-and-diving,2026,womens-swimming-and-diving,31
2026-10-05T13:20:06,Dartmouth,mens-golf,2024,mens-golf,10
2026-10-05T13:20:06,Harvard,womens-squash,2025,womens-squash,14
2026-10-05T13:20:06,Columbia,field-hockey,2025,field-hockey,23
2026-10-05T13:20:06,Penn,womens-tennis,2026,womens-tennis,10
2026-10-05T13:20:06,Brown,mens-ice-hockey,2025,mens-ice-hockey,29
2026-10-05T13:20:07,Princeton,rowing,2024,mlr,43
2026-10-05T13:20:07,Penn,womens-track-and-field,2026,womens-track-and-field,57
2026-10-05T13:20:07,Dartmouth,mens-ice-hockey,2024,mens-ice-hockey,29
2026-10-05T13:20:07,Columbia,womens-golf,2025,womens-golf,11
2026-10-05T13:20:07,Harvard,womens-swimming-and-diving,2025,womens-swimming-and-diving,31
2026-10-05T13:20:07,Penn,womens-volleyball,2026,womens-volleyball,18
2026-10-05T13:20:07,Brown,mens-lacrosse,2025,mens-lacrosse,53
2026-10-05T13:20:08,Penn,womens-rowing,2026,womens-rowing,34
2026-10-05T13:20:08,Harvard,womens-tennis,2025,womens-tennis,12
2026-10-05T13:20:08,Dartmouth,mens-lacrosse,2024,mens-lacrosse,44
2026-10-05T13:20:08,Columbia,womens-lacrosse,2025,womens-lacrosse,29
2026-10-05T13:20:08,Brown,mens-rowing,2025,mens-crew,47
2026-10-05T13:20:08,Princeton,mens-soccer,2024,mens-soccer,31
2026-10-05T13:20:09,Dartmouth,mens-rowing,2024,mens-rowing,49
2026-10-05T13:20:09,Harvard,womens-volleyball,2025,womens-volleyball,15
2026-10-05T13:20:09,Columbia,womens-soccer,2025,womens-soccer,33
2026-10-05T13:20:09,Brown,sailing,2025,coed-sailing,32
2026-10-05T13:20:09,Princeton,mens-squash,2024,mens-squash,17
2026-10-05T13:20:10,Columbia,womens-squash,2025,womens-squash,14
2026-10-05T13:20:10,Dartmouth,rowing,2024,rowing,29
2026-10-05T13:20:10,Harvard,cross-country,2025,cross-country,35
2026-10-05T13:20:10,Princeton,mens-swimming-and-diving,2024,mens-swimming-and-diving,36
2026-10-05T13:20:10,Harvard,track-and-field,2025,mens-track-and-field,92
2026-10-05T13:20:10,Dartmouth,sailing,2024,sailing,24
2026-10-05T13:20:11,Princeton,mens-tennis,2024,mens-tennis,14
2026-10-05T13:20:11,Columbia,womens-swimming-and-diving,2025,womens-swimming-and-diving,32
2026-10-05T13:20:11,Brown,mens-soccer,2025,mens-soccer,28
2026-10-05T13:20:11,Harvard,womens-rowing,2025,womens-heavyweight-rowing,44
2026-10-05T13:20:11,Dartmouth,skiing,2024,skiing,46
2026-10-05T13:20:11,Columbia,womens-tennis,2025,womens-tennis,10
2026-10-05T13:20:12,Brown,mens-swimming-and-diving,2025,mens-swimming-and-diving,33
2026-10-05T13:20:12,Princeton,mens-track-and-field,2024,mens-track-and-field,63
2026-10-05T13:20:12,Harvard,womens-lightweight-rowing,2025,womens-lightweight-rowing,32
2026-10-05T13:20:12,Brown,mens-tennis,2025,mens-tennis,12
2026-10-05T13:20:12,Harvard,baseball,2026,baseball,30
2026-10-05T13:20:13,Princeton,womens-basketball,2024,womens-basketball,16
2026-10-05T13:20:13,Columbia,womens-volleyball,2025,womens-volleyball,19
2026-10-05T13:20:13,Brown,mens-track-and-field,2025,mens-track-and-field,54
2026-10-05T13:20:13,Harvard,mens-basketball,2026,mens-basketball,20
2026-10-05T13:20:13,Dartmouth,mens-soccer,2024,mens-soccer,30
2026-10-05T13:20:13,Harvard,football,2026,football,109
2026-10-05T13:20:13,Princeton,womens-cross-country,2024,womens-cross-country,25
2026-10-05T13:20:14,Columbia,cross-country,2025,cross-country,60
2026-10-05T13:20:14,Brown,womens-basketball,2025,womens-basketball,18
2026-10-05T13:20:14,Harvard,mens-golf,2026,mens-golf,8
2026-10-05T13:20:14,Dartmouth,mens-squash,2024,mens-squash,12
2026-10-05T13:20:14,Harvard,mens-ice-hockey,2026,mens-ice-hockey,29
2026-10-05T13:20:14,Brown,womens-cross-country,2025,womens-cross-country,29
2026-10-05T13:20:14,Harvard,mens-lacrosse,2026,mens-lacrosse,49
2026-10-05T13:20:15,Columbia,track-and-field,2025,track-and-field,123
2026-10-05T13:20:15,Dartmouth,mens-swimming-and-diving,2024,mens-swimming-and-diving,23
2026-10-05T13:20:15,Harvard,mens-rowing,2026,mens-heavyweight-rowing,43
2026-10-05T13:20:15,Princeton,field-hockey,2024,field-hockey,25
2026-10-05T13:20:15,Brown,equestrian,2025,equestrian,22
2026-10-05T13:20:15,Harvard,rowing,2026,mens-lightweight-rowing,35
2026-10-05T13:20:16,Dartmouth,mens-tennis,2024,mens-tennis,11
2026-10-05T13:20:16,Columbia,womens-rowing,2025,womens-rowing,49
2026-10-05T13:20:16,Princeton,womens-golf,2024,womens-golf,8
2026-10-05T13:20:16,Harvard,sailing,2026,mens-sailing,36
2026-10-05T13:20:16,Harvard,skiing,2026,skiing,21
2026-10-05T13:20:16,Brown,field-hockey,2025,field-hockey,26
2026-10-05T13:20:16,Dartmouth,mens-track-and-field,2024,mens-track-and-field,39
2026-10-05T13:20:16,Harvard,mens-soccer,2026,mens-soccer,29
2026-10-05T13:20:17,Columbia,baseball,2026,baseball,44
2026-10-05T13:20:17,Princeton,womens-ice-hockey,2024,womens-ice-hockey,24
2026-10-05T13:20:17,Harvard,mens-squash,2026,mens-squash,13
2026-10-05T13:20:17,Brown,womens-ice-hockey,2025,womens-ice-hockey,27
2026-10-05T13:20:17,Harvard,mens-swimming-and-diving,2026,mens-swimming-and-diving,30
2026-10-05T13:20:17,Princeton,womens-lacrosse,2024,womens-lacrosse,34
2026-10-05T13:20:18,Harvard,mens-tennis,2026,mens-tennis,13
2026-10-05T13:20:18,Columbia,mens-basketball,2026,mens-basketball,19
2026-10-05T13:20:18,Dartmouth,womens-basketball,2024,womens-basketball,17
2026-10-05T13:20:18,Harvard,womens-basketball,2026,womens-basketball,18
2026-10-05T13:20:18,Brown,womens-lacrosse,2025,womens-lacrosse,40
2026-10-05T13:20:18,Harvard,field-hockey,2026,field-hockey,20
2026-10-05T13:20:18,Harvard,womens-golf,2026,womens-golf,9
2026-10-05T13:20:19,Brown,womens-rugby,2025,womens-rugby,37
2026-10-05T13:20:19,Dartmouth,womens-cross-country,2024,womens-cross-country,22
2026-10-05T13:20:19,Harvard,womens-ice-hockey,2026,womens-ice-hockey,24
2026-10-05T13:20:19,Harvard,womens-lacrosse,2026,womens-lacrosse,29
2026-10-05T13:20:19,Princeton,womens-rugby,2025,womens-rugby,37
2026-10-05T13:20:19,Dartmouth,equestrian,2024,equestrian,16
2026-10-05T13:20:19,Brown,womens-soccer,2025,womens-soccer,29
2026-10-05T13:20:20,Columbia,football,2026,football,108
2026-10-05T13:20:20,Harvard,womens-rugby,2026,womens-rugby,27
2026-10-05T13:20:20,Princeton,womens-soccer,2024,womens-soccer,27
2026-10-05T13:20:20,Harvard,womens-soccer,2026,womens-soccer,24
2026-10-05T13:20:20,Brown,womens-swimming-and-diving,2025,womens-swimming-and-diving,33
2026-10-05T13:20:20,Columbia,mens-golf,2026,mens-golf,10
2026-10-05T13:20:21,Harvard,womens-squash,2026,womens-squash,12
2026-10-05T13:20:21,Princeton,womens-squash,2024,womens-squash,14
2026-10-05T13:20:21,Harvard,womens-swimming-and-diving,2026,womens-swimming-and-diving,31
2026-10-05T13:20:21,Brown,womens-tennis,2025,womens-tennis,11
2026-10-05T13:20:21,Dartmouth,field-hockey,2024,field-hockey,24
2026-10-05T13:20:21,Columbia,mens-rowing,2026,mens-rowing,38
2026-10-05T13:20:21,Harvard,womens-tennis,2026,womens-tennis,14
2026-10-05T13:20:22,Harvard,womens-volleyball,2026,womens-volleyball,14
2026-10-05T13:20:22,Brown,womens-track-and-field,2025,womens-track-and-field,66
2026-10-05T13:20:22,Dartmouth,womens-golf,2024,womens-golf,11
2026-10-05T13:20:22,Columbia,rowing,2026,lightweight-rowing,36
2026-10-05T13:20:22,Princeton,womens-swimming-and-diving,2024,womens-swimming-and-diving,30
2026-10-05T13:20:22,Harvard,cross-country,2026,cross-country,37
2026-10-05T13:20:22,Harvard,track-and-field,2026,mens-track-and-field,93
2026-10-05T13:20:23,Brown,womens-volleyball,2025,womens-volleyball,18
2026-10-05T13:20:23,Dartmouth,womens-ice-hockey,2024,womens-ice-hockey,25
2026-10-05T13:20:23,Harvard,womens-rowing,2026,womens-heavyweight-rowing,35
2026-10-05T13:20:23,Princeton,womens-tennis,2024,womens-tennis,10
2026-10-05T13:20:23,Harvard,womens-lightweight-rowing,2026,womens-lightweight-rowing,27
2026-10-05T13:20:23,Brown,womens-sailing,2025,womens-sailing,21
2026-10-05T13:20:24,Columbia,mens-soccer,2026,mens-soccer,27
2026-10-05T13:20:24,Dartmouth,womens-lacrosse,2024,womens-lacrosse,31
2026-10-05T13:20:24,Princeton,womens-track-and-field,2024,womens-track-and-field,55
2026-10-05T13:20:24,Columbia,mens-squash,2026,mens-squash,17
2026-10-05T13:20:25,Brown,womens-rowing,2025,womens-crew,47
2026-10-05T13:20:25,Dartmouth,womens-rugby,2024,womens-rugby,33
2026-10-05T13:20:25,Princeton,womens-volleyball,2024,womens-volleyball,16
2026-10-05T13:20:25,Columbia,mens-swimming-and-diving,2026,mens-swimming-and-diving,37
2026-10-05T13:20:25,Brown,baseball,2026,baseball,38
2026-10-05T13:20:25,Dartmouth,womens-soccer,2024,womens-soccer,32
2026-10-05T13:20:26,Columbia,mens-tennis,2026,mens-tennis,14
2026-10-05T13:20:26,Brown,mens-basketball,2026,mens-basketball,19
2026-10-05T13:20:26,Dartmouth,womens-squash,2024,womens-squash,13
2026-10-05T13:20:26,Princeton,womens-rowing,2024,womens-rowing,58
2026-10-05T13:20:27,Columbia,womens-basketball,2026,womens-basketball,15
2026-10-05T13:20:27,Brown,mens-cross-country,2026,mens-cross-country,21
2026-10-05T13:20:27,Princeton,baseball,2025,baseball,29
2026-10-05T13:20:27,Dartmouth,womens-swimming-and-diving,2024,womens-swimming-and-diving,29
2026-10-05T13:20:28,Brown,football,2026,football,107
2026-10-05T13:20:28,Dartmouth,womens-tennis,2024,womens-tennis,12
2026-10-05T13:20:28,Princeton,mens-basketball,2025,mens-basketball,18
2026-10-05T13:20:28,Columbia,field-hockey,2026,field-hockey,28
2026-10-05T13:20:29,Brown,mens-ice-hockey,2026,mens-ice-hockey,29
2026-10-05T13:20:29,Columbia,womens-golf,2026,womens-golf,12
2026-10-05T13:20:29,Princeton,mens-cross-country,2025,mens-cross-country,25
2026-10-05T13:20:29,Dartmouth,womens-track-and-field,2024,womens-track-and-field,51
2026-10-05T13:20:30,Columbia,womens-lacrosse,2026,womens-lacrosse,31
2026-10-05T13:20:30,Dartmouth,womens-volleyball,2024,womens-volleyball,21
2026-10-05T13:20:30,Brown,mens-lacrosse,2026,mens-lacrosse,52
2026-10-05T13:20:30,Columbia,womens-soccer,2026,womens-soccer,31
2026-10-05T13:20:31,Dartmouth,womens-rowing,2024,womens-rowing,55
2026-10-05T13:20:31,Brown,mens-rowing,2026,mens-crew,49
2026-10-05T13:20:31,Princeton,football,2025,football,113
2026-10-05T13:20:31,Columbia,womens-squash,2026,womens-squash,17
2026-10-05T13:20:32,Brown,sailing,2026,coed-sailing,31
2026-10-05T13:20:32,Dartmouth,baseball,2025,baseball,34
2026-10-05T13:20:32,Princeton,mens-golf,2025,mens-golf,12
2026-10-05T13:20:32,Columbia,womens-swimming-and-diving,2026,womens-swimming-and-diving,34
2026-10-05T13:20:33,Princeton,mens-ice-hockey,2025,mens-ice-hockey,32
2026-10-05T13:20:33,Brown,mens-soccer,2026,mens-soccer,29
2026-10-05T13:20:33,Columbia,womens-tennis,2026,womens-tennis,15
2026-10-05T13:20:34,Princeton,mens-lacrosse,2025,mens-lacrosse,53
2026-10-05T13:20:34,Brown,mens-swimming-and-diving,2026,mens-swimming-and-diving,35
2026-10-05T13:20:34,Columbia,womens-volleyball,2026,womens-volleyball,20
2026-10-05T13:20:34,Dartmouth,mens-basketball,2025,mens-basketball,15
2026-10-05T13:20:35,Brown,mens-tennis,2026,mens-tennis,13
2026-10-05T13:20:35,Columbia,cross-country,2026,cross-country,52
2026-10-05T13:20:36,Brown,mens-track-and-field,2026,mens-track-and-field,54
2026-10-05T13:20:36,Princeton,mens-rowing,2025,mens-rowing,56
2026-10-05T13:20:36,Columbia,track-and-field,2026,track-and-field,112
2026-10-05T13:20:36,Brown,womens-basketball,2026,womens-basketball,18
2026-10-05T13:20:37,Dartmouth,mens-cross-country,2025,mens-cross-country,18
2026-10-05T13:20:37,Brown,womens-cross-country,2026,womens-cross-country,25
2026-10-05T13:20:37,Columbia,womens-rowing,2026,womens-rowing,45
2026-10-05T13:20:38,Princeton,rowing,2025,mlr,46
2026-10-05T13:20:38,Brown,equestrian,2026,equestrian,21
2026-10-05T13:20:39,Princeton,mens-soccer,2025,mens-soccer,32
2026-10-05T13:20:39,Dartmouth,football,2025,football,105
2026-10-05T13:20:39,Brown,field-hockey,2026,field-hockey,24
2026-10-05T13:20:40,Princeton,mens-squash,2025,mens-squash,15
2026-10-05T13:20:40,Brown,womens-ice-hockey,2026,womens-ice-hockey,27
2026-10-05T13:20:40,Dartmouth,mens-golf,2025,mens-golf,9
2026-10-05T13:20:40,Princeton,mens-swimming-and-diving,2025,mens-swimming-and-diving,37
2026-10-05T13:20:41,Brown,womens-lacrosse,2026,womens-lacrosse,31
2026-10-05T13:20:41,Dartmouth,mens-ice-hockey,2025,mens-ice-hockey,28
2026-10-05T13:20:41,Princeton,mens-tennis,2025,mens-tennis,12
2026-10-05T13:20:41,Brown,womens-rugby,2026,womens-rugby,35
2026-10-05T13:20:42,Dartmouth,mens-lacrosse,2025,mens-lacrosse,44
2026-10-05T13:20:42,Brown,womens-soccer,2026,womens-soccer,32
2026-10-05T13:20:42,Princeton,mens-track-and-field,2025,mens-track-and-field,67
2026-10-05T13:20:43,Brown,womens-swimming-and-diving,2026,womens-swimming-and-diving,30
2026-10-05T13:20:43,Princeton,womens-basketball,2025,womens-basketball,12
2026-10-05T13:20:43,Dartmouth,mens-rowing,2025,mens-rowing,50
2026-10-05T13:20:44,Brown,womens-tennis,2026,womens-tennis,14
2026-10-05T13:20:44,Princeton,womens-cross-country,2025,womens-cross-country,24
2026-10-05T13:20:44,Dartmouth,rowing,2025,rowing,27
2026-10-05T13:20:45,Dartmouth,sailing,2025,sailing,26
2026-10-05T13:20:45,Brown,womens-track-and-field,2026,womens-track-and-field,60
2026-10-05T13:20:46,Brown,womens-volleyball,2026,womens-volleyball,20
2026-10-05T13:20:46,Princeton,field-hockey,2025,field-hockey,25
2026-10-05T13:20:46,Dartmouth,skiing,2025,skiing,42
2026-10-05T13:20:46,Brown,womens-sailing,2026,womens-sailing,21
2026-10-05T13:20:46,Princeton,womens-golf,2025,womens-golf,8
2026-10-05T13:20:47,Brown,womens-rowing,2026,womens-crew,44
2026-10-05T13:20:47,Princeton,womens-ice-hockey,2025,womens-ice-hockey,23
2026-10-05T13:20:48,Dartmouth,mens-soccer,2025,mens-soccer,28
2026-10-05T13:20:48,Princeton,womens-lacrosse,2025,womens-lacrosse,34
2026-10-05T13:20:49,Dartmouth,mens-squash,2025,mens-squash,13
2026-10-05T13:20:49,Princeton,womens-rugby,2026,womens-rugby,28
2026-10-05T13:20:50,Dartmouth,mens-swimming-and-diving,2025,mens-swimming-and-diving,28
2026-10-05T13:20:50,Princeton,womens-soccer,2025,womens-soccer,27
2026-10-05T13:20:50,Dartmouth,mens-tennis,2025,mens-tennis,11
2026-10-05T13:20:50,Princeton,womens-squash,2025,womens-squash,15
2026-10-05T13:20:51,Dartmouth,mens-track-and-field,2025,mens-track-and-field,41
2026-10-05T13:20:51,Princeton,womens-swimming-and-diving,2025,womens-swimming-and-diving,30
2026-10-05T13:20:52,Princeton,womens-tennis,2025,womens-tennis,12
2026-10-05T13:20:52,Dartmouth,womens-basketball,2025,womens-basketball,16
2026-10-05T13:20:53,Dartmouth,womens-cross-country,2025,womens-cross-country,21
2026-10-05T13:20:53,Princeton,womens-track-and-field,2025,womens-track-and-field,59
2026-10-05T13:20:53,Dartmouth,equestrian,2025,equestrian,10
2026-10-05T13:20:54,Princeton,womens-volleyball,2025,womens-volleyball,18
2026-10-05T13:20:55,Dartmouth,field-hockey,2025,field-hockey,25
2026-10-05T13:20:55,Dartmouth,womens-golf,2025,womens-golf,10
2026-10-05T13:20:56,Princeton,womens-rowing,2025,womens-rowing,51
2026-10-05T13:20:56,Dartmouth,womens-ice-hockey,2025,womens-ice-hockey,25
2026-10-05T13:20:57,Princeton,baseball,2026,baseball,25
2026-10-05T13:20:57,Dartmouth,womens-lacrosse,2025,womens-lacrosse,31
2026-10-05T13:20:58,Princeton,mens-basketball,2026,mens-basketball,21
2026-10-05T13:20:58,Dartmouth,womens-rugby,2025,womens-rugby,33
2026-10-05T13:20:59,Princeton,mens-cross-country,2026,mens-cross-country,25
2026-10-05T13:20:59,Dartmouth,womens-soccer,2025,womens-soccer,28
2026-10-05T13:21:00,Dartmouth,womens-squash,2025,womens-squash,12
2026-10-05T13:21:01,Princeton,football,2026,football,110
2026-10-05T13:21:01,Dartmouth,womens-swimming-and-diving,2025,womens-swimming-and-diving,32
2026-10-05T13:21:02,Dartmouth,womens-tennis,2025,womens-tennis,12
2026-10-05T13:21:02,Princeton,mens-golf,2026,mens-golf,11
2026-10-05T13:21:02,Dartmouth,womens-track-and-field,2025,womens-track-and-field,44
2026-10-05T13:21:03,Princeton,mens-ice-hockey,2026,mens-ice-hockey,29
2026-10-05T13:21:04,Dartmouth,womens-volleyball,2025,womens-volleyball,19
2026-10-05T13:21:04,Princeton,mens-lacrosse,2026,mens-lacrosse,40
2026-10-05T13:21:05,Dartmouth,womens-rowing,2025,womens-rowing,56
2026-10-05T13:21:05,Princeton,mens-rowing,2026,,0
2026-10-05T13:21:06,Dartmouth,baseball,2026,,0
2026-10-05T13:21:07,Princeton,rowing,2026,,0
2026-10-05T13:21:07,Dartmouth,mens-basketball,2026,mens-basketball,15
2026-10-05T13:21:08,Dartmouth,mens-cross-country,2026,mens-cross-country,13
2026-10-05T13:21:08,Princeton,mens-soccer,2026,mens-soccer,28
2026-10-05T13:21:09,Princeton,mens-squash,2026,mens-squash,14
2026-10-05T13:21:10,Princeton,mens-swimming-and-diving,2026,mens-swimming-and-diving,39
2026-10-05T13:21:10,Dartmouth,football,2026,football,106
2026-10-05T13:21:11,Princeton,mens-tennis,2026,mens-tennis,12
2026-10-05T13:21:11,Dartmouth,mens-golf,2026,mens-golf,8
2026-10-05T13:21:12,Dartmouth,mens-ice-hockey,2026,mens-ice-hockey,31
2026-10-05T13:21:13,Dartmouth,mens-lacrosse,2026,,0
2026-10-05T13:21:14,Princeton,mens-track-and-field,2026,mens-track-and-field,67
2026-10-05T13:21:14,Dartmouth,mens-rowing,2026,mens-rowing,43
2026-10-05T13:21:14,Princeton,womens-basketball,2026,womens-basketball,15
2026-10-05T13:21:15,Dartmouth,rowing,2026,rowing,25
2026-10-05T13:21:15,Princeton,womens-cross-country,2026,womens-cross-country,24
2026-10-05T13:21:16,Dartmouth,sailing,2026,sailing,28
2026-10-05T13:21:16,Princeton,field-hockey,2026,field-hockey,24
2026-10-05T13:21:17,Princeton,womens-golf,2026,womens-golf,10
2026-10-05T13:21:18,Dartmouth,skiing,2026,skiing,42
2026-10-05T13:21:18,Princeton,womens-ice-hockey,2026,womens-ice-hockey,23
2026-10-05T13:21:19,Princeton,womens-lacrosse,2026,womens-lacrosse,32
2026-10-05T13:21:20,Princeton,womens-soccer,2026,womens-soccer,28
2026-10-05T13:21:20,Dartmouth,mens-soccer,2026,mens-soccer,28
2026-10-05T13:21:21,Princeton,womens-squash,2026,womens-squash,14
2026-10-05T13:21:21,Dartmouth,mens-squash,2026,mens-squash,12
2026-10-05T13:21:21,Princeton,womens-swimming-and-diving,2026,womens-swimming-and-diving,30
2026-10-05T13:21:22,Dartmouth,mens-swimming-and-diving,2026,mens-swimming-and-diving,23
2026-10-05T13:21:22,Princeton,womens-tennis,2026,womens-tennis,11
2026-10-05T13:21:23,Dartmouth,mens-tennis,2026,mens-tennis,10
2026-10-05T13:21:25,Princeton,womens-track-and-field,2026,womens-track-and-field,59
2026-10-05T13:21:26,Princeton,womens-volleyball,2026,womens-volleyball,16
2026-10-05T13:21:27,Dartmouth,mens-track-and-field,2026,mens-track-and-field,41
2026-10-05T13:21:28,Dartmouth,womens-basketball,2026,womens-basketball,18
2026-10-05T13:21:28,Princeton,womens-rowing,2026,,0
2026-10-05T13:21:28,Dartmouth,womens-cross-country,2026,womens-cross-country,21
2026-10-05T13:21:29,Dartmouth,equestrian,2026,equestrian,11
2026-10-05T13:21:32,Dartmouth,field-hockey,2026,field-hockey,24
2026-10-05T13:21:32,Dartmouth,womens-golf,2026,womens-golf,10
2026-10-05T13:21:33,Dartmouth,womens-ice-hockey,2026,womens-ice-hockey,27
2026-10-05T13:21:34,Dartmouth,womens-lacrosse,2026,womens-lacrosse,37
2026-10-05T13:21:35,Dartmouth,womens-rugby,2026,womens-rugby,33
2026-10-05T13:21:36,Dartmouth,womens-soccer,2026,womens-soccer,29
2026-10-05T13:21:37,Dartmouth,womens-squash,2026,womens-squash,13
2026-10-05T13:21:37,Dartmouth,womens-swimming-and-diving,2026,womens-swimming-and-diving,29
2026-10-05T13:21:38,Dartmouth,womens-tennis,2026,womens-tennis,12
2026-10-05T13:21:41,Dartmouth,womens-track-and-field,2026,womens-track-and-field,44
2026-10-05T13:21:42,Dartmouth,womens-volleyball,2026,womens-volleyball,17
2026-10-05T13:21:43,Dartmouth,womens-rowing,2026,womens-rowing,53
2026-10-05T13:48:55,Penn,baseball,2026,baseball,37
2026-10-05T13:48:56,Yale,baseball,2026,baseball,30
2026-10-05T13:48:56,Harvard,baseball,2026,baseball,30
2026-10-05T13:48:56,Cornell,baseball,2026,baseball,40
2026-10-05T13:48:56,Brown,baseball,2026,baseball,38
2026-10-05T13:48:56,Princeton,baseball,2026,baseball,25
2026-10-05T13:48:56,Penn,mens-basketball,2026,mens-basketball,20
2026-10-05T13:48:56,Yale,mens-basketball,2026,mens-basketball,15
2026-10-05T13:48:56,Cornell,mens-basketball,2026,mens-basketball,19
2026-10-05T13:48:56,Columbia,baseball,2026,baseball,44
2026-10-05T13:48:56,Harvard,mens-basketball,2026,mens-basketball,20
2026-10-05T13:48:56,Penn,mens-cross-country,2026,mens-cross-country,17
2026-10-05T13:48:56,Yale,mens-cross-country,2026,mens-cross-country,25
2026-10-05T13:48:56,Cornell,mens-cross-country,2026,mens-cross-country,24
2026-10-05T13:48:57,Dartmouth,baseball,2026,,0
2026-10-05T13:48:57,Princeton,mens-basketball,2026,mens-basketball,21
2026-10-05T13:48:57,Harvard,football,2026,football,109
2026-10-05T13:48:57,Brown,mens-basketball,2026,mens-basketball,19
2026-10-05T13:48:57,Yale,football,2026,football,93
2026-10-05T13:48:57,Penn,football,2026,football,93
2026-10-05T13:48:57,Columbia,mens-basketball,2026,mens-basketball,19
2026-10-05T13:48:57,Princeton,mens-cross-country,2026,mens-cross-country,25
2026-10-05T13:48:58,Harvard,mens-golf,2026,mens-golf,8
2026-10-05T13:48:58,Dartmouth,mens-basketball,2026,mens-basketball,15
2026-10-05T13:48:58,Cornell,football,2026,football,119
2026-10-05T13:48:58,Penn,mens-golf,2026,mens-golf,9
2026-10-05T13:48:58,Yale,mens-golf,2026,mens-golf,8
2026-10-05T13:48:58,Harvard,mens-ice-hockey,2026,mens-ice-hockey,29
2026-10-05T13:48:58,Brown,mens-cross-country,2026,mens-cross-country,21
2026-10-05T13:48:58,Cornell,mens-golf,2026,mens-golf,8
2026-10-05T13:48:58,Penn,mens-lacrosse,2026,mens-lacrosse,31
2026-10-05T13:48:58,Yale,mens-ice-hockey,2026,mens-ice-hockey,29
2026-10-05T13:48:59,Dartmouth,mens-cross-country,2026,mens-cross-country,13
2026-10-05T13:48:59,Harvard,mens-lacrosse,2026,mens-lacrosse,49
2026-10-05T13:48:59,Penn,mens-rowing,2026,mens-rowing,38
2026-10-05T13:48:59,Cornell,mens-ice-hockey,2026,mens-ice-hockey,31
2026-10-05T13:48:59,Yale,mens-lacrosse,2026,mens-lacrosse,48
2026-10-05T13:48:59,Columbia,football,2026,football,108
2026-10-05T13:48:59,Penn,mens-soccer,2026,mens-soccer,32
2026-10-05T13:48:59,Harvard,mens-rowing,2026,mens-heavyweight-rowing,43
2026-10-05T13:49:00,Cornell,mens-lacrosse,2026,mens-lacrosse,52
2026-10-05T13:49:00,Yale,mens-rowing,2026,mens-crew,51
2026-10-05T13:49:00,Princeton,football,2026,football,110
2026-10-05T13:49:00,Cornell,mens-rowing,2026,mens-rowing,29
2026-10-05T13:49:00,Penn,mens-squash,2026,mens-squash,16
2026-10-05T13:49:00,Harvard,rowing,2026,mens-lightweight-rowing,35
2026-10-05T13:49:00,Columbia,mens-golf,2026,mens-golf,10
2026-10-05T13:49:00,Brown,football,2026,football,107
2026-10-05T13:49:01,Yale,rowing,2026,mens-rowing,33
2026-10-05T13:49:01,Cornell,mens-soccer,2026,mens-soccer,30
2026-10-05T13:49:01,Princeton,mens-golf,2026,mens-golf,11
2026-10-05T13:49:01,Harvard,sailing,2026,mens-sailing,36
2026-10-05T13:49:01,Dartmouth,football,2026,football,106
2026-10-05T13:49:01,Cornell,mens-squash,2026,mens-squash,14
2026-10-05T13:49:01,Yale,sailing,2026,sailing,27
2026-10-05T13:49:01,Columbia,mens-rowing,2026,mens-rowing,38
2026-10-05T13:49:02,Princeton,mens-ice-hockey,2026,mens-ice-hockey,29
2026-10-05T13:49:02,Cornell,mens-swimming-and-diving,2026,mens-swimming-and-diving,34
2026-10-05T13:49:02,Brown,mens-golf,2026,mens-golf,12
2026-10-05T13:49:02,Harvard,skiing,2026,skiing,21
2026-10-05T13:49:02,Yale,mens-soccer,2026,mens-soccer,28
2026-10-05T13:49:02,Dartmouth,mens-golf,2026,mens-golf,8
2026-10-05T13:49:02,Columbia,rowing,2026,lightweight-rowing,36
2026-10-05T13:49:02,Cornell,mens-tennis,2026,mens-tennis,11
2026-10-05T13:49:02,Yale,mens-squash,2026,mens-squash,13
2026-10-05T13:49:02,Harvard,mens-soccer,2026,mens-soccer,29
2026-10-05T13:49:02,Cornell,mens-track-and-field,2026,mens-track-and-field,51
2026-10-05T13:49:03,Princeton,mens-lacrosse,2026,mens-lacrosse,40
2026-10-05T13:49:03,Harvard,mens-squash,2026,mens-squash,13
2026-10-05T13:49:03,Brown,mens-ice-hockey,2026,mens-ice-hockey,29
2026-10-05T13:49:03,Yale,mens-swimming-and-diving,2026,mens-swimming-and-diving,29
2026-10-05T13:49:03,Cornell,womens-basketball,2026,womens-basketball,16
2026-10-05T13:49:03,Dartmouth,mens-ice-hockey,2026,mens-ice-hockey,31
2026-10-05T13:49:03,Yale,mens-tennis,2026,mens-tennis,12
2026-10-05T13:49:03,Harvard,mens-swimming-and-diving,2026,mens-swimming-and-diving,30
2026-10-05T13:49:03,Cornell,womens-cross-country,2026,womens-cross-country,20
2026-10-05T13:49:03,Harvard,mens-tennis,2026,mens-tennis,13
2026-10-05T13:49:04,Yale,mens-track-and-field,2026,mens-track-and-field,53
2026-10-05T13:49:04,Cornell,equestrian,2026,equestrian,37
2026-10-05T13:49:04,Brown,mens-lacrosse,2026,mens-lacrosse,52
2026-10-05T13:49:04,Columbia,mens-soccer,2026,mens-soccer,27
2026-10-05T13:49:04,Princeton,mens-rowing,2026,,0
2026-10-05T13:49:04,Yale,womens-basketball,2026,womens-basketball,19
2026-10-05T13:49:04,Cornell,field-hockey,2026,field-hockey,26
2026-10-05T13:49:04,Harvard,womens-basketball,2026,womens-basketball,18
2026-10-05T13:49:04,Cornell,womens-ice-hockey,2026,womens-ice-hockey,24
2026-10-05T13:49:04,Yale,womens-cross-country,2026,womens-cross-country,18
2026-10-05T13:49:04,Harvard,field-hockey,2026,field-hockey,20
2026-10-05T13:49:05,Penn,mens-swimming-and-diving,2026,mens-swimming-and-diving,28
2026-10-05T13:49:05,Cornell,womens-lacrosse,2026,womens-lacrosse,40
2026-10-05T13:49:05,Columbia,mens-squash,2026,mens-squash,17
2026-10-05T13:49:05,Brown,mens-rowing,2026,mens-crew,49
2026-10-05T13:49:05,Yale,field-hockey,2026,field-hockey,19
2026-10-05T13:49:05,Penn,mens-tennis,2026,mens-tennis,12
2026-10-05T13:49:05,Harvard,womens-golf,2026,womens-golf,9
2026-10-05T13:49:05,Cornell,womens-soccer,2026,womens-soccer,31
2026-10-05T13:49:05,Dartmouth,mens-lacrosse,2026,,0
2026-10-05T13:49:05,Princeton,rowing,2026,,0
2026-10-05T13:49:05,Yale,womens-golf,2026,womens-golf,8
2026-10-05T13:49:05,Harvard,womens-ice-hockey,2026,womens-ice-hockey,24
2026-10-05T13:49:05,Penn,mens-track-and-field,2026,mens-track-and-field,51
2026-10-05T13:49:05,Cornell,womens-squash,2026,womens-squash,14
2026-10-05T13:49:06,Yale,womens-ice-hockey,2026,womens-ice-hockey,27
2026-10-05T13:49:06,Columbia,mens-swimming-and-diving,2026,mens-swimming-and-diving,37
2026-10-05T13:49:06,Brown,sailing,2026,coed-sailing,31
2026-10-05T13:49:06,Harvard,womens-lacrosse,2026,womens-lacrosse,29
2026-10-05T13:49:06,Cornell,womens-swimming-and-diving,2026,womens-swimming-and-diving,31
2026-10-05T13:49:06,Yale,womens-lacrosse,2026,womens-lacrosse,33
2026-10-05T13:49:06,Dartmouth,mens-rowing,2026,mens-rowing,43
2026-10-05T13:49:06,Penn,womens-basketball,2026,womens-basketball,16
2026-10-05T13:49:06,Harvard,womens-rugby,2026,womens-rugby,27
2026-10-05T13:49:06,Yale,womens-soccer,2026,womens-soccer,26
2026-10-05T13:49:06,Cornell,womens-tennis,2026,womens-tennis,10
2026-10-05T13:49:06,Penn,womens-cross-country,2026,womens-cross-country,20
2026-10-05T13:49:06,Harvard,womens-soccer,2026,womens-soccer,24
2026-10-05T13:49:07,Princeton,mens-soccer,2026,mens-soccer,28
2026-10-05T13:49:07,Cornell,womens-track-and-field,2026,womens-track-and-field,51
2026-10-05T13:49:07,Harvard,womens-squash,2026,womens-squash,12
2026-10-05T13:49:07,Columbia,mens-tennis,2026,mens-tennis,14
2026-10-05T13:49:07,Yale,womens-squash,2026,womens-squash,8
2026-10-05T13:49:07,Penn,field-hockey,2026,field-hockey,22
2026-10-05T13:49:07,Dartmouth,rowing,2026,rowing,25
2026-10-05T13:49:07,Cornell,womens-volleyball,2026,womens-volleyball,18
2026-10-05T13:49:07,Brown,mens-soccer,2026,mens-soccer,29
2026-10-05T13:49:07,Princeton,mens-squash,2026,mens-squash,14
2026-10-05T13:49:07,Penn,womens-golf,2026,womens-golf,8
2026-10-05T13:49:07,Yale,womens-swimming-and-diving,2026,womens-swimming-and-diving,29
2026-10-05T13:49:07,Harvard,womens-swimming-and-diving,2026,womens-swimming-and-diving,31
2026-10-05T13:49:08,Cornell,womens-sailing,2026,womens-sailing,14
2026-10-05T13:49:08,Columbia,womens-basketball,2026,womens-basketball,15
2026-10-05T13:49:08,Yale,womens-tennis,2026,womens-tennis,10
2026-10-05T13:49:08,Penn,womens-lacrosse,2026,womens-lacrosse,34
2026-10-05T13:49:08,Harvard,womens-tennis,2026,womens-tennis,14
2026-10-05T13:49:08,Cornell,womens-rowing,2026,womens-rowing,53
2026-10-05T13:49:08,Brown,mens-squash,2026,mens-squash,14
2026-10-05T13:49:08,Dartmouth,sailing,2026,sailing,28
2026-10-05T13:49:08,Yale,womens-track-and-field,2026,womens-track-and-field,49
2026-10-05T13:49:08,Penn,womens-soccer,2026,womens-soccer,30
2026-10-05T13:49:08,Princeton,mens-swimming-and-diving,2026,mens-swimming-and-diving,39
2026-10-05T13:49:08,Harvard,womens-volleyball,2026,womens-volleyball,14
2026-10-05T13:49:09,Yale,womens-volleyball,2026,womens-volleyball,17
2026-10-05T13:49:09,Penn,womens-squash,2026,womens-squash,14
2026-10-05T13:49:09,Brown,mens-swimming-and-diving,2026,mens-swimming-and-diving,35
2026-10-05T13:49:09,Harvard,cross-country,2026,cross-country,37
2026-10-05T13:49:09,Yale,womens-sailing,2026,womens-sailing,15
2026-10-05T13:49:09,Penn,womens-swimming-and-diving,2026,womens-swimming-and-diving,31
2026-10-05T13:49:09,Princeton,mens-tennis,2026,mens-tennis,12
2026-10-05T13:49:09,Harvard,track-and-field,2026,mens-track-and-field,93
2026-10-05T13:49:10,Brown,mens-tennis,2026,mens-tennis,13
2026-10-05T13:49:10,Yale,womens-rowing,2026,womens-crew,39
2026-10-05T13:49:10,Columbia,field-hockey,2026,field-hockey,28
2026-10-05T13:49:10,Penn,womens-tennis,2026,womens-tennis,10
2026-10-05T13:49:10,Harvard,womens-rowing,2026,womens-heavyweight-rowing,35
2026-10-05T13:49:10,Penn,womens-track-and-field,2026,womens-track-and-field,57
2026-10-05T13:49:10,Harvard,womens-lightweight-rowing,2026,womens-lightweight-rowing,27
2026-10-05T13:49:11,Penn,womens-volleyball,2026,womens-volleyball,18
2026-10-05T13:49:11,Brown,mens-track-and-field,2026,mens-track-and-field,54
2026-10-05T13:49:11,Columbia,womens-golf,2026,womens-golf,12
2026-10-05T13:49:11,Dartmouth,skiing,2026,skiing,42
2026-10-05T13:49:11,Penn,womens-rowing,2026,womens-rowing,34
2026-10-05T13:49:11,Brown,womens-basketball,2026,womens-basketball,18
2026-10-05T13:49:12,Columbia,womens-lacrosse,2026,womens-lacrosse,31
2026-10-05T13:49:12,Princeton,mens-track-and-field,2026,mens-track-and-field,67
2026-10-05T13:49:12,Columbia,womens-soccer,2026,womens-soccer,31
2026-10-05T13:49:12,Brown,womens-cross-country,2026,womens-cross-country,25
2026-10-05T13:49:12,Columbia,womens-squash,2026,womens-squash,17
2026-10-05T13:49:12,Dartmouth,mens-soccer,2026,mens-soccer,28
2026-10-05T13:49:13,Princeton,womens-basketball,2026,womens-basketball,15
2026-10-05T13:49:13,Columbia,womens-swimming-and-diving,2026,womens-swimming-and-diving,34
2026-10-05T13:49:13,Brown,equestrian,2026,equestrian,21
2026-10-05T13:49:13,Columbia,womens-tennis,2026,womens-tennis,15
2026-10-05T13:49:13,Dartmouth,mens-squash,2026,mens-squash,12
2026-10-05T13:49:13,Princeton,womens-cross-country,2026,womens-cross-country,24
2026-10-05T13:49:14,Columbia,womens-volleyball,2026,womens-volleyball,20
2026-10-05T13:49:14,Columbia,cross-country,2026,cross-country,52
2026-10-05T13:49:14,Dartmouth,mens-swimming-and-diving,2026,mens-swimming-and-diving,23
2026-10-05T13:49:15,Brown,field-hockey,2026,field-hockey,24
2026-10-05T13:49:15,Columbia,track-and-field,2026,track-and-field,112
2026-10-05T13:49:15,Princeton,field-hockey,2026,field-hockey,24
2026-10-05T13:49:15,Dartmouth,mens-tennis,2026,mens-tennis,10
2026-10-05T13:49:15,Columbia,womens-rowing,2026,womens-rowing,45
2026-10-05T13:49:15,Brown,womens-golf,2026,womens-golf,8
2026-10-05T13:49:16,Princeton,womens-golf,2026,womens-golf,10
2026-10-05T13:49:16,Brown,womens-ice-hockey,2026,womens-ice-hockey,27
2026-10-05T13:49:16,Princeton,womens-ice-hockey,2026,womens-ice-hockey,23
2026-10-05T13:49:17,Dartmouth,mens-track-and-field,2026,mens-track-and-field,41
2026-10-05T13:49:17,Brown,womens-lacrosse,2026,womens-lacrosse,31
2026-10-05T13:49:17,Princeton,womens-lacrosse,2026,womens-lacrosse,32
2026-10-05T13:49:18,Princeton,womens-rugby,2026,womens-rugby,28
2026-10-05T13:49:18,Brown,womens-rugby,2026,womens-rugby,35
2026-10-05T13:49:18,Dartmouth,womens-basketball,2026,womens-basketball,18
2026-10-05T13:49:19,Princeton,womens-soccer,2026,womens-soccer,28
2026-10-05T13:49:19,Brown,womens-soccer,2026,womens-soccer,32
2026-10-05T13:49:19,Dartmouth,womens-cross-country,2026,womens-cross-country,21
2026-10-05T13:49:19,Princeton,womens-squash,2026,womens-squash,14
2026-10-05T13:49:20,Brown,womens-squash,2026,womens-squash,17
2026-10-05T13:49:20,Dartmouth,equestrian,2026,equestrian,11
2026-10-05T13:49:20,Princeton,womens-swimming-and-diving,2026,womens-swimming-and-diving,30
2026-10-05T13:49:20,Brown,womens-swimming-and-diving,2026,womens-swimming-and-diving,30
2026-10-05T13:49:21,Princeton,womens-tennis,2026,womens-tennis,11
2026-10-05T13:49:21,Dartmouth,field-hockey,2026,field-hockey,24
2026-10-05T13:49:21,Brown,womens-tennis,2026,womens-tennis,14
2026-10-05T13:49:22,Dartmouth,womens-golf,2026,womens-golf,10
2026-10-05T13:49:23,Brown,womens-track-and-field,2026,womens-track-and-field,60
2026-10-05T13:49:23,Princeton,womens-track-and-field,2026,womens-track-and-field,59
2026-10-05T13:49:23,Dartmouth,womens-ice-hockey,2026,womens-ice-hockey,27
2026-10-05T13:49:23,Brown,womens-volleyball,2026,womens-volleyball,20
2026-10-05T13:49:24,Princeton,womens-volleyball,2026,womens-volleyball,16
2026-10-05T13:49:24,Dartmouth,womens-lacrosse,2026,womens-lacrosse,37
2026-10-05T13:49:24,Brown,womens-sailing,2026,womens-sailing,21
2026-10-05T13:49:24,Princeton,womens-rowing,2026,,0
2026-10-05T13:49:25,Brown,womens-rowing,2026,womens-crew,44
2026-10-05T13:49:25,Dartmouth,womens-rugby,2026,womens-rugby,33
2026-10-05T13:49:26,Dartmouth,womens-soccer,2026,womens-soccer,29
2026-10-05T13:49:27,Dartmouth,womens-squash,2026,womens-squash,13
2026-10-05T13:49:28,Dartmouth,womens-swimming-and-diving,2026,womens-swimming-and-diving,29
2026-10-05T13:49:29,Dartmouth,womens-tennis,2026,womens-tennis,12
2026-10-05T13:49:31,Dartmouth,womens-track-and-field,2026,womens-track-and-field,44
2026-10-05T13:49:32,Dartmouth,womens-volleyball,2026,womens-volleyball,17
2026-10-05T13:49:33,Dartmouth,womens-rowing,2026,womens-rowing,53
2026-10-05T13:56:25,Penn,baseball,2026,baseball,37
2026-10-05T13:56:26,Cornell,baseball,2026,baseball,40
2026-10-05T13:56:26,Penn,mens-basketball,2026,mens-basketball,20
2026-10-05T13:56:26,Harvard,baseball,2026,baseball,30
2026-10-05T13:56:26,Columbia,baseball,2026,baseball,44
2026-10-05T13:56:26,Princeton,baseball,2026,baseball,25
2026-10-05T13:56:26,Yale,baseball,2026,baseball,30
2026-10-05T13:56:26,Cornell,mens-basketball,2026,mens-basketball,19
2026-10-05T13:56:26,Dartmouth,baseball,2026,,0
2026-10-05T13:56:26,Penn,mens-cross-country,2026,mens-cross-country,17
2026-10-05T13:56:26,Harvard,mens-basketball,2026,mens-basketball,20
2026-10-05T13:56:27,Yale,mens-basketball,2026,mens-basketball,15
2026-10-05T13:56:27,Cornell,mens-cross-country,2026,mens-cross-country,24
2026-10-05T13:56:27,Penn,football,2026,football,93
2026-10-05T13:56:27,Yale,mens-cross-country,2026,mens-cross-country,25
2026-10-05T13:56:27,Princeton,mens-basketball,2026,mens-basketball,21
2026-10-05T13:56:27,Columbia,mens-basketball,2026,mens-basketball,19
2026-10-05T13:56:27,Harvard,football,2026,football,109
2026-10-05T13:56:27,Penn,mens-golf,2026,mens-golf,9
2026-10-05T13:56:27,Dartmouth,mens-basketball,2026,mens-basketball,15
2026-10-05T13:56:28,Cornell,football,2026,football,119
2026-10-05T13:56:28,Yale,football,2026,football,93
2026-10-05T13:56:28,Penn,mens-lacrosse,2026,mens-lacrosse,31
2026-10-05T13:56:28,Harvard,mens-golf,2026,mens-golf,8
2026-10-05T13:56:28,Princeton,mens-cross-country,2026,mens-cross-country,25
2026-10-05T13:56:28,Yale,mens-golf,2026,mens-golf,8
2026-10-05T13:56:28,Cornell,mens-golf,2026,mens-golf,8
2026-10-05T13:56:28,Penn,mens-rowing,2026,mens-rowing,38
2026-10-05T13:56:28,Harvard,mens-ice-hockey,2026,mens-ice-hockey,29
2026-10-05T13:56:28,Dartmouth,mens-cross-country,2026,mens-cross-country,13
2026-10-05T13:56:28,Yale,mens-ice-hockey,2026,mens-ice-hockey,29
2026-10-05T13:56:29,Cornell,mens-ice-hockey,2026,mens-ice-hockey,31
2026-10-05T13:56:29,Brown,baseball,2026,baseball,38
2026-10-05T13:56:29,Penn,mens-soccer,2026,mens-soccer,32
2026-10-05T13:56:29,Yale,mens-lacrosse,2026,mens-lacrosse,48
2026-10-05T13:56:29,Harvard,mens-lacrosse,2026,mens-lacrosse,49
2026-10-05T13:56:29,Cornell,mens-lacrosse,2026,mens-lacrosse,52
2026-10-05T13:56:29,Penn,mens-squash,2026,mens-squash,16
2026-10-05T13:56:29,Yale,mens-rowing,2026,mens-crew,51
2026-10-05T13:56:29,Cornell,mens-rowing,2026,mens-rowing,29
2026-10-05T13:56:30,Harvard,mens-rowing,2026,mens-heavyweight-rowing,43
2026-10-05T13:56:30,Penn,mens-swimming-and-diving,2026,mens-swimming-and-diving,28
2026-10-05T13:56:30,Yale,rowing,2026,mens-rowing,33
2026-10-05T13:56:30,Brown,mens-basketball,2026,mens-basketball,19
2026-10-05T13:56:30,Cornell,mens-soccer,2026,mens-soccer,30
2026-10-05T13:56:30,Penn,mens-tennis,2026,mens-tennis,12
2026-10-05T13:56:30,Harvard,rowing,2026,mens-lightweight-rowing,35
2026-10-05T13:56:30,Yale,sailing,2026,sailing,27
2026-10-05T13:56:30,Columbia,football,2026,football,108
2026-10-05T13:56:31,Princeton,football,2026,football,110
2026-10-05T13:56:31,Cornell,mens-squash,2026,mens-squash,14
2026-10-05T13:56:31,Yale,mens-soccer,2026,mens-soccer,28
2026-10-05T13:56:31,Penn,mens-track-and-field,2026,mens-track-and-field,51
2026-10-05T13:56:31,Harvard,sailing,2026,mens-sailing,36
2026-10-05T13:56:31,Brown,mens-cross-country,2026,mens-cross-country,21
2026-10-05T13:56:31,Dartmouth,football,2026,football,106
2026-10-05T13:56:31,Yale,mens-squash,2026,mens-squash,13
2026-10-05T13:56:31,Cornell,mens-swimming-and-diving,2026,mens-swimming-and-diving,34
2026-10-05T13:56:31,Columbia,mens-golf,2026,mens-golf,10
2026-10-05T13:56:31,Harvard,skiing,2026,skiing,21
2026-10-05T13:56:31,Penn,womens-basketball,2026,womens-basketball,16
2026-10-05T13:56:31,Yale,mens-swimming-and-diving,2026,mens-swimming-and-diving,29
2026-10-05T13:56:32,Cornell,mens-tennis,2026,mens-tennis,11
2026-10-05T13:56:32,Penn,womens-cross-country,2026,womens-cross-country,20
2026-10-05T13:56:32,Harvard,mens-soccer,2026,mens-soccer,29
2026-10-05T13:56:32,Princeton,mens-golf,2026,mens-golf,11
2026-10-05T13:56:32,Yale,mens-tennis,2026,mens-tennis,12
2026-10-05T13:56:32,Cornell,mens-track-and-field,2026,mens-track-and-field,51
2026-10-05T13:56:32,Dartmouth,mens-golf,2026,mens-golf,8
2026-10-05T13:56:32,Penn,field-hockey,2026,field-hockey,22
2026-10-05T13:56:32,Columbia,mens-rowing,2026,mens-rowing,38
2026-10-05T13:56:32,Harvard,mens-squash,2026,mens-squash,13
2026-10-05T13:56:32,Cornell,womens-basketball,2026,womens-basketball,16
2026-10-05T13:56:32,Penn,womens-golf,2026,womens-golf,8
2026-10-05T13:56:32,Yale,mens-track-and-field,2026,mens-track-and-field,53
2026-10-05T13:56:33,Harvard,mens-swimming-and-diving,2026,mens-swimming-and-diving,30
2026-10-05T13:56:33,Cornell,womens-cross-country,2026,womens-cross-country,20
2026-10-05T13:56:33,Penn,womens-lacrosse,2026,womens-lacrosse,34
2026-10-05T13:56:33,Princeton,mens-ice-hockey,2026,mens-ice-hockey,29
2026-10-05T13:56:33,Dartmouth,mens-ice-hockey,2026,mens-ice-hockey,31
2026-10-05T13:56:33,Yale,womens-basketball,2026,womens-basketball,19
2026-10-05T13:56:33,Cornell,equestrian,2026,equestrian,37
2026-10-05T13:56:33,Columbia,rowing,2026,lightweight-rowing,36
2026-10-05T13:56:33,Penn,womens-soccer,2026,womens-soccer,30
2026-10-05T13:56:33,Brown,football,2026,football,107
2026-10-05T13:56:33,Harvard,mens-tennis,2026,mens-tennis,13
2026-10-05T13:56:33,Yale,womens-cross-country,2026,womens-cross-country,18
2026-10-05T13:56:34,Penn,womens-squash,2026,womens-squash,14
2026-10-05T13:56:34,Cornell,field-hockey,2026,field-hockey,26
2026-10-05T13:56:34,Princeton,mens-lacrosse,2026,mens-lacrosse,40
2026-10-05T13:56:34,Harvard,womens-basketball,2026,womens-basketball,18
2026-10-05T13:56:34,Penn,womens-swimming-and-diving,2026,womens-swimming-and-diving,31
2026-10-05T13:56:34,Dartmouth,mens-lacrosse,2026,,0
2026-10-05T13:56:34,Yale,field-hockey,2026,field-hockey,19
2026-10-05T13:56:34,Brown,mens-golf,2026,mens-golf,12
2026-10-05T13:56:34,Columbia,mens-soccer,2026,mens-soccer,27
2026-10-05T13:56:34,Cornell,womens-ice-hockey,2026,womens-ice-hockey,24
2026-10-05T13:56:34,Harvard,field-hockey,2026,field-hockey,20
2026-10-05T13:56:34,Penn,womens-tennis,2026,womens-tennis,10
2026-10-05T13:56:35,Cornell,womens-lacrosse,2026,womens-lacrosse,40
2026-10-05T13:56:35,Yale,womens-golf,2026,womens-golf,8
2026-10-05T13:56:35,Penn,womens-track-and-field,2026,womens-track-and-field,57
2026-10-05T13:56:35,Harvard,womens-golf,2026,womens-golf,9
2026-10-05T13:56:35,Columbia,mens-squash,2026,mens-squash,17
2026-10-05T13:56:35,Princeton,mens-rowing,2026,,0
2026-10-05T13:56:35,Cornell,womens-soccer,2026,womens-soccer,31
2026-10-05T13:56:35,Dartmouth,mens-rowing,2026,mens-rowing,43
2026-10-05T13:56:35,Yale,womens-ice-hockey,2026,womens-ice-hockey,27
2026-10-05T13:56:35,Brown,mens-ice-hockey,2026,mens-ice-hockey,29
2026-10-05T13:56:35,Penn,womens-volleyball,2026,womens-volleyball,18
2026-10-05T13:56:35,Harvard,womens-ice-hockey,2026,womens-ice-hockey,24
2026-10-05T13:56:36,Columbia,mens-swimming-and-diving,2026,mens-swimming-and-diving,37
2026-10-05T13:56:36,Cornell,womens-squash,2026,womens-squash,14
2026-10-05T13:56:36,Penn,womens-rowing,2026,womens-rowing,34
2026-10-05T13:56:36,Yale,womens-lacrosse,2026,womens-lacrosse,33
2026-10-05T13:56:36,Harvard,womens-lacrosse,2026,womens-lacrosse,29
2026-10-05T13:56:36,Cornell,womens-swimming-and-diving,2026,womens-swimming-and-diving,31
2026-10-05T13:56:36,Columbia,mens-tennis,2026,mens-tennis,14
2026-10-05T13:56:36,Dartmouth,rowing,2026,rowing,25
2026-10-05T13:56:36,Yale,womens-soccer,2026,womens-soccer,26
2026-10-05T13:56:36,Princeton,rowing,2026,,0
2026-10-05T13:56:36,Harvard,womens-rugby,2026,womens-rugby,27
2026-10-05T13:56:36,Cornell,womens-tennis,2026,womens-tennis,10
2026-10-05T13:56:36,Brown,mens-lacrosse,2026,mens-lacrosse,52
2026-10-05T13:56:37,Yale,womens-squash,2026,womens-squash,8
2026-10-05T13:56:37,Harvard,womens-soccer,2026,womens-soccer,24
2026-10-05T13:56:37,Columbia,womens-basketball,2026,womens-basketball,15
2026-10-05T13:56:37,Cornell,womens-track-and-field,2026,womens-track-and-field,51
2026-10-05T13:56:37,Princeton,mens-soccer,2026,mens-soccer,28
2026-10-05T13:56:37,Yale,womens-swimming-and-diving,2026,womens-swimming-and-diving,29
2026-10-05T13:56:37,Harvard,womens-squash,2026,womens-squash,12
2026-10-05T13:56:37,Cornell,womens-volleyball,2026,womens-volleyball,18
2026-10-05T13:56:37,Brown,mens-rowing,2026,mens-crew,49
2026-10-05T13:56:38,Princeton,mens-squash,2026,mens-squash,14
2026-10-05T13:56:38,Harvard,womens-swimming-and-diving,2026,womens-swimming-and-diving,31
2026-10-05T13:56:38,Cornell,womens-sailing,2026,womens-sailing,14
2026-10-05T13:56:38,Yale,womens-tennis,2026,womens-tennis,10
2026-10-05T13:56:38,Dartmouth,sailing,2026,sailing,28
2026-10-05T13:56:38,Harvard,womens-tennis,2026,womens-tennis,14
2026-10-05T13:56:38,Cornell,womens-rowing,2026,womens-rowing,53
2026-10-05T13:56:38,Yale,womens-track-and-field,2026,womens-track-and-field,49
2026-10-05T13:56:38,Princeton,mens-swimming-and-diving,2026,mens-swimming-and-diving,39
2026-10-05T13:56:38,Columbia,field-hockey,2026,field-hockey,28
2026-10-05T13:56:38,Brown,sailing,2026,coed-sailing,31
2026-10-05T13:56:38,Harvard,womens-volleyball,2026,womens-volleyball,14
2026-10-05T13:56:38,Yale,womens-volleyball,2026,womens-volleyball,17
2026-10-05T13:56:39,Yale,womens-sailing,2026,womens-sailing,15
2026-10-05T13:56:39,Columbia,womens-golf,2026,womens-golf,12
2026-10-05T13:56:39,Princeton,mens-tennis,2026,mens-tennis,12
2026-10-05T13:56:39,Harvard,cross-country,2026,cross-country,37
2026-10-05T13:56:39,Yale,womens-rowing,2026,womens-crew,39
2026-10-05T13:56:39,Harvard,track-and-field,2026,mens-track-and-field,93
2026-10-05T13:56:39,Columbia,womens-lacrosse,2026,womens-lacrosse,31
2026-10-05T13:56:40,Harvard,womens-rowing,2026,womens-heavyweight-rowing,35
2026-10-05T13:56:40,Dartmouth,skiing,2026,skiing,42
2026-10-05T13:56:40,Columbia,womens-soccer,2026,womens-soccer,31
2026-10-05T13:56:40,Brown,mens-soccer,2026,mens-soccer,29
2026-10-05T13:56:40,Harvard,womens-lightweight-rowing,2026,womens-lightweight-rowing,27
2026-10-05T13:56:40,Columbia,womens-squash,2026,womens-squash,17
2026-10-05T13:56:41,Princeton,mens-track-and-field,2026,mens-track-and-field,67
2026-10-05T13:56:41,Columbia,womens-swimming-and-diving,2026,womens-swimming-and-diving,34
2026-10-05T13:56:41,Brown,mens-squash,2026,mens-squash,14
2026-10-05T13:56:41,Princeton,womens-basketball,2026,womens-basketball,15
2026-10-05T13:56:41,Columbia,womens-tennis,2026,womens-tennis,15
2026-10-05T13:56:41,Dartmouth,mens-soccer,2026,mens-soccer,28
2026-10-05T13:56:42,Princeton,womens-cross-country,2026,womens-cross-country,24
2026-10-05T13:56:42,Columbia,womens-volleyball,2026,womens-volleyball,20
2026-10-05T13:56:42,Brown,mens-swimming-and-diving,2026,mens-swimming-and-diving,35
2026-10-05T13:56:42,Columbia,cross-country,2026,cross-country,52
2026-10-05T13:56:42,Dartmouth,mens-squash,2026,mens-squash,12
2026-10-05T13:56:42,Princeton,field-hockey,2026,field-hockey,24
2026-10-05T13:56:42,Brown,mens-tennis,2026,mens-tennis,13
2026-10-05T13:56:43,Columbia,track-and-field,2026,track-and-field,112
2026-10-05T13:56:43,Princeton,womens-golf,2026,womens-golf,10
2026-10-05T13:56:43,Dartmouth,mens-swimming-and-diving,2026,mens-swimming-and-diving,23
2026-10-05T13:56:43,Princeton,womens-ice-hockey,2026,womens-ice-hockey,23
2026-10-05T13:56:43,Columbia,womens-rowing,2026,womens-rowing,45
2026-10-05T13:56:44,Princeton,womens-lacrosse,2026,womens-lacrosse,32
2026-10-05T13:56:44,Brown,mens-track-and-field,2026,mens-track-and-field,54
2026-10-05T13:56:44,Dartmouth,mens-tennis,2026,mens-tennis,10
2026-10-05T13:56:44,Princeton,womens-rugby,2026,womens-rugby,28
2026-10-05T13:56:44,Princeton,womens-soccer,2026,womens-soccer,28
2026-10-05T13:56:45,Brown,womens-basketball,2026,womens-basketball,18
2026-10-05T13:56:45,Princeton,womens-squash,2026,womens-squash,14
2026-10-05T13:56:45,Princeton,womens-swimming-and-diving,2026,womens-swimming-and-diving,30
2026-10-05T13:56:45,Brown,womens-cross-country,2026,womens-cross-country,25
2026-10-05T13:56:46,Dartmouth,mens-track-and-field,2026,mens-track-and-field,41
2026-10-05T13:56:46,Princeton,womens-tennis,2026,womens-tennis,11
2026-10-05T13:56:46,Brown,equestrian,2026,equestrian,21
2026-10-05T13:56:47,Dartmouth,womens-basketball,2026,womens-basketball,18
2026-10-05T13:56:47,Princeton,womens-track-and-field,2026,womens-track-and-field,59
2026-10-05T13:56:48,Brown,field-hockey,2026,field-hockey,24
2026-10-05T13:56:48,Princeton,womens-volleyball,2026,womens-volleyball,16
2026-10-05T13:56:48,Dartmouth,womens-cross-country,2026,womens-cross-country,21
2026-10-05T13:56:48,Brown,womens-golf,2026,womens-golf,8
2026-10-05T13:56:49,Princeton,womens-rowing,2026,,0
2026-10-05T13:56:49,Dartmouth,equestrian,2026,equestrian,11
2026-10-05T13:56:49,Brown,womens-ice-hockey,2026,womens-ice-hockey,27
2026-10-05T13:56:50,Brown,womens-lacrosse,2026,womens-lacrosse,31
2026-10-05T13:56:50,Dartmouth,field-hockey,2026,field-hockey,24
2026-10-05T13:56:51,Dartmouth,womens-golf,2026,womens-golf,10
2026-10-05T13:56:51,Brown,womens-rugby,2026,womens-rugby,35
2026-10-05T13:56:52,Dartmouth,womens-ice-hockey,2026,womens-ice-hockey,27
2026-10-05T13:56:52,Brown,womens-soccer,2026,womens-soccer,32
2026-10-05T13:56:52,Brown,womens-squash,2026,womens-squash,17
2026-10-05T13:56:53,Dartmouth,womens-lacrosse,2026,womens-lacrosse,37
2026-10-05T13:56:53,Brown,womens-swimming-and-diving,2026,womens-swimming-and-diving,30
2026-10-05T13:56:53,Dartmouth,womens-rugby,2026,womens-rugby,33
2026-10-05T13:56:54,Brown,womens-tennis,2026,womens-tennis,14
2026-10-05T13:56:54,Dartmouth,womens-soccer,2026,womens-soccer,29
2026-10-05T13:56:55,Dartmouth,womens-squash,2026,womens-squash,13
2026-10-05T13:56:55,Brown,womens-track-and-field,2026,womens-track-and-field,60
2026-10-05T13:56:56,Dartmouth,womens-swimming-and-diving,2026,womens-swimming-and-diving,29
2026-10-05T13:56:56,Brown,womens-volleyball,2026,womens-volleyball,20
2026-10-05T13:56:57,Dartmouth,womens-tennis,2026,womens-tennis,12
2026-10-05T13:56:57,Brown,womens-sailing,2026,womens-sailing,21
2026-10-05T13:56:58,Brown,womens-rowing,2026,womens-crew,44
2026-10-05T13:56:59,Dartmouth,womens-track-and-field,2026,womens-track-and-field,44
2026-10-05T13:56:59,Dartmouth,womens-volleyball,2026,womens-volleyball,17
2026-10-05T13:57:00,Dartmouth,womens-rowing,2026,womens-rowing,53
2026-10-05T14:17:10,Yale,baseball,2026,baseball,30
2026-10-05T14:17:10,Penn,baseball,2026,baseball,37
2026-10-05T14:17:10,Cornell,baseball,2026,baseball,40
2026-10-05T14:17:10,Harvard,baseball,2026,baseball,30
2026-10-05T14:17:10,Yale,mens-basketball,2026,mens-basketball,15
2026-10-05T14:17:10,Princeton,baseball,2026,baseball,25
2026-10-05T14:17:11,Columbia,baseball,2026,baseball,44
2026-10-05T14:17:11,Penn,mens-basketball,2026,mens-basketball,20
2026-10-05T14:17:11,Cornell,mens-basketball,2026,mens-basketball,19
2026-10-05T14:17:11,Brown,baseball,2026,baseball,38
2026-10-05T14:17:11,Harvard,mens-basketball,2026,mens-basketball,20
2026-10-05T14:17:11,Yale,mens-cross-country,2026,mens-cross-country,25
2026-10-05T14:17:11,Cornell,mens-cross-country,2026,mens-cross-country,24
2026-10-05T14:17:11,Dartmouth,baseball,2026,,0
2026-10-05T14:17:11,Penn,mens-cross-country,2026,mens-cross-country,17
2026-10-05T14:17:11,Princeton,mens-basketball,2026,mens-basketball,21
2026-10-05T14:17:11,Columbia,mens-basketball,2026,mens-basketball,19
2026-10-05T14:17:12,Brown,mens-basketball,2026,mens-basketball,19
2026-10-05T14:17:12,Harvard,football,2026,football,109
2026-10-05T14:17:12,Penn,football,2026,football,93
2026-10-05T14:17:12,Cornell,football,2026,football,119
2026-10-05T14:17:12,Yale,football,2026,football,93
2026-10-05T14:17:12,Dartmouth,mens-basketball,2026,mens-basketball,15
2026-10-05T14:17:12,Princeton,mens-cross-country,2026,mens-cross-country,25
2026-10-05T14:17:13,Harvard,mens-golf,2026,mens-golf,8
2026-10-05T14:17:13,Brown,mens-cross-country,2026,mens-cross-country,21
2026-10-05T14:17:13,Cornell,mens-golf,2026,mens-golf,8
2026-10-05T14:17:13,Yale,mens-golf,2026,mens-golf,8
2026-10-05T14:17:13,Dartmouth,mens-cross-country,2026,mens-cross-country,13
2026-10-05T14:17:13,Cornell,mens-ice-hockey,2026,mens-ice-hockey,31
2026-10-05T14:17:13,Harvard,mens-ice-hockey,2026,mens-ice-hockey,29
2026-10-05T14:17:13,Yale,mens-ice-hockey,2026,mens-ice-hockey,29
2026-10-05T14:17:14,Cornell,mens-lacrosse,2026,mens-lacrosse,52
2026-10-05T14:17:14,Columbia,football,2026,football,108
2026-10-05T14:17:14,Penn,mens-golf,2026,mens-golf,9
2026-10-05T14:17:14,Harvard,mens-lacrosse,2026,mens-lacrosse,49
2026-10-05T14:17:14,Princeton,football,2026,football,110
2026-10-05T14:17:15,Yale,mens-lacrosse,2026,mens-lacrosse,48
2026-10-05T14:17:15,Penn,mens-lacrosse,2026,mens-lacrosse,31
2026-10-05T14:17:15,Cornell,mens-rowing,2026,mens-rowing,29
2026-10-05T14:17:15,Columbia,mens-golf,2026,mens-golf,10
2026-10-05T14:17:15,Harvard,mens-rowing,2026,mens-heavyweight-rowing,43
2026-10-05T14:17:15,Brown,football,2026,football,107
2026-10-05T14:17:15,Princeton,mens-golf,2026,mens-golf,11
2026-10-05T14:17:16,Dartmouth,football,2026,football,106
2026-10-05T14:17:16,Cornell,mens-soccer,2026,mens-soccer,30
2026-10-05T14:17:16,Penn,mens-rowing,2026,mens-rowing,38
2026-10-05T14:17:16,Yale,mens-rowing,2026,mens-crew,51
2026-10-05T14:17:16,Harvard,rowing,2026,mens-lightweight-rowing,35
2026-10-05T14:17:16,Columbia,mens-rowing,2026,mens-rowing,38
2026-10-05T14:17:16,Penn,mens-soccer,2026,mens-soccer,32
2026-10-05T14:17:16,Cornell,mens-squash,2026,mens-squash,14
2026-10-05T14:17:16,Brown,mens-golf,2026,mens-golf,12
2026-10-05T14:17:16,Yale,rowing,2026,mens-rowing,33
2026-10-05T14:17:17,Princeton,mens-ice-hockey,2026,mens-ice-hockey,29
2026-10-05T14:17:17,Penn,mens-squash,2026,mens-squash,16
2026-10-05T14:17:17,Harvard,sailing,2026,mens-sailing,36
2026-10-05T14:17:17,Cornell,mens-swimming-and-diving,2026,mens-swimming-and-diving,34
2026-10-05T14:17:17,Dartmouth,mens-golf,2026,mens-golf,8
2026-10-05T14:17:17,Yale,sailing,2026,sailing,27
2026-10-05T14:17:17,Brown,mens-ice-hockey,2026,mens-ice-hockey,29
2026-10-05T14:17:17,Penn,mens-swimming-and-diving,2026,mens-swimming-and-diving,28
2026-10-05T14:17:17,Cornell,mens-tennis,2026,mens-tennis,11
2026-10-05T14:17:17,Columbia,rowing,2026,lightweight-rowing,36
2026-10-05T14:17:17,Yale,mens-soccer,2026,mens-soccer,28
2026-10-05T14:17:17,Harvard,skiing,2026,skiing,21
2026-10-05T14:17:18,Dartmouth,mens-ice-hockey,2026,mens-ice-hockey,31
2026-10-05T14:17:18,Cornell,mens-track-and-field,2026,mens-track-and-field,51
2026-10-05T14:17:18,Princeton,mens-lacrosse,2026,mens-lacrosse,40
2026-10-05T14:17:18,Yale,mens-squash,2026,mens-squash,13
2026-10-05T14:17:18,Brown,mens-lacrosse,2026,mens-lacrosse,52
2026-10-05T14:17:18,Harvard,mens-soccer,2026,mens-soccer,29
2026-10-05T14:17:18,Cornell,womens-basketball,2026,womens-basketball,16
2026-10-05T14:17:19,Cornell,womens-cross-country,2026,womens-cross-country,20
2026-10-05T14:17:19,Harvard,mens-squash,2026,mens-squash,13
2026-10-05T14:17:19,Penn,mens-tennis,2026,mens-tennis,12
2026-10-05T14:17:19,Brown,mens-rowing,2026,mens-crew,49
2026-10-05T14:17:19,Cornell,equestrian,2026,equestrian,37
2026-10-05T14:17:19,Harvard,mens-swimming-and-diving,2026,mens-swimming-and-diving,30
2026-10-05T14:17:19,Dartmouth,mens-lacrosse,2026,,0
2026-10-05T14:17:19,Columbia,mens-soccer,2026,mens-soccer,27
2026-10-05T14:17:19,Penn,mens-track-and-field,2026,mens-track-and-field,51
2026-10-05T14:17:19,Cornell,field-hockey,2026,field-hockey,26
2026-10-05T14:17:20,Harvard,mens-tennis,2026,mens-tennis,13
2026-10-05T14:17:20,Princeton,mens-rowing,2026,,0
2026-10-05T14:17:20,Cornell,womens-ice-hockey,2026,womens-ice-hockey,24
2026-10-05T14:17:20,Brown,sailing,2026,coed-sailing,31
2026-10-05T14:17:20,Yale,mens-swimming-and-diving,2026,mens-swimming-and-diving,29
2026-10-05T14:17:20,Penn,womens-basketball,2026,womens-basketball,16
2026-10-05T14:17:20,Dartmouth,mens-rowing,2026,mens-rowing,43
2026-10-05T14:17:20,Harvard,womens-basketball,2026,womens-basketball,18
2026-10-05T14:17:20,Columbia,mens-squash,2026,mens-squash,17
2026-10-05T14:17:20,Cornell,womens-lacrosse,2026,womens-lacrosse,40
2026-10-05T14:17:21,Penn,womens-cross-country,2026,womens-cross-country,20
2026-10-05T14:17:21,Cornell,womens-soccer,2026,womens-soccer,31
2026-10-05T14:17:21,Yale,mens-tennis,2026,mens-tennis,12
2026-10-05T14:17:21,Harvard,field-hockey,2026,field-hockey,20
2026-10-05T14:17:21,Penn,field-hockey,2026,field-hockey,22
2026-10-05T14:17:21,Dartmouth,rowing,2026,rowing,25
2026-10-05T14:17:21,Cornell,womens-squash,2026,womens-squash,14
2026-10-05T14:17:21,Princeton,rowing,2026,,0
2026-10-05T14:17:22,Harvard,womens-golf,2026,womens-golf,9
2026-10-05T14:17:22,Yale,mens-track-and-field,2026,mens-track-and-field,53
2026-10-05T14:17:22,Penn,womens-golf,2026,womens-golf,8
2026-10-05T14:17:22,Cornell,womens-swimming-and-diving,2026,womens-swimming-and-diving,31
2026-10-05T14:17:22,Brown,mens-soccer,2026,mens-soccer,29
2026-10-05T14:17:22,Yale,womens-basketball,2026,womens-basketball,19
2026-10-05T14:17:22,Dartmouth,sailing,2026,sailing,28
2026-10-05T14:17:22,Cornell,womens-tennis,2026,womens-tennis,10
2026-10-05T14:17:22,Penn,womens-lacrosse,2026,womens-lacrosse,34
2026-10-05T14:17:23,Yale,womens-cross-country,2026,womens-cross-country,18
2026-10-05T14:17:23,Cornell,womens-track-and-field,2026,womens-track-and-field,51
2026-10-05T14:17:23,Brown,mens-squash,2026,mens-squash,14
2026-10-05T14:17:23,Cornell,womens-volleyball,2026,womens-volleyball,18
2026-10-05T14:17:23,Yale,field-hockey,2026,field-hockey,19
2026-10-05T14:17:23,Penn,womens-soccer,2026,womens-soccer,30
2026-10-05T14:17:23,Princeton,mens-soccer,2026,mens-soccer,28
2026-10-05T14:17:23,Harvard,womens-ice-hockey,2026,womens-ice-hockey,24
2026-10-05T14:17:24,Yale,womens-golf,2026,womens-golf,8
2026-10-05T14:17:24,Cornell,womens-sailing,2026,womens-sailing,14
2026-10-05T14:17:24,Penn,womens-squash,2026,womens-squash,14
2026-10-05T14:17:24,Columbia,mens-swimming-and-diving,2026,mens-swimming-and-diving,37
2026-10-05T14:17:24,Brown,mens-swimming-and-diving,2026,mens-swimming-and-diving,35
2026-10-05T14:17:24,Harvard,womens-lacrosse,2026,womens-lacrosse,29
2026-10-05T14:17:24,Penn,womens-swimming-and-diving,2026,womens-swimming-and-diving,31
2026-10-05T14:17:24,Princeton,mens-squash,2026,mens-squash,14
2026-10-05T14:17:24,Yale,womens-ice-hockey,2026,womens-ice-hockey,27
2026-10-05T14:17:25,Harvard,womens-rugby,2026,womens-rugby,27
2026-10-05T14:17:25,Cornell,womens-rowing,2026,womens-rowing,53
2026-10-05T14:17:25,Dartmouth,skiing,2026,skiing,42
2026-10-05T14:17:25,Columbia,mens-tennis,2026,mens-tennis,14
2026-10-05T14:17:25,Brown,mens-tennis,2026,mens-tennis,13
2026-10-05T14:17:25,Princeton,mens-swimming-and-diving,2026,mens-swimming-and-diving,39
2026-10-05T14:17:25,Yale,womens-lacrosse,2026,womens-lacrosse,33
2026-10-05T14:17:25,Harvard,womens-soccer,2026,womens-soccer,24
2026-10-05T14:17:26,Yale,womens-soccer,2026,womens-soccer,26
2026-10-05T14:17:26,Columbia,womens-basketball,2026,womens-basketball,15
2026-10-05T14:17:26,Princeton,mens-tennis,2026,mens-tennis,12
2026-10-05T14:17:26,Harvard,womens-squash,2026,womens-squash,12
2026-10-05T14:17:26,Brown,mens-track-and-field,2026,mens-track-and-field,54
2026-10-05T14:17:26,Yale,womens-squash,2026,womens-squash,8
2026-10-05T14:17:26,Penn,womens-tennis,2026,womens-tennis,10
2026-10-05T14:17:26,Dartmouth,mens-soccer,2026,mens-soccer,28
2026-10-05T14:17:27,Yale,womens-swimming-and-diving,2026,womens-swimming-and-diving,29
2026-10-05T14:17:27,Penn,womens-track-and-field,2026,womens-track-and-field,57
2026-10-05T14:17:27,Harvard,womens-swimming-and-diving,2026,womens-swimming-and-diving,31
2026-10-05T14:17:27,Brown,womens-basketball,2026,womens-basketball,18
2026-10-05T14:17:27,Penn,womens-volleyball,2026,womens-volleyball,18
2026-10-05T14:17:27,Yale,womens-tennis,2026,womens-tennis,10
2026-10-05T14:17:27,Dartmouth,mens-squash,2026,mens-squash,12
2026-10-05T14:17:27,Harvard,womens-tennis,2026,womens-tennis,14
2026-10-05T14:17:27,Yale,womens-track-and-field,2026,womens-track-and-field,49
2026-10-05T14:17:28,Harvard,womens-volleyball,2026,womens-volleyball,14
2026-10-05T14:17:28,Brown,womens-cross-country,2026,womens-cross-country,25
2026-10-05T14:17:28,Columbia,field-hockey,2026,field-hockey,28
2026-10-05T14:17:28,Yale,womens-volleyball,2026,womens-volleyball,17
2026-10-05T14:17:28,Dartmouth,mens-swimming-and-diving,2026,mens-swimming-and-diving,23
2026-10-05T14:17:29,Harvard,cross-country,2026,cross-country,37
2026-10-05T14:17:29,Princeton,mens-track-and-field,2026,mens-track-and-field,67
2026-10-05T14:17:29,Yale,womens-sailing,2026,womens-sailing,15
2026-10-05T14:17:29,Columbia,womens-golf,2026,womens-golf,12
2026-10-05T14:17:29,Brown,equestrian,2026,equestrian,21
2026-10-05T14:17:29,Dartmouth,mens-tennis,2026,mens-tennis,10
2026-10-05T14:17:29,Harvard,track-and-field,2026,mens-track-and-field,93
2026-10-05T14:17:29,Yale,womens-rowing,2026,womens-crew,39
2026-10-05T14:17:30,Columbia,womens-lacrosse,2026,womens-lacrosse,31
2026-10-05T14:17:30,Princeton,womens-basketball,2026,womens-basketball,15
2026-10-05T14:17:30,Harvard,womens-rowing,2026,womens-heavyweight-rowing,35
2026-10-05T14:17:30,Penn,womens-rowing,2026,womens-rowing,34
2026-10-05T14:17:30,Harvard,womens-lightweight-rowing,2026,womens-lightweight-rowing,27
2026-10-05T14:17:31,Brown,field-hockey,2026,field-hockey,24
2026-10-05T14:17:31,Columbia,womens-soccer,2026,womens-soccer,31
2026-10-05T14:17:31,Princeton,womens-cross-country,2026,womens-cross-country,24
2026-10-05T14:17:31,Brown,womens-golf,2026,womens-golf,8
2026-10-05T14:17:32,Columbia,womens-squash,2026,womens-squash,17
2026-10-05T14:17:32,Brown,womens-ice-hockey,2026,womens-ice-hockey,27
2026-10-05T14:17:33,Princeton,field-hockey,2026,field-hockey,24
2026-10-05T14:17:33,Columbia,womens-swimming-and-diving,2026,womens-swimming-and-diving,34
2026-10-05T14:17:33,Dartmouth,mens-track-and-field,2026,mens-track-and-field,41
2026-10-05T14:17:33,Brown,womens-lacrosse,2026,womens-lacrosse,31
2026-10-05T14:17:34,Princeton,womens-golf,2026,womens-golf,10
2026-10-05T14:17:34,Columbia,womens-tennis,2026,womens-tennis,15
2026-10-05T14:17:34,Dartmouth,womens-basketball,2026,womens-basketball,18
2026-10-05T14:17:34,Columbia,womens-volleyball,2026,womens-volleyball,20
2026-10-05T14:17:35,Princeton,womens-ice-hockey,2026,womens-ice-hockey,23
2026-10-05T14:17:35,Brown,womens-rugby,2026,womens-rugby,35
2026-10-05T14:17:35,Dartmouth,womens-cross-country,2026,womens-cross-country,21
2026-10-05T14:17:36,Dartmouth,equestrian,2026,equestrian,11
2026-10-05T14:17:36,Columbia,cross-country,2026,cross-country,52
2026-10-05T14:17:36,Brown,womens-soccer,2026,womens-soccer,32
2026-10-05T14:17:36,Princeton,womens-lacrosse,2026,womens-lacrosse,32
2026-10-05T14:17:37,Brown,womens-squash,2026,womens-squash,17
2026-10-05T14:17:37,Columbia,track-and-field,2026,track-and-field,112
2026-10-05T14:17:37,Princeton,womens-rugby,2026,womens-rugby,28
2026-10-05T14:17:37,Dartmouth,field-hockey,2026,field-hockey,24
2026-10-05T14:17:38,Brown,womens-swimming-and-diving,2026,womens-swimming-and-diving,30
2026-10-05T14:17:38,Dartmouth,womens-golf,2026,womens-golf,10
2026-10-05T14:17:38,Princeton,womens-soccer,2026,womens-soccer,28
2026-10-05T14:17:38,Columbia,womens-rowing,2026,womens-rowing,45
2026-10-05T14:17:38,Brown,womens-tennis,2026,womens-tennis,14
2026-10-05T14:17:39,Dartmouth,womens-ice-hockey,2026,womens-ice-hockey,27
2026-10-05T14:17:39,Princeton,womens-squash,2026,womens-squash,14
2026-10-05T14:17:40,Brown,womens-track-and-field,2026,womens-track-and-field,60
2026-10-05T14:17:40,Dartmouth,womens-lacrosse,2026,womens-lacrosse,37
2026-10-05T14:17:40,Brown,womens-volleyball,2026,womens-volleyball,20
2026-10-05T14:17:40,Princeton,womens-swimming-and-diving,2026,womens-swimming-and-diving,30
2026-10-05T14:17:41,Dartmouth,womens-rugby,2026,womens-rugby,33
2026-10-05T14:17:41,Brown,womens-sailing,2026,womens-sailing,21
2026-10-05T14:17:41,Princeton,womens-tennis,2026,womens-tennis,11
2026-10-05T14:17:42,Dartmouth,womens-soccer,2026,womens-soccer,29
2026-10-05T14:17:42,Brown,womens-rowing,2026,womens-crew,44
2026-10-05T14:17:43,Dartmouth,womens-squash,2026,womens-squash,13
2026-10-05T14:17:43,Dartmouth,womens-swimming-and-diving,2026,womens-swimming-and-diving,29
2026-10-05T14:17:44,Princeton,womens-track-and-field,2026,womens-track-and-field,59
2026-10-05T14:17:44,Dartmouth,womens-tennis,2026,womens-tennis,12
2026-10-05T14:17:45,Princeton,womens-volleyball,2026,womens-volleyball,16
2026-10-05T14:17:47,Dartmouth,womens-track-and-field,2026,womens-track-and-field,44
2026-10-05T14:17:47,Princeton,womens-rowing,2026,,0
2026-10-05T14:17:48,Dartmouth,womens-volleyball,2026,womens-volleyball,17
2026-10-05T14:17:49,Dartmouth,womens-rowing,2026,womens-rowing,53
2026-10-05T15:07:46,Harvard,baseball,2026,baseball,30
2026-10-05T15:07:46,Cornell,baseball,2026,baseball,40
2026-10-05T15:07:46,Yale,baseball,2026,baseball,30
2026-10-05T15:07:46,Penn,baseball,2026,baseball,37
2026-10-05T15:07:46,Princeton,baseball,2026,baseball,25
2026-10-05T15:07:46,Columbia,baseball,2026,baseball,44
2026-10-05T15:07:46,Brown,baseball,2026,baseball,38
2026-10-05T15:07:46,Cornell,mens-basketball,2026,mens-basketball,19
2026-10-05T15:07:46,Yale,mens-basketball,2026,mens-basketball,15
2026-10-05T15:07:46,Harvard,mens-basketball,2026,mens-basketball,20
2026-10-05T15:07:47,Penn,mens-basketball,2026,mens-basketball,20
2026-10-05T15:07:47,Cornell,mens-cross-country,2026,mens-cross-country,24
2026-10-05T15:07:47,Yale,mens-cross-country,2026,mens-cross-country,25
2026-10-05T15:07:47,Princeton,mens-basketball,2026,mens-basketball,21
2026-10-05T15:07:47,Dartmouth,baseball,2026,,0
2026-10-05T15:07:47,Brown,mens-basketball,2026,mens-basketball,19
2026-10-05T15:07:47,Columbia,mens-basketball,2026,mens-basketball,19
2026-10-05T15:07:47,Harvard,football,2026,football,109
2026-10-05T15:07:47,Penn,mens-cross-country,2026,mens-cross-country,17
2026-10-05T15:07:48,Cornell,football,2026,football,119
2026-10-05T15:07:48,Yale,football,2026,football,93
2026-10-05T15:07:48,Dartmouth,mens-basketball,2026,mens-basketball,15
2026-10-05T15:07:48,Harvard,mens-golf,2026,mens-golf,8
2026-10-05T15:07:48,Brown,mens-cross-country,2026,mens-cross-country,21
2026-10-05T15:07:48,Princeton,mens-cross-country,2026,mens-cross-country,25
2026-10-05T15:07:48,Cornell,mens-golf,2026,mens-golf,8
2026-10-05T15:07:48,Penn,football,2026,football,93
2026-10-05T15:07:49,Harvard,mens-ice-hockey,2026,mens-ice-hockey,29
2026-10-05T15:07:49,Cornell,mens-ice-hockey,2026,mens-ice-hockey,31
2026-10-05T15:07:49,Dartmouth,mens-cross-country,2026,mens-cross-country,13
2026-10-05T15:07:49,Penn,mens-golf,2026,mens-golf,9
2026-10-05T15:07:49,Cornell,mens-lacrosse,2026,mens-lacrosse,52
2026-10-05T15:07:49,Harvard,mens-lacrosse,2026,mens-lacrosse,49
2026-10-05T15:07:49,Yale,mens-golf,2026,mens-golf,8
2026-10-05T15:07:50,Penn,mens-lacrosse,2026,mens-lacrosse,31
2026-10-05T15:07:50,Cornell,mens-rowing,2026,mens-rowing,29
2026-10-05T15:07:50,Yale,mens-ice-hockey,2026,mens-ice-hockey,29
2026-10-05T15:07:50,Harvard,mens-rowing,2026,mens-heavyweight-rowing,43
2026-10-05T15:07:50,Cornell,mens-soccer,2026,mens-soccer,30
2026-10-05T15:07:50,Penn,mens-rowing,2026,mens-rowing,38
2026-10-05T15:07:50,Brown,football,2026,football,107
2026-10-05T15:07:51,Yale,mens-lacrosse,2026,mens-lacrosse,48
2026-10-05T15:07:51,Princeton,football,2026,football,110
2026-10-05T15:07:51,Harvard,rowing,2026,mens-lightweight-rowing,35
2026-10-05T15:07:51,Penn,mens-soccer,2026,mens-soccer,32
2026-10-05T15:07:51,Cornell,mens-squash,2026,mens-squash,14
2026-10-05T15:07:51,Dartmouth,football,2026,football,106
2026-10-05T15:07:51,Brown,mens-golf,2026,mens-golf,12
2026-10-05T15:07:51,Yale,mens-rowing,2026,mens-crew,51
2026-10-05T15:07:51,Cornell,mens-swimming-and-diving,2026,mens-swimming-and-diving,34
2026-10-05T15:07:51,Penn,mens-squash,2026,mens-squash,16
2026-10-05T15:07:52,Harvard,sailing,2026,mens-sailing,36
2026-10-05T15:07:52,Princeton,mens-golf,2026,mens-golf,11
2026-10-05T15:07:52,Cornell,mens-tennis,2026,mens-tennis,11
2026-10-05T15:07:52,Yale,rowing,2026,mens-rowing,33
2026-10-05T15:07:52,Dartmouth,mens-golf,2026,mens-golf,8
2026-10-05T15:07:52,Penn,mens-swimming-and-diving,2026,mens-swimming-and-diving,28
2026-10-05T15:07:52,Brown,mens-ice-hockey,2026,mens-ice-hockey,29
2026-10-05T15:07:52,Yale,sailing,2026,sailing,27
2026-10-05T15:07:52,Cornell,mens-track-and-field,2026,mens-track-and-field,51
2026-10-05T15:07:53,Columbia,football,2026,football,108
2026-10-05T15:07:53,Princeton,mens-ice-hockey,2026,mens-ice-hockey,29
2026-10-05T15:07:53,Cornell,womens-basketball,2026,womens-basketball,16
2026-10-05T15:07:53,Yale,mens-soccer,2026,mens-soccer,28
2026-10-05T15:07:53,Dartmouth,mens-ice-hockey,2026,mens-ice-hockey,31
2026-10-05T15:07:53,Brown,mens-lacrosse,2026,mens-lacrosse,52
2026-10-05T15:07:53,Harvard,skiing,2026,skiing,21
2026-10-05T15:07:53,Cornell,womens-cross-country,2026,womens-cross-country,20
2026-10-05T15:07:54,Yale,mens-squash,2026,mens-squash,13
2026-10-05T15:07:54,Columbia,mens-golf,2026,mens-golf,10
2026-10-05T15:07:54,Princeton,mens-lacrosse,2026,mens-lacrosse,40
2026-10-05T15:07:54,Cornell,equestrian,2026,equestrian,37
2026-10-05T15:07:54,Harvard,mens-soccer,2026,mens-soccer,29
2026-10-05T15:07:54,Brown,mens-rowing,2026,mens-crew,49
2026-10-05T15:07:54,Yale,mens-swimming-and-diving,2026,mens-swimming-and-diving,29
2026-10-05T15:07:55,Cornell,field-hockey,2026,field-hockey,26
2026-10-05T15:07:55,Yale,mens-tennis,2026,mens-tennis,12
2026-10-05T15:07:55,Penn,mens-tennis,2026,mens-tennis,12
2026-10-05T15:07:55,Cornell,womens-ice-hockey,2026,womens-ice-hockey,24
2026-10-05T15:07:55,Harvard,mens-squash,2026,mens-squash,13
2026-10-05T15:07:55,Columbia,mens-rowing,2026,mens-rowing,38
2026-10-05T15:07:55,Brown,sailing,2026,coed-sailing,31
2026-10-05T15:07:55,Dartmouth,mens-lacrosse,2026,,0
2026-10-05T15:07:55,Yale,mens-track-and-field,2026,mens-track-and-field,53
2026-10-05T15:07:55,Penn,mens-track-and-field,2026,mens-track-and-field,51
2026-10-05T15:07:56,Cornell,womens-lacrosse,2026,womens-lacrosse,40
2026-10-05T15:07:56,Harvard,mens-swimming-and-diving,2026,mens-swimming-and-diving,30
2026-10-05T15:07:56,Princeton,mens-rowing,2026,,0
2026-10-05T15:07:56,Columbia,rowing,2026,lightweight-rowing,36
2026-10-05T15:07:56,Cornell,womens-soccer,2026,womens-soccer,31
2026-10-05T15:07:56,Yale,womens-basketball,2026,womens-basketball,19
2026-10-05T15:07:56,Penn,womens-basketball,2026,womens-basketball,16
2026-10-05T15:07:56,Harvard,mens-tennis,2026,mens-tennis,13
2026-10-05T15:07:57,Dartmouth,mens-rowing,2026,mens-rowing,43
2026-10-05T15:07:57,Yale,womens-cross-country,2026,womens-cross-country,18
2026-10-05T15:07:57,Cornell,womens-squash,2026,womens-squash,14
2026-10-05T15:07:57,Harvard,womens-basketball,2026,womens-basketball,18
2026-10-05T15:07:57,Penn,womens-cross-country,2026,womens-cross-country,20
2026-10-05T15:07:57,Columbia,mens-soccer,2026,mens-soccer,27
2026-10-05T15:07:57,Cornell,womens-swimming-and-diving,2026,womens-swimming-and-diving,31
2026-10-05T15:07:58,Harvard,field-hockey,2026,field-hockey,20
2026-10-05T15:07:58,Brown,mens-soccer,2026,mens-soccer,29
2026-10-05T15:07:58,Princeton,rowing,2026,,0
2026-10-05T15:07:58,Yale,field-hockey,2026,field-hockey,19
2026-10-05T15:07:58,Penn,field-hockey,2026,field-hockey,22
2026-10-05T15:07:58,Dartmouth,rowing,2026,rowing,25
2026-10-05T15:07:58,Harvard,womens-golf,2026,womens-golf,9
2026-10-05T15:07:58,Cornell,womens-tennis,2026,womens-tennis,10
2026-10-05T15:07:58,Yale,womens-golf,2026,womens-golf,8
2026-10-05T15:07:58,Columbia,mens-squash,2026,mens-squash,17
2026-10-05T15:07:58,Penn,womens-golf,2026,womens-golf,8
2026-10-05T15:07:59,Brown,mens-squash,2026,mens-squash,14
2026-10-05T15:07:59,Yale,womens-ice-hockey,2026,womens-ice-hockey,27
2026-10-05T15:07:59,Cornell,womens-track-and-field,2026,womens-track-and-field,51
2026-10-05T15:07:59,Dartmouth,sailing,2026,sailing,28
2026-10-05T15:07:59,Harvard,womens-ice-hockey,2026,womens-ice-hockey,24
2026-10-05T15:07:59,Cornell,womens-volleyball,2026,womens-volleyball,18
2026-10-05T15:07:59,Penn,womens-lacrosse,2026,womens-lacrosse,34
2026-10-05T15:07:59,Yale,womens-lacrosse,2026,womens-lacrosse,33
2026-10-05T15:07:59,Princeton,mens-soccer,2026,mens-soccer,28
2026-10-05T15:07:59,Columbia,mens-swimming-and-diving,2026,mens-swimming-and-diving,37
2026-10-05T15:07:59,Cornell,womens-sailing,2026,womens-sailing,14
2026-10-05T15:08:00,Brown,mens-swimming-and-diving,2026,mens-swimming-and-diving,35
2026-10-05T15:08:00,Harvard,womens-lacrosse,2026,womens-lacrosse,29
2026-10-05T15:08:00,Yale,womens-soccer,2026,womens-soccer,26
2026-10-05T15:08:00,Cornell,womens-rowing,2026,womens-rowing,53
2026-10-05T15:08:00,Yale,womens-squash,2026,womens-squash,8
2026-10-05T15:08:00,Harvard,womens-rugby,2026,womens-rugby,27
2026-10-05T15:08:00,Columbia,mens-tennis,2026,mens-tennis,14
2026-10-05T15:08:00,Princeton,mens-squash,2026,mens-squash,14
2026-10-05T15:08:00,Brown,mens-tennis,2026,mens-tennis,13
2026-10-05T15:08:01,Yale,womens-swimming-and-diving,2026,womens-swimming-and-diving,29
2026-10-05T15:08:01,Penn,womens-soccer,2026,womens-soccer,30
2026-10-05T15:08:01,Columbia,womens-basketball,2026,womens-basketball,15
2026-10-05T15:08:01,Princeton,mens-swimming-and-diving,2026,mens-swimming-and-diving,39
2026-10-05T15:08:01,Harvard,womens-soccer,2026,womens-soccer,24
2026-10-05T15:08:02,Brown,mens-track-and-field,2026,mens-track-and-field,54
2026-10-05T15:08:02,Yale,womens-tennis,2026,womens-tennis,10
2026-10-05T15:08:02,Dartmouth,skiing,2026,skiing,42
2026-10-05T15:08:02,Penn,womens-squash,2026,womens-squash,14
2026-10-05T15:08:02,Brown,womens-basketball,2026,womens-basketball,18
2026-10-05T15:08:02,Princeton,mens-tennis,2026,mens-tennis,12
2026-10-05T15:08:02,Yale,womens-track-and-field,2026,womens-track-and-field,49
2026-10-05T15:08:03,Penn,womens-swimming-and-diving,2026,womens-swimming-and-diving,31
2026-10-05T15:08:03,Columbia,field-hockey,2026,field-hockey,28
2026-10-05T15:08:03,Harvard,womens-squash,2026,womens-squash,12
2026-10-05T15:08:03,Yale,womens-volleyball,2026,womens-volleyball,17
2026-10-05T15:08:03,Penn,womens-tennis,2026,womens-tennis,10
2026-10-05T15:08:03,Brown,womens-cross-country,2026,womens-cross-country,25
2026-10-05T15:08:04,Dartmouth,mens-soccer,2026,mens-soccer,28
2026-10-05T15:08:04,Yale,womens-sailing,2026,womens-sailing,15
2026-10-05T15:08:04,Columbia,womens-golf,2026,womens-golf,12
2026-10-05T15:08:04,Penn,womens-track-and-field,2026,womens-track-and-field,57
2026-10-05T15:08:04,Dartmouth,mens-squash,2026,mens-squash,12
2026-10-05T15:08:04,Brown,equestrian,2026,equestrian,21
2026-10-05T15:08:04,Yale,womens-rowing,2026,womens-crew,39
2026-10-05T15:08:04,Penn,womens-volleyball,2026,womens-volleyball,18
2026-10-05T15:08:05,Columbia,womens-lacrosse,2026,womens-lacrosse,31
2026-10-05T15:08:05,Princeton,mens-track-and-field,2026,mens-track-and-field,67
2026-10-05T15:08:05,Dartmouth,mens-swimming-and-diving,2026,mens-swimming-and-diving,23
2026-10-05T15:08:06,Brown,field-hockey,2026,field-hockey,24
2026-10-05T15:08:06,Columbia,womens-soccer,2026,womens-soccer,31
2026-10-05T15:08:06,Princeton,womens-basketball,2026,womens-basketball,15
2026-10-05T15:08:06,Penn,womens-rowing,2026,womens-rowing,34
2026-10-05T15:08:06,Dartmouth,mens-tennis,2026,mens-tennis,10
2026-10-05T15:08:07,Brown,womens-golf,2026,womens-golf,8
2026-10-05T15:08:07,Columbia,womens-squash,2026,womens-squash,17
2026-10-05T15:08:07,Princeton,womens-cross-country,2026,womens-cross-country,24
2026-10-05T15:08:07,Brown,womens-ice-hockey,2026,womens-ice-hockey,27
2026-10-05T15:08:08,Columbia,womens-swimming-and-diving,2026,womens-swimming-and-diving,34
2026-10-05T15:08:08,Brown,womens-lacrosse,2026,womens-lacrosse,31
2026-10-05T15:08:09,Columbia,womens-tennis,2026,womens-tennis,15
2026-10-05T15:08:09,Princeton,field-hockey,2026,field-hockey,24
2026-10-05T15:08:09,Dartmouth,mens-track-and-field,2026,mens-track-and-field,41
2026-10-05T15:08:09,Harvard,womens-swimming-and-diving,2026,womens-swimming-and-diving,31
2026-10-05T15:08:09,Brown,womens-rugby,2026,womens-rugby,35
2026-10-05T15:08:09,Columbia,womens-volleyball,2026,womens-volleyball,20
2026-10-05T15:08:10,Princeton,womens-golf,2026,womens-golf,10
2026-10-05T15:08:10,Dartmouth,womens-basketball,2026,womens-basketball,17
2026-10-05T15:08:10,Brown,womens-soccer,2026,womens-soccer,32
2026-10-05T15:08:10,Columbia,cross-country,2026,cross-country,52
2026-10-05T15:08:11,Princeton,womens-ice-hockey,2026,womens-ice-hockey,23
2026-10-05T15:08:11,Brown,womens-squash,2026,womens-squash,17
2026-10-05T15:08:11,Dartmouth,womens-cross-country,2026,womens-cross-country,21
2026-10-05T15:08:12,Columbia,track-and-field,2026,track-and-field,112
2026-10-05T15:08:12,Princeton,womens-lacrosse,2026,womens-lacrosse,32
2026-10-05T15:08:12,Brown,womens-swimming-and-diving,2026,womens-swimming-and-diving,30
2026-10-05T15:08:12,Dartmouth,equestrian,2026,equestrian,11
2026-10-05T15:08:12,Harvard,womens-tennis,2026,womens-tennis,14
2026-10-05T15:08:13,Princeton,womens-rugby,2026,womens-rugby,28
2026-10-05T15:08:13,Columbia,womens-rowing,2026,womens-rowing,45
2026-10-05T15:08:13,Brown,womens-tennis,2026,womens-tennis,14
2026-10-05T15:08:14,Princeton,womens-soccer,2026,womens-soccer,28
2026-10-05T15:08:14,Dartmouth,field-hockey,2026,field-hockey,24
2026-10-05T15:08:14,Brown,womens-track-and-field,2026,womens-track-and-field,60
2026-10-05T15:08:15,Princeton,womens-squash,2026,womens-squash,14
2026-10-05T15:08:15,Dartmouth,womens-golf,2026,womens-golf,10
2026-10-05T15:08:15,Brown,womens-volleyball,2026,womens-volleyball,20
2026-10-05T15:08:15,Harvard,womens-volleyball,2026,womens-volleyball,14
2026-10-05T15:08:16,Dartmouth,womens-ice-hockey,2026,womens-ice-hockey,27
2026-10-05T15:08:16,Brown,womens-sailing,2026,womens-sailing,21
2026-10-05T15:08:16,Princeton,womens-swimming-and-diving,2026,womens-swimming-and-diving,30
2026-10-05T15:08:17,Brown,womens-rowing,2026,womens-crew,44
2026-10-05T15:08:17,Dartmouth,womens-lacrosse,2026,womens-lacrosse,37
2026-10-05T15:08:17,Princeton,womens-tennis,2026,womens-tennis,11
2026-10-05T15:08:17,Harvard,cross-country,2026,cross-country,37
2026-10-05T15:08:18,Dartmouth,womens-rugby,2026,womens-rugby,33
2026-10-05T15:08:19,Dartmouth,womens-soccer,2026,womens-soccer,29
2026-10-05T15:08:19,Harvard,track-and-field,2026,mens-track-and-field,93
2026-10-05T15:08:19,Princeton,womens-track-and-field,2026,womens-track-and-field,59
2026-10-05T15:08:20,Dartmouth,womens-squash,2026,womens-squash,13
2026-10-05T15:08:20,Princeton,womens-volleyball,2026,womens-volleyball,16
2026-10-05T15:08:21,Dartmouth,womens-swimming-and-diving,2026,womens-swimming-and-diving,29
2026-10-05T15:08:22,Harvard,womens-rowing,2026,womens-heavyweight-rowing,35
2026-10-05T15:08:22,Dartmouth,womens-tennis,2026,womens-tennis,12
2026-10-05T15:08:22,Princeton,womens-rowing,2026,,0
2026-10-05T15:08:24,Dartmouth,womens-track-and-field,2026,womens-track-and-field,44
2026-10-05T15:08:25,Dartmouth,womens-volleyball,2026,womens-volleyball,17
2026-10-05T15:08:26,Harvard,womens-lightweight-rowing,2026,womens-lightweight-rowing,27
2026-10-05T15:08:26,Dartmouth,womens-rowing,2026,womens-rowing,53
2026-10-06T11:46:47,Cornell,baseball,2026,baseball,40
2026-10-06T11:46:47,Penn,baseball,2026,baseball,37
2026-10-06T11:46:47,Yale,baseball,2026,baseball,30
2026-10-06T11:46:47,Harvard,baseball,2026,baseball,30
2026-10-06T11:46:47,Cornell,mens-basketball,2026,mens-basketball,19
2026-10-06T11:46:47,Penn,mens-basketball,2026,mens-basketball,20
2026-10-06T11:46:47,Princeton,baseball,2026,baseball,25
2026-10-06T11:46:47,Yale,mens-basketball,2026,mens-basketball,15
2026-10-06T11:46:47,Brown,baseball,2026,baseball,38
2026-10-06T11:46:48,Columbia,baseball,2026,baseball,44
2026-10-06T11:46:48,Harvard,mens-basketball,2026,mens-basketball,20
2026-10-06T11:46:48,Cornell,mens-cross-country,2026,mens-cross-country,24
2026-10-06T11:46:48,Penn,mens-cross-country,2026,mens-cross-country,17
2026-10-06T11:46:48,Dartmouth,baseball,2026,,0
2026-10-06T11:46:48,Yale,mens-cross-country,2026,mens-cross-country,25
2026-10-06T11:46:48,Harvard,football,2026,football,109
2026-10-06T11:46:48,Cornell,football,2026,football,119
2026-10-06T11:46:49,Penn,football,2026,football,93
2026-10-06T11:46:49,Columbia,mens-basketball,2026,mens-basketball,19
2026-10-06T11:46:49,Brown,mens-basketball,2026,mens-basketball,19
2026-10-06T11:46:49,Princeton,mens-basketball,2026,mens-basketball,21
2026-10-06T11:46:49,Yale,football,2026,football,93
2026-10-06T11:46:49,Penn,mens-golf,2026,mens-golf,9
2026-10-06T11:46:49,Dartmouth,mens-basketball,2026,mens-basketball,15
2026-10-06T11:46:49,Harvard,mens-golf,2026,mens-golf,8
2026-10-06T11:46:49,Cornell,mens-golf,2026,mens-golf,8
2026-10-06T11:46:49,Yale,mens-golf,2026,mens-golf,8
2026-10-06T11:46:49,Penn,mens-lacrosse,2026,mens-lacrosse,31
2026-10-06T11:46:49,Brown,mens-cross-country,2026,mens-cross-country,21
2026-10-06T11:46:50,Harvard,mens-ice-hockey,2026,mens-ice-hockey,29
2026-10-06T11:46:50,Cornell,mens-ice-hockey,2026,mens-ice-hockey,31
2026-10-06T11:46:50,Yale,mens-ice-hockey,2026,mens-ice-hockey,29
2026-10-06T11:46:50,Penn,mens-rowing,2026,mens-rowing,38
2026-10-06T11:46:50,Princeton,mens-cross-country,2026,mens-cross-country,25
2026-10-06T11:46:50,Cornell,mens-lacrosse,2026,mens-lacrosse,52
2026-10-06T11:46:50,Dartmouth,mens-cross-country,2026,mens-cross-country,13
2026-10-06T11:46:50,Harvard,mens-lacrosse,2026,mens-lacrosse,49
2026-10-06T11:46:50,Yale,mens-lacrosse,2026,mens-lacrosse,48
2026-10-06T11:46:50,Penn,mens-soccer,2026,mens-soccer,32
2026-10-06T11:46:50,Cornell,mens-rowing,2026,mens-rowing,29
2026-10-06T11:46:51,Columbia,football,2026,football,108
2026-10-06T11:46:51,Yale,mens-rowing,2026,mens-crew,51
2026-10-06T11:46:51,Penn,mens-squash,2026,mens-squash,16
2026-10-06T11:46:51,Harvard,mens-rowing,2026,mens-heavyweight-rowing,43
2026-10-06T11:46:51,Cornell,mens-soccer,2026,mens-soccer,30
2026-10-06T11:46:51,Brown,football,2026,football,107
2026-10-06T11:46:51,Cornell,mens-squash,2026,mens-squash,14
2026-10-06T11:46:51,Yale,rowing,2026,mens-rowing,33
2026-10-06T11:46:52,Harvard,rowing,2026,mens-lightweight-rowing,35
2026-10-06T11:46:52,Penn,mens-swimming-and-diving,2026,mens-swimming-and-diving,28
2026-10-06T11:46:52,Columbia,mens-golf,2026,mens-golf,10
2026-10-06T11:46:52,Princeton,football,2026,football,110
2026-10-06T11:46:52,Cornell,mens-swimming-and-diving,2026,mens-swimming-and-diving,34
2026-10-06T11:46:52,Penn,mens-tennis,2026,mens-tennis,12
2026-10-06T11:46:52,Yale,sailing,2026,sailing,27
2026-10-06T11:46:52,Brown,mens-golf,2026,mens-golf,12
2026-10-06T11:46:52,Harvard,sailing,2026,mens-sailing,36
2026-10-06T11:46:52,Cornell,mens-tennis,2026,mens-tennis,11
2026-10-06T11:46:53,Penn,mens-track-and-field,2026,mens-track-and-field,51
2026-10-06T11:46:53,Dartmouth,football,2026,football,106
2026-10-06T11:46:53,Yale,mens-soccer,2026,mens-soccer,28
2026-10-06T11:46:53,Princeton,mens-golf,2026,mens-golf,11
2026-10-06T11:46:53,Harvard,skiing,2026,skiing,21
2026-10-06T11:46:53,Columbia,mens-rowing,2026,mens-rowing,38
2026-10-06T11:46:53,Cornell,mens-track-and-field,2026,mens-track-and-field,51
2026-10-06T11:46:53,Brown,mens-ice-hockey,2026,mens-ice-hockey,29
2026-10-06T11:46:53,Yale,mens-squash,2026,mens-squash,13
2026-10-06T11:46:53,Penn,womens-basketball,2026,womens-basketball,16
2026-10-06T11:46:53,Cornell,womens-basketball,2026,womens-basketball,16
2026-10-06T11:46:53,Harvard,mens-soccer,2026,mens-soccer,29
2026-10-06T11:46:54,Penn,womens-cross-country,2026,womens-cross-country,20
2026-10-06T11:46:54,Yale,mens-swimming-and-diving,2026,mens-swimming-and-diving,29
2026-10-06T11:46:54,Cornell,womens-cross-country,2026,womens-cross-country,20
2026-10-06T11:46:54,Dartmouth,mens-golf,2026,mens-golf,8
2026-10-06T11:46:54,Princeton,mens-ice-hockey,2026,mens-ice-hockey,29
2026-10-06T11:46:54,Columbia,rowing,2026,lightweight-rowing,36
2026-10-06T11:46:54,Harvard,mens-squash,2026,mens-squash,13
2026-10-06T11:46:54,Yale,mens-tennis,2026,mens-tennis,12
2026-10-06T11:46:54,Brown,mens-lacrosse,2026,mens-lacrosse,52
2026-10-06T11:46:54,Penn,field-hockey,2026,field-hockey,22
2026-10-06T11:46:54,Cornell,equestrian,2026,equestrian,37
2026-10-06T11:46:54,Harvard,mens-swimming-and-diving,2026,mens-swimming-and-diving,30
2026-10-06T11:46:55,Yale,mens-track-and-field,2026,mens-track-and-field,53
2026-10-06T11:46:55,Penn,womens-golf,2026,womens-golf,8
2026-10-06T11:46:55,Dartmouth,mens-ice-hockey,2026,mens-ice-hockey,31
2026-10-06T11:46:55,Cornell,field-hockey,2026,field-hockey,26
2026-10-06T11:46:55,Yale,womens-basketball,2026,womens-basketball,19
2026-10-06T11:46:55,Princeton,mens-lacrosse,2026,mens-lacrosse,54
2026-10-06T11:46:55,Penn,womens-lacrosse,2026,womens-lacrosse,34
2026-10-06T11:46:55,Harvard,mens-tennis,2026,mens-tennis,13
2026-10-06T11:46:55,Brown,mens-rowing,2026,mens-crew,49
2026-10-06T11:46:55,Cornell,womens-ice-hockey,2026,womens-ice-hockey,24
2026-10-06T11:46:55,Yale,womens-cross-country,2026,womens-cross-country,18
2026-10-06T11:46:56,Columbia,mens-soccer,2026,mens-soccer,27
2026-10-06T11:46:56,Penn,womens-soccer,2026,womens-soccer,30
2026-10-06T11:46:56,Harvard,womens-basketball,2026,womens-basketball,18
2026-10-06T11:46:56,Cornell,womens-lacrosse,2026,womens-lacrosse,40
2026-10-06T11:46:56,Penn,womens-squash,2026,womens-squash,14
2026-10-06T11:46:56,Brown,sailing,2026,coed-sailing,31
2026-10-06T11:46:56,Harvard,field-hockey,2026,field-hockey,20
2026-10-06T11:46:56,Dartmouth,mens-lacrosse,2026,,0
2026-10-06T11:46:56,Cornell,womens-soccer,2026,womens-soccer,31
2026-10-06T11:46:56,Yale,field-hockey,2026,field-hockey,19
2026-10-06T11:46:56,Columbia,mens-squash,2026,mens-squash,17
2026-10-06T11:46:56,Harvard,womens-golf,2026,womens-golf,9
2026-10-06T11:46:57,Penn,womens-swimming-and-diving,2026,womens-swimming-and-diving,31
2026-10-06T11:46:57,Cornell,womens-squash,2026,womens-squash,14
2026-10-06T11:46:57,Princeton,mens-rowing,2026,,0
2026-10-06T11:46:57,Yale,womens-golf,2026,womens-golf,8
2026-10-06T11:46:57,Penn,womens-tennis,2026,womens-tennis,10
2026-10-06T11:46:57,Harvard,womens-ice-hockey,2026,womens-ice-hockey,24
2026-10-06T11:46:57,Cornell,womens-swimming-and-diving,2026,womens-swimming-and-diving,31
2026-10-06T11:46:57,Yale,womens-ice-hockey,2026,womens-ice-hockey,27
2026-10-06T11:46:57,Brown,mens-soccer,2026,mens-soccer,29
2026-10-06T11:46:57,Dartmouth,mens-rowing,2026,mens-rowing,43
2026-10-06T11:46:57,Penn,womens-track-and-field,2026,womens-track-and-field,57
2026-10-06T11:46:57,Cornell,womens-tennis,2026,womens-tennis,10
2026-10-06T11:46:57,Harvard,womens-lacrosse,2026,womens-lacrosse,29
2026-10-06T11:46:58,Yale,womens-lacrosse,2026,womens-lacrosse,33
2026-10-06T11:46:58,Columbia,mens-swimming-and-diving,2026,mens-swimming-and-diving,37
2026-10-06T11:46:58,Penn,womens-volleyball,2026,womens-volleyball,18
2026-10-06T11:46:58,Cornell,womens-track-and-field,2026,womens-track-and-field,51
2026-10-06T11:46:58,Harvard,womens-rugby,2026,womens-rugby,27
2026-10-06T11:46:58,Brown,mens-squash,2026,mens-squash,14
2026-10-06T11:46:58,Princeton,rowing,2026,,0
2026-10-06T11:46:58,Dartmouth,rowing,2026,rowing,25
2026-10-06T11:46:58,Cornell,womens-volleyball,2026,womens-volleyball,18
2026-10-06T11:46:58,Yale,womens-soccer,2026,womens-soccer,26
2026-10-06T11:46:58,Penn,womens-rowing,2026,womens-rowing,34
2026-10-06T11:46:58,Harvard,womens-soccer,2026,womens-soccer,24
2026-10-06T11:46:58,Cornell,womens-sailing,2026,womens-sailing,14
2026-10-06T11:46:58,Columbia,mens-tennis,2026,mens-tennis,14
2026-10-06T11:46:59,Brown,mens-swimming-and-diving,2026,mens-swimming-and-diving,35
2026-10-06T11:46:59,Yale,womens-squash,2026,womens-squash,8
2026-10-06T11:46:59,Harvard,womens-squash,2026,womens-squash,12
2026-10-06T11:46:59,Cornell,womens-rowing,2026,womens-rowing,54
2026-10-06T11:46:59,Dartmouth,sailing,2026,sailing,28
2026-10-06T11:46:59,Harvard,womens-swimming-and-diving,2026,womens-swimming-and-diving,31
2026-10-06T11:46:59,Yale,womens-swimming-and-diving,2026,womens-swimming-and-diving,29
2026-10-06T11:46:59,Brown,mens-tennis,2026,mens-tennis,13
2026-10-06T11:46:59,Princeton,mens-soccer,2026,mens-soccer,28
2026-10-06T11:47:00,Columbia,womens-basketball,2026,womens-basketball,15
2026-10-06T11:47:00,Harvard,womens-tennis,2026,womens-tennis,14
2026-10-06T11:47:00,Yale,womens-tennis,2026,womens-tennis,10
2026-10-06T11:47:00,Harvard,womens-volleyball,2026,womens-volleyball,14
2026-10-06T11:47:00,Princeton,mens-squash,2026,mens-squash,14
2026-10-06T11:47:00,Brown,mens-track-and-field,2026,mens-track-and-field,54
2026-10-06T11:47:00,Yale,womens-track-and-field,2026,womens-track-and-field,49
2026-10-06T11:47:01,Harvard,cross-country,2026,cross-country,37
2026-10-06T11:47:01,Princeton,mens-swimming-and-diving,2026,mens-swimming-and-diving,39
2026-10-06T11:47:01,Yale,womens-volleyball,2026,womens-volleyball,17
2026-10-06T11:47:01,Columbia,field-hockey,2026,field-hockey,28
2026-10-06T11:47:01,Harvard,track-and-field,2026,mens-track-and-field,93
2026-10-06T11:47:01,Brown,womens-basketball,2026,womens-basketball,18
2026-10-06T11:47:01,Dartmouth,skiing,2026,skiing,42
2026-10-06T11:47:02,Yale,womens-sailing,2026,womens-sailing,15
2026-10-06T11:47:02,Harvard,womens-rowing,2026,womens-heavyweight-rowing,35
2026-10-06T11:47:02,Brown,womens-cross-country,2026,womens-cross-country,25
2026-10-06T11:47:02,Columbia,womens-golf,2026,womens-golf,12
2026-10-06T11:47:02,Yale,womens-rowing,2026,womens-crew,39
2026-10-06T11:47:02,Harvard,womens-lightweight-rowing,2026,womens-lightweight-rowing,27
2026-10-06T11:47:02,Princeton,mens-tennis,2026,mens-tennis,12
2026-10-06T11:47:03,Brown,equestrian,2026,equestrian,21
2026-10-06T11:47:03,Columbia,womens-lacrosse,2026,womens-lacrosse,31
2026-10-06T11:47:03,Dartmouth,mens-soccer,2026,mens-soccer,28
2026-10-06T11:47:04,Princeton,mens-track-and-field,2026,mens-track-and-field,67
2026-10-06T11:47:04,Brown,field-hockey,2026,field-hockey,24
2026-10-06T11:47:04,Dartmouth,mens-squash,2026,mens-squash,12
2026-10-06T11:47:04,Columbia,womens-soccer,2026,womens-soccer,31
2026-10-06T11:47:05,Princeton,womens-basketball,2026,womens-basketball,15
2026-10-06T11:47:05,Brown,womens-golf,2026,womens-golf,8
2026-10-06T11:47:05,Columbia,womens-squash,2026,womens-squash,17
2026-10-06T11:47:05,Dartmouth,mens-swimming-and-diving,2026,mens-swimming-and-diving,23
2026-10-06T11:47:06,Princeton,womens-cross-country,2026,womens-cross-country,24
2026-10-06T11:47:06,Brown,womens-ice-hockey,2026,womens-ice-hockey,27
2026-10-06T11:47:06,Columbia,womens-swimming-and-diving,2026,womens-swimming-and-diving,34
2026-10-06T11:47:07,Dartmouth,mens-tennis,2026,mens-tennis,10
2026-10-06T11:47:07,Brown,womens-lacrosse,2026,womens-lacrosse,31
2026-10-06T11:47:07,Columbia,womens-tennis,2026,womens-tennis,15
2026-10-06T11:47:07,Princeton,field-hockey,2026,field-hockey,24
2026-10-06T11:47:07,Brown,womens-rugby,2026,womens-rugby,35
2026-10-06T11:47:08,Princeton,womens-golf,2026,womens-golf,10
2026-10-06T11:47:08,Columbia,womens-volleyball,2026,womens-volleyball,20
2026-10-06T11:47:08,Brown,womens-soccer,2026,womens-soccer,32
2026-10-06T11:47:08,Princeton,womens-ice-hockey,2026,womens-ice-hockey,23
2026-10-06T11:47:09,Dartmouth,mens-track-and-field,2026,mens-track-and-field,41
2026-10-06T11:47:09,Columbia,cross-country,2026,cross-country,52
2026-10-06T11:47:09,Brown,womens-squash,2026,womens-squash,17
2026-10-06T11:47:09,Princeton,womens-lacrosse,2026,womens-lacrosse,32
2026-10-06T11:47:10,Dartmouth,womens-basketball,2026,womens-basketball,17
2026-10-06T11:47:10,Brown,womens-swimming-and-diving,2026,womens-swimming-and-diving,30
2026-10-06T11:47:10,Columbia,track-and-field,2026,track-and-field,112
2026-10-06T11:47:10,Princeton,womens-rugby,2026,womens-rugby,28
2026-10-06T11:47:11,Dartmouth,womens-cross-country,2026,womens-cross-country,21
2026-10-06T11:47:11,Brown,womens-tennis,2026,womens-tennis,14
2026-10-06T11:47:11,Columbia,womens-rowing,2026,womens-rowing,45
2026-10-06T11:47:11,Princeton,womens-soccer,2026,womens-soccer,28
2026-10-06T11:47:12,Brown,womens-track-and-field,2026,womens-track-and-field,60
2026-10-06T11:47:12,Dartmouth,equestrian,2026,equestrian,11
2026-10-06T11:47:12,Princeton,womens-squash,2026,womens-squash,14
2026-10-06T11:47:13,Brown,womens-volleyball,2026,womens-volleyball,20
2026-10-06T11:47:13,Princeton,womens-swimming-and-diving,2026,womens-swimming-and-diving,30
2026-10-06T11:47:13,Brown,womens-sailing,2026,womens-sailing,21
2026-10-06T11:47:14,Princeton,womens-tennis,2026,womens-tennis,11
2026-10-06T11:47:14,Brown,womens-rowing,2026,womens-crew,44
2026-10-06T11:47:15,Dartmouth,field-hockey,2026,field-hockey,24
2026-10-06T11:47:15,Dartmouth,womens-golf,2026,womens-golf,10
2026-10-06T11:47:16,Princeton,womens-track-and-field,2026,womens-track-and-field,59
2026-10-06T11:47:16,Dartmouth,womens-ice-hockey,2026,womens-ice-hockey,27
2026-10-06T11:47:17,Princeton,womens-volleyball,2026,womens-volleyball,16
2026-10-06T11:47:18,Princeton,womens-rowing,2026,,0
2026-10-06T11:47:18,Dartmouth,womens-lacrosse,2026,womens-lacrosse,37
2026-10-06T11:47:19,Dartmouth,womens-rugby,2026,womens-rugby,33
2026-10-06T11:47:20,Dartmouth,womens-soccer,2026,womens-soccer,29
2026-10-06T11:47:20,Dartmouth,womens-squash,2026,womens-squash,13
2026-10-06T11:47:21,Dartmouth,womens-swimming-and-diving,2026,womens-swimming-and-diving,29
2026-10-06T11:47:22,Dartmouth,womens-tennis,2026,womens-tennis,12
2026-10-06T11:47:24,Dartmouth,womens-track-and-field,2026,womens-track-and-field,44
2026-10-06T11:47:26,Dartmouth,womens-volleyball,2026,womens-volleyball,17
2026-10-06T11:47:27,Dartmouth,womens-rowing,2026,womens-rowing,53
2026-10-06T14:00:46,Harvard,baseball,2016,baseball,29
2026-10-06T14:00:46,Dartmouth,baseball,2016,baseball,36
2026-10-06T14:00:46,Cornell,baseball,2016,baseball,35
2026-10-06T14:00:46,Yale,baseball,2016,baseball,28
2026-10-06T14:00:47,Princeton,baseball,2016,baseball,32
2026-10-06T14:00:47,Brown,baseball,2016,baseball,32
2026-10-06T14:00:47,Cornell,mens-basketball,2016,mens-basketball,18
2026-10-06T14:00:47,Dartmouth,mens-basketball,2016,mens-basketball,17
2026-10-06T14:00:48,Princeton,mens-basketball,2016,mens-basketball,20
2026-10-06T14:00:48,Cornell,mens-cross-country,2016,mens-cross-country,27
2026-10-06T14:00:48,Harvard,mens-basketball,2016,mens-basketball,20
2026-10-06T14:00:48,Brown,mens-basketball,2016,mens-basketball,16
2026-10-06T14:00:48,Dartmouth,mens-cross-country,2016,mens-cross-country,25
2026-10-06T14:00:48,Cornell,football,2016,football,114
2026-10-06T14:00:48,Penn,baseball,2016,baseball,31
2026-10-06T14:00:49,Harvard,football,2016,football,108
2026-10-06T14:00:49,Princeton,mens-cross-country,2016,mens-cross-country,26
2026-10-06T14:00:49,Cornell,mens-golf,2016,mens-golf,10
2026-10-06T14:00:49,Brown,mens-cross-country,2016,mens-cross-country,23
2026-10-06T14:00:49,Harvard,mens-golf,2016,mens-golf,8
2026-10-06T14:00:50,Columbia,baseball,2016,baseball,34
2026-10-06T14:00:50,Cornell,mens-ice-hockey,2016,mens-ice-hockey,28
2026-10-06T14:00:50,Cornell,mens-lacrosse,2016,mens-lacrosse,47
2026-10-06T14:00:50,Harvard,mens-ice-hockey,2016,mens-ice-hockey,31
2026-10-06T14:00:51,Columbia,mens-basketball,2016,mens-basketball,19
2026-10-06T14:00:51,Dartmouth,football,2016,football,122
2026-10-06T14:00:51,Penn,mens-basketball,2016,mens-basketball,19
2026-10-06T14:00:51,Cornell,mens-rowing,2016,mens-rowing,46
2026-10-06T14:00:51,Harvard,mens-lacrosse,2016,mens-lacrosse,42
2026-10-06T14:00:51,Dartmouth,mens-golf,2016,mens-golf,10
2026-10-06T14:00:52,Princeton,football,2016,football,121
2026-10-06T14:00:52,Cornell,mens-soccer,2016,mens-soccer,31
2026-10-06T14:00:52,Penn,mens-cross-country,2016,mens-cross-country,26
2026-10-06T14:00:52,Harvard,mens-rowing,2016,mens-heavyweight-rowing,51
2026-10-06T14:00:52,Cornell,mens-squash,2016,mens-squash,16
2026-10-06T14:00:52,Brown,football,2016,football,113
2026-10-06T14:00:53,Dartmouth,mens-ice-hockey,2016,mens-ice-hockey,29
2026-10-06T14:00:53,Penn,football,2016,football,107
2026-10-06T14:00:53,Cornell,mens-swimming-and-diving,2016,mens-swimming-and-diving,27
2026-10-06T14:00:53,Princeton,mens-golf,2016,mens-golf,8
2026-10-06T14:00:53,Harvard,rowing,2016,mens-lightweight-rowing,59
2026-10-06T14:00:53,Cornell,mens-tennis,2016,mens-tennis,16
2026-10-06T14:00:53,Brown,mens-golf,2026,mens-golf,12
2026-10-06T14:00:54,Columbia,football,2016,football,114
2026-10-06T14:00:54,Harvard,sailing,2016,mens-sailing,33
2026-10-06T14:00:54,Dartmouth,mens-lacrosse,2016,mens-lacrosse,35
2026-10-06T14:00:54,Cornell,mens-track-and-field,2016,mens-track-and-field,76
2026-10-06T14:00:54,Princeton,mens-ice-hockey,2016,mens-ice-hockey,29
2026-10-06T14:00:54,Cornell,womens-basketball,2016,womens-basketball,17
2026-10-06T14:00:54,Harvard,skiing,2016,skiing,26
2026-10-06T14:00:55,Brown,mens-ice-hockey,2016,mens-ice-hockey,28
2026-10-06T14:00:55,Columbia,mens-golf,2016,mens-golf,11
2026-10-06T14:00:55,Cornell,womens-cross-country,2016,womens-cross-country,45
2026-10-06T14:00:55,Dartmouth,mens-rowing,2016,mens-rowing,39
2026-10-06T14:00:55,Princeton,mens-lacrosse,2016,mens-lacrosse,48
2026-10-06T14:00:55,Harvard,mens-soccer,2016,mens-soccer,27
2026-10-06T14:00:55,Cornell,equestrian,2016,equestrian,33
2026-10-06T14:00:56,Brown,mens-lacrosse,2016,mens-lacrosse,44
2026-10-06T14:00:56,Cornell,field-hockey,2016,field-hockey,19
2026-10-06T14:00:56,Penn,mens-golf,2016,mens-golf,10
2026-10-06T14:00:56,Dartmouth,rowing,2016,rowing,27
2026-10-06T14:00:56,Cornell,womens-ice-hockey,2016,womens-ice-hockey,19
2026-10-06T14:00:57,Columbia,mens-rowing,2016,mens-rowing,33
2026-10-06T14:00:57,Harvard,mens-squash,2016,mens-squash,17
2026-10-06T14:00:57,Penn,mens-lacrosse,2016,mens-lacrosse,41
2026-10-06T14:00:57,Cornell,womens-lacrosse,2016,womens-lacrosse,29
2026-10-06T14:00:57,Brown,mens-rowing,2016,mens-crew,51
2026-10-06T14:00:57,Cornell,womens-soccer,2016,womens-soccer,30
2026-10-06T14:00:58,Princeton,mens-rowing,2016,mens-rowing,51
2026-10-06T14:00:58,Harvard,mens-swimming-and-diving,2016,mens-swimming-and-diving,38
2026-10-06T14:00:58,Cornell,womens-squash,2016,womens-squash,13
2026-10-06T14:00:58,Yale,mens-basketball,2016,mens-basketball,14
2026-10-06T14:00:58,Dartmouth,sailing,2016,sailing,24
2026-10-06T14:00:58,Cornell,womens-swimming-and-diving,2016,womens-swimming-and-diving,31
2026-10-06T14:00:58,Harvard,mens-tennis,2016,mens-tennis,12
2026-10-06T14:00:59,Columbia,rowing,2016,lightweight-rowing,34
2026-10-06T14:00:59,Cornell,womens-tennis,2016,womens-tennis,11
2026-10-06T14:00:59,Brown,sailing,2016,,0
2026-10-06T14:00:59,Harvard,womens-basketball,2016,womens-basketball,14
2026-10-06T14:00:59,Cornell,womens-track-and-field,2016,womens-track-and-field,97
2026-10-06T14:00:59,Princeton,rowing,2016,mlr,58
2026-10-06T14:01:00,Harvard,field-hockey,2016,field-hockey,24
2026-10-06T14:01:00,Dartmouth,skiing,2016,skiing,48
2026-10-06T14:01:00,Penn,mens-rowing,2016,mens-rowing,30
2026-10-06T14:01:00,Cornell,womens-volleyball,2016,womens-volleyball,20
2026-10-06T14:01:00,Brown,mens-soccer,2016,mens-soccer,29
2026-10-06T14:01:00,Columbia,mens-soccer,2016,mens-soccer,30
2026-10-06T14:01:01,Cornell,womens-sailing,2016,womens-sailing,17
2026-10-06T14:01:01,Harvard,womens-golf,2016,womens-golf,7
2026-10-06T14:01:01,Princeton,mens-soccer,2016,mens-soccer,29
2026-10-06T14:01:01,Brown,mens-squash,2026,mens-squash,14
2026-10-06T14:01:01,Yale,mens-cross-country,2016,mens-cross-country,25
2026-10-06T14:01:01,Penn,mens-soccer,2016,mens-soccer,25
2026-10-06T14:01:01,Cornell,womens-rowing,2016,womens-rowing,48
2026-10-06T14:01:01,Columbia,mens-squash,2016,mens-squash,17
2026-10-06T14:01:01,Harvard,womens-ice-hockey,2016,womens-ice-hockey,20
2026-10-06T14:01:02,Cornell,baseball,2017,baseball,34
2026-10-06T14:01:02,Yale,football,2016,football,34
2026-10-06T14:01:02,Dartmouth,mens-soccer,2016,mens-soccer,28
2026-10-06T14:01:02,Penn,mens-squash,2016,mens-squash,16
2026-10-06T14:01:02,Cornell,mens-basketball,2017,mens-basketball,16
2026-10-06T14:01:02,Columbia,mens-swimming-and-diving,2016,mens-swimming-and-diving,35
2026-10-06T14:01:02,Harvard,womens-lacrosse,2016,womens-lacrosse,30
2026-10-06T14:01:02,Princeton,mens-squash,2016,mens-squash,18
2026-10-06T14:01:02,Penn,mens-swimming-and-diving,2016,mens-swimming-and-diving,31
2026-10-06T14:01:02,Brown,mens-swimming-and-diving,2016,mens-swimming-and-diving,28
2026-10-06T14:01:03,Cornell,mens-cross-country,2017,mens-cross-country,31
2026-10-06T14:01:03,Columbia,mens-tennis,2016,mens-tennis,14
2026-10-06T14:01:03,Penn,mens-tennis,2016,mens-tennis,12
2026-10-06T14:01:03,Cornell,football,2017,football,119
2026-10-06T14:01:03,Harvard,womens-rugby,2016,womens-rugby,25
2026-10-06T14:01:04,Penn,mens-track-and-field,2016,mens-track-and-field,57
2026-10-06T14:01:04,Princeton,mens-swimming-and-diving,2016,mens-swimming-and-diving,1
2026-10-06T14:01:04,Brown,mens-tennis,2016,mens-tennis,13
2026-10-06T14:01:04,Cornell,mens-golf,2017,mens-golf,9
2026-10-06T14:01:04,Columbia,womens-basketball,2016,womens-basketball,17
2026-10-06T14:01:04,Harvard,womens-soccer,2016,womens-soccer,25
2026-10-06T14:01:04,Yale,mens-golf,2016,mens-golf,8
2026-10-06T14:01:04,Cornell,mens-ice-hockey,2017,mens-ice-hockey,26
2026-10-06T14:01:04,Dartmouth,mens-squash,2016,mens-squash,15
2026-10-06T14:01:05,Princeton,mens-tennis,2016,mens-tennis,13
2026-10-06T14:01:05,Harvard,womens-squash,2016,womens-squash,13
2026-10-06T14:01:05,Cornell,mens-lacrosse,2017,mens-lacrosse,49
2026-10-06T14:01:05,Penn,womens-basketball,2016,womens-basketball,15
2026-10-06T14:01:05,Brown,mens-track-and-field,2016,mens-track-and-field,49
2026-10-06T14:01:05,Penn,womens-cross-country,2016,womens-cross-country,28
2026-10-06T14:01:06,Cornell,mens-rowing,2017,mens-rowing,45
2026-10-06T14:01:06,Dartmouth,mens-swimming-and-diving,2016,mens-swimming-and-diving,29
2026-10-06T14:01:06,Cornell,mens-soccer,2017,mens-soccer,24
2026-10-06T14:01:06,Princeton,mens-track-and-field,2016,mens-track-and-field,68
2026-10-06T14:01:06,Columbia,field-hockey,2016,field-hockey,24
2026-10-06T14:01:07,Yale,mens-ice-hockey,2016,mens-ice-hockey,27
2026-10-06T14:01:07,Harvard,womens-swimming-and-diving,2016,womens-swimming-and-diving,36
2026-10-06T14:01:07,Brown,womens-basketball,2016,womens-basketball,14
2026-10-06T14:01:07,Cornell,mens-squash,2017,mens-squash,16
2026-10-06T14:01:08,Cornell,mens-swimming-and-diving,2017,mens-swimming-and-diving,34
2026-10-06T14:01:08,Brown,womens-cross-country,2016,womens-cross-country,35
2026-10-06T14:01:08,Harvard,womens-tennis,2016,womens-tennis,12
2026-10-06T14:01:08,Princeton,womens-basketball,2016,womens-basketball,17
2026-10-06T14:01:08,Yale,mens-lacrosse,2016,mens-lacrosse,44
2026-10-06T14:01:08,Cornell,mens-tennis,2017,mens-tennis,12
2026-10-06T14:01:08,Dartmouth,mens-tennis,2016,mens-tennis,11
2026-10-06T14:01:08,Harvard,womens-volleyball,2016,womens-volleyball,15
2026-10-06T14:01:09,Princeton,womens-cross-country,2016,womens-cross-country,39
2026-10-06T14:01:09,Cornell,mens-track-and-field,2017,mens-track-and-field,78
2026-10-06T14:01:09,Penn,field-hockey,2016,field-hockey,19
2026-10-06T14:01:09,Brown,equestrian,2016,equestrian,35
2026-10-06T14:01:09,Cornell,womens-basketball,2017,womens-basketball,16
2026-10-06T14:01:09,Harvard,cross-country,2016,cross-country,10
2026-10-06T14:01:10,Yale,mens-rowing,2016,mens-crew,48
2026-10-06T14:01:10,Dartmouth,mens-track-and-field,2016,mens-track-and-field,59
2026-10-06T14:01:10,Harvard,track-and-field,2016,mens-track-and-field,91
2026-10-06T14:01:10,Yale,rowing,2016,mens-rowing,43
2026-10-06T14:01:11,Dartmouth,womens-basketball,2016,womens-basketball,16
2026-10-06T14:01:11,Harvard,womens-rowing,2016,womens-heavyweight-rowing,54
2026-10-06T14:01:11,Princeton,field-hockey,2016,field-hockey,22
2026-10-06T14:01:11,Cornell,womens-cross-country,2017,womens-cross-country,43
2026-10-06T14:01:11,Penn,womens-golf,2016,womens-golf,10
2026-10-06T14:01:11,Yale,sailing,2016,sailing,27
2026-10-06T14:01:11,Harvard,womens-lightweight-rowing,2016,womens-lightweight-rowing,29
2026-10-06T14:01:12,Penn,womens-lacrosse,2016,womens-lacrosse,26
2026-10-06T14:01:12,Dartmouth,womens-cross-country,2016,womens-cross-country,26
2026-10-06T14:01:12,Brown,field-hockey,2016,field-hockey,24
2026-10-06T14:01:12,Cornell,equestrian,2017,equestrian,31
2026-10-06T14:01:12,Princeton,womens-golf,2016,womens-golf,10
2026-10-06T14:01:12,Yale,mens-soccer,2016,mens-soccer,28
2026-10-06T14:01:12,Harvard,baseball,2017,baseball,32
2026-10-06T14:01:12,Brown,womens-golf,2026,womens-golf,8
2026-10-06T14:01:12,Dartmouth,equestrian,2016,equestrian,23
2026-10-06T14:01:12,Cornell,field-hockey,2017,field-hockey,21
2026-10-06T14:01:12,Penn,womens-soccer,2016,womens-soccer,28
2026-10-06T14:01:13,Cornell,womens-ice-hockey,2017,womens-ice-hockey,21
2026-10-06T14:01:13,Columbia,womens-golf,2016,womens-golf,8
2026-10-06T14:01:13,Harvard,mens-basketball,2017,mens-basketball,19
2026-10-06T14:01:13,Brown,womens-ice-hockey,2016,womens-ice-hockey,25
2026-10-06T14:01:13,Cornell,womens-lacrosse,2017,womens-lacrosse,30
2026-10-06T14:01:14,Penn,womens-squash,2016,womens-squash,17
2026-10-06T14:01:14,Princeton,womens-ice-hockey,2016,womens-ice-hockey,21
2026-10-06T14:01:14,Harvard,football,2017,football,110
2026-10-06T14:01:14,Cornell,womens-soccer,2017,womens-soccer,27
2026-10-06T14:01:14,Yale,mens-squash,2016,mens-squash,15
2026-10-06T14:01:15,Columbia,womens-lacrosse,2016,womens-lacrosse,28
2026-10-06T14:01:15,Cornell,womens-squash,2017,womens-squash,14
2026-10-06T14:01:15,Brown,womens-lacrosse,2016,womens-lacrosse,31
2026-10-06T14:01:15,Penn,womens-swimming-and-diving,2016,womens-swimming-and-diving,45
2026-10-06T14:01:15,Dartmouth,field-hockey,2016,field-hockey,19
2026-10-06T14:01:15,Princeton,womens-lacrosse,2016,womens-lacrosse,29
2026-10-06T14:01:15,Cornell,womens-swimming-and-diving,2017,womens-swimming-and-diving,27
2026-10-06T14:01:15,Yale,mens-swimming-and-diving,2016,mens-swimming-and-diving,32
2026-10-06T14:01:15,Harvard,mens-golf,2017,mens-golf,6
2026-10-06T14:01:16,Cornell,womens-tennis,2017,womens-tennis,7
2026-10-06T14:01:16,Princeton,womens-rugby,2026,womens-rugby,28
2026-10-06T14:01:16,Yale,mens-tennis,2016,mens-tennis,13
2026-10-06T14:01:16,Dartmouth,womens-golf,2016,womens-golf,12
2026-10-06T14:01:16,Harvard,mens-ice-hockey,2017,mens-ice-hockey,31
2026-10-06T14:01:16,Brown,womens-rugby,2016,womens-rugby,26
2026-10-06T14:01:16,Cornell,womens-track-and-field,2017,womens-track-and-field,95
2026-10-06T14:01:16,Columbia,womens-soccer,2016,womens-soccer,28
2026-10-06T14:01:17,Cornell,womens-volleyball,2017,womens-volleyball,21
2026-10-06T14:01:17,Dartmouth,womens-ice-hockey,2016,womens-ice-hockey,24
2026-10-06T14:01:17,Harvard,mens-lacrosse,2017,mens-lacrosse,45
2026-10-06T14:01:17,Brown,womens-soccer,2016,womens-soccer,26
2026-10-06T14:01:18,Princeton,womens-soccer,2016,womens-soccer,29
2026-10-06T14:01:18,Cornell,womens-sailing,2017,womens-sailing,19
2026-10-06T14:01:18,Penn,womens-tennis,2016,womens-tennis,10
2026-10-06T14:01:18,Brown,womens-squash,2026,womens-squash,17
2026-10-06T14:01:18,Penn,womens-track-and-field,2016,womens-track-and-field,63
2026-10-06T14:01:18,Princeton,womens-squash,2016,womens-squash,15
2026-10-06T14:01:19,Dartmouth,womens-lacrosse,2016,womens-lacrosse,32
2026-10-06T14:01:19,Cornell,womens-rowing,2017,womens-rowing,38
2026-10-06T14:01:19,Columbia,womens-squash,2016,womens-squash,14
2026-10-06T14:01:19,Yale,mens-track-and-field,2016,mens-track-and-field,59
2026-10-06T14:01:19,Penn,womens-volleyball,2016,womens-volleyball,23
2026-10-06T14:01:19,Harvard,mens-rowing,2017,mens-heavyweight-rowing,50
2026-10-06T14:01:19,Brown,womens-swimming-and-diving,2016,womens-swimming-and-diving,32
2026-10-06T14:01:19,Cornell,baseball,2018,baseball,33
2026-10-06T14:01:19,Penn,womens-rowing,2016,womens-rowing,46
2026-10-06T14:01:19,Dartmouth,womens-rugby,2016,womens-rugby,25
2026-10-06T14:01:20,Yale,womens-basketball,2016,womens-basketball,14
2026-10-06T14:01:20,Cornell,mens-basketball,2018,mens-basketball,17
2026-10-06T14:01:20,Penn,baseball,2017,baseball,30
2026-10-06T14:01:20,Columbia,womens-swimming-and-diving,2016,womens-swimming-and-diving,36
2026-10-06T14:01:20,Harvard,rowing,2017,mens-lightweight-rowing,52
2026-10-06T14:01:20,Princeton,womens-swimming-and-diving,2016,womens-swimming-and-diving,44
2026-10-06T14:01:21,Penn,mens-basketball,2017,mens-basketball,22
2026-10-06T14:01:21,Cornell,mens-cross-country,2018,mens-cross-country,25
2026-10-06T14:01:21,Columbia,womens-tennis,2016,womens-tennis,11
2026-10-06T14:01:21,Yale,womens-cross-country,2016,womens-cross-country,35
2026-10-06T14:01:21,Dartmouth,womens-soccer,2016,womens-soccer,28
2026-10-06T14:01:21,Penn,mens-cross-country,2017,mens-cross-country,28
2026-10-06T14:01:21,Harvard,sailing,2017,mens-sailing,35
2026-10-06T14:01:21,Cornell,football,2018,football,118
2026-10-06T14:01:22,Brown,womens-tennis,2016,womens-tennis,11
2026-10-06T14:01:22,Penn,football,2017,football,102
2026-10-06T14:01:22,Dartmouth,womens-squash,2016,womens-squash,13
2026-10-06T14:01:22,Princeton,womens-tennis,2016,womens-tennis,11
2026-10-06T14:01:22,Cornell,mens-golf,2018,mens-golf,8
2026-10-06T14:01:22,Harvard,skiing,2017,skiing,25
2026-10-06T14:01:22,Cornell,mens-ice-hockey,2018,mens-ice-hockey,26
2026-10-06T14:01:23,Princeton,womens-track-and-field,2016,womens-track-and-field,67
2026-10-06T14:01:23,Dartmouth,womens-swimming-and-diving,2016,womens-swimming-and-diving,27
2026-10-06T14:01:23,Harvard,mens-soccer,2017,mens-soccer,25
2026-10-06T14:01:23,Brown,womens-track-and-field,2016,womens-track-and-field,66
2026-10-06T14:01:23,Cornell,mens-lacrosse,2018,mens-lacrosse,50
2026-10-06T14:01:23,Penn,mens-golf,2017,mens-golf,8
2026-10-06T14:01:23,Harvard,mens-squash,2017,mens-squash,19
2026-10-06T14:01:24,Cornell,mens-rowing,2018,mens-rowing,42
2026-10-06T14:01:24,Princeton,womens-volleyball,2016,womens-volleyball,18
2026-10-06T14:01:24,Dartmouth,womens-tennis,2016,womens-tennis,12
2026-10-06T14:01:24,Cornell,mens-soccer,2018,mens-soccer,28
2026-10-06T14:01:24,Penn,mens-lacrosse,2017,mens-lacrosse,47
2026-10-06T14:01:24,Brown,womens-volleyball,2016,womens-volleyball,16
2026-10-06T14:01:24,Columbia,womens-volleyball,2016,womens-volleyball,17
2026-10-06T14:01:25,Harvard,mens-swimming-and-diving,2017,mens-swimming-and-diving,33
2026-10-06T14:01:25,Cornell,mens-squash,2018,mens-squash,16
2026-10-06T14:01:25,Harvard,mens-tennis,2017,mens-tennis,13
2026-10-06T14:01:25,Yale,field-hockey,2016,field-hockey,21
2026-10-06T14:01:25,Dartmouth,womens-track-and-field,2016,womens-track-and-field,53
2026-10-06T14:01:26,Columbia,cross-country,2016,cross-country,65
2026-10-06T14:01:26,Cornell,mens-swimming-and-diving,2018,mens-swimming-and-diving,32
2026-10-06T14:01:26,Harvard,womens-basketball,2017,womens-basketball,14
2026-10-06T14:01:26,Brown,womens-sailing,2016,,0
2026-10-06T14:01:26,Cornell,mens-tennis,2018,mens-tennis,12
2026-10-06T14:01:26,Princeton,womens-rowing,2016,womens-rowing,49
2026-10-06T14:01:26,Yale,womens-golf,2016,womens-golf,10
2026-10-06T14:01:26,Harvard,field-hockey,2017,field-hockey,23
2026-10-06T14:01:26,Dartmouth,womens-volleyball,2016,womens-volleyball,21
2026-10-06T14:01:27,Cornell,mens-track-and-field,2018,mens-track-and-field,66
2026-10-06T14:01:27,Brown,womens-rowing,2016,womens-crew,47
2026-10-06T14:01:27,Columbia,track-and-field,2016,track-and-field,100
2026-10-06T14:01:27,Cornell,womens-basketball,2018,womens-basketball,15
2026-10-06T14:01:27,Harvard,womens-golf,2017,womens-golf,7
2026-10-06T14:01:27,Princeton,baseball,2017,baseball,29
2026-10-06T14:01:28,Yale,womens-ice-hockey,2016,womens-ice-hockey,24
2026-10-06T14:01:28,Penn,mens-rowing,2017,mens-rowing,33
2026-10-06T14:01:28,Dartmouth,womens-rowing,2016,womens-rowing,47
2026-10-06T14:01:28,Harvard,womens-ice-hockey,2017,womens-ice-hockey,22
2026-10-06T14:01:28,Penn,mens-soccer,2017,mens-soccer,26
2026-10-06T14:01:28,Columbia,womens-rowing,2016,womens-rowing,35
2026-10-06T14:01:28,Brown,baseball,2017,baseball,30
2026-10-06T14:01:28,Cornell,womens-cross-country,2018,womens-cross-country,41
2026-10-06T14:01:28,Princeton,mens-basketball,2017,mens-basketball,18
2026-10-06T14:01:29,Penn,mens-squash,2017,mens-squash,17
2026-10-06T14:01:29,Harvard,womens-lacrosse,2017,womens-lacrosse,29
2026-10-06T14:01:29,Brown,mens-basketball,2017,mens-basketball,15
2026-10-06T14:01:29,Penn,mens-swimming-and-diving,2017,mens-swimming-and-diving,31
2026-10-06T14:01:29,Columbia,baseball,2017,baseball,38
2026-10-06T14:01:29,Cornell,equestrian,2018,equestrian,33
2026-10-06T14:01:29,Dartmouth,baseball,2017,baseball,36
2026-10-06T14:01:30,Cornell,field-hockey,2018,field-hockey,20
2026-10-06T14:01:30,Yale,womens-lacrosse,2016,womens-lacrosse,34
2026-10-06T14:01:30,Harvard,womens-rugby,2017,womens-rugby,33
2026-10-06T14:01:30,Princeton,mens-cross-country,2017,mens-cross-country,28
2026-10-06T14:01:30,Cornell,womens-ice-hockey,2018,womens-ice-hockey,23
2026-10-06T14:01:30,Brown,mens-cross-country,2017,mens-cross-country,21
2026-10-06T14:01:30,Dartmouth,mens-basketball,2017,mens-basketball,16
2026-10-06T14:01:30,Yale,womens-soccer,2016,womens-soccer,29
2026-10-06T14:01:31,Harvard,womens-soccer,2017,womens-soccer,23
2026-10-06T14:01:31,Cornell,womens-lacrosse,2018,womens-lacrosse,34
2026-10-06T14:01:31,Harvard,womens-squash,2017,womens-squash,12
2026-10-06T14:01:31,Yale,womens-squash,2016,womens-squash,13
2026-10-06T14:01:32,Cornell,womens-soccer,2018,womens-soccer,23
2026-10-06T14:01:32,Harvard,womens-swimming-and-diving,2017,womens-swimming-and-diving,37
2026-10-06T14:01:32,Cornell,womens-squash,2018,womens-squash,13
2026-10-06T14:01:33,Princeton,football,2017,football,110
2026-10-06T14:01:33,Columbia,mens-basketball,2017,mens-basketball,17
2026-10-06T14:01:33,Penn,mens-tennis,2017,mens-tennis,14
2026-10-06T14:01:33,Dartmouth,mens-cross-country,2017,mens-cross-country,26
2026-10-06T14:01:33,Brown,football,2017,football,118
2026-10-06T14:01:33,Cornell,womens-swimming-and-diving,2018,womens-swimming-and-diving,25
2026-10-06T14:01:33,Harvard,womens-tennis,2017,womens-tennis,11
2026-10-06T14:01:33,Penn,mens-track-and-field,2017,mens-track-and-field,55
2026-10-06T14:01:33,Cornell,womens-tennis,2018,womens-tennis,6
2026-10-06T14:01:34,Princeton,mens-golf,2017,mens-golf,11
2026-10-06T14:01:34,Harvard,womens-volleyball,2017,womens-volleyball,16
2026-10-06T14:01:34,Penn,womens-basketball,2017,womens-basketball,17
2026-10-06T14:01:34,Brown,mens-ice-hockey,2017,mens-ice-hockey,28
2026-10-06T14:01:34,Yale,womens-swimming-and-diving,2016,womens-swimming-and-diving,35
2026-10-06T14:01:34,Harvard,cross-country,2017,cross-country,24
2026-10-06T14:01:34,Cornell,womens-track-and-field,2018,womens-track-and-field,80
2026-10-06T14:01:35,Penn,womens-cross-country,2017,womens-cross-country,25
2026-10-06T14:01:35,Columbia,football,2017,football,114
2026-10-06T14:01:35,Harvard,track-and-field,2017,mens-track-and-field,98
2026-10-06T14:01:35,Princeton,mens-ice-hockey,2017,mens-ice-hockey,29
2026-10-06T14:01:35,Cornell,womens-volleyball,2018,womens-volleyball,22
2026-10-06T14:01:35,Penn,field-hockey,2017,field-hockey,22
2026-10-06T14:01:35,Brown,mens-lacrosse,2017,mens-lacrosse,47
2026-10-06T14:01:36,Dartmouth,football,2017,football,120
2026-10-06T14:01:36,Cornell,womens-sailing,2018,womens-sailing,15
2026-10-06T14:01:36,Columbia,mens-golf,2017,mens-golf,10
2026-10-06T14:01:36,Harvard,womens-rowing,2017,womens-heavyweight-rowing,57
2026-10-06T14:01:36,Princeton,mens-lacrosse,2017,mens-lacrosse,46
2026-10-06T14:01:36,Cornell,womens-rowing,2018,womens-rowing,34
2026-10-06T14:01:36,Dartmouth,mens-golf,2017,mens-golf,10
2026-10-06T14:01:37,Brown,mens-rowing,2017,mens-crew,56
2026-10-06T14:01:37,Harvard,womens-lightweight-rowing,2017,womens-lightweight-rowing,32
2026-10-06T14:01:37,Cornell,baseball,2019,baseball,35
2026-10-06T14:01:37,Dartmouth,mens-ice-hockey,2017,mens-ice-hockey,29
2026-10-06T14:01:37,Columbia,mens-rowing,2017,mens-rowing,24
2026-10-06T14:01:37,Harvard,baseball,2018,baseball,34
2026-10-06T14:01:38,Cornell,mens-basketball,2019,mens-basketball,16
2026-10-06T14:01:38,Cornell,mens-cross-country,2019,mens-cross-country,28
2026-10-06T14:01:38,Brown,sailing,2017,,0
2026-10-06T14:01:38,Penn,womens-golf,2017,womens-golf,8
2026-10-06T14:01:38,Dartmouth,mens-lacrosse,2017,mens-lacrosse,40
2026-10-06T14:01:38,Yale,womens-tennis,2016,womens-tennis,9
2026-10-06T14:01:38,Harvard,mens-basketball,2018,mens-basketball,20
2026-10-06T14:01:39,Princeton,mens-rowing,2017,mens-rowing,53
2026-10-06T14:01:39,Penn,womens-lacrosse,2017,womens-lacrosse,31
2026-10-06T14:01:39,Cornell,football,2019,football,116
2026-10-06T14:01:39,Harvard,football,2018,football,109
2026-10-06T14:01:39,Columbia,rowing,2017,lightweight-rowing,44
2026-10-06T14:01:39,Penn,womens-soccer,2017,womens-soccer,29
2026-10-06T14:01:39,Cornell,mens-golf,2019,mens-golf,11
2026-10-06T14:01:39,Dartmouth,mens-rowing,2017,mens-rowing,43
2026-10-06T14:01:40,Yale,womens-track-and-field,2016,womens-track-and-field,45
2026-10-06T14:01:40,Penn,womens-squash,2017,womens-squash,17
2026-10-06T14:01:40,Cornell,mens-ice-hockey,2019,mens-ice-hockey,29
2026-10-06T14:01:40,Harvard,mens-golf,2018,mens-golf,7
2026-10-06T14:01:40,Penn,womens-swimming-and-diving,2017,womens-swimming-and-diving,38
2026-10-06T14:01:40,Princeton,rowing,2017,mlr,59
2026-10-06T14:01:40,Brown,mens-soccer,2017,mens-soccer,29
2026-10-06T14:01:41,Cornell,mens-lacrosse,2019,mens-lacrosse,46
2026-10-06T14:01:41,Harvard,mens-ice-hockey,2018,mens-ice-hockey,29
2026-10-06T14:01:41,Cornell,mens-rowing,2019,mens-rowing,42
2026-10-06T14:01:41,Columbia,mens-soccer,2017,mens-soccer,32
2026-10-06T14:01:41,Dartmouth,rowing,2017,rowing,10
2026-10-06T14:01:41,Harvard,mens-lacrosse,2018,mens-lacrosse,39
2026-10-06T14:01:41,Yale,womens-volleyball,2016,womens-volleyball,17
2026-10-06T14:01:42,Cornell,mens-soccer,2019,mens-soccer,29
2026-10-06T14:01:42,Brown,mens-swimming-and-diving,2017,mens-swimming-and-diving,23
2026-10-06T14:01:42,Dartmouth,sailing,2017,sailing,27
2026-10-06T14:01:42,Harvard,mens-rowing,2018,mens-heavyweight-rowing,46
2026-10-06T14:01:42,Princeton,mens-soccer,2017,mens-soccer,30
2026-10-06T14:01:42,Columbia,mens-squash,2017,mens-squash,15
2026-10-06T14:01:42,Yale,womens-sailing,2016,womens-sailing,16
2026-10-06T14:01:42,Penn,womens-tennis,2017,womens-tennis,11
2026-10-06T14:01:42,Cornell,mens-squash,2019,mens-squash,18
2026-10-06T14:01:43,Harvard,rowing,2018,mens-lightweight-rowing,52
2026-10-06T14:01:43,Brown,mens-tennis,2017,mens-tennis,14
2026-10-06T14:01:43,Princeton,mens-squash,2017,mens-squash,19
2026-10-06T14:01:43,Columbia,mens-swimming-and-diving,2017,mens-swimming-and-diving,35
2026-10-06T14:01:43,Penn,womens-track-and-field,2017,womens-track-and-field,56
2026-10-06T14:01:43,Cornell,mens-swimming-and-diving,2019,mens-swimming-and-diving,34
2026-10-06T14:01:43,Harvard,sailing,2018,mens-sailing,34
2026-10-06T14:01:43,Cornell,mens-tennis,2019,mens-tennis,13
2026-10-06T14:01:44,Dartmouth,skiing,2017,skiing,48
2026-10-06T14:01:44,Cornell,mens-track-and-field,2019,mens-track-and-field,72
2026-10-06T14:01:44,Yale,womens-rowing,2016,womens-crew,39
2026-10-06T14:01:44,Brown,mens-track-and-field,2017,mens-track-and-field,56
2026-10-06T14:01:44,Penn,womens-volleyball,2017,womens-volleyball,23
2026-10-06T14:01:44,Princeton,mens-swimming-and-diving,2017,mens-swimming-and-diving,40
2026-10-06T14:01:45,Cornell,womens-basketball,2019,womens-basketball,17
2026-10-06T14:01:45,Harvard,skiing,2018,skiing,26
2026-10-06T14:01:45,Cornell,womens-cross-country,2019,womens-cross-country,43
2026-10-06T14:01:45,Princeton,mens-tennis,2017,mens-tennis,13
2026-10-06T14:01:45,Brown,womens-basketball,2017,womens-basketball,18
2026-10-06T14:01:46,Harvard,mens-soccer,2018,mens-soccer,25
2026-10-06T14:01:46,Yale,baseball,2017,baseball,29
2026-10-06T14:01:46,Cornell,equestrian,2019,equestrian,32
2026-10-06T14:01:46,Columbia,mens-tennis,2017,mens-tennis,15
2026-10-06T14:01:46,Princeton,mens-track-and-field,2017,mens-track-and-field,65
2026-10-06T14:01:46,Dartmouth,mens-soccer,2017,mens-soccer,29
2026-10-06T14:01:46,Harvard,mens-squash,2018,mens-squash,16
2026-10-06T14:01:47,Cornell,field-hockey,2019,field-hockey,23
2026-10-06T14:01:47,Brown,womens-cross-country,2017,womens-cross-country,34
2026-10-06T14:01:47,Penn,womens-rowing,2017,womens-rowing,43
2026-10-06T14:01:47,Cornell,womens-ice-hockey,2019,womens-ice-hockey,25
2026-10-06T14:01:47,Princeton,womens-basketball,2017,womens-basketball,14
2026-10-06T14:01:47,Harvard,mens-swimming-and-diving,2018,mens-swimming-and-diving,32
2026-10-06T14:01:47,Columbia,womens-basketball,2017,womens-basketball,14
2026-10-06T14:01:47,Dartmouth,mens-squash,2017,mens-squash,16
2026-10-06T14:01:47,Penn,baseball,2018,baseball,30
2026-10-06T14:01:47,Brown,equestrian,2017,equestrian,32
2026-10-06T14:01:48,Cornell,womens-lacrosse,2019,womens-lacrosse,38
2026-10-06T14:01:48,Cornell,womens-soccer,2019,womens-soccer,28
2026-10-06T14:01:48,Penn,mens-basketball,2018,mens-basketball,21
2026-10-06T14:01:48,Harvard,mens-tennis,2018,mens-tennis,14
2026-10-06T14:01:48,Dartmouth,mens-swimming-and-diving,2017,mens-swimming-and-diving,27
2026-10-06T14:01:48,Cornell,womens-squash,2019,womens-squash,14
2026-10-06T14:01:49,Penn,mens-cross-country,2018,mens-cross-country,24
2026-10-06T14:01:49,Princeton,womens-cross-country,2017,womens-cross-country,29
2026-10-06T14:01:49,Harvard,womens-basketball,2018,womens-basketball,15
2026-10-06T14:01:49,Brown,field-hockey,2017,field-hockey,25
2026-10-06T14:01:49,Penn,football,2018,football,107
2026-10-06T14:01:49,Columbia,field-hockey,2017,field-hockey,21
2026-10-06T14:01:49,Cornell,womens-swimming-and-diving,2019,womens-swimming-and-diving,27
2026-10-06T14:01:50,Harvard,field-hockey,2018,field-hockey,24
2026-10-06T14:01:50,Brown,womens-ice-hockey,2017,womens-ice-hockey,27
2026-10-06T14:01:50,Princeton,field-hockey,2017,field-hockey,25
2026-10-06T14:01:50,Harvard,womens-golf,2018,womens-golf,9
2026-10-06T14:01:50,Cornell,womens-tennis,2019,womens-tennis,9
2026-10-06T14:01:51,Yale,mens-basketball,2017,mens-basketball,16
2026-10-06T14:01:51,Dartmouth,mens-tennis,2017,mens-tennis,13
2026-10-06T14:01:51,Brown,womens-lacrosse,2017,womens-lacrosse,36
2026-10-06T14:01:51,Princeton,womens-golf,2017,womens-golf,9
2026-10-06T14:01:51,Harvard,womens-ice-hockey,2018,womens-ice-hockey,25
2026-10-06T14:01:51,Cornell,womens-track-and-field,2019,womens-track-and-field,84
2026-10-06T14:01:51,Columbia,womens-golf,2017,womens-golf,7
2026-10-06T14:01:51,Penn,mens-golf,2018,mens-golf,12
2026-10-06T14:01:51,Yale,mens-cross-country,2017,mens-cross-country,26
2026-10-06T14:01:51,Cornell,womens-volleyball,2019,womens-volleyball,19
2026-10-06T14:01:52,Harvard,womens-lacrosse,2018,womens-lacrosse,28
2026-10-06T14:01:52,Dartmouth,mens-track-and-field,2017,mens-track-and-field,55
2026-10-06T14:01:52,Brown,womens-rugby,2017,womens-rugby,24
2026-10-06T14:01:52,Columbia,womens-lacrosse,2017,womens-lacrosse,31
2026-10-06T14:01:52,Penn,mens-lacrosse,2018,mens-lacrosse,52
2026-10-06T14:01:52,Cornell,womens-sailing,2019,womens-sailing,20
2026-10-06T14:01:52,Princeton,womens-ice-hockey,2017,womens-ice-hockey,19
2026-10-06T14:01:52,Yale,football,2017,football,116
2026-10-06T14:01:53,Harvard,womens-rugby,2018,womens-rugby,38
2026-10-06T14:01:53,Brown,womens-soccer,2017,womens-soccer,24
2026-10-06T14:01:53,Cornell,womens-rowing,2019,womens-rowing,41
2026-10-06T14:01:53,Dartmouth,womens-basketball,2017,womens-basketball,14
2026-10-06T14:01:53,Harvard,womens-soccer,2018,womens-soccer,25
2026-10-06T14:01:53,Cornell,baseball,2020,baseball,30
2026-10-06T14:01:54,Dartmouth,womens-cross-country,2017,womens-cross-country,26
2026-10-06T14:01:54,Cornell,mens-basketball,2020,mens-basketball,19
2026-10-06T14:01:54,Harvard,womens-squash,2018,womens-squash,13
2026-10-06T14:01:54,Penn,mens-rowing,2018,mens-rowing,29
2026-10-06T14:01:54,Yale,mens-golf,2017,mens-golf,11
2026-10-06T14:01:54,Princeton,womens-lacrosse,2017,womens-lacrosse,28
2026-10-06T14:01:54,Brown,womens-swimming-and-diving,2017,womens-swimming-and-diving,36
2026-10-06T14:01:54,Cornell,mens-cross-country,2020,mens-cross-country,29
2026-10-06T14:01:54,Columbia,womens-soccer,2017,womens-soccer,29
2026-10-06T14:01:54,Penn,mens-soccer,2018,mens-soccer,30
2026-10-06T14:01:55,Dartmouth,equestrian,2017,equestrian,25
2026-10-06T14:01:55,Penn,mens-squash,2018,mens-squash,15
2026-10-06T14:01:55,Cornell,football,2020,football,109
2026-10-06T14:01:55,Harvard,womens-swimming-and-diving,2018,womens-swimming-and-diving,36
2026-10-06T14:01:55,Columbia,womens-squash,2017,womens-squash,18
2026-10-06T14:01:55,Penn,mens-swimming-and-diving,2018,mens-swimming-and-diving,30
2026-10-06T14:01:55,Princeton,womens-soccer,2017,womens-soccer,27
2026-10-06T14:01:56,Brown,womens-tennis,2017,womens-tennis,10
2026-10-06T14:01:56,Harvard,womens-tennis,2018,womens-tennis,13
2026-10-06T14:01:56,Cornell,mens-golf,2020,mens-golf,9
2026-10-06T14:01:56,Penn,mens-tennis,2018,mens-tennis,14
2026-10-06T14:01:56,Columbia,womens-swimming-and-diving,2017,womens-swimming-and-diving,32
2026-10-06T14:01:56,Brown,womens-track-and-field,2017,womens-track-and-field,69
2026-10-06T14:01:57,Dartmouth,field-hockey,2017,field-hockey,22
2026-10-06T14:01:57,Cornell,mens-ice-hockey,2020,mens-ice-hockey,20
2026-10-06T14:01:57,Harvard,womens-volleyball,2018,womens-volleyball,16
2026-10-06T14:01:57,Penn,mens-track-and-field,2018,mens-track-and-field,51
2026-10-06T14:01:57,Columbia,womens-tennis,2017,womens-tennis,12
2026-10-06T14:01:57,Cornell,mens-lacrosse,2020,mens-lacrosse,20
2026-10-06T14:01:57,Princeton,womens-squash,2017,womens-squash,15
2026-10-06T14:01:57,Penn,womens-basketball,2018,womens-basketball,18
2026-10-06T14:01:57,Cornell,mens-rowing,2020,mens-rowing,33
2026-10-06T14:01:57,Harvard,cross-country,2018,cross-country,37
2026-10-06T14:01:57,Dartmouth,womens-golf,2017,womens-golf,9
2026-10-06T14:01:58,Penn,womens-cross-country,2018,womens-cross-country,22
2026-10-06T14:01:58,Yale,mens-ice-hockey,2017,mens-ice-hockey,27
2026-10-06T14:01:58,Cornell,mens-soccer,2020,mens-soccer,28
2026-10-06T14:01:58,Brown,womens-volleyball,2017,womens-volleyball,17
2026-10-06T14:01:58,Harvard,track-and-field,2018,mens-track-and-field,97
2026-10-06T14:01:58,Penn,field-hockey,2018,field-hockey,25
2026-10-06T14:01:58,Cornell,mens-squash,2020,mens-squash,18
2026-10-06T14:01:58,Yale,mens-lacrosse,2017,mens-lacrosse,46
2026-10-06T14:01:58,Harvard,womens-rowing,2018,womens-heavyweight-rowing,47
2026-10-06T14:01:59,Dartmouth,womens-ice-hockey,2017,womens-ice-hockey,22
2026-10-06T14:01:59,Princeton,womens-swimming-and-diving,2017,womens-swimming-and-diving,42
2026-10-06T14:01:59,Columbia,womens-volleyball,2017,womens-volleyball,17
2026-10-06T14:01:59,Harvard,womens-lightweight-rowing,2018,womens-lightweight-rowing,37
2026-10-06T14:01:59,Brown,womens-sailing,2017,,0
2026-10-06T14:02:00,Dartmouth,womens-lacrosse,2017,womens-lacrosse,35
2026-10-06T14:02:00,Harvard,baseball,2019,baseball,30
2026-10-06T14:02:00,Yale,mens-rowing,2017,mens-crew,46
2026-10-06T14:02:00,Princeton,womens-tennis,2017,womens-tennis,10
2026-10-06T14:02:00,Harvard,mens-basketball,2019,mens-basketball,19
2026-10-06T14:02:00,Penn,womens-golf,2018,womens-golf,7
2026-10-06T14:02:00,Columbia,cross-country,2017,cross-country,59
2026-10-06T14:02:00,Cornell,mens-swimming-and-diving,2020,mens-swimming-and-diving,30
2026-10-06T14:02:00,Brown,womens-rowing,2017,womens-crew,48
2026-10-06T14:02:00,Dartmouth,womens-rugby,2017,womens-rugby,27
2026-10-06T14:02:01,Harvard,football,2019,football,105
2026-10-06T14:02:01,Cornell,mens-tennis,2020,mens-tennis,7
2026-10-06T14:02:01,Columbia,track-and-field,2017,track-and-field,104
2026-10-06T14:02:01,Brown,baseball,2018,baseball,29
2026-10-06T14:02:02,Princeton,womens-track-and-field,2017,womens-track-and-field,57
2026-10-06T14:02:02,Yale,rowing,2017,mens-rowing,44
2026-10-06T14:02:02,Cornell,mens-track-and-field,2020,mens-track-and-field,72
2026-10-06T14:02:02,Penn,womens-lacrosse,2018,womens-lacrosse,32
2026-10-06T14:02:02,Dartmouth,womens-soccer,2017,womens-soccer,26
2026-10-06T14:02:02,Harvard,mens-golf,2019,mens-golf,10
2026-10-06T14:02:02,Brown,mens-basketball,2018,mens-basketball,17
2026-10-06T14:02:02,Princeton,womens-volleyball,2017,womens-volleyball,17
2026-10-06T14:02:03,Penn,womens-soccer,2018,womens-soccer,29
2026-10-06T14:02:03,Cornell,womens-basketball,2020,womens-basketball,14
2026-10-06T14:02:03,Harvard,mens-ice-hockey,2019,mens-ice-hockey,32
2026-10-06T14:02:03,Dartmouth,womens-squash,2017,womens-squash,13
2026-10-06T14:02:03,Cornell,womens-cross-country,2020,womens-cross-country,43
2026-10-06T14:02:04,Brown,mens-cross-country,2018,mens-cross-country,15
2026-10-06T14:02:04,Harvard,mens-lacrosse,2019,mens-lacrosse,46
2026-10-06T14:02:04,Penn,womens-squash,2018,womens-squash,12
2026-10-06T14:02:04,Dartmouth,womens-swimming-and-diving,2017,womens-swimming-and-diving,26
2026-10-06T14:02:04,Harvard,mens-rowing,2019,mens-heavyweight-rowing,43
2026-10-06T14:02:05,Yale,sailing,2017,sailing,29
2026-10-06T14:02:05,Cornell,equestrian,2020,equestrian,22
2026-10-06T14:02:05,Penn,womens-swimming-and-diving,2018,womens-swimming-and-diving,37
2026-10-06T14:02:05,Yale,mens-soccer,2017,mens-soccer,28
2026-10-06T14:02:05,Cornell,field-hockey,2020,field-hockey,27
2026-10-06T14:02:05,Princeton,womens-rowing,2017,womens-rowing,49
2026-10-06T14:02:05,Harvard,rowing,2019,mens-lightweight-rowing,45
2026-10-06T14:02:06,Brown,football,2018,football,89
2026-10-06T14:02:06,Cornell,womens-ice-hockey,2020,womens-ice-hockey,26
2026-10-06T14:02:06,Harvard,sailing,2019,mens-sailing,37
2026-10-06T14:02:06,Penn,womens-tennis,2018,womens-tennis,10
2026-10-06T14:02:06,Columbia,womens-rowing,2017,womens-rowing,38
2026-10-06T14:02:06,Cornell,womens-lacrosse,2020,womens-lacrosse,41
2026-10-06T14:02:06,Princeton,baseball,2018,baseball,29
2026-10-06T14:02:06,Dartmouth,womens-tennis,2017,womens-tennis,12
2026-10-06T14:02:07,Brown,mens-ice-hockey,2018,mens-ice-hockey,30
2026-10-06T14:02:07,Harvard,skiing,2019,skiing,26
2026-10-06T14:02:07,Yale,mens-squash,2017,mens-squash,16
2026-10-06T14:02:07,Cornell,womens-soccer,2020,womens-soccer,27
2026-10-06T14:02:07,Princeton,mens-basketball,2018,mens-basketball,18
2026-10-06T14:02:07,Cornell,womens-squash,2020,womens-squash,14
2026-10-06T14:02:07,Harvard,mens-soccer,2019,mens-soccer,25
2026-10-06T14:02:07,Columbia,baseball,2018,baseball,34
2026-10-06T14:02:08,Brown,mens-lacrosse,2018,mens-lacrosse,47
2026-10-06T14:02:08,Dartmouth,womens-track-and-field,2017,womens-track-and-field,54
2026-10-06T14:02:08,Cornell,womens-swimming-and-diving,2020,womens-swimming-and-diving,29
2026-10-06T14:02:08,Yale,mens-swimming-and-diving,2017,mens-swimming-and-diving,32
2026-10-06T14:02:08,Harvard,mens-squash,2019,mens-squash,14
2026-10-06T14:02:08,Princeton,mens-cross-country,2018,mens-cross-country,21
2026-10-06T14:02:08,Cornell,womens-tennis,2020,womens-tennis,11
2026-10-06T14:02:08,Penn,womens-track-and-field,2018,womens-track-and-field,54
2026-10-06T14:02:08,Columbia,mens-basketball,2018,mens-basketball,16
2026-10-06T14:02:09,Yale,mens-tennis,2017,mens-tennis,10
2026-10-06T14:02:09,Brown,mens-rowing,2018,mens-crew,47
2026-10-06T14:02:09,Harvard,mens-swimming-and-diving,2019,mens-swimming-and-diving,33
2026-10-06T14:02:09,Dartmouth,womens-volleyball,2017,womens-volleyball,17
2026-10-06T14:02:09,Penn,womens-volleyball,2018,womens-volleyball,20
2026-10-06T14:02:09,Cornell,womens-track-and-field,2020,womens-track-and-field,82
2026-10-06T14:02:09,Penn,womens-rowing,2018,womens-rowing,42
2026-10-06T14:02:09,Harvard,mens-tennis,2019,mens-tennis,12
2026-10-06T14:02:10,Dartmouth,womens-rowing,2017,womens-rowing,43
2026-10-06T14:02:10,Harvard,womens-basketball,2019,womens-basketball,14
2026-10-06T14:02:10,Cornell,womens-volleyball,2020,womens-volleyball,15
2026-10-06T14:02:10,Yale,mens-track-and-field,2017,mens-track-and-field,56
2026-10-06T14:02:10,Brown,sailing,2018,,0
2026-10-06T14:02:10,Harvard,field-hockey,2019,field-hockey,23
2026-10-06T14:02:11,Dartmouth,baseball,2018,baseball,33
2026-10-06T14:02:11,Columbia,football,2018,football,117
2026-10-06T14:02:11,Princeton,football,2018,football,119
2026-10-06T14:02:11,Cornell,womens-sailing,2020,womens-sailing,22
2026-10-06T14:02:12,Harvard,womens-golf,2019,womens-golf,6
2026-10-06T14:02:12,Penn,baseball,2019,baseball,35
2026-10-06T14:02:12,Cornell,womens-rowing,2020,womens-rowing,40
2026-10-06T14:02:12,Dartmouth,mens-basketball,2018,mens-basketball,16
2026-10-06T14:02:12,Princeton,mens-golf,2018,mens-golf,10
2026-10-06T14:02:12,Harvard,womens-ice-hockey,2019,womens-ice-hockey,24
2026-10-06T14:02:12,Yale,womens-basketball,2017,womens-basketball,16
2026-10-06T14:02:13,Cornell,baseball,2026,baseball,40
2026-10-06T14:02:13,Brown,mens-soccer,2018,mens-soccer,28
2026-10-06T14:02:13,Penn,mens-basketball,2019,mens-basketball,18
2026-10-06T14:02:13,Cornell,mens-basketball,2026,mens-basketball,19
2026-10-06T14:02:13,Harvard,womens-lacrosse,2019,womens-lacrosse,25
2026-10-06T14:02:13,Dartmouth,mens-cross-country,2018,mens-cross-country,24
2026-10-06T14:02:14,Cornell,mens-cross-country,2026,mens-cross-country,24
2026-10-06T14:02:14,Princeton,mens-ice-hockey,2018,mens-ice-hockey,28
2026-10-06T14:02:14,Harvard,womens-rugby,2019,womens-rugby,39
2026-10-06T14:02:14,Columbia,mens-golf,2018,mens-golf,11
2026-10-06T14:02:14,Cornell,football,2026,football,119
2026-10-06T14:02:14,Harvard,womens-soccer,2019,womens-soccer,28
2026-10-06T14:02:14,Brown,mens-swimming-and-diving,2018,mens-swimming-and-diving,29
2026-10-06T14:02:14,Penn,mens-cross-country,2019,mens-cross-country,21
2026-10-06T14:02:15,Cornell,mens-golf,2026,mens-golf,8
2026-10-06T14:02:15,Harvard,womens-squash,2019,womens-squash,13
2026-10-06T14:02:15,Princeton,mens-lacrosse,2018,mens-lacrosse,43
2026-10-06T14:02:15,Penn,football,2019,football,110
2026-10-06T14:02:15,Cornell,mens-ice-hockey,2026,mens-ice-hockey,31
2026-10-06T14:02:15,Brown,mens-tennis,2018,mens-tennis,12
2026-10-06T14:02:16,Harvard,womens-swimming-and-diving,2019,womens-swimming-and-diving,37
2026-10-06T14:02:16,Cornell,mens-lacrosse,2026,mens-lacrosse,52
2026-10-06T14:02:16,Dartmouth,football,2018,football,118
2026-10-06T14:02:16,Penn,mens-golf,2019,mens-golf,13
2026-10-06T14:02:16,Columbia,mens-rowing,2018,mens-rowing,10
2026-10-06T14:02:16,Cornell,mens-rowing,2026,mens-rowing,29
2026-10-06T14:02:16,Yale,womens-cross-country,2017,womens-cross-country,28
2026-10-06T14:02:17,Harvard,womens-tennis,2019,womens-tennis,14
2026-10-06T14:02:17,Cornell,mens-soccer,2026,mens-soccer,30
2026-10-06T14:02:17,Yale,field-hockey,2017,field-hockey,21
2026-10-06T14:02:17,Dartmouth,mens-golf,2018,mens-golf,10
2026-10-06T14:02:17,Brown,mens-track-and-field,2018,mens-track-and-field,47
2026-10-06T14:02:17,Harvard,womens-volleyball,2019,womens-volleyball,15
2026-10-06T14:02:17,Princeton,mens-rowing,2018,mens-rowing,56
2026-10-06T14:02:17,Cornell,mens-squash,2026,mens-squash,14
2026-10-06T14:02:17,Penn,mens-lacrosse,2019,mens-lacrosse,50
2026-10-06T14:02:18,Yale,womens-golf,2017,womens-golf,8
2026-10-06T14:02:18,Cornell,mens-swimming-and-diving,2026,mens-swimming-and-diving,34
2026-10-06T14:02:18,Columbia,rowing,2018,lightweight-rowing,51
2026-10-06T14:02:18,Penn,mens-rowing,2019,mens-rowing,39
2026-10-06T14:02:18,Cornell,mens-tennis,2026,mens-tennis,11
2026-10-06T14:02:18,Yale,womens-ice-hockey,2017,womens-ice-hockey,25
2026-10-06T14:02:18,Harvard,cross-country,2019,cross-country,40
2026-10-06T14:02:19,Dartmouth,mens-ice-hockey,2018,mens-ice-hockey,29
2026-10-06T14:02:19,Cornell,mens-track-and-field,2026,mens-track-and-field,51
2026-10-06T14:02:19,Brown,womens-basketball,2018,womens-basketball,17
2026-10-06T14:02:19,Yale,womens-lacrosse,2017,womens-lacrosse,40
2026-10-06T14:02:19,Penn,mens-soccer,2019,mens-soccer,30
2026-10-06T14:02:19,Princeton,rowing,2018,mlr,58
2026-10-06T14:02:19,Yale,womens-soccer,2017,womens-soccer,32
2026-10-06T14:02:20,Cornell,womens-basketball,2026,womens-basketball,16
2026-10-06T14:02:20,Dartmouth,mens-lacrosse,2018,mens-lacrosse,44
2026-10-06T14:02:20,Harvard,track-and-field,2019,mens-track-and-field,107
2026-10-06T14:02:20,Columbia,mens-soccer,2018,mens-soccer,29
2026-10-06T14:02:20,Brown,womens-cross-country,2018,womens-cross-country,26
2026-10-06T14:02:20,Cornell,womens-cross-country,2026,womens-cross-country,20
2026-10-06T14:02:20,Harvard,womens-rowing,2019,womens-heavyweight-rowing,49
2026-10-06T14:02:21,Cornell,equestrian,2026,equestrian,37
2026-10-06T14:02:21,Dartmouth,mens-rowing,2018,mens-rowing,48
2026-10-06T14:02:21,Cornell,field-hockey,2026,field-hockey,26
2026-10-06T14:02:21,Harvard,womens-lightweight-rowing,2019,womens-lightweight-rowing,34
2026-10-06T14:02:21,Columbia,mens-squash,2018,mens-squash,15
2026-10-06T14:02:21,Princeton,mens-soccer,2018,mens-soccer,30
2026-10-06T14:02:22,Cornell,womens-ice-hockey,2026,womens-ice-hockey,24
2026-10-06T14:02:22,Brown,equestrian,2018,equestrian,26
2026-10-06T14:02:22,Harvard,baseball,2020,baseball,25
2026-10-06T14:02:22,Dartmouth,rowing,2018,rowing,31
2026-10-06T14:02:22,Penn,mens-squash,2019,mens-squash,14
2026-10-06T14:02:22,Cornell,womens-lacrosse,2026,womens-lacrosse,40
2026-10-06T14:02:22,Columbia,mens-swimming-and-diving,2018,mens-swimming-and-diving,30
2026-10-06T14:02:22,Princeton,mens-squash,2018,mens-squash,16
2026-10-06T14:02:22,Yale,womens-squash,2017,womens-squash,14
2026-10-06T14:02:23,Cornell,womens-soccer,2026,womens-soccer,31
2026-10-06T14:02:23,Harvard,mens-basketball,2020,mens-basketball,15
2026-10-06T14:02:23,Penn,mens-swimming-and-diving,2019,mens-swimming-and-diving,28
2026-10-06T14:02:23,Dartmouth,sailing,2018,sailing,26
2026-10-06T14:02:23,Columbia,mens-tennis,2018,mens-tennis,14
2026-10-06T14:02:23,Brown,field-hockey,2018,field-hockey,24
2026-10-06T14:02:23,Princeton,mens-swimming-and-diving,2018,mens-swimming-and-diving,39
2026-10-06T14:02:23,Yale,womens-swimming-and-diving,2017,womens-swimming-and-diving,36
2026-10-06T14:02:23,Cornell,womens-squash,2026,womens-squash,14
2026-10-06T14:02:24,Harvard,football,2020,football,112
2026-10-06T14:02:24,Penn,mens-tennis,2019,mens-tennis,13
2026-10-06T14:02:24,Cornell,womens-swimming-and-diving,2026,womens-swimming-and-diving,31
2026-10-06T14:02:24,Brown,womens-ice-hockey,2018,womens-ice-hockey,24
2026-10-06T14:02:24,Penn,mens-track-and-field,2019,mens-track-and-field,56
2026-10-06T14:02:24,Columbia,womens-basketball,2018,womens-basketball,18
2026-10-06T14:02:24,Cornell,womens-tennis,2026,womens-tennis,10
2026-10-06T14:02:24,Princeton,mens-tennis,2018,mens-tennis,12
2026-10-06T14:02:24,Harvard,mens-golf,2020,mens-golf,2
2026-10-06T14:02:25,Penn,womens-basketball,2019,womens-basketball,19
2026-10-06T14:02:25,Cornell,womens-track-and-field,2026,womens-track-and-field,51
2026-10-06T14:02:25,Brown,womens-lacrosse,2018,womens-lacrosse,33
2026-10-06T14:02:25,Harvard,mens-ice-hockey,2020,mens-ice-hockey,21
2026-10-06T14:02:25,Penn,womens-cross-country,2019,womens-cross-country,20
2026-10-06T14:02:25,Cornell,womens-volleyball,2026,womens-volleyball,18
2026-10-06T14:02:26,Penn,field-hockey,2019,field-hockey,25
2026-10-06T14:02:26,Dartmouth,skiing,2018,skiing,52
2026-10-06T14:02:26,Cornell,womens-sailing,2026,womens-sailing,14
2026-10-06T14:02:26,Brown,womens-rugby,2018,womens-rugby,29
2026-10-06T14:02:26,Yale,womens-tennis,2017,womens-tennis,8
2026-10-06T14:02:26,Harvard,mens-lacrosse,2020,mens-lacrosse,15
2026-10-06T14:02:26,Cornell,womens-rowing,2026,womens-rowing,54
2026-10-06T14:02:26,Penn,womens-golf,2019,womens-golf,10
2026-10-06T14:02:27,Princeton,mens-track-and-field,2018,mens-track-and-field,60
2026-10-06T14:02:27,Harvard,mens-rowing,2020,mens-heavyweight-rowing,25
2026-10-06T14:02:27,Columbia,field-hockey,2018,field-hockey,23
2026-10-06T14:02:27,Penn,womens-lacrosse,2019,womens-lacrosse,34
2026-10-06T14:02:27,Yale,womens-track-and-field,2017,womens-track-and-field,46
2026-10-06T14:02:27,Brown,womens-soccer,2018,womens-soccer,28
2026-10-06T14:02:27,Dartmouth,mens-soccer,2018,mens-soccer,34
2026-10-06T14:02:27,Penn,womens-soccer,2019,womens-soccer,29
2026-10-06T14:02:27,Harvard,rowing,2020,mens-lightweight-rowing,27
2026-10-06T14:02:27,Yale,womens-volleyball,2017,womens-volleyball,17
2026-10-06T14:02:28,Dartmouth,mens-squash,2018,mens-squash,16
2026-10-06T14:02:28,Brown,womens-swimming-and-diving,2018,womens-swimming-and-diving,39
2026-10-06T14:02:28,Princeton,womens-basketball,2018,womens-basketball,15
2026-10-06T14:02:28,Harvard,sailing,2020,mens-sailing,19
2026-10-06T14:02:29,Dartmouth,mens-swimming-and-diving,2018,mens-swimming-and-diving,28
2026-10-06T14:02:29,Yale,womens-sailing,2017,womens-sailing,16
2026-10-06T14:02:29,Brown,womens-tennis,2018,womens-tennis,11
2026-10-06T14:02:30,Harvard,skiing,2020,skiing,10
2026-10-06T14:02:30,Princeton,womens-cross-country,2018,womens-cross-country,27
2026-10-06T14:02:30,Penn,womens-squash,2019,womens-squash,15
2026-10-06T14:02:30,Yale,womens-rowing,2017,womens-crew,44
2026-10-06T14:02:30,Columbia,womens-golf,2018,womens-golf,9
2026-10-06T14:02:30,Harvard,mens-soccer,2020,mens-soccer,23
2026-10-06T14:02:31,Brown,womens-track-and-field,2018,womens-track-and-field,57
2026-10-06T14:02:31,Penn,womens-swimming-and-diving,2019,womens-swimming-and-diving,37
2026-10-06T14:02:31,Yale,baseball,2018,baseball,29
2026-10-06T14:02:31,Harvard,mens-squash,2020,mens-squash,4
2026-10-06T14:02:31,Princeton,field-hockey,2018,field-hockey,24
2026-10-06T14:02:32,Columbia,womens-lacrosse,2018,womens-lacrosse,30
2026-10-06T14:02:32,Dartmouth,mens-tennis,2018,mens-tennis,11
2026-10-06T14:02:32,Harvard,mens-swimming-and-diving,2020,mens-swimming-and-diving,15
2026-10-06T14:02:32,Penn,womens-tennis,2019,womens-tennis,10
2026-10-06T14:02:32,Yale,mens-basketball,2018,mens-basketball,18
2026-10-06T14:02:32,Brown,womens-volleyball,2018,womens-volleyball,20
2026-10-06T14:02:32,Harvard,mens-tennis,2020,mens-tennis,7
2026-10-06T14:02:32,Penn,womens-track-and-field,2019,womens-track-and-field,50
2026-10-06T14:02:33,Dartmouth,mens-track-and-field,2018,mens-track-and-field,51
2026-10-06T14:02:33,Penn,womens-volleyball,2019,womens-volleyball,17
2026-10-06T14:02:33,Harvard,womens-basketball,2020,womens-basketball,11
2026-10-06T14:02:33,Princeton,womens-golf,2018,womens-golf,9
2026-10-06T14:02:33,Harvard,field-hockey,2020,field-hockey,6
2026-10-06T14:02:34,Dartmouth,womens-basketball,2018,womens-basketball,15
2026-10-06T14:02:34,Brown,womens-sailing,2018,,0
2026-10-06T14:02:34,Columbia,womens-soccer,2018,womens-soccer,32
2026-10-06T14:02:34,Princeton,womens-ice-hockey,2018,womens-ice-hockey,22
2026-10-06T14:02:34,Harvard,womens-golf,2020,womens-golf,7
2026-10-06T14:02:35,Yale,mens-cross-country,2018,mens-cross-country,22
2026-10-06T14:02:35,Dartmouth,womens-cross-country,2018,womens-cross-country,26
2026-10-06T14:02:35,Penn,womens-rowing,2019,womens-rowing,37
2026-10-06T14:02:35,Harvard,womens-ice-hockey,2020,womens-ice-hockey,3
2026-10-06T14:02:35,Brown,womens-rowing,2018,womens-crew,47
2026-10-06T14:02:35,Yale,football,2018,football,110
2026-10-06T14:02:36,Princeton,womens-lacrosse,2018,womens-lacrosse,30
2026-10-06T14:02:36,Dartmouth,equestrian,2018,equestrian,28
2026-10-06T14:02:36,Harvard,womens-lacrosse,2020,womens-lacrosse,23
2026-10-06T14:02:36,Penn,baseball,2020,baseball,34
2026-10-06T14:02:36,Brown,baseball,2019,baseball,32
2026-10-06T14:02:36,Harvard,womens-rugby,2020,womens-rugby,20
2026-10-06T14:02:37,Brown,mens-basketball,2019,mens-basketball,17
2026-10-06T14:02:37,Princeton,womens-soccer,2018,womens-soccer,27
2026-10-06T14:02:37,Harvard,womens-soccer,2020,womens-soccer,23
2026-10-06T14:02:37,Dartmouth,field-hockey,2018,field-hockey,21
2026-10-06T14:02:37,Columbia,womens-squash,2018,womens-squash,13
2026-10-06T14:02:38,Penn,mens-basketball,2020,mens-basketball,16
2026-10-06T14:02:38,Dartmouth,womens-golf,2018,womens-golf,9
2026-10-06T14:02:38,Princeton,womens-squash,2018,womens-squash,15
2026-10-06T14:02:38,Yale,mens-golf,2018,mens-golf,11
2026-10-06T14:02:38,Brown,mens-cross-country,2019,mens-cross-country,16
2026-10-06T14:02:38,Harvard,womens-squash,2020,womens-squash,10
2026-10-06T14:02:39,Yale,mens-ice-hockey,2018,mens-ice-hockey,28
2026-10-06T14:02:39,Penn,mens-cross-country,2020,mens-cross-country,19
2026-10-06T14:02:39,Harvard,womens-swimming-and-diving,2020,womens-swimming-and-diving,20
2026-10-06T14:02:39,Columbia,womens-swimming-and-diving,2018,womens-swimming-and-diving,34
2026-10-06T14:02:39,Dartmouth,womens-ice-hockey,2018,womens-ice-hockey,24
2026-10-06T14:02:39,Princeton,womens-swimming-and-diving,2018,womens-swimming-and-diving,37
2026-10-06T14:02:40,Penn,football,2020,football,108
2026-10-06T14:02:40,Harvard,womens-tennis,2020,womens-tennis,14
2026-10-06T14:02:40,Brown,football,2019,football,90
2026-10-06T14:02:40,Princeton,womens-tennis,2018,womens-tennis,9
2026-10-06T14:02:40,Dartmouth,womens-lacrosse,2018,womens-lacrosse,37
2026-10-06T14:02:40,Penn,mens-golf,2020,mens-golf,17
2026-10-06T14:02:40,Yale,mens-lacrosse,2018,mens-lacrosse,49
2026-10-06T14:02:40,Harvard,womens-volleyball,2020,womens-volleyball,7
2026-10-06T14:02:41,Brown,mens-ice-hockey,2019,mens-ice-hockey,30
2026-10-06T14:02:41,Harvard,cross-country,2020,cross-country,18
2026-10-06T14:02:41,Yale,mens-rowing,2018,mens-crew,55
2026-10-06T14:02:41,Columbia,womens-tennis,2018,womens-tennis,14
2026-10-06T14:02:42,Dartmouth,womens-rugby,2018,womens-rugby,38
2026-10-06T14:02:42,Harvard,track-and-field,2020,mens-track-and-field,69
2026-10-06T14:02:42,Yale,rowing,2018,mens-rowing,44
2026-10-06T14:02:42,Princeton,womens-track-and-field,2018,womens-track-and-field,56
2026-10-06T14:02:42,Brown,mens-lacrosse,2019,mens-lacrosse,50
2026-10-06T14:02:42,Harvard,womens-rowing,2020,womens-heavyweight-rowing,40
2026-10-06T14:02:42,Penn,mens-lacrosse,2020,mens-lacrosse,42
2026-10-06T14:02:43,Dartmouth,womens-soccer,2018,womens-soccer,27
2026-10-06T14:02:43,Penn,mens-rowing,2020,mens-rowing,39
2026-10-06T14:02:43,Harvard,womens-lightweight-rowing,2020,womens-lightweight-rowing,23
2026-10-06T14:02:43,Columbia,womens-volleyball,2018,womens-volleyball,15
2026-10-06T14:02:43,Yale,sailing,2018,sailing,30
2026-10-06T14:02:44,Harvard,baseball,2026,baseball,30
2026-10-06T14:02:44,Brown,mens-rowing,2019,mens-crew,36
2026-10-06T14:02:44,Dartmouth,womens-squash,2018,womens-squash,15
2026-10-06T14:02:44,Harvard,mens-basketball,2026,mens-basketball,20
2026-10-06T14:02:44,Princeton,womens-volleyball,2018,womens-volleyball,16
2026-10-06T14:02:45,Columbia,cross-country,2018,cross-country,56
2026-10-06T14:02:45,Harvard,football,2026,football,109
2026-10-06T14:02:45,Penn,mens-soccer,2020,mens-soccer,27
2026-10-06T14:02:45,Dartmouth,womens-swimming-and-diving,2018,womens-swimming-and-diving,28
2026-10-06T14:02:45,Harvard,mens-golf,2026,mens-golf,8
2026-10-06T14:02:45,Brown,sailing,2019,,0
2026-10-06T14:02:45,Harvard,mens-ice-hockey,2026,mens-ice-hockey,29
2026-10-06T14:02:46,Dartmouth,womens-tennis,2018,womens-tennis,10
2026-10-06T14:02:46,Harvard,mens-lacrosse,2026,mens-lacrosse,49
2026-10-06T14:02:46,Columbia,track-and-field,2018,track-and-field,107
2026-10-06T14:02:46,Harvard,mens-rowing,2026,mens-heavyweight-rowing,43
2026-10-06T14:02:47,Princeton,womens-rowing,2018,womens-rowing,55
2026-10-06T14:02:47,Penn,mens-squash,2020,mens-squash,16
2026-10-06T14:02:47,Brown,mens-soccer,2019,mens-soccer,27
2026-10-06T14:02:47,Harvard,rowing,2026,mens-lightweight-rowing,35
2026-10-06T14:02:47,Dartmouth,womens-track-and-field,2018,womens-track-and-field,58
2026-10-06T14:02:47,Harvard,sailing,2026,mens-sailing,36
2026-10-06T14:02:47,Penn,mens-swimming-and-diving,2020,mens-swimming-and-diving,29
2026-10-06T14:02:48,Yale,mens-soccer,2018,mens-soccer,32
2026-10-06T14:02:48,Princeton,baseball,2019,baseball,27
2026-10-06T14:02:48,Harvard,skiing,2026,skiing,21
2026-10-06T14:02:48,Brown,mens-swimming-and-diving,2019,mens-swimming-and-diving,29
2026-10-06T14:02:48,Harvard,mens-soccer,2026,mens-soccer,29
2026-10-06T14:02:48,Dartmouth,womens-volleyball,2018,womens-volleyball,18
2026-10-06T14:02:48,Penn,mens-tennis,2020,mens-tennis,9
2026-10-06T14:02:49,Harvard,mens-squash,2026,mens-squash,13
2026-10-06T14:02:49,Princeton,mens-basketball,2019,mens-basketball,18
2026-10-06T14:02:49,Harvard,mens-swimming-and-diving,2026,mens-swimming-and-diving,30
2026-10-06T14:02:49,Dartmouth,womens-rowing,2018,womens-rowing,40
2026-10-06T14:02:49,Harvard,mens-tennis,2026,mens-tennis,13
2026-10-06T14:02:49,Penn,mens-track-and-field,2020,mens-track-and-field,52
2026-10-06T14:02:49,Brown,mens-tennis,2019,mens-tennis,12
2026-10-06T14:02:50,Penn,womens-basketball,2020,womens-basketball,19
2026-10-06T14:02:50,Harvard,womens-basketball,2026,womens-basketball,18
2026-10-06T14:02:50,Yale,mens-squash,2018,mens-squash,15
2026-10-06T14:02:50,Princeton,mens-cross-country,2019,mens-cross-country,25
2026-10-06T14:02:51,Harvard,field-hockey,2026,field-hockey,20
2026-10-06T14:02:51,Penn,womens-cross-country,2020,womens-cross-country,19
2026-10-06T14:02:51,Brown,mens-track-and-field,2019,mens-track-and-field,47
2026-10-06T14:02:51,Harvard,womens-golf,2026,womens-golf,9
2026-10-06T14:02:51,Yale,mens-swimming-and-diving,2018,mens-swimming-and-diving,31
2026-10-06T14:02:51,Penn,field-hockey,2020,field-hockey,28
2026-10-06T14:02:52,Columbia,womens-rowing,2018,womens-rowing,47
2026-10-06T14:02:52,Harvard,womens-ice-hockey,2026,womens-ice-hockey,24
2026-10-06T14:02:52,Dartmouth,baseball,2019,baseball,33
2026-10-06T14:02:52,Brown,womens-basketball,2019,womens-basketball,13
2026-10-06T14:02:52,Harvard,womens-lacrosse,2026,womens-lacrosse,29
2026-10-06T14:02:52,Princeton,football,2019,football,110
2026-10-06T14:02:53,Penn,womens-golf,2020,womens-golf,10
2026-10-06T14:02:53,Columbia,baseball,2019,baseball,32
2026-10-06T14:02:53,Yale,mens-tennis,2018,mens-tennis,10
2026-10-06T14:02:53,Harvard,womens-rugby,2026,womens-rugby,27
2026-10-06T14:02:53,Princeton,mens-golf,2019,mens-golf,12
2026-10-06T14:02:53,Harvard,womens-soccer,2026,womens-soccer,24
2026-10-06T14:02:53,Yale,mens-track-and-field,2018,mens-track-and-field,52
2026-10-06T14:02:53,Brown,womens-cross-country,2019,womens-cross-country,21
2026-10-06T14:02:54,Columbia,mens-basketball,2019,mens-basketball,17
2026-10-06T14:02:54,Dartmouth,mens-basketball,2019,mens-basketball,19
2026-10-06T14:02:54,Harvard,womens-squash,2026,womens-squash,12
2026-10-06T14:02:54,Princeton,mens-ice-hockey,2019,mens-ice-hockey,29
2026-10-06T14:02:54,Harvard,womens-swimming-and-diving,2026,womens-swimming-and-diving,31
2026-10-06T14:02:55,Penn,womens-lacrosse,2020,womens-lacrosse,24
2026-10-06T14:02:55,Harvard,womens-tennis,2026,womens-tennis,14
2026-10-06T14:02:55,Brown,equestrian,2019,equestrian,28
2026-10-06T14:02:55,Princeton,mens-lacrosse,2019,mens-lacrosse,44
2026-10-06T14:02:55,Harvard,womens-volleyball,2026,womens-volleyball,14
2026-10-06T14:02:56,Penn,womens-soccer,2020,womens-soccer,30
2026-10-06T14:02:56,Harvard,cross-country,2026,cross-country,37
2026-10-06T14:02:56,Yale,womens-basketball,2018,womens-basketball,16
2026-10-06T14:02:56,Dartmouth,mens-cross-country,2019,mens-cross-country,28
2026-10-06T14:02:56,Columbia,football,2019,football,123
2026-10-06T14:02:56,Harvard,track-and-field,2026,mens-track-and-field,93
2026-10-06T14:02:57,Harvard,womens-rowing,2026,womens-heavyweight-rowing,35
2026-10-06T14:02:57,Yale,womens-cross-country,2018,womens-cross-country,26
2026-10-06T14:02:57,Columbia,mens-golf,2019,mens-golf,12
2026-10-06T14:02:57,Harvard,womens-lightweight-rowing,2026,womens-lightweight-rowing,27
2026-10-06T14:02:57,Princeton,mens-rowing,2019,mens-rowing,52
2026-10-06T14:02:57,Brown,field-hockey,2019,field-hockey,24
2026-10-06T14:02:58,Penn,womens-squash,2020,womens-squash,18
2026-10-06T14:02:58,Yale,field-hockey,2018,field-hockey,21
2026-10-06T14:02:58,Brown,womens-ice-hockey,2019,womens-ice-hockey,20
2026-10-06T14:02:59,Dartmouth,football,2019,football,111
2026-10-06T14:02:59,Columbia,mens-rowing,2019,mens-rowing,34
2026-10-06T14:02:59,Penn,womens-swimming-and-diving,2020,womens-swimming-and-diving,30
2026-10-06T14:02:59,Brown,womens-lacrosse,2019,womens-lacrosse,31
2026-10-06T14:02:59,Yale,womens-golf,2018,womens-golf,8
2026-10-06T14:02:59,Dartmouth,mens-golf,2019,mens-golf,10
2026-10-06T14:03:00,Yale,womens-ice-hockey,2018,womens-ice-hockey,24
2026-10-06T14:03:00,Penn,womens-tennis,2020,womens-tennis,10
2026-10-06T14:03:00,Princeton,rowing,2019,mlr,41
2026-10-06T14:03:00,Penn,womens-track-and-field,2020,womens-track-and-field,49
2026-10-06T14:03:00,Dartmouth,mens-ice-hockey,2019,mens-ice-hockey,29
2026-10-06T14:03:00,Yale,womens-lacrosse,2018,womens-lacrosse,31
2026-10-06T14:03:00,Brown,womens-rugby,2019,womens-rugby,35
2026-10-06T14:03:01,Columbia,rowing,2019,lightweight-rowing,35
2026-10-06T14:03:01,Yale,womens-soccer,2018,womens-soccer,30
2026-10-06T14:03:01,Penn,womens-volleyball,2020,womens-volleyball,20
2026-10-06T14:03:01,Dartmouth,mens-lacrosse,2019,mens-lacrosse,47
2026-10-06T14:03:01,Brown,womens-soccer,2019,womens-soccer,28
2026-10-06T14:03:01,Penn,womens-rowing,2020,womens-rowing,43
2026-10-06T14:03:02,Princeton,mens-soccer,2019,mens-soccer,32
2026-10-06T14:03:02,Yale,womens-squash,2018,womens-squash,13
2026-10-06T14:03:02,Dartmouth,mens-rowing,2019,mens-rowing,53
2026-10-06T14:03:02,Penn,baseball,2026,baseball,37
2026-10-06T14:03:02,Brown,womens-swimming-and-diving,2019,womens-swimming-and-diving,39
2026-10-06T14:03:02,Princeton,mens-squash,2019,mens-squash,15
2026-10-06T14:03:03,Penn,mens-basketball,2026,mens-basketball,20
2026-10-06T14:03:03,Columbia,mens-soccer,2019,mens-soccer,26
2026-10-06T14:03:03,Penn,mens-cross-country,2026,mens-cross-country,17
2026-10-06T14:03:03,Dartmouth,rowing,2019,rowing,30
2026-10-06T14:03:03,Princeton,mens-swimming-and-diving,2019,mens-swimming-and-diving,39
2026-10-06T14:03:04,Brown,womens-tennis,2019,womens-tennis,9
2026-10-06T14:03:04,Penn,football,2026,football,93
2026-10-06T14:03:04,Dartmouth,sailing,2019,sailing,25
2026-10-06T14:03:04,Columbia,mens-squash,2019,mens-squash,14
2026-10-06T14:03:04,Yale,womens-swimming-and-diving,2018,womens-swimming-and-diving,32
2026-10-06T14:03:05,Princeton,mens-tennis,2019,mens-tennis,12
2026-10-06T14:03:05,Brown,womens-track-and-field,2019,womens-track-and-field,45
2026-10-06T14:03:05,Columbia,mens-swimming-and-diving,2019,mens-swimming-and-diving,33
2026-10-06T14:03:05,Dartmouth,skiing,2019,skiing,45
2026-10-06T14:03:05,Penn,mens-golf,2026,mens-golf,9
2026-10-06T14:03:06,Penn,mens-lacrosse,2026,mens-lacrosse,31
2026-10-06T14:03:06,Princeton,mens-track-and-field,2019,mens-track-and-field,62
2026-10-06T14:03:06,Yale,womens-tennis,2018,womens-tennis,9
2026-10-06T14:03:06,Brown,womens-volleyball,2019,womens-volleyball,21
2026-10-06T14:03:06,Penn,mens-rowing,2026,mens-rowing,38
2026-10-06T14:03:07,Penn,mens-soccer,2026,mens-soccer,32
2026-10-06T14:03:07,Princeton,womens-basketball,2019,womens-basketball,17
2026-10-06T14:03:07,Dartmouth,mens-soccer,2019,mens-soccer,33
2026-10-06T14:03:07,Columbia,mens-tennis,2019,mens-tennis,14
2026-10-06T14:03:07,Yale,womens-track-and-field,2018,womens-track-and-field,50
2026-10-06T14:03:07,Penn,mens-squash,2026,mens-squash,16
2026-10-06T14:03:08,Brown,womens-sailing,2019,,0
2026-10-06T14:03:08,Yale,womens-volleyball,2018,womens-volleyball,17
2026-10-06T14:03:08,Dartmouth,mens-squash,2019,mens-squash,15
2026-10-06T14:03:08,Penn,mens-swimming-and-diving,2026,mens-swimming-and-diving,28
2026-10-06T14:03:09,Penn,mens-tennis,2026,mens-tennis,12
2026-10-06T14:03:09,Princeton,womens-cross-country,2019,womens-cross-country,20
2026-10-06T14:03:09,Penn,mens-track-and-field,2026,mens-track-and-field,51
2026-10-06T14:03:09,Brown,womens-rowing,2019,womens-crew,47
2026-10-06T14:03:10,Dartmouth,mens-swimming-and-diving,2019,mens-swimming-and-diving,27
2026-10-06T14:03:10,Penn,womens-basketball,2026,womens-basketball,16
2026-10-06T14:03:10,Penn,womens-cross-country,2026,womens-cross-country,20
2026-10-06T14:03:10,Brown,baseball,2020,baseball,26
2026-10-06T14:03:11,Yale,womens-sailing,2018,womens-sailing,18
2026-10-06T14:03:11,Penn,field-hockey,2026,field-hockey,22
2026-10-06T14:03:11,Columbia,womens-basketball,2019,womens-basketball,14
2026-10-06T14:03:11,Dartmouth,mens-tennis,2019,mens-tennis,14
2026-10-06T14:03:11,Penn,womens-golf,2026,womens-golf,8
2026-10-06T14:03:11,Yale,womens-rowing,2018,womens-crew,41
2026-10-06T14:03:11,Penn,womens-lacrosse,2026,womens-lacrosse,34
2026-10-06T14:03:12,Princeton,field-hockey,2019,field-hockey,23
2026-10-06T14:03:12,Yale,baseball,2019,baseball,30
2026-10-06T14:03:12,Penn,womens-soccer,2026,womens-soccer,30
2026-10-06T14:03:12,Dartmouth,mens-track-and-field,2019,mens-track-and-field,53
2026-10-06T14:03:12,Penn,womens-squash,2026,womens-squash,14
2026-10-06T14:03:12,Brown,mens-basketball,2020,mens-basketball,18
2026-10-06T14:03:12,Yale,mens-basketball,2019,mens-basketball,15
2026-10-06T14:03:12,Princeton,womens-golf,2019,womens-golf,9
2026-10-06T14:03:13,Dartmouth,womens-basketball,2019,womens-basketball,16
2026-10-06T14:03:13,Penn,womens-swimming-and-diving,2026,womens-swimming-and-diving,31
2026-10-06T14:03:13,Columbia,field-hockey,2019,field-hockey,25
2026-10-06T14:03:13,Penn,womens-tennis,2026,womens-tennis,10
2026-10-06T14:03:13,Princeton,womens-ice-hockey,2019,womens-ice-hockey,24
2026-10-06T14:03:13,Yale,mens-cross-country,2019,mens-cross-country,25
2026-10-06T14:03:13,Penn,womens-track-and-field,2026,womens-track-and-field,57
2026-10-06T14:03:14,Brown,mens-cross-country,2020,mens-cross-country,17
2026-10-06T14:03:14,Dartmouth,womens-cross-country,2019,womens-cross-country,24
2026-10-06T14:03:14,Penn,womens-volleyball,2026,womens-volleyball,18
2026-10-06T14:03:14,Yale,football,2019,football,109
2026-10-06T14:03:14,Penn,womens-rowing,2026,womens-rowing,34
2026-10-06T14:03:15,Princeton,womens-lacrosse,2019,womens-lacrosse,30
2026-10-06T14:03:15,Columbia,womens-golf,2019,womens-golf,8
2026-10-06T14:03:15,Dartmouth,equestrian,2019,equestrian,20
2026-10-06T14:03:15,Yale,mens-golf,2019,mens-golf,7
2026-10-06T14:03:16,Brown,football,2020,football,101
2026-10-06T14:03:16,Princeton,womens-soccer,2019,womens-soccer,29
2026-10-06T14:03:17,Brown,mens-ice-hockey,2020,mens-ice-hockey,28
2026-10-06T14:03:17,Yale,mens-ice-hockey,2019,mens-ice-hockey,29
2026-10-06T14:03:18,Brown,mens-lacrosse,2020,mens-lacrosse,50
2026-10-06T14:03:18,Yale,mens-lacrosse,2019,mens-lacrosse,46
2026-10-06T14:03:18,Princeton,womens-squash,2019,womens-squash,14
2026-10-06T14:03:18,Columbia,womens-lacrosse,2019,womens-lacrosse,29
2026-10-06T14:03:18,Dartmouth,field-hockey,2019,field-hockey,22
2026-10-06T14:03:18,Brown,mens-rowing,2020,mens-crew,39
2026-10-06T14:03:19,Yale,mens-rowing,2019,mens-crew,57
2026-10-06T14:03:19,Princeton,womens-swimming-and-diving,2019,womens-swimming-and-diving,36
2026-10-06T14:03:19,Dartmouth,womens-golf,2019,womens-golf,10
2026-10-06T14:03:20,Princeton,womens-tennis,2019,womens-tennis,12
2026-10-06T14:03:20,Columbia,womens-soccer,2019,womens-soccer,29
2026-10-06T14:03:20,Brown,sailing,2020,coed-sailing,31
2026-10-06T14:03:20,Dartmouth,womens-ice-hockey,2019,womens-ice-hockey,22
2026-10-06T14:03:21,Dartmouth,womens-lacrosse,2019,womens-lacrosse,35
2026-10-06T14:03:22,Dartmouth,womens-rugby,2019,womens-rugby,28
2026-10-06T14:03:22,Princeton,womens-track-and-field,2019,womens-track-and-field,50
2026-10-06T14:03:22,Yale,rowing,2019,mens-rowing,44
2026-10-06T14:03:22,Brown,mens-soccer,2020,mens-soccer,29
2026-10-06T14:03:23,Princeton,womens-volleyball,2019,womens-volleyball,17
2026-10-06T14:03:23,Yale,sailing,2019,sailing,38
2026-10-06T14:03:23,Dartmouth,womens-soccer,2019,womens-soccer,28
2026-10-06T14:03:23,Columbia,womens-squash,2019,womens-squash,16
2026-10-06T14:03:24,Yale,mens-soccer,2019,mens-soccer,28
2026-10-06T14:03:24,Dartmouth,womens-squash,2019,womens-squash,16
2026-10-06T14:03:24,Yale,mens-squash,2019,mens-squash,15
2026-10-06T14:03:24,Brown,mens-swimming-and-diving,2020,mens-swimming-and-diving,30
2026-10-06T14:03:25,Dartmouth,womens-swimming-and-diving,2019,womens-swimming-and-diving,24
2026-10-06T14:03:26,Brown,mens-tennis,2020,mens-tennis,10
2026-10-06T14:03:26,Princeton,womens-rowing,2019,womens-rowing,57
2026-10-06T14:03:26,Yale,mens-swimming-and-diving,2019,mens-swimming-and-diving,34
2026-10-06T14:03:27,Brown,mens-track-and-field,2020,mens-track-and-field,48
2026-10-06T14:03:27,Dartmouth,womens-tennis,2019,womens-tennis,13
2026-10-06T14:03:27,Brown,womens-basketball,2020,womens-basketball,16
2026-10-06T14:03:27,Columbia,womens-swimming-and-diving,2019,womens-swimming-and-diving,33
2026-10-06T14:03:28,Princeton,baseball,2020,,0
2026-10-06T14:03:28,Dartmouth,womens-track-and-field,2019,womens-track-and-field,56
2026-10-06T14:03:28,Yale,mens-tennis,2019,mens-tennis,10
2026-10-06T14:03:29,Princeton,mens-basketball,2020,mens-basketball,15
2026-10-06T14:03:29,Dartmouth,womens-volleyball,2019,womens-volleyball,19
2026-10-06T14:03:29,Brown,womens-cross-country,2020,womens-cross-country,29
2026-10-06T14:03:30,Yale,mens-track-and-field,2019,mens-track-and-field,45
2026-10-06T14:03:30,Brown,equestrian,2020,equestrian,19
2026-10-06T14:03:30,Dartmouth,womens-rowing,2019,womens-rowing,42
2026-10-06T14:03:30,Princeton,mens-cross-country,2020,mens-cross-country,16
2026-10-06T14:03:30,Columbia,womens-tennis,2019,womens-tennis,15
2026-10-06T14:03:31,Dartmouth,baseball,2020,baseball,35
2026-10-06T14:03:31,Yale,womens-basketball,2019,womens-basketball,14
2026-10-06T14:03:32,Yale,womens-cross-country,2019,womens-cross-country,26
2026-10-06T14:03:32,Columbia,womens-volleyball,2019,womens-volleyball,20
2026-10-06T14:03:32,Dartmouth,mens-basketball,2020,mens-basketball,17
2026-10-06T14:03:32,Princeton,football,2020,football,86
2026-10-06T14:03:32,Brown,field-hockey,2020,field-hockey,25
2026-10-06T14:03:33,Brown,womens-ice-hockey,2020,womens-ice-hockey,23
2026-10-06T14:03:33,Princeton,mens-golf,2020,mens-golf,2
2026-10-06T14:03:34,Yale,field-hockey,2019,field-hockey,22
2026-10-06T14:03:34,Brown,womens-lacrosse,2020,womens-lacrosse,37
2026-10-06T14:03:34,Columbia,cross-country,2019,cross-country,53
2026-10-06T14:03:34,Princeton,mens-ice-hockey,2020,mens-ice-hockey,24
2026-10-06T14:03:34,Dartmouth,mens-cross-country,2020,mens-cross-country,30
2026-10-06T14:03:35,Brown,womens-rugby,2020,womens-rugby,30
2026-10-06T14:03:35,Yale,womens-golf,2019,womens-golf,8
2026-10-06T14:03:35,Princeton,mens-lacrosse,2020,mens-lacrosse,23
2026-10-06T14:03:36,Columbia,track-and-field,2019,track-and-field,104
2026-10-06T14:03:36,Yale,womens-ice-hockey,2019,womens-ice-hockey,23
2026-10-06T14:03:36,Brown,womens-soccer,2020,womens-soccer,33
2026-10-06T14:03:37,Dartmouth,football,2020,football,114
2026-10-06T14:03:37,Columbia,womens-rowing,2019,womens-rowing,49
2026-10-06T14:03:37,Yale,womens-lacrosse,2019,womens-lacrosse,29
2026-10-06T14:03:38,Yale,womens-soccer,2019,womens-soccer,24
2026-10-06T14:03:38,Princeton,mens-rowing,2020,mens-rowing,33
2026-10-06T14:03:38,Brown,womens-swimming-and-diving,2020,womens-swimming-and-diving,37
2026-10-06T14:03:38,Columbia,baseball,2020,baseball,36
2026-10-06T14:03:38,Yale,womens-squash,2019,womens-squash,14
2026-10-06T14:03:39,Columbia,mens-basketball,2020,mens-basketball,19
2026-10-06T14:03:39,Yale,womens-swimming-and-diving,2019,womens-swimming-and-diving,31
2026-10-06T14:03:39,Brown,womens-tennis,2020,womens-tennis,12
2026-10-06T14:03:39,Dartmouth,mens-golf,2020,mens-golf,9
2026-10-06T14:03:40,Yale,womens-tennis,2019,womens-tennis,11
2026-10-06T14:03:40,Princeton,rowing,2020,mlr,28
2026-10-06T14:03:41,Yale,womens-track-and-field,2019,womens-track-and-field,53
2026-10-06T14:03:41,Dartmouth,mens-ice-hockey,2020,mens-ice-hockey,27
2026-10-06T14:03:41,Columbia,football,2020,football,115
2026-10-06T14:03:41,Yale,womens-volleyball,2019,womens-volleyball,17
2026-10-06T14:03:41,Brown,womens-track-and-field,2020,womens-track-and-field,62
2026-10-06T14:03:42,Dartmouth,mens-lacrosse,2020,mens-lacrosse,45
2026-10-06T14:03:42,Columbia,mens-golf,2020,mens-golf,7
2026-10-06T14:03:42,Brown,womens-volleyball,2020,womens-volleyball,22
2026-10-06T14:03:43,Dartmouth,mens-rowing,2020,mens-rowing,66
2026-10-06T14:03:43,Columbia,mens-rowing,2020,mens-rowing,16
2026-10-06T14:03:43,Princeton,mens-soccer,2020,mens-soccer,19
2026-10-06T14:03:43,Brown,womens-sailing,2020,womens-sailing,22
2026-10-06T14:03:43,Yale,womens-sailing,2019,womens-sailing,24
2026-10-06T14:03:44,Yale,womens-rowing,2019,womens-crew,43
2026-10-06T14:03:44,Dartmouth,rowing,2020,rowing,27
2026-10-06T14:03:44,Brown,womens-rowing,2020,womens-crew,51
2026-10-06T14:03:44,Columbia,rowing,2020,lightweight-rowing,29
2026-10-06T14:03:44,Princeton,mens-squash,2020,mens-squash,7
2026-10-06T14:03:45,Brown,baseball,2026,baseball,38
2026-10-06T14:03:45,Dartmouth,sailing,2020,sailing,32
2026-10-06T14:03:45,Brown,mens-basketball,2026,mens-basketball,19
2026-10-06T14:03:46,Brown,mens-cross-country,2026,mens-cross-country,21
2026-10-06T14:03:46,Princeton,mens-swimming-and-diving,2020,,0
2026-10-06T14:03:46,Yale,baseball,2020,baseball,33
2026-10-06T14:03:46,Columbia,mens-soccer,2020,mens-soccer,26
2026-10-06T14:03:47,Yale,mens-basketball,2020,mens-basketball,15
2026-10-06T14:03:47,Dartmouth,skiing,2020,skiing,41
2026-10-06T14:03:47,Columbia,mens-squash,2020,mens-squash,18
2026-10-06T14:03:47,Princeton,mens-tennis,2020,mens-tennis,10
2026-10-06T14:03:48,Brown,football,2026,football,107
2026-10-06T14:03:48,Yale,mens-cross-country,2020,mens-cross-country,25
2026-10-06T14:03:48,Brown,mens-ice-hockey,2026,mens-ice-hockey,29
2026-10-06T14:03:49,Yale,football,2020,football,66
2026-10-06T14:03:49,Dartmouth,mens-soccer,2020,mens-soccer,32
2026-10-06T14:03:49,Brown,mens-lacrosse,2026,mens-lacrosse,52
2026-10-06T14:03:49,Princeton,mens-track-and-field,2020,mens-track-and-field,46
2026-10-06T14:03:50,Yale,mens-golf,2020,mens-golf,9
2026-10-06T14:03:50,Brown,mens-rowing,2026,mens-crew,49
2026-10-06T14:03:50,Yale,mens-ice-hockey,2020,mens-ice-hockey,24
2026-10-06T14:03:51,Columbia,mens-swimming-and-diving,2020,mens-swimming-and-diving,32
2026-10-06T14:03:51,Brown,sailing,2026,coed-sailing,31
2026-10-06T14:03:51,Yale,mens-lacrosse,2020,mens-lacrosse,34
2026-10-06T14:03:51,Princeton,womens-basketball,2020,,0
2026-10-06T14:03:52,Yale,mens-rowing,2020,mens-crew,51
2026-10-06T14:03:52,Columbia,mens-tennis,2020,mens-tennis,14
2026-10-06T14:03:52,Dartmouth,mens-squash,2020,mens-squash,12
2026-10-06T14:03:52,Brown,mens-soccer,2026,mens-soccer,29
2026-10-06T14:03:53,Columbia,womens-basketball,2020,womens-basketball,17
2026-10-06T14:03:53,Dartmouth,mens-swimming-and-diving,2020,mens-swimming-and-diving,27
2026-10-06T14:03:53,Brown,mens-swimming-and-diving,2026,mens-swimming-and-diving,35
2026-10-06T14:03:53,Princeton,womens-cross-country,2020,womens-cross-country,22
2026-10-06T14:03:54,Brown,mens-tennis,2026,mens-tennis,13
2026-10-06T14:03:54,Dartmouth,mens-tennis,2020,mens-tennis,14
2026-10-06T14:03:55,Brown,mens-track-and-field,2026,mens-track-and-field,54
2026-10-06T14:03:55,Princeton,field-hockey,2020,field-hockey,18
2026-10-06T14:03:55,Dartmouth,mens-track-and-field,2020,mens-track-and-field,56
2026-10-06T14:03:55,Brown,womens-basketball,2026,womens-basketball,18
2026-10-06T14:03:55,Yale,rowing,2020,mens-rowing,43
2026-10-06T14:03:56,Yale,sailing,2020,sailing,35
2026-10-06T14:03:56,Dartmouth,womens-basketball,2020,womens-basketball,15
2026-10-06T14:03:56,Brown,womens-cross-country,2026,womens-cross-country,25
2026-10-06T14:03:57,Princeton,womens-golf,2020,womens-golf,9
2026-10-06T14:03:57,Yale,mens-soccer,2020,mens-soccer,28
2026-10-06T14:03:57,Brown,equestrian,2026,equestrian,21
2026-10-06T14:03:58,Yale,mens-squash,2020,mens-squash,16
2026-10-06T14:03:58,Dartmouth,womens-cross-country,2020,womens-cross-country,17
2026-10-06T14:03:58,Brown,field-hockey,2026,field-hockey,24
2026-10-06T14:03:58,Princeton,womens-ice-hockey,2020,womens-ice-hockey,6
2026-10-06T14:03:58,Yale,mens-swimming-and-diving,2020,mens-swimming-and-diving,31
2026-10-06T14:03:58,Columbia,field-hockey,2020,field-hockey,27
2026-10-06T14:03:59,Brown,womens-ice-hockey,2026,womens-ice-hockey,27
2026-10-06T14:03:59,Dartmouth,equestrian,2020,equestrian,22
2026-10-06T14:03:59,Princeton,womens-lacrosse,2020,womens-lacrosse,18
2026-10-06T14:03:59,Yale,mens-tennis,2020,mens-tennis,10
2026-10-06T14:03:59,Brown,womens-lacrosse,2026,womens-lacrosse,31
2026-10-06T14:04:00,Columbia,womens-golf,2020,womens-golf,9
2026-10-06T14:04:00,Brown,womens-rugby,2026,womens-rugby,35
2026-10-06T14:04:00,Yale,mens-track-and-field,2020,mens-track-and-field,43
2026-10-06T14:04:01,Dartmouth,field-hockey,2020,field-hockey,22
2026-10-06T14:04:01,Princeton,womens-soccer,2020,womens-soccer,20
2026-10-06T14:04:01,Brown,womens-soccer,2026,womens-soccer,32
2026-10-06T14:04:01,Yale,womens-basketball,2020,womens-basketball,13
2026-10-06T14:04:02,Brown,womens-swimming-and-diving,2026,womens-swimming-and-diving,30
2026-10-06T14:04:02,Dartmouth,womens-golf,2020,womens-golf,7
2026-10-06T14:04:02,Princeton,womens-squash,2020,womens-squash,12
2026-10-06T14:04:02,Brown,womens-tennis,2026,womens-tennis,14
2026-10-06T14:04:03,Princeton,womens-swimming-and-diving,2020,womens-swimming-and-diving,30
2026-10-06T14:04:03,Dartmouth,womens-ice-hockey,2020,womens-ice-hockey,22
2026-10-06T14:04:03,Brown,womens-track-and-field,2026,womens-track-and-field,60
2026-10-06T14:04:04,Dartmouth,womens-lacrosse,2020,womens-lacrosse,36
2026-10-06T14:04:04,Yale,womens-cross-country,2020,womens-cross-country,24
2026-10-06T14:04:04,Brown,womens-volleyball,2026,womens-volleyball,20
2026-10-06T14:04:04,Columbia,womens-lacrosse,2020,womens-lacrosse,29
2026-10-06T14:04:04,Princeton,womens-tennis,2020,,0
2026-10-06T14:04:05,Brown,womens-sailing,2026,womens-sailing,21
2026-10-06T14:04:05,Dartmouth,womens-rugby,2020,womens-rugby,39
2026-10-06T14:04:05,Yale,field-hockey,2020,field-hockey,21
2026-10-06T14:04:05,Columbia,womens-soccer,2020,womens-soccer,32
2026-10-06T14:04:05,Brown,womens-rowing,2026,womens-crew,44
2026-10-06T14:04:06,Dartmouth,womens-soccer,2020,womens-soccer,27
2026-10-06T14:04:06,Yale,womens-golf,2020,womens-golf,7
2026-10-06T14:04:06,Princeton,womens-track-and-field,2020,womens-track-and-field,53
2026-10-06T14:04:07,Columbia,womens-squash,2020,womens-squash,22
2026-10-06T14:04:07,Yale,womens-ice-hockey,2020,womens-ice-hockey,18
2026-10-06T14:04:07,Dartmouth,womens-squash,2020,womens-squash,13
2026-10-06T14:04:08,Yale,womens-lacrosse,2020,womens-lacrosse,29
2026-10-06T14:04:08,Princeton,womens-volleyball,2020,womens-volleyball,15
2026-10-06T14:04:08,Dartmouth,womens-swimming-and-diving,2020,womens-swimming-and-diving,23
2026-10-06T14:04:08,Columbia,womens-swimming-and-diving,2020,womens-swimming-and-diving,35
2026-10-06T14:04:08,Yale,womens-soccer,2020,womens-soccer,17
2026-10-06T14:04:09,Dartmouth,womens-tennis,2020,womens-tennis,12
2026-10-06T14:04:09,Yale,womens-squash,2020,womens-squash,14
2026-10-06T14:04:10,Princeton,womens-rowing,2020,womens-rowing,27
2026-10-06T14:04:11,Princeton,baseball,2026,baseball,25
2026-10-06T14:04:11,Dartmouth,womens-track-and-field,2020,womens-track-and-field,48
2026-10-06T14:04:11,Yale,womens-swimming-and-diving,2020,womens-swimming-and-diving,25
2026-10-06T14:04:11,Columbia,womens-tennis,2020,womens-tennis,13
2026-10-06T14:04:12,Princeton,mens-basketball,2026,mens-basketball,21
2026-10-06T14:04:12,Yale,womens-tennis,2020,womens-tennis,11
2026-10-06T14:04:12,Dartmouth,womens-volleyball,2020,womens-volleyball,19
2026-10-06T14:04:12,Princeton,mens-cross-country,2026,mens-cross-country,25
2026-10-06T14:04:13,Yale,womens-track-and-field,2020,womens-track-and-field,55
2026-10-06T14:04:13,Columbia,womens-volleyball,2020,womens-volleyball,21
2026-10-06T14:04:13,Dartmouth,womens-rowing,2020,womens-rowing,48
2026-10-06T14:04:13,Yale,womens-volleyball,2020,womens-volleyball,14
2026-10-06T14:04:14,Columbia,cross-country,2020,cross-country,53
2026-10-06T14:04:14,Princeton,football,2026,football,110
2026-10-06T14:04:14,Yale,womens-sailing,2020,womens-sailing,21
2026-10-06T14:04:15,Dartmouth,baseball,2026,,0
2026-10-06T14:04:15,Princeton,mens-golf,2026,mens-golf,11
2026-10-06T14:04:15,Yale,womens-rowing,2020,womens-crew,42
2026-10-06T14:04:15,Columbia,track-and-field,2020,track-and-field,112
2026-10-06T14:04:16,Princeton,mens-ice-hockey,2026,mens-ice-hockey,29
2026-10-06T14:04:16,Dartmouth,mens-basketball,2026,mens-basketball,15
2026-10-06T14:04:16,Yale,baseball,2026,baseball,30
2026-10-06T14:04:16,Princeton,mens-lacrosse,2026,mens-lacrosse,54
2026-10-06T14:04:16,Dartmouth,mens-cross-country,2026,mens-cross-country,13
2026-10-06T14:04:16,Columbia,womens-rowing,2020,womens-rowing,53
2026-10-06T14:04:17,Yale,mens-basketball,2026,mens-basketball,15
2026-10-06T14:04:17,Yale,mens-cross-country,2026,mens-cross-country,25
2026-10-06T14:04:17,Columbia,baseball,2026,baseball,44
2026-10-06T14:04:17,Princeton,mens-rowing,2026,,0
2026-10-06T14:04:18,Dartmouth,football,2026,football,106
2026-10-06T14:04:18,Yale,football,2026,football,93
2026-10-06T14:04:18,Columbia,mens-basketball,2026,mens-basketball,19
2026-10-06T14:04:18,Princeton,rowing,2026,,0
2026-10-06T14:04:19,Dartmouth,mens-golf,2026,mens-golf,8
2026-10-06T14:04:19,Yale,mens-golf,2026,mens-golf,8
2026-10-06T14:04:20,Yale,mens-ice-hockey,2026,mens-ice-hockey,29
2026-10-06T14:04:20,Dartmouth,mens-ice-hockey,2026,mens-ice-hockey,31
2026-10-06T14:04:20,Columbia,football,2026,football,108
2026-10-06T14:04:20,Yale,mens-lacrosse,2026,mens-lacrosse,48
2026-10-06T14:04:21,Dartmouth,mens-lacrosse,2026,,0
2026-10-06T14:04:21,Yale,mens-rowing,2026,mens-crew,51
2026-10-06T14:04:21,Columbia,mens-golf,2026,mens-golf,10
2026-10-06T14:04:21,Princeton,mens-soccer,2026,mens-soccer,28
2026-10-06T14:04:22,Yale,rowing,2026,mens-rowing,33
2026-10-06T14:04:22,Dartmouth,mens-rowing,2026,mens-rowing,43
2026-10-06T14:04:22,Columbia,mens-rowing,2026,mens-rowing,38
2026-10-06T14:04:22,Princeton,mens-squash,2026,mens-squash,14
2026-10-06T14:04:22,Yale,sailing,2026,sailing,27
2026-10-06T14:04:22,Columbia,rowing,2026,lightweight-rowing,36
2026-10-06T14:04:23,Princeton,mens-swimming-and-diving,2026,mens-swimming-and-diving,39
2026-10-06T14:04:23,Yale,mens-soccer,2026,mens-soccer,28
2026-10-06T14:04:23,Dartmouth,rowing,2026,rowing,25
2026-10-06T14:04:23,Yale,mens-squash,2026,mens-squash,13
2026-10-06T14:04:23,Princeton,mens-tennis,2026,mens-tennis,12
2026-10-06T14:04:24,Dartmouth,sailing,2026,sailing,28
2026-10-06T14:04:24,Columbia,mens-soccer,2026,mens-soccer,27
2026-10-06T14:04:24,Yale,mens-swimming-and-diving,2026,mens-swimming-and-diving,29
2026-10-06T14:04:25,Columbia,mens-squash,2026,mens-squash,17
2026-10-06T14:04:25,Princeton,mens-track-and-field,2026,mens-track-and-field,67
2026-10-06T14:04:25,Columbia,mens-swimming-and-diving,2026,mens-swimming-and-diving,37
2026-10-06T14:04:25,Dartmouth,skiing,2026,skiing,42
2026-10-06T14:04:26,Princeton,womens-basketball,2026,womens-basketball,15
2026-10-06T14:04:26,Columbia,mens-tennis,2026,mens-tennis,14
2026-10-06T14:04:26,Yale,mens-tennis,2026,mens-tennis,12
2026-10-06T14:04:27,Columbia,womens-basketball,2026,womens-basketball,15
2026-10-06T14:04:27,Princeton,womens-cross-country,2026,womens-cross-country,24
2026-10-06T14:04:27,Yale,mens-track-and-field,2026,mens-track-and-field,53
2026-10-06T14:04:27,Dartmouth,mens-soccer,2026,mens-soccer,28
2026-10-06T14:04:28,Yale,womens-basketball,2026,womens-basketball,19
2026-10-06T14:04:28,Dartmouth,mens-squash,2026,mens-squash,12
2026-10-06T14:04:28,Columbia,field-hockey,2026,field-hockey,28
2026-10-06T14:04:28,Princeton,field-hockey,2026,field-hockey,24
2026-10-06T14:04:28,Yale,womens-cross-country,2026,womens-cross-country,18
2026-10-06T14:04:28,Columbia,womens-golf,2026,womens-golf,12
2026-10-06T14:04:28,Dartmouth,mens-swimming-and-diving,2026,mens-swimming-and-diving,23
2026-10-06T14:04:29,Yale,field-hockey,2026,field-hockey,19
2026-10-06T14:04:29,Columbia,womens-lacrosse,2026,womens-lacrosse,31
2026-10-06T14:04:29,Dartmouth,mens-tennis,2026,mens-tennis,10
2026-10-06T14:04:29,Yale,womens-golf,2026,womens-golf,8
2026-10-06T14:04:30,Princeton,womens-golf,2026,womens-golf,10
2026-10-06T14:04:30,Columbia,womens-soccer,2026,womens-soccer,31
2026-10-06T14:04:30,Yale,womens-ice-hockey,2026,womens-ice-hockey,27
2026-10-06T14:04:31,Princeton,womens-ice-hockey,2026,womens-ice-hockey,23
2026-10-06T14:04:31,Yale,womens-lacrosse,2026,womens-lacrosse,33
2026-10-06T14:04:31,Columbia,womens-squash,2026,womens-squash,17
2026-10-06T14:04:31,Dartmouth,mens-track-and-field,2026,mens-track-and-field,41
2026-10-06T14:04:31,Yale,womens-soccer,2026,womens-soccer,26
2026-10-06T14:04:31,Princeton,womens-lacrosse,2026,womens-lacrosse,32
2026-10-06T14:04:32,Columbia,womens-swimming-and-diving,2026,womens-swimming-and-diving,34
2026-10-06T14:04:32,Yale,womens-squash,2026,womens-squash,8
2026-10-06T14:04:32,Dartmouth,womens-basketball,2026,womens-basketball,17
2026-10-06T14:04:32,Princeton,womens-soccer,2026,womens-soccer,28
2026-10-06T14:04:32,Yale,womens-swimming-and-diving,2026,womens-swimming-and-diving,29
2026-10-06T14:04:33,Dartmouth,womens-cross-country,2026,womens-cross-country,21
2026-10-06T14:04:33,Yale,womens-tennis,2026,womens-tennis,10
2026-10-06T14:04:33,Columbia,womens-tennis,2026,womens-tennis,15
2026-10-06T14:04:33,Princeton,womens-squash,2026,womens-squash,14
2026-10-06T14:04:33,Yale,womens-track-and-field,2026,womens-track-and-field,49
2026-10-06T14:04:33,Columbia,womens-volleyball,2026,womens-volleyball,20
2026-10-06T14:04:33,Dartmouth,equestrian,2026,equestrian,11
2026-10-06T14:04:34,Yale,womens-volleyball,2026,womens-volleyball,17
2026-10-06T14:04:34,Princeton,womens-swimming-and-diving,2026,womens-swimming-and-diving,30
2026-10-06T14:04:34,Yale,womens-sailing,2026,womens-sailing,15
2026-10-06T14:04:34,Columbia,cross-country,2026,cross-country,52
2026-10-06T14:04:35,Yale,womens-rowing,2026,womens-crew,39
2026-10-06T14:04:35,Dartmouth,field-hockey,2026,field-hockey,24
2026-10-06T14:04:35,Princeton,womens-tennis,2026,womens-tennis,11
2026-10-06T14:04:35,Columbia,track-and-field,2026,track-and-field,112
2026-10-06T14:04:36,Dartmouth,womens-golf,2026,womens-golf,10
2026-10-06T14:04:36,Columbia,womens-rowing,2026,womens-rowing,45
2026-10-06T14:04:36,Dartmouth,womens-ice-hockey,2026,womens-ice-hockey,27
2026-10-06T14:04:37,Princeton,womens-track-and-field,2026,womens-track-and-field,59
2026-10-06T14:04:37,Dartmouth,womens-lacrosse,2026,womens-lacrosse,37
2026-10-06T14:04:38,Princeton,womens-volleyball,2026,womens-volleyball,16
2026-10-06T14:04:38,Dartmouth,womens-rugby,2026,womens-rugby,33
2026-10-06T14:04:38,Princeton,womens-rowing,2026,,0
2026-10-06T14:04:39,Dartmouth,womens-soccer,2026,womens-soccer,29
2026-10-06T14:04:40,Dartmouth,womens-squash,2026,womens-squash,13
2026-10-06T14:04:41,Dartmouth,womens-swimming-and-diving,2026,womens-swimming-and-diving,29
2026-10-06T14:04:42,Dartmouth,womens-tennis,2026,womens-tennis,12
2026-10-06T14:04:44,Dartmouth,womens-track-and-field,2026,womens-track-and-field,44
2026-10-06T14:04:45,Dartmouth,womens-volleyball,2026,womens-volleyball,17
2026-10-06T14:04:46,Dartmouth,womens-rowing,2026,womens-rowing,53
2026-10-06T14:06:28,Yale,baseball,2026,baseball,30
2026-10-06T14:06:28,Penn,baseball,2026,baseball,37
2026-10-06T14:06:28,Cornell,baseball,2026,baseball,40
2026-10-06T14:06:28,Harvard,baseball,2026,baseball,30
2026-10-06T14:06:29,Yale,mens-basketball,2026,mens-basketball,15
2026-10-06T14:06:29,Brown,baseball,2026,baseball,38
2026-10-06T14:06:29,Penn,mens-basketball,2026,mens-basketball,20
2026-10-06T14:06:29,Columbia,baseball,2026,baseball,44
2026-10-06T14:06:29,Cornell,mens-basketball,2026,mens-basketball,19
2026-10-06T14:06:29,Yale,mens-cross-country,2026,mens-cross-country,25
2026-10-06T14:06:29,Dartmouth,baseball,2026,,0
2026-10-06T14:06:29,Penn,mens-cross-country,2026,mens-cross-country,17
2026-10-06T14:06:29,Harvard,mens-basketball,2026,mens-basketball,20
2026-10-06T14:06:29,Princeton,baseball,2020,,0
2026-10-06T14:06:29,Yale,football,2026,football,93
2026-10-06T14:06:30,Cornell,mens-cross-country,2026,mens-cross-country,24
2026-10-06T14:06:30,Penn,football,2026,football,93
2026-10-06T14:06:30,Brown,mens-basketball,2026,mens-basketball,19
2026-10-06T14:06:30,Dartmouth,mens-basketball,2026,mens-basketball,15
2026-10-06T14:06:30,Harvard,football,2026,football,109
2026-10-06T14:06:30,Yale,mens-golf,2026,mens-golf,8
2026-10-06T14:06:30,Princeton,mens-basketball,2026,mens-basketball,21
2026-10-06T14:06:30,Penn,mens-golf,2026,mens-golf,9
2026-10-06T14:06:30,Columbia,mens-basketball,2026,mens-basketball,19
2026-10-06T14:06:30,Cornell,football,2026,football,119
2026-10-06T14:06:31,Brown,mens-cross-country,2026,mens-cross-country,21
2026-10-06T14:06:31,Yale,mens-ice-hockey,2026,mens-ice-hockey,29
2026-10-06T14:06:31,Harvard,mens-golf,2026,mens-golf,8
2026-10-06T14:06:31,Penn,mens-lacrosse,2026,mens-lacrosse,31
2026-10-06T14:06:31,Cornell,mens-golf,2026,mens-golf,8
2026-10-06T14:06:31,Princeton,mens-cross-country,2026,mens-cross-country,25
2026-10-06T14:06:31,Yale,mens-lacrosse,2026,mens-lacrosse,48
2026-10-06T14:06:31,Dartmouth,mens-cross-country,2026,mens-cross-country,13
2026-10-06T14:06:31,Penn,mens-rowing,2026,mens-rowing,38
2026-10-06T14:06:31,Harvard,mens-ice-hockey,2026,mens-ice-hockey,29
2026-10-06T14:06:31,Cornell,mens-ice-hockey,2026,mens-ice-hockey,31
2026-10-06T14:06:32,Yale,mens-rowing,2026,mens-crew,51
2026-10-06T14:06:32,Penn,mens-soccer,2026,mens-soccer,32
2026-10-06T14:06:32,Harvard,mens-lacrosse,2026,mens-lacrosse,49
2026-10-06T14:06:32,Yale,rowing,2026,mens-rowing,33
2026-10-06T14:06:32,Columbia,football,2026,football,108
2026-10-06T14:06:33,Cornell,mens-lacrosse,2026,mens-lacrosse,52
2026-10-06T14:06:33,Penn,mens-squash,2026,mens-squash,16
2026-10-06T14:06:33,Brown,football,2026,football,107
2026-10-06T14:06:33,Harvard,mens-rowing,2019,mens-heavyweight-rowing,43
2026-10-06T14:06:33,Yale,sailing,2026,sailing,27
2026-10-06T14:06:33,Princeton,football,2026,football,110
2026-10-06T14:06:33,Cornell,mens-rowing,2026,mens-rowing,29
2026-10-06T14:06:33,Columbia,mens-golf,2026,mens-golf,10
2026-10-06T14:06:34,Dartmouth,football,2026,football,106
2026-10-06T14:06:34,Yale,mens-soccer,2016,mens-soccer,28
2026-10-06T14:06:34,Brown,mens-golf,2026,mens-golf,12
2026-10-06T14:06:34,Harvard,rowing,2026,mens-lightweight-rowing,35
2026-10-06T14:06:34,Penn,mens-swimming-and-diving,2026,mens-swimming-and-diving,28
2026-10-06T14:06:34,Cornell,mens-soccer,2026,mens-soccer,30
2026-10-06T14:06:34,Yale,mens-squash,2026,mens-squash,13
2026-10-06T14:06:34,Princeton,mens-golf,2026,mens-golf,11
2026-10-06T14:06:34,Columbia,mens-rowing,2026,mens-rowing,38
2026-10-06T14:06:34,Harvard,sailing,2026,mens-sailing,36
2026-10-06T14:06:35,Yale,mens-swimming-and-diving,2026,mens-swimming-and-diving,29
2026-10-06T14:06:35,Brown,mens-ice-hockey,2026,mens-ice-hockey,29
2026-10-06T14:06:35,Dartmouth,mens-golf,2026,mens-golf,8
2026-10-06T14:06:35,Yale,mens-tennis,2026,mens-tennis,12
2026-10-06T14:06:35,Cornell,mens-squash,2026,mens-squash,14
2026-10-06T14:06:35,Princeton,mens-ice-hockey,2026,mens-ice-hockey,29
2026-10-06T14:06:35,Harvard,skiing,2026,skiing,21
2026-10-06T14:06:35,Penn,mens-tennis,2016,mens-tennis,12
2026-10-06T14:06:35,Columbia,rowing,2026,lightweight-rowing,36
2026-10-06T14:06:35,Cornell,mens-swimming-and-diving,2026,mens-swimming-and-diving,34
2026-10-06T14:06:35,Yale,mens-track-and-field,2026,mens-track-and-field,53
2026-10-06T14:06:36,Harvard,mens-soccer,2026,mens-soccer,29
2026-10-06T14:06:36,Cornell,mens-tennis,2026,mens-tennis,11
2026-10-06T14:06:36,Princeton,mens-lacrosse,2026,mens-lacrosse,54
2026-10-06T14:06:36,Yale,womens-basketball,2026,womens-basketball,19
2026-10-06T14:06:36,Brown,mens-lacrosse,2026,mens-lacrosse,52
2026-10-06T14:06:36,Dartmouth,mens-ice-hockey,2026,mens-ice-hockey,31
2026-10-06T14:06:36,Harvard,mens-squash,2026,mens-squash,13
2026-10-06T14:06:36,Yale,womens-cross-country,2026,womens-cross-country,18
2026-10-06T14:06:36,Cornell,mens-track-and-field,2026,mens-track-and-field,51
2026-10-06T14:06:37,Penn,mens-track-and-field,2026,mens-track-and-field,51
2026-10-06T14:06:37,Columbia,mens-soccer,2026,mens-soccer,27
2026-10-06T14:06:37,Yale,field-hockey,2026,field-hockey,19
2026-10-06T14:06:37,Cornell,womens-basketball,2026,womens-basketball,16
2026-10-06T14:06:37,Harvard,mens-swimming-and-diving,2026,mens-swimming-and-diving,30
2026-10-06T14:06:37,Brown,mens-rowing,2026,mens-crew,49
2026-10-06T14:06:37,Princeton,mens-rowing,2026,,0
2026-10-06T14:06:37,Penn,womens-basketball,2026,womens-basketball,16
2026-10-06T14:06:37,Cornell,womens-cross-country,2026,womens-cross-country,20
2026-10-06T14:06:37,Yale,womens-golf,2026,womens-golf,8
2026-10-06T14:06:38,Dartmouth,mens-lacrosse,2026,,0
2026-10-06T14:06:38,Columbia,mens-squash,2026,mens-squash,17
2026-10-06T14:06:38,Harvard,mens-tennis,2026,mens-tennis,13
2026-10-06T14:06:38,Penn,womens-cross-country,2026,womens-cross-country,20
2026-10-06T14:06:38,Yale,womens-ice-hockey,2026,womens-ice-hockey,27
2026-10-06T14:06:38,Cornell,equestrian,2026,equestrian,37
2026-10-06T14:06:38,Penn,field-hockey,2026,field-hockey,22
2026-10-06T14:06:38,Brown,sailing,2016,,0
2026-10-06T14:06:38,Harvard,womens-basketball,2026,womens-basketball,18
2026-10-06T14:06:38,Princeton,rowing,2026,,0
2026-10-06T14:06:38,Yale,womens-lacrosse,2026,womens-lacrosse,33
2026-10-06T14:06:39,Dartmouth,mens-rowing,2026,mens-rowing,43
2026-10-06T14:06:39,Cornell,field-hockey,2026,field-hockey,26
2026-10-06T14:06:39,Columbia,mens-swimming-and-diving,2026,mens-swimming-and-diving,37
2026-10-06T14:06:39,Penn,womens-golf,2026,womens-golf,8
2026-10-06T14:06:39,Cornell,womens-ice-hockey,2026,womens-ice-hockey,24
2026-10-06T14:06:39,Penn,womens-lacrosse,2026,womens-lacrosse,34
2026-10-06T14:06:39,Harvard,field-hockey,2026,field-hockey,20
2026-10-06T14:06:39,Dartmouth,rowing,2026,rowing,25
2026-10-06T14:06:40,Cornell,womens-lacrosse,2026,womens-lacrosse,40
2026-10-06T14:06:40,Columbia,mens-tennis,2026,mens-tennis,14
2026-10-06T14:06:40,Penn,womens-soccer,2026,womens-soccer,30
2026-10-06T14:06:40,Princeton,mens-soccer,2026,mens-soccer,28
2026-10-06T14:06:40,Yale,womens-soccer,2026,womens-soccer,26
2026-10-06T14:06:40,Brown,mens-soccer,2026,mens-soccer,29
2026-10-06T14:06:40,Harvard,womens-golf,2026,womens-golf,9
2026-10-06T14:06:40,Penn,womens-squash,2026,womens-squash,14
2026-10-06T14:06:40,Cornell,womens-soccer,2026,womens-soccer,31
2026-10-06T14:06:40,Columbia,womens-basketball,2026,womens-basketball,15
2026-10-06T14:06:40,Dartmouth,sailing,2026,sailing,28
2026-10-06T14:06:41,Princeton,mens-squash,2026,mens-squash,14
2026-10-06T14:06:41,Brown,mens-squash,2026,mens-squash,14
2026-10-06T14:06:41,Harvard,womens-ice-hockey,2026,womens-ice-hockey,24
2026-10-06T14:06:41,Penn,womens-swimming-and-diving,2026,womens-swimming-and-diving,31
2026-10-06T14:06:41,Cornell,womens-squash,2026,womens-squash,14
2026-10-06T14:06:41,Penn,womens-tennis,2026,womens-tennis,10
2026-10-06T14:06:41,Harvard,womens-lacrosse,2026,womens-lacrosse,29
2026-10-06T14:06:42,Brown,mens-swimming-and-diving,2026,mens-swimming-and-diving,35
2026-10-06T14:06:42,Cornell,womens-swimming-and-diving,2026,womens-swimming-and-diving,31
2026-10-06T14:06:42,Penn,womens-track-and-field,2026,womens-track-and-field,57
2026-10-06T14:06:42,Columbia,field-hockey,2026,field-hockey,28
2026-10-06T14:06:42,Princeton,mens-swimming-and-diving,2020,,0
2026-10-06T14:06:42,Harvard,womens-rugby,2026,womens-rugby,27
2026-10-06T14:06:42,Cornell,womens-tennis,2026,womens-tennis,10
2026-10-06T14:06:42,Brown,mens-tennis,2026,mens-tennis,13
2026-10-06T14:06:42,Penn,womens-volleyball,2026,womens-volleyball,18
2026-10-06T14:06:42,Harvard,womens-soccer,2026,womens-soccer,24
2026-10-06T14:06:42,Dartmouth,skiing,2026,skiing,42
2026-10-06T14:06:43,Columbia,womens-golf,2026,womens-golf,12
2026-10-06T14:06:43,Cornell,womens-track-and-field,2026,womens-track-and-field,51
2026-10-06T14:06:43,Penn,womens-rowing,2026,womens-rowing,34
2026-10-06T14:06:43,Princeton,mens-tennis,2026,mens-tennis,12
2026-10-06T14:06:43,Harvard,womens-squash,2026,womens-squash,12
2026-10-06T14:06:43,Brown,mens-track-and-field,2026,mens-track-and-field,54
2026-10-06T14:06:43,Penn,mens-tennis,2026,mens-tennis,12
2026-10-06T14:06:43,Cornell,womens-volleyball,2026,womens-volleyball,18
2026-10-06T14:06:43,Columbia,womens-lacrosse,2026,womens-lacrosse,31
2026-10-06T14:06:44,Dartmouth,mens-soccer,2026,mens-soccer,28
2026-10-06T14:06:44,Cornell,womens-sailing,2026,womens-sailing,14
2026-10-06T14:06:44,Harvard,womens-swimming-and-diving,2026,womens-swimming-and-diving,31
2026-10-06T14:06:44,Brown,womens-basketball,2026,womens-basketball,18
2026-10-06T14:06:44,Cornell,womens-rowing,2026,womens-rowing,54
2026-10-06T14:06:44,Columbia,womens-soccer,2026,womens-soccer,31
2026-10-06T14:06:44,Dartmouth,mens-squash,2026,mens-squash,12
2026-10-06T14:06:45,Yale,womens-squash,2026,womens-squash,8
2026-10-06T14:06:45,Brown,womens-cross-country,2026,womens-cross-country,25
2026-10-06T14:06:45,Harvard,womens-tennis,2026,womens-tennis,14
2026-10-06T14:06:45,Princeton,mens-track-and-field,2026,mens-track-and-field,67
2026-10-06T14:06:45,Yale,womens-swimming-and-diving,2026,womens-swimming-and-diving,29
2026-10-06T14:06:45,Columbia,womens-squash,2026,womens-squash,17
2026-10-06T14:06:45,Dartmouth,mens-swimming-and-diving,2026,mens-swimming-and-diving,23
2026-10-06T14:06:45,Harvard,womens-volleyball,2026,womens-volleyball,14
2026-10-06T14:06:45,Brown,equestrian,2026,equestrian,21
2026-10-06T14:06:46,Yale,womens-tennis,2026,womens-tennis,10
2026-10-06T14:06:46,Harvard,cross-country,2026,cross-country,37
2026-10-06T14:06:46,Dartmouth,mens-tennis,2026,mens-tennis,10
2026-10-06T14:06:46,Columbia,womens-swimming-and-diving,2026,womens-swimming-and-diving,34
2026-10-06T14:06:46,Princeton,womens-basketball,2020,,0
2026-10-06T14:06:46,Yale,womens-track-and-field,2026,womens-track-and-field,49
2026-10-06T14:06:47,Harvard,track-and-field,2026,mens-track-and-field,93
2026-10-06T14:06:47,Brown,field-hockey,2026,field-hockey,24
2026-10-06T14:06:47,Columbia,womens-tennis,2026,womens-tennis,15
2026-10-06T14:06:47,Yale,womens-volleyball,2016,womens-volleyball,17
2026-10-06T14:06:47,Harvard,womens-rowing,2026,womens-heavyweight-rowing,35
2026-10-06T14:06:47,Princeton,womens-cross-country,2026,womens-cross-country,24
2026-10-06T14:06:47,Brown,womens-golf,2026,womens-golf,8
2026-10-06T14:06:47,Columbia,womens-volleyball,2026,womens-volleyball,20
2026-10-06T14:06:47,Yale,womens-sailing,2026,womens-sailing,15
2026-10-06T14:06:48,Harvard,womens-lightweight-rowing,2026,womens-lightweight-rowing,27
2026-10-06T14:06:48,Yale,womens-rowing,2026,womens-crew,39
2026-10-06T14:06:48,Brown,womens-ice-hockey,2026,womens-ice-hockey,27
2026-10-06T14:06:48,Columbia,cross-country,2026,cross-country,52
2026-10-06T14:06:48,Dartmouth,mens-track-and-field,2026,mens-track-and-field,41
2026-10-06T14:06:48,Harvard,mens-rowing,2026,mens-heavyweight-rowing,43
2026-10-06T14:06:49,Yale,mens-soccer,2017,mens-soccer,28
2026-10-06T14:06:49,Princeton,field-hockey,2026,field-hockey,24
2026-10-06T14:06:49,Brown,womens-lacrosse,2026,womens-lacrosse,31
2026-10-06T14:06:49,Columbia,track-and-field,2026,track-and-field,112
2026-10-06T14:06:49,Yale,womens-volleyball,2017,womens-volleyball,17
2026-10-06T14:06:49,Dartmouth,womens-basketball,2026,womens-basketball,17
2026-10-06T14:06:50,Princeton,womens-golf,2026,womens-golf,10
2026-10-06T14:06:50,Yale,mens-soccer,2019,mens-soccer,28
2026-10-06T14:06:50,Brown,womens-rugby,2026,womens-rugby,35
2026-10-06T14:06:50,Columbia,womens-rowing,2026,womens-rowing,45
2026-10-06T14:06:50,Princeton,womens-ice-hockey,2026,womens-ice-hockey,23
2026-10-06T14:06:50,Dartmouth,womens-cross-country,2026,womens-cross-country,21
2026-10-06T14:06:51,Yale,womens-volleyball,2018,womens-volleyball,17
2026-10-06T14:06:51,Brown,womens-soccer,2026,womens-soccer,32
2026-10-06T14:06:51,Princeton,womens-lacrosse,2026,womens-lacrosse,32
2026-10-06T14:06:51,Dartmouth,equestrian,2026,equestrian,11
2026-10-06T14:06:51,Yale,mens-soccer,2020,mens-soccer,28
2026-10-06T14:06:52,Brown,womens-squash,2026,womens-squash,17
2026-10-06T14:06:52,Yale,womens-volleyball,2019,womens-volleyball,17
2026-10-06T14:06:52,Princeton,womens-rugby,2026,womens-rugby,28
2026-10-06T14:06:52,Brown,womens-swimming-and-diving,2026,womens-swimming-and-diving,30
2026-10-06T14:06:52,Yale,mens-soccer,2026,mens-soccer,28
2026-10-06T14:06:53,Princeton,womens-soccer,2026,womens-soccer,28
2026-10-06T14:06:53,Dartmouth,field-hockey,2026,field-hockey,24
2026-10-06T14:06:53,Yale,womens-volleyball,2026,womens-volleyball,17
2026-10-06T14:06:53,Brown,womens-tennis,2026,womens-tennis,14
2026-10-06T14:06:53,Princeton,womens-squash,2026,womens-squash,14
2026-10-06T14:06:53,Dartmouth,womens-golf,2026,womens-golf,10
2026-10-06T14:06:54,Brown,womens-track-and-field,2026,womens-track-and-field,60
2026-10-06T14:06:54,Dartmouth,womens-ice-hockey,2026,womens-ice-hockey,27
2026-10-06T14:06:54,Princeton,womens-swimming-and-diving,2026,womens-swimming-and-diving,30
2026-10-06T14:06:55,Brown,womens-volleyball,2026,womens-volleyball,20
2026-10-06T14:06:55,Dartmouth,womens-lacrosse,2026,womens-lacrosse,37
2026-10-06T14:06:56,Princeton,womens-tennis,2020,,0
2026-10-06T14:06:56,Dartmouth,womens-rugby,2026,womens-rugby,33
2026-10-06T14:06:56,Brown,womens-sailing,2016,,0
2026-10-06T14:06:57,Dartmouth,womens-soccer,2026,womens-soccer,29
2026-10-06T14:06:57,Brown,womens-rowing,2026,womens-crew,44
2026-10-06T14:06:58,Dartmouth,womens-squash,2026,womens-squash,13
2026-10-06T14:06:58,Brown,sailing,2017,,0
2026-10-06T14:06:58,Princeton,womens-track-and-field,2026,womens-track-and-field,59
2026-10-06T14:06:59,Dartmouth,womens-swimming-and-diving,2026,womens-swimming-and-diving,29
2026-10-06T14:06:59,Brown,womens-sailing,2017,,0
2026-10-06T14:07:00,Dartmouth,womens-tennis,2026,womens-tennis,12
2026-10-06T14:07:00,Princeton,womens-volleyball,2026,womens-volleyball,16
2026-10-06T14:07:00,Brown,sailing,2018,,0
2026-10-06T14:07:01,Princeton,womens-rowing,2026,,0
2026-10-06T14:07:02,Dartmouth,womens-track-and-field,2026,womens-track-and-field,44
2026-10-06T14:07:02,Brown,womens-sailing,2018,,0
2026-10-06T14:07:02,Princeton,baseball,2026,baseball,25
2026-10-06T14:07:02,Dartmouth,womens-volleyball,2026,womens-volleyball,17
2026-10-06T14:07:03,Brown,sailing,2019,,0
2026-10-06T14:07:03,Princeton,mens-swimming-and-diving,2026,mens-swimming-and-diving,39
2026-10-06T14:07:04,Dartmouth,womens-rowing,2026,womens-rowing,53
2026-10-06T14:07:04,Brown,womens-sailing,2019,,0
2026-10-06T14:07:04,Princeton,womens-basketball,2026,womens-basketball,15
2026-10-06T14:07:05,Princeton,womens-tennis,2026,womens-tennis,11
2026-10-06T14:07:05,Brown,sailing,2026,coed-sailing,31
2026-10-06T14:07:06,Brown,womens-sailing,2026,womens-sailing,21
2026-10-06T14:50:05,Brown,baseball,2026,baseball,38
2026-10-06T14:50:05,Cornell,baseball,2026,baseball,40
2026-10-06T14:50:06,Harvard,baseball,2026,baseball,30
2026-10-06T14:50:06,Columbia,baseball,2026,baseball,44
2026-10-06T14:50:06,Cornell,mens-basketball,2026,mens-basketball,19
2026-10-06T14:50:06,Brown,mens-basketball,2026,mens-basketball,19
2026-10-06T14:50:06,Harvard,mens-basketball,2026,mens-basketball,20
2026-10-06T14:50:06,Cornell,mens-cross-country,2026,mens-cross-country,24
2026-10-06T14:50:06,Dartmouth,baseball,2026,,0
2026-10-06T14:50:07,Princeton,baseball,2026,baseball,25
2026-10-06T14:50:07,Columbia,mens-basketball,2026,mens-basketball,19
2026-10-06T14:50:07,Harvard,football,2026,football,109
2026-10-06T14:50:07,Cornell,football,2026,football,119
2026-10-06T14:50:07,Dartmouth,mens-basketball,2026,mens-basketball,15
2026-10-06T14:50:07,Princeton,mens-basketball,2026,mens-basketball,21
2026-10-06T14:50:08,Brown,mens-cross-country,2026,mens-cross-country,21
2026-10-06T14:50:08,Cornell,mens-golf,2026,mens-golf,8
2026-10-06T14:50:08,Harvard,mens-golf,2026,mens-golf,8
2026-10-06T14:50:08,Yale,baseball,2026,baseball,30
2026-10-06T14:50:08,Penn,baseball,2026,baseball,37
2026-10-06T14:50:08,Dartmouth,mens-cross-country,2026,mens-cross-country,13
2026-10-06T14:50:08,Princeton,mens-cross-country,2026,mens-cross-country,25
2026-10-06T14:50:08,Cornell,mens-ice-hockey,2026,mens-ice-hockey,31
2026-10-06T14:50:08,Harvard,mens-ice-hockey,2026,mens-ice-hockey,29
2026-10-06T14:50:08,Penn,mens-basketball,2026,mens-basketball,20
2026-10-06T14:50:09,Cornell,mens-lacrosse,2026,mens-lacrosse,52
2026-10-06T14:50:09,Columbia,football,2026,football,108
2026-10-06T14:50:09,Penn,mens-cross-country,2026,mens-cross-country,17
2026-10-06T14:50:09,Harvard,mens-lacrosse,2026,mens-lacrosse,49
2026-10-06T14:50:10,Cornell,mens-rowing,2016,mens-rowing,46
2026-10-06T14:50:10,Penn,football,2026,football,93
2026-10-06T14:50:10,Harvard,mens-rowing,2016,mens-heavyweight-rowing,51
2026-10-06T14:50:10,Cornell,mens-soccer,2016,mens-soccer,31
2026-10-06T14:50:10,Dartmouth,football,2026,football,106
2026-10-06T14:50:10,Penn,mens-golf,2026,mens-golf,9
2026-10-06T14:50:10,Columbia,mens-golf,2026,mens-golf,10
2026-10-06T14:50:11,Brown,football,2026,football,107
2026-10-06T14:50:11,Harvard,rowing,2026,mens-lightweight-rowing,35
2026-10-06T14:50:11,Cornell,mens-squash,2026,mens-squash,14
2026-10-06T14:50:11,Princeton,football,2026,football,110
2026-10-06T14:50:11,Penn,mens-lacrosse,2026,mens-lacrosse,31
2026-10-06T14:50:11,Dartmouth,mens-golf,2026,mens-golf,8
2026-10-06T14:50:11,Cornell,mens-swimming-and-diving,2026,mens-swimming-and-diving,34
2026-10-06T14:50:12,Harvard,sailing,2026,mens-sailing,36
2026-10-06T14:50:12,Penn,mens-rowing,2016,mens-rowing,30
2026-10-06T14:50:12,Brown,mens-golf,2026,mens-golf,12
2026-10-06T14:50:12,Dartmouth,mens-ice-hockey,2026,mens-ice-hockey,31
2026-10-06T14:50:12,Cornell,mens-tennis,2016,mens-tennis,16
2026-10-06T14:50:12,Columbia,mens-rowing,2016,mens-rowing,33
2026-10-06T14:50:12,Princeton,mens-golf,2026,mens-golf,11
2026-10-06T14:50:12,Harvard,skiing,2026,skiing,21
2026-10-06T14:50:12,Penn,mens-soccer,2016,mens-soccer,25
2026-10-06T14:50:12,Cornell,mens-track-and-field,2026,mens-track-and-field,51
2026-10-06T14:50:12,Yale,mens-basketball,2026,mens-basketball,15
2026-10-06T14:50:13,Brown,mens-ice-hockey,2026,mens-ice-hockey,29
2026-10-06T14:50:13,Penn,mens-squash,2026,mens-squash,16
2026-10-06T14:50:13,Harvard,mens-soccer,2016,mens-soccer,27
2026-10-06T14:50:13,Cornell,womens-basketball,2026,womens-basketball,16
2026-10-06T14:50:13,Princeton,mens-ice-hockey,2026,mens-ice-hockey,29
2026-10-06T14:50:13,Columbia,rowing,2026,lightweight-rowing,36
2026-10-06T14:50:13,Penn,mens-swimming-and-diving,2026,mens-swimming-and-diving,28
2026-10-06T14:50:13,Dartmouth,mens-lacrosse,2026,,0
2026-10-06T14:50:13,Cornell,womens-cross-country,2026,womens-cross-country,20
2026-10-06T14:50:14,Harvard,mens-squash,2026,mens-squash,13
2026-10-06T14:50:14,Penn,mens-tennis,2016,mens-tennis,12
2026-10-06T14:50:14,Brown,mens-lacrosse,2026,mens-lacrosse,52
2026-10-06T14:50:14,Princeton,mens-lacrosse,2026,mens-lacrosse,54
2026-10-06T14:50:14,Harvard,mens-swimming-and-diving,2026,mens-swimming-and-diving,30
2026-10-06T14:50:14,Cornell,equestrian,2026,equestrian,37
2026-10-06T14:50:14,Dartmouth,mens-rowing,2016,mens-rowing,39
2026-10-06T14:50:15,Harvard,mens-tennis,2016,mens-tennis,12
2026-10-06T14:50:15,Penn,mens-track-and-field,2026,mens-track-and-field,51
2026-10-06T14:50:15,Brown,mens-rowing,2016,mens-crew,51
2026-10-06T14:50:15,Yale,mens-cross-country,2026,mens-cross-country,25
2026-10-06T14:50:15,Columbia,mens-soccer,2016,mens-soccer,30
2026-10-06T14:50:15,Cornell,field-hockey,2026,field-hockey,26
2026-10-06T14:50:15,Dartmouth,rowing,2026,rowing,25
2026-10-06T14:50:15,Harvard,womens-basketball,2026,womens-basketball,18
2026-10-06T14:50:16,Yale,football,2026,football,93
2026-10-06T14:50:16,Cornell,womens-ice-hockey,2026,womens-ice-hockey,24
2026-10-06T14:50:16,Penn,womens-basketball,2026,womens-basketball,16
2026-10-06T14:50:16,Harvard,field-hockey,2026,field-hockey,20
2026-10-06T14:50:16,Princeton,mens-rowing,2016,mens-rowing,51
2026-10-06T14:50:16,Brown,sailing,2026,coed-sailing,31
2026-10-06T14:50:16,Dartmouth,sailing,2026,sailing,28
2026-10-06T14:50:16,Columbia,mens-squash,2026,mens-squash,17
2026-10-06T14:50:16,Penn,womens-cross-country,2026,womens-cross-country,20
2026-10-06T14:50:17,Cornell,womens-lacrosse,2026,womens-lacrosse,40
2026-10-06T14:50:17,Harvard,womens-golf,2026,womens-golf,9
2026-10-06T14:50:17,Penn,field-hockey,2026,field-hockey,22
2026-10-06T14:50:17,Cornell,womens-soccer,2026,womens-soccer,31
2026-10-06T14:50:17,Harvard,womens-ice-hockey,2026,womens-ice-hockey,24
2026-10-06T14:50:17,Columbia,mens-swimming-and-diving,2026,mens-swimming-and-diving,37
2026-10-06T14:50:17,Penn,womens-golf,2026,womens-golf,8
2026-10-06T14:50:18,Cornell,womens-squash,2026,womens-squash,14
2026-10-06T14:50:18,Princeton,rowing,2026,,0
2026-10-06T14:50:18,Harvard,womens-lacrosse,2026,womens-lacrosse,29
2026-10-06T14:50:18,Brown,mens-soccer,2016,mens-soccer,29
2026-10-06T14:50:18,Cornell,womens-swimming-and-diving,2026,womens-swimming-and-diving,31
2026-10-06T14:50:18,Penn,womens-lacrosse,2026,womens-lacrosse,34
2026-10-06T14:50:18,Columbia,mens-tennis,2016,mens-tennis,14
2026-10-06T14:50:18,Harvard,womens-rugby,2026,womens-rugby,27
2026-10-06T14:50:18,Cornell,womens-tennis,2026,womens-tennis,10
2026-10-06T14:50:19,Penn,womens-soccer,2026,womens-soccer,30
2026-10-06T14:50:19,Harvard,womens-soccer,2026,womens-soccer,24
2026-10-06T14:50:19,Cornell,womens-track-and-field,2026,womens-track-and-field,51
2026-10-06T14:50:19,Brown,mens-squash,2026,mens-squash,14
2026-10-06T14:50:19,Penn,womens-squash,2026,womens-squash,14
2026-10-06T14:50:19,Columbia,womens-basketball,2026,womens-basketball,15
2026-10-06T14:50:19,Dartmouth,skiing,2026,skiing,42
2026-10-06T14:50:19,Princeton,mens-soccer,2016,mens-soccer,29
2026-10-06T14:50:19,Cornell,womens-volleyball,2026,womens-volleyball,18
2026-10-06T14:50:19,Harvard,womens-squash,2026,womens-squash,12
2026-10-06T14:50:20,Brown,mens-swimming-and-diving,2026,mens-swimming-and-diving,35
2026-10-06T14:50:20,Cornell,womens-sailing,2026,womens-sailing,14
2026-10-06T14:50:20,Princeton,mens-squash,2026,mens-squash,14
2026-10-06T14:50:20,Cornell,womens-rowing,2026,womens-rowing,54
2026-10-06T14:50:20,Harvard,womens-swimming-and-diving,2026,womens-swimming-and-diving,31
2026-10-06T14:50:21,Columbia,field-hockey,2026,field-hockey,28
2026-10-06T14:50:21,Cornell,mens-rowing,2017,mens-rowing,45
2026-10-06T14:50:21,Brown,mens-tennis,2016,mens-tennis,13
2026-10-06T14:50:21,Dartmouth,mens-soccer,2016,mens-soccer,28
2026-10-06T14:50:21,Harvard,womens-tennis,2026,womens-tennis,14
2026-10-06T14:50:21,Princeton,mens-swimming-and-diving,2026,mens-swimming-and-diving,39
2026-10-06T14:50:21,Cornell,mens-soccer,2017,mens-soccer,24
2026-10-06T14:50:21,Penn,womens-swimming-and-diving,2026,womens-swimming-and-diving,31
2026-10-06T14:50:22,Yale,mens-golf,2026,mens-golf,8
2026-10-06T14:50:22,Cornell,mens-tennis,2017,mens-tennis,12
2026-10-06T14:50:22,Brown,mens-track-and-field,2026,mens-track-and-field,54
2026-10-06T14:50:22,Dartmouth,mens-squash,2026,mens-squash,12
2026-10-06T14:50:22,Columbia,womens-golf,2026,womens-golf,12
2026-10-06T14:50:22,Penn,womens-tennis,2026,womens-tennis,10
2026-10-06T14:50:22,Princeton,mens-tennis,2016,mens-tennis,13
2026-10-06T14:50:22,Harvard,womens-volleyball,2026,womens-volleyball,14
2026-10-06T14:50:22,Cornell,mens-rowing,2018,mens-rowing,42
2026-10-06T14:50:23,Cornell,mens-soccer,2018,mens-soccer,28
2026-10-06T14:50:23,Harvard,cross-country,2026,cross-country,37
2026-10-06T14:50:23,Dartmouth,mens-swimming-and-diving,2026,mens-swimming-and-diving,23
2026-10-06T14:50:23,Columbia,womens-lacrosse,2026,womens-lacrosse,31
2026-10-06T14:50:23,Yale,mens-ice-hockey,2026,mens-ice-hockey,29
2026-10-06T14:50:23,Brown,womens-basketball,2026,womens-basketball,18
2026-10-06T14:50:23,Cornell,mens-tennis,2018,mens-tennis,12
2026-10-06T14:50:23,Harvard,track-and-field,2026,mens-track-and-field,93
2026-10-06T14:50:23,Cornell,mens-rowing,2019,mens-rowing,42
2026-10-06T14:50:24,Yale,mens-lacrosse,2026,mens-lacrosse,48
2026-10-06T14:50:24,Dartmouth,mens-tennis,2016,mens-tennis,11
2026-10-06T14:50:24,Columbia,womens-soccer,2026,womens-soccer,31
2026-10-06T14:50:24,Brown,womens-cross-country,2026,womens-cross-country,25
2026-10-06T14:50:24,Cornell,mens-soccer,2019,mens-soccer,29
2026-10-06T14:50:24,Harvard,womens-rowing,2026,womens-heavyweight-rowing,35
2026-10-06T14:50:24,Brown,equestrian,2026,equestrian,21
2026-10-06T14:50:24,Cornell,mens-tennis,2019,mens-tennis,13
2026-10-06T14:50:25,Harvard,womens-lightweight-rowing,2026,womens-lightweight-rowing,27
2026-10-06T14:50:25,Columbia,womens-squash,2026,womens-squash,17
2026-10-06T14:50:25,Princeton,mens-track-and-field,2026,mens-track-and-field,67
2026-10-06T14:50:25,Cornell,mens-rowing,2020,mens-rowing,33
2026-10-06T14:50:25,Harvard,mens-rowing,2017,mens-heavyweight-rowing,50
2026-10-06T14:50:26,Cornell,mens-soccer,2020,mens-soccer,28
2026-10-06T14:50:26,Brown,field-hockey,2026,field-hockey,24
2026-10-06T14:50:26,Columbia,womens-swimming-and-diving,2026,womens-swimming-and-diving,34
2026-10-06T14:50:26,Harvard,mens-soccer,2017,mens-soccer,25
2026-10-06T14:50:26,Cornell,mens-tennis,2020,mens-tennis,7
2026-10-06T14:50:26,Dartmouth,mens-track-and-field,2026,mens-track-and-field,41
2026-10-06T14:50:26,Princeton,womens-basketball,2026,womens-basketball,15
2026-10-06T14:50:26,Cornell,mens-rowing,2021,mens-rowing,42
2026-10-06T14:50:26,Harvard,mens-tennis,2017,mens-tennis,13
2026-10-06T14:50:27,Brown,womens-golf,2026,womens-golf,8
2026-10-06T14:50:27,Penn,womens-track-and-field,2026,womens-track-and-field,57
2026-10-06T14:50:27,Columbia,womens-tennis,2026,womens-tennis,15
2026-10-06T14:50:27,Cornell,mens-soccer,2021,mens-soccer,36
2026-10-06T14:50:27,Dartmouth,womens-basketball,2026,womens-basketball,17
2026-10-06T14:50:27,Harvard,mens-rowing,2018,mens-heavyweight-rowing,46
2026-10-06T14:50:27,Princeton,womens-cross-country,2026,womens-cross-country,24
2026-10-06T14:50:27,Penn,womens-volleyball,2026,womens-volleyball,18
2026-10-06T14:50:27,Brown,womens-ice-hockey,2026,womens-ice-hockey,27
2026-10-06T14:50:28,Harvard,mens-soccer,2018,mens-soccer,25
2026-10-06T14:50:28,Dartmouth,womens-cross-country,2026,womens-cross-country,21
2026-10-06T14:50:28,Columbia,womens-volleyball,2026,womens-volleyball,20
2026-10-06T14:50:28,Penn,womens-rowing,2026,womens-rowing,34
2026-10-06T14:50:28,Yale,mens-rowing,2016,mens-crew,48
2026-10-06T14:50:28,Cornell,mens-tennis,2021,mens-tennis,16
2026-10-06T14:50:28,Harvard,mens-tennis,2018,mens-tennis,14
2026-10-06T14:50:28,Penn,mens-rowing,2017,mens-rowing,33
2026-10-06T14:50:28,Dartmouth,equestrian,2026,equestrian,11
2026-10-06T14:50:28,Cornell,mens-rowing,2022,mens-rowing,44
2026-10-06T14:50:29,Columbia,cross-country,2026,cross-country,52
2026-10-06T14:50:29,Brown,womens-lacrosse,2026,womens-lacrosse,31
2026-10-06T14:50:29,Penn,mens-soccer,2017,mens-soccer,26
2026-10-06T14:50:29,Harvard,mens-rowing,2019,mens-heavyweight-rowing,43
2026-10-06T14:50:29,Princeton,field-hockey,2026,field-hockey,24
2026-10-06T14:50:29,Cornell,mens-soccer,2022,mens-soccer,33
2026-10-06T14:50:29,Penn,mens-tennis,2017,mens-tennis,14
2026-10-06T14:50:29,Harvard,mens-soccer,2019,mens-soccer,25
2026-10-06T14:50:30,Brown,womens-rugby,2026,womens-rugby,35
2026-10-06T14:50:30,Cornell,mens-tennis,2022,mens-tennis,13
2026-10-06T14:50:30,Columbia,track-and-field,2026,track-and-field,112
2026-10-06T14:50:30,Penn,mens-rowing,2018,mens-rowing,29
2026-10-06T14:50:30,Princeton,womens-golf,2026,womens-golf,10
2026-10-06T14:50:30,Cornell,mens-rowing,2023,mens-rowing,47
2026-10-06T14:50:30,Dartmouth,field-hockey,2026,field-hockey,24
2026-10-06T14:50:30,Harvard,mens-tennis,2019,mens-tennis,12
2026-10-06T14:50:30,Brown,womens-soccer,2026,womens-soccer,32
2026-10-06T14:50:31,Cornell,mens-soccer,2023,mens-soccer,33
2026-10-06T14:50:31,Penn,mens-soccer,2018,mens-soccer,30
2026-10-06T14:50:31,Harvard,mens-rowing,2020,mens-heavyweight-rowing,25
2026-10-06T14:50:31,Columbia,womens-rowing,2026,womens-rowing,45
2026-10-06T14:50:31,Cornell,mens-tennis,2023,mens-tennis,14
2026-10-06T14:50:31,Princeton,womens-ice-hockey,2026,womens-ice-hockey,23
2026-10-06T14:50:31,Penn,mens-tennis,2018,mens-tennis,14
2026-10-06T14:50:31,Dartmouth,womens-golf,2026,womens-golf,10
2026-10-06T14:50:31,Harvard,mens-soccer,2020,mens-soccer,23
2026-10-06T14:50:31,Brown,womens-squash,2026,womens-squash,17
2026-10-06T14:50:32,Cornell,mens-rowing,2024,mens-rowing,45
2026-10-06T14:50:32,Penn,mens-rowing,2019,mens-rowing,39
2026-10-06T14:50:32,Harvard,mens-tennis,2020,mens-tennis,7
2026-10-06T14:50:32,Dartmouth,womens-ice-hockey,2026,womens-ice-hockey,27
2026-10-06T14:50:32,Cornell,mens-soccer,2024,mens-soccer,35
2026-10-06T14:50:32,Princeton,womens-lacrosse,2026,womens-lacrosse,32
2026-10-06T14:50:32,Brown,womens-swimming-and-diving,2026,womens-swimming-and-diving,30
2026-10-06T14:50:32,Columbia,mens-rowing,2017,mens-rowing,24
2026-10-06T14:50:33,Penn,mens-soccer,2019,mens-soccer,30
2026-10-06T14:50:33,Harvard,mens-rowing,2021,mens-heavyweight-rowing,61
2026-10-06T14:50:33,Cornell,mens-tennis,2024,mens-tennis,12
2026-10-06T14:50:33,Penn,mens-tennis,2019,mens-tennis,13
2026-10-06T14:50:33,Harvard,mens-soccer,2021,mens-soccer,32
2026-10-06T14:50:33,Cornell,mens-rowing,2025,mens-rowing,29
2026-10-06T14:50:33,Dartmouth,womens-lacrosse,2026,womens-lacrosse,37
2026-10-06T14:50:33,Penn,mens-rowing,2020,mens-rowing,39
2026-10-06T14:50:33,Brown,womens-tennis,2026,womens-tennis,14
2026-10-06T14:50:33,Princeton,womens-rugby,2026,womens-rugby,28
2026-10-06T14:50:34,Harvard,mens-tennis,2021,mens-tennis,13
2026-10-06T14:50:34,Cornell,mens-soccer,2025,mens-soccer,32
2026-10-06T14:50:34,Yale,rowing,2026,mens-rowing,33
2026-10-06T14:50:34,Penn,mens-soccer,2020,mens-soccer,27
2026-10-06T14:50:34,Dartmouth,womens-rugby,2026,womens-rugby,33
2026-10-06T14:50:34,Cornell,mens-tennis,2025,mens-tennis,10
2026-10-06T14:50:34,Penn,mens-tennis,2020,mens-tennis,9
2026-10-06T14:50:34,Brown,womens-track-and-field,2026,womens-track-and-field,60
2026-10-06T14:50:34,Harvard,mens-rowing,2022,mens-heavyweight-rowing,65
2026-10-06T14:50:35,Columbia,mens-soccer,2017,mens-soccer,32
2026-10-06T14:50:35,Princeton,womens-soccer,2026,womens-soccer,28
2026-10-06T14:50:35,Cornell,mens-rowing,2026,mens-rowing,29
2026-10-06T14:50:35,Harvard,mens-soccer,2022,mens-soccer,30
2026-10-06T14:50:35,Cornell,mens-soccer,2026,mens-soccer,30
2026-10-06T14:50:35,Dartmouth,womens-soccer,2026,womens-soccer,29
2026-10-06T14:50:35,Penn,mens-rowing,2021,mens-rowing,35
2026-10-06T14:50:35,Princeton,womens-squash,2026,womens-squash,14
2026-10-06T14:50:35,Columbia,mens-tennis,2017,mens-tennis,15
2026-10-06T14:50:35,Brown,womens-volleyball,2026,womens-volleyball,20
2026-10-06T14:50:36,Cornell,mens-tennis,2026,mens-tennis,11
2026-10-06T14:50:36,Harvard,mens-tennis,2022,mens-tennis,13
2026-10-06T14:50:36,Penn,mens-soccer,2021,mens-soccer,31
2026-10-06T14:50:36,Yale,sailing,2026,sailing,27
2026-10-06T14:50:36,Penn,mens-tennis,2021,mens-tennis,11
2026-10-06T14:50:36,Brown,womens-sailing,2026,womens-sailing,21
2026-10-06T14:50:36,Dartmouth,womens-squash,2026,womens-squash,13
2026-10-06T14:50:36,Yale,mens-soccer,2016,mens-soccer,27
2026-10-06T14:50:36,Harvard,mens-rowing,2023,mens-heavyweight-rowing,51
2026-10-06T14:50:37,Princeton,womens-swimming-and-diving,2026,womens-swimming-and-diving,30
2026-10-06T14:50:37,Penn,mens-rowing,2022,mens-rowing,39
2026-10-06T14:50:37,Brown,womens-rowing,2026,womens-crew,44
2026-10-06T14:50:37,Penn,mens-soccer,2022,mens-soccer,28
2026-10-06T14:50:37,Harvard,mens-soccer,2023,mens-soccer,30
2026-10-06T14:50:37,Columbia,mens-rowing,2018,mens-rowing,10
2026-10-06T14:50:37,Dartmouth,womens-swimming-and-diving,2026,womens-swimming-and-diving,29
2026-10-06T14:50:37,Princeton,womens-tennis,2026,womens-tennis,11
2026-10-06T14:50:37,Penn,mens-tennis,2022,mens-tennis,12
2026-10-06T14:50:38,Harvard,mens-tennis,2023,mens-tennis,14
2026-10-06T14:50:38,Brown,mens-rowing,2017,mens-crew,56
2026-10-06T14:50:38,Penn,mens-rowing,2023,mens-rowing,46
2026-10-06T14:50:38,Harvard,mens-rowing,2024,mens-heavyweight-rowing,53
2026-10-06T14:50:38,Dartmouth,womens-tennis,2026,womens-tennis,12
2026-10-06T14:50:38,Penn,mens-soccer,2023,mens-soccer,31
2026-10-06T14:50:39,Harvard,mens-soccer,2024,mens-soccer,30
2026-10-06T14:50:39,Penn,mens-tennis,2023,mens-tennis,10
2026-10-06T14:50:39,Columbia,mens-soccer,2018,mens-soccer,29
2026-10-06T14:50:39,Harvard,mens-tennis,2024,mens-tennis,13
2026-10-06T14:50:39,Penn,mens-rowing,2024,mens-rowing,53
2026-10-06T14:50:40,Brown,mens-soccer,2017,mens-soccer,29
2026-10-06T14:50:40,Harvard,mens-rowing,2025,mens-heavyweight-rowing,52
2026-10-06T14:50:40,Columbia,mens-tennis,2018,mens-tennis,14
2026-10-06T14:50:40,Penn,mens-soccer,2024,mens-soccer,31
2026-10-06T14:50:40,Brown,mens-tennis,2017,mens-tennis,14
2026-10-06T14:50:40,Penn,mens-tennis,2024,mens-tennis,11
2026-10-06T14:50:40,Harvard,mens-soccer,2025,mens-soccer,32
2026-10-06T14:50:40,Yale,mens-squash,2026,mens-squash,13
2026-10-06T14:50:40,Princeton,womens-track-and-field,2026,womens-track-and-field,59
2026-10-06T14:50:41,Dartmouth,womens-track-and-field,2026,womens-track-and-field,44
2026-10-06T14:50:41,Penn,mens-rowing,2025,mens-rowing,48
2026-10-06T14:50:41,Harvard,mens-tennis,2025,mens-tennis,13
2026-10-06T14:50:41,Harvard,mens-rowing,2026,mens-heavyweight-rowing,43
2026-10-06T14:50:41,Brown,mens-rowing,2018,mens-crew,47
2026-10-06T14:50:41,Penn,mens-soccer,2025,mens-soccer,33
2026-10-06T14:50:41,Princeton,womens-volleyball,2026,womens-volleyball,16
2026-10-06T14:50:42,Columbia,mens-rowing,2019,mens-rowing,34
2026-10-06T14:50:42,Dartmouth,womens-volleyball,2026,womens-volleyball,17
2026-10-06T14:50:42,Harvard,mens-soccer,2026,mens-soccer,29
2026-10-06T14:50:42,Penn,mens-tennis,2025,mens-tennis,12
2026-10-06T14:50:42,Yale,mens-swimming-and-diving,2026,mens-swimming-and-diving,29
2026-10-06T14:50:42,Penn,mens-rowing,2026,mens-rowing,38
2026-10-06T14:50:42,Harvard,mens-tennis,2026,mens-tennis,13
2026-10-06T14:50:42,Dartmouth,womens-rowing,2026,womens-rowing,53
2026-10-06T14:50:43,Brown,mens-soccer,2018,mens-soccer,28
2026-10-06T14:50:43,Penn,mens-soccer,2026,mens-soccer,32
2026-10-06T14:50:43,Columbia,mens-soccer,2019,mens-soccer,26
2026-10-06T14:50:43,Penn,mens-tennis,2026,mens-tennis,12
2026-10-06T14:50:43,Princeton,womens-rowing,2026,,0
2026-10-06T14:50:43,Dartmouth,mens-rowing,2017,mens-rowing,43
2026-10-06T14:50:44,Brown,mens-tennis,2018,mens-tennis,12
2026-10-06T14:50:44,Columbia,mens-tennis,2019,mens-tennis,14
2026-10-06T14:50:44,Yale,mens-tennis,2016,mens-tennis,13
2026-10-06T14:50:45,Brown,mens-rowing,2019,mens-crew,36
2026-10-06T14:50:45,Columbia,mens-rowing,2020,mens-rowing,16
2026-10-06T14:50:45,Dartmouth,mens-soccer,2017,mens-soccer,29
2026-10-06T14:50:45,Princeton,mens-rowing,2017,mens-rowing,53
2026-10-06T14:50:46,Dartmouth,mens-tennis,2017,mens-tennis,13
2026-10-06T14:50:46,Brown,mens-soccer,2019,mens-soccer,27
2026-10-06T14:50:47,Columbia,mens-soccer,2020,mens-soccer,26
2026-10-06T14:50:47,Dartmouth,mens-rowing,2018,mens-rowing,48
2026-10-06T14:50:47,Princeton,mens-soccer,2017,mens-soccer,30
2026-10-06T14:50:47,Brown,mens-tennis,2019,mens-tennis,12
2026-10-06T14:50:47,Columbia,mens-tennis,2020,mens-tennis,14
2026-10-06T14:50:48,Princeton,mens-tennis,2017,mens-tennis,13
2026-10-06T14:50:48,Brown,mens-rowing,2020,mens-crew,39
2026-10-06T14:50:48,Dartmouth,mens-soccer,2018,mens-soccer,34
2026-10-06T14:50:49,Columbia,mens-rowing,2021,mens-rowing,27
2026-10-06T14:50:49,Yale,mens-track-and-field,2026,mens-track-and-field,53
2026-10-06T14:50:49,Dartmouth,mens-tennis,2018,mens-tennis,11
2026-10-06T14:50:49,Princeton,mens-rowing,2018,mens-rowing,56
2026-10-06T14:50:50,Brown,mens-soccer,2020,mens-soccer,29
2026-10-06T14:50:50,Dartmouth,mens-rowing,2019,mens-rowing,53
2026-10-06T14:50:50,Yale,womens-basketball,2026,womens-basketball,19
2026-10-06T14:50:50,Columbia,mens-soccer,2021,mens-soccer,28
2026-10-06T14:50:51,Brown,mens-tennis,2020,mens-tennis,10
2026-10-06T14:50:51,Columbia,mens-tennis,2021,mens-tennis,14
2026-10-06T14:50:51,Princeton,mens-soccer,2018,mens-soccer,30
2026-10-06T14:50:52,Dartmouth,mens-soccer,2019,mens-soccer,33
2026-10-06T14:50:52,Brown,mens-rowing,2021,mens-crew,52
2026-10-06T14:50:52,Princeton,mens-tennis,2018,mens-tennis,12
2026-10-06T14:50:52,Dartmouth,mens-tennis,2019,mens-tennis,14
2026-10-06T14:50:53,Columbia,mens-rowing,2022,mens-rowing,29
2026-10-06T14:50:53,Yale,womens-cross-country,2026,womens-cross-country,18
2026-10-06T14:50:53,Dartmouth,mens-rowing,2020,mens-rowing,66
2026-10-06T14:50:54,Brown,mens-soccer,2021,mens-soccer,33
2026-10-06T14:50:54,Yale,field-hockey,2026,field-hockey,19
2026-10-06T14:50:54,Princeton,mens-rowing,2019,mens-rowing,52
2026-10-06T14:50:55,Columbia,mens-soccer,2022,mens-soccer,28
2026-10-06T14:50:55,Brown,mens-tennis,2021,mens-tennis,12
2026-10-06T14:50:55,Dartmouth,mens-soccer,2020,mens-soccer,32
2026-10-06T14:50:55,Columbia,mens-tennis,2022,mens-tennis,13
2026-10-06T14:50:55,Yale,womens-golf,2026,womens-golf,8
2026-10-06T14:50:55,Princeton,mens-soccer,2019,mens-soccer,32
2026-10-06T14:50:56,Brown,mens-rowing,2022,mens-crew,49
2026-10-06T14:50:56,Dartmouth,mens-tennis,2020,mens-tennis,14
2026-10-06T14:50:56,Columbia,mens-rowing,2023,mens-rowing,28
2026-10-06T14:50:56,Princeton,mens-tennis,2019,mens-tennis,12
2026-10-06T14:50:56,Yale,womens-ice-hockey,2026,womens-ice-hockey,27
2026-10-06T14:50:57,Dartmouth,mens-rowing,2021,mens-rowing,57
2026-10-06T14:50:57,Yale,womens-lacrosse,2026,womens-lacrosse,33
2026-10-06T14:50:58,Brown,mens-soccer,2022,mens-soccer,28
2026-10-06T14:50:58,Columbia,mens-soccer,2023,mens-soccer,29
2026-10-06T14:50:58,Yale,womens-soccer,2026,womens-soccer,26
2026-10-06T14:50:58,Princeton,mens-rowing,2020,mens-rowing,33
2026-10-06T14:50:58,Brown,mens-tennis,2022,mens-tennis,15
2026-10-06T14:50:58,Dartmouth,mens-soccer,2021,mens-soccer,32
2026-10-06T14:50:58,Yale,womens-squash,2026,womens-squash,8
2026-10-06T14:50:59,Brown,mens-rowing,2023,mens-crew,58
2026-10-06T14:50:59,Dartmouth,mens-tennis,2021,mens-tennis,11
2026-10-06T14:51:00,Princeton,mens-soccer,2020,mens-soccer,19
2026-10-06T14:51:00,Dartmouth,mens-rowing,2022,mens-rowing,54
2026-10-06T14:51:00,Columbia,mens-tennis,2023,mens-tennis,13
2026-10-06T14:51:00,Princeton,mens-tennis,2020,mens-tennis,10
2026-10-06T14:51:01,Brown,mens-soccer,2023,mens-soccer,31
2026-10-06T14:51:01,Columbia,mens-rowing,2024,mens-rowing,29
2026-10-06T14:51:01,Yale,womens-swimming-and-diving,2026,womens-swimming-and-diving,29
2026-10-06T14:51:01,Dartmouth,mens-soccer,2022,mens-soccer,31
2026-10-06T14:51:02,Brown,mens-tennis,2023,mens-tennis,13
2026-10-06T14:51:02,Yale,womens-tennis,2026,womens-tennis,10
2026-10-06T14:51:02,Brown,mens-rowing,2024,mens-crew,55
2026-10-06T14:51:03,Princeton,mens-rowing,2021,mens-rowing,53
2026-10-06T14:51:03,Columbia,mens-soccer,2024,mens-soccer,30
2026-10-06T14:51:04,Dartmouth,mens-tennis,2022,mens-tennis,9
2026-10-06T14:51:04,Brown,mens-soccer,2024,mens-soccer,34
2026-10-06T14:51:04,Columbia,mens-tennis,2024,mens-tennis,13
2026-10-06T14:51:05,Princeton,mens-soccer,2021,mens-soccer,32
2026-10-06T14:51:05,Dartmouth,mens-rowing,2023,mens-rowing,52
2026-10-06T14:51:05,Yale,womens-track-and-field,2026,womens-track-and-field,49
2026-10-06T14:51:05,Brown,mens-tennis,2024,mens-tennis,12
2026-10-06T14:51:05,Columbia,mens-rowing,2025,mens-rowing,41
2026-10-06T14:51:06,Princeton,mens-tennis,2021,mens-tennis,13
2026-10-06T14:51:06,Brown,mens-rowing,2025,mens-crew,47
2026-10-06T14:51:06,Yale,womens-volleyball,2016,womens-volleyball,17
2026-10-06T14:51:07,Dartmouth,mens-soccer,2023,mens-soccer,28
2026-10-06T14:51:07,Columbia,mens-soccer,2025,mens-soccer,31
2026-10-06T14:51:07,Columbia,mens-tennis,2025,mens-tennis,14
2026-10-06T14:51:07,Dartmouth,mens-tennis,2023,mens-tennis,12
2026-10-06T14:51:08,Princeton,mens-rowing,2022,mens-rowing,52
2026-10-06T14:51:08,Brown,mens-soccer,2025,mens-soccer,28
2026-10-06T14:51:08,Yale,womens-sailing,2026,womens-sailing,15
2026-10-06T14:51:08,Dartmouth,mens-rowing,2024,mens-rowing,49
2026-10-06T14:51:08,Columbia,mens-rowing,2026,mens-rowing,38
2026-10-06T14:51:09,Brown,mens-tennis,2025,mens-tennis,12
2026-10-06T14:51:09,Brown,mens-rowing,2026,mens-crew,49
2026-10-06T14:51:10,Princeton,mens-soccer,2022,mens-soccer,30
2026-10-06T14:51:10,Dartmouth,mens-soccer,2024,mens-soccer,30
2026-10-06T14:51:10,Columbia,mens-soccer,2026,mens-soccer,27
2026-10-06T14:51:11,Brown,mens-soccer,2026,mens-soccer,29
2026-10-06T14:51:11,Yale,womens-rowing,2026,womens-crew,39
2026-10-06T14:51:11,Dartmouth,mens-tennis,2024,mens-tennis,11
2026-10-06T14:51:11,Princeton,mens-tennis,2022,mens-tennis,11
2026-10-06T14:51:11,Columbia,mens-tennis,2026,mens-tennis,14
2026-10-06T14:51:12,Brown,mens-tennis,2026,mens-tennis,13
2026-10-06T14:51:12,Dartmouth,mens-rowing,2025,mens-rowing,50
2026-10-06T14:51:12,Yale,mens-rowing,2017,mens-crew,46
2026-10-06T14:51:13,Yale,mens-soccer,2017,mens-soccer,28
2026-10-06T14:51:13,Dartmouth,mens-soccer,2025,mens-soccer,28
2026-10-06T14:51:13,Princeton,mens-rowing,2023,mens-rowing,49
2026-10-06T14:51:14,Yale,mens-tennis,2017,mens-tennis,10
2026-10-06T14:51:14,Dartmouth,mens-tennis,2025,mens-tennis,11
2026-10-06T14:51:14,Yale,womens-volleyball,2017,womens-volleyball,17
2026-10-06T14:51:15,Dartmouth,mens-rowing,2026,mens-rowing,43
2026-10-06T14:51:15,Princeton,mens-soccer,2023,mens-soccer,31
2026-10-06T14:51:15,Yale,mens-rowing,2018,mens-crew,55
2026-10-06T14:51:16,Yale,mens-soccer,2018,mens-soccer,32
2026-10-06T14:51:16,Princeton,mens-tennis,2023,mens-tennis,13
2026-10-06T14:51:17,Dartmouth,mens-soccer,2026,mens-soccer,28
2026-10-06T14:51:17,Yale,mens-tennis,2018,mens-tennis,10
2026-10-06T14:51:17,Yale,womens-volleyball,2018,womens-volleyball,17
2026-10-06T14:51:17,Dartmouth,mens-tennis,2026,mens-tennis,10
2026-10-06T14:51:18,Princeton,mens-rowing,2024,mens-rowing,52
2026-10-06T14:51:18,Yale,mens-rowing,2019,mens-crew,57
2026-10-06T14:51:19,Yale,mens-soccer,2019,mens-soccer,27
2026-10-06T14:51:20,Princeton,mens-soccer,2024,mens-soccer,31
2026-10-06T14:51:21,Princeton,mens-tennis,2024,mens-tennis,14
2026-10-06T14:51:22,Yale,mens-tennis,2019,mens-tennis,10
2026-10-06T14:51:22,Yale,womens-volleyball,2019,womens-volleyball,17
2026-10-06T14:51:23,Princeton,mens-rowing,2025,mens-rowing,56
2026-10-06T14:51:24,Yale,mens-rowing,2020,mens-crew,51
2026-10-06T14:51:24,Yale,mens-soccer,2020,mens-soccer,23
2026-10-06T14:51:24,Princeton,mens-soccer,2025,mens-soccer,32
2026-10-06T14:51:25,Princeton,mens-tennis,2025,mens-tennis,12
2026-10-06T14:51:26,Yale,mens-tennis,2020,mens-tennis,10
2026-10-06T14:51:26,Princeton,mens-rowing,2026,,0
2026-10-06T14:51:27,Yale,womens-volleyball,2026,womens-volleyball,17
2026-10-06T14:51:28,Princeton,mens-soccer,2026,mens-soccer,28
2026-10-06T14:51:29,Princeton,mens-tennis,2026,mens-tennis,12
2026-10-06T14:51:29,Yale,mens-rowing,2021,mens-crew,57
2026-10-06T14:51:30,Yale,mens-soccer,2021,mens-soccer,28
2026-10-06T14:51:31,Yale,mens-tennis,2021,mens-tennis,8
2026-10-06T14:51:32,Yale,mens-rowing,2022,mens-crew,60
2026-10-06T14:51:34,Yale,mens-soccer,2022,mens-soccer,35
2026-10-06T14:51:35,Yale,mens-tennis,2022,mens-tennis,9
2026-10-06T14:51:36,Yale,mens-rowing,2023,mens-crew,52
2026-10-06T14:51:39,Yale,mens-soccer,2023,mens-soccer,31
2026-10-06T14:51:40,Yale,mens-tennis,2023,mens-tennis,10
2026-10-06T14:51:41,Yale,mens-rowing,2024,mens-crew,59
2026-10-06T14:51:43,Yale,mens-soccer,2024,mens-soccer,28
2026-10-06T14:51:44,Yale,mens-tennis,2024,mens-tennis,12
2026-10-06T14:51:45,Yale,mens-rowing,2025,mens-crew,46
2026-10-06T14:51:45,Yale,mens-soccer,2025,mens-soccer,28
2026-10-06T14:51:46,Yale,mens-tennis,2025,mens-tennis,10
2026-10-06T14:51:47,Yale,mens-rowing,2026,mens-crew,51
2026-10-06T14:51:48,Yale,mens-soccer,2026,mens-soccer,28
2026-10-06T14:51:50,Yale,mens-tennis,2026,mens-tennis,12
2026-10-06T15:04:33,Yale,baseball,2026,baseball,30
2026-10-06T15:04:33,Cornell,baseball,2026,baseball,40
2026-10-06T15:04:33,Brown,baseball,2026,baseball,38
2026-10-06T15:04:33,Harvard,baseball,2026,baseball,30
2026-10-06T15:04:33,Yale,mens-basketball,2026,mens-basketball,15
2026-10-06T15:04:33,Cornell,mens-basketball,2026,mens-basketball,19
2026-10-06T15:04:33,Penn,baseball,2026,baseball,37
2026-10-06T15:04:33,Columbia,baseball,2026,baseball,44
2026-10-06T15:04:33,Dartmouth,baseball,2026,,0
2026-10-06T15:04:33,Princeton,baseball,2026,baseball,25
2026-10-06T15:04:34,Cornell,mens-cross-country,2026,mens-cross-country,24
2026-10-06T15:04:34,Harvard,mens-basketball,2026,mens-basketball,20
2026-10-06T15:04:34,Brown,mens-basketball,2026,mens-basketball,19
2026-10-06T15:04:34,Penn,mens-basketball,2026,mens-basketball,20
2026-10-06T15:04:34,Columbia,mens-basketball,2026,mens-basketball,19
2026-10-06T15:04:34,Cornell,football,2026,football,119
2026-10-06T15:04:35,Harvard,football,2026,football,109
2026-10-06T15:04:35,Penn,mens-cross-country,2026,mens-cross-country,17
2026-10-06T15:04:35,Princeton,mens-basketball,2026,mens-basketball,21
2026-10-06T15:04:35,Dartmouth,mens-basketball,2026,mens-basketball,15
2026-10-06T15:04:35,Brown,mens-cross-country,2026,mens-cross-country,21
2026-10-06T15:04:35,Yale,mens-cross-country,2026,mens-cross-country,25
2026-10-06T15:04:35,Cornell,mens-golf,2026,mens-golf,8
2026-10-06T15:04:35,Harvard,mens-golf,2026,mens-golf,8
2026-10-06T15:04:35,Cornell,mens-ice-hockey,2026,mens-ice-hockey,31
2026-10-06T15:04:36,Yale,football,2026,football,93
2026-10-06T15:04:36,Penn,football,2026,football,93
2026-10-06T15:04:36,Princeton,mens-cross-country,2026,mens-cross-country,25
2026-10-06T15:04:36,Cornell,mens-lacrosse,2026,mens-lacrosse,52
2026-10-06T15:04:36,Harvard,mens-ice-hockey,2026,mens-ice-hockey,29
2026-10-06T15:04:36,Columbia,football,2026,football,108
2026-10-06T15:04:36,Yale,mens-golf,2026,mens-golf,8
2026-10-06T15:04:36,Dartmouth,mens-cross-country,2026,mens-cross-country,13
2026-10-06T15:04:37,Harvard,mens-lacrosse,2026,mens-lacrosse,49
2026-10-06T15:04:37,Cornell,mens-rowing,2016,mens-rowing,46
2026-10-06T15:04:37,Penn,mens-golf,2026,mens-golf,9
2026-10-06T15:04:37,Brown,football,2026,football,107
2026-10-06T15:04:37,Yale,mens-ice-hockey,2026,mens-ice-hockey,29
2026-10-06T15:04:37,Columbia,mens-golf,2026,mens-golf,10
2026-10-06T15:04:37,Cornell,mens-soccer,2016,mens-soccer,31
2026-10-06T15:04:37,Penn,mens-lacrosse,2026,mens-lacrosse,31
2026-10-06T15:04:37,Harvard,mens-rowing,2016,mens-heavyweight-rowing,51
2026-10-06T15:04:37,Brown,mens-golf,2026,mens-golf,12
2026-10-06T15:04:38,Cornell,mens-squash,2026,mens-squash,14
2026-10-06T15:04:38,Penn,mens-rowing,2016,mens-rowing,30
2026-10-06T15:04:38,Yale,mens-lacrosse,2026,mens-lacrosse,48
2026-10-06T15:04:38,Harvard,rowing,2026,mens-lightweight-rowing,35
2026-10-06T15:04:38,Cornell,mens-swimming-and-diving,2026,mens-swimming-and-diving,34
2026-10-06T15:04:39,Dartmouth,football,2026,football,106
2026-10-06T15:04:39,Princeton,football,2026,football,110
2026-10-06T15:04:39,Cornell,mens-tennis,2016,mens-tennis,16
2026-10-06T15:04:39,Columbia,mens-rowing,2016,mens-rowing,33
2026-10-06T15:04:39,Brown,mens-ice-hockey,2026,mens-ice-hockey,29
2026-10-06T15:04:39,Harvard,sailing,2026,mens-sailing,36
2026-10-06T15:04:39,Cornell,mens-track-and-field,2026,mens-track-and-field,51
2026-10-06T15:04:40,Harvard,skiing,2026,skiing,21
2026-10-06T15:04:40,Cornell,womens-basketball,2026,womens-basketball,16
2026-10-06T15:04:40,Dartmouth,mens-golf,2026,mens-golf,8
2026-10-06T15:04:40,Penn,mens-soccer,2016,mens-soccer,25
2026-10-06T15:04:40,Princeton,mens-golf,2026,mens-golf,11
2026-10-06T15:04:40,Brown,mens-lacrosse,2026,mens-lacrosse,52
2026-10-06T15:04:40,Columbia,rowing,2026,lightweight-rowing,36
2026-10-06T15:04:40,Harvard,mens-soccer,2016,mens-soccer,27
2026-10-06T15:04:41,Cornell,womens-cross-country,2026,womens-cross-country,20
2026-10-06T15:04:41,Princeton,mens-ice-hockey,2026,mens-ice-hockey,29
2026-10-06T15:04:41,Dartmouth,mens-ice-hockey,2026,mens-ice-hockey,31
2026-10-06T15:04:41,Brown,mens-rowing,2016,mens-crew,51
2026-10-06T15:04:41,Harvard,mens-squash,2026,mens-squash,13
2026-10-06T15:04:41,Cornell,equestrian,2026,equestrian,37
2026-10-06T15:04:41,Yale,mens-rowing,2016,mens-crew,48
2026-10-06T15:04:42,Cornell,field-hockey,2026,field-hockey,26
2026-10-06T15:04:42,Princeton,mens-lacrosse,2026,mens-lacrosse,54
2026-10-06T15:04:42,Yale,rowing,2026,mens-rowing,33
2026-10-06T15:04:42,Harvard,mens-swimming-and-diving,2026,mens-swimming-and-diving,30
2026-10-06T15:04:42,Columbia,mens-soccer,2016,mens-soccer,30
2026-10-06T15:04:42,Cornell,womens-ice-hockey,2026,womens-ice-hockey,24
2026-10-06T15:04:42,Dartmouth,mens-lacrosse,2026,,0
2026-10-06T15:04:42,Penn,mens-squash,2026,mens-squash,16
2026-10-06T15:04:42,Brown,sailing,2026,coed-sailing,31
2026-10-06T15:04:43,Cornell,womens-lacrosse,2026,womens-lacrosse,40
2026-10-06T15:04:43,Harvard,mens-tennis,2016,mens-tennis,12
2026-10-06T15:04:43,Columbia,mens-squash,2026,mens-squash,17
2026-10-06T15:04:43,Penn,mens-swimming-and-diving,2026,mens-swimming-and-diving,28
2026-10-06T15:04:43,Cornell,womens-soccer,2026,womens-soccer,31
2026-10-06T15:04:43,Dartmouth,mens-rowing,2016,mens-rowing,39
2026-10-06T15:04:43,Harvard,womens-basketball,2026,womens-basketball,18
2026-10-06T15:04:43,Princeton,mens-rowing,2016,mens-rowing,51
2026-10-06T15:04:44,Cornell,womens-squash,2026,womens-squash,14
2026-10-06T15:04:44,Columbia,mens-swimming-and-diving,2026,mens-swimming-and-diving,37
2026-10-06T15:04:44,Brown,mens-soccer,2016,mens-soccer,29
2026-10-06T15:04:44,Penn,mens-tennis,2016,mens-tennis,12
2026-10-06T15:04:44,Cornell,womens-swimming-and-diving,2026,womens-swimming-and-diving,31
2026-10-06T15:04:44,Dartmouth,rowing,2026,rowing,25
2026-10-06T15:04:44,Harvard,field-hockey,2026,field-hockey,20
2026-10-06T15:04:44,Cornell,womens-tennis,2026,womens-tennis,10
2026-10-06T15:04:44,Yale,sailing,2026,sailing,27
2026-10-06T15:04:45,Penn,mens-track-and-field,2026,mens-track-and-field,51
2026-10-06T15:04:45,Brown,mens-squash,2026,mens-squash,14
2026-10-06T15:04:45,Columbia,mens-tennis,2016,mens-tennis,14
2026-10-06T15:04:45,Princeton,rowing,2026,,0
2026-10-06T15:04:45,Yale,mens-soccer,2016,mens-soccer,27
2026-10-06T15:04:45,Dartmouth,sailing,2026,sailing,28
2026-10-06T15:04:45,Harvard,womens-golf,2026,womens-golf,9
2026-10-06T15:04:45,Penn,womens-basketball,2026,womens-basketball,16
2026-10-06T15:04:45,Cornell,womens-track-and-field,2026,womens-track-and-field,51
2026-10-06T15:04:45,Yale,mens-squash,2026,mens-squash,13
2026-10-06T15:04:45,Columbia,womens-basketball,2026,womens-basketball,15
2026-10-06T15:04:46,Cornell,womens-volleyball,2016,womens-volleyball,20
2026-10-06T15:04:46,Penn,womens-cross-country,2026,womens-cross-country,20
2026-10-06T15:04:46,Harvard,womens-ice-hockey,2026,womens-ice-hockey,24
2026-10-06T15:04:46,Yale,mens-swimming-and-diving,2026,mens-swimming-and-diving,29
2026-10-06T15:04:46,Brown,mens-swimming-and-diving,2026,mens-swimming-and-diving,35
2026-10-06T15:04:46,Cornell,womens-sailing,2026,womens-sailing,14
2026-10-06T15:04:46,Penn,field-hockey,2026,field-hockey,22
2026-10-06T15:04:47,Princeton,mens-soccer,2016,mens-soccer,29
2026-10-06T15:04:47,Yale,mens-tennis,2016,mens-tennis,13
2026-10-06T15:04:47,Columbia,field-hockey,2026,field-hockey,28
2026-10-06T15:04:47,Harvard,womens-lacrosse,2026,womens-lacrosse,29
2026-10-06T15:04:47,Penn,womens-golf,2026,womens-golf,8
2026-10-06T15:04:47,Cornell,womens-rowing,2026,womens-rowing,54
2026-10-06T15:04:47,Brown,mens-tennis,2016,mens-tennis,13
2026-10-06T15:04:47,Yale,mens-track-and-field,2026,mens-track-and-field,53
2026-10-06T15:04:47,Harvard,womens-rugby,2026,womens-rugby,27
2026-10-06T15:04:47,Cornell,mens-rowing,2017,mens-rowing,45
2026-10-06T15:04:47,Princeton,mens-squash,2026,mens-squash,14
2026-10-06T15:04:48,Penn,womens-lacrosse,2026,womens-lacrosse,34
2026-10-06T15:04:48,Columbia,womens-golf,2026,womens-golf,12
2026-10-06T15:04:48,Dartmouth,skiing,2026,skiing,42
2026-10-06T15:04:48,Yale,womens-basketball,2026,womens-basketball,19
2026-10-06T15:04:48,Cornell,mens-soccer,2017,mens-soccer,24
2026-10-06T15:04:48,Harvard,womens-soccer,2026,womens-soccer,24
2026-10-06T15:04:48,Penn,womens-soccer,2026,womens-soccer,30
2026-10-06T15:04:48,Yale,womens-cross-country,2026,womens-cross-country,18
2026-10-06T15:04:48,Brown,mens-track-and-field,2026,mens-track-and-field,54
2026-10-06T15:04:48,Cornell,mens-tennis,2017,mens-tennis,12
2026-10-06T15:04:48,Princeton,mens-swimming-and-diving,2026,mens-swimming-and-diving,39
2026-10-06T15:04:49,Penn,womens-squash,2026,womens-squash,14
2026-10-06T15:04:49,Harvard,womens-squash,2026,womens-squash,12
2026-10-06T15:04:49,Cornell,womens-volleyball,2017,womens-volleyball,21
2026-10-06T15:04:49,Columbia,womens-lacrosse,2026,womens-lacrosse,31
2026-10-06T15:04:49,Brown,womens-basketball,2026,womens-basketball,18
2026-10-06T15:04:49,Harvard,womens-swimming-and-diving,2026,womens-swimming-and-diving,31
2026-10-06T15:04:49,Cornell,mens-rowing,2018,mens-rowing,42
2026-10-06T15:04:49,Princeton,mens-tennis,2016,mens-tennis,13
2026-10-06T15:04:49,Penn,womens-swimming-and-diving,2026,womens-swimming-and-diving,31
2026-10-06T15:04:49,Cornell,mens-soccer,2018,mens-soccer,28
2026-10-06T15:04:50,Harvard,womens-tennis,2026,womens-tennis,14
2026-10-06T15:04:50,Dartmouth,mens-soccer,2016,mens-soccer,28
2026-10-06T15:04:50,Columbia,womens-soccer,2026,womens-soccer,31
2026-10-06T15:04:50,Brown,womens-cross-country,2026,womens-cross-country,25
2026-10-06T15:04:50,Penn,womens-tennis,2026,womens-tennis,10
2026-10-06T15:04:50,Cornell,mens-tennis,2018,mens-tennis,12
2026-10-06T15:04:50,Harvard,womens-volleyball,2016,womens-volleyball,15
2026-10-06T15:04:50,Cornell,womens-volleyball,2018,womens-volleyball,22
2026-10-06T15:04:50,Penn,womens-track-and-field,2026,womens-track-and-field,57
2026-10-06T15:04:50,Yale,field-hockey,2026,field-hockey,19
2026-10-06T15:04:51,Dartmouth,mens-squash,2026,mens-squash,12
2026-10-06T15:04:51,Brown,equestrian,2026,equestrian,21
2026-10-06T15:04:51,Cornell,mens-rowing,2019,mens-rowing,42
2026-10-06T15:04:51,Columbia,womens-squash,2026,womens-squash,17
2026-10-06T15:04:51,Penn,womens-volleyball,2016,womens-volleyball,23
2026-10-06T15:04:51,Harvard,cross-country,2026,cross-country,37
2026-10-06T15:04:51,Yale,womens-golf,2026,womens-golf,8
2026-10-06T15:04:51,Cornell,mens-soccer,2019,mens-soccer,29
2026-10-06T15:04:51,Dartmouth,mens-swimming-and-diving,2026,mens-swimming-and-diving,23
2026-10-06T15:04:51,Penn,womens-rowing,2026,womens-rowing,34
2026-10-06T15:04:52,Yale,womens-ice-hockey,2026,womens-ice-hockey,27
2026-10-06T15:04:52,Cornell,mens-tennis,2019,mens-tennis,13
2026-10-06T15:04:52,Princeton,mens-track-and-field,2026,mens-track-and-field,67
2026-10-06T15:04:52,Columbia,womens-swimming-and-diving,2026,womens-swimming-and-diving,34
2026-10-06T15:04:52,Harvard,track-and-field,2026,mens-track-and-field,93
2026-10-06T15:04:52,Penn,mens-rowing,2017,mens-rowing,33
2026-10-06T15:04:52,Yale,womens-lacrosse,2026,womens-lacrosse,33
2026-10-06T15:04:52,Cornell,womens-volleyball,2019,womens-volleyball,19
2026-10-06T15:04:52,Brown,field-hockey,2026,field-hockey,24
2026-10-06T15:04:52,Princeton,womens-basketball,2026,womens-basketball,15
2026-10-06T15:04:53,Columbia,womens-tennis,2026,womens-tennis,15
2026-10-06T15:04:53,Cornell,mens-rowing,2020,mens-rowing,33
2026-10-06T15:04:53,Dartmouth,mens-tennis,2016,mens-tennis,11
2026-10-06T15:04:53,Penn,mens-soccer,2017,mens-soccer,26
2026-10-06T15:04:53,Brown,womens-golf,2026,womens-golf,8
2026-10-06T15:04:53,Yale,womens-soccer,2026,womens-soccer,26
2026-10-06T15:04:53,Penn,mens-tennis,2017,mens-tennis,14
2026-10-06T15:04:53,Cornell,mens-soccer,2020,mens-soccer,28
2026-10-06T15:04:53,Princeton,womens-cross-country,2026,womens-cross-country,24
2026-10-06T15:04:53,Harvard,womens-rowing,2026,womens-heavyweight-rowing,35
2026-10-06T15:04:53,Penn,womens-volleyball,2017,womens-volleyball,23
2026-10-06T15:04:54,Cornell,mens-tennis,2020,mens-tennis,7
2026-10-06T15:04:54,Harvard,womens-lightweight-rowing,2026,womens-lightweight-rowing,27
2026-10-06T15:04:54,Cornell,womens-volleyball,2020,womens-volleyball,15
2026-10-06T15:04:54,Penn,mens-rowing,2018,mens-rowing,29
2026-10-06T15:04:54,Columbia,womens-volleyball,2016,womens-volleyball,17
2026-10-06T15:04:54,Brown,womens-ice-hockey,2026,womens-ice-hockey,27
2026-10-06T15:04:54,Cornell,mens-rowing,2021,mens-rowing,42
2026-10-06T15:04:55,Penn,mens-soccer,2018,mens-soccer,30
2026-10-06T15:04:55,Harvard,mens-rowing,2017,mens-heavyweight-rowing,50
2026-10-06T15:04:55,Cornell,mens-soccer,2021,mens-soccer,36
2026-10-06T15:04:55,Brown,womens-lacrosse,2026,womens-lacrosse,31
2026-10-06T15:04:55,Dartmouth,mens-track-and-field,2026,mens-track-and-field,41
2026-10-06T15:04:55,Yale,womens-squash,2026,womens-squash,8
2026-10-06T15:04:55,Columbia,cross-country,2026,cross-country,52
2026-10-06T15:04:55,Penn,mens-tennis,2018,mens-tennis,14
2026-10-06T15:04:55,Cornell,mens-tennis,2021,mens-tennis,16
2026-10-06T15:04:55,Princeton,field-hockey,2026,field-hockey,24
2026-10-06T15:04:56,Harvard,mens-soccer,2017,mens-soccer,25
2026-10-06T15:04:56,Cornell,womens-volleyball,2021,womens-volleyball,17
2026-10-06T15:04:56,Brown,womens-rugby,2026,womens-rugby,35
2026-10-06T15:04:56,Penn,womens-volleyball,2018,womens-volleyball,20
2026-10-06T15:04:56,Dartmouth,womens-basketball,2026,womens-basketball,17
2026-10-06T15:04:56,Harvard,mens-tennis,2017,mens-tennis,13
2026-10-06T15:04:56,Princeton,womens-golf,2026,womens-golf,10
2026-10-06T15:04:56,Columbia,track-and-field,2026,track-and-field,112
2026-10-06T15:04:56,Cornell,mens-rowing,2022,mens-rowing,44
2026-10-06T15:04:56,Penn,mens-rowing,2019,mens-rowing,39
2026-10-06T15:04:57,Brown,womens-soccer,2026,womens-soccer,32
2026-10-06T15:04:57,Harvard,womens-volleyball,2017,womens-volleyball,16
2026-10-06T15:04:57,Cornell,mens-soccer,2022,mens-soccer,33
2026-10-06T15:04:57,Dartmouth,womens-cross-country,2026,womens-cross-country,21
2026-10-06T15:04:57,Penn,mens-soccer,2019,mens-soccer,30
2026-10-06T15:04:57,Princeton,womens-ice-hockey,2026,womens-ice-hockey,23
2026-10-06T15:04:57,Yale,womens-swimming-and-diving,2026,womens-swimming-and-diving,29
2026-10-06T15:04:57,Columbia,womens-rowing,2026,womens-rowing,45
2026-10-06T15:04:58,Harvard,mens-rowing,2018,mens-heavyweight-rowing,46
2026-10-06T15:04:58,Cornell,mens-tennis,2022,mens-tennis,13
2026-10-06T15:04:58,Penn,mens-tennis,2019,mens-tennis,13
2026-10-06T15:04:58,Yale,womens-tennis,2026,womens-tennis,10
2026-10-06T15:04:58,Brown,womens-squash,2026,womens-squash,17
2026-10-06T15:04:58,Cornell,womens-volleyball,2022,womens-volleyball,19
2026-10-06T15:04:58,Dartmouth,equestrian,2026,equestrian,11
2026-10-06T15:04:58,Penn,womens-volleyball,2019,womens-volleyball,17
2026-10-06T15:04:58,Harvard,mens-soccer,2018,mens-soccer,25
2026-10-06T15:04:58,Yale,womens-track-and-field,2026,womens-track-and-field,49
2026-10-06T15:04:58,Cornell,mens-rowing,2023,mens-rowing,47
2026-10-06T15:04:58,Columbia,mens-rowing,2017,mens-rowing,24
2026-10-06T15:04:59,Brown,womens-swimming-and-diving,2026,womens-swimming-and-diving,30
2026-10-06T15:04:59,Yale,womens-volleyball,2016,womens-volleyball,17
2026-10-06T15:04:59,Princeton,womens-lacrosse,2026,womens-lacrosse,32
2026-10-06T15:04:59,Harvard,mens-tennis,2018,mens-tennis,14
2026-10-06T15:04:59,Cornell,mens-soccer,2023,mens-soccer,33
2026-10-06T15:04:59,Brown,womens-tennis,2026,womens-tennis,14
2026-10-06T15:04:59,Yale,womens-sailing,2026,womens-sailing,15
2026-10-06T15:04:59,Cornell,mens-tennis,2023,mens-tennis,14
2026-10-06T15:04:59,Harvard,womens-volleyball,2018,womens-volleyball,16
2026-10-06T15:04:59,Penn,mens-rowing,2020,mens-rowing,39
2026-10-06T15:05:00,Dartmouth,field-hockey,2026,field-hockey,24
2026-10-06T15:05:00,Cornell,womens-volleyball,2023,womens-volleyball,22
2026-10-06T15:05:00,Yale,womens-rowing,2026,womens-crew,39
2026-10-06T15:05:00,Princeton,womens-rugby,2026,womens-rugby,28
2026-10-06T15:05:00,Harvard,mens-rowing,2020,mens-heavyweight-rowing,25
2026-10-06T15:05:00,Columbia,mens-soccer,2017,mens-soccer,32
2026-10-06T15:05:00,Penn,mens-soccer,2020,mens-soccer,27
2026-10-06T15:05:00,Cornell,mens-rowing,2024,mens-rowing,45
2026-10-06T15:05:00,Brown,womens-track-and-field,2026,womens-track-and-field,60
2026-10-06T15:05:00,Harvard,mens-soccer,2019,mens-soccer,25
2026-10-06T15:05:01,Dartmouth,womens-golf,2026,womens-golf,10
2026-10-06T15:05:01,Penn,mens-tennis,2020,mens-tennis,9
2026-10-06T15:05:01,Cornell,mens-soccer,2024,mens-soccer,35
2026-10-06T15:05:01,Columbia,mens-tennis,2017,mens-tennis,15
2026-10-06T15:05:01,Princeton,womens-soccer,2026,womens-soccer,28
2026-10-06T15:05:01,Cornell,mens-tennis,2024,mens-tennis,12
2026-10-06T15:05:01,Penn,womens-volleyball,2020,womens-volleyball,20
2026-10-06T15:05:01,Harvard,mens-tennis,2019,mens-tennis,12
2026-10-06T15:05:01,Brown,womens-volleyball,2016,womens-volleyball,16
2026-10-06T15:05:01,Cornell,womens-volleyball,2024,womens-volleyball,21
2026-10-06T15:05:01,Penn,mens-rowing,2021,mens-rowing,35
2026-10-06T15:05:02,Yale,mens-rowing,2017,mens-crew,46
2026-10-06T15:05:02,Dartmouth,womens-ice-hockey,2026,womens-ice-hockey,27
2026-10-06T15:05:02,Cornell,mens-rowing,2025,mens-rowing,29
2026-10-06T15:05:02,Harvard,womens-volleyball,2019,womens-volleyball,15
2026-10-06T15:05:02,Brown,womens-sailing,2026,womens-sailing,21
2026-10-06T15:05:02,Penn,mens-soccer,2021,mens-soccer,31
2026-10-06T15:05:02,Cornell,mens-soccer,2025,mens-soccer,32
2026-10-06T15:05:03,Princeton,womens-squash,2026,womens-squash,14
2026-10-06T15:05:03,Yale,mens-soccer,2017,mens-soccer,28
2026-10-06T15:05:03,Dartmouth,womens-lacrosse,2026,womens-lacrosse,37
2026-10-06T15:05:03,Penn,mens-tennis,2021,mens-tennis,11
2026-10-06T15:05:03,Cornell,mens-tennis,2025,mens-tennis,10
2026-10-06T15:05:03,Harvard,mens-rowing,2021,mens-heavyweight-rowing,61
2026-10-06T15:05:03,Brown,womens-rowing,2026,womens-crew,44
2026-10-06T15:05:03,Penn,womens-volleyball,2021,womens-volleyball,19
2026-10-06T15:05:03,Cornell,womens-volleyball,2025,womens-volleyball,20
2026-10-06T15:05:03,Harvard,mens-soccer,2020,mens-soccer,23
2026-10-06T15:05:03,Princeton,womens-swimming-and-diving,2026,womens-swimming-and-diving,30
2026-10-06T15:05:04,Yale,mens-tennis,2017,mens-tennis,10
2026-10-06T15:05:04,Dartmouth,womens-rugby,2026,womens-rugby,33
2026-10-06T15:05:04,Cornell,mens-rowing,2026,mens-rowing,29
2026-10-06T15:05:04,Harvard,mens-tennis,2020,mens-tennis,7
2026-10-06T15:05:04,Yale,womens-volleyball,2017,womens-volleyball,17
2026-10-06T15:05:04,Cornell,mens-soccer,2026,mens-soccer,30
2026-10-06T15:05:04,Brown,mens-rowing,2017,mens-crew,56
2026-10-06T15:05:04,Princeton,womens-tennis,2026,womens-tennis,11
2026-10-06T15:05:04,Dartmouth,womens-soccer,2026,womens-soccer,29
2026-10-06T15:05:04,Harvard,womens-volleyball,2020,womens-volleyball,7
2026-10-06T15:05:04,Penn,mens-rowing,2022,mens-rowing,39
2026-10-06T15:05:05,Cornell,mens-tennis,2026,mens-tennis,11
2026-10-06T15:05:05,Yale,mens-rowing,2018,mens-crew,55
2026-10-06T15:05:05,Penn,mens-soccer,2022,mens-soccer,28
2026-10-06T15:05:05,Cornell,womens-volleyball,2026,womens-volleyball,18
2026-10-06T15:05:05,Harvard,mens-rowing,2022,mens-heavyweight-rowing,65
2026-10-06T15:05:05,Yale,mens-soccer,2018,mens-soccer,32
2026-10-06T15:05:05,Dartmouth,womens-squash,2026,womens-squash,13
2026-10-06T15:05:05,Penn,mens-tennis,2022,mens-tennis,12
2026-10-06T15:05:06,Yale,mens-tennis,2018,mens-tennis,10
2026-10-06T15:05:06,Harvard,mens-soccer,2021,mens-soccer,32
2026-10-06T15:05:06,Yale,womens-volleyball,2018,womens-volleyball,18
2026-10-06T15:05:06,Brown,mens-soccer,2017,mens-soccer,29
2026-10-06T15:05:06,Penn,womens-volleyball,2022,womens-volleyball,16
2026-10-06T15:05:06,Harvard,mens-tennis,2021,mens-tennis,13
2026-10-06T15:05:06,Dartmouth,womens-swimming-and-diving,2026,womens-swimming-and-diving,29
2026-10-06T15:05:06,Princeton,womens-track-and-field,2026,womens-track-and-field,59
2026-10-06T15:05:06,Yale,mens-rowing,2019,mens-crew,57
2026-10-06T15:05:07,Penn,mens-rowing,2023,mens-rowing,46
2026-10-06T15:05:07,Harvard,womens-volleyball,2021,womens-volleyball,16
2026-10-06T15:05:07,Brown,mens-tennis,2017,mens-tennis,14
2026-10-06T15:05:07,Penn,mens-soccer,2023,mens-soccer,31
2026-10-06T15:05:07,Dartmouth,womens-tennis,2026,womens-tennis,12
2026-10-06T15:05:07,Harvard,mens-rowing,2023,mens-heavyweight-rowing,51
2026-10-06T15:05:07,Penn,mens-tennis,2023,mens-tennis,10
2026-10-06T15:05:08,Princeton,womens-volleyball,2016,womens-volleyball,18
2026-10-06T15:05:08,Brown,womens-volleyball,2017,womens-volleyball,17
2026-10-06T15:05:08,Penn,womens-volleyball,2023,womens-volleyball,17
2026-10-06T15:05:08,Harvard,mens-soccer,2022,mens-soccer,30
2026-10-06T15:05:08,Penn,mens-rowing,2024,mens-rowing,53
2026-10-06T15:05:08,Yale,mens-soccer,2019,mens-soccer,27
2026-10-06T15:05:09,Princeton,womens-rowing,2026,,0
2026-10-06T15:05:09,Columbia,womens-volleyball,2017,womens-volleyball,17
2026-10-06T15:05:09,Harvard,mens-tennis,2022,mens-tennis,13
2026-10-06T15:05:09,Brown,mens-rowing,2018,mens-crew,47
2026-10-06T15:05:09,Penn,mens-soccer,2024,mens-soccer,31
2026-10-06T15:05:09,Harvard,womens-volleyball,2022,womens-volleyball,17
2026-10-06T15:05:09,Penn,mens-tennis,2024,mens-tennis,11
2026-10-06T15:05:09,Yale,mens-tennis,2019,mens-tennis,10
2026-10-06T15:05:10,Harvard,mens-rowing,2024,mens-heavyweight-rowing,53
2026-10-06T15:05:10,Yale,womens-volleyball,2019,womens-volleyball,18
2026-10-06T15:05:10,Penn,womens-volleyball,2024,womens-volleyball,18
2026-10-06T15:05:10,Princeton,mens-rowing,2017,mens-rowing,53
2026-10-06T15:05:10,Brown,mens-soccer,2018,mens-soccer,28
2026-10-06T15:05:10,Penn,mens-rowing,2025,mens-rowing,48
2026-10-06T15:05:10,Columbia,mens-rowing,2018,mens-rowing,10
2026-10-06T15:05:10,Harvard,mens-soccer,2023,mens-soccer,30
2026-10-06T15:05:11,Dartmouth,womens-track-and-field,2026,womens-track-and-field,44
2026-10-06T15:05:11,Yale,mens-rowing,2020,mens-crew,51
2026-10-06T15:05:11,Harvard,mens-tennis,2023,mens-tennis,14
2026-10-06T15:05:11,Brown,mens-tennis,2018,mens-tennis,12
2026-10-06T15:05:11,Penn,mens-soccer,2025,mens-soccer,33
2026-10-06T15:05:11,Princeton,mens-soccer,2017,mens-soccer,30
2026-10-06T15:05:12,Penn,mens-tennis,2025,mens-tennis,12
2026-10-06T15:05:12,Harvard,womens-volleyball,2023,womens-volleyball,19
2026-10-06T15:05:12,Yale,mens-soccer,2020,mens-soccer,23
2026-10-06T15:05:12,Dartmouth,womens-volleyball,2016,womens-volleyball,21
2026-10-06T15:05:12,Brown,womens-volleyball,2018,womens-volleyball,20
2026-10-06T15:05:12,Columbia,mens-soccer,2018,mens-soccer,29
2026-10-06T15:05:12,Harvard,mens-rowing,2025,mens-heavyweight-rowing,52
2026-10-06T15:05:12,Penn,womens-volleyball,2025,womens-volleyball,19
2026-10-06T15:05:12,Princeton,mens-tennis,2017,mens-tennis,13
2026-10-06T15:05:13,Yale,mens-tennis,2020,mens-tennis,10
2026-10-06T15:05:13,Brown,mens-rowing,2019,mens-crew,36
2026-10-06T15:05:13,Harvard,mens-soccer,2024,mens-soccer,30
2026-10-06T15:05:13,Columbia,mens-tennis,2018,mens-tennis,14
2026-10-06T15:05:13,Yale,womens-volleyball,2020,womens-volleyball,14
2026-10-06T15:05:13,Dartmouth,womens-rowing,2026,womens-rowing,53
2026-10-06T15:05:14,Penn,mens-rowing,2026,mens-rowing,38
2026-10-06T15:05:14,Harvard,mens-tennis,2024,mens-tennis,13
2026-10-06T15:05:14,Princeton,womens-volleyball,2017,womens-volleyball,17
2026-10-06T15:05:14,Yale,mens-rowing,2021,mens-crew,57
2026-10-06T15:05:14,Dartmouth,mens-rowing,2017,mens-rowing,43
2026-10-06T15:05:14,Penn,mens-soccer,2026,mens-soccer,32
2026-10-06T15:05:14,Harvard,womens-volleyball,2024,womens-volleyball,16
2026-10-06T15:05:14,Brown,mens-soccer,2019,mens-soccer,27
2026-10-06T15:05:15,Columbia,womens-volleyball,2018,womens-volleyball,15
2026-10-06T15:05:15,Penn,mens-tennis,2026,mens-tennis,12
2026-10-06T15:05:15,Harvard,mens-rowing,2026,mens-heavyweight-rowing,43
2026-10-06T15:05:15,Brown,mens-tennis,2019,mens-tennis,12
2026-10-06T15:05:15,Yale,mens-soccer,2021,mens-soccer,28
2026-10-06T15:05:15,Penn,womens-volleyball,2026,womens-volleyball,18
2026-10-06T15:05:16,Harvard,mens-soccer,2025,mens-soccer,32
2026-10-06T15:05:16,Dartmouth,mens-soccer,2017,mens-soccer,29
2026-10-06T15:05:16,Brown,womens-volleyball,2019,womens-volleyball,21
2026-10-06T15:05:16,Princeton,mens-rowing,2018,mens-rowing,56
2026-10-06T15:05:16,Harvard,mens-tennis,2025,mens-tennis,13
2026-10-06T15:05:16,Columbia,mens-rowing,2019,mens-rowing,34
2026-10-06T15:05:16,Dartmouth,mens-tennis,2017,mens-tennis,13
2026-10-06T15:05:16,Brown,mens-rowing,2020,mens-crew,39
2026-10-06T15:05:17,Harvard,womens-volleyball,2025,womens-volleyball,15
2026-10-06T15:05:17,Dartmouth,womens-volleyball,2017,womens-volleyball,17
2026-10-06T15:05:17,Princeton,mens-soccer,2018,mens-soccer,30
2026-10-06T15:05:17,Harvard,mens-soccer,2026,mens-soccer,29
2026-10-06T15:05:17,Columbia,mens-soccer,2019,mens-soccer,26
2026-10-06T15:05:18,Brown,mens-soccer,2020,mens-soccer,29
2026-10-06T15:05:18,Princeton,mens-tennis,2018,mens-tennis,12
2026-10-06T15:05:18,Harvard,mens-tennis,2026,mens-tennis,13
2026-10-06T15:05:18,Yale,mens-tennis,2021,mens-tennis,8
2026-10-06T15:05:18,Dartmouth,mens-rowing,2018,mens-rowing,48
2026-10-06T15:05:18,Brown,mens-tennis,2020,mens-tennis,10
2026-10-06T15:05:18,Columbia,mens-tennis,2019,mens-tennis,14
2026-10-06T15:05:19,Harvard,womens-volleyball,2026,womens-volleyball,14
2026-10-06T15:05:19,Brown,womens-volleyball,2020,womens-volleyball,22
2026-10-06T15:05:19,Yale,womens-volleyball,2021,womens-volleyball,19
2026-10-06T15:05:19,Princeton,womens-volleyball,2018,womens-volleyball,16
2026-10-06T15:05:19,Dartmouth,mens-soccer,2018,mens-soccer,34
2026-10-06T15:05:20,Yale,mens-rowing,2022,mens-crew,60
2026-10-06T15:05:20,Brown,mens-rowing,2021,mens-crew,52
2026-10-06T15:05:20,Columbia,womens-volleyball,2019,womens-volleyball,20
2026-10-06T15:05:21,Dartmouth,mens-tennis,2018,mens-tennis,11
2026-10-06T15:05:21,Yale,mens-soccer,2022,mens-soccer,35
2026-10-06T15:05:21,Columbia,mens-rowing,2020,mens-rowing,16
2026-10-06T15:05:21,Princeton,mens-rowing,2019,mens-rowing,52
2026-10-06T15:05:21,Yale,mens-tennis,2022,mens-tennis,9
2026-10-06T15:05:21,Brown,mens-soccer,2021,mens-soccer,33
2026-10-06T15:05:21,Dartmouth,womens-volleyball,2018,womens-volleyball,18
2026-10-06T15:05:22,Brown,mens-tennis,2021,mens-tennis,12
2026-10-06T15:05:22,Dartmouth,mens-rowing,2019,mens-rowing,53
2026-10-06T15:05:22,Columbia,mens-soccer,2020,mens-soccer,26
2026-10-06T15:05:23,Brown,womens-volleyball,2021,womens-volleyball,18
2026-10-06T15:05:23,Columbia,mens-tennis,2020,mens-tennis,14
2026-10-06T15:05:23,Brown,mens-rowing,2022,mens-crew,49
2026-10-06T15:05:24,Yale,womens-volleyball,2022,womens-volleyball,19
2026-10-06T15:05:24,Dartmouth,mens-soccer,2019,mens-soccer,33
2026-10-06T15:05:24,Princeton,mens-soccer,2019,mens-soccer,32
2026-10-06T15:05:24,Dartmouth,mens-tennis,2019,mens-tennis,14
2026-10-06T15:05:25,Princeton,mens-tennis,2019,mens-tennis,12
2026-10-06T15:05:25,Columbia,womens-volleyball,2020,womens-volleyball,21
2026-10-06T15:05:25,Brown,mens-soccer,2022,mens-soccer,28
2026-10-06T15:05:25,Dartmouth,womens-volleyball,2019,womens-volleyball,19
2026-10-06T15:05:25,Yale,mens-rowing,2023,mens-crew,52
2026-10-06T15:05:25,Princeton,womens-volleyball,2019,womens-volleyball,17
2026-10-06T15:05:26,Brown,mens-tennis,2022,mens-tennis,15
2026-10-06T15:05:26,Columbia,mens-rowing,2021,mens-rowing,27
2026-10-06T15:05:26,Dartmouth,mens-rowing,2020,mens-rowing,66
2026-10-06T15:05:26,Yale,mens-soccer,2023,mens-soccer,31
2026-10-06T15:05:27,Brown,womens-volleyball,2022,womens-volleyball,20
2026-10-06T15:05:27,Yale,mens-tennis,2023,mens-tennis,10
2026-10-06T15:05:27,Princeton,mens-rowing,2020,mens-rowing,33
2026-10-06T15:05:27,Yale,womens-volleyball,2023,womens-volleyball,19
2026-10-06T15:05:28,Brown,mens-rowing,2023,mens-crew,58
2026-10-06T15:05:28,Dartmouth,mens-soccer,2020,mens-soccer,32
2026-10-06T15:05:28,Columbia,mens-soccer,2021,mens-soccer,28
2026-10-06T15:05:28,Yale,mens-rowing,2024,mens-crew,59
2026-10-06T15:05:29,Princeton,mens-soccer,2020,mens-soccer,19
2026-10-06T15:05:29,Columbia,mens-tennis,2021,mens-tennis,14
2026-10-06T15:05:29,Brown,mens-soccer,2023,mens-soccer,31
2026-10-06T15:05:29,Princeton,mens-tennis,2020,mens-tennis,10
2026-10-06T15:05:30,Brown,mens-tennis,2023,mens-tennis,13
2026-10-06T15:05:30,Brown,womens-volleyball,2023,womens-volleyball,20
2026-10-06T15:05:31,Columbia,womens-volleyball,2021,womens-volleyball,24
2026-10-06T15:05:31,Dartmouth,mens-tennis,2020,mens-tennis,14
2026-10-06T15:05:31,Yale,mens-soccer,2024,mens-soccer,28
2026-10-06T15:05:31,Princeton,womens-volleyball,2020,womens-volleyball,15
2026-10-06T15:05:32,Brown,mens-rowing,2024,mens-crew,55
2026-10-06T15:05:32,Columbia,mens-rowing,2022,mens-rowing,29
2026-10-06T15:05:32,Yale,mens-tennis,2024,mens-tennis,12
2026-10-06T15:05:33,Dartmouth,womens-volleyball,2020,womens-volleyball,19
2026-10-06T15:05:33,Princeton,mens-rowing,2021,mens-rowing,53
2026-10-06T15:05:33,Yale,womens-volleyball,2024,womens-volleyball,18
2026-10-06T15:05:33,Columbia,mens-soccer,2022,mens-soccer,28
2026-10-06T15:05:33,Yale,mens-rowing,2025,mens-crew,46
2026-10-06T15:05:34,Brown,mens-soccer,2024,mens-soccer,34
2026-10-06T15:05:34,Dartmouth,mens-rowing,2021,mens-rowing,57
2026-10-06T15:05:34,Yale,mens-soccer,2025,mens-soccer,28
2026-10-06T15:05:34,Columbia,mens-tennis,2022,mens-tennis,13
2026-10-06T15:05:34,Princeton,mens-soccer,2021,mens-soccer,32
2026-10-06T15:05:34,Brown,mens-tennis,2024,mens-tennis,12
2026-10-06T15:05:35,Yale,mens-tennis,2025,mens-tennis,10
2026-10-06T15:05:35,Princeton,mens-tennis,2021,mens-tennis,13
2026-10-06T15:05:35,Columbia,womens-volleyball,2022,womens-volleyball,24
2026-10-06T15:05:35,Dartmouth,mens-soccer,2021,mens-soccer,32
2026-10-06T15:05:35,Yale,womens-volleyball,2025,womens-volleyball,18
2026-10-06T15:05:36,Brown,womens-volleyball,2024,womens-volleyball,20
2026-10-06T15:05:36,Columbia,mens-rowing,2023,mens-rowing,28
2026-10-06T15:05:36,Yale,mens-rowing,2026,mens-crew,51
2026-10-06T15:05:36,Princeton,womens-volleyball,2021,womens-volleyball,17
2026-10-06T15:05:36,Dartmouth,mens-tennis,2021,mens-tennis,11
2026-10-06T15:05:37,Brown,mens-rowing,2025,mens-crew,47
2026-10-06T15:05:37,Yale,mens-soccer,2026,mens-soccer,28
2026-10-06T15:05:37,Yale,mens-tennis,2026,mens-tennis,12
2026-10-06T15:05:37,Columbia,mens-soccer,2023,mens-soccer,29
2026-10-06T15:05:38,Princeton,mens-rowing,2022,mens-rowing,52
2026-10-06T15:05:38,Yale,womens-volleyball,2026,womens-volleyball,17
2026-10-06T15:05:38,Columbia,mens-tennis,2023,mens-tennis,13
2026-10-06T15:05:38,Dartmouth,womens-volleyball,2021,womens-volleyball,20
2026-10-06T15:05:39,Columbia,womens-volleyball,2023,womens-volleyball,23
2026-10-06T15:05:39,Princeton,mens-soccer,2022,mens-soccer,30
2026-10-06T15:05:39,Brown,mens-soccer,2025,mens-soccer,28
2026-10-06T15:05:39,Dartmouth,mens-rowing,2022,mens-rowing,54
2026-10-06T15:05:39,Columbia,mens-rowing,2024,mens-rowing,29
2026-10-06T15:05:40,Princeton,mens-tennis,2022,mens-tennis,11
2026-10-06T15:05:40,Brown,mens-tennis,2025,mens-tennis,12
2026-10-06T15:05:41,Columbia,mens-soccer,2024,mens-soccer,30
2026-10-06T15:05:41,Princeton,womens-volleyball,2022,womens-volleyball,17
2026-10-06T15:05:41,Brown,womens-volleyball,2025,womens-volleyball,18
2026-10-06T15:05:42,Dartmouth,mens-soccer,2022,mens-soccer,31
2026-10-06T15:05:42,Columbia,mens-tennis,2024,mens-tennis,13
2026-10-06T15:05:42,Brown,mens-rowing,2026,mens-crew,49
2026-10-06T15:05:42,Dartmouth,mens-tennis,2022,mens-tennis,9
2026-10-06T15:05:42,Columbia,womens-volleyball,2024,womens-volleyball,18
2026-10-06T15:05:43,Princeton,mens-rowing,2023,mens-rowing,49
2026-10-06T15:05:43,Dartmouth,womens-volleyball,2022,womens-volleyball,19
2026-10-06T15:05:43,Columbia,mens-rowing,2025,mens-rowing,41
2026-10-06T15:05:44,Brown,mens-soccer,2026,mens-soccer,29
2026-10-06T15:05:44,Dartmouth,mens-rowing,2023,mens-rowing,52
2026-10-06T15:05:45,Brown,mens-tennis,2026,mens-tennis,13
2026-10-06T15:05:45,Columbia,mens-soccer,2025,mens-soccer,31
2026-10-06T15:05:45,Princeton,mens-soccer,2023,mens-soccer,31
2026-10-06T15:05:45,Dartmouth,mens-soccer,2023,mens-soccer,28
2026-10-06T15:05:45,Brown,womens-volleyball,2026,womens-volleyball,20
2026-10-06T15:05:46,Columbia,mens-tennis,2025,mens-tennis,14
2026-10-06T15:05:46,Princeton,mens-tennis,2023,mens-tennis,13
2026-10-06T15:05:46,Dartmouth,mens-tennis,2023,mens-tennis,12
2026-10-06T15:05:47,Columbia,womens-volleyball,2025,womens-volleyball,19
2026-10-06T15:05:47,Princeton,womens-volleyball,2023,womens-volleyball,15
2026-10-06T15:05:47,Dartmouth,womens-volleyball,2023,womens-volleyball,21
2026-10-06T15:05:48,Columbia,mens-rowing,2026,mens-rowing,38
2026-10-06T15:05:49,Dartmouth,mens-rowing,2024,mens-rowing,49
2026-10-06T15:05:49,Princeton,mens-rowing,2024,mens-rowing,52
2026-10-06T15:05:49,Columbia,mens-soccer,2026,mens-soccer,27
2026-10-06T15:05:50,Columbia,mens-tennis,2026,mens-tennis,14
2026-10-06T15:05:50,Dartmouth,mens-soccer,2024,mens-soccer,30
2026-10-06T15:05:50,Princeton,mens-soccer,2024,mens-soccer,31
2026-10-06T15:05:51,Columbia,womens-volleyball,2026,womens-volleyball,20
2026-10-06T15:05:51,Dartmouth,mens-tennis,2024,mens-tennis,11
2026-10-06T15:05:51,Princeton,mens-tennis,2024,mens-tennis,14
2026-10-06T15:05:52,Dartmouth,womens-volleyball,2024,womens-volleyball,21
2026-10-06T15:05:52,Princeton,womens-volleyball,2024,womens-volleyball,16
2026-10-06T15:05:53,Dartmouth,mens-rowing,2025,mens-rowing,50
2026-10-06T15:05:54,Princeton,mens-rowing,2025,mens-rowing,56
2026-10-06T15:05:55,Dartmouth,mens-soccer,2025,mens-soccer,28
2026-10-06T15:05:56,Princeton,mens-soccer,2025,mens-soccer,32
2026-10-06T15:05:56,Dartmouth,mens-tennis,2025,mens-tennis,11
2026-10-06T15:05:57,Princeton,mens-tennis,2025,mens-tennis,12
2026-10-06T15:05:57,Dartmouth,womens-volleyball,2025,womens-volleyball,19
2026-10-06T15:05:58,Dartmouth,mens-rowing,2026,mens-rowing,43
2026-10-06T15:05:58,Princeton,womens-volleyball,2025,womens-volleyball,18
2026-10-06T15:05:59,Dartmouth,mens-soccer,2026,mens-soccer,28
2026-10-06T15:06:00,Dartmouth,mens-tennis,2026,mens-tennis,10
2026-10-06T15:06:00,Princeton,mens-rowing,2026,,0
2026-10-06T15:06:01,Dartmouth,womens-volleyball,2026,womens-volleyball,17
2026-10-06T15:06:02,Princeton,mens-soccer,2026,mens-soccer,28
2026-10-06T15:06:03,Princeton,mens-tennis,2026,mens-tennis,12
2026-10-06T15:06:04,Princeton,womens-volleyball,2026,womens-volleyball,16
2026-10-06T15:11:38,Harvard,baseball,2026,baseball,30
2026-10-06T15:11:38,Yale,baseball,2026,baseball,30
2026-10-06T15:11:38,Penn,baseball,2026,baseball,37
2026-10-06T15:11:38,Princeton,baseball,2026,baseball,25
2026-10-06T15:11:38,Columbia,baseball,2026,baseball,44
2026-10-06T15:11:38,Brown,baseball,2026,baseball,38
2026-10-06T15:11:38,Penn,mens-basketball,2026,mens-basketball,20
2026-10-06T15:11:38,Yale,mens-basketball,2026,mens-basketball,15
2026-10-06T15:11:38,Harvard,mens-basketball,2026,mens-basketball,20
2026-10-06T15:11:39,Penn,mens-cross-country,2026,mens-cross-country,17
2026-10-06T15:11:39,Yale,mens-cross-country,2026,mens-cross-country,25
2026-10-06T15:11:39,Columbia,mens-basketball,2026,mens-basketball,19
2026-10-06T15:11:39,Brown,mens-basketball,2026,mens-basketball,19
2026-10-06T15:11:39,Harvard,football,2026,football,109
2026-10-06T15:11:39,Penn,football,2026,football,93
2026-10-06T15:11:40,Yale,football,2026,football,93
2026-10-06T15:11:40,Princeton,mens-basketball,2026,mens-basketball,21
2026-10-06T15:11:40,Harvard,mens-golf,2026,mens-golf,8
2026-10-06T15:11:40,Penn,mens-golf,2026,mens-golf,9
2026-10-06T15:11:40,Brown,mens-cross-country,2026,mens-cross-country,21
2026-10-06T15:11:40,Yale,mens-golf,2026,mens-golf,8
2026-10-06T15:11:40,Harvard,mens-ice-hockey,2026,mens-ice-hockey,29
2026-10-06T15:11:40,Penn,mens-lacrosse,2026,mens-lacrosse,31
2026-10-06T15:11:40,Yale,mens-ice-hockey,2026,mens-ice-hockey,29
2026-10-06T15:11:41,Penn,mens-rowing,2026,mens-rowing,38
2026-10-06T15:11:41,Princeton,mens-cross-country,2026,mens-cross-country,25
2026-10-06T15:11:41,Harvard,mens-lacrosse,2026,mens-lacrosse,49
2026-10-06T15:11:41,Yale,mens-lacrosse,2026,mens-lacrosse,48
2026-10-06T15:11:41,Columbia,football,2026,football,108
2026-10-06T15:11:41,Penn,mens-soccer,2026,mens-soccer,32
2026-10-06T15:11:41,Harvard,mens-rowing,2026,mens-heavyweight-rowing,43
2026-10-06T15:11:42,Yale,mens-rowing,2026,mens-crew,51
2026-10-06T15:11:42,Penn,mens-squash,2026,mens-squash,16
2026-10-06T15:11:42,Harvard,rowing,2026,mens-lightweight-rowing,35
2026-10-06T15:11:42,Yale,rowing,2026,mens-rowing,33
2026-10-06T15:11:42,Columbia,mens-golf,2026,mens-golf,10
2026-10-06T15:11:42,Brown,football,2026,football,107
2026-10-06T15:11:42,Harvard,sailing,2026,mens-sailing,36
2026-10-06T15:11:42,Yale,sailing,2026,sailing,27
2026-10-06T15:11:43,Harvard,skiing,2026,skiing,21
2026-10-06T15:11:43,Yale,mens-soccer,2026,mens-soccer,28
2026-10-06T15:11:43,Columbia,mens-rowing,2026,mens-rowing,38
2026-10-06T15:11:43,Brown,mens-golf,2026,mens-golf,12
2026-10-06T15:11:43,Yale,mens-squash,2026,mens-squash,13
2026-10-06T15:11:43,Penn,mens-swimming-and-diving,2026,mens-swimming-and-diving,28
2026-10-06T15:11:43,Harvard,mens-soccer,2026,mens-soccer,29
2026-10-06T15:11:44,Penn,mens-tennis,2016,mens-tennis,14
2026-10-06T15:11:44,Yale,mens-swimming-and-diving,2026,mens-swimming-and-diving,29
2026-10-06T15:11:44,Harvard,mens-squash,2026,mens-squash,13
2026-10-06T15:11:44,Columbia,rowing,2026,lightweight-rowing,36
2026-10-06T15:11:44,Brown,mens-ice-hockey,2026,mens-ice-hockey,29
2026-10-06T15:11:44,Penn,mens-track-and-field,2026,mens-track-and-field,51
2026-10-06T15:11:44,Yale,mens-tennis,2016,mens-tennis,13
2026-10-06T15:11:44,Harvard,mens-swimming-and-diving,2026,mens-swimming-and-diving,30
2026-10-06T15:11:45,Princeton,football,2026,football,110
2026-10-06T15:11:45,Penn,womens-basketball,2026,womens-basketball,16
2026-10-06T15:11:45,Harvard,mens-tennis,2016,mens-tennis,12
2026-10-06T15:11:45,Yale,mens-track-and-field,2026,mens-track-and-field,53
2026-10-06T15:11:45,Penn,womens-cross-country,2026,womens-cross-country,20
2026-10-06T15:11:45,Brown,mens-lacrosse,2026,mens-lacrosse,52
2026-10-06T15:11:45,Harvard,womens-basketball,2026,womens-basketball,18
2026-10-06T15:11:45,Yale,womens-basketball,2026,womens-basketball,19
2026-10-06T15:11:45,Penn,field-hockey,2026,field-hockey,22
2026-10-06T15:11:45,Harvard,field-hockey,2026,field-hockey,20
2026-10-06T15:11:46,Princeton,mens-golf,2026,mens-golf,11
2026-10-06T15:11:46,Yale,womens-cross-country,2026,womens-cross-country,18
2026-10-06T15:11:46,Penn,womens-golf,2026,womens-golf,8
2026-10-06T15:11:46,Harvard,womens-golf,2026,womens-golf,9
2026-10-06T15:11:46,Yale,field-hockey,2026,field-hockey,19
2026-10-06T15:11:46,Penn,womens-lacrosse,2026,womens-lacrosse,34
2026-10-06T15:11:46,Brown,mens-rowing,2026,mens-crew,49
2026-10-06T15:11:46,Harvard,womens-ice-hockey,2026,womens-ice-hockey,24
2026-10-06T15:11:46,Columbia,mens-soccer,2026,mens-soccer,27
2026-10-06T15:11:46,Penn,womens-soccer,2026,womens-soccer,30
2026-10-06T15:11:46,Princeton,mens-ice-hockey,2026,mens-ice-hockey,29
2026-10-06T15:11:47,Harvard,womens-lacrosse,2026,womens-lacrosse,29
2026-10-06T15:11:47,Yale,womens-golf,2026,womens-golf,8
2026-10-06T15:11:47,Penn,womens-squash,2026,womens-squash,14
2026-10-06T15:11:47,Columbia,mens-squash,2026,mens-squash,17
2026-10-06T15:11:47,Brown,sailing,2026,coed-sailing,31
2026-10-06T15:11:47,Yale,womens-ice-hockey,2026,womens-ice-hockey,27
2026-10-06T15:11:47,Harvard,womens-rugby,2026,womens-rugby,27
2026-10-06T15:11:47,Penn,womens-swimming-and-diving,2026,womens-swimming-and-diving,31
2026-10-06T15:11:48,Yale,womens-lacrosse,2026,womens-lacrosse,33
2026-10-06T15:11:48,Penn,womens-tennis,2026,womens-tennis,10
2026-10-06T15:11:48,Harvard,womens-soccer,2026,womens-soccer,24
2026-10-06T15:11:48,Columbia,mens-swimming-and-diving,2026,mens-swimming-and-diving,37
2026-10-06T15:11:48,Yale,womens-soccer,2026,womens-soccer,26
2026-10-06T15:11:48,Penn,womens-track-and-field,2026,womens-track-and-field,57
2026-10-06T15:11:48,Harvard,womens-squash,2026,womens-squash,12
2026-10-06T15:11:48,Princeton,mens-lacrosse,2026,mens-lacrosse,54
2026-10-06T15:11:48,Yale,womens-squash,2026,womens-squash,8
2026-10-06T15:11:48,Penn,womens-volleyball,2026,womens-volleyball,18
2026-10-06T15:11:49,Harvard,womens-swimming-and-diving,2026,womens-swimming-and-diving,31
2026-10-06T15:11:49,Yale,womens-swimming-and-diving,2026,womens-swimming-and-diving,29
2026-10-06T15:11:49,Penn,womens-rowing,2026,womens-rowing,34
2026-10-06T15:11:49,Harvard,womens-tennis,2026,womens-tennis,14
2026-10-06T15:11:49,Brown,mens-soccer,2026,mens-soccer,29
2026-10-06T15:11:49,Penn,mens-tennis,2017,mens-tennis,14
2026-10-06T15:11:49,Yale,womens-tennis,2026,womens-tennis,10
2026-10-06T15:11:49,Harvard,womens-volleyball,2026,womens-volleyball,14
2026-10-06T15:11:49,Columbia,mens-tennis,2016,mens-tennis,14
2026-10-06T15:11:49,Penn,mens-tennis,2018,mens-tennis,14
2026-10-06T15:11:50,Yale,womens-track-and-field,2026,womens-track-and-field,49
2026-10-06T15:11:50,Harvard,cross-country,2026,cross-country,37
2026-10-06T15:11:50,Penn,mens-tennis,2019,mens-tennis,13
2026-10-06T15:11:50,Brown,mens-squash,2026,mens-squash,14
2026-10-06T15:11:50,Yale,womens-volleyball,2026,womens-volleyball,17
2026-10-06T15:11:50,Harvard,track-and-field,2026,mens-track-and-field,93
2026-10-06T15:11:50,Columbia,womens-basketball,2026,womens-basketball,15
2026-10-06T15:11:50,Penn,mens-tennis,2020,mens-tennis,9
2026-10-06T15:11:50,Princeton,mens-rowing,2026,,0
2026-10-06T15:11:50,Yale,womens-sailing,2026,womens-sailing,15
2026-10-06T15:11:50,Harvard,womens-rowing,2026,womens-heavyweight-rowing,35
2026-10-06T15:11:51,Penn,mens-tennis,2021,mens-tennis,11
2026-10-06T15:11:51,Cornell,baseball,2026,baseball,40
2026-10-06T15:11:51,Harvard,womens-lightweight-rowing,2026,womens-lightweight-rowing,27
2026-10-06T15:11:51,Yale,womens-rowing,2026,womens-crew,39
2026-10-06T15:11:51,Brown,mens-swimming-and-diving,2026,mens-swimming-and-diving,35
2026-10-06T15:11:51,Harvard,mens-tennis,2017,mens-tennis,13
2026-10-06T15:11:51,Penn,mens-tennis,2022,mens-tennis,12
2026-10-06T15:11:51,Cornell,mens-basketball,2026,mens-basketball,19
2026-10-06T15:11:51,Yale,mens-tennis,2017,mens-tennis,10
2026-10-06T15:11:51,Harvard,mens-tennis,2018,mens-tennis,14
2026-10-06T15:11:51,Penn,mens-tennis,2023,mens-tennis,10
2026-10-06T15:11:51,Cornell,mens-cross-country,2026,mens-cross-country,24
2026-10-06T15:11:52,Brown,mens-tennis,2016,mens-tennis,13
2026-10-06T15:11:52,Yale,mens-tennis,2018,mens-tennis,10
2026-10-06T15:11:52,Penn,mens-tennis,2024,mens-tennis,11
2026-10-06T15:11:52,Harvard,mens-tennis,2019,mens-tennis,12
2026-10-06T15:11:52,Columbia,field-hockey,2026,field-hockey,28
2026-10-06T15:11:52,Cornell,football,2026,football,119
2026-10-06T15:11:52,Yale,mens-tennis,2019,mens-tennis,10
2026-10-06T15:11:52,Penn,mens-tennis,2025,mens-tennis,12
2026-10-06T15:11:52,Harvard,mens-tennis,2020,mens-tennis,7
2026-10-06T15:11:52,Cornell,mens-golf,2026,mens-golf,8
2026-10-06T15:11:53,Brown,mens-track-and-field,2026,mens-track-and-field,54
2026-10-06T15:11:53,Yale,mens-tennis,2020,mens-tennis,10
2026-10-06T15:11:53,Penn,mens-tennis,2026,mens-tennis,12
2026-10-06T15:11:53,Harvard,mens-tennis,2021,mens-tennis,13
2026-10-06T15:11:53,Princeton,rowing,2026,,0
2026-10-06T15:11:53,Columbia,womens-golf,2026,womens-golf,12
2026-10-06T15:11:53,Cornell,mens-ice-hockey,2026,mens-ice-hockey,31
2026-10-06T15:11:53,Harvard,mens-tennis,2022,mens-tennis,13
2026-10-06T15:11:53,Yale,mens-tennis,2021,mens-tennis,8
2026-10-06T15:11:53,Harvard,mens-tennis,2023,mens-tennis,14
2026-10-06T15:11:53,Yale,mens-tennis,2022,mens-tennis,9
2026-10-06T15:11:53,Brown,womens-basketball,2026,womens-basketball,18
2026-10-06T15:11:54,Yale,mens-tennis,2023,mens-tennis,10
2026-10-06T15:11:54,Cornell,mens-lacrosse,2026,mens-lacrosse,52
2026-10-06T15:11:54,Harvard,mens-tennis,2024,mens-tennis,13
2026-10-06T15:11:54,Columbia,womens-lacrosse,2026,womens-lacrosse,31
2026-10-06T15:11:54,Yale,mens-tennis,2024,mens-tennis,12
2026-10-06T15:11:54,Harvard,mens-tennis,2025,mens-tennis,13
2026-10-06T15:11:54,Cornell,mens-rowing,2026,mens-rowing,29
2026-10-06T15:11:54,Brown,womens-cross-country,2026,womens-cross-country,25
2026-10-06T15:11:54,Yale,mens-tennis,2025,mens-tennis,10
2026-10-06T15:11:54,Harvard,mens-tennis,2026,mens-tennis,13
2026-10-06T15:11:54,Princeton,mens-soccer,2026,mens-soccer,28
2026-10-06T15:11:54,Cornell,mens-soccer,2026,mens-soccer,30
2026-10-06T15:11:55,Yale,mens-tennis,2026,mens-tennis,12
2026-10-06T15:11:55,Columbia,womens-soccer,2026,womens-soccer,31
2026-10-06T15:11:55,Cornell,mens-squash,2026,mens-squash,14
2026-10-06T15:11:55,Brown,equestrian,2026,equestrian,21
2026-10-06T15:11:55,Cornell,mens-swimming-and-diving,2026,mens-swimming-and-diving,34
2026-10-06T15:11:55,Columbia,womens-squash,2026,womens-squash,17
2026-10-06T15:11:55,Princeton,mens-squash,2026,mens-squash,14
2026-10-06T15:11:56,Cornell,mens-tennis,2016,mens-tennis,16
2026-10-06T15:11:56,Cornell,mens-track-and-field,2026,mens-track-and-field,51
2026-10-06T15:11:56,Dartmouth,baseball,2026,,0
2026-10-06T15:11:56,Columbia,womens-swimming-and-diving,2026,womens-swimming-and-diving,34
2026-10-06T15:11:56,Cornell,womens-basketball,2026,womens-basketball,16
2026-10-06T15:11:56,Princeton,mens-swimming-and-diving,2026,mens-swimming-and-diving,39
2026-10-06T15:11:57,Cornell,womens-cross-country,2026,womens-cross-country,20
2026-10-06T15:11:57,Brown,field-hockey,2026,field-hockey,24
2026-10-06T15:11:57,Dartmouth,mens-basketball,2026,mens-basketball,15
2026-10-06T15:11:57,Columbia,womens-tennis,2026,womens-tennis,15
2026-10-06T15:11:57,Cornell,equestrian,2026,equestrian,37
2026-10-06T15:11:58,Brown,womens-golf,2026,womens-golf,8
2026-10-06T15:11:58,Columbia,womens-volleyball,2026,womens-volleyball,20
2026-10-06T15:11:58,Dartmouth,mens-cross-country,2026,mens-cross-country,13
2026-10-06T15:11:58,Princeton,mens-tennis,2016,mens-tennis,13
2026-10-06T15:11:58,Cornell,field-hockey,2026,field-hockey,26
2026-10-06T15:11:58,Cornell,womens-ice-hockey,2026,womens-ice-hockey,24
2026-10-06T15:11:59,Brown,womens-ice-hockey,2026,womens-ice-hockey,27
2026-10-06T15:11:59,Columbia,cross-country,2026,cross-country,52
2026-10-06T15:11:59,Cornell,womens-lacrosse,2026,womens-lacrosse,40
2026-10-06T15:11:59,Cornell,womens-soccer,2026,womens-soccer,31
2026-10-06T15:12:00,Brown,womens-lacrosse,2026,womens-lacrosse,31
2026-10-06T15:12:00,Cornell,womens-squash,2026,womens-squash,14
2026-10-06T15:12:00,Columbia,track-and-field,2026,track-and-field,112
2026-10-06T15:12:00,Dartmouth,football,2026,football,106
2026-10-06T15:12:00,Cornell,womens-swimming-and-diving,2026,womens-swimming-and-diving,31
2026-10-06T15:12:00,Brown,womens-rugby,2026,womens-rugby,35
2026-10-06T15:12:01,Cornell,womens-tennis,2026,womens-tennis,10
2026-10-06T15:12:01,Columbia,womens-rowing,2026,womens-rowing,45
2026-10-06T15:12:01,Dartmouth,mens-golf,2026,mens-golf,8
2026-10-06T15:12:01,Cornell,womens-track-and-field,2026,womens-track-and-field,51
2026-10-06T15:12:01,Princeton,mens-track-and-field,2026,mens-track-and-field,67
2026-10-06T15:12:02,Brown,womens-soccer,2026,womens-soccer,32
2026-10-06T15:12:02,Cornell,womens-volleyball,2026,womens-volleyball,18
2026-10-06T15:12:02,Columbia,mens-tennis,2017,mens-tennis,15
2026-10-06T15:12:02,Cornell,womens-sailing,2026,womens-sailing,14
2026-10-06T15:12:02,Dartmouth,mens-ice-hockey,2026,mens-ice-hockey,31
2026-10-06T15:12:02,Brown,womens-squash,2026,womens-squash,17
2026-10-06T15:12:02,Cornell,womens-rowing,2026,womens-rowing,54
2026-10-06T15:12:03,Princeton,womens-basketball,2026,womens-basketball,15
2026-10-06T15:12:03,Cornell,mens-tennis,2017,mens-tennis,12
2026-10-06T15:12:03,Columbia,mens-tennis,2018,mens-tennis,14
2026-10-06T15:12:03,Cornell,mens-tennis,2018,mens-tennis,12
2026-10-06T15:12:03,Princeton,womens-cross-country,2026,womens-cross-country,24
2026-10-06T15:12:03,Brown,womens-swimming-and-diving,2026,womens-swimming-and-diving,30
2026-10-06T15:12:04,Cornell,mens-tennis,2019,mens-tennis,13
2026-10-06T15:12:04,Dartmouth,mens-lacrosse,2026,,0
2026-10-06T15:12:04,Columbia,mens-tennis,2019,mens-tennis,14
2026-10-06T15:12:04,Cornell,mens-tennis,2020,mens-tennis,7
2026-10-06T15:12:04,Brown,womens-tennis,2026,womens-tennis,14
2026-10-06T15:12:05,Cornell,mens-tennis,2021,mens-tennis,16
2026-10-06T15:12:05,Dartmouth,mens-rowing,2026,mens-rowing,43
2026-10-06T15:12:05,Columbia,mens-tennis,2020,mens-tennis,14
2026-10-06T15:12:05,Cornell,mens-tennis,2022,mens-tennis,13
2026-10-06T15:12:05,Princeton,field-hockey,2026,field-hockey,24
2026-10-06T15:12:05,Brown,womens-track-and-field,2026,womens-track-and-field,60
2026-10-06T15:12:05,Cornell,mens-tennis,2023,mens-tennis,14
2026-10-06T15:12:05,Cornell,mens-tennis,2024,mens-tennis,12
2026-10-06T15:12:06,Dartmouth,rowing,2026,rowing,25
2026-10-06T15:12:06,Columbia,mens-tennis,2021,mens-tennis,14
2026-10-06T15:12:06,Cornell,mens-tennis,2025,mens-tennis,10
2026-10-06T15:12:06,Princeton,womens-golf,2026,womens-golf,10
2026-10-06T15:12:06,Brown,womens-volleyball,2026,womens-volleyball,20
2026-10-06T15:12:06,Cornell,mens-tennis,2026,mens-tennis,11
2026-10-06T15:12:06,Dartmouth,sailing,2026,sailing,28
2026-10-06T15:12:06,Columbia,mens-tennis,2022,mens-tennis,13
2026-10-06T15:12:07,Brown,womens-sailing,2026,womens-sailing,21
2026-10-06T15:12:07,Princeton,womens-ice-hockey,2026,womens-ice-hockey,23
2026-10-06T15:12:07,Columbia,mens-tennis,2023,mens-tennis,13
2026-10-06T15:12:08,Princeton,womens-lacrosse,2026,womens-lacrosse,32
2026-10-06T15:12:08,Brown,womens-rowing,2026,womens-crew,44
2026-10-06T15:12:08,Brown,mens-tennis,2017,mens-tennis,14
2026-10-06T15:12:08,Columbia,mens-tennis,2024,mens-tennis,13
2026-10-06T15:12:08,Princeton,womens-rugby,2026,womens-rugby,28
2026-10-06T15:12:09,Brown,mens-tennis,2018,mens-tennis,12
2026-10-06T15:12:09,Columbia,mens-tennis,2025,mens-tennis,14
2026-10-06T15:12:09,Princeton,womens-soccer,2026,womens-soccer,28
2026-10-06T15:12:09,Dartmouth,skiing,2026,skiing,42
2026-10-06T15:12:10,Princeton,womens-squash,2026,womens-squash,14
2026-10-06T15:12:10,Brown,mens-tennis,2019,mens-tennis,12
2026-10-06T15:12:10,Columbia,mens-tennis,2026,mens-tennis,14
2026-10-06T15:12:11,Brown,mens-tennis,2020,mens-tennis,10
2026-10-06T15:12:11,Dartmouth,mens-soccer,2026,mens-soccer,28
2026-10-06T15:12:11,Princeton,womens-swimming-and-diving,2026,womens-swimming-and-diving,30
2026-10-06T15:12:12,Brown,mens-tennis,2021,mens-tennis,12
2026-10-06T15:12:12,Princeton,womens-tennis,2026,womens-tennis,11
2026-10-06T15:12:12,Dartmouth,mens-squash,2026,mens-squash,12
2026-10-06T15:12:12,Brown,mens-tennis,2022,mens-tennis,15
2026-10-06T15:12:13,Brown,mens-tennis,2023,mens-tennis,13
2026-10-06T15:12:13,Dartmouth,mens-swimming-and-diving,2026,mens-swimming-and-diving,23
2026-10-06T15:12:14,Dartmouth,mens-tennis,2016,mens-tennis,11
2026-10-06T15:12:14,Brown,mens-tennis,2024,mens-tennis,12
2026-10-06T15:12:14,Princeton,womens-track-and-field,2026,womens-track-and-field,59
2026-10-06T15:12:15,Brown,mens-tennis,2025,mens-tennis,12
2026-10-06T15:12:15,Princeton,womens-volleyball,2026,womens-volleyball,16
2026-10-06T15:12:15,Brown,mens-tennis,2026,mens-tennis,13
2026-10-06T15:12:16,Princeton,womens-rowing,2026,,0
2026-10-06T15:12:17,Dartmouth,mens-track-and-field,2026,mens-track-and-field,41
2026-10-06T15:12:17,Princeton,mens-tennis,2017,mens-tennis,13
2026-10-06T15:12:18,Dartmouth,womens-basketball,2026,womens-basketball,17
2026-10-06T15:12:18,Princeton,mens-tennis,2018,mens-tennis,12
2026-10-06T15:12:19,Dartmouth,womens-cross-country,2026,womens-cross-country,21
2026-10-06T15:12:19,Princeton,mens-tennis,2019,mens-tennis,12
2026-10-06T15:12:19,Princeton,mens-tennis,2020,mens-tennis,10
2026-10-06T15:12:20,Dartmouth,equestrian,2026,equestrian,11
2026-10-06T15:12:20,Princeton,mens-tennis,2021,mens-tennis,13
2026-10-06T15:12:21,Princeton,mens-tennis,2022,mens-tennis,11
2026-10-06T15:12:22,Princeton,mens-tennis,2023,mens-tennis,13
2026-10-06T15:12:22,Dartmouth,field-hockey,2026,field-hockey,24
2026-10-06T15:12:22,Princeton,mens-tennis,2024,mens-tennis,14
2026-10-06T15:12:22,Dartmouth,womens-golf,2026,womens-golf,10
2026-10-06T15:12:23,Princeton,mens-tennis,2025,mens-tennis,12
2026-10-06T15:12:23,Dartmouth,womens-ice-hockey,2026,womens-ice-hockey,27
2026-10-06T15:12:24,Princeton,mens-tennis,2026,mens-tennis,12
2026-10-06T15:12:24,Dartmouth,womens-lacrosse,2026,womens-lacrosse,37
2026-10-06T15:12:25,Dartmouth,womens-rugby,2026,womens-rugby,33
2026-10-06T15:12:26,Dartmouth,womens-soccer,2026,womens-soccer,29
2026-10-06T15:12:27,Dartmouth,womens-squash,2026,womens-squash,13
2026-10-06T15:12:29,Dartmouth,womens-swimming-and-diving,2026,womens-swimming-and-diving,29
2026-10-06T15:12:30,Dartmouth,womens-tennis,2026,womens-tennis,12
2026-10-06T15:12:33,Dartmouth,womens-track-and-field,2026,womens-track-and-field,44
2026-10-06T15:12:34,Dartmouth,womens-volleyball,2026,womens-volleyball,17
2026-10-06T15:12:35,Dartmouth,womens-rowing,2026,womens-rowing,53
2026-10-06T15:12:35,Dartmouth,mens-tennis,2017,mens-tennis,13
2026-10-06T15:12:36,Dartmouth,mens-tennis,2018,mens-tennis,11
2026-10-06T15:12:37,Dartmouth,mens-tennis,2019,mens-tennis,14
2026-10-06T15:12:38,Dartmouth,mens-tennis,2020,mens-tennis,14
2026-10-06T15:12:38,Dartmouth,mens-tennis,2021,mens-tennis,11
2026-10-06T15:12:39,Dartmouth,mens-tennis,2022,mens-tennis,9
2026-10-06T15:12:40,Dartmouth,mens-tennis,2023,mens-tennis,12
2026-10-06T15:12:40,Dartmouth,mens-tennis,2024,mens-tennis,11
2026-10-06T15:12:41,Dartmouth,mens-tennis,2025,mens-tennis,11
2026-10-06T15:12:42,Dartmouth,mens-tennis,2026,mens-tennis,10
2026-10-06T15:18:24,Harvard,baseball,2026,baseball,30
2026-10-06T15:18:24,Yale,baseball,2026,baseball,30
2026-10-06T15:18:24,Penn,baseball,2026,baseball,37
2026-10-06T15:18:24,Cornell,baseball,2026,baseball,40
2026-10-06T15:18:25,Brown,baseball,2026,baseball,38
2026-10-06T15:18:25,Columbia,baseball,2026,baseball,44
2026-10-06T15:18:25,Princeton,baseball,2026,baseball,25
2026-10-06T15:18:25,Yale,mens-basketball,2026,mens-basketball,15
2026-10-06T15:18:25,Harvard,mens-basketball,2026,mens-basketball,20
2026-10-06T15:18:25,Dartmouth,baseball,2026,,0
2026-10-06T15:18:25,Cornell,mens-basketball,2026,mens-basketball,19
2026-10-06T15:18:25,Harvard,football,2026,football,109
2026-10-06T15:18:25,Yale,mens-cross-country,2026,mens-cross-country,25
2026-10-06T15:18:26,Brown,mens-basketball,2026,mens-basketball,19
2026-10-06T15:18:26,Penn,mens-basketball,2026,mens-basketball,20
2026-10-06T15:18:26,Princeton,mens-basketball,2026,mens-basketball,21
2026-10-06T15:18:26,Cornell,mens-cross-country,2026,mens-cross-country,24
2026-10-06T15:18:26,Columbia,mens-basketball,2026,mens-basketball,19
2026-10-06T15:18:26,Dartmouth,mens-basketball,2026,mens-basketball,15
2026-10-06T15:18:26,Harvard,mens-golf,2026,mens-golf,8
2026-10-06T15:18:26,Yale,football,2026,football,93
2026-10-06T15:18:27,Cornell,football,2026,football,119
2026-10-06T15:18:27,Penn,mens-cross-country,2026,mens-cross-country,17
2026-10-06T15:18:27,Brown,mens-cross-country,2026,mens-cross-country,21
2026-10-06T15:18:27,Princeton,mens-cross-country,2026,mens-cross-country,25
2026-10-06T15:18:27,Dartmouth,mens-cross-country,2026,mens-cross-country,13
2026-10-06T15:18:27,Yale,mens-golf,2026,mens-golf,8
2026-10-06T15:18:27,Harvard,mens-ice-hockey,2026,mens-ice-hockey,29
2026-10-06T15:18:27,Cornell,mens-golf,2026,mens-golf,8
2026-10-06T15:18:27,Penn,football,2026,football,93
2026-10-06T15:18:27,Cornell,mens-ice-hockey,2026,mens-ice-hockey,31
2026-10-06T15:18:27,Yale,mens-ice-hockey,2026,mens-ice-hockey,29
2026-10-06T15:18:28,Columbia,football,2026,football,108
2026-10-06T15:18:28,Harvard,mens-lacrosse,2026,mens-lacrosse,49
2026-10-06T15:18:28,Cornell,mens-lacrosse,2026,mens-lacrosse,52
2026-10-06T15:18:28,Penn,mens-golf,2026,mens-golf,9
2026-10-06T15:18:28,Yale,mens-lacrosse,2026,mens-lacrosse,48
2026-10-06T15:18:28,Cornell,mens-rowing,2026,mens-rowing,29
2026-10-06T15:18:28,Harvard,mens-rowing,2026,mens-heavyweight-rowing,43
2026-10-06T15:18:28,Columbia,mens-golf,2026,mens-golf,10
2026-10-06T15:18:29,Penn,mens-lacrosse,2026,mens-lacrosse,31
2026-10-06T15:18:29,Brown,football,2026,football,107
2026-10-06T15:18:29,Yale,mens-rowing,2026,mens-crew,51
2026-10-06T15:18:29,Princeton,football,2026,football,110
2026-10-06T15:18:29,Harvard,rowing,2026,mens-lightweight-rowing,35
2026-10-06T15:18:29,Cornell,mens-soccer,2026,mens-soccer,30
2026-10-06T15:18:29,Columbia,mens-rowing,2026,mens-rowing,38
2026-10-06T15:18:30,Dartmouth,football,2026,football,106
2026-10-06T15:18:30,Brown,mens-golf,2026,mens-golf,12
2026-10-06T15:18:30,Harvard,sailing,2026,mens-sailing,36
2026-10-06T15:18:30,Cornell,mens-squash,2026,mens-squash,14
2026-10-06T15:18:30,Princeton,mens-golf,2026,mens-golf,11
2026-10-06T15:18:30,Columbia,rowing,2026,lightweight-rowing,36
2026-10-06T15:18:30,Cornell,mens-swimming-and-diving,2026,mens-swimming-and-diving,34
2026-10-06T15:18:30,Dartmouth,mens-golf,2026,mens-golf,8
2026-10-06T15:18:31,Harvard,skiing,2026,skiing,21
2026-10-06T15:18:31,Princeton,mens-ice-hockey,2026,mens-ice-hockey,29
2026-10-06T15:18:31,Cornell,mens-tennis,2016,mens-tennis,16
2026-10-06T15:18:31,Brown,mens-ice-hockey,2026,mens-ice-hockey,29
2026-10-06T15:18:31,Penn,mens-rowing,2026,mens-rowing,38
2026-10-06T15:18:31,Harvard,mens-soccer,2026,mens-soccer,29
2026-10-06T15:18:31,Dartmouth,mens-ice-hockey,2026,mens-ice-hockey,31
2026-10-06T15:18:31,Penn,mens-soccer,2026,mens-soccer,32
2026-10-06T15:18:31,Cornell,mens-track-and-field,2026,mens-track-and-field,51
2026-10-06T15:18:32,Columbia,mens-soccer,2026,mens-soccer,27
2026-10-06T15:18:32,Harvard,mens-squash,2026,mens-squash,13
2026-10-06T15:18:32,Brown,mens-lacrosse,2026,mens-lacrosse,52
2026-10-06T15:18:32,Cornell,womens-basketball,2026,womens-basketball,16
2026-10-06T15:18:32,Penn,mens-squash,2026,mens-squash,16
2026-10-06T15:18:32,Yale,rowing,2026,mens-rowing,33
2026-10-06T15:18:32,Princeton,mens-lacrosse,2026,mens-lacrosse,54
2026-10-06T15:18:32,Harvard,mens-swimming-and-diving,2026,mens-swimming-and-diving,30
2026-10-06T15:18:32,Columbia,mens-squash,2026,mens-squash,17
2026-10-06T15:18:32,Cornell,womens-cross-country,2026,womens-cross-country,20
2026-10-06T15:18:33,Penn,mens-swimming-and-diving,2026,mens-swimming-and-diving,28
2026-10-06T15:18:33,Yale,sailing,2026,sailing,27
2026-10-06T15:18:33,Dartmouth,mens-lacrosse,2026,,0
2026-10-06T15:18:33,Brown,mens-rowing,2026,mens-crew,49
2026-10-06T15:18:33,Harvard,mens-tennis,2016,mens-tennis,12
2026-10-06T15:18:33,Cornell,equestrian,2026,equestrian,37
2026-10-06T15:18:33,Princeton,mens-rowing,2026,,0
2026-10-06T15:18:33,Yale,mens-soccer,2026,mens-soccer,28
2026-10-06T15:18:33,Penn,mens-tennis,2016,mens-tennis,14
2026-10-06T15:18:33,Columbia,mens-swimming-and-diving,2026,mens-swimming-and-diving,37
2026-10-06T15:18:34,Harvard,womens-basketball,2026,womens-basketball,18
2026-10-06T15:18:34,Brown,sailing,2026,coed-sailing,31
2026-10-06T15:18:34,Cornell,field-hockey,2026,field-hockey,26
2026-10-06T15:18:34,Yale,mens-squash,2026,mens-squash,13
2026-10-06T15:18:34,Dartmouth,mens-rowing,2026,mens-rowing,43
2026-10-06T15:18:34,Penn,mens-track-and-field,2026,mens-track-and-field,51
2026-10-06T15:18:34,Cornell,womens-ice-hockey,2026,womens-ice-hockey,24
2026-10-06T15:18:34,Princeton,rowing,2026,,0
2026-10-06T15:18:34,Penn,womens-basketball,2026,womens-basketball,16
2026-10-06T15:18:35,Harvard,field-hockey,2026,field-hockey,20
2026-10-06T15:18:35,Dartmouth,rowing,2026,rowing,25
2026-10-06T15:18:35,Columbia,mens-tennis,2016,mens-tennis,14
2026-10-06T15:18:35,Cornell,womens-lacrosse,2026,womens-lacrosse,40
2026-10-06T15:18:35,Brown,mens-soccer,2026,mens-soccer,29
2026-10-06T15:18:35,Harvard,womens-golf,2026,womens-golf,9
2026-10-06T15:18:36,Princeton,mens-soccer,2026,mens-soccer,28
2026-10-06T15:18:36,Penn,womens-cross-country,2026,womens-cross-country,20
2026-10-06T15:18:36,Dartmouth,sailing,2026,sailing,28
2026-10-06T15:18:36,Cornell,womens-soccer,2026,womens-soccer,31
2026-10-06T15:18:36,Brown,mens-squash,2026,mens-squash,14
2026-10-06T15:18:36,Columbia,womens-basketball,2026,womens-basketball,15
2026-10-06T15:18:36,Harvard,womens-ice-hockey,2026,womens-ice-hockey,24
2026-10-06T15:18:36,Penn,field-hockey,2026,field-hockey,22
2026-10-06T15:18:36,Yale,mens-swimming-and-diving,2026,mens-swimming-and-diving,29
2026-10-06T15:18:36,Princeton,mens-squash,2026,mens-squash,14
2026-10-06T15:18:36,Cornell,womens-squash,2026,womens-squash,14
2026-10-06T15:18:37,Harvard,womens-lacrosse,2026,womens-lacrosse,29
2026-10-06T15:18:37,Brown,mens-swimming-and-diving,2026,mens-swimming-and-diving,35
2026-10-06T15:18:37,Cornell,womens-swimming-and-diving,2026,womens-swimming-and-diving,31
2026-10-06T15:18:37,Yale,mens-tennis,2016,mens-tennis,13
2026-10-06T15:18:37,Princeton,mens-swimming-and-diving,2026,mens-swimming-and-diving,39
2026-10-06T15:18:37,Harvard,womens-rugby,2026,womens-rugby,27
2026-10-06T15:18:37,Columbia,field-hockey,2026,field-hockey,28
2026-10-06T15:18:37,Cornell,womens-tennis,2026,womens-tennis,10
2026-10-06T15:18:37,Brown,mens-tennis,2016,mens-tennis,13
2026-10-06T15:18:38,Yale,mens-track-and-field,2026,mens-track-and-field,53
2026-10-06T15:18:38,Princeton,mens-tennis,2016,mens-tennis,13
2026-10-06T15:18:38,Cornell,womens-track-and-field,2026,womens-track-and-field,51
2026-10-06T15:18:38,Dartmouth,skiing,2026,skiing,42
2026-10-06T15:18:38,Harvard,womens-soccer,2026,womens-soccer,24
2026-10-06T15:18:38,Columbia,womens-golf,2026,womens-golf,12
2026-10-06T15:18:38,Yale,womens-basketball,2026,womens-basketball,19
2026-10-06T15:18:38,Cornell,womens-volleyball,2026,womens-volleyball,18
2026-10-06T15:18:39,Penn,womens-golf,2026,womens-golf,8
2026-10-06T15:18:39,Brown,mens-track-and-field,2026,mens-track-and-field,54
2026-10-06T15:18:39,Harvard,womens-squash,2026,womens-squash,12
2026-10-06T15:18:39,Yale,womens-cross-country,2026,womens-cross-country,18
2026-10-06T15:18:39,Columbia,womens-lacrosse,2026,womens-lacrosse,31
2026-10-06T15:18:39,Cornell,womens-sailing,2026,womens-sailing,14
2026-10-06T15:18:39,Harvard,womens-swimming-and-diving,2026,womens-swimming-and-diving,31
2026-10-06T15:18:39,Brown,womens-basketball,2026,womens-basketball,18
2026-10-06T15:18:39,Yale,field-hockey,2026,field-hockey,19
2026-10-06T15:18:40,Penn,womens-lacrosse,2026,womens-lacrosse,34
2026-10-06T15:18:40,Dartmouth,mens-soccer,2026,mens-soccer,28
2026-10-06T15:18:40,Harvard,womens-tennis,2026,womens-tennis,14
2026-10-06T15:18:40,Columbia,womens-soccer,2026,womens-soccer,31
2026-10-06T15:18:40,Yale,womens-golf,2026,womens-golf,8
2026-10-06T15:18:40,Penn,womens-soccer,2026,womens-soccer,30
2026-10-06T15:18:40,Princeton,mens-track-and-field,2026,mens-track-and-field,67
2026-10-06T15:18:40,Dartmouth,mens-squash,2026,mens-squash,12
2026-10-06T15:18:40,Harvard,womens-volleyball,2026,womens-volleyball,14
2026-10-06T15:18:40,Cornell,womens-rowing,2026,womens-rowing,54
2026-10-06T15:18:40,Brown,womens-cross-country,2026,womens-cross-country,25
2026-10-06T15:18:40,Yale,womens-ice-hockey,2026,womens-ice-hockey,27
2026-10-06T15:18:41,Penn,womens-squash,2026,womens-squash,14
2026-10-06T15:18:41,Columbia,womens-squash,2026,womens-squash,17
2026-10-06T15:18:41,Cornell,mens-tennis,2017,mens-tennis,12
2026-10-06T15:18:41,Princeton,womens-basketball,2026,womens-basketball,15
2026-10-06T15:18:41,Dartmouth,mens-swimming-and-diving,2026,mens-swimming-and-diving,23
2026-10-06T15:18:41,Yale,womens-lacrosse,2026,womens-lacrosse,33
2026-10-06T15:18:41,Penn,womens-swimming-and-diving,2026,womens-swimming-and-diving,31
2026-10-06T15:18:41,Cornell,mens-tennis,2018,mens-tennis,12
2026-10-06T15:18:41,Columbia,womens-swimming-and-diving,2026,womens-swimming-and-diving,34
2026-10-06T15:18:41,Harvard,cross-country,2026,cross-country,37
2026-10-06T15:18:42,Cornell,mens-tennis,2019,mens-tennis,13
2026-10-06T15:18:42,Brown,equestrian,2026,equestrian,21
2026-10-06T15:18:42,Dartmouth,mens-tennis,2016,mens-tennis,11
2026-10-06T15:18:42,Penn,womens-tennis,2026,womens-tennis,10
2026-10-06T15:18:42,Yale,womens-soccer,2026,womens-soccer,26
2026-10-06T15:18:42,Princeton,womens-cross-country,2026,womens-cross-country,24
2026-10-06T15:18:42,Harvard,track-and-field,2026,mens-track-and-field,93
2026-10-06T15:18:42,Cornell,mens-tennis,2020,mens-tennis,7
2026-10-06T15:18:42,Columbia,womens-tennis,2026,womens-tennis,15
2026-10-06T15:18:42,Penn,womens-track-and-field,2026,womens-track-and-field,57
2026-10-06T15:18:43,Cornell,mens-tennis,2021,mens-tennis,16
2026-10-06T15:18:43,Harvard,womens-rowing,2026,womens-heavyweight-rowing,35
2026-10-06T15:18:43,Cornell,mens-tennis,2022,mens-tennis,13
2026-10-06T15:18:43,Columbia,womens-volleyball,2026,womens-volleyball,20
2026-10-06T15:18:43,Cornell,mens-tennis,2023,mens-tennis,14
2026-10-06T15:18:44,Princeton,field-hockey,2026,field-hockey,24
2026-10-06T15:18:44,Brown,field-hockey,2026,field-hockey,24
2026-10-06T15:18:44,Yale,womens-squash,2026,womens-squash,8
2026-10-06T15:18:44,Columbia,cross-country,2026,cross-country,52
2026-10-06T15:18:44,Cornell,mens-tennis,2024,mens-tennis,12
2026-10-06T15:18:44,Harvard,womens-lightweight-rowing,2026,womens-lightweight-rowing,27
2026-10-06T15:18:44,Dartmouth,mens-track-and-field,2026,mens-track-and-field,41
2026-10-06T15:18:44,Yale,womens-swimming-and-diving,2026,womens-swimming-and-diving,29
2026-10-06T15:18:44,Cornell,mens-tennis,2025,mens-tennis,10
2026-10-06T15:18:44,Brown,womens-golf,2026,womens-golf,8
2026-10-06T15:18:44,Princeton,womens-golf,2026,womens-golf,10
2026-10-06T15:18:44,Harvard,mens-tennis,2017,mens-tennis,13
2026-10-06T15:18:45,Yale,womens-tennis,2026,womens-tennis,10
2026-10-06T15:18:45,Cornell,mens-tennis,2026,mens-tennis,11
2026-10-06T15:18:45,Columbia,track-and-field,2026,track-and-field,112
2026-10-06T15:18:45,Harvard,mens-tennis,2018,mens-tennis,14
2026-10-06T15:18:45,Princeton,womens-ice-hockey,2026,womens-ice-hockey,23
2026-10-06T15:18:45,Brown,womens-ice-hockey,2026,womens-ice-hockey,27
2026-10-06T15:18:45,Yale,womens-track-and-field,2026,womens-track-and-field,49
2026-10-06T15:18:45,Dartmouth,womens-basketball,2026,womens-basketball,17
2026-10-06T15:18:46,Harvard,mens-tennis,2019,mens-tennis,12
2026-10-06T15:18:46,Princeton,womens-lacrosse,2026,womens-lacrosse,32
2026-10-06T15:18:46,Yale,womens-volleyball,2026,womens-volleyball,17
2026-10-06T15:18:46,Columbia,womens-rowing,2026,womens-rowing,45
2026-10-06T15:18:46,Harvard,mens-tennis,2020,mens-tennis,7
2026-10-06T15:18:46,Penn,womens-volleyball,2026,womens-volleyball,18
2026-10-06T15:18:46,Brown,womens-lacrosse,2026,womens-lacrosse,31
2026-10-06T15:18:46,Dartmouth,womens-cross-country,2026,womens-cross-country,21
2026-10-06T15:18:47,Yale,womens-sailing,2026,womens-sailing,15
2026-10-06T15:18:47,Harvard,mens-tennis,2021,mens-tennis,13
2026-10-06T15:18:47,Princeton,womens-rugby,2026,womens-rugby,28
2026-10-06T15:18:47,Columbia,mens-tennis,2017,mens-tennis,15
2026-10-06T15:18:47,Harvard,mens-tennis,2022,mens-tennis,13
2026-10-06T15:18:47,Dartmouth,equestrian,2026,equestrian,11
2026-10-06T15:18:47,Princeton,womens-soccer,2026,womens-soccer,28
2026-10-06T15:18:47,Brown,womens-rugby,2026,womens-rugby,35
2026-10-06T15:18:48,Columbia,mens-tennis,2018,mens-tennis,14
2026-10-06T15:18:48,Harvard,mens-tennis,2023,mens-tennis,14
2026-10-06T15:18:48,Harvard,mens-tennis,2024,mens-tennis,13
2026-10-06T15:18:48,Columbia,mens-tennis,2019,mens-tennis,14
2026-10-06T15:18:48,Brown,womens-soccer,2026,womens-soccer,32
2026-10-06T15:18:48,Princeton,womens-squash,2026,womens-squash,14
2026-10-06T15:18:49,Yale,womens-rowing,2026,womens-crew,39
2026-10-06T15:18:49,Harvard,mens-tennis,2025,mens-tennis,13
2026-10-06T15:18:49,Columbia,mens-tennis,2020,mens-tennis,14
2026-10-06T15:18:49,Dartmouth,field-hockey,2026,field-hockey,24
2026-10-06T15:18:49,Brown,womens-squash,2026,womens-squash,17
2026-10-06T15:18:49,Yale,mens-tennis,2017,mens-tennis,10
2026-10-06T15:18:49,Princeton,womens-swimming-and-diving,2026,womens-swimming-and-diving,30
2026-10-06T15:18:49,Harvard,mens-tennis,2026,mens-tennis,13
2026-10-06T15:18:49,Columbia,mens-tennis,2021,mens-tennis,14
2026-10-06T15:18:49,Dartmouth,womens-golf,2026,womens-golf,10
2026-10-06T15:18:50,Yale,mens-tennis,2018,mens-tennis,10
2026-10-06T15:18:50,Princeton,womens-tennis,2026,womens-tennis,11
2026-10-06T15:18:50,Columbia,mens-tennis,2022,mens-tennis,13
2026-10-06T15:18:50,Yale,mens-tennis,2019,mens-tennis,10
2026-10-06T15:18:50,Dartmouth,womens-ice-hockey,2026,womens-ice-hockey,27
2026-10-06T15:18:50,Brown,womens-swimming-and-diving,2026,womens-swimming-and-diving,30
2026-10-06T15:18:51,Columbia,mens-tennis,2023,mens-tennis,13
2026-10-06T15:18:51,Penn,womens-rowing,2026,womens-rowing,34
2026-10-06T15:18:51,Yale,mens-tennis,2020,mens-tennis,10
2026-10-06T15:18:51,Brown,womens-tennis,2026,womens-tennis,14
2026-10-06T15:18:51,Penn,mens-tennis,2017,mens-tennis,14
2026-10-06T15:18:51,Yale,mens-tennis,2021,mens-tennis,8
2026-10-06T15:18:52,Dartmouth,womens-lacrosse,2026,womens-lacrosse,37
2026-10-06T15:18:52,Penn,mens-tennis,2018,mens-tennis,14
2026-10-06T15:18:52,Yale,mens-tennis,2022,mens-tennis,9
2026-10-06T15:18:52,Columbia,mens-tennis,2024,mens-tennis,13
2026-10-06T15:18:52,Penn,mens-tennis,2019,mens-tennis,13
2026-10-06T15:18:52,Yale,mens-tennis,2023,mens-tennis,10
2026-10-06T15:18:52,Brown,womens-track-and-field,2026,womens-track-and-field,60
2026-10-06T15:18:52,Columbia,mens-tennis,2025,mens-tennis,14
2026-10-06T15:18:53,Dartmouth,womens-rugby,2026,womens-rugby,33
2026-10-06T15:18:53,Yale,mens-tennis,2024,mens-tennis,12
2026-10-06T15:18:53,Penn,mens-tennis,2020,mens-tennis,9
2026-10-06T15:18:53,Princeton,womens-track-and-field,2026,womens-track-and-field,59
2026-10-06T15:18:53,Columbia,mens-tennis,2026,mens-tennis,14
2026-10-06T15:18:53,Yale,mens-tennis,2025,mens-tennis,10
2026-10-06T15:18:53,Penn,mens-tennis,2021,mens-tennis,11
2026-10-06T15:18:53,Brown,womens-volleyball,2026,womens-volleyball,20
2026-10-06T15:18:53,Dartmouth,womens-soccer,2026,womens-soccer,29
2026-10-06T15:18:54,Princeton,womens-volleyball,2026,womens-volleyball,16
2026-10-06T15:18:54,Yale,mens-tennis,2026,mens-tennis,12
2026-10-06T15:18:54,Penn,mens-tennis,2022,mens-tennis,12
2026-10-06T15:18:54,Penn,mens-tennis,2023,mens-tennis,10
2026-10-06T15:18:54,Dartmouth,womens-squash,2026,womens-squash,13
2026-10-06T15:18:55,Princeton,womens-rowing,2026,,0
2026-10-06T15:18:55,Brown,womens-sailing,2026,womens-sailing,21
2026-10-06T15:18:55,Penn,mens-tennis,2024,mens-tennis,11
2026-10-06T15:18:55,Dartmouth,womens-swimming-and-diving,2026,womens-swimming-and-diving,29
2026-10-06T15:18:55,Penn,mens-tennis,2025,mens-tennis,12
2026-10-06T15:18:55,Princeton,mens-tennis,2017,mens-tennis,13
2026-10-06T15:18:56,Brown,womens-rowing,2026,womens-crew,44
2026-10-06T15:18:56,Penn,mens-tennis,2026,mens-tennis,12
2026-10-06T15:18:56,Dartmouth,womens-tennis,2026,womens-tennis,12
2026-10-06T15:18:56,Princeton,mens-tennis,2018,mens-tennis,12
2026-10-06T15:18:56,Brown,mens-tennis,2017,mens-tennis,14
2026-10-06T15:18:57,Princeton,mens-tennis,2019,mens-tennis,12
2026-10-06T15:18:57,Brown,mens-tennis,2018,mens-tennis,12
2026-10-06T15:18:57,Princeton,mens-tennis,2020,mens-tennis,10
2026-10-06T15:18:58,Brown,mens-tennis,2019,mens-tennis,12
2026-10-06T15:18:58,Princeton,mens-tennis,2021,mens-tennis,13
2026-10-06T15:18:58,Brown,mens-tennis,2020,mens-tennis,10
2026-10-06T15:18:58,Dartmouth,womens-track-and-field,2026,womens-track-and-field,44
2026-10-06T15:18:59,Princeton,mens-tennis,2022,mens-tennis,11
2026-10-06T15:18:59,Brown,mens-tennis,2021,mens-tennis,12
2026-10-06T15:18:59,Dartmouth,womens-volleyball,2026,womens-volleyball,17
2026-10-06T15:18:59,Princeton,mens-tennis,2023,mens-tennis,13
2026-10-06T15:19:00,Princeton,mens-tennis,2024,mens-tennis,14
2026-10-06T15:19:00,Brown,mens-tennis,2022,mens-tennis,15
2026-10-06T15:19:00,Dartmouth,womens-rowing,2026,womens-rowing,53
2026-10-06T15:19:01,Princeton,mens-tennis,2025,mens-tennis,12
2026-10-06T15:19:01,Brown,mens-tennis,2023,mens-tennis,13
2026-10-06T15:19:01,Dartmouth,mens-tennis,2017,mens-tennis,13
2026-10-06T15:19:01,Princeton,mens-tennis,2026,mens-tennis,12
2026-10-06T15:19:02,Brown,mens-tennis,2024,mens-tennis,12
2026-10-06T15:19:02,Dartmouth,mens-tennis,2018,mens-tennis,11
2026-10-06T15:19:02,Brown,mens-tennis,2025,mens-tennis,12
2026-10-06T15:19:02,Dartmouth,mens-tennis,2019,mens-tennis,14
2026-10-06T15:19:03,Brown,mens-tennis,2026,mens-tennis,13
2026-10-06T15:19:04,Dartmouth,mens-tennis,2020,mens-tennis,14
2026-10-06T15:19:05,Dartmouth,mens-tennis,2021,mens-tennis,11
2026-10-06T15:19:06,Dartmouth,mens-tennis,2022,mens-tennis,9
2026-10-06T15:19:07,Dartmouth,mens-tennis,2023,mens-tennis,12
2026-10-06T15:19:08,Dartmouth,mens-tennis,2024,mens-tennis,11
2026-10-06T15:19:08,Dartmouth,mens-tennis,2025,mens-tennis,11
2026-10-06T15:19:09,Dartmouth,mens-tennis,2026,mens-tennis,10
2026-10-06T15:21:56,Harvard,baseball,2026,baseball,30
2026-10-06T15:21:56,Penn,baseball,2026,baseball,37
2026-10-06T15:21:57,Cornell,baseball,2026,baseball,40
2026-10-06T15:21:57,Harvard,mens-basketball,2026,mens-basketball,20
2026-10-06T15:21:57,Cornell,mens-basketball,2026,mens-basketball,19
2026-10-06T15:21:57,Penn,mens-basketball,2026,mens-basketball,20
2026-10-06T15:21:57,Brown,baseball,2026,baseball,38
2026-10-06T15:21:57,Dartmouth,baseball,2026,,0
2026-10-06T15:21:57,Princeton,baseball,2026,baseball,25
2026-10-06T15:21:57,Columbia,baseball,2026,baseball,44
2026-10-06T15:21:57,Cornell,mens-cross-country,2026,mens-cross-country,24
2026-10-06T15:21:57,Penn,mens-cross-country,2026,mens-cross-country,17
2026-10-06T15:21:58,Harvard,football,2026,football,109
2026-10-06T15:21:58,Brown,mens-basketball,2026,mens-basketball,19
2026-10-06T15:21:58,Cornell,football,2026,football,119
2026-10-06T15:21:58,Penn,football,2026,football,93
2026-10-06T15:21:58,Yale,baseball,2026,baseball,30
2026-10-06T15:21:58,Dartmouth,mens-basketball,2026,mens-basketball,15
2026-10-06T15:21:58,Harvard,mens-golf,2026,mens-golf,8
2026-10-06T15:21:58,Columbia,mens-basketball,2026,mens-basketball,19
2026-10-06T15:21:58,Princeton,mens-basketball,2026,mens-basketball,21
2026-10-06T15:21:58,Cornell,mens-golf,2026,mens-golf,8
2026-10-06T15:21:59,Penn,mens-golf,2026,mens-golf,9
2026-10-06T15:21:59,Harvard,mens-ice-hockey,2026,mens-ice-hockey,29
2026-10-06T15:21:59,Yale,mens-basketball,2026,mens-basketball,15
2026-10-06T15:21:59,Brown,mens-cross-country,2026,mens-cross-country,21
2026-10-06T15:21:59,Cornell,mens-ice-hockey,2026,mens-ice-hockey,31
2026-10-06T15:21:59,Penn,mens-lacrosse,2026,mens-lacrosse,31
2026-10-06T15:21:59,Dartmouth,mens-cross-country,2026,mens-cross-country,13
2026-10-06T15:21:59,Harvard,mens-lacrosse,2026,mens-lacrosse,49
2026-10-06T15:21:59,Cornell,mens-lacrosse,2026,mens-lacrosse,52
2026-10-06T15:21:59,Penn,mens-rowing,2026,mens-rowing,38
2026-10-06T15:22:00,Princeton,mens-cross-country,2026,mens-cross-country,25
2026-10-06T15:22:00,Harvard,mens-rowing,2026,mens-heavyweight-rowing,43
2026-10-06T15:22:00,Cornell,mens-rowing,2026,mens-rowing,29
2026-10-06T15:22:00,Penn,mens-soccer,2026,mens-soccer,32
2026-10-06T15:22:00,Cornell,mens-soccer,2026,mens-soccer,30
2026-10-06T15:22:00,Penn,mens-squash,2026,mens-squash,16
2026-10-06T15:22:00,Harvard,rowing,2026,mens-lightweight-rowing,35
2026-10-06T15:22:00,Yale,mens-cross-country,2026,mens-cross-country,25
2026-10-06T15:22:01,Columbia,football,2026,football,108
2026-10-06T15:22:01,Harvard,sailing,2026,mens-sailing,36
2026-10-06T15:22:01,Cornell,mens-squash,2026,mens-squash,14
2026-10-06T15:22:01,Brown,football,2026,football,107
2026-10-06T15:22:01,Penn,mens-swimming-and-diving,2026,mens-swimming-and-diving,28
2026-10-06T15:22:01,Cornell,mens-swimming-and-diving,2026,mens-swimming-and-diving,34
2026-10-06T15:22:01,Yale,football,2026,football,93
2026-10-06T15:22:01,Columbia,mens-golf,2026,mens-golf,10
2026-10-06T15:22:01,Harvard,skiing,2026,skiing,21
2026-10-06T15:22:02,Dartmouth,football,2026,football,106
2026-10-06T15:22:02,Cornell,mens-tennis,2026,mens-tennis,11
2026-10-06T15:22:02,Penn,mens-tennis,2026,mens-tennis,12
2026-10-06T15:22:02,Brown,mens-golf,2026,mens-golf,12
2026-10-06T15:22:02,Princeton,football,2026,football,110
2026-10-06T15:22:02,Harvard,mens-soccer,2026,mens-soccer,29
2026-10-06T15:22:02,Cornell,mens-track-and-field,2026,mens-track-and-field,51
2026-10-06T15:22:02,Penn,mens-track-and-field,2026,mens-track-and-field,51
2026-10-06T15:22:02,Columbia,mens-rowing,2026,mens-rowing,38
2026-10-06T15:22:02,Yale,mens-golf,2026,mens-golf,8
2026-10-06T15:22:03,Harvard,mens-squash,2026,mens-squash,13
2026-10-06T15:22:03,Brown,mens-ice-hockey,2026,mens-ice-hockey,29
2026-10-06T15:22:03,Cornell,womens-basketball,2026,womens-basketball,16
2026-10-06T15:22:03,Dartmouth,mens-golf,2026,mens-golf,8
2026-10-06T15:22:03,Harvard,mens-swimming-and-diving,2026,mens-swimming-and-diving,30
2026-10-06T15:22:03,Princeton,mens-golf,2026,mens-golf,11
2026-10-06T15:22:03,Penn,womens-basketball,2026,womens-basketball,16
2026-10-06T15:22:03,Cornell,womens-cross-country,2026,womens-cross-country,20
2026-10-06T15:22:03,Harvard,mens-tennis,2026,mens-tennis,13
2026-10-06T15:22:03,Yale,mens-ice-hockey,2026,mens-ice-hockey,29
2026-10-06T15:22:03,Penn,womens-cross-country,2026,womens-cross-country,20
2026-10-06T15:22:03,Cornell,equestrian,2026,equestrian,37
2026-10-06T15:22:04,Columbia,rowing,2026,lightweight-rowing,36
2026-10-06T15:22:04,Brown,mens-lacrosse,2026,mens-lacrosse,52
2026-10-06T15:22:04,Cornell,field-hockey,2026,field-hockey,26
2026-10-06T15:22:04,Harvard,womens-basketball,2026,womens-basketball,18
2026-10-06T15:22:04,Penn,field-hockey,2026,field-hockey,22
2026-10-06T15:22:04,Dartmouth,mens-ice-hockey,2026,mens-ice-hockey,31
2026-10-06T15:22:04,Harvard,field-hockey,2026,field-hockey,20
2026-10-06T15:22:04,Cornell,womens-ice-hockey,2026,womens-ice-hockey,24
2026-10-06T15:22:04,Penn,womens-golf,2026,womens-golf,8
2026-10-06T15:22:04,Princeton,mens-ice-hockey,2026,mens-ice-hockey,29
2026-10-06T15:22:05,Penn,womens-lacrosse,2026,womens-lacrosse,34
2026-10-06T15:22:05,Cornell,womens-lacrosse,2026,womens-lacrosse,40
2026-10-06T15:22:05,Harvard,womens-golf,2026,womens-golf,9
2026-10-06T15:22:05,Brown,mens-rowing,2026,mens-crew,49
2026-10-06T15:22:05,Penn,womens-soccer,2026,womens-soccer,30
2026-10-06T15:22:05,Harvard,womens-ice-hockey,2026,womens-ice-hockey,24
2026-10-06T15:22:05,Columbia,mens-soccer,2026,mens-soccer,27
2026-10-06T15:22:05,Cornell,womens-soccer,2026,womens-soccer,31
2026-10-06T15:22:05,Dartmouth,mens-lacrosse,2026,,0
2026-10-06T15:22:05,Princeton,mens-lacrosse,2026,mens-lacrosse,54
2026-10-06T15:22:06,Penn,womens-squash,2026,womens-squash,14
2026-10-06T15:22:06,Yale,mens-lacrosse,2026,mens-lacrosse,48
2026-10-06T15:22:06,Cornell,womens-squash,2026,womens-squash,14
2026-10-06T15:22:06,Harvard,womens-lacrosse,2026,womens-lacrosse,29
2026-10-06T15:22:06,Penn,womens-swimming-and-diving,2026,womens-swimming-and-diving,31
2026-10-06T15:22:06,Cornell,womens-swimming-and-diving,2026,womens-swimming-and-diving,31
2026-10-06T15:22:06,Columbia,mens-squash,2026,mens-squash,17
2026-10-06T15:22:06,Harvard,womens-rugby,2026,womens-rugby,27
2026-10-06T15:22:06,Brown,sailing,2026,coed-sailing,31
2026-10-06T15:22:06,Dartmouth,mens-rowing,2026,mens-rowing,43
2026-10-06T15:22:06,Penn,womens-tennis,2026,womens-tennis,10
2026-10-06T15:22:07,Yale,mens-rowing,2026,mens-crew,51
2026-10-06T15:22:07,Cornell,womens-tennis,2026,womens-tennis,10
2026-10-06T15:22:07,Harvard,womens-soccer,2026,womens-soccer,24
2026-10-06T15:22:07,Penn,womens-track-and-field,2026,womens-track-and-field,57
2026-10-06T15:22:07,Columbia,mens-swimming-and-diving,2026,mens-swimming-and-diving,37
2026-10-06T15:22:07,Cornell,womens-track-and-field,2026,womens-track-and-field,51
2026-10-06T15:22:07,Dartmouth,rowing,2026,rowing,25
2026-10-06T15:22:07,Harvard,womens-squash,2026,womens-squash,12
2026-10-06T15:22:07,Penn,womens-volleyball,2026,womens-volleyball,18
2026-10-06T15:22:07,Yale,rowing,2026,mens-rowing,33
2026-10-06T15:22:07,Cornell,womens-volleyball,2026,womens-volleyball,18
2026-10-06T15:22:08,Harvard,womens-swimming-and-diving,2026,womens-swimming-and-diving,31
2026-10-06T15:22:08,Penn,womens-rowing,2026,womens-rowing,34
2026-10-06T15:22:08,Columbia,mens-tennis,2026,mens-tennis,14
2026-10-06T15:22:08,Princeton,mens-rowing,2026,,0
2026-10-06T15:22:08,Brown,mens-soccer,2026,mens-soccer,29
2026-10-06T15:22:08,Cornell,womens-sailing,2026,womens-sailing,14
2026-10-06T15:22:08,Dartmouth,sailing,2026,sailing,28
2026-10-06T15:22:08,Yale,sailing,2026,sailing,27
2026-10-06T15:22:08,Harvard,womens-tennis,2026,womens-tennis,14
2026-10-06T15:22:08,Cornell,womens-rowing,2026,womens-rowing,54
2026-10-06T15:22:08,Harvard,womens-volleyball,2026,womens-volleyball,14
2026-10-06T15:22:09,Brown,mens-squash,2026,mens-squash,14
2026-10-06T15:22:09,Princeton,rowing,2026,,0
2026-10-06T15:22:09,Yale,mens-soccer,2026,mens-soccer,28
2026-10-06T15:22:09,Columbia,womens-basketball,2026,womens-basketball,15
2026-10-06T15:22:09,Harvard,cross-country,2026,cross-country,37
2026-10-06T15:22:10,Brown,mens-swimming-and-diving,2026,mens-swimming-and-diving,35
2026-10-06T15:22:10,Harvard,track-and-field,2026,mens-track-and-field,93
2026-10-06T15:22:10,Yale,mens-squash,2026,mens-squash,13
2026-10-06T15:22:10,Dartmouth,skiing,2026,skiing,42
2026-10-06T15:22:10,Harvard,womens-rowing,2026,womens-heavyweight-rowing,35
2026-10-06T15:22:10,Brown,mens-tennis,2026,mens-tennis,13
2026-10-06T15:22:10,Princeton,mens-soccer,2026,mens-soccer,28
2026-10-06T15:22:11,Harvard,womens-lightweight-rowing,2026,womens-lightweight-rowing,27
2026-10-06T15:22:11,Columbia,field-hockey,2026,field-hockey,28
2026-10-06T15:22:11,Brown,mens-track-and-field,2026,mens-track-and-field,54
2026-10-06T15:22:11,Columbia,womens-golf,2026,womens-golf,12
2026-10-06T15:22:12,Dartmouth,mens-soccer,2026,mens-soccer,28
2026-10-06T15:22:12,Yale,mens-swimming-and-diving,2026,mens-swimming-and-diving,29
2026-10-06T15:22:12,Columbia,womens-lacrosse,2026,womens-lacrosse,31
2026-10-06T15:22:12,Yale,mens-tennis,2026,mens-tennis,12
2026-10-06T15:22:12,Brown,womens-basketball,2026,womens-basketball,18
2026-10-06T15:22:12,Dartmouth,mens-squash,2026,mens-squash,12
2026-10-06T15:22:13,Princeton,mens-squash,2026,mens-squash,14
2026-10-06T15:22:13,Columbia,womens-soccer,2026,womens-soccer,31
2026-10-06T15:22:13,Dartmouth,mens-swimming-and-diving,2026,mens-swimming-and-diving,23
2026-10-06T15:22:13,Brown,womens-cross-country,2026,womens-cross-country,25
2026-10-06T15:22:14,Princeton,mens-swimming-and-diving,2026,mens-swimming-and-diving,39
2026-10-06T15:22:14,Columbia,womens-squash,2026,womens-squash,17
2026-10-06T15:22:14,Yale,mens-track-and-field,2026,mens-track-and-field,53
2026-10-06T15:22:14,Dartmouth,mens-tennis,2026,mens-tennis,10
2026-10-06T15:22:14,Brown,equestrian,2026,equestrian,21
2026-10-06T15:22:14,Princeton,mens-tennis,2026,mens-tennis,12
2026-10-06T15:22:15,Columbia,womens-swimming-and-diving,2026,womens-swimming-and-diving,34
2026-10-06T15:22:15,Yale,womens-basketball,2026,womens-basketball,19
2026-10-06T15:22:16,Columbia,womens-tennis,2026,womens-tennis,15
2026-10-06T15:22:16,Brown,field-hockey,2026,field-hockey,24
2026-10-06T15:22:16,Columbia,womens-volleyball,2026,womens-volleyball,20
2026-10-06T15:22:16,Yale,womens-cross-country,2026,womens-cross-country,18
2026-10-06T15:22:17,Princeton,mens-track-and-field,2026,mens-track-and-field,67
2026-10-06T15:22:17,Brown,womens-golf,2026,womens-golf,8
2026-10-06T15:22:17,Columbia,cross-country,2026,cross-country,52
2026-10-06T15:22:17,Yale,field-hockey,2026,field-hockey,19
2026-10-06T15:22:18,Brown,womens-ice-hockey,2026,womens-ice-hockey,27
2026-10-06T15:22:18,Dartmouth,mens-track-and-field,2026,mens-track-and-field,41
2026-10-06T15:22:18,Princeton,womens-basketball,2026,womens-basketball,15
2026-10-06T15:22:18,Brown,womens-lacrosse,2026,womens-lacrosse,31
2026-10-06T15:22:19,Columbia,track-and-field,2026,track-and-field,112
2026-10-06T15:22:19,Dartmouth,womens-basketball,2026,womens-basketball,17
2026-10-06T15:22:20,Princeton,womens-cross-country,2026,womens-cross-country,24
2026-10-06T15:22:20,Brown,womens-rugby,2026,womens-rugby,35
2026-10-06T15:22:20,Yale,womens-golf,2026,womens-golf,8
2026-10-06T15:22:20,Columbia,womens-rowing,2026,womens-rowing,45
2026-10-06T15:22:20,Dartmouth,womens-cross-country,2026,womens-cross-country,21
2026-10-06T15:22:20,Yale,womens-ice-hockey,2026,womens-ice-hockey,27
2026-10-06T15:22:21,Brown,womens-soccer,2026,womens-soccer,32
2026-10-06T15:22:21,Dartmouth,equestrian,2026,equestrian,11
2026-10-06T15:22:21,Brown,womens-squash,2026,womens-squash,17
2026-10-06T15:22:22,Princeton,field-hockey,2026,field-hockey,24
2026-10-06T15:22:22,Brown,womens-swimming-and-diving,2026,womens-swimming-and-diving,30
2026-10-06T15:22:23,Dartmouth,field-hockey,2026,field-hockey,24
2026-10-06T15:22:23,Princeton,womens-golf,2026,womens-golf,10
2026-10-06T15:22:23,Yale,womens-lacrosse,2026,womens-lacrosse,33
2026-10-06T15:22:23,Brown,womens-tennis,2026,womens-tennis,14
2026-10-06T15:22:23,Dartmouth,womens-golf,2026,womens-golf,10
2026-10-06T15:22:24,Princeton,womens-ice-hockey,2026,womens-ice-hockey,23
2026-10-06T15:22:24,Yale,womens-soccer,2026,womens-soccer,26
2026-10-06T15:22:24,Brown,womens-track-and-field,2026,womens-track-and-field,60
2026-10-06T15:22:25,Dartmouth,womens-ice-hockey,2026,womens-ice-hockey,27
2026-10-06T15:22:25,Princeton,womens-lacrosse,2026,womens-lacrosse,32
2026-10-06T15:22:25,Brown,womens-volleyball,2026,womens-volleyball,20
2026-10-06T15:22:25,Princeton,womens-rugby,2026,womens-rugby,28
2026-10-06T15:22:26,Dartmouth,womens-lacrosse,2026,womens-lacrosse,37
2026-10-06T15:22:26,Brown,womens-sailing,2026,womens-sailing,21
2026-10-06T15:22:26,Yale,womens-squash,2026,womens-squash,8
2026-10-06T15:22:27,Princeton,womens-soccer,2026,womens-soccer,28
2026-10-06T15:22:27,Brown,womens-rowing,2026,womens-crew,44
2026-10-06T15:22:27,Dartmouth,womens-rugby,2026,womens-rugby,33
2026-10-06T15:22:27,Yale,womens-swimming-and-diving,2026,womens-swimming-and-diving,29
2026-10-06T15:22:28,Princeton,womens-squash,2026,womens-squash,14
2026-10-06T15:22:28,Dartmouth,womens-soccer,2026,womens-soccer,29
2026-10-06T15:22:28,Princeton,womens-swimming-and-diving,2026,womens-swimming-and-diving,30
2026-10-06T15:22:29,Yale,womens-tennis,2026,womens-tennis,10
2026-10-06T15:22:29,Dartmouth,womens-squash,2026,womens-squash,13
2026-10-06T15:22:29,Yale,womens-track-and-field,2026,womens-track-and-field,49
2026-10-06T15:22:29,Princeton,womens-tennis,2026,womens-tennis,11
2026-10-06T15:22:30,Dartmouth,womens-swimming-and-diving,2026,womens-swimming-and-diving,29
2026-10-06T15:22:30,Yale,womens-volleyball,2026,womens-volleyball,17
2026-10-06T15:22:30,Dartmouth,womens-tennis,2026,womens-tennis,12
2026-10-06T15:22:31,Yale,womens-sailing,2026,womens-sailing,15
2026-10-06T15:22:32,Yale,womens-rowing,2026,womens-crew,39
2026-10-06T15:22:32,Princeton,womens-track-and-field,2026,womens-track-and-field,59
2026-10-06T15:22:33,Princeton,womens-volleyball,2026,womens-volleyball,16
2026-10-06T15:22:34,Princeton,womens-rowing,2026,,0
2026-10-06T15:22:34,Dartmouth,womens-track-and-field,2026,womens-track-and-field,44
2026-10-06T15:22:36,Dartmouth,womens-volleyball,2026,womens-volleyball,17
2026-10-06T15:22:37,Dartmouth,womens-rowing,2026,womens-rowing,53
2026-10-06T15:37:32,Cornell,baseball,2026,baseball,40
2026-10-06T15:37:32,Brown,baseball,2026,baseball,38
2026-10-06T15:37:32,Princeton,baseball,2026,baseball,25
2026-10-06T15:37:32,Harvard,baseball,2026,baseball,30
2026-10-06T15:37:32,Columbia,baseball,2026,baseball,44
2026-10-06T15:37:32,Cornell,mens-basketball,2026,mens-basketball,19
2026-10-06T15:37:33,Cornell,mens-cross-country,2026,mens-cross-country,24
2026-10-06T15:37:33,Penn,baseball,2026,baseball,37
2026-10-06T15:37:33,Brown,mens-basketball,2026,mens-basketball,19
2026-10-06T15:37:33,Harvard,mens-basketball,2026,mens-basketball,20
2026-10-06T15:37:33,Dartmouth,baseball,2026,,0
2026-10-06T15:37:33,Princeton,mens-basketball,2026,mens-basketball,21
2026-10-06T15:37:33,Penn,mens-basketball,2026,mens-basketball,20
2026-10-06T15:37:34,Columbia,mens-basketball,2026,mens-basketball,19
2026-10-06T15:37:34,Cornell,football,2026,football,119
2026-10-06T15:37:34,Yale,baseball,2026,baseball,30
2026-10-06T15:37:34,Penn,mens-cross-country,2026,mens-cross-country,17
2026-10-06T15:37:34,Brown,mens-cross-country,2026,mens-cross-country,21
2026-10-06T15:37:34,Harvard,football,2026,football,109
2026-10-06T15:37:34,Dartmouth,mens-basketball,2026,mens-basketball,15
2026-10-06T15:37:34,Penn,football,2026,football,93
2026-10-06T15:37:35,Yale,mens-basketball,2026,mens-basketball,15
2026-10-06T15:37:35,Cornell,mens-golf,2026,mens-golf,8
2026-10-06T15:37:35,Princeton,mens-cross-country,2026,mens-cross-country,25
2026-10-06T15:37:35,Harvard,mens-golf,2026,mens-golf,8
2026-10-06T15:37:35,Cornell,mens-ice-hockey,2026,mens-ice-hockey,31
2026-10-06T15:37:35,Penn,mens-golf,2026,mens-golf,9
2026-10-06T15:37:35,Dartmouth,mens-cross-country,2026,mens-cross-country,13
2026-10-06T15:37:35,Cornell,mens-lacrosse,2026,mens-lacrosse,52
2026-10-06T15:37:35,Penn,mens-lacrosse,2026,mens-lacrosse,31
2026-10-06T15:37:36,Columbia,football,2026,football,108
2026-10-06T15:37:36,Harvard,mens-ice-hockey,2026,mens-ice-hockey,29
2026-10-06T15:37:36,Cornell,mens-rowing,2026,mens-rowing,29
2026-10-06T15:37:36,Brown,football,2026,football,107
2026-10-06T15:37:36,Penn,mens-rowing,2026,mens-rowing,38
2026-10-06T15:37:36,Yale,mens-cross-country,2026,mens-cross-country,25
2026-10-06T15:37:36,Cornell,mens-soccer,2026,mens-soccer,30
2026-10-06T15:37:36,Columbia,mens-golf,2026,mens-golf,10
2026-10-06T15:37:36,Harvard,mens-lacrosse,2026,mens-lacrosse,49
2026-10-06T15:37:37,Yale,football,2026,football,93
2026-10-06T15:37:37,Cornell,mens-squash,2026,mens-squash,14
2026-10-06T15:37:37,Princeton,football,2026,football,110
2026-10-06T15:37:37,Brown,mens-golf,2026,mens-golf,12
2026-10-06T15:37:37,Harvard,mens-rowing,2026,mens-heavyweight-rowing,43
2026-10-06T15:37:37,Yale,mens-golf,2026,mens-golf,8
2026-10-06T15:37:38,Columbia,mens-rowing,2026,mens-rowing,38
2026-10-06T15:37:38,Cornell,mens-swimming-and-diving,2026,mens-swimming-and-diving,34
2026-10-06T15:37:38,Dartmouth,football,2026,football,106
2026-10-06T15:37:38,Penn,mens-soccer,2026,mens-soccer,32
2026-10-06T15:37:38,Brown,mens-ice-hockey,2026,mens-ice-hockey,29
2026-10-06T15:37:38,Yale,mens-ice-hockey,2026,mens-ice-hockey,29
2026-10-06T15:37:38,Princeton,mens-golf,2026,mens-golf,11
2026-10-06T15:37:38,Cornell,mens-tennis,2026,mens-tennis,11
2026-10-06T15:37:38,Harvard,rowing,2026,mens-lightweight-rowing,35
2026-10-06T15:37:39,Columbia,rowing,2026,lightweight-rowing,36
2026-10-06T15:37:39,Yale,mens-lacrosse,2026,mens-lacrosse,48
2026-10-06T15:37:39,Penn,mens-squash,2026,mens-squash,16
2026-10-06T15:37:39,Cornell,mens-track-and-field,2026,mens-track-and-field,51
2026-10-06T15:37:39,Dartmouth,mens-golf,2026,mens-golf,8
2026-10-06T15:37:39,Brown,mens-lacrosse,2026,mens-lacrosse,52
2026-10-06T15:37:39,Penn,mens-swimming-and-diving,2026,mens-swimming-and-diving,28
2026-10-06T15:37:39,Harvard,sailing,2026,mens-sailing,36
2026-10-06T15:37:39,Cornell,womens-basketball,2026,womens-basketball,16
2026-10-06T15:37:39,Yale,mens-rowing,2026,mens-crew,51
2026-10-06T15:37:39,Princeton,mens-ice-hockey,2026,mens-ice-hockey,29
2026-10-06T15:37:40,Harvard,skiing,2026,skiing,21
2026-10-06T15:37:40,Cornell,womens-cross-country,2026,womens-cross-country,20
2026-10-06T15:37:40,Penn,mens-tennis,2026,mens-tennis,12
2026-10-06T15:37:40,Dartmouth,mens-ice-hockey,2026,mens-ice-hockey,31
2026-10-06T15:37:40,Brown,mens-rowing,2026,mens-crew,49
2026-10-06T15:37:40,Harvard,mens-soccer,2026,mens-soccer,29
2026-10-06T15:37:40,Cornell,equestrian,2026,equestrian,37
2026-10-06T15:37:41,Princeton,mens-lacrosse,2026,mens-lacrosse,54
2026-10-06T15:37:41,Penn,mens-track-and-field,2026,mens-track-and-field,51
2026-10-06T15:37:41,Columbia,mens-soccer,2026,mens-soccer,27
2026-10-06T15:37:41,Cornell,field-hockey,2026,field-hockey,26
2026-10-06T15:37:41,Yale,rowing,2026,mens-rowing,33
2026-10-06T15:37:41,Harvard,mens-squash,2026,mens-squash,13
2026-10-06T15:37:41,Penn,womens-basketball,2026,womens-basketball,16
2026-10-06T15:38:08,Harvard,baseball,2026,baseball,30
2026-10-06T15:38:08,Columbia,baseball,2026,baseball,44
2026-10-06T15:38:08,Penn,baseball,2026,baseball,37
2026-10-06T15:38:08,Princeton,baseball,2026,baseball,25
2026-10-06T15:38:08,Brown,baseball,2026,baseball,38
2026-10-06T15:38:08,Cornell,baseball,2026,baseball,40
2026-10-06T15:38:08,Harvard,mens-basketball,2026,mens-basketball,20
2026-10-06T15:38:08,Columbia,mens-basketball,2026,mens-basketball,19
2026-10-06T15:38:08,Dartmouth,baseball,2026,,0
2026-10-06T15:38:08,Penn,mens-basketball,2026,mens-basketball,20
2026-10-06T15:38:08,Princeton,mens-basketball,2026,mens-basketball,21
2026-10-06T15:38:08,Brown,mens-basketball,2026,mens-basketball,19
2026-10-06T15:38:08,Cornell,mens-basketball,2026,mens-basketball,19
2026-10-06T15:38:09,Dartmouth,mens-basketball,2026,mens-basketball,15
2026-10-06T15:38:09,Penn,mens-cross-country,2026,mens-cross-country,17
2026-10-06T15:38:09,Harvard,football,2026,football,109
2026-10-06T15:38:09,Princeton,mens-cross-country,2026,mens-cross-country,25
2026-10-06T15:38:09,Brown,mens-cross-country,2026,mens-cross-country,21
2026-10-06T15:38:09,Cornell,mens-cross-country,2026,mens-cross-country,24
2026-10-06T15:38:09,Penn,football,2026,football,93
2026-10-06T15:38:09,Dartmouth,mens-cross-country,2026,mens-cross-country,13
2026-10-06T15:38:09,Yale,baseball,2026,baseball,30
2026-10-06T15:38:10,Columbia,football,2026,football,108
2026-10-06T15:38:10,Penn,mens-golf,2026,mens-golf,9
2026-10-06T15:38:10,Harvard,mens-golf,2026,mens-golf,8
2026-10-06T15:38:10,Cornell,football,2026,football,119
2026-10-06T15:38:10,Columbia,mens-golf,2026,mens-golf,10
2026-10-06T15:38:10,Penn,mens-lacrosse,2026,mens-lacrosse,31
2026-10-06T15:38:10,Harvard,mens-ice-hockey,2026,mens-ice-hockey,29
2026-10-06T15:38:10,Brown,football,2026,football,107
2026-10-06T15:38:10,Cornell,mens-golf,2026,mens-golf,8
2026-10-06T15:38:10,Yale,mens-basketball,2026,mens-basketball,15
2026-10-06T15:38:11,Columbia,mens-rowing,2026,mens-rowing,38
2026-10-06T15:38:11,Penn,mens-rowing,2026,mens-rowing,38
2026-10-06T15:38:11,Dartmouth,football,2026,football,106
2026-10-06T15:38:11,Princeton,football,2026,football,110
2026-10-06T15:38:11,Harvard,mens-lacrosse,2026,mens-lacrosse,49
2026-10-06T15:38:11,Brown,mens-golf,2026,mens-golf,12
2026-10-06T15:38:11,Cornell,mens-ice-hockey,2026,mens-ice-hockey,31
2026-10-06T15:38:11,Columbia,rowing,2026,lightweight-rowing,36
2026-10-06T15:38:12,Penn,mens-soccer,2026,mens-soccer,32
2026-10-06T15:38:12,Dartmouth,mens-golf,2026,mens-golf,8
2026-10-06T15:38:12,Princeton,mens-golf,2026,mens-golf,11
2026-10-06T15:38:12,Harvard,mens-rowing,2026,mens-heavyweight-rowing,43
2026-10-06T15:38:12,Cornell,mens-lacrosse,2026,mens-lacrosse,52
2026-10-06T15:38:12,Brown,mens-ice-hockey,2026,mens-ice-hockey,29
2026-10-06T15:38:12,Penn,mens-squash,2026,mens-squash,16
2026-10-06T15:38:12,Dartmouth,mens-ice-hockey,2026,mens-ice-hockey,31
2026-10-06T15:38:12,Princeton,mens-ice-hockey,2026,mens-ice-hockey,29
2026-10-06T15:38:12,Harvard,rowing,2026,mens-lightweight-rowing,35
2026-10-06T15:38:12,Cornell,mens-rowing,2026,mens-rowing,29
2026-10-06T15:38:12,Columbia,mens-soccer,2026,mens-soccer,27
2026-10-06T15:38:13,Brown,mens-lacrosse,2026,mens-lacrosse,52
2026-10-06T15:38:13,Penn,mens-swimming-and-diving,2026,mens-swimming-and-diving,28
2026-10-06T15:38:13,Harvard,sailing,2026,mens-sailing,36
2026-10-06T15:38:13,Princeton,mens-lacrosse,2026,mens-lacrosse,54
2026-10-06T15:38:13,Cornell,mens-soccer,2026,mens-soccer,30
2026-10-06T15:38:13,Penn,mens-tennis,2026,mens-tennis,12
2026-10-06T15:38:13,Columbia,mens-squash,2026,mens-squash,17
2026-10-06T15:38:13,Brown,mens-rowing,2026,mens-crew,49
2026-10-06T15:38:13,Harvard,skiing,2026,skiing,21
2026-10-06T15:38:13,Penn,mens-track-and-field,2026,mens-track-and-field,51
2026-10-06T15:38:13,Cornell,mens-squash,2026,mens-squash,14
2026-10-06T15:38:13,Dartmouth,mens-lacrosse,2026,,0
2026-10-06T15:38:14,Harvard,mens-soccer,2026,mens-soccer,29
2026-10-06T15:38:14,Brown,sailing,2026,coed-sailing,31
2026-10-06T15:38:14,Columbia,mens-swimming-and-diving,2026,mens-swimming-and-diving,37
2026-10-06T15:38:14,Cornell,mens-swimming-and-diving,2026,mens-swimming-and-diving,34
2026-10-06T15:38:14,Penn,womens-basketball,2026,womens-basketball,16
2026-10-06T15:38:14,Harvard,mens-squash,2026,mens-squash,13
2026-10-06T15:38:14,Cornell,mens-tennis,2026,mens-tennis,11
2026-10-06T15:38:14,Princeton,mens-rowing,2026,,0
2026-10-06T15:38:14,Penn,womens-cross-country,2026,womens-cross-country,20
2026-10-06T15:38:14,Harvard,mens-swimming-and-diving,2026,mens-swimming-and-diving,30
2026-10-06T15:38:14,Yale,mens-cross-country,2026,mens-cross-country,25
2026-10-06T15:38:15,Cornell,mens-track-and-field,2026,mens-track-and-field,51
2026-10-06T15:38:15,Columbia,mens-tennis,2026,mens-tennis,14
2026-10-06T15:38:15,Penn,field-hockey,2026,field-hockey,22
2026-10-06T15:38:15,Cornell,womens-basketball,2026,womens-basketball,16
2026-10-06T15:38:15,Yale,football,2026,football,93
2026-10-06T15:38:15,Dartmouth,mens-rowing,2026,mens-rowing,43
2026-10-06T15:38:15,Harvard,mens-tennis,2026,mens-tennis,13
2026-10-06T15:38:15,Cornell,womens-cross-country,2026,womens-cross-country,20
2026-10-06T15:38:15,Penn,womens-golf,2026,womens-golf,8
2026-10-06T15:38:15,Columbia,womens-basketball,2026,womens-basketball,15
2026-10-06T15:38:16,Brown,mens-soccer,2026,mens-soccer,29
2026-10-06T15:38:16,Cornell,equestrian,2026,equestrian,37
2026-10-06T15:38:16,Harvard,womens-basketball,2026,womens-basketball,18
2026-10-06T15:38:16,Penn,womens-lacrosse,2026,womens-lacrosse,34
2026-10-06T15:38:16,Princeton,rowing,2026,,0
2026-10-06T15:38:16,Cornell,field-hockey,2026,field-hockey,26
2026-10-06T15:38:16,Yale,mens-golf,2026,mens-golf,8
2026-10-06T15:38:16,Harvard,field-hockey,2026,field-hockey,20
2026-10-06T15:38:16,Cornell,womens-ice-hockey,2026,womens-ice-hockey,24
2026-10-06T15:38:16,Dartmouth,rowing,2026,rowing,25
2026-10-06T15:38:16,Brown,mens-squash,2026,mens-squash,14
2026-10-06T15:38:17,Cornell,womens-lacrosse,2026,womens-lacrosse,40
2026-10-06T15:38:17,Harvard,womens-golf,2026,womens-golf,9
2026-10-06T15:38:17,Cornell,womens-soccer,2026,womens-soccer,31
2026-10-06T15:38:17,Princeton,mens-soccer,2026,mens-soccer,28
2026-10-06T15:38:17,Columbia,field-hockey,2026,field-hockey,28
2026-10-06T15:38:17,Harvard,womens-ice-hockey,2026,womens-ice-hockey,24
2026-10-06T15:38:17,Yale,mens-ice-hockey,2026,mens-ice-hockey,29
2026-10-06T15:38:18,Dartmouth,sailing,2026,sailing,28
2026-10-06T15:38:18,Cornell,womens-squash,2026,womens-squash,14
2026-10-06T15:38:18,Brown,mens-swimming-and-diving,2026,mens-swimming-and-diving,35
2026-10-06T15:38:18,Harvard,womens-lacrosse,2026,womens-lacrosse,29
2026-10-06T15:38:18,Columbia,womens-golf,2026,womens-golf,12
2026-10-06T15:38:18,Princeton,mens-squash,2026,mens-squash,14
2026-10-06T15:38:18,Cornell,womens-swimming-and-diving,2026,womens-swimming-and-diving,31
2026-10-06T15:38:18,Brown,mens-tennis,2026,mens-tennis,13
2026-10-06T15:38:19,Cornell,womens-tennis,2026,womens-tennis,10
2026-10-06T15:38:19,Columbia,womens-lacrosse,2026,womens-lacrosse,31
2026-10-06T15:38:19,Princeton,mens-swimming-and-diving,2026,mens-swimming-and-diving,39
2026-10-06T15:38:19,Harvard,womens-rugby,2026,womens-rugby,27
2026-10-06T15:38:19,Cornell,womens-track-and-field,2026,womens-track-and-field,51
2026-10-06T15:38:19,Brown,mens-track-and-field,2026,mens-track-and-field,54
2026-10-06T15:38:20,Cornell,womens-volleyball,2026,womens-volleyball,18
2026-10-06T15:38:20,Columbia,womens-soccer,2026,womens-soccer,31
2026-10-06T15:38:20,Harvard,womens-soccer,2026,womens-soccer,24
2026-10-06T15:38:20,Princeton,mens-tennis,2026,mens-tennis,12
2026-10-06T15:38:20,Dartmouth,skiing,2026,skiing,42
2026-10-06T15:38:20,Brown,womens-basketball,2026,womens-basketball,18
2026-10-06T15:38:20,Cornell,womens-sailing,2026,womens-sailing,14
2026-10-06T15:38:20,Yale,mens-lacrosse,2026,mens-lacrosse,48
2026-10-06T15:38:20,Penn,womens-soccer,2026,womens-soccer,30
2026-10-06T15:38:20,Harvard,womens-squash,2026,womens-squash,12
2026-10-06T15:38:21,Columbia,womens-squash,2026,womens-squash,17
2026-10-06T15:38:21,Cornell,womens-rowing,2026,womens-rowing,54
2026-10-06T15:38:21,Penn,womens-squash,2026,womens-squash,14
2026-10-06T15:38:21,Brown,womens-cross-country,2026,womens-cross-country,25
2026-10-06T15:38:21,Harvard,womens-swimming-and-diving,2026,womens-swimming-and-diving,31
2026-10-06T15:38:21,Penn,womens-swimming-and-diving,2026,womens-swimming-and-diving,31
2026-10-06T15:38:21,Columbia,womens-swimming-and-diving,2026,womens-swimming-and-diving,34
2026-10-06T15:38:22,Brown,equestrian,2026,equestrian,21
2026-10-06T15:38:22,Penn,womens-tennis,2026,womens-tennis,10
2026-10-06T15:38:22,Harvard,womens-tennis,2026,womens-tennis,14
2026-10-06T15:38:22,Dartmouth,mens-soccer,2026,mens-soccer,28
2026-10-06T15:38:22,Harvard,womens-volleyball,2026,womens-volleyball,14
2026-10-06T15:38:22,Columbia,womens-tennis,2026,womens-tennis,15
2026-10-06T15:38:23,Yale,mens-rowing,2026,mens-crew,51
2026-10-06T15:38:23,Dartmouth,mens-squash,2026,mens-squash,12
2026-10-06T15:38:23,Princeton,mens-track-and-field,2026,mens-track-and-field,67
2026-10-06T15:38:23,Harvard,cross-country,2026,cross-country,37
2026-10-06T15:38:23,Columbia,womens-volleyball,2026,womens-volleyball,20
2026-10-06T15:38:23,Brown,field-hockey,2026,field-hockey,24
2026-10-06T15:38:23,Yale,rowing,2026,mens-rowing,33
2026-10-06T15:38:24,Dartmouth,mens-swimming-and-diving,2026,mens-swimming-and-diving,23
2026-10-06T15:38:24,Harvard,track-and-field,2026,mens-track-and-field,93
2026-10-06T15:38:24,Princeton,womens-basketball,2026,womens-basketball,15
2026-10-06T15:38:24,Columbia,cross-country,2026,cross-country,52
2026-10-06T15:38:24,Brown,womens-golf,2026,womens-golf,8
2026-10-06T15:38:24,Yale,sailing,2026,sailing,27
2026-10-06T15:38:25,Harvard,womens-rowing,2026,womens-heavyweight-rowing,35
2026-10-06T15:38:25,Dartmouth,mens-tennis,2026,mens-tennis,10
2026-10-06T15:38:25,Princeton,womens-cross-country,2026,womens-cross-country,24
2026-10-06T15:38:25,Brown,womens-ice-hockey,2026,womens-ice-hockey,27
2026-10-06T15:38:25,Harvard,womens-lightweight-rowing,2026,womens-lightweight-rowing,27
2026-10-06T15:38:26,Columbia,track-and-field,2026,track-and-field,112
2026-10-06T15:38:26,Brown,womens-lacrosse,2026,womens-lacrosse,31
2026-10-06T15:38:26,Princeton,field-hockey,2026,field-hockey,24
2026-10-06T15:38:26,Brown,womens-rugby,2026,womens-rugby,35
2026-10-06T15:38:27,Columbia,womens-rowing,2026,womens-rowing,45
2026-10-06T15:38:27,Penn,womens-track-and-field,2026,womens-track-and-field,57
2026-10-06T15:38:27,Dartmouth,mens-track-and-field,2026,mens-track-and-field,41
2026-10-06T15:38:27,Brown,womens-soccer,2026,womens-soccer,32
2026-10-06T15:38:27,Princeton,womens-golf,2026,womens-golf,10
2026-10-06T15:38:27,Yale,mens-soccer,2026,mens-soccer,28
2026-10-06T15:38:28,Penn,womens-volleyball,2026,womens-volleyball,18
2026-10-06T15:38:28,Penn,womens-rowing,2026,womens-rowing,34
2026-10-06T15:38:28,Brown,womens-squash,2026,womens-squash,17
2026-10-06T15:38:28,Dartmouth,womens-basketball,2026,womens-basketball,17
2026-10-06T15:38:28,Princeton,womens-ice-hockey,2026,womens-ice-hockey,23
2026-10-06T15:38:29,Princeton,womens-lacrosse,2026,womens-lacrosse,32
2026-10-06T15:38:29,Yale,mens-squash,2026,mens-squash,13
2026-10-06T15:38:29,Dartmouth,womens-cross-country,2026,womens-cross-country,21
2026-10-06T15:38:30,Brown,womens-swimming-and-diving,2026,womens-swimming-and-diving,30
2026-10-06T15:38:30,Princeton,womens-rugby,2026,womens-rugby,28
2026-10-06T15:38:30,Dartmouth,equestrian,2026,equestrian,11
2026-10-06T15:38:30,Brown,womens-tennis,2026,womens-tennis,14
2026-10-06T15:38:30,Yale,mens-swimming-and-diving,2026,mens-swimming-and-diving,29
2026-10-06T15:38:31,Princeton,womens-soccer,2026,womens-soccer,28
2026-10-06T15:38:31,Brown,womens-track-and-field,2026,womens-track-and-field,60
2026-10-06T15:38:32,Yale,mens-tennis,2026,mens-tennis,12
2026-10-06T15:38:32,Princeton,womens-squash,2026,womens-squash,14
2026-10-06T15:38:32,Dartmouth,field-hockey,2026,field-hockey,24
2026-10-06T15:38:33,Brown,womens-volleyball,2026,womens-volleyball,20
2026-10-06T15:38:33,Princeton,womens-swimming-and-diving,2026,womens-swimming-and-diving,30
2026-10-06T15:38:33,Dartmouth,womens-golf,2026,womens-golf,10
2026-10-06T15:38:33,Brown,womens-sailing,2026,womens-sailing,21
2026-10-06T15:38:34,Princeton,womens-tennis,2026,womens-tennis,11
2026-10-06T15:38:34,Dartmouth,womens-ice-hockey,2026,womens-ice-hockey,27
2026-10-06T15:38:34,Yale,mens-track-and-field,2026,mens-track-and-field,53
2026-10-06T15:38:34,Brown,womens-rowing,2026,womens-crew,44
2026-10-06T15:38:35,Yale,womens-basketball,2026,womens-basketball,19
2026-10-06T15:38:35,Dartmouth,womens-lacrosse,2026,womens-lacrosse,37
2026-10-06T15:38:36,Princeton,womens-track-and-field,2026,womens-track-and-field,59
2026-10-06T15:38:36,Dartmouth,womens-rugby,2026,womens-rugby,33
2026-10-06T15:38:37,Yale,womens-cross-country,2026,womens-cross-country,18
2026-10-06T15:38:37,Dartmouth,womens-soccer,2026,womens-soccer,29
2026-10-06T15:38:37,Princeton,womens-volleyball,2026,womens-volleyball,16
2026-10-06T15:38:38,Yale,field-hockey,2026,field-hockey,19
2026-10-06T15:38:38,Dartmouth,womens-squash,2026,womens-squash,13
2026-10-06T15:38:39,Princeton,womens-rowing,2026,,0
2026-10-06T15:38:39,Dartmouth,womens-swimming-and-diving,2026,womens-swimming-and-diving,29
2026-10-06T15:38:40,Dartmouth,womens-tennis,2026,womens-tennis,12
2026-10-06T15:38:40,Yale,womens-golf,2026,womens-golf,8
2026-10-06T15:38:42,Yale,womens-ice-hockey,2026,womens-ice-hockey,27
2026-10-06T15:38:43,Dartmouth,womens-track-and-field,2026,womens-track-and-field,44
2026-10-06T15:38:44,Yale,womens-lacrosse,2026,womens-lacrosse,33
2026-10-06T15:38:44,Dartmouth,womens-volleyball,2026,womens-volleyball,17
2026-10-06T15:38:45,Dartmouth,womens-rowing,2026,womens-rowing,53
2026-10-06T15:38:45,Yale,womens-soccer,2026,womens-soccer,26
2026-10-06T15:38:47,Yale,womens-squash,2026,womens-squash,8
2026-10-06T15:38:48,Yale,womens-swimming-and-diving,2026,womens-swimming-and-diving,29
2026-10-06T15:38:50,Yale,womens-tennis,2026,womens-tennis,10
2026-10-06T15:38:51,Yale,womens-track-and-field,2026,womens-track-and-field,49
2026-10-06T15:38:52,Yale,womens-volleyball,2026,womens-volleyball,17
2026-10-06T15:38:54,Yale,womens-sailing,2026,womens-sailing,15
2026-10-06T15:38:55,Yale,womens-rowing,2026,womens-crew,39
2026-10-06T15:43:44,Harvard,baseball,2026,baseball,30
2026-10-06T15:43:44,Penn,baseball,2026,baseball,37
2026-10-06T15:43:44,Yale,baseball,2026,baseball,30
2026-10-06T15:43:44,Columbia,baseball,2026,baseball,44
2026-10-06T15:43:44,Cornell,baseball,2026,baseball,40
2026-10-06T15:43:44,Penn,mens-basketball,2026,mens-basketball,20
2026-10-06T15:43:44,Harvard,mens-basketball,2026,mens-basketball,20
2026-10-06T15:43:45,Brown,baseball,2026,baseball,38
2026-10-06T15:43:45,Yale,mens-basketball,2026,mens-basketball,15
2026-10-06T15:43:45,Princeton,baseball,2026,baseball,25
2026-10-06T15:43:45,Dartmouth,baseball,2026,,0
2026-10-06T15:43:45,Cornell,mens-basketball,2026,mens-basketball,19
2026-10-06T15:43:45,Penn,mens-cross-country,2026,mens-cross-country,17
2026-10-06T15:43:45,Columbia,mens-basketball,2026,mens-basketball,19
2026-10-06T15:43:45,Yale,mens-cross-country,2026,mens-cross-country,25
2026-10-06T15:43:45,Harvard,football,2016,football,108
2026-10-06T15:43:45,Cornell,mens-cross-country,2026,mens-cross-country,24
2026-10-06T15:43:45,Brown,mens-basketball,2026,mens-basketball,19
2026-10-06T15:43:46,Dartmouth,mens-basketball,2026,mens-basketball,15
2026-10-06T15:43:46,Princeton,mens-basketball,2026,mens-basketball,21
2026-10-06T15:43:46,Penn,football,2016,football,107
2026-10-06T15:43:46,Harvard,mens-golf,2026,mens-golf,8
2026-10-06T15:43:46,Cornell,football,2016,football,114
2026-10-06T15:43:46,Harvard,mens-ice-hockey,2026,mens-ice-hockey,29
2026-10-06T15:43:46,Penn,mens-golf,2026,mens-golf,9
2026-10-06T15:43:46,Dartmouth,mens-cross-country,2026,mens-cross-country,13
2026-10-06T15:43:46,Cornell,mens-golf,2026,mens-golf,8
2026-10-06T15:43:46,Brown,mens-cross-country,2026,mens-cross-country,21
2026-10-06T15:43:47,Penn,mens-lacrosse,2026,mens-lacrosse,31
2026-10-06T15:43:47,Princeton,mens-cross-country,2026,mens-cross-country,25
2026-10-06T15:43:47,Harvard,mens-lacrosse,2026,mens-lacrosse,49
2026-10-06T15:43:47,Cornell,mens-ice-hockey,2026,mens-ice-hockey,31
2026-10-06T15:43:47,Penn,mens-rowing,2026,mens-rowing,38
2026-10-06T15:43:47,Harvard,mens-rowing,2026,mens-heavyweight-rowing,43
2026-10-06T15:43:48,Columbia,football,2016,football,114
2026-10-06T15:43:48,Cornell,mens-lacrosse,2026,mens-lacrosse,52
2026-10-06T15:43:48,Penn,mens-soccer,2026,mens-soccer,32
2026-10-06T15:43:48,Harvard,rowing,2026,mens-lightweight-rowing,35
2026-10-06T15:43:48,Yale,football,2016,football,34
2026-10-06T15:44:01,Yale,baseball,2026,baseball,30
2026-10-06T15:44:01,Harvard,baseball,2026,baseball,30
2026-10-06T15:44:01,Columbia,baseball,2026,baseball,44
2026-10-06T15:44:01,Princeton,baseball,2026,baseball,25
2026-10-06T15:44:01,Cornell,baseball,2026,baseball,40
2026-10-06T15:44:01,Dartmouth,baseball,2026,,0
2026-10-06T15:44:01,Penn,baseball,2026,baseball,37
2026-10-06T15:44:01,Brown,baseball,2026,baseball,38
2026-10-06T15:44:01,Yale,mens-basketball,2026,mens-basketball,15
2026-10-06T15:44:01,Columbia,mens-basketball,2026,mens-basketball,19
2026-10-06T15:44:01,Harvard,mens-basketball,2026,mens-basketball,20
2026-10-06T15:44:01,Cornell,mens-basketball,2026,mens-basketball,19
2026-10-06T15:44:01,Penn,mens-basketball,2026,mens-basketball,20
2026-10-06T15:44:02,Cornell,mens-cross-country,2026,mens-cross-country,24
2026-10-06T15:44:02,Yale,mens-cross-country,2026,mens-cross-country,25
2026-10-06T15:44:02,Dartmouth,mens-basketball,2026,mens-basketball,15
2026-10-06T15:44:02,Brown,mens-basketball,2026,mens-basketball,19
2026-10-06T15:44:02,Harvard,football,2016,football,108
2026-10-06T15:44:02,Penn,mens-cross-country,2026,mens-cross-country,17
2026-10-06T15:44:02,Princeton,mens-basketball,2026,mens-basketball,21
2026-10-06T15:44:02,Yale,football,2016,football,34
2026-10-06T15:44:02,Columbia,football,2016,football,114
2026-10-06T15:44:02,Dartmouth,mens-cross-country,2026,mens-cross-country,13
2026-10-06T15:44:03,Brown,mens-cross-country,2026,mens-cross-country,21
2026-10-06T15:44:03,Harvard,mens-golf,2026,mens-golf,8
2026-10-06T15:44:03,Cornell,football,2016,football,114
2026-10-06T15:44:03,Penn,football,2016,football,107
2026-10-06T15:44:03,Yale,mens-golf,2026,mens-golf,8
2026-10-06T15:44:03,Princeton,mens-cross-country,2026,mens-cross-country,25
2026-10-06T15:44:03,Columbia,mens-golf,2026,mens-golf,10
2026-10-06T15:44:03,Cornell,mens-golf,2026,mens-golf,8
2026-10-06T15:44:03,Penn,mens-golf,2026,mens-golf,9
2026-10-06T15:44:03,Harvard,mens-ice-hockey,2026,mens-ice-hockey,29
2026-10-06T15:44:03,Yale,mens-ice-hockey,2026,mens-ice-hockey,29
2026-10-06T15:44:04,Dartmouth,football,2016,football,122
2026-10-06T15:44:04,Brown,football,2016,football,113
2026-10-06T15:44:04,Penn,mens-lacrosse,2026,mens-lacrosse,31
2026-10-06T15:44:04,Cornell,mens-ice-hockey,2026,mens-ice-hockey,31
2026-10-06T15:44:04,Harvard,mens-lacrosse,2026,mens-lacrosse,49
2026-10-06T15:44:04,Columbia,mens-rowing,2026,mens-rowing,38
2026-10-06T15:44:04,Yale,mens-lacrosse,2026,mens-lacrosse,48
2026-10-06T15:44:04,Cornell,mens-lacrosse,2026,mens-lacrosse,52
2026-10-06T15:44:05,Penn,mens-rowing,2026,mens-rowing,38
2026-10-06T15:44:05,Harvard,mens-rowing,2026,mens-heavyweight-rowing,43
2026-10-06T15:44:05,Brown,mens-golf,2026,mens-golf,12
2026-10-06T15:44:05,Yale,mens-rowing,2026,mens-crew,51
2026-10-06T15:44:05,Cornell,mens-rowing,2026,mens-rowing,29
2026-10-06T15:44:05,Dartmouth,mens-golf,2026,mens-golf,8
2026-10-06T15:44:05,Harvard,rowing,2026,mens-lightweight-rowing,35
2026-10-06T15:44:05,Columbia,rowing,2026,lightweight-rowing,36
2026-10-06T15:44:05,Penn,mens-soccer,2026,mens-soccer,32
2026-10-06T15:44:05,Yale,rowing,2026,mens-rowing,33
2026-10-06T15:44:05,Cornell,mens-soccer,2026,mens-soccer,30
2026-10-06T15:44:05,Brown,mens-ice-hockey,2026,mens-ice-hockey,29
2026-10-06T15:44:05,Harvard,sailing,2026,mens-sailing,36
2026-10-06T15:44:06,Penn,mens-squash,2026,mens-squash,16
2026-10-06T15:44:06,Yale,sailing,2026,sailing,27
2026-10-06T15:44:06,Princeton,football,2016,football,121
2026-10-06T15:44:06,Cornell,mens-squash,2026,mens-squash,14
2026-10-06T15:44:06,Cornell,mens-swimming-and-diving,2026,mens-swimming-and-diving,34
2026-10-06T15:44:06,Yale,mens-soccer,2026,mens-soccer,28
2026-10-06T15:44:06,Harvard,skiing,2026,skiing,21
2026-10-06T15:44:06,Dartmouth,mens-ice-hockey,2026,mens-ice-hockey,31
2026-10-06T15:44:07,Brown,mens-lacrosse,2026,mens-lacrosse,52
2026-10-06T15:44:07,Cornell,mens-tennis,2026,mens-tennis,11
2026-10-06T15:44:07,Yale,mens-squash,2026,mens-squash,13
2026-10-06T15:44:07,Princeton,mens-golf,2026,mens-golf,11
2026-10-06T15:44:07,Columbia,mens-soccer,2026,mens-soccer,27
2026-10-06T15:44:07,Harvard,mens-soccer,2026,mens-soccer,29
2026-10-06T15:44:07,Yale,mens-swimming-and-diving,2026,mens-swimming-and-diving,29
2026-10-06T15:44:07,Cornell,mens-track-and-field,2026,mens-track-and-field,51
2026-10-06T15:44:07,Harvard,mens-squash,2026,mens-squash,13
2026-10-06T15:44:07,Yale,mens-tennis,2026,mens-tennis,12
2026-10-06T15:44:07,Brown,mens-rowing,2026,mens-crew,49
2026-10-06T15:44:08,Dartmouth,mens-lacrosse,2026,,0
2026-10-06T15:44:08,Columbia,mens-squash,2026,mens-squash,17
2026-10-06T15:44:08,Cornell,womens-basketball,2026,womens-basketball,16
2026-10-06T15:44:08,Harvard,mens-swimming-and-diving,2026,mens-swimming-and-diving,30
2026-10-06T15:44:08,Princeton,mens-ice-hockey,2026,mens-ice-hockey,29
2026-10-06T15:44:08,Cornell,womens-cross-country,2026,womens-cross-country,20
2026-10-06T15:44:08,Yale,mens-track-and-field,2026,mens-track-and-field,53
2026-10-06T15:44:08,Harvard,mens-tennis,2026,mens-tennis,13
2026-10-06T15:44:08,Yale,womens-basketball,2026,womens-basketball,19
2026-10-06T15:44:08,Cornell,equestrian,2026,equestrian,37
2026-10-06T15:44:08,Brown,sailing,2026,coed-sailing,31
2026-10-06T15:44:09,Harvard,womens-basketball,2026,womens-basketball,18
2026-10-06T15:44:09,Dartmouth,mens-rowing,2026,mens-rowing,43
2026-10-06T15:44:09,Columbia,mens-swimming-and-diving,2026,mens-swimming-and-diving,37
2026-10-06T15:44:09,Yale,womens-cross-country,2026,womens-cross-country,18
2026-10-06T15:44:09,Cornell,field-hockey,2026,field-hockey,26
2026-10-06T15:44:09,Harvard,field-hockey,2026,field-hockey,20
2026-10-06T15:44:09,Princeton,mens-lacrosse,2026,mens-lacrosse,54
2026-10-06T15:44:09,Yale,field-hockey,2026,field-hockey,19
2026-10-06T15:44:09,Penn,mens-swimming-and-diving,2026,mens-swimming-and-diving,28
2026-10-06T15:44:09,Harvard,womens-golf,2026,womens-golf,9
2026-10-06T15:44:09,Cornell,womens-ice-hockey,2026,womens-ice-hockey,24
2026-10-06T15:44:09,Yale,womens-golf,2026,womens-golf,8
2026-10-06T15:44:09,Penn,mens-tennis,2026,mens-tennis,12
2026-10-06T15:44:10,Columbia,mens-tennis,2026,mens-tennis,14
2026-10-06T15:44:10,Harvard,womens-ice-hockey,2026,womens-ice-hockey,24
2026-10-06T15:44:10,Cornell,womens-lacrosse,2026,womens-lacrosse,40
2026-10-06T15:44:10,Yale,womens-ice-hockey,2026,womens-ice-hockey,27
2026-10-06T15:44:10,Penn,mens-track-and-field,2026,mens-track-and-field,51
2026-10-06T15:44:10,Harvard,womens-lacrosse,2026,womens-lacrosse,29
2026-10-06T15:44:10,Dartmouth,rowing,2026,rowing,25
2026-10-06T15:44:10,Cornell,womens-soccer,2026,womens-soccer,31
2026-10-06T15:44:10,Brown,mens-soccer,2026,mens-soccer,29
2026-10-06T15:44:10,Yale,womens-lacrosse,2026,womens-lacrosse,33
2026-10-06T15:44:10,Harvard,womens-rugby,2026,womens-rugby,27
2026-10-06T15:44:11,Cornell,womens-squash,2026,womens-squash,14
2026-10-06T15:44:11,Columbia,womens-basketball,2026,womens-basketball,15
2026-10-06T15:44:11,Penn,womens-basketball,2026,womens-basketball,16
2026-10-06T15:44:11,Yale,womens-soccer,2026,womens-soccer,26
2026-10-06T15:44:11,Harvard,womens-soccer,2026,womens-soccer,24
2026-10-06T15:44:11,Cornell,womens-swimming-and-diving,2026,womens-swimming-and-diving,31
2026-10-06T15:44:11,Penn,womens-cross-country,2026,womens-cross-country,20
2026-10-06T15:44:11,Brown,mens-squash,2026,mens-squash,14
2026-10-06T15:44:11,Yale,womens-squash,2026,womens-squash,8
2026-10-06T15:44:11,Harvard,womens-squash,2026,womens-squash,12
2026-10-06T15:44:11,Penn,field-hockey,2026,field-hockey,22
2026-10-06T15:44:11,Yale,womens-swimming-and-diving,2026,womens-swimming-and-diving,29
2026-10-06T15:44:11,Princeton,mens-rowing,2026,,0
2026-10-06T15:44:11,Cornell,womens-tennis,2026,womens-tennis,10
2026-10-06T15:44:12,Harvard,womens-swimming-and-diving,2026,womens-swimming-and-diving,31
2026-10-06T15:44:12,Penn,womens-golf,2026,womens-golf,8
2026-10-06T15:44:12,Yale,womens-tennis,2026,womens-tennis,10
2026-10-06T15:44:12,Dartmouth,sailing,2026,sailing,28
2026-10-06T15:44:12,Cornell,womens-track-and-field,2026,womens-track-and-field,51
2026-10-06T15:44:12,Brown,mens-swimming-and-diving,2026,mens-swimming-and-diving,35
2026-10-06T15:44:12,Columbia,field-hockey,2026,field-hockey,28
2026-10-06T15:44:12,Harvard,womens-tennis,2026,womens-tennis,14
2026-10-06T15:44:12,Penn,womens-lacrosse,2026,womens-lacrosse,34
2026-10-06T15:44:12,Yale,womens-track-and-field,2026,womens-track-and-field,49
2026-10-06T15:44:12,Cornell,womens-volleyball,2026,womens-volleyball,18
2026-10-06T15:44:12,Harvard,womens-volleyball,2026,womens-volleyball,14
2026-10-06T15:44:13,Cornell,womens-sailing,2026,womens-sailing,14
2026-10-06T15:44:13,Penn,womens-soccer,2026,womens-soccer,30
2026-10-06T15:44:13,Yale,womens-volleyball,2026,womens-volleyball,17
2026-10-06T15:44:13,Harvard,cross-country,2026,cross-country,37
2026-10-06T15:44:13,Brown,mens-tennis,2026,mens-tennis,13
2026-10-06T15:44:13,Cornell,womens-rowing,2026,womens-rowing,54
2026-10-06T15:44:13,Penn,womens-squash,2026,womens-squash,14
2026-10-06T15:44:13,Yale,womens-sailing,2026,womens-sailing,15
2026-10-06T15:44:13,Columbia,womens-golf,2026,womens-golf,12
2026-10-06T15:44:13,Harvard,track-and-field,2026,mens-track-and-field,93
2026-10-06T15:44:13,Princeton,rowing,2026,,0
2026-10-06T15:44:13,Yale,womens-rowing,2026,womens-crew,39
2026-10-06T15:44:14,Penn,womens-swimming-and-diving,2026,womens-swimming-and-diving,31
2026-10-06T15:44:14,Cornell,football,2017,football,119
2026-10-06T15:44:14,Harvard,womens-rowing,2026,womens-heavyweight-rowing,35
2026-10-06T15:44:14,Brown,mens-track-and-field,2026,mens-track-and-field,54
2026-10-06T15:44:14,Columbia,womens-lacrosse,2026,womens-lacrosse,31
2026-10-06T15:44:14,Yale,football,2017,football,116
2026-10-06T15:44:14,Harvard,womens-lightweight-rowing,2026,womens-lightweight-rowing,27
2026-10-06T15:44:14,Penn,womens-tennis,2026,womens-tennis,10
2026-10-06T15:44:14,Cornell,football,2018,football,118
2026-10-06T15:44:15,Yale,football,2018,football,110
2026-10-06T15:44:15,Columbia,womens-soccer,2026,womens-soccer,31
2026-10-06T15:44:15,Brown,womens-basketball,2026,womens-basketball,18
2026-10-06T15:44:15,Cornell,football,2019,football,116
2026-10-06T15:44:15,Harvard,football,2017,football,110
2026-10-06T15:44:15,Penn,womens-track-and-field,2026,womens-track-and-field,57
2026-10-06T15:44:16,Dartmouth,skiing,2026,skiing,42
2026-10-06T15:44:16,Princeton,mens-soccer,2026,mens-soccer,28
2026-10-06T15:44:16,Columbia,womens-squash,2026,womens-squash,17
2026-10-06T15:44:16,Cornell,football,2020,football,109
2026-10-06T15:44:16,Brown,womens-cross-country,2026,womens-cross-country,25
2026-10-06T15:44:16,Penn,womens-volleyball,2026,womens-volleyball,18
2026-10-06T15:44:16,Harvard,football,2018,football,109
2026-10-06T15:44:17,Penn,womens-rowing,2026,womens-rowing,34
2026-10-06T15:44:17,Columbia,womens-swimming-and-diving,2026,womens-swimming-and-diving,34
2026-10-06T15:44:17,Cornell,football,2021,football,134
2026-10-06T15:44:17,Brown,equestrian,2026,equestrian,21
2026-10-06T15:44:17,Princeton,mens-squash,2026,mens-squash,14
2026-10-06T15:44:17,Dartmouth,mens-soccer,2026,mens-soccer,28
2026-10-06T15:44:17,Harvard,football,2019,football,105
2026-10-06T15:44:17,Penn,football,2017,football,102
2026-10-06T15:44:18,Cornell,football,2022,football,105
2026-10-06T15:44:18,Penn,football,2018,football,107
2026-10-06T15:44:18,Columbia,womens-tennis,2026,womens-tennis,15
2026-10-06T15:44:18,Dartmouth,mens-squash,2026,mens-squash,12
2026-10-06T15:44:18,Princeton,mens-swimming-and-diving,2026,mens-swimming-and-diving,39
2026-10-06T15:44:18,Harvard,football,2020,football,112
2026-10-06T15:44:19,Cornell,football,2023,football,115
2026-10-06T15:44:19,Yale,football,2019,football,109
2026-10-06T15:44:19,Brown,field-hockey,2026,field-hockey,24
2026-10-06T15:44:19,Penn,football,2019,football,110
2026-10-06T15:44:19,Columbia,womens-volleyball,2026,womens-volleyball,20
2026-10-06T15:44:19,Dartmouth,mens-swimming-and-diving,2026,mens-swimming-and-diving,23
2026-10-06T15:44:19,Princeton,mens-tennis,2026,mens-tennis,12
2026-10-06T15:44:20,Yale,football,2020,football,66
2026-10-06T15:44:20,Cornell,football,2024,football,108
2026-10-06T15:44:20,Brown,womens-golf,2026,womens-golf,8
2026-10-06T15:44:20,Harvard,football,2021,football,134
2026-10-06T15:44:20,Dartmouth,mens-tennis,2026,mens-tennis,10
2026-10-06T15:44:20,Penn,football,2020,football,108
2026-10-06T15:44:20,Columbia,cross-country,2026,cross-country,52
2026-10-06T15:44:20,Yale,football,2021,football,121
2026-10-06T15:44:21,Penn,football,2021,football,115
2026-10-06T15:44:21,Cornell,football,2025,football,122
2026-10-06T15:44:21,Harvard,football,2022,football,121
2026-10-06T15:44:21,Brown,womens-ice-hockey,2026,womens-ice-hockey,27
2026-10-06T15:44:21,Yale,football,2022,football,112
2026-10-06T15:44:22,Princeton,mens-track-and-field,2026,mens-track-and-field,67
2026-10-06T15:44:22,Penn,football,2022,football,112
2026-10-06T15:44:22,Cornell,football,2026,football,119
2026-10-06T15:44:22,Columbia,track-and-field,2026,track-and-field,112
2026-10-06T15:44:22,Brown,womens-lacrosse,2026,womens-lacrosse,31
2026-10-06T15:44:23,Dartmouth,mens-track-and-field,2026,mens-track-and-field,41
2026-10-06T15:44:23,Yale,football,2023,football,120
2026-10-06T15:44:23,Harvard,football,2023,football,111
2026-10-06T15:44:23,Princeton,womens-basketball,2026,womens-basketball,15
2026-10-06T15:44:23,Penn,football,2023,football,115
2026-10-06T15:44:23,Brown,womens-rugby,2026,womens-rugby,35
2026-10-06T15:44:23,Columbia,womens-rowing,2026,womens-rowing,45
2026-10-06T15:44:23,Yale,football,2024,football,119
2026-10-06T15:44:24,Penn,football,2024,football,111
2026-10-06T15:44:24,Harvard,football,2024,football,111
2026-10-06T15:44:24,Dartmouth,womens-basketball,2026,womens-basketball,17
2026-10-06T15:44:24,Princeton,womens-cross-country,2026,womens-cross-country,24
2026-10-06T15:44:24,Penn,football,2025,football,103
2026-10-06T15:44:24,Brown,womens-soccer,2026,womens-soccer,32
2026-10-06T15:44:25,Yale,football,2025,football,102
2026-10-06T15:44:25,Harvard,football,2025,football,105
2026-10-06T15:44:25,Penn,football,2026,football,93
2026-10-06T15:44:25,Yale,football,2026,football,93
2026-10-06T15:44:25,Brown,womens-squash,2026,womens-squash,17
2026-10-06T15:44:25,Dartmouth,womens-cross-country,2026,womens-cross-country,21
2026-10-06T15:44:25,Harvard,football,2026,football,109
2026-10-06T15:44:26,Princeton,field-hockey,2026,field-hockey,24
2026-10-06T15:44:26,Columbia,football,2017,football,114
2026-10-06T15:44:26,Brown,womens-swimming-and-diving,2026,womens-swimming-and-diving,30
2026-10-06T15:44:26,Dartmouth,equestrian,2026,equestrian,11
2026-10-06T15:44:27,Princeton,womens-golf,2026,womens-golf,10
2026-10-06T15:44:27,Brown,womens-tennis,2026,womens-tennis,14
2026-10-06T15:44:28,Columbia,football,2018,football,117
2026-10-06T15:44:28,Brown,womens-track-and-field,2026,womens-track-and-field,60
2026-10-06T15:44:28,Dartmouth,field-hockey,2026,field-hockey,24
2026-10-06T15:44:28,Princeton,womens-ice-hockey,2026,womens-ice-hockey,23
2026-10-06T15:44:29,Brown,womens-volleyball,2026,womens-volleyball,20
2026-10-06T15:44:29,Dartmouth,womens-golf,2026,womens-golf,10
2026-10-06T15:44:29,Princeton,womens-lacrosse,2026,womens-lacrosse,32
2026-10-06T15:44:30,Brown,womens-sailing,2026,womens-sailing,21
2026-10-06T15:44:30,Dartmouth,womens-ice-hockey,2026,womens-ice-hockey,27
2026-10-06T15:44:30,Columbia,football,2019,football,123
2026-10-06T15:44:31,Princeton,womens-rugby,2026,womens-rugby,28
2026-10-06T15:44:31,Brown,womens-rowing,2026,womens-crew,44
2026-10-06T15:44:31,Dartmouth,womens-lacrosse,2026,womens-lacrosse,37
2026-10-06T15:44:31,Princeton,womens-soccer,2026,womens-soccer,28
2026-10-06T15:44:32,Dartmouth,womens-rugby,2026,womens-rugby,33
2026-10-06T15:44:32,Princeton,womens-squash,2026,womens-squash,14
2026-10-06T15:44:33,Columbia,football,2020,football,115
2026-10-06T15:44:33,Dartmouth,womens-soccer,2026,womens-soccer,29
2026-10-06T15:44:33,Brown,football,2017,football,118
2026-10-06T15:44:33,Princeton,womens-swimming-and-diving,2026,womens-swimming-and-diving,30
2026-10-06T15:44:34,Princeton,womens-tennis,2026,womens-tennis,11
2026-10-06T15:44:34,Dartmouth,womens-squash,2026,womens-squash,13
2026-10-06T15:44:35,Brown,football,2018,football,89
2026-10-06T15:44:35,Columbia,football,2021,football,128
2026-10-06T15:44:35,Dartmouth,womens-swimming-and-diving,2026,womens-swimming-and-diving,29
2026-10-06T15:44:36,Princeton,womens-track-and-field,2026,womens-track-and-field,59
2026-10-06T15:44:37,Dartmouth,womens-tennis,2026,womens-tennis,12
2026-10-06T15:44:37,Brown,football,2019,football,90
2026-10-06T15:44:37,Columbia,football,2022,football,115
2026-10-06T15:44:38,Princeton,womens-volleyball,2026,womens-volleyball,16
2026-10-06T15:44:39,Brown,football,2020,football,101
2026-10-06T15:44:39,Dartmouth,womens-track-and-field,2026,womens-track-and-field,44
2026-10-06T15:44:40,Columbia,football,2023,football,112
2026-10-06T15:44:40,Princeton,womens-rowing,2026,,0
2026-10-06T15:44:41,Dartmouth,womens-volleyball,2026,womens-volleyball,17
2026-10-06T15:44:41,Columbia,football,2024,football,112
2026-10-06T15:44:42,Dartmouth,womens-rowing,2026,womens-rowing,53
2026-10-06T15:44:43,Princeton,football,2017,football,110
2026-10-06T15:44:44,Brown,football,2021,football,113
2026-10-06T15:44:44,Columbia,football,2025,football,108
2026-10-06T15:44:45,Dartmouth,football,2017,football,120
2026-10-06T15:44:46,Princeton,football,2018,football,119
2026-10-06T15:44:46,Columbia,football,2026,football,108
2026-10-06T15:44:46,Brown,football,2022,football,115
2026-10-06T15:44:47,Dartmouth,football,2018,football,118
2026-10-06T15:44:48,Princeton,football,2019,football,110
2026-10-06T15:44:48,Brown,football,2023,football,116
2026-10-06T15:44:50,Dartmouth,football,2019,football,111
2026-10-06T15:44:50,Princeton,football,2020,football,86
2026-10-06T15:44:50,Brown,football,2024,football,113
2026-10-06T15:44:52,Princeton,football,2021,football,130
2026-10-06T15:44:53,Dartmouth,football,2020,football,114
2026-10-06T15:44:53,Brown,football,2025,football,107
2026-10-06T15:44:55,Brown,football,2026,football,107
2026-10-06T15:44:55,Dartmouth,football,2021,football,129
2026-10-06T15:44:55,Princeton,football,2022,football,124
2026-10-06T15:44:57,Princeton,football,2023,football,109
2026-10-06T15:44:58,Dartmouth,football,2022,football,120
2026-10-06T15:45:00,Princeton,football,2024,football,121
2026-10-06T15:45:01,Dartmouth,football,2023,football,110
2026-10-06T15:45:02,Princeton,football,2025,football,113
2026-10-06T15:45:04,Dartmouth,football,2024,football,109
2026-10-06T15:45:04,Princeton,football,2026,football,110
2026-10-06T15:45:06,Dartmouth,football,2025,football,105
2026-10-06T15:45:10,Dartmouth,football,2026,football,106
2026-10-07T10:02:52,Harvard,baseball,2026,baseball,30
2026-10-07T10:02:52,Yale,baseball,2026,baseball,31
2026-10-07T10:02:52,Penn,baseball,2026,baseball,37
2026-10-07T10:02:52,Cornell,baseball,2026,baseball,40
2026-10-07T10:02:53,Princeton,baseball,2026,baseball,25
2026-10-07T10:02:53,Columbia,baseball,2026,baseball,44
2026-10-07T10:02:53,Cornell,mens-basketball,2026,mens-basketball,19
2026-10-07T10:02:53,Harvard,mens-basketball,2026,mens-basketball,20
2026-10-07T10:02:53,Penn,mens-basketball,2026,mens-basketball,19
2026-10-07T10:02:53,Dartmouth,baseball,2026,,0
2026-10-07T10:02:53,Princeton,mens-basketball,2026,mens-basketball,21
2026-10-07T10:02:54,Harvard,football,2016,football,108
2026-10-07T10:02:54,Columbia,mens-basketball,2026,mens-basketball,19
2026-10-07T10:02:54,Cornell,mens-cross-country,2016,mens-cross-country,27
2026-10-07T10:02:54,Dartmouth,mens-basketball,2026,mens-basketball,15
2026-10-07T10:02:55,Cornell,football,2016,football,114
2026-10-07T10:02:55,Princeton,mens-cross-country,2016,mens-cross-country,26
2026-10-07T10:02:55,Harvard,mens-golf,2016,mens-golf,8
2026-10-07T10:02:55,Dartmouth,mens-cross-country,2016,mens-cross-country,25
2026-10-07T10:02:55,Cornell,mens-golf,2016,mens-golf,10
2026-10-07T10:02:55,Yale,mens-basketball,2026,mens-basketball,15
2026-10-07T10:02:56,Cornell,mens-ice-hockey,2026,mens-ice-hockey,31
2026-10-07T10:02:56,Harvard,mens-ice-hockey,2026,mens-ice-hockey,29
2026-10-07T10:02:56,Cornell,mens-lacrosse,2026,mens-lacrosse,52
2026-10-07T10:02:56,Columbia,football,2016,football,114
2026-10-07T10:02:57,Harvard,mens-lacrosse,2026,mens-lacrosse,49
2026-10-07T10:02:57,Cornell,mens-rowing,2016,mens-rowing,46
2026-10-07T10:02:57,Penn,mens-cross-country,2016,mens-cross-country,26
2026-10-07T10:02:57,Dartmouth,football,2016,football,122
2026-10-07T10:02:57,Cornell,mens-soccer,2016,mens-soccer,31
2026-10-07T10:02:57,Princeton,football,2016,football,121
2026-10-07T10:02:57,Harvard,mens-rowing,2016,mens-heavyweight-rowing,51
2026-10-07T10:02:58,Cornell,mens-squash,2026,mens-squash,14
2026-10-07T10:02:58,Dartmouth,mens-golf,2016,mens-golf,10
2026-10-07T10:02:58,Harvard,rowing,2026,mens-lightweight-rowing,35
2026-10-07T10:02:58,Cornell,mens-swimming-and-diving,2026,mens-swimming-and-diving,34
2026-10-07T10:02:59,Harvard,sailing,2026,mens-sailing,36
2026-10-07T10:02:59,Cornell,mens-tennis,2016,mens-tennis,16
2026-10-07T10:02:59,Dartmouth,mens-ice-hockey,2026,mens-ice-hockey,31
2026-10-07T10:02:59,Princeton,mens-golf,2016,mens-golf,8
2026-10-07T10:02:59,Yale,mens-cross-country,2016,mens-cross-country,25
2026-10-07T10:02:59,Cornell,mens-track-and-field,2016,mens-track-and-field,76
2026-10-07T10:03:00,Harvard,skiing,2026,skiing,21
2026-10-07T10:03:00,Columbia,mens-golf,2016,mens-golf,11
2026-10-07T10:03:00,Yale,football,2016,football,34
2026-10-07T10:03:00,Cornell,womens-basketball,2026,womens-basketball,16
2026-10-07T10:03:00,Princeton,mens-ice-hockey,2026,mens-ice-hockey,29
2026-10-07T10:03:00,Harvard,mens-soccer,2016,mens-soccer,27
2026-10-07T10:03:00,Dartmouth,mens-lacrosse,2026,,0
2026-10-07T10:03:00,Cornell,womens-cross-country,2026,womens-cross-country,20
2026-10-07T10:03:01,Harvard,mens-squash,2026,mens-squash,13
2026-10-07T10:03:01,Cornell,equestrian,2026,equestrian,37
2026-10-07T10:03:01,Princeton,mens-lacrosse,2026,mens-lacrosse,54
2026-10-07T10:03:01,Dartmouth,mens-rowing,2016,mens-rowing,39
2026-10-07T10:03:01,Cornell,field-hockey,2026,field-hockey,26
2026-10-07T10:03:01,Harvard,mens-swimming-and-diving,2026,mens-swimming-and-diving,30
2026-10-07T10:03:02,Cornell,womens-ice-hockey,2026,womens-ice-hockey,24
2026-10-07T10:03:02,Cornell,womens-lacrosse,2026,womens-lacrosse,40
2026-10-07T10:03:02,Harvard,mens-tennis,2016,mens-tennis,12
2026-10-07T10:03:02,Dartmouth,rowing,2026,rowing,25
2026-10-07T10:03:03,Cornell,womens-soccer,2026,womens-soccer,31
2026-10-07T10:03:03,Harvard,womens-basketball,2026,womens-basketball,18
2026-10-07T10:03:03,Dartmouth,sailing,2026,sailing,28
2026-10-07T10:03:03,Cornell,womens-squash,2026,womens-squash,14
2026-10-07T10:03:03,Harvard,field-hockey,2026,field-hockey,20
2026-10-07T10:03:03,Princeton,mens-rowing,2016,mens-rowing,51
2026-10-07T10:03:04,Cornell,womens-swimming-and-diving,2026,womens-swimming-and-diving,31
2026-10-07T10:03:04,Harvard,womens-golf,2026,womens-golf,9
2026-10-07T10:03:04,Cornell,womens-tennis,2026,womens-tennis,10
2026-10-07T10:03:04,Columbia,mens-rowing,2016,mens-rowing,33
2026-10-07T10:03:04,Penn,football,2016,football,107
2026-10-07T10:03:04,Cornell,womens-track-and-field,2026,womens-track-and-field,51
2026-10-07T10:03:05,Harvard,womens-ice-hockey,2026,womens-ice-hockey,24
2026-10-07T10:03:05,Columbia,rowing,2026,lightweight-rowing,36
2026-10-07T10:03:05,Cornell,womens-volleyball,2016,womens-volleyball,20
2026-10-07T10:03:05,Princeton,rowing,2026,,0
2026-10-07T10:03:05,Harvard,womens-lacrosse,2026,womens-lacrosse,29
2026-10-07T10:03:05,Cornell,womens-sailing,2026,womens-sailing,14
2026-10-07T10:03:06,Harvard,womens-rugby,2026,womens-rugby,27
2026-10-07T10:03:06,Yale,mens-golf,2016,mens-golf,8
2026-10-07T10:03:06,Brown,baseball,2026,baseball,38
2026-10-07T10:03:06,Cornell,womens-rowing,2026,womens-rowing,54
2026-10-07T10:03:06,Cornell,mens-cross-country,2017,mens-cross-country,31
2026-10-07T10:03:06,Yale,mens-ice-hockey,2026,mens-ice-hockey,29
2026-10-07T10:03:06,Harvard,womens-soccer,2026,womens-soccer,24
2026-10-07T10:03:07,Brown,mens-basketball,2026,mens-basketball,19
2026-10-07T10:03:07,Princeton,mens-soccer,2016,mens-soccer,29
2026-10-07T10:03:07,Cornell,football,2017,football,119
2026-10-07T10:03:07,Yale,mens-lacrosse,2026,mens-lacrosse,48
2026-10-07T10:03:07,Harvard,womens-squash,2026,womens-squash,12
2026-10-07T10:03:07,Dartmouth,skiing,2026,skiing,42
2026-10-07T10:03:07,Cornell,mens-golf,2017,mens-golf,9
2026-10-07T10:03:08,Cornell,mens-rowing,2017,mens-rowing,45
2026-10-07T10:03:08,Harvard,womens-swimming-and-diving,2026,womens-swimming-and-diving,31
2026-10-07T10:03:08,Princeton,mens-squash,2026,mens-squash,14
2026-10-07T10:03:08,Brown,mens-cross-country,2016,mens-cross-country,23
2026-10-07T10:03:08,Penn,mens-golf,2016,mens-golf,10
2026-10-07T10:03:08,Cornell,mens-soccer,2017,mens-soccer,24
2026-10-07T10:03:08,Harvard,womens-tennis,2026,womens-tennis,14
2026-10-07T10:03:09,Penn,mens-lacrosse,2026,mens-lacrosse,31
2026-10-07T10:03:09,Princeton,mens-swimming-and-diving,2026,mens-swimming-and-diving,39
2026-10-07T10:03:09,Cornell,mens-tennis,2017,mens-tennis,12
2026-10-07T10:03:09,Dartmouth,mens-soccer,2016,mens-soccer,28
2026-10-07T10:03:09,Yale,mens-rowing,2016,mens-crew,48
2026-10-07T10:03:09,Cornell,mens-track-and-field,2017,mens-track-and-field,78
2026-10-07T10:03:09,Harvard,womens-volleyball,2016,womens-volleyball,15
2026-10-07T10:03:10,Dartmouth,mens-squash,2026,mens-squash,12
2026-10-07T10:03:10,Cornell,womens-volleyball,2017,womens-volleyball,21
2026-10-07T10:03:10,Princeton,mens-tennis,2016,mens-tennis,13
2026-10-07T10:03:10,Brown,football,2016,football,113
2026-10-07T10:03:10,Cornell,mens-cross-country,2018,mens-cross-country,25
2026-10-07T10:03:10,Yale,rowing,2026,mens-rowing,33
2026-10-07T10:03:10,Harvard,cross-country,2026,cross-country,37
2026-10-07T10:03:11,Dartmouth,mens-swimming-and-diving,2026,mens-swimming-and-diving,23
2026-10-07T10:03:11,Columbia,mens-soccer,2016,mens-soccer,30
2026-10-07T10:03:11,Cornell,football,2018,football,118
2026-10-07T10:03:11,Princeton,mens-track-and-field,2016,mens-track-and-field,68
2026-10-07T10:03:11,Penn,mens-rowing,2016,mens-rowing,30
2026-10-07T10:03:11,Brown,mens-golf,2026,mens-golf,12
2026-10-07T10:03:11,Columbia,mens-squash,2026,mens-squash,17
2026-10-07T10:03:11,Cornell,mens-golf,2018,mens-golf,8
2026-10-07T10:03:11,Yale,sailing,2026,sailing,27
2026-10-07T10:03:12,Dartmouth,mens-tennis,2016,mens-tennis,11
2026-10-07T10:03:12,Princeton,womens-basketball,2026,womens-basketball,15
2026-10-07T10:03:12,Penn,mens-soccer,2016,mens-soccer,25
2026-10-07T10:03:12,Cornell,mens-rowing,2018,mens-rowing,42
2026-10-07T10:03:12,Harvard,track-and-field,2026,mens-track-and-field,93
2026-10-07T10:03:12,Brown,mens-ice-hockey,2026,mens-ice-hockey,29
2026-10-07T10:03:13,Dartmouth,mens-track-and-field,2016,mens-track-and-field,59
2026-10-07T10:03:13,Cornell,mens-soccer,2018,mens-soccer,28
2026-10-07T10:03:13,Princeton,womens-cross-country,2026,womens-cross-country,24
2026-10-07T10:03:13,Penn,mens-squash,2026,mens-squash,16
2026-10-07T10:03:13,Cornell,mens-tennis,2018,mens-tennis,12
2026-10-07T10:03:13,Harvard,womens-rowing,2026,womens-heavyweight-rowing,35
2026-10-07T10:03:13,Dartmouth,womens-basketball,2026,womens-basketball,17
2026-10-07T10:03:13,Brown,mens-lacrosse,2026,mens-lacrosse,52
2026-10-07T10:03:14,Cornell,mens-track-and-field,2018,mens-track-and-field,66
2026-10-07T10:03:14,Harvard,womens-lightweight-rowing,2026,womens-lightweight-rowing,27
2026-10-07T10:03:14,Penn,mens-swimming-and-diving,2026,mens-swimming-and-diving,28
2026-10-07T10:03:14,Cornell,womens-volleyball,2018,womens-volleyball,22
2026-10-07T10:03:14,Dartmouth,womens-cross-country,2026,womens-cross-country,21
2026-10-07T10:03:14,Cornell,mens-cross-country,2019,mens-cross-country,28
2026-10-07T10:03:15,Harvard,football,2017,football,110
2026-10-07T10:03:15,Yale,mens-soccer,2016,mens-soccer,27
2026-10-07T10:03:15,Brown,mens-rowing,2016,mens-crew,51
2026-10-07T10:03:15,Cornell,football,2019,football,116
2026-10-07T10:03:15,Princeton,field-hockey,2026,field-hockey,24
2026-10-07T10:03:15,Columbia,mens-swimming-and-diving,2026,mens-swimming-and-diving,37
2026-10-07T10:03:15,Dartmouth,equestrian,2026,equestrian,11
2026-10-07T10:03:15,Harvard,mens-golf,2017,mens-golf,6
2026-10-07T10:03:16,Cornell,mens-golf,2019,mens-golf,11
2026-10-07T10:03:16,Yale,mens-squash,2026,mens-squash,13
2026-10-07T10:03:16,Princeton,womens-golf,2026,womens-golf,10
2026-10-07T10:03:16,Columbia,mens-tennis,2016,mens-tennis,14
2026-10-07T10:03:16,Brown,sailing,2026,coed-sailing,31
2026-10-07T10:03:16,Harvard,mens-rowing,2017,mens-heavyweight-rowing,50
2026-10-07T10:03:16,Cornell,mens-rowing,2019,mens-rowing,42
2026-10-07T10:03:16,Cornell,mens-soccer,2019,mens-soccer,29
2026-10-07T10:03:16,Princeton,womens-ice-hockey,2026,womens-ice-hockey,23
2026-10-07T10:03:17,Harvard,mens-soccer,2017,mens-soccer,25
2026-10-07T10:03:17,Columbia,womens-basketball,2026,womens-basketball,15
2026-10-07T10:03:17,Cornell,mens-tennis,2019,mens-tennis,13
2026-10-07T10:03:17,Penn,mens-tennis,2016,mens-tennis,14
2026-10-07T10:03:17,Dartmouth,field-hockey,2026,field-hockey,24
2026-10-07T10:03:17,Cornell,mens-track-and-field,2019,mens-track-and-field,72
2026-10-07T10:03:17,Harvard,mens-tennis,2017,mens-tennis,13
2026-10-07T10:03:17,Princeton,womens-lacrosse,2026,womens-lacrosse,32
2026-10-07T10:03:18,Brown,mens-soccer,2016,mens-soccer,29
2026-10-07T10:03:18,Cornell,womens-volleyball,2019,womens-volleyball,19
2026-10-07T10:03:18,Yale,mens-swimming-and-diving,2026,mens-swimming-and-diving,29
2026-10-07T10:03:18,Harvard,womens-volleyball,2017,womens-volleyball,16
2026-10-07T10:03:18,Cornell,mens-cross-country,2020,mens-cross-country,29
2026-10-07T10:03:18,Yale,mens-tennis,2016,mens-tennis,13
2026-10-07T10:03:19,Dartmouth,womens-golf,2026,womens-golf,10
2026-10-07T10:03:19,Harvard,football,2018,football,109
2026-10-07T10:03:19,Columbia,field-hockey,2026,field-hockey,28
2026-10-07T10:03:19,Brown,mens-squash,2026,mens-squash,14
2026-10-07T10:03:19,Cornell,football,2020,football,109
2026-10-07T10:03:19,Cornell,mens-golf,2020,mens-golf,9
2026-10-07T10:03:19,Dartmouth,womens-ice-hockey,2026,womens-ice-hockey,27
2026-10-07T10:03:20,Princeton,womens-rugby,2026,womens-rugby,28
2026-10-07T10:03:20,Cornell,mens-rowing,2020,mens-rowing,33
2026-10-07T10:03:20,Brown,mens-swimming-and-diving,2026,mens-swimming-and-diving,35
2026-10-07T10:03:20,Cornell,mens-soccer,2020,mens-soccer,28
2026-10-07T10:03:20,Dartmouth,womens-lacrosse,2026,womens-lacrosse,37
2026-10-07T10:03:20,Penn,mens-track-and-field,2016,mens-track-and-field,57
2026-10-07T10:03:21,Princeton,womens-soccer,2026,womens-soccer,28
2026-10-07T10:03:21,Cornell,mens-tennis,2020,mens-tennis,7
2026-10-07T10:03:21,Brown,mens-tennis,2016,mens-tennis,13
2026-10-07T10:03:21,Yale,mens-track-and-field,2016,mens-track-and-field,59
2026-10-07T10:03:21,Penn,womens-basketball,2026,womens-basketball,16
2026-10-07T10:03:21,Cornell,mens-track-and-field,2020,mens-track-and-field,72
2026-10-07T10:03:21,Princeton,womens-squash,2026,womens-squash,14
2026-10-07T10:03:21,Dartmouth,womens-rugby,2026,womens-rugby,33
2026-10-07T10:03:22,Yale,womens-basketball,2026,womens-basketball,19
2026-10-07T10:03:22,Cornell,womens-volleyball,2020,womens-volleyball,15
2026-10-07T10:03:22,Brown,mens-track-and-field,2016,mens-track-and-field,49
2026-10-07T10:03:22,Penn,womens-cross-country,2026,womens-cross-country,20
2026-10-07T10:03:22,Cornell,mens-cross-country,2021,mens-cross-country,29
2026-10-07T10:03:22,Dartmouth,womens-soccer,2026,womens-soccer,29
2026-10-07T10:03:22,Princeton,womens-swimming-and-diving,2026,womens-swimming-and-diving,30
2026-10-07T10:03:22,Columbia,womens-golf,2026,womens-golf,12
2026-10-07T10:03:23,Penn,field-hockey,2026,field-hockey,22
2026-10-07T10:03:23,Brown,womens-basketball,2026,womens-basketball,18
2026-10-07T10:03:23,Cornell,football,2021,football,134
2026-10-07T10:03:23,Dartmouth,womens-squash,2026,womens-squash,13
2026-10-07T10:03:23,Penn,womens-golf,2026,womens-golf,8
2026-10-07T10:03:23,Princeton,womens-tennis,2026,womens-tennis,11
2026-10-07T10:03:23,Columbia,womens-lacrosse,2026,womens-lacrosse,31
2026-10-07T10:03:24,Cornell,mens-golf,2021,mens-golf,14
2026-10-07T10:03:24,Penn,womens-lacrosse,2026,womens-lacrosse,34
2026-10-07T10:03:24,Yale,womens-cross-country,2026,womens-cross-country,18
2026-10-07T10:03:24,Columbia,womens-soccer,2026,womens-soccer,31
2026-10-07T10:03:24,Cornell,mens-rowing,2021,mens-rowing,42
2026-10-07T10:03:24,Dartmouth,womens-swimming-and-diving,2026,womens-swimming-and-diving,29
2026-10-07T10:03:24,Brown,womens-cross-country,2026,womens-cross-country,25
2026-10-07T10:03:24,Penn,womens-soccer,2026,womens-soccer,30
2026-10-07T10:03:24,Yale,field-hockey,2026,field-hockey,19
2026-10-07T10:03:25,Cornell,mens-soccer,2021,mens-soccer,36
2026-10-07T10:03:25,Harvard,mens-golf,2018,mens-golf,7
2026-10-07T10:03:25,Columbia,womens-squash,2026,womens-squash,17
2026-10-07T10:03:25,Penn,womens-squash,2026,womens-squash,14
2026-10-07T10:03:25,Cornell,mens-tennis,2021,mens-tennis,16
2026-10-07T10:03:25,Dartmouth,womens-tennis,2026,womens-tennis,12
2026-10-07T10:03:25,Harvard,mens-rowing,2018,mens-heavyweight-rowing,46
2026-10-07T10:03:25,Brown,equestrian,2026,equestrian,21
2026-10-07T10:03:25,Yale,womens-golf,2026,womens-golf,8
2026-10-07T10:03:26,Cornell,mens-track-and-field,2021,mens-track-and-field,71
2026-10-07T10:03:26,Princeton,womens-track-and-field,2026,womens-track-and-field,59
2026-10-07T10:03:26,Yale,womens-ice-hockey,2026,womens-ice-hockey,27
2026-10-07T10:03:26,Harvard,mens-soccer,2018,mens-soccer,25
2026-10-07T10:03:26,Columbia,womens-swimming-and-diving,2026,womens-swimming-and-diving,34
2026-10-07T10:03:26,Cornell,womens-volleyball,2021,womens-volleyball,17
2026-10-07T10:03:26,Penn,womens-swimming-and-diving,2026,womens-swimming-and-diving,31
2026-10-07T10:03:27,Cornell,mens-cross-country,2022,mens-cross-country,23
2026-10-07T10:03:27,Columbia,womens-tennis,2026,womens-tennis,15
2026-10-07T10:03:27,Brown,field-hockey,2026,field-hockey,24
2026-10-07T10:03:27,Princeton,womens-volleyball,2016,womens-volleyball,18
2026-10-07T10:03:27,Penn,womens-tennis,2026,womens-tennis,10
2026-10-07T10:03:28,Cornell,football,2022,football,105
2026-10-07T10:03:28,Dartmouth,womens-track-and-field,2026,womens-track-and-field,44
2026-10-07T10:03:28,Columbia,womens-volleyball,2016,womens-volleyball,17
2026-10-07T10:03:28,Brown,womens-golf,2026,womens-golf,8
2026-10-07T10:03:28,Penn,womens-track-and-field,2026,womens-track-and-field,57
2026-10-07T10:03:28,Cornell,mens-golf,2022,mens-golf,12
2026-10-07T10:03:28,Dartmouth,womens-volleyball,2016,womens-volleyball,21
2026-10-07T10:03:29,Columbia,cross-country,2026,cross-country,52
2026-10-07T10:03:29,Yale,womens-lacrosse,2026,womens-lacrosse,33
2026-10-07T10:03:29,Cornell,mens-rowing,2022,mens-rowing,44
2026-10-07T10:03:29,Brown,womens-ice-hockey,2026,womens-ice-hockey,26
2026-10-07T10:03:29,Princeton,womens-rowing,2026,,0
2026-10-07T10:03:29,Yale,womens-soccer,2026,womens-soccer,26
2026-10-07T10:03:29,Cornell,mens-soccer,2022,mens-soccer,33
2026-10-07T10:03:29,Dartmouth,womens-rowing,2026,womens-rowing,53
2026-10-07T10:03:30,Cornell,mens-tennis,2022,mens-tennis,13
2026-10-07T10:03:30,Brown,womens-lacrosse,2026,womens-lacrosse,31
2026-10-07T10:03:30,Columbia,track-and-field,2026,track-and-field,112
2026-10-07T10:03:30,Princeton,mens-cross-country,2017,mens-cross-country,28
2026-10-07T10:03:30,Penn,womens-volleyball,2016,womens-volleyball,23
2026-10-07T10:03:30,Cornell,mens-track-and-field,2022,mens-track-and-field,74
2026-10-07T10:03:31,Brown,womens-rugby,2026,womens-rugby,35
2026-10-07T10:03:31,Cornell,womens-volleyball,2022,womens-volleyball,19
2026-10-07T10:03:31,Dartmouth,mens-cross-country,2017,mens-cross-country,26
2026-10-07T10:03:31,Columbia,womens-rowing,2026,womens-rowing,45
2026-10-07T10:03:31,Penn,womens-rowing,2026,womens-rowing,34
2026-10-07T10:03:31,Cornell,mens-cross-country,2023,mens-cross-country,26
2026-10-07T10:03:32,Brown,womens-soccer,2026,womens-soccer,32
2026-10-07T10:03:32,Cornell,football,2023,football,115
2026-10-07T10:03:32,Harvard,mens-tennis,2018,mens-tennis,14
2026-10-07T10:03:32,Princeton,football,2017,football,110
2026-10-07T10:03:32,Brown,womens-squash,2026,womens-squash,17
2026-10-07T10:03:32,Cornell,mens-golf,2023,mens-golf,8
2026-10-07T10:03:32,Yale,womens-squash,2026,womens-squash,8
2026-10-07T10:03:33,Cornell,mens-rowing,2023,mens-rowing,47
2026-10-07T10:03:33,Princeton,mens-golf,2017,mens-golf,11
2026-10-07T10:03:33,Harvard,womens-volleyball,2018,womens-volleyball,16
2026-10-07T10:03:33,Dartmouth,football,2017,football,120
2026-10-07T10:03:33,Yale,womens-swimming-and-diving,2026,womens-swimming-and-diving,29
2026-10-07T10:03:33,Cornell,mens-soccer,2023,mens-soccer,33
2026-10-07T10:03:33,Brown,womens-swimming-and-diving,2026,womens-swimming-and-diving,30
2026-10-07T10:03:34,Columbia,football,2017,football,114
2026-10-07T10:03:34,Penn,mens-cross-country,2017,mens-cross-country,28
2026-10-07T10:03:34,Cornell,mens-tennis,2023,mens-tennis,14
2026-10-07T10:03:34,Harvard,football,2019,football,105
2026-10-07T10:03:34,Penn,football,2017,football,102
2026-10-07T10:03:34,Cornell,mens-track-and-field,2023,mens-track-and-field,72
2026-10-07T10:03:34,Brown,womens-tennis,2026,womens-tennis,14
2026-10-07T10:03:34,Dartmouth,mens-golf,2017,mens-golf,10
2026-10-07T10:03:35,Harvard,mens-golf,2019,mens-golf,10
2026-10-07T10:03:35,Columbia,mens-golf,2017,mens-golf,10
2026-10-07T10:03:35,Princeton,mens-rowing,2017,mens-rowing,53
2026-10-07T10:03:35,Cornell,womens-volleyball,2023,womens-volleyball,22
2026-10-07T10:03:35,Dartmouth,mens-rowing,2017,mens-rowing,43
2026-10-07T10:03:35,Brown,womens-track-and-field,2026,womens-track-and-field,60
2026-10-07T10:03:35,Harvard,mens-rowing,2020,mens-heavyweight-rowing,25
2026-10-07T10:03:36,Cornell,mens-cross-country,2024,mens-cross-country,27
2026-10-07T10:03:36,Yale,womens-tennis,2026,womens-tennis,10
2026-10-07T10:03:36,Cornell,football,2024,football,108
2026-10-07T10:03:36,Penn,mens-golf,2017,mens-golf,8
2026-10-07T10:03:36,Brown,womens-volleyball,2016,womens-volleyball,16
2026-10-07T10:03:36,Yale,womens-track-and-field,2026,womens-track-and-field,49
2026-10-07T10:03:36,Columbia,mens-rowing,2017,mens-rowing,24
2026-10-07T10:03:36,Harvard,mens-soccer,2019,mens-soccer,25
2026-10-07T10:03:37,Cornell,mens-golf,2024,mens-golf,10
2026-10-07T10:03:37,Harvard,mens-tennis,2019,mens-tennis,12
2026-10-07T10:03:37,Dartmouth,mens-soccer,2017,mens-soccer,29
2026-10-07T10:03:37,Cornell,mens-rowing,2024,mens-rowing,45
2026-10-07T10:03:37,Brown,womens-sailing,2026,womens-sailing,21
2026-10-07T10:03:38,Cornell,mens-soccer,2024,mens-soccer,35
2026-10-07T10:03:38,Harvard,womens-volleyball,2019,womens-volleyball,15
2026-10-07T10:03:38,Cornell,mens-tennis,2024,mens-tennis,12
2026-10-07T10:03:38,Brown,womens-rowing,2026,womens-crew,44
2026-10-07T10:03:38,Princeton,mens-soccer,2017,mens-soccer,30
2026-10-07T10:03:38,Dartmouth,mens-tennis,2017,mens-tennis,13
2026-10-07T10:03:38,Cornell,mens-track-and-field,2024,mens-track-and-field,70
2026-10-07T10:03:39,Harvard,football,2020,football,112
2026-10-07T10:03:39,Columbia,mens-soccer,2017,mens-soccer,32
2026-10-07T10:03:39,Cornell,womens-volleyball,2024,womens-volleyball,21
2026-10-07T10:03:39,Princeton,mens-tennis,2017,mens-tennis,13
2026-10-07T10:03:39,Dartmouth,mens-track-and-field,2017,mens-track-and-field,55
2026-10-07T10:03:39,Cornell,mens-cross-country,2025,mens-cross-country,24
2026-10-07T10:03:39,Brown,mens-cross-country,2017,mens-cross-country,21
2026-10-07T10:03:39,Harvard,mens-golf,2020,mens-golf,2
2026-10-07T10:03:40,Columbia,mens-tennis,2017,mens-tennis,15
2026-10-07T10:03:40,Harvard,mens-rowing,2021,mens-heavyweight-rowing,61
2026-10-07T10:03:40,Dartmouth,womens-volleyball,2017,womens-volleyball,17
2026-10-07T10:03:40,Princeton,mens-track-and-field,2017,mens-track-and-field,65
2026-10-07T10:03:40,Cornell,football,2025,football,122
2026-10-07T10:03:40,Columbia,womens-volleyball,2017,womens-volleyball,17
2026-10-07T10:03:41,Harvard,mens-soccer,2020,mens-soccer,23
2026-10-07T10:03:41,Yale,womens-volleyball,2016,womens-volleyball,17
2026-10-07T10:03:41,Cornell,mens-golf,2025,mens-golf,9
2026-10-07T10:03:41,Cornell,mens-rowing,2025,mens-rowing,29
2026-10-07T10:03:41,Harvard,mens-tennis,2020,mens-tennis,7
2026-10-07T10:03:41,Brown,football,2017,football,118
2026-10-07T10:03:42,Dartmouth,mens-cross-country,2018,mens-cross-country,24
2026-10-07T10:03:42,Cornell,mens-soccer,2025,mens-soccer,32
2026-10-07T10:03:42,Harvard,womens-volleyball,2020,womens-volleyball,7
2026-10-07T10:03:42,Yale,womens-sailing,2026,womens-sailing,15
2026-10-07T10:03:42,Princeton,womens-volleyball,2017,womens-volleyball,17
2026-10-07T10:03:42,Cornell,mens-tennis,2025,mens-tennis,10
2026-10-07T10:03:42,Yale,womens-rowing,2026,womens-crew,39
2026-10-07T10:03:42,Brown,mens-rowing,2017,mens-crew,56
2026-10-07T10:03:43,Cornell,mens-track-and-field,2025,mens-track-and-field,64
2026-10-07T10:03:43,Harvard,football,2021,football,134
2026-10-07T10:03:43,Columbia,football,2018,football,117
2026-10-07T10:03:43,Cornell,womens-volleyball,2025,womens-volleyball,20
2026-10-07T10:03:44,Dartmouth,football,2018,football,118
2026-10-07T10:03:44,Harvard,mens-golf,2021,mens-golf,9
2026-10-07T10:03:44,Cornell,mens-cross-country,2026,mens-cross-country,24
2026-10-07T10:03:44,Princeton,mens-cross-country,2018,mens-cross-country,21
2026-10-07T10:03:44,Penn,mens-rowing,2017,mens-rowing,33
2026-10-07T10:03:44,Cornell,football,2026,football,119
2026-10-07T10:03:44,Penn,mens-soccer,2017,mens-soccer,26
2026-10-07T10:03:44,Harvard,mens-rowing,2022,mens-heavyweight-rowing,65
2026-10-07T10:03:45,Brown,mens-soccer,2017,mens-soccer,29
2026-10-07T10:03:45,Cornell,mens-golf,2026,mens-golf,8
2026-10-07T10:03:45,Yale,mens-cross-country,2017,mens-cross-country,26
2026-10-07T10:03:45,Cornell,mens-rowing,2026,mens-rowing,29
2026-10-07T10:03:45,Harvard,mens-soccer,2021,mens-soccer,32
2026-10-07T10:03:45,Columbia,mens-golf,2018,mens-golf,11
2026-10-07T10:03:46,Cornell,mens-soccer,2026,mens-soccer,30
2026-10-07T10:03:46,Brown,mens-tennis,2017,mens-tennis,14
2026-10-07T10:03:46,Yale,football,2017,football,116
2026-10-07T10:03:46,Dartmouth,mens-golf,2018,mens-golf,10
2026-10-07T10:03:46,Harvard,mens-tennis,2021,mens-tennis,13
2026-10-07T10:03:46,Cornell,mens-tennis,2026,mens-tennis,11
2026-10-07T10:03:47,Princeton,football,2018,football,119
2026-10-07T10:03:47,Cornell,mens-track-and-field,2026,mens-track-and-field,51
2026-10-07T10:03:47,Harvard,womens-volleyball,2021,womens-volleyball,16
2026-10-07T10:03:47,Dartmouth,mens-rowing,2018,mens-rowing,48
2026-10-07T10:03:47,Brown,mens-track-and-field,2017,mens-track-and-field,56
2026-10-07T10:03:47,Cornell,womens-volleyball,2026,womens-volleyball,18
2026-10-07T10:03:47,Penn,mens-tennis,2017,mens-tennis,14
2026-10-07T10:03:48,Harvard,football,2022,football,121
2026-10-07T10:03:48,Brown,womens-volleyball,2017,womens-volleyball,17
2026-10-07T10:03:48,Columbia,mens-rowing,2018,mens-rowing,10
2026-10-07T10:03:48,Princeton,mens-golf,2018,mens-golf,10
2026-10-07T10:03:48,Harvard,mens-golf,2022,mens-golf,7
2026-10-07T10:03:48,Yale,mens-golf,2017,mens-golf,11
2026-10-07T10:03:48,Dartmouth,mens-soccer,2018,mens-soccer,34
2026-10-07T10:03:49,Penn,mens-track-and-field,2017,mens-track-and-field,55
2026-10-07T10:03:49,Harvard,mens-rowing,2023,mens-heavyweight-rowing,51
2026-10-07T10:03:49,Brown,mens-cross-country,2018,mens-cross-country,15
2026-10-07T10:03:49,Columbia,mens-soccer,2018,mens-soccer,29
2026-10-07T10:03:49,Dartmouth,mens-tennis,2018,mens-tennis,11
2026-10-07T10:03:50,Harvard,mens-soccer,2022,mens-soccer,30
2026-10-07T10:03:50,Princeton,mens-rowing,2018,mens-rowing,56
2026-10-07T10:03:50,Harvard,mens-tennis,2022,mens-tennis,13
2026-10-07T10:03:51,Columbia,mens-tennis,2018,mens-tennis,14
2026-10-07T10:03:51,Yale,mens-rowing,2017,mens-crew,46
2026-10-07T10:03:51,Brown,football,2018,football,89
2026-10-07T10:03:51,Harvard,womens-volleyball,2022,womens-volleyball,17
2026-10-07T10:03:51,Penn,womens-volleyball,2017,womens-volleyball,23
2026-10-07T10:03:51,Yale,mens-soccer,2017,mens-soccer,28
2026-10-07T10:03:52,Princeton,mens-soccer,2018,mens-soccer,30
2026-10-07T10:03:52,Brown,mens-rowing,2018,mens-crew,47
2026-10-07T10:03:52,Yale,mens-tennis,2017,mens-tennis,10
2026-10-07T10:03:52,Harvard,football,2023,football,111
2026-10-07T10:03:52,Dartmouth,mens-track-and-field,2018,mens-track-and-field,51
2026-10-07T10:03:53,Dartmouth,womens-volleyball,2018,womens-volleyball,18
2026-10-07T10:03:53,Harvard,mens-golf,2023,mens-golf,8
2026-10-07T10:03:53,Harvard,mens-rowing,2024,mens-heavyweight-rowing,53
2026-10-07T10:03:53,Princeton,mens-tennis,2018,mens-tennis,12
2026-10-07T10:03:53,Penn,mens-cross-country,2018,mens-cross-country,24
2026-10-07T10:03:53,Brown,mens-soccer,2018,mens-soccer,28
2026-10-07T10:03:53,Dartmouth,mens-cross-country,2019,mens-cross-country,28
2026-10-07T10:03:54,Columbia,womens-volleyball,2018,womens-volleyball,15
2026-10-07T10:03:54,Harvard,mens-soccer,2023,mens-soccer,30
2026-10-07T10:03:54,Yale,mens-track-and-field,2017,mens-track-and-field,56
2026-10-07T10:03:54,Brown,mens-tennis,2018,mens-tennis,12
2026-10-07T10:03:55,Harvard,mens-tennis,2023,mens-tennis,14
2026-10-07T10:03:55,Princeton,mens-track-and-field,2018,mens-track-and-field,60
2026-10-07T10:03:55,Yale,womens-volleyball,2017,womens-volleyball,17
2026-10-07T10:03:55,Harvard,womens-volleyball,2023,womens-volleyball,19
2026-10-07T10:03:56,Dartmouth,football,2019,football,111
2026-10-07T10:03:56,Princeton,womens-volleyball,2018,womens-volleyball,16
2026-10-07T10:03:56,Brown,mens-track-and-field,2018,mens-track-and-field,47
2026-10-07T10:03:56,Harvard,football,2024,football,111
2026-10-07T10:03:56,Columbia,football,2019,football,123
2026-10-07T10:03:56,Dartmouth,mens-golf,2019,mens-golf,10
2026-10-07T10:03:57,Penn,football,2018,football,107
2026-10-07T10:03:57,Brown,womens-volleyball,2018,womens-volleyball,20
2026-10-07T10:03:57,Harvard,mens-golf,2024,mens-golf,8
2026-10-07T10:03:57,Dartmouth,mens-rowing,2019,mens-rowing,53
2026-10-07T10:03:57,Yale,mens-cross-country,2018,mens-cross-country,22
2026-10-07T10:03:58,Princeton,mens-cross-country,2019,mens-cross-country,25
2026-10-07T10:03:58,Harvard,mens-rowing,2025,mens-heavyweight-rowing,52
2026-10-07T10:03:58,Yale,football,2018,football,110
2026-10-07T10:03:58,Brown,mens-cross-country,2019,mens-cross-country,16
2026-10-07T10:03:58,Harvard,mens-soccer,2024,mens-soccer,30
2026-10-07T10:03:59,Dartmouth,mens-soccer,2019,mens-soccer,33
2026-10-07T10:03:59,Harvard,mens-tennis,2024,mens-tennis,13
2026-10-07T10:03:59,Columbia,mens-golf,2019,mens-golf,12
2026-10-07T10:04:00,Princeton,football,2019,football,110
2026-10-07T10:04:00,Penn,mens-golf,2018,mens-golf,12
2026-10-07T10:04:00,Dartmouth,mens-tennis,2019,mens-tennis,14
2026-10-07T10:04:00,Harvard,womens-volleyball,2024,womens-volleyball,16
2026-10-07T10:04:01,Brown,football,2019,football,90
2026-10-07T10:04:01,Dartmouth,mens-track-and-field,2019,mens-track-and-field,53
2026-10-07T10:04:01,Princeton,mens-golf,2019,mens-golf,12
2026-10-07T10:04:01,Harvard,football,2025,football,105
2026-10-07T10:04:01,Columbia,mens-rowing,2019,mens-rowing,34
2026-10-07T10:04:01,Yale,mens-golf,2018,mens-golf,11
2026-10-07T10:04:01,Brown,mens-rowing,2019,mens-crew,36
2026-10-07T10:04:02,Harvard,mens-golf,2025,mens-golf,8
2026-10-07T10:04:02,Dartmouth,womens-volleyball,2019,womens-volleyball,19
2026-10-07T10:04:02,Harvard,mens-rowing,2026,mens-heavyweight-rowing,43
2026-10-07T10:04:02,Penn,mens-rowing,2018,mens-rowing,29
2026-10-07T10:04:02,Princeton,mens-rowing,2019,mens-rowing,52
2026-10-07T10:04:03,Dartmouth,mens-cross-country,2020,mens-cross-country,30
2026-10-07T10:04:03,Columbia,mens-soccer,2019,mens-soccer,26
2026-10-07T10:04:03,Harvard,mens-soccer,2025,mens-soccer,32
2026-10-07T10:04:03,Yale,mens-rowing,2018,mens-crew,55
2026-10-07T10:04:03,Brown,mens-soccer,2019,mens-soccer,27
2026-10-07T10:04:03,Penn,mens-soccer,2018,mens-soccer,30
2026-10-07T10:04:04,Yale,mens-soccer,2018,mens-soccer,32
2026-10-07T10:04:04,Harvard,mens-tennis,2025,mens-tennis,13
2026-10-07T10:04:04,Brown,mens-tennis,2019,mens-tennis,12
2026-10-07T10:04:04,Harvard,womens-volleyball,2025,womens-volleyball,15
2026-10-07T10:04:05,Columbia,mens-tennis,2019,mens-tennis,14
2026-10-07T10:04:05,Dartmouth,football,2020,football,114
2026-10-07T10:04:05,Brown,mens-track-and-field,2019,mens-track-and-field,47
2026-10-07T10:04:05,Princeton,mens-soccer,2019,mens-soccer,32
2026-10-07T10:04:06,Columbia,womens-volleyball,2019,womens-volleyball,20
2026-10-07T10:04:06,Harvard,football,2026,football,109
2026-10-07T10:04:06,Dartmouth,mens-golf,2020,mens-golf,9
2026-10-07T10:04:06,Princeton,mens-tennis,2019,mens-tennis,12
2026-10-07T10:04:06,Brown,womens-volleyball,2019,womens-volleyball,21
2026-10-07T10:04:06,Yale,mens-tennis,2018,mens-tennis,10
2026-10-07T10:04:07,Harvard,mens-golf,2026,mens-golf,8
2026-10-07T10:04:08,Dartmouth,mens-rowing,2020,mens-rowing,66
2026-10-07T10:04:08,Princeton,mens-track-and-field,2019,mens-track-and-field,62
2026-10-07T10:04:08,Brown,mens-cross-country,2020,mens-cross-country,17
2026-10-07T10:04:08,Harvard,mens-soccer,2026,mens-soccer,29
2026-10-07T10:04:08,Columbia,football,2020,football,115
2026-10-07T10:04:09,Harvard,mens-tennis,2026,mens-tennis,13
2026-10-07T10:04:09,Princeton,womens-volleyball,2019,womens-volleyball,17
2026-10-07T10:04:09,Harvard,womens-volleyball,2026,womens-volleyball,14
2026-10-07T10:04:09,Dartmouth,mens-soccer,2020,mens-soccer,32
2026-10-07T10:04:10,Brown,football,2020,football,101
2026-10-07T10:04:10,Dartmouth,mens-tennis,2020,mens-tennis,14
2026-10-07T10:04:11,Princeton,mens-cross-country,2020,mens-cross-country,16
2026-10-07T10:04:11,Brown,mens-rowing,2020,mens-crew,39
2026-10-07T10:04:11,Columbia,mens-golf,2020,mens-golf,7
2026-10-07T10:04:11,Dartmouth,mens-track-and-field,2020,mens-track-and-field,56
2026-10-07T10:04:12,Columbia,mens-rowing,2020,mens-rowing,16
2026-10-07T10:04:12,Penn,mens-tennis,2018,mens-tennis,14
2026-10-07T10:04:13,Princeton,football,2020,football,86
2026-10-07T10:04:13,Dartmouth,womens-volleyball,2020,womens-volleyball,19
2026-10-07T10:04:13,Brown,mens-soccer,2020,mens-soccer,29
2026-10-07T10:04:13,Columbia,mens-soccer,2020,mens-soccer,26
2026-10-07T10:04:14,Dartmouth,mens-cross-country,2021,mens-cross-country,25
2026-10-07T10:04:14,Princeton,mens-golf,2020,mens-golf,2
2026-10-07T10:04:14,Brown,mens-tennis,2020,mens-tennis,10
2026-10-07T10:04:15,Yale,mens-track-and-field,2018,mens-track-and-field,52
2026-10-07T10:04:15,Yale,womens-volleyball,2018,womens-volleyball,18
2026-10-07T10:04:16,Dartmouth,football,2021,football,129
2026-10-07T10:04:16,Brown,mens-track-and-field,2020,mens-track-and-field,48
2026-10-07T10:04:16,Penn,mens-track-and-field,2018,mens-track-and-field,51
2026-10-07T10:04:16,Princeton,mens-rowing,2020,mens-rowing,33
2026-10-07T10:04:17,Brown,womens-volleyball,2020,womens-volleyball,22
2026-10-07T10:04:17,Columbia,mens-tennis,2020,mens-tennis,14
2026-10-07T10:04:18,Penn,womens-volleyball,2018,womens-volleyball,20
2026-10-07T10:04:18,Dartmouth,mens-golf,2021,mens-golf,11
2026-10-07T10:04:18,Brown,mens-cross-country,2021,mens-cross-country,19
2026-10-07T10:04:19,Yale,mens-cross-country,2019,mens-cross-country,25
2026-10-07T10:04:19,Princeton,mens-soccer,2020,mens-soccer,19
2026-10-07T10:04:19,Columbia,womens-volleyball,2020,womens-volleyball,21
2026-10-07T10:04:19,Dartmouth,mens-rowing,2021,mens-rowing,57
2026-10-07T10:04:20,Yale,football,2019,football,109
2026-10-07T10:04:20,Princeton,mens-tennis,2020,mens-tennis,10
2026-10-07T10:04:21,Brown,football,2021,football,113
2026-10-07T10:04:21,Princeton,mens-track-and-field,2020,mens-track-and-field,46
2026-10-07T10:04:21,Penn,mens-cross-country,2019,mens-cross-country,21
2026-10-07T10:04:21,Dartmouth,mens-soccer,2021,mens-soccer,32
2026-10-07T10:04:22,Columbia,football,2021,football,128
2026-10-07T10:04:22,Brown,mens-rowing,2021,mens-crew,52
2026-10-07T10:04:22,Penn,football,2019,football,110
2026-10-07T10:04:22,Princeton,womens-volleyball,2020,womens-volleyball,15
2026-10-07T10:04:22,Dartmouth,mens-tennis,2021,mens-tennis,11
2026-10-07T10:04:23,Yale,mens-golf,2019,mens-golf,7
2026-10-07T10:04:23,Yale,mens-rowing,2019,mens-crew,57
2026-10-07T10:04:24,Brown,mens-soccer,2021,mens-soccer,33
2026-10-07T10:04:24,Princeton,mens-cross-country,2021,mens-cross-country,31
2026-10-07T10:04:24,Yale,mens-soccer,2019,mens-soccer,27
2026-10-07T10:04:24,Dartmouth,mens-track-and-field,2021,mens-track-and-field,50
2026-10-07T10:04:24,Yale,mens-tennis,2019,mens-tennis,10
2026-10-07T10:04:25,Yale,mens-track-and-field,2019,mens-track-and-field,45
2026-10-07T10:04:25,Brown,mens-tennis,2021,mens-tennis,12
2026-10-07T10:04:25,Dartmouth,womens-volleyball,2021,womens-volleyball,20
2026-10-07T10:04:25,Penn,mens-golf,2019,mens-golf,13
2026-10-07T10:04:25,Columbia,mens-golf,2021,mens-golf,8
2026-10-07T10:04:26,Dartmouth,mens-cross-country,2022,mens-cross-country,24
2026-10-07T10:04:26,Brown,mens-track-and-field,2021,mens-track-and-field,48
2026-10-07T10:04:26,Princeton,football,2021,football,130
2026-10-07T10:04:27,Columbia,mens-rowing,2021,mens-rowing,27
2026-10-07T10:04:27,Brown,womens-volleyball,2021,womens-volleyball,18
2026-10-07T10:04:27,Princeton,mens-golf,2021,mens-golf,13
2026-10-07T10:04:27,Penn,mens-rowing,2019,mens-rowing,39
2026-10-07T10:04:28,Brown,mens-cross-country,2022,mens-cross-country,17
2026-10-07T10:04:28,Yale,womens-volleyball,2019,womens-volleyball,18
2026-10-07T10:04:29,Columbia,mens-soccer,2021,mens-soccer,28
2026-10-07T10:04:29,Penn,mens-soccer,2019,mens-soccer,30
2026-10-07T10:04:29,Dartmouth,football,2022,football,120
2026-10-07T10:04:29,Princeton,mens-rowing,2021,mens-rowing,53
2026-10-07T10:04:29,Dartmouth,mens-golf,2022,mens-golf,12
2026-10-07T10:04:30,Columbia,mens-tennis,2021,mens-tennis,14
2026-10-07T10:04:30,Brown,football,2022,football,115
2026-10-07T10:04:30,Dartmouth,mens-rowing,2022,mens-rowing,54
2026-10-07T10:04:31,Brown,mens-rowing,2022,mens-crew,49
2026-10-07T10:04:31,Princeton,mens-soccer,2021,mens-soccer,32
2026-10-07T10:04:32,Penn,mens-tennis,2019,mens-tennis,13
2026-10-07T10:04:32,Dartmouth,mens-soccer,2022,mens-soccer,31
2026-10-07T10:04:32,Penn,mens-track-and-field,2019,mens-track-and-field,56
2026-10-07T10:04:32,Princeton,mens-tennis,2021,mens-tennis,13
2026-10-07T10:04:33,Brown,mens-soccer,2022,mens-soccer,28
2026-10-07T10:04:33,Dartmouth,mens-tennis,2022,mens-tennis,9
2026-10-07T10:04:33,Princeton,mens-track-and-field,2021,mens-track-and-field,69
2026-10-07T10:04:34,Brown,mens-tennis,2022,mens-tennis,15
2026-10-07T10:04:34,Dartmouth,mens-track-and-field,2022,mens-track-and-field,43
2026-10-07T10:04:35,Columbia,womens-volleyball,2021,womens-volleyball,24
2026-10-07T10:04:35,Brown,mens-track-and-field,2022,mens-track-and-field,48
2026-10-07T10:04:35,Yale,mens-cross-country,2020,mens-cross-country,25
2026-10-07T10:04:35,Dartmouth,womens-volleyball,2022,womens-volleyball,19
2026-10-07T10:04:36,Princeton,womens-volleyball,2021,womens-volleyball,17
2026-10-07T10:04:36,Dartmouth,mens-cross-country,2023,mens-cross-country,14
2026-10-07T10:04:36,Penn,womens-volleyball,2019,womens-volleyball,17
2026-10-07T10:04:36,Brown,womens-volleyball,2022,womens-volleyball,20
2026-10-07T10:04:37,Princeton,mens-cross-country,2022,mens-cross-country,30
2026-10-07T10:04:37,Yale,football,2020,football,66
2026-10-07T10:04:37,Columbia,football,2022,football,115
2026-10-07T10:04:38,Dartmouth,football,2023,football,110
2026-10-07T10:04:38,Brown,mens-cross-country,2023,mens-cross-country,21
2026-10-07T10:04:38,Yale,mens-golf,2020,mens-golf,9
2026-10-07T10:04:39,Yale,mens-rowing,2020,mens-crew,51
2026-10-07T10:04:39,Penn,mens-cross-country,2020,mens-cross-country,19
2026-10-07T10:04:39,Dartmouth,mens-golf,2023,mens-golf,10
2026-10-07T10:04:39,Yale,mens-soccer,2020,mens-soccer,23
2026-10-07T10:04:40,Princeton,football,2022,football,124
2026-10-07T10:04:40,Yale,mens-tennis,2020,mens-tennis,10
2026-10-07T10:04:40,Brown,football,2023,football,116
2026-10-07T10:04:40,Dartmouth,mens-rowing,2023,mens-rowing,52
2026-10-07T10:04:40,Penn,football,2020,football,108
2026-10-07T10:04:40,Yale,mens-track-and-field,2020,mens-track-and-field,43
2026-10-07T10:04:40,Princeton,mens-golf,2022,mens-golf,10
2026-10-07T10:04:41,Brown,mens-rowing,2023,mens-crew,58
2026-10-07T10:04:41,Columbia,mens-golf,2022,mens-golf,9
2026-10-07T10:04:41,Penn,mens-golf,2020,mens-golf,17
2026-10-07T10:04:42,Dartmouth,mens-soccer,2023,mens-soccer,28
2026-10-07T10:04:42,Princeton,mens-rowing,2022,mens-rowing,52
2026-10-07T10:04:42,Penn,mens-rowing,2020,mens-rowing,39
2026-10-07T10:04:42,Brown,mens-soccer,2023,mens-soccer,31
2026-10-07T10:04:43,Dartmouth,mens-tennis,2023,mens-tennis,12
2026-10-07T10:04:43,Penn,mens-soccer,2020,mens-soccer,27
2026-10-07T10:04:43,Columbia,mens-rowing,2022,mens-rowing,29
2026-10-07T10:04:43,Brown,mens-tennis,2023,mens-tennis,13
2026-10-07T10:04:44,Dartmouth,mens-track-and-field,2023,mens-track-and-field,39
2026-10-07T10:04:44,Princeton,mens-soccer,2022,mens-soccer,30
2026-10-07T10:04:44,Yale,womens-volleyball,2020,womens-volleyball,14
2026-10-07T10:04:44,Brown,mens-track-and-field,2023,mens-track-and-field,51
2026-10-07T10:04:44,Dartmouth,womens-volleyball,2023,womens-volleyball,21
2026-10-07T10:04:45,Columbia,mens-soccer,2022,mens-soccer,28
2026-10-07T10:04:45,Princeton,mens-tennis,2022,mens-tennis,11
2026-10-07T10:04:45,Dartmouth,mens-cross-country,2024,mens-cross-country,18
2026-10-07T10:04:45,Brown,womens-volleyball,2023,womens-volleyball,20
2026-10-07T10:04:46,Columbia,mens-tennis,2022,mens-tennis,13
2026-10-07T10:04:46,Brown,mens-cross-country,2024,mens-cross-country,20
2026-10-07T10:04:46,Princeton,mens-track-and-field,2022,mens-track-and-field,63
2026-10-07T10:04:46,Penn,mens-tennis,2020,mens-tennis,9
2026-10-07T10:04:47,Dartmouth,football,2024,football,109
2026-10-07T10:04:47,Princeton,womens-volleyball,2022,womens-volleyball,17
2026-10-07T10:04:47,Penn,mens-track-and-field,2020,mens-track-and-field,52
2026-10-07T10:04:47,Yale,mens-cross-country,2021,mens-cross-country,19
2026-10-07T10:04:48,Columbia,womens-volleyball,2022,womens-volleyball,24
2026-10-07T10:04:48,Dartmouth,mens-golf,2024,mens-golf,10
2026-10-07T10:04:48,Yale,football,2021,football,121
2026-10-07T10:04:48,Princeton,mens-cross-country,2023,mens-cross-country,27
2026-10-07T10:04:48,Brown,football,2024,football,113
2026-10-07T10:04:49,Dartmouth,mens-rowing,2024,mens-rowing,49
2026-10-07T10:04:49,Brown,mens-rowing,2024,mens-crew,55
2026-10-07T10:04:49,Penn,womens-volleyball,2020,womens-volleyball,20
2026-10-07T10:04:50,Columbia,football,2023,football,112
2026-10-07T10:04:50,Princeton,football,2023,football,109
2026-10-07T10:04:50,Penn,mens-cross-country,2021,mens-cross-country,26
2026-10-07T10:04:51,Brown,mens-soccer,2024,mens-soccer,34
2026-10-07T10:04:51,Dartmouth,mens-soccer,2024,mens-soccer,30
2026-10-07T10:04:51,Columbia,mens-golf,2023,mens-golf,9
2026-10-07T10:04:51,Yale,mens-golf,2021,mens-golf,8
2026-10-07T10:04:52,Dartmouth,mens-tennis,2024,mens-tennis,11
2026-10-07T10:04:52,Yale,mens-rowing,2021,mens-crew,57
2026-10-07T10:04:52,Princeton,mens-golf,2023,mens-golf,11
2026-10-07T10:04:52,Brown,mens-tennis,2024,mens-tennis,12
2026-10-07T10:04:52,Dartmouth,mens-track-and-field,2024,mens-track-and-field,39
2026-10-07T10:04:53,Brown,mens-track-and-field,2024,mens-track-and-field,47
2026-10-07T10:04:53,Dartmouth,womens-volleyball,2024,womens-volleyball,21
2026-10-07T10:04:54,Princeton,mens-rowing,2023,mens-rowing,49
2026-10-07T10:04:54,Brown,womens-volleyball,2024,womens-volleyball,20
2026-10-07T10:04:54,Columbia,mens-rowing,2023,mens-rowing,28
2026-10-07T10:04:54,Dartmouth,mens-cross-country,2025,mens-cross-country,18
2026-10-07T10:04:55,Brown,mens-cross-country,2025,mens-cross-country,20
2026-10-07T10:04:55,Yale,mens-soccer,2021,mens-soccer,28
2026-10-07T10:04:55,Princeton,mens-soccer,2023,mens-soccer,31
2026-10-07T10:04:55,Penn,football,2021,football,115
2026-10-07T10:04:56,Columbia,mens-soccer,2023,mens-soccer,29
2026-10-07T10:04:56,Princeton,mens-tennis,2023,mens-tennis,13
2026-10-07T10:04:56,Yale,mens-tennis,2021,mens-tennis,8
2026-10-07T10:04:56,Dartmouth,football,2025,football,105
2026-10-07T10:04:56,Yale,mens-track-and-field,2021,mens-track-and-field,51
2026-10-07T10:04:57,Brown,football,2025,football,107
2026-10-07T10:04:57,Yale,womens-volleyball,2021,womens-volleyball,19
2026-10-07T10:04:57,Columbia,mens-tennis,2023,mens-tennis,13
2026-10-07T10:04:57,Princeton,mens-track-and-field,2023,mens-track-and-field,71
2026-10-07T10:04:57,Penn,mens-golf,2021,mens-golf,12
2026-10-07T10:04:57,Dartmouth,mens-golf,2025,mens-golf,9
2026-10-07T10:04:57,Yale,mens-cross-country,2022,mens-cross-country,26
2026-10-07T10:04:58,Penn,mens-rowing,2021,mens-rowing,35
2026-10-07T10:04:58,Columbia,womens-volleyball,2023,womens-volleyball,23
2026-10-07T10:04:58,Brown,mens-rowing,2025,mens-crew,47
2026-10-07T10:04:58,Princeton,womens-volleyball,2023,womens-volleyball,15
2026-10-07T10:04:58,Yale,football,2022,football,112
2026-10-07T10:04:58,Dartmouth,mens-rowing,2025,mens-rowing,50
2026-10-07T10:04:59,Princeton,mens-cross-country,2024,mens-cross-country,23
2026-10-07T10:04:59,Penn,mens-soccer,2021,mens-soccer,31
2026-10-07T10:04:59,Brown,mens-soccer,2025,mens-soccer,28
2026-10-07T10:05:00,Columbia,football,2024,football,112
2026-10-07T10:05:00,Dartmouth,mens-soccer,2025,mens-soccer,28
2026-10-07T10:05:00,Yale,mens-golf,2022,mens-golf,9
2026-10-07T10:05:00,Brown,mens-tennis,2025,mens-tennis,12
2026-10-07T10:05:01,Yale,mens-rowing,2022,mens-crew,60
2026-10-07T10:05:01,Penn,mens-tennis,2021,mens-tennis,11
2026-10-07T10:05:01,Dartmouth,mens-tennis,2025,mens-tennis,11
2026-10-07T10:05:01,Columbia,mens-golf,2024,mens-golf,9
2026-10-07T10:05:01,Brown,mens-track-and-field,2025,mens-track-and-field,54
2026-10-07T10:05:01,Princeton,football,2024,football,121
2026-10-07T10:05:02,Penn,mens-track-and-field,2021,mens-track-and-field,52
2026-10-07T10:05:02,Dartmouth,mens-track-and-field,2025,mens-track-and-field,41
2026-10-07T10:05:02,Columbia,mens-rowing,2024,mens-rowing,29
2026-10-07T10:05:02,Penn,womens-volleyball,2021,womens-volleyball,19
2026-10-07T10:05:02,Brown,womens-volleyball,2025,womens-volleyball,18
2026-10-07T10:05:02,Princeton,mens-golf,2024,mens-golf,10
2026-10-07T10:05:03,Yale,mens-soccer,2022,mens-soccer,35
2026-10-07T10:05:03,Dartmouth,womens-volleyball,2025,womens-volleyball,19
2026-10-07T10:05:03,Brown,mens-cross-country,2026,mens-cross-country,21
2026-10-07T10:05:04,Columbia,mens-soccer,2024,mens-soccer,30
2026-10-07T10:05:04,Yale,mens-tennis,2022,mens-tennis,9
2026-10-07T10:05:04,Dartmouth,mens-cross-country,2026,mens-cross-country,13
2026-10-07T10:05:04,Penn,mens-cross-country,2022,mens-cross-country,26
2026-10-07T10:05:04,Columbia,mens-tennis,2024,mens-tennis,13
2026-10-07T10:05:04,Princeton,mens-rowing,2024,mens-rowing,52
2026-10-07T10:05:04,Penn,football,2022,football,112
2026-10-07T10:05:05,Brown,football,2026,football,107
2026-10-07T10:05:05,Penn,mens-golf,2022,mens-golf,12
2026-10-07T10:05:05,Brown,mens-rowing,2026,mens-crew,49
2026-10-07T10:05:05,Columbia,womens-volleyball,2024,womens-volleyball,18
2026-10-07T10:05:06,Dartmouth,football,2026,football,106
2026-10-07T10:05:06,Penn,mens-rowing,2022,mens-rowing,39
2026-10-07T10:05:06,Princeton,mens-soccer,2024,mens-soccer,31
2026-10-07T10:05:06,Yale,mens-track-and-field,2022,mens-track-and-field,52
2026-10-07T10:05:07,Yale,womens-volleyball,2022,womens-volleyball,19
2026-10-07T10:05:07,Dartmouth,mens-golf,2026,mens-golf,8
2026-10-07T10:05:07,Penn,mens-soccer,2022,mens-soccer,28
2026-10-07T10:05:07,Princeton,mens-tennis,2024,mens-tennis,14
2026-10-07T10:05:07,Brown,mens-soccer,2026,mens-soccer,29
2026-10-07T10:05:08,Columbia,football,2025,football,108
2026-10-07T10:05:08,Penn,mens-tennis,2022,mens-tennis,12
2026-10-07T10:05:08,Brown,mens-tennis,2026,mens-tennis,13
2026-10-07T10:05:08,Dartmouth,mens-rowing,2026,mens-rowing,43
2026-10-07T10:05:08,Yale,mens-cross-country,2023,mens-cross-country,29
2026-10-07T10:05:08,Princeton,mens-track-and-field,2024,mens-track-and-field,63
2026-10-07T10:05:08,Yale,football,2023,football,120
2026-10-07T10:05:09,Brown,mens-track-and-field,2026,mens-track-and-field,54
2026-10-07T10:05:09,Princeton,womens-volleyball,2024,womens-volleyball,16
2026-10-07T10:05:09,Dartmouth,mens-soccer,2026,mens-soccer,28
2026-10-07T10:05:09,Yale,mens-golf,2024,mens-golf,8
2026-10-07T10:05:10,Penn,mens-track-and-field,2022,mens-track-and-field,53
2026-10-07T10:05:10,Brown,womens-volleyball,2026,womens-volleyball,20
2026-10-07T10:05:10,Dartmouth,mens-tennis,2026,mens-tennis,10
2026-10-07T10:05:10,Princeton,mens-cross-country,2025,mens-cross-country,25
2026-10-07T10:05:10,Penn,womens-volleyball,2022,womens-volleyball,16
2026-10-07T10:05:11,Penn,mens-cross-country,2023,mens-cross-country,22
2026-10-07T10:05:12,Dartmouth,mens-track-and-field,2026,mens-track-and-field,41
2026-10-07T10:05:12,Penn,football,2023,football,115
2026-10-07T10:05:12,Dartmouth,womens-volleyball,2026,womens-volleyball,17
2026-10-07T10:05:13,Yale,mens-rowing,2023,mens-crew,52
2026-10-07T10:05:13,Penn,mens-golf,2023,mens-golf,8
2026-10-07T10:05:13,Yale,mens-soccer,2023,mens-soccer,31
2026-10-07T10:05:13,Penn,mens-rowing,2023,mens-rowing,46
2026-10-07T10:05:14,Yale,mens-tennis,2023,mens-tennis,10
2026-10-07T10:05:14,Yale,mens-track-and-field,2023,mens-track-and-field,60
2026-10-07T10:05:15,Yale,womens-volleyball,2023,womens-volleyball,19
2026-10-07T10:05:15,Penn,mens-soccer,2023,mens-soccer,31
2026-10-07T10:05:16,Yale,mens-cross-country,2024,mens-cross-country,29
2026-10-07T10:05:16,Princeton,football,2025,football,113
2026-10-07T10:05:16,Penn,mens-tennis,2023,mens-tennis,10
2026-10-07T10:05:16,Yale,football,2024,football,119
2026-10-07T10:05:16,Princeton,mens-golf,2025,mens-golf,12
2026-10-07T10:05:17,Penn,mens-track-and-field,2023,mens-track-and-field,53
2026-10-07T10:05:17,Columbia,mens-golf,2025,mens-golf,9
2026-10-07T10:05:18,Penn,womens-volleyball,2023,womens-volleyball,17
2026-10-07T10:05:18,Columbia,mens-rowing,2025,mens-rowing,41
2026-10-07T10:05:19,Princeton,mens-rowing,2025,mens-rowing,56
2026-10-07T10:05:19,Penn,mens-cross-country,2024,mens-cross-country,23
2026-10-07T10:05:20,Penn,football,2024,football,111
2026-10-07T10:05:20,Columbia,mens-soccer,2025,mens-soccer,31
2026-10-07T10:05:20,Princeton,mens-soccer,2025,mens-soccer,32
2026-10-07T10:05:20,Penn,mens-golf,2024,mens-golf,8
2026-10-07T10:05:21,Penn,mens-rowing,2024,mens-rowing,53
2026-10-07T10:05:21,Columbia,mens-tennis,2025,mens-tennis,14
2026-10-07T10:05:21,Penn,mens-soccer,2024,mens-soccer,31
2026-10-07T10:05:22,Columbia,womens-volleyball,2025,womens-volleyball,19
2026-10-07T10:05:22,Princeton,mens-tennis,2025,mens-tennis,12
2026-10-07T10:05:23,Penn,mens-tennis,2024,mens-tennis,11
2026-10-07T10:05:23,Princeton,mens-track-and-field,2025,mens-track-and-field,67
2026-10-07T10:05:24,Columbia,football,2026,football,108
2026-10-07T10:05:24,Penn,mens-track-and-field,2024,mens-track-and-field,53
2026-10-07T10:05:24,Princeton,womens-volleyball,2025,womens-volleyball,18
2026-10-07T10:05:24,Columbia,mens-golf,2026,mens-golf,10
2026-10-07T10:05:25,Princeton,mens-cross-country,2026,mens-cross-country,25
2026-10-07T10:05:26,Columbia,mens-rowing,2026,mens-rowing,38
2026-10-07T10:05:26,Penn,womens-volleyball,2024,womens-volleyball,18
2026-10-07T10:05:26,Yale,mens-golf,2025,mens-golf,7
2026-10-07T10:05:27,Yale,mens-rowing,2024,mens-crew,59
2026-10-07T10:05:27,Princeton,football,2026,football,110
2026-10-07T10:05:27,Penn,mens-cross-country,2025,mens-cross-country,17
2026-10-07T10:05:28,Columbia,mens-soccer,2026,mens-soccer,27
2026-10-07T10:05:28,Princeton,mens-golf,2026,mens-golf,11
2026-10-07T10:05:28,Penn,football,2025,football,103
2026-10-07T10:05:29,Columbia,mens-tennis,2026,mens-tennis,14
2026-10-07T10:05:29,Penn,mens-golf,2025,mens-golf,8
2026-10-07T10:05:29,Princeton,mens-rowing,2026,,0
2026-10-07T10:05:30,Columbia,womens-volleyball,2026,womens-volleyball,20
2026-10-07T10:05:30,Penn,mens-rowing,2025,mens-rowing,48
2026-10-07T10:05:30,Yale,mens-soccer,2024,mens-soccer,28
2026-10-07T10:05:31,Yale,mens-tennis,2024,mens-tennis,12
2026-10-07T10:05:31,Princeton,mens-soccer,2026,mens-soccer,28
2026-10-07T10:05:32,Yale,mens-track-and-field,2024,mens-track-and-field,52
2026-10-07T10:05:32,Penn,mens-soccer,2025,mens-soccer,33
2026-10-07T10:05:32,Princeton,mens-tennis,2026,mens-tennis,12
2026-10-07T10:05:32,Yale,womens-volleyball,2024,womens-volleyball,18
2026-10-07T10:05:32,Penn,mens-tennis,2025,mens-tennis,12
2026-10-07T10:05:34,Penn,mens-track-and-field,2025,mens-track-and-field,55
2026-10-07T10:05:34,Princeton,mens-track-and-field,2026,mens-track-and-field,67
2026-10-07T10:05:35,Penn,womens-volleyball,2025,womens-volleyball,19
2026-10-07T10:05:35,Princeton,womens-volleyball,2026,womens-volleyball,16
2026-10-07T10:05:35,Penn,mens-cross-country,2026,mens-cross-country,17
2026-10-07T10:05:36,Yale,mens-cross-country,2025,mens-cross-country,28
2026-10-07T10:05:36,Penn,football,2026,football,93
2026-10-07T10:05:36,Yale,football,2025,football,102
2026-10-07T10:05:38,Penn,mens-golf,2026,mens-golf,9
2026-10-07T10:05:38,Penn,mens-rowing,2026,mens-rowing,38
2026-10-07T10:05:38,Yale,mens-golf,2026,mens-golf,8
2026-10-07T10:05:39,Penn,mens-soccer,2026,mens-soccer,32
2026-10-07T10:05:39,Yale,mens-rowing,2025,mens-crew,46
2026-10-07T10:05:39,Penn,mens-tennis,2026,mens-tennis,12
2026-10-07T10:05:40,Yale,mens-soccer,2025,mens-soccer,28
2026-10-07T10:05:40,Penn,mens-track-and-field,2026,mens-track-and-field,51
2026-10-07T10:05:40,Yale,mens-tennis,2025,mens-tennis,10
2026-10-07T10:05:40,Yale,mens-track-and-field,2025,mens-track-and-field,54
2026-10-07T10:05:41,Yale,womens-volleyball,2025,womens-volleyball,18
2026-10-07T10:05:41,Yale,mens-cross-country,2026,mens-cross-country,25
2026-10-07T10:05:42,Yale,football,2026,football,93
2026-10-07T10:05:42,Yale,mens-rowing,2026,mens-crew,51
2026-10-07T10:05:43,Yale,mens-soccer,2026,mens-soccer,28
2026-10-07T10:05:43,Yale,mens-tennis,2026,mens-tennis,12
2026-10-07T10:05:44,Yale,mens-track-and-field,2026,mens-track-and-field,53
2026-10-07T10:05:44,Yale,womens-volleyball,2026,womens-volleyball,17
2026-10-07T10:05:45,Penn,womens-volleyball,2026,womens-volleyball,18
2026-10-07T11:04:30,Penn,baseball,2026,baseball,37
2026-10-07T11:04:30,Harvard,baseball,2026,baseball,30
2026-10-07T11:04:30,Cornell,baseball,2026,baseball,40
2026-10-07T11:04:30,Yale,baseball,2026,baseball,31
2026-10-07T11:04:31,Brown,baseball,2026,baseball,38
2026-10-07T11:04:31,Princeton,baseball,2026,baseball,25
2026-10-07T11:04:31,Penn,mens-basketball,2026,mens-basketball,19
2026-10-07T11:04:31,Cornell,mens-basketball,2026,mens-basketball,19
2026-10-07T11:04:31,Columbia,baseball,2026,baseball,44
2026-10-07T11:04:31,Harvard,mens-basketball,2026,mens-basketball,20
2026-10-07T11:04:31,Dartmouth,baseball,2026,,0
2026-10-07T11:04:31,Penn,mens-cross-country,2026,mens-cross-country,17
2026-10-07T11:04:31,Cornell,mens-cross-country,2026,mens-cross-country,24
2026-10-07T11:04:31,Brown,mens-basketball,2026,mens-basketball,19
2026-10-07T11:04:32,Cornell,football,2026,football,119
2026-10-07T11:04:32,Princeton,mens-basketball,2026,mens-basketball,21
2026-10-07T11:04:32,Columbia,mens-basketball,2026,mens-basketball,19
2026-10-07T11:04:32,Dartmouth,mens-basketball,2026,mens-basketball,15
2026-10-07T11:04:32,Penn,football,2026,football,93
2026-10-07T11:04:32,Cornell,mens-golf,2026,mens-golf,8
2026-10-07T11:04:32,Harvard,football,2026,football,109
2026-10-07T11:04:32,Brown,mens-cross-country,2026,mens-cross-country,21
2026-10-07T11:04:33,Princeton,mens-cross-country,2026,mens-cross-country,25
2026-10-07T11:04:33,Penn,mens-golf,2026,mens-golf,9
2026-10-07T11:04:33,Dartmouth,mens-cross-country,2026,mens-cross-country,13
2026-10-07T11:04:33,Cornell,mens-ice-hockey,2026,mens-ice-hockey,31
2026-10-07T11:04:33,Harvard,mens-golf,2026,mens-golf,8
2026-10-07T11:04:33,Penn,mens-lacrosse,2026,mens-lacrosse,31
2026-10-07T11:04:33,Penn,mens-rowing,2026,mens-rowing,38
2026-10-07T11:04:33,Cornell,mens-lacrosse,2026,mens-lacrosse,52
2026-10-07T11:04:34,Harvard,mens-ice-hockey,2026,mens-ice-hockey,29
2026-10-07T11:04:34,Yale,mens-basketball,2026,mens-basketball,15
2026-10-07T11:04:34,Penn,mens-soccer,2026,mens-soccer,32
2026-10-07T11:04:34,Cornell,mens-rowing,2026,mens-rowing,29
2026-10-07T11:04:34,Columbia,football,2026,football,108
2026-10-07T11:04:34,Penn,mens-squash,2026,mens-squash,16
2026-10-07T11:04:34,Yale,mens-cross-country,2026,mens-cross-country,25
2026-10-07T11:04:34,Harvard,mens-lacrosse,2026,mens-lacrosse,49
2026-10-07T11:04:34,Cornell,mens-soccer,2026,mens-soccer,30
2026-10-07T11:04:35,Brown,football,2026,football,107
2026-10-07T11:04:35,Princeton,football,2026,football,110
2026-10-07T11:04:35,Penn,mens-swimming-and-diving,2026,mens-swimming-and-diving,28
2026-10-07T11:04:35,Columbia,mens-golf,2026,mens-golf,10
2026-10-07T11:04:35,Harvard,mens-rowing,2026,mens-heavyweight-rowing,43
2026-10-07T11:04:35,Yale,football,2026,football,93
2026-10-07T11:04:35,Dartmouth,football,2026,football,106
2026-10-07T11:04:35,Cornell,mens-squash,2026,mens-squash,14
2026-10-07T11:04:36,Brown,mens-golf,2026,mens-golf,12
2026-10-07T11:04:36,Penn,mens-tennis,2026,mens-tennis,12
2026-10-07T11:04:36,Harvard,rowing,2026,mens-lightweight-rowing,35
2026-10-07T11:04:36,Princeton,mens-golf,2026,mens-golf,11
2026-10-07T11:04:36,Cornell,mens-swimming-and-diving,2026,mens-swimming-and-diving,34
2026-10-07T11:04:36,Yale,mens-golf,2026,mens-golf,8
2026-10-07T11:04:36,Columbia,mens-rowing,2026,mens-rowing,38
2026-10-07T11:04:36,Penn,mens-track-and-field,2026,mens-track-and-field,51
2026-10-07T11:04:36,Harvard,sailing,2026,mens-sailing,36
2026-10-07T11:04:36,Cornell,mens-tennis,2026,mens-tennis,11
2026-10-07T11:04:36,Dartmouth,mens-golf,2026,mens-golf,8
2026-10-07T11:04:36,Brown,mens-ice-hockey,2026,mens-ice-hockey,29
2026-10-07T11:04:37,Penn,womens-basketball,2026,womens-basketball,16
2026-10-07T11:04:37,Cornell,mens-track-and-field,2026,mens-track-and-field,51
2026-10-07T11:04:37,Harvard,skiing,2026,skiing,21
2026-10-07T11:04:37,Princeton,mens-ice-hockey,2026,mens-ice-hockey,29
2026-10-07T11:04:37,Columbia,rowing,2026,lightweight-rowing,36
2026-10-07T11:04:37,Penn,womens-cross-country,2026,womens-cross-country,20
2026-10-07T11:04:37,Dartmouth,mens-ice-hockey,2026,mens-ice-hockey,31
2026-10-07T11:04:37,Cornell,womens-basketball,2026,womens-basketball,16
2026-10-07T11:04:37,Harvard,mens-soccer,2026,mens-soccer,29
2026-10-07T11:04:37,Brown,mens-lacrosse,2026,mens-lacrosse,52
2026-10-07T11:04:37,Penn,field-hockey,2026,field-hockey,22
2026-10-07T11:04:37,Cornell,womens-cross-country,2026,womens-cross-country,20
2026-10-07T11:04:38,Harvard,mens-squash,2026,mens-squash,13
2026-10-07T11:04:38,Penn,womens-golf,2026,womens-golf,8
2026-10-07T11:04:38,Princeton,mens-lacrosse,2026,mens-lacrosse,54
2026-10-07T11:04:38,Cornell,equestrian,2026,equestrian,37
2026-10-07T11:04:38,Yale,mens-ice-hockey,2026,mens-ice-hockey,29
2026-10-07T11:04:38,Brown,mens-rowing,2026,mens-crew,49
2026-10-07T11:04:38,Penn,womens-lacrosse,2026,womens-lacrosse,34
2026-10-07T11:04:38,Harvard,mens-swimming-and-diving,2026,mens-swimming-and-diving,30
2026-10-07T11:04:38,Dartmouth,mens-lacrosse,2026,,0
2026-10-07T11:04:38,Cornell,field-hockey,2026,field-hockey,26
2026-10-07T11:04:39,Penn,womens-soccer,2026,womens-soccer,30
2026-10-07T11:04:39,Columbia,mens-soccer,2026,mens-soccer,27
2026-10-07T11:04:39,Harvard,mens-tennis,2026,mens-tennis,13
2026-10-07T11:04:39,Cornell,womens-ice-hockey,2026,womens-ice-hockey,24
2026-10-07T11:04:39,Penn,womens-squash,2026,womens-squash,14
2026-10-07T11:04:39,Brown,sailing,2026,coed-sailing,31
2026-10-07T11:04:39,Princeton,mens-rowing,2026,,0
2026-10-07T11:04:39,Dartmouth,mens-rowing,2026,mens-rowing,43
2026-10-07T11:04:39,Harvard,womens-basketball,2026,womens-basketball,18
2026-10-07T11:04:39,Cornell,womens-lacrosse,2026,womens-lacrosse,40
2026-10-07T11:04:39,Columbia,mens-squash,2026,mens-squash,17
2026-10-07T11:04:40,Penn,womens-swimming-and-diving,2026,womens-swimming-and-diving,31
2026-10-07T11:04:40,Cornell,womens-soccer,2026,womens-soccer,31
2026-10-07T11:04:40,Harvard,field-hockey,2026,field-hockey,20
2026-10-07T11:04:40,Dartmouth,rowing,2026,rowing,25
2026-10-07T11:04:40,Penn,womens-tennis,2026,womens-tennis,10
2026-10-07T11:04:40,Cornell,womens-squash,2026,womens-squash,14
2026-10-07T11:04:40,Harvard,womens-golf,2026,womens-golf,9
2026-10-07T11:04:40,Columbia,mens-swimming-and-diving,2026,mens-swimming-and-diving,37
2026-10-07T11:04:40,Yale,mens-lacrosse,2026,mens-lacrosse,48
2026-10-07T11:04:40,Princeton,rowing,2026,,0
2026-10-07T11:04:41,Penn,womens-track-and-field,2026,womens-track-and-field,57
2026-10-07T11:04:41,Dartmouth,sailing,2026,sailing,28
2026-10-07T11:04:41,Cornell,womens-swimming-and-diving,2026,womens-swimming-and-diving,31
2026-10-07T11:04:41,Harvard,womens-ice-hockey,2026,womens-ice-hockey,24
2026-10-07T11:04:41,Penn,womens-volleyball,2026,womens-volleyball,18
2026-10-07T11:04:41,Cornell,womens-tennis,2026,womens-tennis,10
2026-10-07T11:04:41,Columbia,mens-tennis,2026,mens-tennis,14
2026-10-07T11:04:41,Brown,mens-soccer,2026,mens-soccer,29
2026-10-07T11:04:41,Harvard,womens-lacrosse,2026,womens-lacrosse,29
2026-10-07T11:04:41,Yale,mens-rowing,2026,mens-crew,51
2026-10-07T11:04:41,Penn,womens-rowing,2026,womens-rowing,34
2026-10-07T11:04:41,Cornell,womens-track-and-field,2026,womens-track-and-field,51
2026-10-07T11:04:42,Harvard,womens-rugby,2026,womens-rugby,27
2026-10-07T11:04:42,Cornell,womens-volleyball,2026,womens-volleyball,18
2026-10-07T11:04:42,Brown,mens-squash,2026,mens-squash,14
2026-10-07T11:04:42,Cornell,womens-sailing,2026,womens-sailing,14
2026-10-07T11:04:42,Harvard,womens-soccer,2026,womens-soccer,24
2026-10-07T11:04:42,Princeton,mens-soccer,2026,mens-soccer,28
2026-10-07T11:04:42,Columbia,womens-basketball,2026,womens-basketball,15
2026-10-07T11:04:42,Yale,rowing,2026,mens-rowing,33
2026-10-07T11:04:42,Cornell,womens-rowing,2026,womens-rowing,54
2026-10-07T11:04:43,Dartmouth,skiing,2026,skiing,42
2026-10-07T11:04:43,Harvard,womens-squash,2026,womens-squash,12
2026-10-07T11:04:43,Brown,mens-swimming-and-diving,2026,mens-swimming-and-diving,35
2026-10-07T11:04:43,Princeton,mens-squash,2026,mens-squash,14
2026-10-07T11:04:43,Harvard,womens-swimming-and-diving,2026,womens-swimming-and-diving,31
2026-10-07T11:04:44,Brown,mens-tennis,2026,mens-tennis,13
2026-10-07T11:04:44,Harvard,womens-tennis,2026,womens-tennis,14
2026-10-07T11:04:44,Yale,sailing,2026,sailing,27
2026-10-07T11:04:44,Princeton,mens-swimming-and-diving,2026,mens-swimming-and-diving,39
2026-10-07T11:04:44,Dartmouth,mens-soccer,2026,mens-soccer,28
2026-10-07T11:04:44,Harvard,womens-volleyball,2026,womens-volleyball,14
2026-10-07T11:04:45,Brown,mens-track-and-field,2026,mens-track-and-field,54
2026-10-07T11:04:45,Harvard,cross-country,2026,cross-country,37
2026-10-07T11:04:45,Princeton,mens-tennis,2026,mens-tennis,12
2026-10-07T11:04:45,Dartmouth,mens-squash,2026,mens-squash,12
2026-10-07T11:04:45,Yale,mens-soccer,2026,mens-soccer,28
2026-10-07T11:04:45,Harvard,track-and-field,2026,mens-track-and-field,93
2026-10-07T11:04:45,Brown,womens-basketball,2026,womens-basketball,18
2026-10-07T11:04:46,Harvard,womens-rowing,2026,womens-heavyweight-rowing,35
2026-10-07T11:04:46,Dartmouth,mens-swimming-and-diving,2026,mens-swimming-and-diving,23
2026-10-07T11:04:46,Brown,womens-cross-country,2026,womens-cross-country,25
2026-10-07T11:04:46,Harvard,womens-lightweight-rowing,2026,womens-lightweight-rowing,27
2026-10-07T11:04:46,Dartmouth,mens-tennis,2026,mens-tennis,10
2026-10-07T11:04:46,Yale,mens-squash,2026,mens-squash,13
2026-10-07T11:04:46,Columbia,field-hockey,2026,field-hockey,28
2026-10-07T11:04:47,Brown,equestrian,2026,equestrian,21
2026-10-07T11:04:47,Princeton,mens-track-and-field,2026,mens-track-and-field,67
2026-10-07T11:04:47,Columbia,womens-golf,2026,womens-golf,12
2026-10-07T11:04:48,Columbia,womens-lacrosse,2026,womens-lacrosse,31
2026-10-07T11:04:48,Princeton,womens-basketball,2026,womens-basketball,15
2026-10-07T11:04:48,Dartmouth,mens-track-and-field,2026,mens-track-and-field,41
2026-10-07T11:04:48,Brown,field-hockey,2026,field-hockey,24
2026-10-07T11:04:49,Princeton,womens-cross-country,2026,womens-cross-country,24
2026-10-07T11:04:49,Dartmouth,womens-basketball,2026,womens-basketball,17
2026-10-07T11:04:49,Brown,womens-golf,2026,womens-golf,8
2026-10-07T11:04:49,Columbia,womens-soccer,2026,womens-soccer,31
2026-10-07T11:04:49,Brown,womens-ice-hockey,2026,womens-ice-hockey,26
2026-10-07T11:04:50,Dartmouth,womens-cross-country,2026,womens-cross-country,21
2026-10-07T11:04:50,Princeton,field-hockey,2026,field-hockey,24
2026-10-07T11:04:50,Columbia,womens-squash,2026,womens-squash,17
2026-10-07T11:04:50,Dartmouth,equestrian,2026,equestrian,11
2026-10-07T11:04:50,Brown,womens-lacrosse,2026,womens-lacrosse,31
2026-10-07T11:04:51,Princeton,womens-golf,2026,womens-golf,10
2026-10-07T11:04:51,Columbia,womens-swimming-and-diving,2026,womens-swimming-and-diving,34
2026-10-07T11:04:51,Brown,womens-rugby,2026,womens-rugby,35
2026-10-07T11:04:52,Princeton,womens-ice-hockey,2026,womens-ice-hockey,23
2026-10-07T11:04:52,Dartmouth,field-hockey,2026,field-hockey,24
2026-10-07T11:04:52,Yale,mens-swimming-and-diving,2026,mens-swimming-and-diving,29
2026-10-07T11:04:52,Columbia,womens-tennis,2026,womens-tennis,15
2026-10-07T11:04:52,Brown,womens-soccer,2026,womens-soccer,32
2026-10-07T11:04:52,Princeton,womens-lacrosse,2026,womens-lacrosse,32
2026-10-07T11:04:52,Dartmouth,womens-golf,2026,womens-golf,10
2026-10-07T11:04:53,Columbia,womens-volleyball,2026,womens-volleyball,20
2026-10-07T11:04:53,Princeton,womens-rugby,2026,womens-rugby,28
2026-10-07T11:04:53,Dartmouth,womens-ice-hockey,2026,womens-ice-hockey,27
2026-10-07T11:04:54,Columbia,cross-country,2026,cross-country,52
2026-10-07T11:04:54,Princeton,womens-soccer,2026,womens-soccer,28
2026-10-07T11:04:54,Dartmouth,womens-lacrosse,2026,womens-lacrosse,37
2026-10-07T11:04:54,Brown,womens-squash,2026,womens-squash,17
2026-10-07T11:04:55,Dartmouth,womens-rugby,2026,womens-rugby,33
2026-10-07T11:04:55,Princeton,womens-squash,2026,womens-squash,14
2026-10-07T11:04:55,Brown,womens-swimming-and-diving,2026,womens-swimming-and-diving,30
2026-10-07T11:04:55,Columbia,track-and-field,2026,track-and-field,112
2026-10-07T11:04:55,Dartmouth,womens-soccer,2026,womens-soccer,29
2026-10-07T11:04:55,Brown,womens-tennis,2026,womens-tennis,14
2026-10-07T11:04:55,Princeton,womens-swimming-and-diving,2026,womens-swimming-and-diving,30
2026-10-07T11:04:56,Yale,mens-tennis,2026,mens-tennis,12
2026-10-07T11:04:56,Columbia,womens-rowing,2026,womens-rowing,45
2026-10-07T11:04:56,Princeton,womens-tennis,2026,womens-tennis,11
2026-10-07T11:04:56,Dartmouth,womens-squash,2026,womens-squash,13
2026-10-07T11:04:56,Yale,mens-track-and-field,2026,mens-track-and-field,53
2026-10-07T11:04:56,Brown,womens-track-and-field,2026,womens-track-and-field,60
2026-10-07T11:04:57,Dartmouth,womens-swimming-and-diving,2026,womens-swimming-and-diving,29
2026-10-07T11:04:57,Brown,womens-volleyball,2026,womens-volleyball,20
2026-10-07T11:04:58,Brown,womens-sailing,2026,womens-sailing,21
2026-10-07T11:04:58,Dartmouth,womens-tennis,2026,womens-tennis,12
2026-10-07T11:04:58,Princeton,womens-track-and-field,2026,womens-track-and-field,59
2026-10-07T11:04:59,Brown,womens-rowing,2026,womens-crew,44
2026-10-07T11:04:59,Yale,womens-basketball,2026,womens-basketball,19
2026-10-07T11:04:59,Princeton,womens-volleyball,2026,womens-volleyball,16
2026-10-07T11:05:00,Dartmouth,womens-track-and-field,2026,womens-track-and-field,44
2026-10-07T11:05:00,Princeton,womens-rowing,2026,,0
2026-10-07T11:05:01,Dartmouth,womens-volleyball,2026,womens-volleyball,17
2026-10-07T11:05:02,Dartmouth,womens-rowing,2026,womens-rowing,53
2026-10-07T11:05:03,Yale,womens-cross-country,2026,womens-cross-country,18
2026-10-07T11:05:04,Yale,field-hockey,2026,field-hockey,19
2026-10-07T11:05:06,Yale,womens-golf,2026,womens-golf,8
2026-10-07T11:05:07,Yale,womens-ice-hockey,2026,womens-ice-hockey,27
2026-10-07T11:05:08,Yale,womens-lacrosse,2026,womens-lacrosse,33
2026-10-07T11:05:09,Yale,womens-soccer,2026,womens-soccer,26
2026-10-07T11:05:11,Yale,womens-squash,2026,womens-squash,8
2026-10-07T11:05:13,Yale,womens-swimming-and-diving,2026,womens-swimming-and-diving,29
2026-10-07T11:05:13,Yale,womens-tennis,2026,womens-tennis,10
2026-10-07T11:05:14,Yale,womens-track-and-field,2026,womens-track-and-field,49
2026-10-07T11:05:16,Yale,womens-volleyball,2026,womens-volleyball,17
2026-10-07T11:05:19,Yale,womens-sailing,2026,womens-sailing,15
2026-10-07T11:05:22,Yale,womens-rowing,2026,womens-crew,39
2026-10-07T11:29:58,Cornell,baseball,2026,baseball,40
2026-10-07T11:29:58,Harvard,baseball,2026,baseball,30
2026-10-07T11:29:58,Penn,baseball,2026,baseball,37
2026-10-07T11:29:58,Brown,baseball,2026,baseball,38
2026-10-07T11:29:58,Cornell,mens-basketball,2026,mens-basketball,19
2026-10-07T11:29:59,Columbia,baseball,2026,baseball,44
2026-10-07T11:29:59,Harvard,mens-basketball,2026,mens-basketball,20
2026-10-07T11:29:59,Princeton,baseball,2026,baseball,25
2026-10-07T11:29:59,Penn,mens-basketball,2026,mens-basketball,19
2026-10-07T11:29:59,Cornell,mens-cross-country,2026,mens-cross-country,24
2026-10-07T11:29:59,Dartmouth,baseball,2026,,0
2026-10-07T11:29:59,Harvard,football,2026,football,109
2026-10-07T11:29:59,Penn,mens-cross-country,2026,mens-cross-country,17
2026-10-07T11:29:59,Cornell,football,2026,football,119
2026-10-07T11:29:59,Brown,mens-basketball,2026,mens-basketball,19
2026-10-07T11:30:00,Princeton,mens-basketball,2026,mens-basketball,21
2026-10-07T11:30:00,Harvard,mens-golf,2026,mens-golf,8
2026-10-07T11:30:00,Yale,baseball,2026,baseball,31
2026-10-07T11:30:00,Dartmouth,mens-basketball,2026,mens-basketball,15
2026-10-07T11:30:00,Penn,football,2026,football,93
2026-10-07T11:30:00,Cornell,mens-golf,2026,mens-golf,8
2026-10-07T11:30:00,Columbia,mens-basketball,2026,mens-basketball,19
2026-10-07T11:30:00,Brown,mens-cross-country,2026,mens-cross-country,21
2026-10-07T11:30:00,Harvard,mens-ice-hockey,2026,mens-ice-hockey,29
2026-10-07T11:30:00,Penn,mens-golf,2026,mens-golf,9
2026-10-07T11:30:00,Princeton,mens-cross-country,2026,mens-cross-country,25
2026-10-07T11:30:00,Cornell,mens-ice-hockey,2026,mens-ice-hockey,31
2026-10-07T11:30:01,Penn,mens-lacrosse,2026,mens-lacrosse,31
2026-10-07T11:30:01,Harvard,mens-lacrosse,2026,mens-lacrosse,49
2026-10-07T11:30:01,Dartmouth,mens-cross-country,2026,mens-cross-country,13
2026-10-07T11:30:01,Yale,mens-basketball,2026,mens-basketball,15
2026-10-07T11:30:01,Cornell,mens-lacrosse,2026,mens-lacrosse,52
2026-10-07T11:30:01,Harvard,mens-rowing,2026,mens-heavyweight-rowing,43
2026-10-07T11:30:01,Cornell,mens-rowing,2026,mens-rowing,29
2026-10-07T11:30:01,Penn,mens-rowing,2026,mens-rowing,38
2026-10-07T11:30:01,Yale,mens-cross-country,2026,mens-cross-country,25
2026-10-07T11:30:02,Harvard,rowing,2026,mens-lightweight-rowing,35
2026-10-07T11:30:02,Cornell,mens-soccer,2026,mens-soccer,30
2026-10-07T11:30:02,Columbia,football,2026,football,108
2026-10-07T11:30:02,Penn,mens-soccer,2026,mens-soccer,32
2026-10-07T11:30:02,Yale,football,2026,football,93
2026-10-07T11:30:02,Cornell,mens-squash,2026,mens-squash,14
2026-10-07T11:30:02,Brown,football,2026,football,107
2026-10-07T11:30:02,Harvard,sailing,2026,mens-sailing,36
2026-10-07T11:30:03,Penn,mens-squash,2026,mens-squash,16
2026-10-07T11:30:03,Dartmouth,football,2026,football,106
2026-10-07T11:30:03,Cornell,mens-swimming-and-diving,2026,mens-swimming-and-diving,34
2026-10-07T11:30:03,Harvard,skiing,2026,skiing,21
2026-10-07T11:30:03,Penn,mens-swimming-and-diving,2026,mens-swimming-and-diving,28
2026-10-07T11:30:03,Cornell,mens-tennis,2026,mens-tennis,11
2026-10-07T11:30:04,Princeton,football,2026,football,110
2026-10-07T11:30:04,Columbia,mens-golf,2026,mens-golf,10
2026-10-07T11:30:04,Brown,mens-golf,2026,mens-golf,12
2026-10-07T11:30:04,Penn,mens-tennis,2026,mens-tennis,12
2026-10-07T11:30:04,Dartmouth,mens-golf,2026,mens-golf,8
2026-10-07T11:30:04,Yale,mens-golf,2026,mens-golf,8
2026-10-07T11:30:04,Cornell,mens-track-and-field,2026,mens-track-and-field,51
2026-10-07T11:30:04,Harvard,mens-soccer,2026,mens-soccer,29
2026-10-07T11:30:04,Cornell,womens-basketball,2026,womens-basketball,16
2026-10-07T11:30:04,Penn,mens-track-and-field,2026,mens-track-and-field,51
2026-10-07T11:30:04,Harvard,mens-squash,2026,mens-squash,13
2026-10-07T11:30:04,Brown,mens-ice-hockey,2026,mens-ice-hockey,29
2026-10-07T11:30:04,Dartmouth,mens-ice-hockey,2026,mens-ice-hockey,31
2026-10-07T11:30:05,Cornell,womens-cross-country,2026,womens-cross-country,20
2026-10-07T11:30:05,Yale,mens-ice-hockey,2026,mens-ice-hockey,29
2026-10-07T11:30:05,Harvard,mens-swimming-and-diving,2026,mens-swimming-and-diving,30
2026-10-07T11:30:05,Penn,womens-basketball,2026,womens-basketball,16
2026-10-07T11:30:05,Cornell,equestrian,2026,equestrian,37
2026-10-07T11:30:05,Harvard,mens-tennis,2026,mens-tennis,13
2026-10-07T11:30:05,Columbia,mens-rowing,2026,mens-rowing,38
2026-10-07T11:30:05,Princeton,mens-golf,2026,mens-golf,11
2026-10-07T11:30:05,Penn,womens-cross-country,2026,womens-cross-country,20
2026-10-07T11:30:05,Yale,mens-lacrosse,2026,mens-lacrosse,48
2026-10-07T11:30:05,Brown,mens-lacrosse,2026,mens-lacrosse,52
2026-10-07T11:30:05,Cornell,field-hockey,2026,field-hockey,26
2026-10-07T11:30:06,Harvard,womens-basketball,2026,womens-basketball,18
2026-10-07T11:30:06,Penn,field-hockey,2026,field-hockey,22
2026-10-07T11:30:06,Dartmouth,mens-lacrosse,2026,,0
2026-10-07T11:30:06,Cornell,womens-ice-hockey,2026,womens-ice-hockey,24
2026-10-07T11:30:06,Yale,mens-rowing,2026,mens-crew,51
2026-10-07T11:30:06,Harvard,field-hockey,2026,field-hockey,20
2026-10-07T11:30:06,Penn,womens-golf,2026,womens-golf,8
2026-10-07T11:30:06,Columbia,rowing,2026,lightweight-rowing,36
2026-10-07T11:30:06,Cornell,womens-lacrosse,2026,womens-lacrosse,40
2026-10-07T11:30:06,Harvard,womens-golf,2026,womens-golf,9
2026-10-07T11:30:06,Yale,rowing,2026,mens-rowing,33
2026-10-07T11:30:07,Penn,womens-lacrosse,2026,womens-lacrosse,34
2026-10-07T11:30:07,Brown,mens-rowing,2026,mens-crew,49
2026-10-07T11:30:07,Cornell,womens-soccer,2026,womens-soccer,31
2026-10-07T11:30:07,Princeton,mens-ice-hockey,2026,mens-ice-hockey,29
2026-10-07T11:30:07,Dartmouth,mens-rowing,2026,mens-rowing,43
2026-10-07T11:30:07,Harvard,womens-ice-hockey,2026,womens-ice-hockey,24
2026-10-07T11:30:07,Penn,womens-soccer,2026,womens-soccer,30
2026-10-07T11:30:07,Cornell,womens-squash,2026,womens-squash,14
2026-10-07T11:30:07,Harvard,womens-lacrosse,2026,womens-lacrosse,29
2026-10-07T11:30:07,Penn,womens-squash,2026,womens-squash,14
2026-10-07T11:30:07,Cornell,womens-swimming-and-diving,2026,womens-swimming-and-diving,31
2026-10-07T11:30:08,Yale,sailing,2026,sailing,27
2026-10-07T11:30:08,Columbia,mens-soccer,2026,mens-soccer,27
2026-10-07T11:30:08,Dartmouth,rowing,2026,rowing,25
2026-10-07T11:30:08,Brown,sailing,2026,coed-sailing,31
2026-10-07T11:30:08,Harvard,womens-rugby,2026,womens-rugby,27
2026-10-07T11:30:08,Cornell,womens-tennis,2026,womens-tennis,10
2026-10-07T11:30:08,Penn,womens-swimming-and-diving,2026,womens-swimming-and-diving,31
2026-10-07T11:30:08,Yale,mens-soccer,2026,mens-soccer,28
2026-10-07T11:30:08,Harvard,womens-soccer,2026,womens-soccer,24
2026-10-07T11:30:08,Cornell,womens-track-and-field,2026,womens-track-and-field,51
2026-10-07T11:30:08,Dartmouth,sailing,2026,sailing,28
2026-10-07T11:30:08,Columbia,mens-squash,2026,mens-squash,17
2026-10-07T11:30:09,Princeton,mens-lacrosse,2026,mens-lacrosse,54
2026-10-07T11:30:09,Penn,womens-tennis,2026,womens-tennis,10
2026-10-07T11:30:09,Cornell,womens-volleyball,2026,womens-volleyball,18
2026-10-07T11:30:09,Harvard,womens-squash,2026,womens-squash,12
2026-10-07T11:30:09,Yale,mens-squash,2026,mens-squash,13
2026-10-07T11:30:09,Cornell,womens-sailing,2026,womens-sailing,14
2026-10-07T11:30:09,Penn,womens-track-and-field,2026,womens-track-and-field,57
2026-10-07T11:30:09,Harvard,womens-swimming-and-diving,2026,womens-swimming-and-diving,31
2026-10-07T11:30:09,Brown,mens-soccer,2026,mens-soccer,29
2026-10-07T11:30:09,Columbia,mens-swimming-and-diving,2026,mens-swimming-and-diving,37
2026-10-07T11:30:09,Cornell,womens-rowing,2026,womens-rowing,54
2026-10-07T11:30:09,Penn,womens-volleyball,2026,womens-volleyball,18
2026-10-07T11:30:10,Harvard,womens-tennis,2026,womens-tennis,14
2026-10-07T11:30:10,Yale,mens-swimming-and-diving,2026,mens-swimming-and-diving,29
2026-10-07T11:30:10,Penn,womens-rowing,2026,womens-rowing,34
2026-10-07T11:30:10,Columbia,mens-tennis,2026,mens-tennis,14
2026-10-07T11:30:10,Brown,mens-squash,2026,mens-squash,14
2026-10-07T11:30:10,Harvard,womens-volleyball,2026,womens-volleyball,14
2026-10-07T11:30:10,Dartmouth,skiing,2026,skiing,42
2026-10-07T11:30:10,Harvard,cross-country,2026,cross-country,37
2026-10-07T11:30:11,Columbia,womens-basketball,2026,womens-basketball,15
2026-10-07T11:30:11,Harvard,track-and-field,2026,mens-track-and-field,93
2026-10-07T11:30:11,Brown,mens-swimming-and-diving,2026,mens-swimming-and-diving,35
2026-10-07T11:30:11,Princeton,mens-rowing,2026,,0
2026-10-07T11:30:11,Harvard,womens-rowing,2026,womens-heavyweight-rowing,35
2026-10-07T11:30:11,Dartmouth,mens-soccer,2026,mens-soccer,28
2026-10-07T11:30:12,Harvard,womens-lightweight-rowing,2026,womens-lightweight-rowing,27
2026-10-07T11:30:12,Yale,mens-tennis,2026,mens-tennis,12
2026-10-07T11:30:12,Brown,mens-tennis,2026,mens-tennis,13
2026-10-07T11:30:12,Columbia,field-hockey,2026,field-hockey,28
2026-10-07T11:30:12,Dartmouth,mens-squash,2026,mens-squash,12
2026-10-07T11:30:13,Yale,mens-track-and-field,2026,mens-track-and-field,53
2026-10-07T11:30:13,Columbia,womens-golf,2026,womens-golf,12
2026-10-07T11:30:13,Dartmouth,mens-swimming-and-diving,2026,mens-swimming-and-diving,23
2026-10-07T11:30:13,Columbia,womens-lacrosse,2026,womens-lacrosse,31
2026-10-07T11:30:13,Brown,mens-track-and-field,2026,mens-track-and-field,54
2026-10-07T11:30:14,Yale,womens-basketball,2026,womens-basketball,19
2026-10-07T11:30:14,Columbia,womens-soccer,2026,womens-soccer,31
2026-10-07T11:30:14,Princeton,rowing,2026,,0
2026-10-07T11:30:14,Dartmouth,mens-tennis,2026,mens-tennis,10
2026-10-07T11:30:14,Columbia,womens-squash,2026,womens-squash,17
2026-10-07T11:30:14,Brown,womens-basketball,2026,womens-basketball,18
2026-10-07T11:30:14,Columbia,womens-swimming-and-diving,2026,womens-swimming-and-diving,34
2026-10-07T11:30:15,Yale,womens-cross-country,2026,womens-cross-country,18
2026-10-07T11:30:15,Columbia,womens-tennis,2026,womens-tennis,15
2026-10-07T11:30:15,Columbia,womens-volleyball,2026,womens-volleyball,20
2026-10-07T11:30:15,Brown,womens-cross-country,2026,womens-cross-country,25
2026-10-07T11:30:15,Yale,field-hockey,2026,field-hockey,19
2026-10-07T11:30:16,Dartmouth,mens-track-and-field,2026,mens-track-and-field,41
2026-10-07T11:30:16,Columbia,cross-country,2026,cross-country,52
2026-10-07T11:30:16,Yale,womens-golf,2026,womens-golf,8
2026-10-07T11:30:16,Columbia,track-and-field,2026,track-and-field,112
2026-10-07T11:30:17,Brown,equestrian,2026,equestrian,21
2026-10-07T11:30:17,Yale,womens-ice-hockey,2026,womens-ice-hockey,27
2026-10-07T11:30:17,Dartmouth,womens-basketball,2026,womens-basketball,17
2026-10-07T11:30:17,Columbia,womens-rowing,2026,womens-rowing,45
2026-10-07T11:30:17,Princeton,mens-soccer,2026,mens-soccer,28
2026-10-07T11:30:17,Yale,womens-lacrosse,2026,womens-lacrosse,33
2026-10-07T11:30:17,Dartmouth,womens-cross-country,2026,womens-cross-country,21
2026-10-07T11:30:18,Yale,womens-soccer,2026,womens-soccer,26
2026-10-07T11:30:18,Dartmouth,equestrian,2026,equestrian,11
2026-10-07T11:30:19,Brown,field-hockey,2026,field-hockey,24
2026-10-07T11:30:19,Princeton,mens-squash,2026,mens-squash,14
2026-10-07T11:30:19,Brown,womens-golf,2026,womens-golf,8
2026-10-07T11:30:19,Dartmouth,field-hockey,2026,field-hockey,24
2026-10-07T11:30:20,Brown,womens-ice-hockey,2026,womens-ice-hockey,26
2026-10-07T11:30:20,Dartmouth,womens-golf,2026,womens-golf,10
2026-10-07T11:30:20,Yale,womens-squash,2026,womens-squash,8
2026-10-07T11:30:21,Dartmouth,womens-ice-hockey,2026,womens-ice-hockey,27
2026-10-07T11:30:21,Princeton,mens-swimming-and-diving,2026,mens-swimming-and-diving,39
2026-10-07T11:30:21,Brown,womens-lacrosse,2026,womens-lacrosse,31
2026-10-07T11:30:21,Yale,womens-swimming-and-diving,2026,womens-swimming-and-diving,29
2026-10-07T11:30:22,Dartmouth,womens-lacrosse,2026,womens-lacrosse,37
2026-10-07T11:30:22,Brown,womens-rugby,2026,womens-rugby,35
2026-10-07T11:30:22,Princeton,mens-tennis,2026,mens-tennis,12
2026-10-07T11:30:22,Yale,womens-tennis,2026,womens-tennis,10
2026-10-07T11:30:23,Dartmouth,womens-rugby,2026,womens-rugby,33
2026-10-07T11:30:23,Brown,womens-soccer,2026,womens-soccer,32
2026-10-07T11:30:23,Yale,womens-track-and-field,2026,womens-track-and-field,49
2026-10-07T11:30:23,Dartmouth,womens-soccer,2026,womens-soccer,29
2026-10-07T11:30:23,Brown,womens-squash,2026,womens-squash,17
2026-10-07T11:30:24,Dartmouth,womens-squash,2026,womens-squash,13
2026-10-07T11:30:24,Princeton,mens-track-and-field,2026,mens-track-and-field,67
2026-10-07T11:30:24,Yale,womens-volleyball,2026,womens-volleyball,17
2026-10-07T11:30:25,Dartmouth,womens-swimming-and-diving,2026,womens-swimming-and-diving,29
2026-10-07T11:30:25,Princeton,womens-basketball,2026,womens-basketball,15
2026-10-07T11:30:25,Dartmouth,womens-tennis,2026,womens-tennis,12
2026-10-07T11:30:25,Yale,womens-sailing,2026,womens-sailing,15
2026-10-07T11:30:26,Yale,womens-rowing,2026,womens-crew,39
2026-10-07T11:30:26,Princeton,womens-cross-country,2026,womens-cross-country,24
2026-10-07T11:30:27,Dartmouth,womens-track-and-field,2026,womens-track-and-field,44
2026-10-07T11:30:27,Princeton,field-hockey,2026,field-hockey,24
2026-10-07T11:30:28,Dartmouth,womens-volleyball,2026,womens-volleyball,17
2026-10-07T11:30:28,Princeton,womens-golf,2026,womens-golf,10
2026-10-07T11:30:29,Princeton,womens-ice-hockey,2026,womens-ice-hockey,23
2026-10-07T11:30:29,Brown,womens-swimming-and-diving,2026,womens-swimming-and-diving,30
2026-10-07T11:30:29,Dartmouth,womens-rowing,2026,womens-rowing,53
2026-10-07T11:30:29,Brown,womens-tennis,2026,womens-tennis,14
2026-10-07T11:30:29,Princeton,womens-lacrosse,2026,womens-lacrosse,32
2026-10-07T11:30:30,Princeton,womens-rugby,2026,womens-rugby,28
2026-10-07T11:30:30,Brown,womens-track-and-field,2026,womens-track-and-field,60
2026-10-07T11:30:31,Brown,womens-volleyball,2026,womens-volleyball,20
2026-10-07T11:30:31,Princeton,womens-soccer,2026,womens-soccer,28
2026-10-07T11:30:32,Brown,womens-sailing,2026,womens-sailing,21
2026-10-07T11:30:32,Princeton,womens-squash,2026,womens-squash,14
2026-10-07T11:30:33,Princeton,womens-swimming-and-diving,2026,womens-swimming-and-diving,30
2026-10-07T11:30:33,Brown,womens-rowing,2026,womens-crew,44
2026-10-07T11:30:33,Princeton,womens-tennis,2026,womens-tennis,11
2026-10-07T11:30:35,Princeton,womens-track-and-field,2026,womens-track-and-field,59
2026-10-07T11:30:36,Princeton,womens-volleyball,2026,womens-volleyball,16
2026-10-07T11:30:37,Princeton,womens-rowing,2026,,0
2026-10-07T11:56:23,Penn,baseball,2026,baseball,37
2026-10-07T11:56:23,Cornell,baseball,2026,baseball,40
2026-10-07T11:56:24,Harvard,baseball,2026,baseball,30
2026-10-07T11:56:24,Brown,baseball,2026,baseball,38
2026-10-07T11:56:24,Columbia,baseball,2026,baseball,44
2026-10-07T11:56:24,Cornell,mens-basketball,2026,mens-basketball,19
2026-10-07T11:56:24,Princeton,baseball,2026,baseball,25
2026-10-07T11:56:24,Penn,mens-basketball,2026,mens-basketball,19
2026-10-07T11:56:24,Cornell,mens-cross-country,2026,mens-cross-country,24
2026-10-07T11:56:24,Brown,mens-basketball,2026,mens-basketball,19
2026-10-07T11:56:24,Penn,mens-cross-country,2026,mens-cross-country,17
2026-10-07T11:56:25,Dartmouth,baseball,2026,,0
2026-10-07T11:56:25,Columbia,mens-basketball,2026,mens-basketball,19
2026-10-07T11:56:25,Cornell,football,2026,football,119
2026-10-07T11:56:25,Harvard,mens-basketball,2026,mens-basketball,20
2026-10-07T11:56:25,Princeton,mens-basketball,2026,mens-basketball,21
2026-10-07T11:56:25,Penn,football,2026,football,93
2026-10-07T11:56:25,Brown,mens-cross-country,2026,mens-cross-country,21
2026-10-07T11:56:25,Yale,baseball,2026,baseball,31
2026-10-07T11:56:25,Cornell,mens-golf,2026,mens-golf,8
2026-10-07T11:56:26,Penn,mens-golf,2026,mens-golf,9
2026-10-07T11:56:26,Dartmouth,mens-basketball,2026,mens-basketball,15
2026-10-07T11:56:26,Cornell,mens-ice-hockey,2026,mens-ice-hockey,31
2026-10-07T11:56:26,Princeton,mens-cross-country,2026,mens-cross-country,25
2026-10-07T11:56:26,Yale,mens-basketball,2026,mens-basketball,15
2026-10-07T11:56:26,Harvard,football,2026,football,109
2026-10-07T11:56:26,Penn,mens-lacrosse,2026,mens-lacrosse,31
2026-10-07T11:56:26,Cornell,mens-lacrosse,2026,mens-lacrosse,52
2026-10-07T11:56:26,Harvard,mens-golf,2026,mens-golf,8
2026-10-07T11:56:27,Columbia,football,2026,football,108
2026-10-07T11:56:27,Cornell,mens-rowing,2026,mens-rowing,29
2026-10-07T11:56:27,Penn,mens-rowing,2026,mens-rowing,38
2026-10-07T11:56:27,Dartmouth,mens-cross-country,2026,mens-cross-country,13
2026-10-07T11:56:27,Cornell,mens-soccer,2026,mens-soccer,30
2026-10-07T11:56:27,Harvard,mens-ice-hockey,2026,mens-ice-hockey,29
2026-10-07T11:56:27,Penn,mens-soccer,2026,mens-soccer,32
2026-10-07T11:56:27,Columbia,mens-golf,2026,mens-golf,10
2026-10-07T11:56:28,Brown,football,2026,football,107
2026-10-07T11:56:28,Penn,mens-squash,2026,mens-squash,16
2026-10-07T11:56:28,Cornell,mens-squash,2026,mens-squash,14
2026-10-07T11:56:28,Princeton,football,2026,football,110
2026-10-07T11:56:28,Cornell,mens-swimming-and-diving,2026,mens-swimming-and-diving,34
2026-10-07T11:56:28,Penn,mens-swimming-and-diving,2026,mens-swimming-and-diving,28
2026-10-07T11:56:28,Columbia,mens-rowing,2026,mens-rowing,38
2026-10-07T11:56:28,Brown,mens-golf,2026,mens-golf,12
2026-10-07T11:56:29,Penn,mens-tennis,2026,mens-tennis,12
2026-10-07T11:56:29,Cornell,mens-tennis,2026,mens-tennis,11
2026-10-07T11:56:29,Harvard,mens-lacrosse,2026,mens-lacrosse,49
2026-10-07T11:56:29,Cornell,mens-track-and-field,2026,mens-track-and-field,51
2026-10-07T11:56:29,Princeton,mens-golf,2026,mens-golf,11
2026-10-07T11:56:29,Penn,mens-track-and-field,2026,mens-track-and-field,51
2026-10-07T11:56:29,Columbia,rowing,2026,lightweight-rowing,36
2026-10-07T11:56:30,Dartmouth,football,2026,football,106
2026-10-07T11:56:30,Brown,mens-ice-hockey,2026,mens-ice-hockey,29
2026-10-07T11:56:30,Cornell,womens-basketball,2026,womens-basketball,16
2026-10-07T11:56:30,Penn,womens-basketball,2026,womens-basketball,16
2026-10-07T11:56:30,Harvard,mens-rowing,2026,mens-heavyweight-rowing,43
2026-10-07T11:56:30,Penn,womens-cross-country,2026,womens-cross-country,20
2026-10-07T11:56:30,Cornell,womens-cross-country,2026,womens-cross-country,20
2026-10-07T11:56:30,Yale,mens-cross-country,2026,mens-cross-country,25
2026-10-07T11:56:31,Cornell,equestrian,2026,equestrian,37
2026-10-07T11:56:31,Penn,field-hockey,2026,field-hockey,22
2026-10-07T11:56:31,Harvard,rowing,2026,mens-lightweight-rowing,36
2026-10-07T11:56:31,Princeton,mens-ice-hockey,2026,mens-ice-hockey,29
2026-10-07T11:56:31,Brown,mens-lacrosse,2026,mens-lacrosse,52
2026-10-07T11:56:31,Yale,football,2026,football,93
2026-10-07T11:56:31,Cornell,field-hockey,2026,field-hockey,26
2026-10-07T11:56:31,Dartmouth,mens-golf,2026,mens-golf,8
2026-10-07T11:56:31,Penn,womens-golf,2026,womens-golf,8
2026-10-07T11:56:31,Harvard,sailing,2026,mens-sailing,36
2026-10-07T11:56:31,Cornell,womens-ice-hockey,2026,womens-ice-hockey,24
2026-10-07T11:56:32,Columbia,mens-soccer,2026,mens-soccer,27
2026-10-07T11:56:32,Penn,womens-lacrosse,2026,womens-lacrosse,34
2026-10-07T11:56:32,Princeton,mens-lacrosse,2026,mens-lacrosse,54
2026-10-07T11:56:32,Harvard,skiing,2026,skiing,21
2026-10-07T11:56:32,Brown,mens-rowing,2026,mens-crew,49
2026-10-07T11:56:32,Cornell,womens-lacrosse,2026,womens-lacrosse,40
2026-10-07T11:56:32,Penn,womens-soccer,2026,womens-soccer,30
2026-10-07T11:56:32,Dartmouth,mens-ice-hockey,2026,mens-ice-hockey,31
2026-10-07T11:56:32,Yale,mens-golf,2026,mens-golf,8
2026-10-07T11:56:32,Cornell,womens-soccer,2026,womens-soccer,31
2026-10-07T11:56:33,Penn,womens-squash,2026,womens-squash,14
2026-10-07T11:56:33,Harvard,mens-soccer,2026,mens-soccer,29
2026-10-07T11:56:33,Columbia,mens-squash,2026,mens-squash,17
2026-10-07T11:56:33,Cornell,womens-squash,2026,womens-squash,14
2026-10-07T11:56:33,Penn,womens-swimming-and-diving,2026,womens-swimming-and-diving,31
2026-10-07T11:56:33,Brown,sailing,2026,coed-sailing,31
2026-10-07T11:56:33,Yale,mens-ice-hockey,2026,mens-ice-hockey,29
2026-10-07T11:56:33,Penn,womens-tennis,2026,womens-tennis,10
2026-10-07T11:56:33,Cornell,womens-swimming-and-diving,2026,womens-swimming-and-diving,31
2026-10-07T11:56:34,Princeton,mens-rowing,2026,,0
2026-10-07T11:56:34,Penn,womens-track-and-field,2026,womens-track-and-field,57
2026-10-07T11:56:34,Dartmouth,mens-lacrosse,2026,,0
2026-10-07T11:56:34,Cornell,womens-tennis,2026,womens-tennis,10
2026-10-07T11:56:34,Yale,mens-lacrosse,2026,mens-lacrosse,48
2026-10-07T11:56:34,Harvard,mens-squash,2026,mens-squash,13
2026-10-07T11:56:34,Columbia,mens-swimming-and-diving,2026,mens-swimming-and-diving,37
2026-10-07T11:56:34,Cornell,womens-track-and-field,2026,womens-track-and-field,51
2026-10-07T11:56:34,Penn,womens-volleyball,2026,womens-volleyball,18
2026-10-07T11:56:34,Cornell,womens-volleyball,2026,womens-volleyball,18
2026-10-07T11:56:35,Penn,womens-rowing,2026,womens-rowing,34
2026-10-07T11:56:35,Cornell,womens-sailing,2026,womens-sailing,14
2026-10-07T11:56:35,Brown,mens-soccer,2026,mens-soccer,29
2026-10-07T11:56:35,Columbia,mens-tennis,2026,mens-tennis,14
2026-10-07T11:56:35,Dartmouth,mens-rowing,2026,mens-rowing,43
2026-10-07T11:56:35,Cornell,womens-rowing,2026,womens-rowing,54
2026-10-07T11:56:35,Princeton,rowing,2026,,0
2026-10-07T11:56:35,Harvard,mens-swimming-and-diving,2026,mens-swimming-and-diving,30
2026-10-07T11:56:35,Yale,mens-rowing,2026,mens-crew,51
2026-10-07T11:56:36,Brown,mens-squash,2026,mens-squash,14
2026-10-07T11:56:36,Columbia,womens-basketball,2026,womens-basketball,15
2026-10-07T11:56:36,Dartmouth,rowing,2026,rowing,25
2026-10-07T11:56:36,Yale,rowing,2026,mens-rowing,33
2026-10-07T11:56:36,Harvard,mens-tennis,2026,mens-tennis,13
2026-10-07T11:56:37,Brown,mens-swimming-and-diving,2026,mens-swimming-and-diving,35
2026-10-07T11:56:37,Yale,sailing,2026,sailing,27
2026-10-07T11:56:37,Princeton,mens-soccer,2026,mens-soccer,28
2026-10-07T11:56:37,Columbia,field-hockey,2026,field-hockey,28
2026-10-07T11:56:37,Dartmouth,sailing,2026,sailing,28
2026-10-07T11:56:37,Brown,mens-tennis,2026,mens-tennis,13
2026-10-07T11:56:37,Harvard,womens-basketball,2026,womens-basketball,18
2026-10-07T11:56:38,Princeton,mens-squash,2026,mens-squash,14
2026-10-07T11:56:38,Columbia,womens-golf,2026,womens-golf,12
2026-10-07T11:56:38,Brown,mens-track-and-field,2026,mens-track-and-field,54
2026-10-07T11:56:38,Harvard,field-hockey,2026,field-hockey,20
2026-10-07T11:56:39,Princeton,mens-swimming-and-diving,2026,mens-swimming-and-diving,39
2026-10-07T11:56:39,Columbia,womens-lacrosse,2026,womens-lacrosse,31
2026-10-07T11:56:39,Harvard,womens-golf,2026,womens-golf,9
2026-10-07T11:56:39,Dartmouth,skiing,2026,skiing,42
2026-10-07T11:56:39,Princeton,mens-tennis,2026,mens-tennis,12
2026-10-07T11:56:39,Brown,womens-basketball,2026,womens-basketball,18
2026-10-07T11:56:40,Yale,mens-soccer,2026,mens-soccer,28
2026-10-07T11:56:40,Columbia,womens-soccer,2026,womens-soccer,31
2026-10-07T11:56:40,Harvard,womens-ice-hockey,2026,womens-ice-hockey,24
2026-10-07T11:56:40,Brown,womens-cross-country,2026,womens-cross-country,25
2026-10-07T11:56:41,Columbia,womens-squash,2026,womens-squash,17
2026-10-07T11:56:41,Dartmouth,mens-soccer,2026,mens-soccer,28
2026-10-07T11:56:41,Brown,equestrian,2026,equestrian,21
2026-10-07T11:56:41,Princeton,mens-track-and-field,2026,mens-track-and-field,67
2026-10-07T11:56:41,Yale,mens-squash,2026,mens-squash,13
2026-10-07T11:56:41,Harvard,womens-lacrosse,2026,womens-lacrosse,29
2026-10-07T11:56:42,Columbia,womens-swimming-and-diving,2026,womens-swimming-and-diving,34
2026-10-07T11:56:42,Yale,mens-swimming-and-diving,2026,mens-swimming-and-diving,29
2026-10-07T11:56:42,Princeton,womens-basketball,2026,womens-basketball,15
2026-10-07T11:56:42,Dartmouth,mens-squash,2026,mens-squash,12
2026-10-07T11:56:42,Columbia,womens-tennis,2026,womens-tennis,15
2026-10-07T11:56:43,Brown,field-hockey,2026,field-hockey,24
2026-10-07T11:56:43,Harvard,womens-rugby,2026,womens-rugby,27
2026-10-07T11:56:43,Princeton,womens-cross-country,2026,womens-cross-country,24
2026-10-07T11:56:43,Dartmouth,mens-swimming-and-diving,2026,mens-swimming-and-diving,23
2026-10-07T11:56:43,Yale,mens-tennis,2026,mens-tennis,12
2026-10-07T11:56:43,Brown,womens-golf,2026,womens-golf,8
2026-10-07T11:56:43,Columbia,womens-volleyball,2026,womens-volleyball,20
2026-10-07T11:56:44,Dartmouth,mens-tennis,2026,mens-tennis,10
2026-10-07T11:56:44,Brown,womens-ice-hockey,2026,womens-ice-hockey,26
2026-10-07T11:56:44,Yale,mens-track-and-field,2026,mens-track-and-field,53
2026-10-07T11:56:44,Columbia,cross-country,2026,cross-country,52
2026-10-07T11:56:45,Princeton,field-hockey,2026,field-hockey,24
2026-10-07T11:56:45,Harvard,womens-soccer,2026,womens-soccer,24
2026-10-07T11:56:45,Brown,womens-lacrosse,2026,womens-lacrosse,31
2026-10-07T11:56:45,Princeton,womens-golf,2026,womens-golf,10
2026-10-07T11:56:45,Harvard,womens-squash,2026,womens-squash,12
2026-10-07T11:56:46,Columbia,track-and-field,2026,track-and-field,112
2026-10-07T11:56:46,Brown,womens-rugby,2026,womens-rugby,35
2026-10-07T11:56:46,Princeton,womens-ice-hockey,2026,womens-ice-hockey,23
2026-10-07T11:56:46,Dartmouth,mens-track-and-field,2026,mens-track-and-field,41
2026-10-07T11:56:46,Yale,womens-basketball,2026,womens-basketball,19
2026-10-07T11:56:46,Columbia,womens-rowing,2026,womens-rowing,45
2026-10-07T11:56:47,Brown,womens-soccer,2026,womens-soccer,32
2026-10-07T11:56:47,Harvard,womens-swimming-and-diving,2026,womens-swimming-and-diving,31
2026-10-07T11:56:47,Dartmouth,womens-basketball,2026,womens-basketball,17
2026-10-07T11:56:47,Princeton,womens-lacrosse,2026,womens-lacrosse,32
2026-10-07T11:56:47,Yale,womens-cross-country,2026,womens-cross-country,18
2026-10-07T11:56:47,Brown,womens-squash,2026,womens-squash,17
2026-10-07T11:56:48,Dartmouth,womens-cross-country,2026,womens-cross-country,21
2026-10-07T11:56:48,Princeton,womens-rugby,2026,womens-rugby,28
2026-10-07T11:56:48,Harvard,womens-tennis,2026,womens-tennis,14
2026-10-07T11:56:48,Brown,womens-swimming-and-diving,2026,womens-swimming-and-diving,30
2026-10-07T11:56:48,Dartmouth,equestrian,2026,equestrian,11
2026-10-07T11:56:49,Princeton,womens-soccer,2026,womens-soccer,28
2026-10-07T11:56:49,Harvard,womens-volleyball,2026,womens-volleyball,14
2026-10-07T11:56:49,Brown,womens-tennis,2026,womens-tennis,14
2026-10-07T11:56:49,Princeton,womens-squash,2026,womens-squash,14
2026-10-07T11:56:49,Harvard,cross-country,2026,cross-country,37
2026-10-07T11:56:50,Dartmouth,field-hockey,2026,field-hockey,24
2026-10-07T11:56:50,Yale,field-hockey,2026,field-hockey,19
2026-10-07T11:56:50,Brown,womens-track-and-field,2026,womens-track-and-field,60
2026-10-07T11:56:50,Princeton,womens-swimming-and-diving,2026,womens-swimming-and-diving,30
2026-10-07T11:56:50,Dartmouth,womens-golf,2026,womens-golf,10
2026-10-07T11:56:51,Brown,womens-volleyball,2026,womens-volleyball,20
2026-10-07T11:56:51,Harvard,track-and-field,2026,mens-track-and-field,93
2026-10-07T11:56:51,Princeton,womens-tennis,2026,womens-tennis,11
2026-10-07T11:56:51,Dartmouth,womens-ice-hockey,2026,womens-ice-hockey,27
2026-10-07T11:56:51,Brown,womens-sailing,2026,womens-sailing,21
2026-10-07T11:56:51,Yale,womens-golf,2026,womens-golf,8
2026-10-07T11:56:51,Harvard,womens-rowing,2026,womens-heavyweight-rowing,35
2026-10-07T11:56:52,Dartmouth,womens-lacrosse,2026,womens-lacrosse,37
2026-10-07T11:56:52,Brown,womens-rowing,2026,womens-crew,44
2026-10-07T11:56:53,Harvard,womens-lightweight-rowing,2026,womens-lightweight-rowing,27
2026-10-07T11:56:53,Dartmouth,womens-rugby,2026,womens-rugby,33
2026-10-07T11:56:53,Yale,womens-ice-hockey,2026,womens-ice-hockey,27
2026-10-07T11:56:53,Princeton,womens-track-and-field,2026,womens-track-and-field,59
2026-10-07T11:56:54,Dartmouth,womens-soccer,2026,womens-soccer,29
2026-10-07T11:56:54,Princeton,womens-volleyball,2026,womens-volleyball,16
2026-10-07T11:56:54,Yale,womens-lacrosse,2026,womens-lacrosse,33
2026-10-07T11:56:54,Dartmouth,womens-squash,2026,womens-squash,13
2026-10-07T11:56:55,Princeton,womens-rowing,2026,,0
2026-10-07T11:56:55,Dartmouth,womens-swimming-and-diving,2026,womens-swimming-and-diving,29
2026-10-07T11:56:55,Yale,womens-soccer,2026,womens-soccer,26
2026-10-07T11:56:56,Dartmouth,womens-tennis,2026,womens-tennis,12
2026-10-07T11:56:56,Yale,womens-squash,2026,womens-squash,8
2026-10-07T11:56:58,Yale,womens-swimming-and-diving,2026,womens-swimming-and-diving,29
2026-10-07T11:56:58,Dartmouth,womens-track-and-field,2026,womens-track-and-field,44
2026-10-07T11:56:59,Dartmouth,womens-volleyball,2026,womens-volleyball,17
2026-10-07T11:57:00,Dartmouth,womens-rowing,2026,womens-rowing,53
2026-10-07T11:57:00,Yale,womens-tennis,2026,womens-tennis,10
2026-10-07T11:57:00,Yale,womens-track-and-field,2026,womens-track-and-field,49
2026-10-07T11:57:01,Yale,womens-volleyball,2026,womens-volleyball,17
2026-10-07T11:57:04,Yale,womens-sailing,2026,womens-sailing,15
2026-10-07T11:57:06,Yale,womens-rowing,2026,womens-crew,39
2026-10-07T12:08:14,Yale,baseball,2026,baseball,31
2026-10-07T12:08:14,Penn,baseball,2026,baseball,37
2026-10-07T12:08:14,Cornell,baseball,2026,baseball,40
2026-10-07T12:08:14,Princeton,baseball,2026,baseball,25
2026-10-07T12:08:15,Columbia,baseball,2026,baseball,44
2026-10-07T12:08:15,Yale,mens-basketball,2026,mens-basketball,15
2026-10-07T12:08:15,Brown,baseball,2026,baseball,38
2026-10-07T12:08:15,Penn,mens-basketball,2026,mens-basketball,19
2026-10-07T12:08:15,Cornell,mens-basketball,2026,mens-basketball,19
2026-10-07T12:08:15,Dartmouth,baseball,2026,,0
2026-10-07T12:08:15,Cornell,mens-cross-country,2026,mens-cross-country,24
2026-10-07T12:08:15,Penn,mens-cross-country,2026,mens-cross-country,17
2026-10-07T12:08:15,Columbia,mens-basketball,2026,mens-basketball,19
2026-10-07T12:08:15,Harvard,baseball,2026,baseball,30
2026-10-07T12:08:16,Princeton,mens-basketball,2026,mens-basketball,21
2026-10-07T12:08:16,Yale,mens-cross-country,2026,mens-cross-country,25
2026-10-07T12:08:16,Dartmouth,mens-basketball,2026,mens-basketball,15
2026-10-07T12:08:16,Brown,mens-basketball,2026,mens-basketball,19
2026-10-07T12:08:16,Penn,football,2026,football,93
2026-10-07T12:08:16,Cornell,football,2026,football,119
2026-10-07T12:08:16,Yale,football,2026,football,93
2026-10-07T12:08:16,Cornell,mens-golf,2026,mens-golf,8
2026-10-07T12:08:16,Penn,mens-golf,2026,mens-golf,9
2026-10-07T12:08:16,Dartmouth,mens-cross-country,2026,mens-cross-country,13
2026-10-07T12:08:17,Princeton,mens-cross-country,2026,mens-cross-country,25
2026-10-07T12:08:17,Brown,mens-cross-country,2026,mens-cross-country,21
2026-10-07T12:08:17,Harvard,mens-basketball,2026,mens-basketball,20
2026-10-07T12:08:17,Cornell,mens-ice-hockey,2026,mens-ice-hockey,31
2026-10-07T12:08:17,Penn,mens-lacrosse,2026,mens-lacrosse,31
2026-10-07T12:08:17,Cornell,mens-lacrosse,2026,mens-lacrosse,52
2026-10-07T12:08:17,Yale,mens-golf,2026,mens-golf,8
2026-10-07T12:08:17,Columbia,football,2026,football,108
2026-10-07T12:08:18,Penn,mens-rowing,2026,mens-rowing,38
2026-10-07T12:08:18,Cornell,mens-rowing,2026,mens-rowing,29
2026-10-07T12:08:18,Yale,mens-ice-hockey,2026,mens-ice-hockey,29
2026-10-07T12:08:18,Harvard,football,2026,football,109
2026-10-07T12:08:18,Penn,mens-soccer,2026,mens-soccer,32
2026-10-07T12:08:18,Cornell,mens-soccer,2026,mens-soccer,30
2026-10-07T12:08:18,Columbia,mens-golf,2026,mens-golf,10
2026-10-07T12:08:18,Yale,mens-lacrosse,2026,mens-lacrosse,48
2026-10-07T12:08:18,Harvard,mens-golf,2026,mens-golf,8
2026-10-07T12:08:19,Penn,mens-squash,2026,mens-squash,16
2026-10-07T12:08:19,Dartmouth,football,2026,football,106
2026-10-07T12:08:19,Cornell,mens-squash,2026,mens-squash,14
2026-10-07T12:08:19,Yale,mens-rowing,2026,mens-crew,51
2026-10-07T12:08:19,Brown,football,2026,football,107
2026-10-07T12:08:19,Princeton,football,2026,football,110
2026-10-07T12:08:20,Cornell,mens-swimming-and-diving,2026,mens-swimming-and-diving,34
2026-10-07T12:08:20,Columbia,mens-rowing,2026,mens-rowing,38
2026-10-07T12:08:20,Penn,mens-swimming-and-diving,2026,mens-swimming-and-diving,28
2026-10-07T12:08:20,Yale,rowing,2026,mens-rowing,33
2026-10-07T12:08:20,Dartmouth,mens-golf,2026,mens-golf,8
2026-10-07T12:08:20,Harvard,mens-ice-hockey,2026,mens-ice-hockey,29
2026-10-07T12:08:20,Brown,mens-golf,2026,mens-golf,12
2026-10-07T12:08:20,Penn,mens-tennis,2026,mens-tennis,12
2026-10-07T12:08:20,Cornell,mens-tennis,2026,mens-tennis,11
2026-10-07T12:08:20,Yale,sailing,2026,sailing,27
2026-10-07T12:08:20,Penn,mens-track-and-field,2026,mens-track-and-field,51
2026-10-07T12:08:20,Cornell,mens-track-and-field,2026,mens-track-and-field,51
2026-10-07T12:08:21,Harvard,mens-lacrosse,2026,mens-lacrosse,49
2026-10-07T12:08:21,Princeton,mens-golf,2026,mens-golf,11
2026-10-07T12:08:21,Dartmouth,mens-ice-hockey,2026,mens-ice-hockey,31
2026-10-07T12:08:21,Brown,mens-ice-hockey,2026,mens-ice-hockey,29
2026-10-07T12:08:21,Cornell,womens-basketball,2026,womens-basketball,16
2026-10-07T12:08:21,Penn,womens-basketball,2026,womens-basketball,16
2026-10-07T12:08:21,Yale,mens-soccer,2026,mens-soccer,28
2026-10-07T12:08:21,Cornell,womens-cross-country,2026,womens-cross-country,20
2026-10-07T12:08:21,Columbia,rowing,2026,lightweight-rowing,36
2026-10-07T12:08:21,Penn,womens-cross-country,2026,womens-cross-country,20
2026-10-07T12:08:21,Yale,mens-squash,2026,mens-squash,13
2026-10-07T12:08:22,Princeton,mens-ice-hockey,2026,mens-ice-hockey,29
2026-10-07T12:08:22,Cornell,equestrian,2026,equestrian,37
2026-10-07T12:08:22,Harvard,mens-rowing,2026,mens-heavyweight-rowing,43
2026-10-07T12:08:22,Brown,mens-lacrosse,2026,mens-lacrosse,52
2026-10-07T12:08:22,Penn,field-hockey,2026,field-hockey,22
2026-10-07T12:08:22,Dartmouth,mens-lacrosse,2026,,0
2026-10-07T12:08:22,Yale,mens-swimming-and-diving,2026,mens-swimming-and-diving,29
2026-10-07T12:08:22,Cornell,field-hockey,2026,field-hockey,26
2026-10-07T12:08:22,Harvard,rowing,2026,mens-lightweight-rowing,36
2026-10-07T12:08:22,Penn,womens-golf,2026,womens-golf,8
2026-10-07T12:08:22,Yale,mens-tennis,2026,mens-tennis,12
2026-10-07T12:08:22,Cornell,womens-ice-hockey,2026,womens-ice-hockey,24
2026-10-07T12:08:23,Brown,mens-rowing,2026,mens-crew,49
2026-10-07T12:08:23,Princeton,mens-lacrosse,2026,mens-lacrosse,54
2026-10-07T12:08:23,Columbia,mens-soccer,2026,mens-soccer,27
2026-10-07T12:08:23,Penn,womens-lacrosse,2026,womens-lacrosse,34
2026-10-07T12:08:23,Cornell,womens-lacrosse,2026,womens-lacrosse,40
2026-10-07T12:08:23,Dartmouth,mens-rowing,2026,mens-rowing,43
2026-10-07T12:08:23,Yale,mens-track-and-field,2026,mens-track-and-field,53
2026-10-07T12:08:24,Penn,womens-soccer,2026,womens-soccer,30
2026-10-07T12:08:24,Cornell,womens-soccer,2026,womens-soccer,31
2026-10-07T12:08:24,Harvard,sailing,2026,mens-sailing,36
2026-10-07T12:08:24,Columbia,mens-squash,2026,mens-squash,17
2026-10-07T12:08:24,Penn,womens-squash,2026,womens-squash,14
2026-10-07T12:08:24,Dartmouth,rowing,2026,rowing,25
2026-10-07T12:08:24,Cornell,womens-squash,2026,womens-squash,14
2026-10-07T12:08:24,Yale,womens-basketball,2026,womens-basketball,19
2026-10-07T12:08:24,Princeton,mens-rowing,2026,,0
2026-10-07T12:08:24,Cornell,womens-swimming-and-diving,2026,womens-swimming-and-diving,31
2026-10-07T12:08:24,Brown,sailing,2026,coed-sailing,31
2026-10-07T12:08:24,Penn,womens-swimming-and-diving,2026,womens-swimming-and-diving,31
2026-10-07T12:08:25,Cornell,womens-tennis,2026,womens-tennis,10
2026-10-07T12:08:25,Harvard,skiing,2026,skiing,21
2026-10-07T12:08:25,Penn,womens-tennis,2026,womens-tennis,10
2026-10-07T12:08:25,Columbia,mens-swimming-and-diving,2026,mens-swimming-and-diving,37
2026-10-07T12:08:25,Dartmouth,sailing,2026,sailing,28
2026-10-07T12:08:25,Yale,womens-cross-country,2026,womens-cross-country,18
2026-10-07T12:08:25,Cornell,womens-track-and-field,2026,womens-track-and-field,51
2026-10-07T12:08:25,Princeton,rowing,2026,,0
2026-10-07T12:08:25,Penn,womens-track-and-field,2026,womens-track-and-field,57
2026-10-07T12:08:26,Cornell,womens-volleyball,2026,womens-volleyball,18
2026-10-07T12:08:26,Yale,field-hockey,2026,field-hockey,19
2026-10-07T12:08:26,Penn,womens-volleyball,2026,womens-volleyball,18
2026-10-07T12:08:26,Harvard,mens-soccer,2026,mens-soccer,29
2026-10-07T12:08:26,Columbia,mens-tennis,2026,mens-tennis,14
2026-10-07T12:08:26,Cornell,womens-sailing,2026,womens-sailing,14
2026-10-07T12:08:26,Brown,mens-soccer,2026,mens-soccer,29
2026-10-07T12:08:26,Yale,womens-golf,2026,womens-golf,8
2026-10-07T12:08:26,Penn,womens-rowing,2026,womens-rowing,34
2026-10-07T12:08:26,Cornell,womens-rowing,2026,womens-rowing,54
2026-10-07T12:08:27,Princeton,mens-soccer,2026,mens-soccer,28
2026-10-07T12:08:27,Columbia,womens-basketball,2026,womens-basketball,15
2026-10-07T12:08:27,Brown,mens-squash,2026,mens-squash,14
2026-10-07T12:08:27,Harvard,mens-squash,2026,mens-squash,13
2026-10-07T12:08:27,Dartmouth,skiing,2026,skiing,42
2026-10-07T12:08:27,Yale,womens-ice-hockey,2026,womens-ice-hockey,27
2026-10-07T12:08:27,Princeton,mens-squash,2026,mens-squash,14
2026-10-07T12:08:28,Yale,womens-lacrosse,2026,womens-lacrosse,33
2026-10-07T12:08:28,Brown,mens-swimming-and-diving,2026,mens-swimming-and-diving,35
2026-10-07T12:08:28,Princeton,mens-swimming-and-diving,2026,mens-swimming-and-diving,39
2026-10-07T12:08:28,Yale,womens-soccer,2026,womens-soccer,26
2026-10-07T12:08:28,Columbia,field-hockey,2026,field-hockey,28
2026-10-07T12:08:28,Harvard,mens-swimming-and-diving,2026,mens-swimming-and-diving,30
2026-10-07T12:08:28,Dartmouth,mens-soccer,2026,mens-soccer,28
2026-10-07T12:08:29,Brown,mens-tennis,2026,mens-tennis,13
2026-10-07T12:08:29,Yale,womens-squash,2026,womens-squash,8
2026-10-07T12:08:29,Princeton,mens-tennis,2026,mens-tennis,12
2026-10-07T12:08:29,Harvard,mens-tennis,2026,mens-tennis,13
2026-10-07T12:08:29,Columbia,womens-golf,2026,womens-golf,12
2026-10-07T12:08:29,Dartmouth,mens-squash,2026,mens-squash,12
2026-10-07T12:08:30,Brown,mens-track-and-field,2026,mens-track-and-field,54
2026-10-07T12:08:30,Yale,womens-swimming-and-diving,2026,womens-swimming-and-diving,29
2026-10-07T12:08:30,Columbia,womens-lacrosse,2026,womens-lacrosse,31
2026-10-07T12:08:30,Dartmouth,mens-swimming-and-diving,2026,mens-swimming-and-diving,23
2026-10-07T12:08:30,Harvard,womens-basketball,2026,womens-basketball,18
2026-10-07T12:08:30,Yale,womens-tennis,2026,womens-tennis,10
2026-10-07T12:08:31,Brown,womens-basketball,2026,womens-basketball,18
2026-10-07T12:08:31,Yale,womens-track-and-field,2026,womens-track-and-field,49
2026-10-07T12:08:31,Harvard,field-hockey,2026,field-hockey,20
2026-10-07T12:08:31,Dartmouth,mens-tennis,2026,mens-tennis,10
2026-10-07T12:08:31,Princeton,mens-track-and-field,2026,mens-track-and-field,67
2026-10-07T12:08:31,Columbia,womens-soccer,2026,womens-soccer,31
2026-10-07T12:08:31,Yale,womens-volleyball,2026,womens-volleyball,17
2026-10-07T12:08:31,Harvard,womens-golf,2026,womens-golf,9
2026-10-07T12:08:31,Brown,womens-cross-country,2026,womens-cross-country,25
2026-10-07T12:08:32,Princeton,womens-basketball,2026,womens-basketball,15
2026-10-07T12:08:32,Columbia,womens-squash,2026,womens-squash,17
2026-10-07T12:08:32,Harvard,womens-ice-hockey,2026,womens-ice-hockey,24
2026-10-07T12:08:32,Brown,equestrian,2026,equestrian,21
2026-10-07T12:08:32,Yale,womens-sailing,2026,womens-sailing,15
2026-10-07T12:08:32,Yale,womens-rowing,2026,womens-crew,39
2026-10-07T12:08:33,Columbia,womens-swimming-and-diving,2026,womens-swimming-and-diving,34
2026-10-07T12:08:33,Dartmouth,mens-track-and-field,2026,mens-track-and-field,41
2026-10-07T12:08:33,Princeton,womens-cross-country,2026,womens-cross-country,24
2026-10-07T12:08:33,Harvard,womens-lacrosse,2026,womens-lacrosse,29
2026-10-07T12:08:33,Brown,field-hockey,2026,field-hockey,24
2026-10-07T12:08:33,Harvard,womens-rugby,2026,womens-rugby,27
2026-10-07T12:08:33,Columbia,womens-tennis,2026,womens-tennis,15
2026-10-07T12:08:34,Dartmouth,womens-basketball,2026,womens-basketball,17
2026-10-07T12:08:34,Harvard,womens-soccer,2026,womens-soccer,24
2026-10-07T12:08:34,Princeton,field-hockey,2026,field-hockey,24
2026-10-07T12:08:34,Brown,womens-golf,2026,womens-golf,8
2026-10-07T12:08:35,Dartmouth,womens-cross-country,2026,womens-cross-country,21
2026-10-07T12:08:35,Princeton,womens-golf,2026,womens-golf,10
2026-10-07T12:08:35,Brown,womens-ice-hockey,2026,womens-ice-hockey,26
2026-10-07T12:08:35,Harvard,womens-squash,2026,womens-squash,12
2026-10-07T12:08:35,Dartmouth,equestrian,2026,equestrian,11
2026-10-07T12:08:35,Columbia,womens-volleyball,2026,womens-volleyball,20
2026-10-07T12:08:36,Princeton,womens-ice-hockey,2026,womens-ice-hockey,23
2026-10-07T12:08:36,Brown,womens-lacrosse,2026,womens-lacrosse,31
2026-10-07T12:08:36,Harvard,womens-swimming-and-diving,2026,womens-swimming-and-diving,31
2026-10-07T12:08:36,Columbia,cross-country,2026,cross-country,52
2026-10-07T12:08:36,Princeton,womens-lacrosse,2026,womens-lacrosse,32
2026-10-07T12:08:37,Brown,womens-rugby,2026,womens-rugby,35
2026-10-07T12:08:37,Dartmouth,field-hockey,2026,field-hockey,24
2026-10-07T12:08:37,Princeton,womens-rugby,2026,womens-rugby,28
2026-10-07T12:08:37,Harvard,womens-tennis,2026,womens-tennis,14
2026-10-07T12:08:37,Columbia,track-and-field,2026,track-and-field,112
2026-10-07T12:08:38,Brown,womens-soccer,2026,womens-soccer,32
2026-10-07T12:08:38,Princeton,womens-soccer,2026,womens-soccer,28
2026-10-07T12:08:38,Dartmouth,womens-golf,2026,womens-golf,10
2026-10-07T12:08:38,Columbia,womens-rowing,2026,womens-rowing,45
2026-10-07T12:08:39,Brown,womens-squash,2026,womens-squash,17
2026-10-07T12:08:39,Harvard,womens-volleyball,2026,womens-volleyball,14
2026-10-07T12:08:39,Princeton,womens-squash,2026,womens-squash,14
2026-10-07T12:08:39,Dartmouth,womens-ice-hockey,2026,womens-ice-hockey,27
2026-10-07T12:08:40,Brown,womens-swimming-and-diving,2026,womens-swimming-and-diving,30
2026-10-07T12:08:40,Dartmouth,womens-lacrosse,2026,womens-lacrosse,37
2026-10-07T12:08:40,Princeton,womens-swimming-and-diving,2026,womens-swimming-and-diving,30
2026-10-07T12:08:40,Harvard,cross-country,2026,cross-country,37
2026-10-07T12:08:40,Brown,womens-tennis,2026,womens-tennis,14
2026-10-07T12:08:41,Princeton,womens-tennis,2026,womens-tennis,11
2026-10-07T12:08:41,Dartmouth,womens-rugby,2026,womens-rugby,33
2026-10-07T12:08:41,Harvard,track-and-field,2026,mens-track-and-field,93
2026-10-07T12:08:41,Brown,womens-track-and-field,2026,womens-track-and-field,60
2026-10-07T12:08:41,Harvard,womens-rowing,2026,womens-heavyweight-rowing,35
2026-10-07T12:08:42,Dartmouth,womens-soccer,2026,womens-soccer,29
2026-10-07T12:08:42,Brown,womens-volleyball,2026,womens-volleyball,20
2026-10-07T12:08:42,Harvard,womens-lightweight-rowing,2026,womens-lightweight-rowing,27
2026-10-07T12:08:43,Dartmouth,womens-squash,2026,womens-squash,13
2026-10-07T12:08:43,Princeton,womens-track-and-field,2026,womens-track-and-field,59
2026-10-07T12:08:43,Brown,womens-sailing,2026,womens-sailing,21
2026-10-07T12:08:44,Dartmouth,womens-swimming-and-diving,2026,womens-swimming-and-diving,29
2026-10-07T12:08:44,Princeton,womens-volleyball,2026,womens-volleyball,16
2026-10-07T12:08:44,Brown,womens-rowing,2026,womens-crew,44
2026-10-07T12:08:44,Dartmouth,womens-tennis,2026,womens-tennis,12
2026-10-07T12:08:45,Princeton,womens-rowing,2026,,0
2026-10-07T12:08:46,Dartmouth,womens-track-and-field,2026,womens-track-and-field,44
2026-10-07T12:08:47,Dartmouth,womens-volleyball,2026,womens-volleyball,17
2026-10-07T12:08:48,Dartmouth,womens-rowing,2026,womens-rowing,53
2026-10-07T12:21:46,Yale,baseball,2026,baseball,31
2026-10-07T12:21:46,Penn,baseball,2026,baseball,37
2026-10-07T12:21:46,Cornell,baseball,2026,baseball,40
2026-10-07T12:21:47,Yale,mens-basketball,2026,mens-basketball,15
2026-10-07T12:21:47,Harvard,baseball,2026,baseball,30
2026-10-07T12:21:47,Penn,mens-basketball,2026,mens-basketball,19
2026-10-07T12:21:47,Columbia,baseball,2026,baseball,44
2026-10-07T12:21:47,Dartmouth,baseball,2026,,0
2026-10-07T12:21:47,Cornell,mens-basketball,2026,mens-basketball,19
2026-10-07T12:21:47,Yale,mens-cross-country,2026,mens-cross-country,25
2026-10-07T12:21:47,Princeton,baseball,2026,baseball,25
2026-10-07T12:21:47,Brown,baseball,2026,baseball,38
2026-10-07T12:21:47,Penn,mens-cross-country,2026,mens-cross-country,17
2026-10-07T12:21:47,Cornell,mens-cross-country,2026,mens-cross-country,24
2026-10-07T12:21:48,Yale,football,2026,football,93
2026-10-07T12:21:48,Dartmouth,mens-basketball,2026,mens-basketball,15
2026-10-07T12:21:48,Harvard,mens-basketball,2026,mens-basketball,20
2026-10-07T12:21:48,Penn,football,2026,football,93
2026-10-07T12:21:48,Columbia,mens-basketball,2026,mens-basketball,19
2026-10-07T12:21:48,Cornell,football,2026,football,119
2026-10-07T12:21:48,Yale,mens-golf,2026,mens-golf,8
2026-10-07T12:21:48,Princeton,mens-basketball,2026,mens-basketball,21
2026-10-07T12:21:48,Brown,mens-basketball,2026,mens-basketball,19
2026-10-07T12:21:48,Penn,mens-golf,2026,mens-golf,9
2026-10-07T12:21:48,Harvard,football,2026,football,109
2026-10-07T12:21:48,Cornell,mens-golf,2026,mens-golf,8
2026-10-07T12:21:49,Yale,mens-ice-hockey,2026,mens-ice-hockey,29
2026-10-07T12:21:49,Dartmouth,mens-cross-country,2026,mens-cross-country,13
2026-10-07T12:21:49,Penn,mens-lacrosse,2026,mens-lacrosse,31
2026-10-07T12:21:49,Cornell,mens-ice-hockey,2026,mens-ice-hockey,31
2026-10-07T12:21:49,Yale,mens-lacrosse,2026,mens-lacrosse,48
2026-10-07T12:21:49,Princeton,mens-cross-country,2026,mens-cross-country,25
2026-10-07T12:21:49,Penn,mens-rowing,2026,mens-rowing,38
2026-10-07T12:21:49,Yale,mens-rowing,2026,mens-crew,51
2026-10-07T12:21:49,Brown,mens-cross-country,2026,mens-cross-country,21
2026-10-07T12:21:49,Cornell,mens-lacrosse,2026,mens-lacrosse,52
2026-10-07T12:21:50,Harvard,mens-golf,2026,mens-golf,8
2026-10-07T12:21:50,Penn,mens-soccer,2026,mens-soccer,32
2026-10-07T12:21:50,Yale,rowing,2026,mens-rowing,33
2026-10-07T12:21:50,Penn,mens-squash,2026,mens-squash,16
2026-10-07T12:21:50,Cornell,mens-rowing,2026,mens-rowing,29
2026-10-07T12:21:50,Yale,sailing,2026,sailing,27
2026-10-07T12:21:50,Cornell,mens-soccer,2026,mens-soccer,30
2026-10-07T12:21:50,Harvard,mens-ice-hockey,2026,mens-ice-hockey,29
2026-10-07T12:21:51,Penn,mens-swimming-and-diving,2026,mens-swimming-and-diving,28
2026-10-07T12:21:51,Dartmouth,football,2026,football,106
2026-10-07T12:21:51,Yale,mens-soccer,2026,mens-soccer,28
2026-10-07T12:21:51,Columbia,football,2026,football,108
2026-10-07T12:21:51,Penn,mens-tennis,2026,mens-tennis,12
2026-10-07T12:21:51,Princeton,football,2026,football,110
2026-10-07T12:21:51,Cornell,mens-squash,2026,mens-squash,14
2026-10-07T12:21:51,Yale,mens-squash,2026,mens-squash,13
2026-10-07T12:21:52,Harvard,mens-lacrosse,2026,mens-lacrosse,49
2026-10-07T12:21:52,Brown,football,2026,football,107
2026-10-07T12:21:52,Columbia,mens-golf,2026,mens-golf,10
2026-10-07T12:21:52,Cornell,mens-swimming-and-diving,2026,mens-swimming-and-diving,34
2026-10-07T12:21:52,Penn,mens-track-and-field,2026,mens-track-and-field,51
2026-10-07T12:21:52,Yale,mens-swimming-and-diving,2026,mens-swimming-and-diving,29
2026-10-07T12:21:52,Dartmouth,mens-golf,2026,mens-golf,8
2026-10-07T12:21:52,Princeton,mens-golf,2026,mens-golf,11
2026-10-07T12:21:52,Cornell,mens-tennis,2026,mens-tennis,11
2026-10-07T12:21:52,Harvard,mens-rowing,2026,mens-heavyweight-rowing,43
2026-10-07T12:21:52,Brown,mens-golf,2026,mens-golf,12
2026-10-07T12:21:52,Yale,mens-tennis,2026,mens-tennis,12
2026-10-07T12:21:53,Cornell,mens-track-and-field,2026,mens-track-and-field,51
2026-10-07T12:21:53,Dartmouth,mens-ice-hockey,2026,mens-ice-hockey,31
2026-10-07T12:21:53,Yale,mens-track-and-field,2026,mens-track-and-field,53
2026-10-07T12:21:53,Penn,womens-basketball,2026,womens-basketball,16
2026-10-07T12:21:53,Brown,mens-ice-hockey,2026,mens-ice-hockey,29
2026-10-07T12:21:53,Cornell,womens-basketball,2026,womens-basketball,16
2026-10-07T12:21:53,Princeton,mens-ice-hockey,2026,mens-ice-hockey,29
2026-10-07T12:21:53,Columbia,mens-rowing,2026,mens-rowing,38
2026-10-07T12:21:53,Yale,womens-basketball,2026,womens-basketball,19
2026-10-07T12:21:54,Penn,womens-cross-country,2026,womens-cross-country,20
2026-10-07T12:21:54,Harvard,rowing,2026,mens-lightweight-rowing,36
2026-10-07T12:21:54,Cornell,womens-cross-country,2026,womens-cross-country,20
2026-10-07T12:21:54,Yale,womens-cross-country,2026,womens-cross-country,18
2026-10-07T12:21:54,Penn,field-hockey,2026,field-hockey,22
2026-10-07T12:21:54,Cornell,equestrian,2026,equestrian,37
2026-10-07T12:21:54,Yale,field-hockey,2026,field-hockey,19
2026-10-07T12:21:54,Harvard,sailing,2026,mens-sailing,36
2026-10-07T12:21:54,Dartmouth,mens-lacrosse,2026,,0
2026-10-07T12:21:54,Penn,womens-golf,2026,womens-golf,8
2026-10-07T12:21:54,Brown,mens-lacrosse,2026,mens-lacrosse,52
2026-10-07T12:21:54,Columbia,rowing,2026,lightweight-rowing,36
2026-10-07T12:21:55,Cornell,field-hockey,2026,field-hockey,26
2026-10-07T12:21:55,Princeton,mens-lacrosse,2026,mens-lacrosse,54
2026-10-07T12:21:55,Yale,womens-golf,2026,womens-golf,8
2026-10-07T12:21:55,Penn,womens-lacrosse,2026,womens-lacrosse,34
2026-10-07T12:21:55,Cornell,womens-ice-hockey,2026,womens-ice-hockey,24
2026-10-07T12:21:55,Harvard,skiing,2026,skiing,21
2026-10-07T12:21:55,Yale,womens-ice-hockey,2026,womens-ice-hockey,27
2026-10-07T12:21:55,Brown,mens-rowing,2026,mens-crew,49
2026-10-07T12:21:55,Penn,womens-soccer,2026,womens-soccer,30
2026-10-07T12:21:55,Yale,womens-lacrosse,2026,womens-lacrosse,33
2026-10-07T12:21:56,Harvard,mens-soccer,2026,mens-soccer,29
2026-10-07T12:21:56,Columbia,mens-soccer,2026,mens-soccer,27
2026-10-07T12:21:56,Cornell,womens-lacrosse,2026,womens-lacrosse,40
2026-10-07T12:21:56,Dartmouth,mens-rowing,2026,mens-rowing,43
2026-10-07T12:21:56,Penn,womens-squash,2026,womens-squash,14
2026-10-07T12:21:56,Princeton,mens-rowing,2026,,0
2026-10-07T12:21:56,Yale,womens-soccer,2026,womens-soccer,26
2026-10-07T12:21:56,Brown,sailing,2026,coed-sailing,31
2026-10-07T12:21:56,Harvard,mens-squash,2026,mens-squash,13
2026-10-07T12:21:56,Cornell,womens-soccer,2026,womens-soccer,31
2026-10-07T12:21:56,Yale,womens-squash,2026,womens-squash,8
2026-10-07T12:21:57,Penn,womens-swimming-and-diving,2026,womens-swimming-and-diving,31
2026-10-07T12:21:57,Columbia,mens-squash,2026,mens-squash,17
2026-10-07T12:21:57,Dartmouth,rowing,2026,rowing,25
2026-10-07T12:21:57,Cornell,womens-squash,2026,womens-squash,14
2026-10-07T12:21:57,Yale,womens-swimming-and-diving,2026,womens-swimming-and-diving,29
2026-10-07T12:21:57,Penn,womens-tennis,2026,womens-tennis,10
2026-10-07T12:21:57,Harvard,mens-swimming-and-diving,2026,mens-swimming-and-diving,30
2026-10-07T12:21:57,Yale,womens-tennis,2026,womens-tennis,10
2026-10-07T12:21:57,Princeton,rowing,2026,,0
2026-10-07T12:21:57,Cornell,womens-swimming-and-diving,2026,womens-swimming-and-diving,31
2026-10-07T12:21:57,Penn,womens-track-and-field,2026,womens-track-and-field,57
2026-10-07T12:21:57,Brown,mens-soccer,2026,mens-soccer,29
2026-10-07T12:21:58,Dartmouth,sailing,2026,sailing,28
2026-10-07T12:21:58,Yale,womens-track-and-field,2026,womens-track-and-field,49
2026-10-07T12:21:58,Cornell,womens-tennis,2026,womens-tennis,10
2026-10-07T12:21:58,Columbia,mens-swimming-and-diving,2026,mens-swimming-and-diving,37
2026-10-07T12:21:58,Harvard,mens-tennis,2026,mens-tennis,13
2026-10-07T12:21:58,Penn,womens-volleyball,2026,womens-volleyball,18
2026-10-07T12:21:58,Yale,womens-volleyball,2026,womens-volleyball,17
2026-10-07T12:21:58,Cornell,womens-track-and-field,2026,womens-track-and-field,51
2026-10-07T12:21:58,Brown,mens-squash,2026,mens-squash,14
2026-10-07T12:21:58,Yale,womens-sailing,2026,womens-sailing,15
2026-10-07T12:21:58,Penn,womens-rowing,2026,womens-rowing,34
2026-10-07T12:21:58,Harvard,womens-basketball,2026,womens-basketball,18
2026-10-07T12:21:58,Columbia,mens-tennis,2026,mens-tennis,14
2026-10-07T12:21:59,Princeton,mens-soccer,2026,mens-soccer,28
2026-10-07T12:21:59,Cornell,womens-volleyball,2026,womens-volleyball,18
2026-10-07T12:21:59,Yale,womens-rowing,2026,womens-crew,39
2026-10-07T12:21:59,Harvard,field-hockey,2026,field-hockey,20
2026-10-07T12:21:59,Cornell,womens-sailing,2026,womens-sailing,14
2026-10-07T12:21:59,Columbia,womens-basketball,2026,womens-basketball,15
2026-10-07T12:21:59,Cornell,womens-rowing,2026,womens-rowing,54
2026-10-07T12:22:00,Princeton,mens-squash,2026,mens-squash,14
2026-10-07T12:22:00,Brown,mens-swimming-and-diving,2026,mens-swimming-and-diving,35
2026-10-07T12:22:00,Dartmouth,skiing,2026,skiing,42
2026-10-07T12:22:00,Harvard,womens-golf,2026,womens-golf,9
2026-10-07T12:22:00,Harvard,womens-ice-hockey,2026,womens-ice-hockey,24
2026-10-07T12:22:00,Brown,mens-tennis,2026,mens-tennis,13
2026-10-07T12:22:00,Columbia,field-hockey,2026,field-hockey,28
2026-10-07T12:22:01,Princeton,mens-swimming-and-diving,2026,mens-swimming-and-diving,39
2026-10-07T12:22:01,Dartmouth,mens-soccer,2026,mens-soccer,28
2026-10-07T12:22:01,Harvard,womens-lacrosse,2026,womens-lacrosse,29
2026-10-07T12:22:01,Columbia,womens-golf,2026,womens-golf,12
2026-10-07T12:22:01,Harvard,womens-rugby,2026,womens-rugby,27
2026-10-07T12:22:02,Brown,mens-track-and-field,2026,mens-track-and-field,54
2026-10-07T12:22:02,Dartmouth,mens-squash,2026,mens-squash,12
2026-10-07T12:22:02,Princeton,mens-tennis,2026,mens-tennis,12
2026-10-07T12:22:02,Harvard,womens-soccer,2026,womens-soccer,24
2026-10-07T12:22:02,Dartmouth,mens-swimming-and-diving,2026,mens-swimming-and-diving,23
2026-10-07T12:22:02,Brown,womens-basketball,2026,womens-basketball,18
2026-10-07T12:22:02,Harvard,womens-squash,2026,womens-squash,12
2026-10-07T12:22:03,Columbia,womens-lacrosse,2026,womens-lacrosse,31
2026-10-07T12:22:03,Dartmouth,mens-tennis,2026,mens-tennis,10
2026-10-07T12:22:03,Harvard,womens-swimming-and-diving,2026,womens-swimming-and-diving,31
2026-10-07T12:22:03,Brown,womens-cross-country,2026,womens-cross-country,25
2026-10-07T12:22:04,Columbia,womens-soccer,2026,womens-soccer,31
2026-10-07T12:22:04,Princeton,mens-track-and-field,2026,mens-track-and-field,67
2026-10-07T12:22:04,Harvard,womens-tennis,2026,womens-tennis,14
2026-10-07T12:22:04,Columbia,womens-squash,2026,womens-squash,17
2026-10-07T12:22:05,Princeton,womens-basketball,2026,womens-basketball,15
2026-10-07T12:22:05,Brown,equestrian,2026,equestrian,21
2026-10-07T12:22:05,Harvard,womens-volleyball,2026,womens-volleyball,14
2026-10-07T12:22:05,Columbia,womens-swimming-and-diving,2026,womens-swimming-and-diving,34
2026-10-07T12:22:05,Dartmouth,mens-track-and-field,2026,mens-track-and-field,41
2026-10-07T12:22:05,Princeton,womens-cross-country,2026,womens-cross-country,24
2026-10-07T12:22:06,Columbia,womens-tennis,2026,womens-tennis,15
2026-10-07T12:22:06,Harvard,cross-country,2026,cross-country,37
2026-10-07T12:22:06,Dartmouth,womens-basketball,2026,womens-basketball,17
2026-10-07T12:22:06,Brown,field-hockey,2026,field-hockey,24
2026-10-07T12:22:07,Princeton,field-hockey,2026,field-hockey,24
2026-10-07T12:22:07,Columbia,womens-volleyball,2026,womens-volleyball,20
2026-10-07T12:22:07,Harvard,track-and-field,2026,mens-track-and-field,93
2026-10-07T12:22:07,Brown,womens-golf,2026,womens-golf,8
2026-10-07T12:22:07,Dartmouth,womens-cross-country,2026,womens-cross-country,21
2026-10-07T12:22:07,Princeton,womens-golf,2026,womens-golf,10
2026-10-07T12:22:08,Harvard,womens-rowing,2026,womens-heavyweight-rowing,35
2026-10-07T12:22:08,Columbia,cross-country,2026,cross-country,52
2026-10-07T12:22:08,Brown,womens-ice-hockey,2026,womens-ice-hockey,26
2026-10-07T12:22:08,Dartmouth,equestrian,2026,equestrian,11
2026-10-07T12:22:08,Harvard,womens-lightweight-rowing,2026,womens-lightweight-rowing,27
2026-10-07T12:22:09,Princeton,womens-ice-hockey,2026,womens-ice-hockey,23
2026-10-07T12:22:09,Columbia,track-and-field,2026,track-and-field,112
2026-10-07T12:22:09,Brown,womens-lacrosse,2026,womens-lacrosse,31
2026-10-07T12:22:10,Princeton,womens-lacrosse,2026,womens-lacrosse,32
2026-10-07T12:22:10,Dartmouth,field-hockey,2026,field-hockey,24
2026-10-07T12:22:10,Columbia,womens-rowing,2026,womens-rowing,45
2026-10-07T12:22:10,Brown,womens-rugby,2026,womens-rugby,35
2026-10-07T12:22:11,Dartmouth,womens-golf,2026,womens-golf,10
2026-10-07T12:22:11,Princeton,womens-rugby,2026,womens-rugby,28
2026-10-07T12:22:11,Brown,womens-soccer,2026,womens-soccer,32
2026-10-07T12:22:11,Dartmouth,womens-ice-hockey,2026,womens-ice-hockey,27
2026-10-07T12:22:11,Princeton,womens-soccer,2026,womens-soccer,28
2026-10-07T12:22:12,Brown,womens-squash,2026,womens-squash,17
2026-10-07T12:22:12,Princeton,womens-squash,2026,womens-squash,14
2026-10-07T12:22:12,Dartmouth,womens-lacrosse,2026,womens-lacrosse,37
2026-10-07T12:22:13,Princeton,womens-swimming-and-diving,2026,womens-swimming-and-diving,30
2026-10-07T12:22:13,Dartmouth,womens-rugby,2026,womens-rugby,33
2026-10-07T12:22:13,Brown,womens-swimming-and-diving,2026,womens-swimming-and-diving,30
2026-10-07T12:22:14,Princeton,womens-tennis,2026,womens-tennis,11
2026-10-07T12:22:14,Brown,womens-tennis,2026,womens-tennis,14
2026-10-07T12:22:14,Dartmouth,womens-soccer,2026,womens-soccer,29
2026-10-07T12:22:15,Brown,womens-track-and-field,2026,womens-track-and-field,60
2026-10-07T12:22:15,Dartmouth,womens-squash,2026,womens-squash,13
2026-10-07T12:22:16,Brown,womens-volleyball,2026,womens-volleyball,20
2026-10-07T12:22:16,Dartmouth,womens-swimming-and-diving,2026,womens-swimming-and-diving,29
2026-10-07T12:22:16,Princeton,womens-track-and-field,2026,womens-track-and-field,59
2026-10-07T12:22:16,Brown,womens-sailing,2026,womens-sailing,21
2026-10-07T12:22:16,Dartmouth,womens-tennis,2026,womens-tennis,12
2026-10-07T12:22:17,Princeton,womens-volleyball,2026,womens-volleyball,16
2026-10-07T12:22:17,Brown,womens-rowing,2026,womens-crew,44
2026-10-07T12:22:18,Princeton,womens-rowing,2026,,0
2026-10-07T12:22:18,Dartmouth,womens-track-and-field,2026,womens-track-and-field,44
2026-10-07T12:22:19,Dartmouth,womens-volleyball,2026,womens-volleyball,17
2026-10-07T12:22:20,Dartmouth,womens-rowing,2026,womens-rowing,53
2026-10-07T12:33:01,Yale,baseball,2026,baseball,31
2026-10-07T12:33:01,Cornell,baseball,2026,baseball,40
2026-10-07T12:33:01,Brown,baseball,2026,baseball,38
2026-10-07T12:33:02,Harvard,baseball,2026,baseball,30
2026-10-07T12:33:02,Yale,mens-basketball,2026,mens-basketball,15
2026-10-07T12:33:02,Princeton,baseball,2026,baseball,25
2026-10-07T12:33:02,Columbia,baseball,2026,baseball,44
2026-10-07T12:33:02,Cornell,mens-basketball,2026,mens-basketball,19
2026-10-07T12:33:02,Dartmouth,baseball,2026,,0
2026-10-07T12:33:02,Penn,baseball,2026,baseball,37
2026-10-07T12:33:02,Harvard,mens-basketball,2026,mens-basketball,20
2026-10-07T12:33:02,Yale,mens-cross-country,2026,mens-cross-country,25
2026-10-07T12:33:02,Cornell,mens-cross-country,2026,mens-cross-country,24
2026-10-07T12:33:03,Brown,mens-basketball,2026,mens-basketball,19
2026-10-07T12:33:03,Cornell,football,2026,football,119
2026-10-07T12:33:03,Columbia,mens-basketball,2026,mens-basketball,19
2026-10-07T12:33:03,Yale,football,2026,football,93
2026-10-07T12:33:03,Princeton,mens-basketball,2026,mens-basketball,21
2026-10-07T12:33:03,Dartmouth,mens-basketball,2026,mens-basketball,15
2026-10-07T12:33:03,Cornell,mens-golf,2026,mens-golf,8
2026-10-07T12:33:03,Harvard,football,2026,football,109
2026-10-07T12:33:03,Yale,mens-golf,2026,mens-golf,8
2026-10-07T12:33:04,Cornell,mens-ice-hockey,2026,mens-ice-hockey,31
2026-10-07T12:33:04,Brown,mens-cross-country,2026,mens-cross-country,21
2026-10-07T12:33:04,Yale,mens-ice-hockey,2026,mens-ice-hockey,29
2026-10-07T12:33:04,Harvard,mens-golf,2026,mens-golf,8
2026-10-07T12:33:04,Dartmouth,mens-cross-country,2026,mens-cross-country,13
2026-10-07T12:33:04,Cornell,mens-lacrosse,2026,mens-lacrosse,52
2026-10-07T12:33:04,Yale,mens-lacrosse,2026,mens-lacrosse,48
2026-10-07T12:33:04,Penn,mens-basketball,2026,mens-basketball,19
2026-10-07T12:33:04,Harvard,mens-ice-hockey,2026,mens-ice-hockey,29
2026-10-07T12:33:04,Cornell,mens-rowing,2026,mens-rowing,29
2026-10-07T12:33:05,Penn,mens-cross-country,2026,mens-cross-country,17
2026-10-07T12:33:05,Yale,mens-rowing,2026,mens-crew,51
2026-10-07T12:33:05,Princeton,mens-cross-country,2026,mens-cross-country,25
2026-10-07T12:33:05,Cornell,mens-soccer,2026,mens-soccer,30
2026-10-07T12:33:05,Harvard,mens-lacrosse,2026,mens-lacrosse,49
2026-10-07T12:33:05,Yale,rowing,2026,mens-rowing,33
2026-10-07T12:33:06,Harvard,mens-rowing,2026,mens-heavyweight-rowing,43
2026-10-07T12:33:06,Dartmouth,football,2026,football,106
2026-10-07T12:33:06,Brown,football,2026,football,107
2026-10-07T12:33:06,Cornell,mens-squash,2026,mens-squash,14
2026-10-07T12:33:06,Yale,sailing,2026,sailing,27
2026-10-07T12:33:06,Harvard,rowing,2026,mens-lightweight-rowing,36
2026-10-07T12:33:07,Columbia,football,2026,football,108
2026-10-07T12:33:07,Cornell,mens-swimming-and-diving,2026,mens-swimming-and-diving,34
2026-10-07T12:33:07,Princeton,football,2026,football,110
2026-10-07T12:33:07,Yale,mens-soccer,2026,mens-soccer,28
2026-10-07T12:33:07,Dartmouth,mens-golf,2026,mens-golf,8
2026-10-07T12:33:07,Brown,mens-golf,2026,mens-golf,12
2026-10-07T12:33:07,Harvard,sailing,2026,mens-sailing,36
2026-10-07T12:33:07,Cornell,mens-tennis,2026,mens-tennis,11
2026-10-07T12:33:07,Yale,mens-squash,2026,mens-squash,13
2026-10-07T12:33:08,Columbia,mens-golf,2026,mens-golf,10
2026-10-07T12:33:08,Cornell,mens-track-and-field,2026,mens-track-and-field,51
2026-10-07T12:33:08,Yale,mens-swimming-and-diving,2026,mens-swimming-and-diving,29
2026-10-07T12:33:08,Princeton,mens-golf,2026,mens-golf,11
2026-10-07T12:33:08,Harvard,skiing,2026,skiing,21
2026-10-07T12:33:08,Brown,mens-ice-hockey,2026,mens-ice-hockey,29
2026-10-07T12:33:08,Cornell,womens-basketball,2026,womens-basketball,16
2026-10-07T12:33:08,Dartmouth,mens-ice-hockey,2026,mens-ice-hockey,31
2026-10-07T12:33:08,Yale,mens-tennis,2026,mens-tennis,12
2026-10-07T12:33:08,Columbia,mens-rowing,2026,mens-rowing,38
2026-10-07T12:33:08,Cornell,womens-cross-country,2026,womens-cross-country,20
2026-10-07T12:33:09,Yale,mens-track-and-field,2026,mens-track-and-field,53
2026-10-07T12:33:09,Penn,football,2026,football,93
2026-10-07T12:33:09,Princeton,mens-ice-hockey,2026,mens-ice-hockey,29
2026-10-07T12:33:09,Cornell,equestrian,2026,equestrian,37
2026-10-07T12:33:09,Harvard,mens-soccer,2026,mens-soccer,29
2026-10-07T12:33:09,Brown,mens-lacrosse,2026,mens-lacrosse,52
2026-10-07T12:33:09,Yale,womens-basketball,2026,womens-basketball,19
2026-10-07T12:33:09,Columbia,rowing,2026,lightweight-rowing,36
2026-10-07T12:33:09,Cornell,field-hockey,2026,field-hockey,26
2026-10-07T12:33:09,Yale,womens-cross-country,2026,womens-cross-country,18
2026-10-07T12:33:09,Dartmouth,mens-lacrosse,2026,,0
2026-10-07T12:33:10,Harvard,mens-squash,2026,mens-squash,13
2026-10-07T12:33:10,Princeton,mens-lacrosse,2026,mens-lacrosse,54
2026-10-07T12:33:10,Cornell,womens-ice-hockey,2026,womens-ice-hockey,24
2026-10-07T12:33:10,Yale,field-hockey,2026,field-hockey,19
2026-10-07T12:33:10,Brown,mens-rowing,2026,mens-crew,49
2026-10-07T12:33:10,Harvard,mens-swimming-and-diving,2026,mens-swimming-and-diving,30
2026-10-07T12:33:10,Cornell,womens-lacrosse,2026,womens-lacrosse,40
2026-10-07T12:33:10,Dartmouth,mens-rowing,2026,mens-rowing,43
2026-10-07T12:33:10,Yale,womens-golf,2026,womens-golf,8
2026-10-07T12:33:11,Cornell,womens-soccer,2026,womens-soccer,31
2026-10-07T12:33:11,Penn,mens-golf,2026,mens-golf,9
2026-10-07T12:33:11,Yale,womens-ice-hockey,2026,womens-ice-hockey,27
2026-10-07T12:33:11,Columbia,mens-soccer,2026,mens-soccer,27
2026-10-07T12:33:11,Harvard,mens-tennis,2026,mens-tennis,13
2026-10-07T12:33:11,Brown,sailing,2026,coed-sailing,31
2026-10-07T12:33:11,Cornell,womens-squash,2026,womens-squash,14
2026-10-07T12:33:11,Yale,womens-lacrosse,2026,womens-lacrosse,33
2026-10-07T12:33:11,Dartmouth,rowing,2026,rowing,25
2026-10-07T12:33:11,Harvard,womens-basketball,2026,womens-basketball,18
2026-10-07T12:33:11,Yale,womens-soccer,2026,womens-soccer,26
2026-10-07T12:33:11,Cornell,womens-swimming-and-diving,2026,womens-swimming-and-diving,31
2026-10-07T12:33:12,Princeton,mens-rowing,2026,,0
2026-10-07T12:33:12,Columbia,mens-squash,2026,mens-squash,17
2026-10-07T12:33:12,Penn,mens-lacrosse,2026,mens-lacrosse,31
2026-10-07T12:33:12,Yale,womens-squash,2026,womens-squash,8
2026-10-07T12:33:12,Dartmouth,sailing,2026,sailing,28
2026-10-07T12:33:12,Cornell,womens-tennis,2026,womens-tennis,10
2026-10-07T12:33:12,Harvard,field-hockey,2026,field-hockey,20
2026-10-07T12:33:12,Yale,womens-swimming-and-diving,2026,womens-swimming-and-diving,29
2026-10-07T12:33:12,Cornell,womens-track-and-field,2026,womens-track-and-field,51
2026-10-07T12:33:12,Brown,mens-soccer,2026,mens-soccer,29
2026-10-07T12:33:13,Columbia,mens-swimming-and-diving,2026,mens-swimming-and-diving,37
2026-10-07T12:33:13,Yale,womens-tennis,2026,womens-tennis,10
2026-10-07T12:33:13,Harvard,womens-golf,2026,womens-golf,9
2026-10-07T12:33:13,Princeton,rowing,2026,,0
2026-10-07T12:33:13,Penn,mens-rowing,2026,mens-rowing,38
2026-10-07T12:33:13,Cornell,womens-volleyball,2026,womens-volleyball,18
2026-10-07T12:33:13,Yale,womens-track-and-field,2026,womens-track-and-field,49
2026-10-07T12:33:13,Cornell,womens-sailing,2026,womens-sailing,14
2026-10-07T12:33:13,Brown,mens-squash,2026,mens-squash,14
2026-10-07T12:33:13,Columbia,mens-tennis,2026,mens-tennis,14
2026-10-07T12:33:13,Harvard,womens-ice-hockey,2026,womens-ice-hockey,24
2026-10-07T12:33:13,Cornell,womens-rowing,2026,womens-rowing,54
2026-10-07T12:33:13,Yale,womens-volleyball,2026,womens-volleyball,17
2026-10-07T12:33:14,Penn,mens-soccer,2026,mens-soccer,32
2026-10-07T12:33:14,Yale,womens-sailing,2026,womens-sailing,15
2026-10-07T12:33:14,Dartmouth,skiing,2026,skiing,42
2026-10-07T12:33:14,Brown,mens-swimming-and-diving,2026,mens-swimming-and-diving,35
2026-10-07T12:33:14,Columbia,womens-basketball,2026,womens-basketball,15
2026-10-07T12:33:14,Harvard,womens-lacrosse,2026,womens-lacrosse,29
2026-10-07T12:33:14,Princeton,mens-soccer,2026,mens-soccer,28
2026-10-07T12:33:14,Yale,womens-rowing,2026,womens-crew,39
2026-10-07T12:33:15,Harvard,womens-rugby,2026,womens-rugby,27
2026-10-07T12:33:15,Brown,mens-tennis,2026,mens-tennis,13
2026-10-07T12:33:15,Dartmouth,mens-soccer,2026,mens-soccer,28
2026-10-07T12:33:15,Harvard,womens-soccer,2026,womens-soccer,24
2026-10-07T12:33:16,Brown,mens-track-and-field,2026,mens-track-and-field,54
2026-10-07T12:33:16,Princeton,mens-squash,2026,mens-squash,14
2026-10-07T12:33:16,Harvard,womens-squash,2026,womens-squash,12
2026-10-07T12:33:16,Dartmouth,mens-squash,2026,mens-squash,12
2026-10-07T12:33:16,Brown,womens-basketball,2026,womens-basketball,18
2026-10-07T12:33:17,Columbia,field-hockey,2026,field-hockey,28
2026-10-07T12:33:17,Princeton,mens-swimming-and-diving,2026,mens-swimming-and-diving,39
2026-10-07T12:33:17,Dartmouth,mens-swimming-and-diving,2026,mens-swimming-and-diving,23
2026-10-07T12:33:17,Harvard,womens-swimming-and-diving,2026,womens-swimming-and-diving,31
2026-10-07T12:33:17,Brown,womens-cross-country,2026,womens-cross-country,25
2026-10-07T12:33:17,Penn,mens-squash,2026,mens-squash,16
2026-10-07T12:33:17,Columbia,womens-golf,2026,womens-golf,12
2026-10-07T12:33:17,Princeton,mens-tennis,2026,mens-tennis,12
2026-10-07T12:33:17,Harvard,womens-tennis,2026,womens-tennis,14
2026-10-07T12:33:17,Dartmouth,mens-tennis,2026,mens-tennis,10
2026-10-07T12:33:18,Brown,equestrian,2026,equestrian,21
2026-10-07T12:33:18,Harvard,womens-volleyball,2026,womens-volleyball,14
2026-10-07T12:33:18,Columbia,womens-lacrosse,2026,womens-lacrosse,31
2026-10-07T12:33:18,Penn,mens-swimming-and-diving,2026,mens-swimming-and-diving,28
2026-10-07T12:33:18,Harvard,cross-country,2026,cross-country,37
2026-10-07T12:33:19,Columbia,womens-soccer,2026,womens-soccer,31
2026-10-07T12:33:19,Harvard,track-and-field,2026,mens-track-and-field,93
2026-10-07T12:33:19,Columbia,womens-squash,2026,womens-squash,17
2026-10-07T12:33:19,Princeton,mens-track-and-field,2026,mens-track-and-field,67
2026-10-07T12:33:19,Penn,mens-tennis,2026,mens-tennis,12
2026-10-07T12:33:20,Brown,field-hockey,2026,field-hockey,24
2026-10-07T12:33:20,Harvard,womens-rowing,2026,womens-heavyweight-rowing,35
2026-10-07T12:33:20,Columbia,womens-swimming-and-diving,2026,womens-swimming-and-diving,34
2026-10-07T12:33:20,Harvard,womens-lightweight-rowing,2026,womens-lightweight-rowing,27
2026-10-07T12:33:20,Brown,womens-golf,2026,womens-golf,8
2026-10-07T12:33:20,Princeton,womens-basketball,2026,womens-basketball,15
2026-10-07T12:33:21,Columbia,womens-tennis,2026,womens-tennis,15
2026-10-07T12:33:21,Princeton,womens-cross-country,2026,womens-cross-country,24
2026-10-07T12:33:21,Brown,womens-ice-hockey,2026,womens-ice-hockey,26
2026-10-07T12:33:21,Dartmouth,mens-track-and-field,2026,mens-track-and-field,41
2026-10-07T12:33:21,Columbia,womens-volleyball,2026,womens-volleyball,20
2026-10-07T12:33:21,Penn,mens-track-and-field,2026,mens-track-and-field,51
2026-10-07T12:33:22,Brown,womens-lacrosse,2026,womens-lacrosse,31
2026-10-07T12:33:22,Dartmouth,womens-basketball,2026,womens-basketball,17
2026-10-07T12:33:22,Penn,womens-basketball,2026,womens-basketball,16
2026-10-07T12:33:22,Princeton,field-hockey,2026,field-hockey,24
2026-10-07T12:33:22,Columbia,cross-country,2026,cross-country,52
2026-10-07T12:33:23,Brown,womens-rugby,2026,womens-rugby,35
2026-10-07T12:33:23,Dartmouth,womens-cross-country,2026,womens-cross-country,21
2026-10-07T12:33:23,Princeton,womens-golf,2026,womens-golf,10
2026-10-07T12:33:23,Columbia,track-and-field,2026,track-and-field,112
2026-10-07T12:33:23,Dartmouth,equestrian,2026,equestrian,11
2026-10-07T12:33:24,Brown,womens-soccer,2026,womens-soccer,32
2026-10-07T12:33:24,Princeton,womens-ice-hockey,2026,womens-ice-hockey,23
2026-10-07T12:33:24,Brown,womens-squash,2026,womens-squash,17
2026-10-07T12:33:24,Penn,womens-cross-country,2026,womens-cross-country,20
2026-10-07T12:33:25,Dartmouth,field-hockey,2026,field-hockey,24
2026-10-07T12:33:25,Brown,womens-swimming-and-diving,2026,womens-swimming-and-diving,30
2026-10-07T12:33:26,Princeton,womens-lacrosse,2026,womens-lacrosse,32
2026-10-07T12:33:26,Columbia,womens-rowing,2026,womens-rowing,45
2026-10-07T12:33:26,Brown,womens-tennis,2026,womens-tennis,14
2026-10-07T12:33:26,Dartmouth,womens-golf,2026,womens-golf,10
2026-10-07T12:33:26,Penn,field-hockey,2026,field-hockey,22
2026-10-07T12:33:27,Dartmouth,womens-ice-hockey,2026,womens-ice-hockey,27
2026-10-07T12:33:27,Brown,womens-track-and-field,2026,womens-track-and-field,60
2026-10-07T12:33:27,Dartmouth,womens-lacrosse,2026,womens-lacrosse,37
2026-10-07T12:33:28,Brown,womens-volleyball,2026,womens-volleyball,20
2026-10-07T12:33:28,Princeton,womens-rugby,2026,womens-rugby,28
2026-10-07T12:33:28,Dartmouth,womens-rugby,2026,womens-rugby,33
2026-10-07T12:33:29,Brown,womens-sailing,2026,womens-sailing,21
2026-10-07T12:33:29,Princeton,womens-soccer,2026,womens-soccer,28
2026-10-07T12:33:29,Dartmouth,womens-soccer,2026,womens-soccer,29
2026-10-07T12:33:30,Princeton,womens-squash,2026,womens-squash,14
2026-10-07T12:33:30,Brown,womens-rowing,2026,womens-crew,44
2026-10-07T12:33:30,Dartmouth,womens-squash,2026,womens-squash,13
2026-10-07T12:33:30,Princeton,womens-swimming-and-diving,2026,womens-swimming-and-diving,30
2026-10-07T12:33:30,Dartmouth,womens-swimming-and-diving,2026,womens-swimming-and-diving,29
2026-10-07T12:33:31,Princeton,womens-tennis,2026,womens-tennis,11
2026-10-07T12:33:31,Dartmouth,womens-tennis,2026,womens-tennis,12
2026-10-07T12:33:33,Dartmouth,womens-track-and-field,2026,womens-track-and-field,44
2026-10-07T12:33:33,Princeton,womens-track-and-field,2026,womens-track-and-field,59
2026-10-07T12:33:34,Dartmouth,womens-volleyball,2026,womens-volleyball,17
2026-10-07T12:33:34,Princeton,womens-volleyball,2026,womens-volleyball,16
2026-10-07T12:33:34,Penn,womens-golf,2026,womens-golf,8
2026-10-07T12:33:34,Dartmouth,womens-rowing,2026,womens-rowing,53
2026-10-07T12:33:35,Princeton,womens-rowing,2026,,0
2026-10-07T12:33:37,Penn,womens-lacrosse,2026,womens-lacrosse,34
2026-10-07T12:33:37,Penn,womens-soccer,2026,womens-soccer,30
2026-10-07T12:33:38,Penn,womens-squash,2026,womens-squash,14
2026-10-07T12:33:38,Penn,womens-swimming-and-diving,2026,womens-swimming-and-diving,33
2026-10-07T12:33:38,Penn,womens-tennis,2026,womens-tennis,10
2026-10-07T12:33:39,Penn,womens-track-and-field,2026,womens-track-and-field,57
2026-10-07T12:33:39,Penn,womens-volleyball,2026,womens-volleyball,18
2026-10-07T12:33:39,Penn,womens-rowing,2026,womens-rowing,34
