name,position,hometown,sport,year,latitude,longitude
AJ DiFillipo,INF,"Peabody, Mass.",baseball,2016,42.5258965,-70.9272446
Alex Fisher,3B/1B,"Edmond, Okla.",baseball,2016,35.6571367,-97.4649038
Ben Porter,OF,"Newton, Mass.",baseball,2016,42.3300435,-71.194862
Ben Wereski,LHP,"Orchard Park, N.Y.",baseball,2016,42.7670376,-78.7435517
Brett Gannaway,RHP,"McKinney, Texas",baseball,2016,33.1976496,-96.6154471
Bryce Barr,RHP,"Austin, Texas",baseball,2016,30.2711286,-97.7436995
Chandler Bengtson,1B/OF,"Fresno, Calif.",baseball,2016,36.7394421,-119.78483
Dan Harrington,RHP,"Pacific Grove, Calif.",baseball,2016,36.6211149,-121.917794
Ethan Abrams,RHP,"Encinitas, Calif.",baseball,2016,33.0431846,-117.2849848
Harrisen Egly,RHP,"Edina, Minn.",baseball,2016,44.8897027,-93.3501222
Ian Burns,RHP,"Westport, Conn.",baseball,2016,41.1414855,-73.3578955
Jack Harlan,LHP,"Groton, Mass.",baseball,2016,42.6112242,-71.5745402
Jake Poliner,2B,"Westport, Conn.",baseball,2016,41.1414855,-73.3578955
Joe Engel,INF,"Downers Grove, Ill.",baseball,2016,41.7936822,-88.0102281
Jordan Chriss,RHP,"Antioch, Calif.",baseball,2016,38.0093296,-121.8106925
Josh Simpson,LHP,"Stafford, Conn.",baseball,2016,41.9851964,-72.2895812
Julian Bury,OF,"Mechanicsburg, Pa.",baseball,2016,40.2101972,-77.0047276
Kyle Bartelman,OF,"Chicago, Ill.",baseball,2016,41.8755616,-87.6244212
Lane Robinette,C,"Sunnyvale, Calif.",baseball,2016,37.3688301,-122.036349
Leo Pollack,LHP,"Berkeley, Calif.",baseball,2016,37.8708393,-122.272863
Liam McGill,C,"Wakefield, R.I.",baseball,2016,41.437324,-71.5014469
Lucas Hall,LHP,"Seaford, N.Y.",baseball,2016,40.668086,-73.4915091
Lynnard Rose,OF,"Houston, Texas",baseball,2016,29.7589382,-95.3676974
Mark Patrick Flynn,OF,"Huntington, N.Y.",baseball,2016,40.868154,-73.425676
Matt Karo,C,"Pacific Palisades, Calif.",baseball,2016,34.0480643,-118.5264706
Michael Kuzbel,OF,"Ashburn, Va.",baseball,2016,39.029784,-77.4744148
Nick O'Brien,RHP,"Keller, Texas",baseball,2016,32.9299655,-97.2271249
Randell Kanemaru,SS/3B,"Santa Ana, Calif.",baseball,2016,33.7494951,-117.873221
Ryan Marks,LHP,"Cos Cob, Conn.",baseball,2016,41.0510193,-73.5919491
Shane Adams,OF,"Sugar Land, Texas",baseball,2016,29.6196787,-95.6349463
Ty Wiest,RHP/INF,"Castle Rock, Colo.",baseball,2016,39.3722552,-104.858682
Will West,RHP,"Niceville, Fla.",baseball,2016,30.5168639,-86.482172
Zack Bahm,RHP,"Pittsburgh, Pa.",baseball,2016,40.4406968,-80.0025666
AJ DiFillipo,INF,"Peabody, Mass.",baseball,2017,42.5258965,-70.9272446
Alex Fisher,3B/1B,"Edmond, Okla.",baseball,2017,35.6571367,-97.4649038
Ben Porter,OF,"Newton, Mass.",baseball,2017,42.3300435,-71.194862
Ben Wereski,LHP,"Orchard Park, N.Y.",baseball,2017,42.7670376,-78.7435517
Billy Black,RHP,"Wilton, Conn.",baseball,2017,41.1953739,-73.4378988
Brett Gannaway,RHP,"McKinney, Texas",baseball,2017,33.1976496,-96.6154471
Brett Holtz,DH/1B,"White Plains, N.Y.",baseball,2017,41.0339862,-73.7629097
Bryce Barr,RHP,"Austin, Texas",baseball,2017,30.2711286,-97.7436995
Chandler Bengtson,1B/OF,"Fresno, Calif.",baseball,2017,36.7394421,-119.78483
Dan Harrington,RHP,"Pacific Grove, Calif.",baseball,2017,36.6211149,-121.917794
Ethan Abrams,RHP,"Encinitas, Calif.",baseball,2017,33.0431846,-117.2849848
Griffin Williams,UTL,"Austin, Texas",baseball,2017,30.2711286,-97.7436995
Harrisen Egly,RHP,"Edina, Minn.",baseball,2017,44.8897027,-93.3501222
Ian Burns,RHP,"Westport, Conn.",baseball,2017,41.1414855,-73.3578955
Jack Chernow,INF,"Chester, N.J.",baseball,2017,40.7842667,-74.6968284
Jack Harlan,LHP,"Groton, Mass.",baseball,2017,42.6112242,-71.5745402
Joe Engel,INF,"Downers Grove, Ill.",baseball,2017,41.7936822,-88.0102281
Jordan Chriss,RHP,"Antioch, Calif.",baseball,2017,38.0093296,-121.8106925
Josh Nicoloff,INF,"Ladera Ranch, Calif.",baseball,2017,33.551225,-117.6442582
Josh Simpson,LHP,"Stafford, Conn.",baseball,2017,41.9851964,-72.2895812
Julian Bury,OF,"Mechanicsburg, Pa.",baseball,2017,40.2101972,-77.0047276
Lane Robinette,C,"Sunnyvale, Calif.",baseball,2017,37.3688301,-122.036349
Leo Pollack,LHP,"Berkeley, Calif.",baseball,2017,37.8708393,-122.272863
Liam McGill,C,"Wakefield, R.I.",baseball,2017,41.437324,-71.5014469
Lucas Hall,LHP,"Seaford, N.Y.",baseball,2017,40.668086,-73.4915091
Mark Patrick Flynn,OF,"Huntington, N.Y.",baseball,2017,40.868154,-73.425676
Matt Cerfolio,INF,"Indian Springs, Ala.",baseball,2017,31.3296152,-85.8191043
Matt Karo,C,"Pacific Palisades, Calif.",baseball,2017,34.0480643,-118.5264706
Michael Kuzbel,OF,"Ashburn, Va.",baseball,2017,39.029784,-77.4744148
Nick O'Brien,RHP,"Keller, Texas",baseball,2017,32.9299655,-97.2271249
Pat Stanton,RHP,"Bellevue, Wash.",baseball,2017,47.6144219,-122.192337
Randell Kanemaru,SS/3B,"Santa Ana, Calif.",baseball,2017,33.7494951,-117.873221
Ryan Meury,LHP,"Fairfield, Conn.",baseball,2017,41.1412078,-73.2637258
Tim Post,RHP,"Rolling Hills, Calif.",baseball,2017,33.7668041,-118.3496623
Ty Wiest,RHP/INF,"Castle Rock, Colo.",baseball,2017,39.3722552,-104.858682
Will West,RHP,"Niceville, Fla.",baseball,2017,30.5168639,-86.482172
Zack Bahm,RHP,"Pittsburgh, Pa.",baseball,2017,40.4406968,-80.0025666
AJ DiFillipo,INF,"Peabody, Mass.",baseball,2018,42.5258965,-70.9272446
Austin Mowrey,INF,"Cardiff By The Sea, Calif.",baseball,2018,33.0225028,-117.2799629
Ben Porter,OF,"Newton, Mass.",baseball,2018,42.3300435,-71.194862
Ben Wereski,LHP,"Orchard Park, N.Y.",baseball,2018,42.7670376,-78.7435517
Billy Black,RHP,"Wilton, Conn.",baseball,2018,41.1953739,-73.4378988
Brett Holtz,DH/1B,"White Plains, N.Y.",baseball,2018,41.0339862,-73.7629097
Chandler Bengtson,1B,"Fresno, Calif.",baseball,2018,36.7394421,-119.78483
Dan Harrington,RHP,"Pacific Grove, Calif.",baseball,2018,36.6211149,-121.917794
Dane Miller,RHP,"Eagan, Minn.",baseball,2018,44.818173,-93.1659179
Danny Regan,LHP,"Andover, Mass.",baseball,2018,42.65717,-71.1408776
Ethan Abrams,RHP,"Encinitas, Calif.",baseball,2018,33.0431846,-117.2849848
Griffin Williams,UTL,"Austin, Texas",baseball,2018,30.2711286,-97.7436995
Ian Burns,RHP,"Westport, Conn.",baseball,2018,41.1414855,-73.3578955
Jack Chernow,INF,"Chester, N.J.",baseball,2018,40.7842667,-74.6968284
Jacob Phelps,INF,"Valrico, Fla.",baseball,2018,27.9378338,-82.2327525
Jimmy Smiley,RHP,"La Crescenta, Calif.",baseball,2018,34.230429,-118.2350733
Joe Engel,INF,"Downers Grove, Ill.",baseball,2018,41.7936822,-88.0102281
Jordan Chriss,RHP,"Antioch, Calif.",baseball,2018,38.0093296,-121.8106925
Josh Nicoloff,INF,"Ladera Ranch, Calif.",baseball,2018,33.551225,-117.6442582
Josh Simpson,LHP,"Stafford, Conn.",baseball,2018,41.9851964,-72.2895812
Joshua Solomon,C/OF,"Mission Viejo, Calif.",baseball,2018,33.5965685,-117.659405
Julian Bury,OF,"Mechanicsburg, Pa.",baseball,2018,40.2101972,-77.0047276
Leo Pollack,LHP,"Berkeley, Calif.",baseball,2018,37.8708393,-122.272863
Lewis Menendez,UTL,"Miami, Fla.",baseball,2018,25.7741566,-80.1935973
Liam McGill,C,"Wakefield, R.I.",baseball,2018,41.437324,-71.5014469
Lucas Hall,LHP,"Seaford, N.Y.",baseball,2018,40.668086,-73.4915091
Matt Cerfolio,INF,"Indian Springs, Ala.",baseball,2018,31.3296152,-85.8191043
Ryan Meury,LHP,"Fairfield, Conn.",baseball,2018,41.1412078,-73.2637258
Saajan May,RHP,"Weston, Mass.",baseball,2018,42.3667625,-71.3031132
Sean Higgins,RHP,"Santa Ana, Calif.",baseball,2018,33.7494951,-117.873221
Tim Post,RHP,"Rolling Hills, Calif.",baseball,2018,33.7668041,-118.3496623
Tyler MacGregor,UTL,"Peabody, Mass.",baseball,2018,42.5258965,-70.9272446
Will Geerdes,RHP,"San Antonio, Texas",baseball,2018,29.4246002,-98.4951405
AJ DiFillipo,INF,"Peabody, Mass.",baseball,2019,42.5258965,-70.9272446
Alex Krylov,UTL,"Newton, Mass.",baseball,2019,42.3300435,-71.194862
Andy Blake,INF,"Hopewell Township, N.J.",baseball,2019,40.3435303,-74.8166318
Austin Mowrey,INF,"Cardiff By The Sea, Calif.",baseball,2019,33.0225028,-117.2799629
Ben Wereski,LHP,"Orchard Park, N.Y.",baseball,2019,42.7670376,-78.7435517
Billy Black,RHP,"Wilton, Conn.",baseball,2019,41.1953739,-73.4378988
Brett Holtz,DH/1B,"White Plains, N.Y.",baseball,2019,41.0339862,-73.7629097
Dan Harrington,RHP,"Pacific Grove, Calif.",baseball,2019,36.6211149,-121.917794
Jack Chernow,INF,"Chester, N.J.",baseball,2019,40.7842667,-74.6968284
Jacob Phelps,INF,"Valrico, Fla.",baseball,2019,27.9378338,-82.2327525
Jimmy Smiley,RHP,"La Crescenta, Calif.",baseball,2019,34.230429,-118.2350733
John San Jule,OF,"San Luis Obispo, Calif.",baseball,2019,35.3540209,-120.375716
Josh Nicoloff,INF,"Ladera Ranch, Calif.",baseball,2019,33.551225,-117.6442582
Joshua Solomon,C/OF,"Mission Viejo, Calif.",baseball,2019,33.5965685,-117.659405
Julian Bury,OF,"Mechanicsburg, Pa.",baseball,2019,40.2101972,-77.0047276
Leo Pollack,LHP,"Berkeley, Calif.",baseball,2019,37.8708393,-122.272863
Lewis Menendez,UTL,"Miami, Fla.",baseball,2019,25.7741566,-80.1935973
Liam McGill,C,"Wakefield, R.I.",baseball,2019,41.437324,-71.5014469
Matt Cerfolio,INF,"Indian Springs, Ala.",baseball,2019,31.3296152,-85.8191043
Michael Ozymy,RHP,"Coppell, Texas",baseball,2019,32.9552598,-97.0155703
Mike Decker,INF,"Mullica Hill, N.J.",baseball,2019,39.728986,-75.2187865
Nate Beimel,LHP,"St. Mary's, Pa.",baseball,2019,40.8046943,-76.4719848
Phil Healy,LHP,"Staten Island, N.Y.",baseball,2019,40.5834557,-74.1496048
Ryan Meury,LHP,"Fairfield, Conn.",baseball,2019,41.1412078,-73.2637258
Saajan May,RHP,"Weston, Mass.",baseball,2019,42.3667625,-71.3031132
Sean Higgins,RHP,"Santa Ana, Calif.",baseball,2019,33.7494951,-117.873221
Tim Post,RHP,"Rolling Hills, Calif.",baseball,2019,33.7668041,-118.3496623
Tyler MacGregor,UTL,"Peabody, Mass.",baseball,2019,42.5258965,-70.9272446
Weston Eberly,C,"Maitland, Fla.",baseball,2019,28.6275253,-81.3656419
Will Geerdes,RHP,"San Antonio, Texas",baseball,2019,29.4246002,-98.4951405
Will West,RHP,"Niceville, Fla.",baseball,2019,30.5168639,-86.482172
Alex Krylov,UTL,"Newton, Mass.",baseball,2020,42.3300435,-71.194862
Andy Blake,INF,"Hopewell Township, N.J.",baseball,2020,40.3435303,-74.8166318
Austin Mowrey,INF,"Cardiff By The Sea, Calif.",baseball,2020,33.0225028,-117.2799629
Billy Black,RHP,"Wilton, Conn.",baseball,2020,41.1953739,-73.4378988
Bobby Baxter,OF,"Egg Harbor Township, N.J.",baseball,2020,39.3820672,-74.6171489
Brandon Madrigal,RHP,"Moorpark, Calif.",baseball,2020,34.285558,-118.8820414
Brett Holtz,DH/1B,"White Plains, N.Y.",baseball,2020,41.0339862,-73.7629097
Camron Hubble,RHP,"Westerville, Ohio",baseball,2020,40.126139,-82.9295287
Cole Hage,UTL,"Fargo, N.D.",baseball,2020,46.877229,-96.789821
Derek Yoo,RHP,"Los Angeles, Calif.",baseball,2020,34.0536909,-118.242766
EJ Kreutzmann,OF,"San Diego, Calif.",baseball,2020,32.7157062,-117.1638284
Hayden Schott,OF,"Newport Beach, Calif.",baseball,2020,33.6170092,-117.9294401
JD Ogden,LHP,"White Bear Lake, Minn.",baseball,2020,45.0838098,-93.0069304
Jack Chernow,INF,"Chester, N.J.",baseball,2020,40.7842667,-74.6968284
Jacob Phelps,INF,"Valrico, Fla.",baseball,2020,27.9378338,-82.2327525
Jaylen Anteneh,INF,"Oakland, Calif.",baseball,2020,37.8044557,-122.271356
Joe Sheets,RHP,"Wilmington, Del.",baseball,2020,39.7459468,-75.546589
John San Jule,OF,"San Luis Obispo, Calif.",baseball,2020,35.3540209,-120.375716
Josh Nam,RHP,Singapore,baseball,2020,1.357107,103.8194992
Josh Nicoloff,INF,"Ladera Ranch, Calif.",baseball,2020,33.551225,-117.6442582
Joshua Solomon,C/OF,"Mission Viejo, Calif.",baseball,2020,33.5965685,-117.659405
Lewis Menendez,UTL,"Miami, Fla.",baseball,2020,25.7741566,-80.1935973
Matt Cerfolio,INF,"Indian Springs, Ala.",baseball,2020,31.3296152,-85.8191043
Michael Ozymy,RHP,"Coppell, Texas",baseball,2020,32.9552598,-97.0155703
Mike Decker,INF,"Mullica Hill, N.J.",baseball,2020,39.728986,-75.2187865
Nate Beimel,LHP,"St. Mary's, Pa.",baseball,2020,40.8046943,-76.4719848
Phil Healy,LHP,"Staten Island, N.Y.",baseball,2020,40.5834557,-74.1496048
Ryan Meury,LHP,"Fairfield, Conn.",baseball,2020,41.1412078,-73.2637258
Saajan May,RHP,"Weston, Mass.",baseball,2020,42.3667625,-71.3031132
Sean Higgins,RHP,"Santa Ana, Calif.",baseball,2020,33.7494951,-117.873221
Seth Dardar,INF,"Mandeville, La.",baseball,2020,30.3582305,-90.0657477
Tim Post,RHP,"Rolling Hills, Calif.",baseball,2020,33.7668041,-118.3496623
Tyler MacGregor,UTL,"Peabody, Mass.",baseball,2020,42.5258965,-70.9272446
Weston Eberly,C,"Maitland, Fla.",baseball,2020,28.6275253,-81.3656419
Will Geerdes,RHP,"San Antonio, Texas",baseball,2020,29.4246002,-98.4951405
AJ Valle,RHP,"Huntington Beach, Calif.",baseball,2021,33.6783336,-118.000016
Alex Krylov,C,"Newton, Mass.",baseball,2021,42.3300435,-71.194862
Andy Blake,INF,"Hopewell Township, N.J.",baseball,2021,40.3435303,-74.8166318
Andy Leon,3B/RHP,"Sugar Land, Texas",baseball,2021,29.6196787,-95.6349463
Anton Lazits,INF,"Pittsfield, Mass.",baseball,2021,42.4484778,-73.2541069
Austin Mowrey,INF/OF,"Cardiff By The Sea, Calif.",baseball,2021,33.0225028,-117.2799629
Billy Black,RHP,"Wilton, Conn.",baseball,2021,41.1953739,-73.4378988
Brandon Madrigal,RHP,"Moorpark, Calif.",baseball,2021,34.285558,-118.8820414
Camron Hubble,RHP,"Westerville, Ohio",baseball,2021,40.126139,-82.9295287
Cole Hage,1B/OF,"Fargo, N.D.",baseball,2021,46.877229,-96.789821
Dane Miller,RHP,"Eagan, Minn.",baseball,2021,44.818173,-93.1659179
Derek Yoo,RHP,"Los Angeles, Calif.",baseball,2021,34.0536909,-118.242766
EJ Kreutzmann,OF,"San Diego, Calif.",baseball,2021,32.7157062,-117.1638284
Griffin Palfrey,INF/RHP,"Vancouver, B.C.",baseball,2021,49.2608724,-123.113952
Hayden Schott,OF,"Newport Beach, Calif.",baseball,2021,33.6170092,-117.9294401
JD Ogden,LHP,"White Bear Lake, Minn.",baseball,2021,45.0838098,-93.0069304
Jack Cooper,C,"Edwardsville, Ill.",baseball,2021,38.8114364,-89.953157
Jacob Phelps,INF,"Valrico, Fla.",baseball,2021,27.9378338,-82.2327525
Jafar Vohra,RHP,"Shelton, Conn.",baseball,2021,41.3164856,-73.0931641
Jagger Edwards,LHP,"San Antonio, Texas",baseball,2021,29.4246002,-98.4951405
Joe Sheets,RHP,"Wilmington, Del.",baseball,2021,39.7459468,-75.546589
John San Jule,OF,"San Luis Obispo, Calif.",baseball,2021,35.3540209,-120.375716
Josh Nam,RHP,Singapore,baseball,2021,1.357107,103.8194992
Joshua Solomon,OF,"Mission Viejo, Calif.",baseball,2021,33.5965685,-117.659405
Justin Tucker,RHP,"Renton, Wash.",baseball,2021,47.4799078,-122.2034496
Kyle Corso,INF,"Wayne, N.J.",baseball,2021,40.9491723,-74.2376802
Lewis Menendez,OF,"Miami, Fla.",baseball,2021,25.7741566,-80.1935973
Michael Ozymy,RHP,"Coppell, Texas",baseball,2021,32.9552598,-97.0155703
Mike Decker,INF,"Mullica Hill, N.J.",baseball,2021,39.728986,-75.2187865
Miles Blackwell,C,"Los Angeles, Calif.",baseball,2021,34.0536909,-118.242766
Nate Beimel,LHP,"St. Mary's, Pa.",baseball,2021,40.8046943,-76.4719848
Pat Wade,INF,"Needham, Mass.",baseball,2021,42.2802645,-71.2360624
Phil Healy,LHP,"Staten Island, N.Y.",baseball,2021,40.5834557,-74.1496048
Saajan May,RHP,"Weston, Mass.",baseball,2021,42.3667625,-71.3031132
Sean Higgins,RHP,"Santa Ana, Calif.",baseball,2021,33.7494951,-117.873221
Seth Dardar,INF,"Mandeville, La.",baseball,2021,30.3582305,-90.0657477
Skye Selinsky,UTL,"Aliso Viejo, Calif.",baseball,2021,33.5761376,-117.7258122
Tyler MacGregor,1B,"Peabody, Mass.",baseball,2021,42.5258965,-70.9272446
Weston Eberly,C,"Maitland, Fla.",baseball,2021,28.6275253,-81.3656419
Will Parkinson,LHP,"Tampa, Fla.",baseball,2021,27.9449854,-82.4583107
AJ Valle,RHP,"Huntington Beach, Calif.",baseball,2022,33.6783336,-118.000016
Andrew Argenziano,RHP,"Closter, N.J.",baseball,2022,40.9731536,-73.9615262
Andy Blake,INF,"Hopewell Township, N.J.",baseball,2022,40.3435303,-74.8166318
Andy Leon,RHP,"Sugar Land, Texas",baseball,2022,29.6196787,-95.6349463
Anton Lazits,INF,"Pittsfield, Mass.",baseball,2022,42.4484778,-73.2541069
Ben Seminara,C/1B,"Morristown, N.J.",baseball,2022,40.7970382,-74.4809868
Brandon Madrigal,RHP,"Moorpark, Calif.",baseball,2022,34.285558,-118.8820414
Camron Hubble,RHP,"Westerville, Ohio",baseball,2022,40.126139,-82.9295287
Cole Fellows,INF,"Clovis, Calif.",baseball,2022,36.8252277,-119.7029194
Cole Hage,1B/OF,"Fargo, N.D.",baseball,2022,46.877229,-96.789821
Dane Miller,RHP,"Eagan, Minn.",baseball,2022,44.818173,-93.1659179
Derek Yoo,RHP,"Los Angeles, Calif.",baseball,2022,34.0536909,-118.242766
EJ Kreutzmann,OF,"San Diego, Calif.",baseball,2022,32.7157062,-117.1638284
Evan Kleinhans,RHP,"Berkeley, Calif.",baseball,2022,37.8708393,-122.272863
Griffin Palfrey,INF/RHP,"Vancouver, B.C.",baseball,2022,49.2608724,-123.113952
Hayden Schott,OF,"Newport Beach, Calif.",baseball,2022,33.6170092,-117.9294401
JD Ogden,LHP,"White Bear Lake, Minn.",baseball,2022,45.0838098,-93.0069304
Jack Cooper,C,"Edwardsville, Ill.",baseball,2022,38.8114364,-89.953157
Jack Kail,INF,"McMurray, Pa.",baseball,2022,40.2791485,-80.088632
Jafar Vohra,RHP,"Shelton, Conn.",baseball,2022,41.3164856,-73.0931641
Jagger Edwards,LHP,"San Antonio, Texas",baseball,2022,29.4246002,-98.4951405
James Vaughn,RHP,"New York, N.Y.",baseball,2022,40.7127281,-74.0060152
Joe Sheets,RHP,"Wilmington, Del.",baseball,2022,39.7459468,-75.546589
John San Jule,OF,"San Luis Obispo, Calif.",baseball,2022,35.3540209,-120.375716
Justin Tucker,RHP,"Renton, Wash.",baseball,2022,47.4799078,-122.2034496
Kyle Corso,INF,"Wayne, N.J.",baseball,2022,40.9491723,-74.2376802
Martin Zhang,LHP,"Orange, Conn.",baseball,2022,41.2784304,-73.0256609
Mike Decker,INF,"Mullica Hill, N.J.",baseball,2022,39.728986,-75.2187865
Miles Blackwell,C,"Los Angeles, Calif.",baseball,2022,34.0536909,-118.242766
Nate Beimel,LHP,"St. Mary's, Pa.",baseball,2022,40.8046943,-76.4719848
Pat Wade,INF,"Needham, Mass.",baseball,2022,42.2802645,-71.2360624
Phil Healy,LHP,"Staten Island, N.Y.",baseball,2022,40.5834557,-74.1496048
Sam Miller,INF/RHP,"McMurray, Pa.",baseball,2022,40.2791485,-80.088632
Seth Dardar,INF,"Mandeville, La.",baseball,2022,30.3582305,-90.0657477
Skye Selinsky,OF,"Aliso Viejo, Calif.",baseball,2022,33.5761376,-117.7258122
Thomas Santana,RHP,"Millburn, N.J.",baseball,2022,40.7244443,-74.3069069
Weston Eberly,C,"Maitland, Fla.",baseball,2022,28.6275253,-81.3656419
Will Parkinson,LHP,"Tampa, Fla.",baseball,2022,27.9449854,-82.4583107
AJ Valle,RHP,"Huntington Beach, Calif.",baseball,2023,33.6783336,-118.000016
Andrew Argenziano,RHP,"Closter, N.J.",baseball,2023,40.9731536,-73.9615262
Andy Leon,RHP,"Sugar Land, Texas",baseball,2023,29.6196787,-95.6349463
Anton Lazits,INF/OF,"Pittsfield, Mass.",baseball,2023,42.4484778,-73.2541069
Baylor Hicks,RHP,"Cumming, Ga.",baseball,2023,34.2073196,-84.1401926
Ben Seminara,C/1B,"Morristown, N.J.",baseball,2023,40.7970382,-74.4809868
Brandon Madrigal,RHP,"Moorpark, Calif.",baseball,2023,34.285558,-118.8820414
Cole Fellows,INF/OF,"Clovis, Calif.",baseball,2023,36.8252277,-119.7029194
Cole Hage,1B/OF,"Fargo, N.D.",baseball,2023,46.877229,-96.789821
Dean Reynolds,UTL,"Orange, Texas",baseball,2023,30.1228634,-93.9041169
Derek Yoo,RHP,"Los Angeles, Calif.",baseball,2023,34.0536909,-118.242766
EJ Kreutzmann,OF,"San Diego, Calif.",baseball,2023,32.7157062,-117.1638284
Eric Jeon,INF,"Fullerton, Calif.",baseball,2023,33.8708215,-117.929416
Evan Kleinhans,RHP,"Berkeley, Calif.",baseball,2023,37.8708393,-122.272863
Griffin Palfrey,INF/RHP,"Vancouver, B.C.",baseball,2023,49.2608724,-123.113952
Hunter Snyder,INF,"Saint John, Ind.",baseball,2023,38.0792104,-87.4500133
JD Ogden,LHP,"White Bear Lake, Minn.",baseball,2023,45.0838098,-93.0069304
Jack Cooper,INF,"Edwardsville, Ill.",baseball,2023,38.8114364,-89.953157
Jack Kail,INF,"McMurray, Pa.",baseball,2023,40.2791485,-80.088632
Jagger Edwards,LHP,"San Antonio, Texas",baseball,2023,29.4246002,-98.4951405
James Vaughn,RHP,"New York, N.Y.",baseball,2023,40.7127281,-74.0060152
Joe Sheets,RHP,"Wilmington, Del.",baseball,2023,39.7459468,-75.546589
Justin Bowman,LHP,"Suwanee, Ga.",baseball,2023,34.0514898,-84.0712997
Kyle Corso,INF,"Wayne, N.J.",baseball,2023,40.9491723,-74.2376802
Lucas Dixon,RHP,"Pasadena, Calif.",baseball,2023,34.1476507,-118.144155
Lucas Jackson,C,"Fort Smith, Ark.",baseball,2023,35.3880338,-94.4265011
Martin Zhang,LHP,"Orange, Conn.",baseball,2023,41.2784304,-73.0256609
Miles Blackwell,C,"Los Angeles, Calif.",baseball,2023,34.0536909,-118.242766
Owen Estabrook,C,"Santa Barbara, Calif.",baseball,2023,34.4221319,-119.702667
Pat Wade,INF,"Needham, Mass.",baseball,2023,42.2802645,-71.2360624
Payton Soske,RHP,"Barrington, Ill.",baseball,2023,42.1539141,-88.1361888
Sam Miller,INF/RHP,"McMurray, Pa.",baseball,2023,40.2791485,-80.088632
Seth Dardar,INF,"Mandeville, La.",baseball,2023,30.3582305,-90.0657477
Skye Selinsky,OF,"Aliso Viejo, Calif.",baseball,2023,33.5761376,-117.7258122
Thomas Santana,RHP,"Millburn, N.J.",baseball,2023,40.7244443,-74.3069069
Tomas Lopez,RHP,"Redondo Beach, Calif.",baseball,2023,33.8398289,-118.3845942
Will Harrigan,RHP,"Syracuse, N.Y.",baseball,2023,43.0481221,-76.1474244
Will Parkinson,LHP,"Tampa, Fla.",baseball,2023,27.9449854,-82.4583107
AJ Valle,RHP,"Huntington Beach, Calif.",baseball,2024,33.6783336,-118.000016
Alex Sotiropoulos,RHP,"Tampa, Fla.",baseball,2024,27.9449854,-82.4583107
Andrew Argenziano,RHP,"Closter, N.J.",baseball,2024,40.9731536,-73.9615262
Andy Leon,RHP,"Sugar Land, Texas",baseball,2024,29.6196787,-95.6349463
Anthony Temesvary,C,"Los Angeles, Calif.",baseball,2024,34.0536909,-118.242766
Anton Lazits,OF,"Pittsfield, Mass.",baseball,2024,42.4484778,-73.2541069
Baylor Hicks,RHP,"Cumming, Ga.",baseball,2024,34.2073196,-84.1401926
Ben Fishel,OF,"Tappan, N.Y.",baseball,2024,41.0248325,-73.9504523
Ben Seminara,INF/OF,"Morristown, N.J.",baseball,2024,40.7970382,-74.4809868
Brendan Murphy,LHP,"Naples, Fla.",baseball,2024,26.1421976,-81.7942944
Cole Fellows,INF/OF,"Clovis, Calif.",baseball,2024,36.8252277,-119.7029194
Dan Mills,RHP,"Northern Beaches, New South Wales",baseball,2024,-33.6978586,151.2438809
Dean Reynolds,UTL,"Orange, Texas",baseball,2024,30.1228634,-93.9041169
Eric Jeon,INF,"Fullerton, Calif.",baseball,2024,33.8708215,-117.929416
Evan Kleinhans,RHP,"Berkeley, Calif.",baseball,2024,37.8708393,-122.272863
Griffin Palfrey,INF/RHP,"Vancouver, B.C.",baseball,2024,49.2608724,-123.113952
Hunter Snyder,INF,"Saint John, Ind.",baseball,2024,38.0792104,-87.4500133
Jack Kail,INF,"McMurray, Pa.",baseball,2024,40.2791485,-80.088632
Jackson Brewer,OF/INF,"Mequon, Wis.",baseball,2024,43.2219088,-87.9822969
Jagger Edwards,LHP,"San Antonio, Texas",baseball,2024,29.4246002,-98.4951405
Jimmy Chadwell,INF,"Longmeadow, Mass.",baseball,2024,42.0504498,-72.5824639
Joe Sheets,RHP,"Wilmington, Del.",baseball,2024,39.7459468,-75.546589
Justin Bowman,LHP,"Suwanee, Ga.",baseball,2024,34.0514898,-84.0712997
Kyle Corso,OF/RHP,"Wayne, N.J.",baseball,2024,40.9491723,-74.2376802
Lucas Dixon,RHP,"Pasadena, Calif.",baseball,2024,34.1476507,-118.144155
Lucas Jackson,C,"Fort Smith, Ark.",baseball,2024,35.3880338,-94.4265011
Martin Zhang,LHP,"Orange, Conn.",baseball,2024,41.2784304,-73.0256609
Miles Blackwell,C,"Los Angeles, Calif.",baseball,2024,34.0536909,-118.242766
Owen Estabrook,C,"Santa Barbara, Calif.",baseball,2024,34.4221319,-119.702667
Pat Wade,INF,"Needham, Mass.",baseball,2024,42.2802645,-71.2360624
Payton Soske,RHP,"Barrington, Ill.",baseball,2024,42.1539141,-88.1361888
Ray Huke,RHP,"Potomac, Md.",baseball,2024,39.0180508,-77.1956331
Sam Miller,INF/RHP,"McMurray, Pa.",baseball,2024,40.2791485,-80.088632
Skye Selinsky,OF,"Aliso Viejo, Calif.",baseball,2024,33.5761376,-117.7258122
Tate Vogler,INF,"Clemmons, N.C.",baseball,2024,36.0215258,-80.3819984
Thomas Santana,RHP,"Millburn, N.J.",baseball,2024,40.7244443,-74.3069069
Tomas Lopez,RHP,"Redondo Beach, Calif.",baseball,2024,33.8398289,-118.3845942
Towa Uejima,RHP,"Tokyo, Japan",baseball,2024,35.6768601,139.7638947
Will Harrigan,RHP,"Syracuse, N.Y.",baseball,2024,43.0481221,-76.1474244
Will Parkinson,LHP,"Tampa, Fla.",baseball,2024,27.9449854,-82.4583107
Alex Sotiropoulos,RHP,"Tampa, Fla.",baseball,2025,27.9449854,-82.4583107
Amare Burrus,OF,"Durham, N.C.",baseball,2025,35.996653,-78.9018053
Andrew Argenziano,RHP,"Closter, N.J.",baseball,2025,40.9731536,-73.9615262
Anthony Temesvary,C/INF,"Los Angeles, Calif.",baseball,2025,34.0536909,-118.242766
Baylor Hicks,RHP,"Cumming, Ga.",baseball,2025,34.2073196,-84.1401926
Ben Fishel,OF,"Tappan, N.Y.",baseball,2025,41.0248325,-73.9504523
Ben Seminara,INF/OF,"Morristown, N.J.",baseball,2025,40.7970382,-74.4809868
Brandon Rovinelli,RHP,"Shelton, Conn.",baseball,2025,41.3164856,-73.0931641
Brendan Murphy,LHP,"Naples, Fla.",baseball,2025,26.1421976,-81.7942944
Charlie Slabaugh,OF,"Lexington, Ky.",baseball,2025,38.0464066,-84.4970393
Cole Fellows,OF/1B,"Clovis, Calif.",baseball,2025,36.8252277,-119.7029194
Collin Park,LHP,"Woodbine, Md.",baseball,2025,39.359942,-77.0620833
Dan Mills,RHP,"Northern Beaches, New South Wales",baseball,2025,-33.6978586,151.2438809
Dean Reynolds,OF,"Orange, Texas",baseball,2025,30.1228634,-93.9041169
Evan Kleinhans,RHP,"Berkeley, Calif.",baseball,2025,37.8708393,-122.272863
Henrik Conniff,RHP,"Wilmette, Ill.",baseball,2025,42.076066,-87.7115555
Hunter Snyder,INF,"Saint John, Ind.",baseball,2025,38.0792104,-87.4500133
Jack Kail,INF,"McMurray, Pa.",baseball,2025,40.2791485,-80.088632
Jack Korthas,LHP,"Trophy Club, Texas",baseball,2025,32.9979014,-97.1836246
Jack McWilliams,OF,"San Marcos, Calif.",baseball,2025,33.1352995,-117.1743395
Jackson Brewer,OF/1B,"Mequon, Wis.",baseball,2025,43.2219088,-87.9822969
Jaden Santiago,C/INF,"San Diego, Calif.",baseball,2025,32.7157062,-117.1638284
Jake Taylor,RHP,"Belmont, Mass.",baseball,2025,42.3959296,-71.1786655
Jimmy Chadwell,INF,"Longmeadow, Mass.",baseball,2025,42.0504498,-72.5824639
Justin Bowman,LHP,"Suwanee, Ga.",baseball,2025,34.0514898,-84.0712997
Koby Seelig,RHP,"Cambridge, Mass.",baseball,2025,42.3656347,-71.1040018
Lucas Dixon,RHP,"Pasadena, Calif.",baseball,2025,34.1476507,-118.144155
Lucas Jackson,C,"Fort Smith, Ark.",baseball,2025,35.3880338,-94.4265011
Martin Zhang,LHP,"Orange, Conn.",baseball,2025,41.2784304,-73.0256609
Owen Estabrook,C,"Santa Barbara, Calif.",baseball,2025,34.4221319,-119.702667
Payton Soske,RHP,"Barrington, Ill.",baseball,2025,42.1539141,-88.1361888
Ray Huke,RHP,"Potomac, Md.",baseball,2025,39.0180508,-77.1956331
Tate Vogler,INF,"Clemmons, N.C.",baseball,2025,36.0215258,-80.3819984
Thomas Santana,RHP,"Millburn, N.J.",baseball,2025,40.7244443,-74.3069069
Tomas Lopez,RHP,"Redondo Beach, Calif.",baseball,2025,33.8398289,-118.3845942
Tyler Adamo,INF,"Lynnfield, Mass.",baseball,2025,42.5389836,-71.0481084
Will Harrigan,RHP,"Syracuse, N.Y.",baseball,2025,43.0481221,-76.1474244
Alex Sotiropoulos,RHP,"Tampa, Fla.",baseball,2026,27.9449854,-82.4583107
Amare Burrus,OF,"Durham, N.C.",baseball,2026,35.996653,-78.9018053
Anthony Temesvary,C/3B,"Los Angeles, Calif.",baseball,2026,34.0536909,-118.242766
Baylor Hicks,RHP,"Cumming, Ga.",baseball,2026,34.2073196,-84.1401926
Ben Fishel,OF,"Tappan, N.Y.",baseball,2026,41.0248325,-73.9504523
Brady Groves,OF,"Youngsville, N.C.",baseball,2026,36.0247769,-78.4767034
Brandon Rovinelli,RHP,"Shelton, Conn.",baseball,2026,41.3164856,-73.0931641
Brendan Murphy,LHP,"Naples, Fla.",baseball,2026,26.1421976,-81.7942944
Charlie Slabaugh,OF,"Lexington, Ky.",baseball,2026,38.0464066,-84.4970393
Chris McLaughlin,INF/P,"Albany, N.Y.",baseball,2026,42.6511674,-73.754968
Collin Park,LHP,"Woodbine, Md.",baseball,2026,39.359942,-77.0620833
Connor Couch,RHP,"Bloomington, Ind.",baseball,2026,39.1670396,-86.5342881
Dan Mills,RHP,"Northern Beaches, New South Wales",baseball,2026,-33.6978586,151.2438809
Dean Reynolds,OF,"Orange, Texas",baseball,2026,30.1228634,-93.9041169
Henrik Conniff,RHP,"Wilmette, Ill.",baseball,2026,42.076066,-87.7115555
Hunter Snyder,INF,"Saint John, Ind.",baseball,2026,38.0792104,-87.4500133
Jack Freehill,INF,"Palo Alto, Calif.",baseball,2026,37.4443293,-122.1598465
Jack Korthas,LHP,"Trophy Club, Texas",baseball,2026,32.9979014,-97.1836246
Jack McWilliams,OF,"San Marcos, Calif.",baseball,2026,33.1352995,-117.1743395
Jackson Brewer,OF/1B,"Mequon, Wis.",baseball,2026,43.2219088,-87.9822969
Jaden Santiago,C/INF,"San Diego, Calif.",baseball,2026,32.7157062,-117.1638284
Jake Taylor,RHP,"Belmont, Mass.",baseball,2026,42.3959296,-71.1786655
Jimmy Chadwell,INF,"Longmeadow, Mass.",baseball,2026,42.0504498,-72.5824639
Justin Bowman,LHP,"Suwanee, Ga.",baseball,2026,34.0514898,-84.0712997
Koby Seelig,RHP,"Cambridge, Mass.",baseball,2026,42.3656347,-71.1040018
Luc Gaca Thiele,INF,"Fort Collins, Colo.",baseball,2026,40.5871782,-105.0770113
Lucas Dixon,RHP,"Pasadena, Calif.",baseball,2026,34.1476507,-118.144155
Lucas Jackson,C,"Fort Smith, Ark.",baseball,2026,35.3880338,-94.4265011
Owen Estabrook,C,"Santa Barbara, Calif.",baseball,2026,34.4221319,-119.702667
Ray Huke,RHP,"Potomac, Md.",baseball,2026,39.0180508,-77.1956331
Ronan O'Brien,RHP,"Phoenix, Ariz.",baseball,2026,33.4484367,-112.074141
Russ Berger,LHP,"Charlotte, N.C.",baseball,2026,35.2272086,-80.8430827
Sam Wildfong,RHP,"Traverse City, Mich.",baseball,2026,44.7606481,-85.6165976
Selden Kolkebeck,RHP,"Harrington Park, N.J.",baseball,2026,40.9837089,-73.9798601
Tate Vogler,INF,"Clemmons, N.C.",baseball,2026,36.0215258,-80.3819984
Tomas Lopez,RHP,"Redondo Beach, Calif.",baseball,2026,33.8398289,-118.3845942
Towa Uejima,RHP,"Tokyo, Japan",baseball,2026,35.6768601,139.7638947
Ty Daniels,INF/P,"San Diego, Calif.",baseball,2026,32.7157062,-117.1638284
Tyler Adamo,INF,"Lynnfield, Mass.",baseball,2026,42.5389836,-71.0481084
Will Bercaw,INF,"Langhorne, Pa.",baseball,2026,40.1761812,-74.9202481
Will Harrigan,RHP,"Syracuse, N.Y.",baseball,2026,43.0481221,-76.1474244
Wyatt Raymond,OF/1B,"Charlottesville, Va.",baseball,2026,38.029306,-78.4766781
Xavien Suero,RHP,"Hyannis, Mass.",baseball,2026,41.6535345,-70.2823287
Abby McLaughlin,DIS,"Waldwick, N.J.",cross-country,2016,41.0109281,-74.1182019
Aidan Goltra,DIS,"Moraga, Calif.",cross-country,2016,37.834897,-122.12883
Alek Sauer,DIS,"Yardley, Pa.",cross-country,2016,40.242506,-74.8389704
Alexis Johnson,DIS,"Manhattan Beach, Calif.",cross-country,2016,33.8872777,-118.4104324
Annie Fanta,DIS,"East Lansing, Mich.",cross-country,2016,42.7320307,-84.4721678
Benjamin Ritz,DIS,"Jenkintown, Pa.",cross-country,2016,40.0959539,-75.125651
Bianca Alonzo,DIS,"Los Angeles, Calif.",cross-country,2016,34.0536909,-118.242766
Brandon Marquez,DIS,"Orlando, Fla.",cross-country,2016,28.5421218,-81.379045
Brian Zabilski,DIS,"Saugus, Calif.",cross-country,2016,34.4493489,-118.5168257
Brianna Lenehan,DIS,"Norwich, Conn.",cross-country,2016,41.5243631,-72.0759134
Brittney Wade,DIS,"Bethesda, Md.",cross-country,2016,38.9812726,-77.1233587
Charlie Theiss,DIS,"East Setauket, N.Y.",cross-country,2016,40.919085,-73.0963408
Chloe Binczyk,DIS,"Shaker Heights, Ohio",cross-country,2016,41.4739419,-81.5370671
Chris Thompson,DIS,"High Bridge, N.J.",cross-country,2016,40.6670454,-74.8957231
Colin Tierney,DIS,"Warwick, R.I.",cross-country,2016,41.6992717,-71.4586114
Dan Schumacher,DIS,"Naugatuck, Conn.",cross-country,2016,41.4907561,-73.0556562
Devon Towell,DIS,"West Chester, Pa.",cross-country,2016,39.9597389,-75.6044609
Dylan Tarpey,DIS,"Freehold Township, N.J.",cross-country,2016,40.2161336,-74.283856
Emily Acker,DIS,"Rexford, N.Y.",cross-country,2016,42.8526845,-73.8887417
Emily Digman,DIS,"Burnt Hills, N.Y.",cross-country,2016,42.9098254,-73.8950245
Erin Gregoire,DIS,"Beaverton, Ore.",cross-country,2016,45.4871723,-122.80378
Erin Melly,DIS,"Bohemia, N.Y.",cross-country,2016,40.770609,-73.1200703
Fiona Danieu,DIS,"East Aurora, N.Y.",cross-country,2016,42.7689141,-78.6177611
Gabriella Ferrigine,DIS,"Red Bank, N.J.",cross-country,2016,40.3470543,-74.0643065
George Miao,DIS,"Rocklin, Calf.",cross-country,2016,38.7907339,-121.2357828
Georgia Tuttle,DIS,"Rochester, N.Y.",cross-country,2016,43.157285,-77.615214
Hana Sun,DIS,"Moraga, Calif.",cross-country,2016,37.834897,-122.12883
Henna Rustami,DIS,"Syosset, N.Y.",cross-country,2016,40.814858,-73.5017966
Jack Baisley,DIS,"Holmdel, N.J.",cross-country,2016,40.3451095,-74.1840322
Jack Boyle,DIS,"Avon-by-the-Sea, N.J.",cross-country,2016,40.1923357,-74.0159703
Jacob Susalla,DIS,"Plum, Pa.",cross-country,2016,40.5003457,-79.7494911
Jenna Farrell,DIS,"Manlius, N.Y.",cross-country,2016,43.0020107,-75.9768632
Jillian Murray,DIS,"Chevy Chase, Md.",cross-country,2016,38.9813699,-77.0849245
Johain Ounadjela,DIS,"Belmont, Calif.",cross-country,2016,37.5164926,-122.2941914
Jonah Hanig,DIS,"Highland Park, Ill.",cross-country,2016,42.1836719,-87.7993245
Julia Sienski,DIS,"Huntington Beach, Calif.",cross-country,2016,33.6783336,-118.000016
Katharine Sammer,DIS,"Poway, Calif.",cross-country,2016,32.9628234,-117.035864
Katie Wasserman,DIS,"Spotswood, N.J.",cross-country,2016,40.391774,-74.3984834
Keenan Piper,DIS,"Seattle, Wash.",cross-country,2016,47.6038321,-122.330062
Kenny Vasbinder,DIS,"East Aurora, N.Y.",cross-country,2016,42.7689141,-78.6177611
Laura Walsh,DIS,"Chatham Township, N.J.",cross-country,2016,40.730124,-74.4251115
Libby Kokes,DIS,"Portland, Ore.",cross-country,2016,45.5202471,-122.674194
Lucky Schreiner,DIS,"Gilbert, Ariz.",cross-country,2016,33.3527632,-111.789037
Max Norris,DIS,"Narbeth, Pa.",cross-country,2016,40.00726,-75.2624168
Michael McClemens,DIS,"Lincroft, N.J.",cross-country,2016,40.3450695,-74.1300764
Natalie Tanner,DIS,"Rye, N.Y.",cross-country,2016,40.9821371,-73.6840902
Nell Crosby,DIS,"Colorado Springs, Colo.",cross-country,2016,38.8339578,-104.825348
Nora McSorley,DIS,"Randolph, N.J.",cross-country,2016,40.844265,-74.5857218
Rebekah Mills,DIS,"Camden, Del.",cross-country,2016,39.1134251,-75.541923
Robert Napolitano,DIS,"Brick, N.J.",cross-country,2016,40.0707244,-74.1280562
Ryan Dearie,DIS,"Stony Book, N.Y.",cross-country,2016,40.908482,-73.1325471
Ryan Thomas,DIS,"Charlottesville, Va.",cross-country,2016,38.029306,-78.4766781
Sam Ritz,DIS,"Philadelphia, Pa.",cross-country,2016,39.9527237,-75.1635262
Samantha Siler,DIS,"Cincinnati, Ohio",cross-country,2016,39.1012809,-84.5127405
Sarah Burke,DIS,"Tyngsboro, Mass.",cross-country,2016,42.6658853,-71.4101576
Sarah Hardie,DIS,"Eastport, N.Y.",cross-country,2016,40.8448455,-72.7318065
Sarah MacDonald,DIS,"Toronto, Ont.",cross-country,2016,43.6534817,-79.3839347
Solomon Rice,DIS,"Indianapolis, Ind.",cross-country,2016,39.7683331,-86.1583502
Spencer Haik,DIS,"Springfield, Mo.",cross-country,2016,37.2081729,-93.2922715
Tal Braude,DIS,"San Diego, Calif.",cross-country,2016,32.7157062,-117.1638284
Thomas Rooney,DIS,"Lincroft, N.J.",cross-country,2016,40.3450695,-74.1300764
Tyler Italiano,DIS,"Syosset, N.Y.",cross-country,2016,40.814858,-73.5017966
Tyler Otterstedt,DIS,"Granville, Ohio",cross-country,2016,40.0681192,-82.5196037
Victoria Ingram,DIS,"Smithtown, N.Y.",cross-country,2016,40.8559314,-73.2006687
Aaron Breene,DIS,"Wilton, Conn.",cross-country,2017,41.1953739,-73.4378988
Abby McLaughlin,DIS,"Waldwick, N.J.",cross-country,2017,41.0109281,-74.1182019
Aidan Goltra,DIS,"Moraga, Calif.",cross-country,2017,37.834897,-122.12883
Ajax Diamandis,DIS,"Rowayton, Conn.",cross-country,2017,41.0777255,-73.4442745
Alek Sauer,DIS,"Yardley, Pa.",cross-country,2017,40.242506,-74.8389704
Alexis Johnson,DIS,"Manhattan Beach, Calif.",cross-country,2017,33.8872777,-118.4104324
Allie Hays,DIS,"Wading River, N.Y.",cross-country,2017,40.9446394,-72.8246139
Annie Fanta,DIS,"East Lansing, Mich.",cross-country,2017,42.7320307,-84.4721678
Bianca Alonzo,DIS,"Los Angeles, Calif.",cross-country,2017,34.0536909,-118.242766
Brandon Marquez,DIS,"Orlando, Fla.",cross-country,2017,28.5421218,-81.379045
Brian Zabilski,DIS,"Saugus, Calif.",cross-country,2017,34.4493489,-118.5168257
Camila Michaels,DIS,"Bristol, R.I.",cross-country,2017,41.6770463,-71.2661597
Charlie Theiss,DIS,"East Setauket, N.Y.",cross-country,2017,40.919085,-73.0963408
Chloe Binczyk,DIS,"Shaker Heights, Ohio",cross-country,2017,41.4739419,-81.5370671
Chris Thompson,DIS,"High Bridge, N.J.",cross-country,2017,40.6670454,-74.8957231
Dan Schumacher,DIS,"Naugatuck, Conn.",cross-country,2017,41.4907561,-73.0556562
Dominic Dyer,DIS,"George Town, Grand Cayman",cross-country,2017,19.2832107,-81.3497767
Dylan Tarpey,DIS,"Freehold Township, N.J.",cross-country,2017,40.2161336,-74.283856
Emily Acker,DIS,"Rexford, N.Y.",cross-country,2017,42.8526845,-73.8887417
Emily Digman,DIS,"Burnt Hills, N.Y.",cross-country,2017,42.9098254,-73.8950245
Erin Gregoire,DIS,"Beaverton, Ore.",cross-country,2017,45.4871723,-122.80378
Erin Melly,DIS,"Bohemia, N.Y.",cross-country,2017,40.770609,-73.1200703
Fiona Danieu,DIS,"East Aurora, N.Y.",cross-country,2017,42.7689141,-78.6177611
Gabriella Ferrigine,DIS,"Red Bank, N.J.",cross-country,2017,40.3470543,-74.0643065
Hana Sun,DIS,"Moraga, Calif.",cross-country,2017,37.834897,-122.12883
Jacob Susalla,DIS,"Plum, Pa.",cross-country,2017,40.5003457,-79.7494911
Jenna Farrell,DIS,"Manlius, N.Y.",cross-country,2017,43.0020107,-75.9768632
Jillian Murray,DIS,"Chevy Chase, Md.",cross-country,2017,38.9813699,-77.0849245
Johain Ounadjela,DIS,"Belmont, Calif.",cross-country,2017,37.5164926,-122.2941914
Jonathan Lauer,DIS,"Centereach, N.Y.",cross-country,2017,40.867749,-73.0839793
Julia Sienski,DIS,"Huntington Beach, Calif.",cross-country,2017,33.6783336,-118.000016
Katie Wasserman,DIS,"Spotswood, N.J.",cross-country,2017,40.391774,-74.3984834
Kenny Vasbinder,DIS,"East Aurora, N.Y.",cross-country,2017,42.7689141,-78.6177611
Libby Kokes,DIS,"Portland, Ore.",cross-country,2017,45.5202471,-122.674194
Lucky Schreiner,DIS,"Gilbert, Ariz.",cross-country,2017,33.3527632,-111.789037
Maria Kogan,DIS,"Port Washington, N.Y.",cross-country,2017,40.8263965,-73.684993
Michael McClemens,DIS,"Lincroft, N.J.",cross-country,2017,40.3450695,-74.1300764
Nell Crosby,DIS,"Colorado Springs, Colo.",cross-country,2017,38.8339578,-104.825348
Nora McSorley,DIS,"Randolph, N.J.",cross-country,2017,40.844265,-74.5857218
Owen Bishop,DIS,"Upland, Calif.",cross-country,2017,34.09751,-117.6483876
Paris Calcagnini,DIS,"New York, N.Y.",cross-country,2017,40.7127281,-74.0060152
Rebekah Mills,DIS,"Camden, Del.",cross-country,2017,39.1134251,-75.541923
Ryan Dearie,DIS,"Stony Book, N.Y.",cross-country,2017,40.908482,-73.1325471
Ryan Thomas,DIS,"Charlottesville, Va.",cross-country,2017,38.029306,-78.4766781
Sam Ritz,DIS,"Philadelphia, Pa.",cross-country,2017,39.9527237,-75.1635262
Samantha Marin,DIS,"Blacksburg, Va.",cross-country,2017,37.2296566,-80.4136767
Sarah Hardie,DIS,"Eastport, N.Y.",cross-country,2017,40.8448455,-72.7318065
Sarah MacDonald,DIS,"Toronto, Ont.",cross-country,2017,43.6534817,-79.3839347
Serena Tripodi,DIS,"Westport, Conn.",cross-country,2017,41.1414855,-73.3578955
Solomon Fountain,DIS,"Temecula, Calif.",cross-country,2017,33.4946353,-117.147366
Solomon Rice,DIS,"Indianapolis, Ind.",cross-country,2017,39.7683331,-86.1583502
Spencer Haik,DIS,"Springfield, Mo.",cross-country,2017,37.2081729,-93.2922715
Tal Braude,DIS,"San Diego, Calif.",cross-country,2017,32.7157062,-117.1638284
Terri Turner,DIS,"Clifton Heights, Pa.",cross-country,2017,39.9292791,-75.2962972
Tyler Italiano,DIS,"Syosset, N.Y.",cross-country,2017,40.814858,-73.5017966
Tyler Otterstedt,DIS,"Granville, Ohio",cross-country,2017,40.0681192,-82.5196037
Vasilis Kopanas,DIS,"Kifisia, Greece",cross-country,2017,38.0736082,23.8082244
Victoria Ingram,DIS,"Smithtown, N.Y.",cross-country,2017,40.8559314,-73.2006687
Aaron Breene,DIS,"Wilton, Conn.",cross-country,2018,41.1953739,-73.4378988
Abby McLaughlin,DIS,"Waldwick, N.J.",cross-country,2018,41.0109281,-74.1182019
Ajax Diamandis,DIS,"Rowayton, Conn.",cross-country,2018,41.0777255,-73.4442745
Alek Sauer,DIS,"Yardley, Pa.",cross-country,2018,40.242506,-74.8389704
Alex Rodman,MID,"Kill Devil Hills, N.C.",cross-country,2018,36.0321186,-75.6776147
Allie Hays,DIS,"Wading River, N.Y.",cross-country,2018,40.9446394,-72.8246139
Annie Fanta,DIS,"East Lansing, Mich.",cross-country,2018,42.7320307,-84.4721678
Ben Kelley,MID,"Steamboat Springs, Colo.",cross-country,2018,40.4848003,-106.831735
Bianca Alonzo,DIS,"Los Angeles, Calif.",cross-country,2018,34.0536909,-118.242766
Brandon Hicks,MID,"Springfield, N.J.",cross-country,2018,40.7109107,-74.3099398
Brandon Marquez,DIS,"Orlando, Fla.",cross-country,2018,28.5421218,-81.379045
Brian Zabilski,DIS,"Saugus, Calif.",cross-country,2018,34.4493489,-118.5168257
Camila Michaels,DIS,"Bristol, R.I.",cross-country,2018,41.6770463,-71.2661597
Charlotte Hartman,DIS,"Mechanicville, N.Y.",cross-country,2018,42.9028547,-73.6873405
Chris Thompson,DIS,"High Bridge, N.J.",cross-country,2018,40.6670454,-74.8957231
Dan Schumacher,DIS,"Naugatuck, Conn.",cross-country,2018,41.4907561,-73.0556562
David Vorbach,DIS,"Nashua, N.H.",cross-country,2018,42.7656251,-71.4677032
Delaney Sanacore,DIS,"Los Alamitos, Calif.",cross-country,2018,33.8038865,-118.0772433
Dominic Dyer,DIS,"George Town, Grand Cayman",cross-country,2018,19.2832107,-81.3497767
Emily Acker,DIS,"Rexford, N.Y.",cross-country,2018,42.8526845,-73.8887417
Emily Digman,DIS,"Burnt Hills, N.Y.",cross-country,2018,42.9098254,-73.8950245
Emily Rooney,DIS,"Birmingham, Mich.",cross-country,2018,42.5467012,-83.2113192
Emily Virtue,DIS,"Burbank, Calif.",cross-country,2018,34.1812089,-118.307201
Erin Gregoire,DIS,"Beaverton, Ore.",cross-country,2018,45.4871723,-122.80378
Finn Waters,DIS,"Rancho Sante Fe, Calif.",cross-country,2018,33.0242314,-117.1979781
Gabriella Ferrigine,DIS,"Red Bank, N.J.",cross-country,2018,40.3470543,-74.0643065
Hana Sun,DIS,"Moraga, Calif.",cross-country,2018,37.834897,-122.12883
Harry Scudamore,DIS,"Denver, Colo.",cross-country,2018,39.7392364,-104.984862
Ian Irish,MID,"Palos Versed Estates, Calif.",cross-country,2018,33.7872386,-118.401813
Jackson Storey,DIS,"Jacksonville, Fla.",cross-country,2018,30.3262247,-81.6579179
Jacob Caswell,DIS,"Berlin, Wis.",cross-country,2018,43.9684264,-88.9466233
Jenna Farrell,DIS,"Manlius, N.Y.",cross-country,2018,43.0020107,-75.9768632
Jillian Murray,DIS,"Chevy Chase, Md.",cross-country,2018,38.9813699,-77.0849245
Jonathan Lauer,DIS,"Centereach, N.Y.",cross-country,2018,40.867749,-73.0839793
Josiah Langstaff,DIS,"Portland, Ore.",cross-country,2018,45.5202471,-122.674194
Julia Sienski,DIS,"Huntington Beach, Calif.",cross-country,2018,33.6783336,-118.000016
Katie Wasserman,DIS,"Spotswood, N.J.",cross-country,2018,40.391774,-74.3984834
Kenny Vasbinder,DIS,"East Aurora, N.Y.",cross-country,2018,42.7689141,-78.6177611
Libby Kokes,DIS,"Portland, Ore.",cross-country,2018,45.5202471,-122.674194
Lucky Schreiner,DIS,"Gilbert, Ariz.",cross-country,2018,33.3527632,-111.789037
Maria Kogan,DIS,"Port Washington, N.Y.",cross-country,2018,40.8263965,-73.684993
Owen Bishop,DIS,"Upland, Calif.",cross-country,2018,34.09751,-117.6483876
Pat Bayeux,DIS,"Basking Ridge, N.J.",cross-country,2018,40.7064088,-74.5492725
Rachel Kenny,DIS,"Matawan, N.J.",cross-country,2018,40.41483,-74.2295891
Rebekah Mills,DIS,"Camden, Del.",cross-country,2018,39.1134251,-75.541923
Sam Ritz,DIS,"Philadelphia, Pa.",cross-country,2018,39.9527237,-75.1635262
Samantha Marin,DIS,"Blacksburg, Va.",cross-country,2018,37.2296566,-80.4136767
Sarah MacDonald,DIS,"Toronto, Ont.",cross-country,2018,43.6534817,-79.3839347
Serena Tripodi,DIS,"Westport, Conn.",cross-country,2018,41.1414855,-73.3578955
Sofia Camacho,DIS,"Paris, France",cross-country,2018,48.8534951,2.3483915
Solomon Fountain,DIS,"Temecula, Calif.",cross-country,2018,33.4946353,-117.147366
Solomon Rice,DIS,"Indianapolis, Ind.",cross-country,2018,39.7683331,-86.1583502
Terri Turner,DIS,"Clifton Heights, Pa.",cross-country,2018,39.9292791,-75.2962972
Tyler Italiano,DIS,"Syosset, N.Y.",cross-country,2018,40.814858,-73.5017966
Willie Hall,DIS,"Davis, Calif.",cross-country,2018,38.5435526,-121.739005
Aaron Breene,DIS,"Wilton, Conn.",cross-country,2019,41.1953739,-73.4378988
Abby McLaughlin,DIS,"Waldwick, N.J.",cross-country,2019,41.0109281,-74.1182019
Adhwin Sridhar,MID,"Plainsboro, N.J.",cross-country,2019,40.3334409,-74.6004341
Ajax Diamandis,DIS,"Rowayton, Conn.",cross-country,2019,41.0777255,-73.4442745
Alex Rodman,MID,"Kill Devil Hills, N.C.",cross-country,2019,36.0321186,-75.6776147
Allie Hays,DIS,"Wading River, N.Y.",cross-country,2019,40.9446394,-72.8246139
Angela Saidman,DIS,"Danbury, Conn.",cross-country,2019,41.394817,-73.4540111
Ben Kelley,MID,"Steamboat Springs, Colo.",cross-country,2019,40.4848003,-106.831735
Bianca Alonzo,DIS,"Los Angeles, Calif.",cross-country,2019,34.0536909,-118.242766
Brandon Hicks,MID,"Springfield, N.J.",cross-country,2019,40.7109107,-74.3099398
Camila Michaels,DIS,"Bristol, R.I.",cross-country,2019,41.6770463,-71.2661597
Cassidy Williams,MID,"Staten Island, N.Y.",cross-country,2019,40.5834557,-74.1496048
Charlotte Hartman,DIS,"Mechanicville, N.Y.",cross-country,2019,42.9028547,-73.6873405
Clio Dakolias,MID,"Bronxville, N.Y.",cross-country,2019,40.9381544,-73.8320784
David Vorbach,DIS,"Nashua, N.H.",cross-country,2019,42.7656251,-71.4677032
Delaney Sanacore,DIS,"Los Alamitos, Calif.",cross-country,2019,33.8038865,-118.0772433
Dominic Dyer,DIS,"George Town, Grand Cayman",cross-country,2019,19.2832107,-81.3497767
Emily Acker,DIS,"Rexford, N.Y.",cross-country,2019,42.8526845,-73.8887417
Emily Digman,DIS,"Burnt Hills, N.Y.",cross-country,2019,42.9098254,-73.8950245
Emily Rooney,DIS,"Birmingham, Mich.",cross-country,2019,42.5467012,-83.2113192
Emily Virtue,DIS,"Burbank, Calif.",cross-country,2019,34.1812089,-118.307201
Finn Waters,DIS,"Rancho Sante Fe, Calif.",cross-country,2019,33.0242314,-117.1979781
Fiona Danieu,DIS,"East Aurora, N.Y.",cross-country,2019,42.7689141,-78.6177611
Grace Custer,DIS,"Houston, Texas",cross-country,2019,29.7589382,-95.3676974
Hana Sun,DIS,"Moraga, Calif.",cross-country,2019,37.834897,-122.12883
Harry Scudamore,DIS,"Denver, Colo.",cross-country,2019,39.7392364,-104.984862
Ian Irish,MID,"Palos Versed Estates, Calif.",cross-country,2019,33.7872386,-118.401813
Isabel Schmidt,DIS,"Seattle, Wash.",cross-country,2019,47.6038321,-122.330062
Jackie Patterson,MID,"Princeton, N.J.",cross-country,2019,40.3496953,-74.6597376
Jackson Storey,DIS,"Jacksonville, Fla.",cross-country,2019,30.3262247,-81.6579179
Jacob Caswell,DIS,"Berlin, Wis.",cross-country,2019,43.9684264,-88.9466233
Jenna Farrell,DIS,"Manlius, N.Y.",cross-country,2019,43.0020107,-75.9768632
Jonathan Lauer,DIS,"Centereach, N.Y.",cross-country,2019,40.867749,-73.0839793
Juan Lasso,MID,"Westhampton Beach, N.Y.",cross-country,2019,40.8101459,-72.6413756
Juan Zarate-Sanchez,MID,"Davis, Calif.",cross-country,2019,38.5435526,-121.739005
Katie Wasserman,DIS,"Spotswood, N.J.",cross-country,2019,40.391774,-74.3984834
Kenny Vasbinder,DIS,"East Aurora, N.Y.",cross-country,2019,42.7689141,-78.6177611
Lauren Grela,DIS,"Dedham, Mass.",cross-country,2019,42.2481895,-71.1734418
Linnaea Kavulich,DIS,"Scappoose, Ore.",cross-country,2019,45.7572997,-122.8743589
Lucas Aramburu,DIS,"Brookline, Mass.",cross-country,2019,42.332918,-71.1187829
Nixon McKenzie,MID,"Fairfield, Calif.",cross-country,2019,38.2493581,-122.039966
Owen Bishop,DIS,"Upland, Calif.",cross-country,2019,34.09751,-117.6483876
Pat Bayeux,DIS,"Basking Ridge, N.J.",cross-country,2019,40.7064088,-74.5492725
Rachel Kenny,DIS,"Matawan, N.J.",cross-country,2019,40.41483,-74.2295891
Samantha Marin,DIS,"Blacksburg, Va.",cross-country,2019,37.2296566,-80.4136767
Seneca Willen,DIS,"Fairfax, Va.",cross-country,2019,38.8462236,-77.3063733
Serena Tripodi,DIS,"Westport, Conn.",cross-country,2019,41.1414855,-73.3578955
Sofia Camacho,DIS,"Paris, France",cross-country,2019,48.8534951,2.3483915
Sydney Groom,MID,"Las Vegas, Nev.",cross-country,2019,36.1674263,-115.1484131
Terri Turner,DIS,"Clifton Heights, Pa.",cross-country,2019,39.9292791,-75.2962972
Tyler Berg,DIS,"Ballston Lake, N.Y.",cross-country,2019,42.9343617,-73.8596218
Willie Hall,DIS,"Davis, Calif.",cross-country,2019,38.5435526,-121.739005
Aaron Breene,DIS,"Wilton, Conn.",cross-country,2020,41.1953739,-73.4378988
Adhwin Sridhar,MID,"Plainsboro, N.J.",cross-country,2020,40.3334409,-74.6004341
Alex Rodman,MID,"Kill Devil Hills, N.C.",cross-country,2020,36.0321186,-75.6776147
Allie Hays,DIS,"Wading River, N.Y.",cross-country,2020,40.9446394,-72.8246139
Andre Williams,DIS,"Kelseyville, Calif.",cross-country,2020,38.966921,-122.8354355
Andrea Dubbels,MID,"Clifton, N.J.",cross-country,2020,40.8584328,-74.1637553
Angela Saidman,DIS,"Danbury, Conn.",cross-country,2020,41.394817,-73.4540111
Anish Nanjappa,DIS,"Clarksville, Md.",cross-country,2020,39.2065447,-76.9429182
Ben Kuhn,DIS,"Wyomissing, Pa.",cross-country,2020,40.329537,-75.9652117
Brandon Hicks,MID,"Springfield, N.J.",cross-country,2020,40.7109107,-74.3099398
Camila Michaels,DIS,"Bristol, R.I.",cross-country,2020,41.6770463,-71.2661597
Cassidy Williams,MID,"Staten Island, N.Y.",cross-country,2020,40.5834557,-74.1496048
Charlotte Hartman,DIS,"Mechanicville, N.Y.",cross-country,2020,42.9028547,-73.6873405
Clio Dakolias,MID,"Bronxville, N.Y.",cross-country,2020,40.9381544,-73.8320784
David Vorbach,DIS,"Nashua, N.H.",cross-country,2020,42.7656251,-71.4677032
Delaney Sanacore,DIS,"Los Alamitos, Calif.",cross-country,2020,33.8038865,-118.0772433
Dominic Dyer,DIS,"George Town, Grand Cayman",cross-country,2020,19.2832107,-81.3497767
Emily Virtue,DIS,"Burbank, Calif.",cross-country,2020,34.1812089,-118.307201
Evan Manley,DIS,"Hudson, Ohio",cross-country,2020,41.240056,-81.440667
Grace Custer,DIS,"Houston, Texas",cross-country,2020,29.7589382,-95.3676974
Harry Scudamore,DIS,"Denver, Colo.",cross-country,2020,39.7392364,-104.984862
Ian Irish,MID,"Palos Versed Estates, Calif.",cross-country,2020,33.7872386,-118.401813
Ian Smith,MID,"Richmond, Va.",cross-country,2020,37.5385087,-77.43428
Jackson Storey,DIS,"Jacksonville, Fla.",cross-country,2020,30.3262247,-81.6579179
Jacob Ireland,DIS,"Bronx, N.Y.",cross-country,2020,40.8466508,-73.8785937
Jordan Mathis,DIS,"Austin, Texas",cross-country,2020,30.2711286,-97.7436995
Juan Lasso,MID,"Westhampton Beach, N.Y.",cross-country,2020,40.8101459,-72.6413756
Juan Zarate-Sanchez,MID,"Davis, Calif.",cross-country,2020,38.5435526,-121.739005
Julian Baeza,DIS,"Austin, Texas",cross-country,2020,30.2711286,-97.7436995
Justin O'Toole,MID,"Weston, Mass.",cross-country,2020,42.3667625,-71.3031132
Kaitlynn Wolfe,DIS,"Blacksburg, Va.",cross-country,2020,37.2296566,-80.4136767
Krystof Lapotsky,DIS,"Coal Township, Pa.",cross-country,2020,40.791824,-76.5936151
Lauren Grela,DIS,"Dedham, Mass.",cross-country,2020,42.2481895,-71.1734418
Linnaea Kavulich,DIS,"Scappoose, Ore.",cross-country,2020,45.7572997,-122.8743589
Lucas Aramburu,DIS,"Brookline, Mass.",cross-country,2020,42.332918,-71.1187829
Mary Caroline Heinen,DIS,"Richmond, Va.",cross-country,2020,37.5385087,-77.43428
Michael Danzi,DIS,"Smithtown, N.Y.",cross-country,2020,40.8559314,-73.2006687
Nikki Vanasse,DIS,"Martinsville, N.J.",cross-country,2020,40.6012136,-74.5590452
Nixon McKenzie,MID,"Fairfield, Calif.",cross-country,2020,38.2493581,-122.039966
Olivia Schmitt,MID,"Lindenhurst, Ill.",cross-country,2020,42.4105765,-88.0261911
Owen Bishop,DIS,"Upland, Calif.",cross-country,2020,34.09751,-117.6483876
Pat Bayeux,DIS,"Basking Ridge, N.J.",cross-country,2020,40.7064088,-74.5492725
Rachel Kenny,DIS,"Matawan, N.J.",cross-country,2020,40.41483,-74.2295891
Samantha Marin,DIS,"Blacksburg, Va.",cross-country,2020,37.2296566,-80.4136767
Seneca Willen,DIS,"Fairfax, Va.",cross-country,2020,38.8462236,-77.3063733
Serena Tripodi,DIS,"Westport, Conn.",cross-country,2020,41.1414855,-73.3578955
Sofia Camacho,DIS,"Paris, France",cross-country,2020,48.8534951,2.3483915
Sydney Groom,MID,"Las Vegas, Nev.",cross-country,2020,36.1674263,-115.1484131
Terri Turner,DIS,"Clifton Heights, Pa.",cross-country,2020,39.9292791,-75.2962972
Tyler Berg,DIS,"Ballston Lake, N.Y.",cross-country,2020,42.9343617,-73.8596218
Wonders Oguejiofor,MID,"Cypress, Texas",cross-country,2020,29.9691116,-95.6971686
Zoë Harris,MID,"Greenwich, Conn.",cross-country,2020,41.0264862,-73.6284598
Alex Rodman,MID,"Kill Devil Hills, N.C.",cross-country,2021,36.0321186,-75.6776147
Alex Tillock,MID,"O'Fallon, Ill.",cross-country,2021,38.5922715,-89.9112124
Andrea Dubbels,MID,"Clifton, N.J.",cross-country,2021,40.8584328,-74.1637553
Angela Saidman,DIS,"Danbury, Conn.",cross-country,2021,41.394817,-73.4540111
Anish Nanjappa,DIS,"Clarksville, Md.",cross-country,2021,39.2065447,-76.9429182
Ava Jolley,DIS,"North Salem, N.Y.",cross-country,2021,41.3348169,-73.5712374
Ben Kuhn,DIS,"Wyomissing, Pa.",cross-country,2021,40.329537,-75.9652117
Brandon Hicks,MID,"Springfield, N.J.",cross-country,2021,40.7109107,-74.3099398
Brigid McCabe,DIS,"Bayonne, N.J.",cross-country,2021,40.6687141,-74.1143091
Caleb Gartner,MID,"Falmouth, Mass.",cross-country,2021,41.5514979,-70.6147519
Charlotte Hartman,DIS,"Mechanicville, N.Y.",cross-country,2021,42.9028547,-73.6873405
Clio Dakolias,MID,"Bronxville, N.Y.",cross-country,2021,40.9381544,-73.8320784
Daphne Matthews,MID,"Yukon, Okla.",cross-country,2021,35.5067259,-97.7625386
David Vorbach,DIS,"Nashua, N.H.",cross-country,2021,42.7656251,-71.4677032
Delaney Sanacore,DIS,"Los Alamitos, Calif.",cross-country,2021,33.8038865,-118.0772433
Dominic Sobhani,MID,"Richfield, Minn.",cross-country,2021,44.8766431,-93.2877877
Emily Virtue,DIS,"Burbank, Calif.",cross-country,2021,34.1812089,-118.307201
Gavin White,DIS,"Pinckney, Mich.",cross-country,2021,42.4567013,-83.9463359
Grace Connolly,DIS,"Barrington, R.I.",cross-country,2021,41.7407661,-71.3084633
Ian Irish,MID,"Palos Versed Estates, Calif.",cross-country,2021,33.7872386,-118.401813
Ian Smith,MID,"Richmond, Va.",cross-country,2021,37.5385087,-77.43428
Isabel Schmidt,DIS,"Seattle, Wash.",cross-country,2021,47.6038321,-122.330062
Jack Bennett,DIS,"Portland, Ore.",cross-country,2021,45.5202471,-122.674194
Jacob Ireland,DIS,"Bronx, N.Y.",cross-country,2021,40.8466508,-73.8785937
Jordan Mathis,DIS,"Austin, Texas",cross-country,2021,30.2711286,-97.7436995
Juan Zarate-Sanchez,MID,"Davis, Calif.",cross-country,2021,38.5435526,-121.739005
Julian Baeza,DIS,"Austin, Texas",cross-country,2021,30.2711286,-97.7436995
Justin O'Toole,MID,"Weston, Mass.",cross-country,2021,42.3667625,-71.3031132
Kaitlynn Wolfe,DIS,"Blacksburg, Va.",cross-country,2021,37.2296566,-80.4136767
Kate Kuwahara,DIS,"Salt Lake City, Utah",cross-country,2021,40.7596198,-111.886797
Lauren Grela,DIS,"Dedham, Mass.",cross-country,2021,42.2481895,-71.1734418
Lilly Bradley,DIS,"Boston, Mass.",cross-country,2021,42.3588336,-71.0578303
Linnaea Kavulich,DIS,"Scappoose, Ore.",cross-country,2021,45.7572997,-122.8743589
Lucas Aramburu,DIS,"Brookline, Mass.",cross-country,2021,42.332918,-71.1187829
Mary Caroline Heinen,DIS,"Richmond, Va.",cross-country,2021,37.5385087,-77.43428
Michael Danzi,DIS,"Smithtown, N.Y.",cross-country,2021,40.8559314,-73.2006687
Natalia Quintero,DIS,"Los Angeles, Calif.",cross-country,2021,34.0536909,-118.242766
Nikki Vanasse,DIS,"Martinsville, N.J.",cross-country,2021,40.6012136,-74.5590452
Nixon McKenzie,MID,"Fairfield, Calif.",cross-country,2021,38.2493581,-122.039966
Olivia Schmitt,MID,"Lindenhurst, Ill.",cross-country,2021,42.4105765,-88.0261911
Owen Lockyer,DIS,"St. Catharines, Ontario, Canada",cross-country,2021,43.1579812,-79.2441003
Owen Nelson,DIS,"Seattle, Wash.",cross-country,2021,47.6038321,-122.330062
Pat Bayeux,DIS,"Basking Ridge, N.J.",cross-country,2021,40.7064088,-74.5492725
Phoebe Anderson,DIS,"London, England",cross-country,2021,51.5074456,-0.1277653
Rachel Kenny,DIS,"Matawan, N.J.",cross-country,2021,40.41483,-74.2295891
Ryan Borden,DIS,"South Riding, Va.",cross-country,2021,38.9125645,-77.5109911
Seneca Willen,DIS,"Fairfax, Va.",cross-country,2021,38.8462236,-77.3063733
Sofia Camacho,DIS,"Paris, France",cross-country,2021,48.8534951,2.3483915
Sofie Matson,DIS,"Falmouth, Maine",cross-country,2021,43.7219859,-70.2327055
Solomon Fountain,DIS,"Temecula, Calif.",cross-country,2021,33.4946353,-117.147366
Story Downing,MID,"Kansas City, Mo.",cross-country,2021,39.100105,-94.5781416
Talha Syed,DIS,"Canton, Mich.",cross-country,2021,42.7269261,-84.6433146
Tyler Berg,DIS,"Ballston Lake, N.Y.",cross-country,2021,42.9343617,-73.8596218
Wonders Oguejiofor,MID,"Cypress, Texas",cross-country,2021,29.9691116,-95.6971686
Zoë Harris,MID,"Greenwich, Conn.",cross-country,2021,41.0264862,-73.6284598
Andrea Dubbels,MID,"Clifton, N.J.",cross-country,2022,40.8584328,-74.1637553
Angela Saidman,DIS,"Danbury, Conn.",cross-country,2022,41.394817,-73.4540111
Anish Nanjappa,DIS,"Clarksville, Md.",cross-country,2022,39.2065447,-76.9429182
Austin Rios-Colon,MID,"Washington, D.C.",cross-country,2022,38.8950982,-77.0363849
Ben Kuhn,DIS,"Wyomissing, Pa.",cross-country,2022,40.329537,-75.9652117
Brett Bishop,DIS,"Henrico, Va.",cross-country,2022,37.5131191,-77.3465081
Brigid McCabe,DIS,"Bayonne, N.J.",cross-country,2022,40.6687141,-74.1143091
Caleb Gartner,MID,"Falmouth, Mass.",cross-country,2022,41.5514979,-70.6147519
Caroline Schleif,MID,"Metuchen, N.J.",cross-country,2022,40.5431598,-74.3632049
Daniela Quintero,MID,"Los Angeles, Calif.",cross-country,2022,34.0536909,-118.242766
Daphne Matthews,MID,"Yukon, Okla.",cross-country,2022,35.5067259,-97.7625386
Edward Blaha,DIS,"Atlanta, Ga.",cross-country,2022,33.7544657,-84.3898151
Elia Ton-That,DIS,"Chicago, Ill.",cross-country,2022,41.8755616,-87.6244212
Farah Osman,DIS,"Brooklyn, N.Y.",cross-country,2022,40.6526006,-73.9497211
Gavin White,DIS,"Pinckney, Mich.",cross-country,2022,42.4567013,-83.9463359
George Blaha,DIS,"Atlanta, Ga.",cross-country,2022,33.7544657,-84.3898151
Ian Noble,DIS,"Lighthouse Point, Fla.",cross-country,2022,26.275636,-80.0872654
Ian Smith,MID,"Richmond, Va.",cross-country,2022,37.5385087,-77.43428
Isabel Schmidt,DIS,"Seattle, Wash.",cross-country,2022,47.6038321,-122.330062
Jack Bennett,DIS,"Portland, Ore.",cross-country,2022,45.5202471,-122.674194
Jack Casey,DIS,"Cumberland, R.I.",cross-country,2022,41.9667656,-71.4328363
Jacob Ireland,DIS,"Bronx, N.Y.",cross-country,2022,40.8466508,-73.8785937
Jacob Van Orden,MID,"Pocatello, Id.",cross-country,2022,42.8620287,-112.450627
Jordan Mathis,DIS,"Austin, Texas",cross-country,2022,30.2711286,-97.7436995
Juan Zarate-Sanchez,MID,"Davis, Calif.",cross-country,2022,38.5435526,-121.739005
Justin O'Toole,MID,"Weston, Mass.",cross-country,2022,42.3667625,-71.3031132
Kaitlynn Wolfe,DIS,"Blacksburg, Va.",cross-country,2022,37.2296566,-80.4136767
Kate Kuwahara,DIS,"Salt Lake City, Utah",cross-country,2022,40.7596198,-111.886797
Lauren Grela,DIS,"Dedham, Mass.",cross-country,2022,42.2481895,-71.1734418
Lawson McLeod,MID,"Tampa, Fla.",cross-country,2022,27.9449854,-82.4583107
Lilly Bradley,DIS,"Boston, Mass.",cross-country,2022,42.3588336,-71.0578303
Lucy Henkel,MID,"Wayne, Pa.",cross-country,2022,41.6264414,-75.3045103
Mary Caroline Heinen,DIS,"Richmond, Va.",cross-country,2022,37.5385087,-77.43428
Matt Gatune,DIS,"Woodside, Del.",cross-country,2022,39.0715017,-75.5682584
Max Dooley,MID,"Wayne, Pa.",cross-country,2022,41.6264414,-75.3045103
Michael Danzi,DIS,"Smithtown, N.Y.",cross-country,2022,40.8559314,-73.2006687
Myla Abernathy,MID,"Catonsville, Md.",cross-country,2022,39.2609922,-76.7455478
Naomi Toft,MID,"London, England",cross-country,2022,51.5074456,-0.1277653
Nikki Vanasse,DIS,"Martinsville, N.J.",cross-country,2022,40.6012136,-74.5590452
Nixon McKenzie,MID,"Fairfield, Calif.",cross-country,2022,38.2493581,-122.039966
Olivia Schmitt,MID,"Lindenhurst, Ill.",cross-country,2022,42.4105765,-88.0261911
Owen Lockyer,DIS,"St. Catharines, Ontario, Canada",cross-country,2022,43.1579812,-79.2441003
Owen Nelson,DIS,"Seattle, Wash.",cross-country,2022,47.6038321,-122.330062
Phoebe Anderson,DIS,"London, England",cross-country,2022,51.5074456,-0.1277653
Rory Clare,MID,"Wellesley, Mass.",cross-country,2022,42.2964859,-71.2925571
Ryan Borden,DIS,"South Riding, Va.",cross-country,2022,38.9125645,-77.5109911
Seneca Willen,DIS,"Fairfax, Va.",cross-country,2022,38.8462236,-77.3063733
Solomon Fountain,DIS,"Temecula, Calif.",cross-country,2022,33.4946353,-117.147366
Story Downing,MID,"Kansas City, Mo.",cross-country,2022,39.100105,-94.5781416
Susan Jimenez,DIS,"Brooklyn, N.Y.",cross-country,2022,40.6526006,-73.9497211
Talha Syed,DIS,"Canton, Mich.",cross-country,2022,42.7269261,-84.6433146
Tyler Berg,DIS,"Ballston Lake, N.Y.",cross-country,2022,42.9343617,-73.8596218
Victoria Patterson,DIS,"Greenville, S.C.",cross-country,2022,34.851354,-82.3984882
Walker Beverly,MID,"West Hartford, Conn.",cross-country,2022,41.7620447,-72.7420399
Wonders Oguejiofor,MID,"Cypress, Texas",cross-country,2022,29.9691116,-95.6971686
Zoë Harris,MID,"Greenwich, Conn.",cross-country,2022,41.0264862,-73.6284598
Andrea Dubbels,MID,"Clifton, N.J.",cross-country,2023,40.8584328,-74.1637553
Anish Nanjappa,DIS,"Clarksville, Md.",cross-country,2023,39.2065447,-76.9429182
Ben Bergey,DIS,"Cumming, Ga.",cross-country,2023,34.2073196,-84.1401926
Ben Kuhn,DIS,"Wyomissing, Pa.",cross-country,2023,40.329537,-75.9652117
Brett Bishop,DIS,"Henrico, Va.",cross-country,2023,37.5131191,-77.3465081
Brigid McCabe,DIS,"Bayonne, N.J.",cross-country,2023,40.6687141,-74.1143091
Caleb Gartner,MID,"Falmouth, Mass.",cross-country,2023,41.5514979,-70.6147519
Caroline Jankowich,MID,"Providence, R.I.",cross-country,2023,41.8239891,-71.4128343
Caroline Schleif,MID,"Metuchen, N.J.",cross-country,2023,40.5431598,-74.3632049
Caroline Schoen,DIS,"Flossmoor, Ill.",cross-country,2023,41.5428123,-87.6847684
Charlie Siebert,DIS,"Wilmette, Ill.",cross-country,2023,42.076066,-87.7115555
Daniela Quintero,MID,"Los Angeles, Calif.",cross-country,2023,34.0536909,-118.242766
Daphne Matthews,MID,"Yukon, Okla.",cross-country,2023,35.5067259,-97.7625386
Edward Blaha,DIS,"Atlanta, Ga.",cross-country,2023,33.7544657,-84.3898151
Elia Ton-That,DIS,"Chicago, Ill.",cross-country,2023,41.8755616,-87.6244212
Farah Osman,DIS,"Brooklyn, N.Y.",cross-country,2023,40.6526006,-73.9497211
Finneas Colescott,DIS,"Missoula, Mont.",cross-country,2023,46.8701049,-113.995267
Gavin White,DIS,"Pinckney, Mich.",cross-country,2023,42.4567013,-83.9463359
George Blaha,DIS,"Atlanta, Ga.",cross-country,2023,33.7544657,-84.3898151
Grace Carr,MID,"Cumberland, R.I.",cross-country,2023,41.9667656,-71.4328363
Isabel Schmidt,DIS,"Seattle, Wash.",cross-country,2023,47.6038321,-122.330062
Isabella Ford,DIS,"Kailua, Hawaii",cross-country,2023,19.641941,-155.996933
Jack Bennett,DIS,"Portland, Ore.",cross-country,2023,45.5202471,-122.674194
Jack Casey,DIS,"Cumberland, R.I.",cross-country,2023,41.9667656,-71.4328363
Jacob Ireland,DIS,"Bronx, N.Y.",cross-country,2023,40.8466508,-73.8785937
Jacob Van Orden,MID,"Pocatello, Id.",cross-country,2023,42.8620287,-112.450627
Jordan Mathis,DIS,"Austin, Texas",cross-country,2023,30.2711286,-97.7436995
Justin Gottlieb,MID,"Harpers Ferry, W.Va.",cross-country,2023,39.323418,-77.7319766
Justin O'Toole,MID,"Weston, Mass.",cross-country,2023,42.3667625,-71.3031132
Kaitlynn Wolfe,DIS,"Blacksburg, Va.",cross-country,2023,37.2296566,-80.4136767
Kate Kuwahara,DIS,"Salt Lake City, Utah",cross-country,2023,40.7596198,-111.886797
Katherine Price,DIS,"London, United Kingdom",cross-country,2023,51.5074456,-0.1277653
Leanna Johnston,DIS,"Glen Rock, N.J.",cross-country,2023,40.9628758,-74.1329208
Lilly Bradley,DIS,"Boston, Mass.",cross-country,2023,42.3588336,-71.0578303
Lucy Henkel,MID,"Wayne, Pa.",cross-country,2023,41.6264414,-75.3045103
Maggie Bennett,DIS,"Portland, Ore.",cross-country,2023,45.5202471,-122.674194
Mary Caroline Heinen,DIS,"Richmond, Va.",cross-country,2023,37.5385087,-77.43428
Matt Gatune,DIS,"Woodside, Del.",cross-country,2023,39.0715017,-75.5682584
Michael Danzi,DIS,"Smithtown, N.Y.",cross-country,2023,40.8559314,-73.2006687
Myla Abernathy,MID,"Catonsville, Md.",cross-country,2023,39.2609922,-76.7455478
Naomi Toft,MID,"London, England",cross-country,2023,51.5074456,-0.1277653
Nicholas Hayden,MID,"Suffolk, Va.",cross-country,2023,36.7281341,-76.5834683
Nikki Vanasse,DIS,"Martinsville, N.J.",cross-country,2023,40.6012136,-74.5590452
Olivia Schmitt,MID,"Lindenhurst, Ill.",cross-country,2023,42.4105765,-88.0261911
Owen Lockyer,DIS,"St. Catharines, Ontario, Canada",cross-country,2023,43.1579812,-79.2441003
Owen Nelson,DIS,"Seattle, Wash.",cross-country,2023,47.6038321,-122.330062
Phoebe Anderson,DIS,"London, England",cross-country,2023,51.5074456,-0.1277653
Quentin Ryan,DIS,"Havertown, Pa.",cross-country,2023,39.9809452,-75.3085201
Rory Clare,MID,"Wellesley, Mass.",cross-country,2023,42.2964859,-71.2925571
Ryan Borden,DIS,"South Riding, Va.",cross-country,2023,38.9125645,-77.5109911
Story Downing,MID,"Kansas City, Mo.",cross-country,2023,39.100105,-94.5781416
Susan Jimenez,DIS,"Brooklyn, N.Y.",cross-country,2023,40.6526006,-73.9497211
Talha Syed,DIS,"Canton, Mich.",cross-country,2023,42.7269261,-84.6433146
Tyler Tubman,DIS,"Newton, Mass.",cross-country,2023,42.3300435,-71.194862
Walker Beverly,MID,"West Hartford, Conn.",cross-country,2023,41.7620447,-72.7420399
Wonders Oguejiofor,MID,"Cypress, Texas",cross-country,2023,29.9691116,-95.6971686
Annie Killian,DIS,"Phoenix, Ariz.",cross-country,2024,33.4484367,-112.074141
Ava Thomas,DIS,"Haddonfield, N.J.",cross-country,2024,39.8915022,-75.0376707
Ben Bergey,DIS,"Cumming, Ga.",cross-country,2024,34.2073196,-84.1401926
Brayden Hill,DIS,"Lone Tree, Colo.",cross-country,2024,39.5364152,-104.9041528
Brett Bishop,DIS,"Henrico, Va.",cross-country,2024,37.5131191,-77.3465081
Brigid McCabe,DIS,"Bayonne, N.J.",cross-country,2024,40.6687141,-74.1143091
Caleb Gartner,MID,"Falmouth, Mass.",cross-country,2024,41.5514979,-70.6147519
Caroline Adams,DIS,"Pittsburgh, Pa.",cross-country,2024,40.4406968,-80.0025666
Caroline Jankowich,MID,"Providence, R.I.",cross-country,2024,41.8239891,-71.4128343
Caroline Schleif,MID,"Metuchen, N.J.",cross-country,2024,40.5431598,-74.3632049
Caroline Schoen,DIS,"Flossmoor, Ill.",cross-country,2024,41.5428123,-87.6847684
Charlie Siebert,DIS,"Wilmette, Ill.",cross-country,2024,42.076066,-87.7115555
Daniela Quintero,MID,"Los Angeles, Calif.",cross-country,2024,34.0536909,-118.242766
Daphne Matthews,MID,"Yukon, Okla.",cross-country,2024,35.5067259,-97.7625386
Eden Maxwell,DIS,"Missoula, Mont.",cross-country,2024,46.8701049,-113.995267
Edward Blaha,DIS,"Atlanta, Ga.",cross-country,2024,33.7544657,-84.3898151
Elia Ton-That,DIS,"Chicago, Ill.",cross-country,2024,41.8755616,-87.6244212
Farah Osman,DIS,"Brooklyn, N.Y.",cross-country,2024,40.6526006,-73.9497211
Finneas Colescott,DIS,"Missoula, Mont.",cross-country,2024,46.8701049,-113.995267
Gavin White,DIS,"Pinckney, Mich.",cross-country,2024,42.4567013,-83.9463359
George Blaha,DIS,"Atlanta, Ga.",cross-country,2024,33.7544657,-84.3898151
Grace Carr,MID,"Cumberland, R.I.",cross-country,2024,41.9667656,-71.4328363
Henry Koike-Sieira,DIS,"Brooklyn, N.Y.",cross-country,2024,40.6526006,-73.9497211
Isabella Ford,DIS,"Kailua, Hawaii",cross-country,2024,19.641941,-155.996933
Isabella Shertzer,DIS,"Lancaster, Pa.",cross-country,2024,40.0379958,-76.3056707
Jack Casey,DIS,"Cumberland, R.I.",cross-country,2024,41.9667656,-71.4328363
Jacob Van Orden,MID,"Pocatello, Id.",cross-country,2024,42.8620287,-112.450627
Jonah Aden,DIS,"Nine Mile Falls, Wash.",cross-country,2024,47.7767798,-117.5466863
Justin Gottlieb,MID,"Harpers Ferry, W.Va.",cross-country,2024,39.323418,-77.7319766
Kali Long,DIS,"Cambridge, Mass.",cross-country,2024,42.3656347,-71.1040018
Kate Kuwahara,DIS,"Salt Lake City, Utah",cross-country,2024,40.7596198,-111.886797
Katherine Price,DIS,"London, United Kingdom",cross-country,2024,51.5074456,-0.1277653
Leanna Johnston,DIS,"Glen Rock, N.J.",cross-country,2024,40.9628758,-74.1329208
Leigh Foran,DIS,"Westport, Conn.",cross-country,2024,41.1414855,-73.3578955
Lilly Bradley,DIS,"Boston, Mass.",cross-country,2024,42.3588336,-71.0578303
Lucy Henkel,MID,"Wayne, Pa.",cross-country,2024,41.6264414,-75.3045103
Maggie Bennett,DIS,"Portland, Ore.",cross-country,2024,45.5202471,-122.674194
Matt Gatune,DIS,"Woodside, Del.",cross-country,2024,39.0715017,-75.5682584
Myla Abernathy,MID,"Catonsville, Md.",cross-country,2024,39.2609922,-76.7455478
Naomi Toft,MID,"London, England",cross-country,2024,51.5074456,-0.1277653
Nicholas Hayden,MID,"Suffolk, Va.",cross-country,2024,36.7281341,-76.5834683
Olivia Murray,DIS,"Livingston, N.J.",cross-country,2024,40.7959335,-74.3148713
Owen Lockyer,DIS,"St. Catharines, Ontario, Canada",cross-country,2024,43.1579812,-79.2441003
Owen Nelson,DIS,"Seattle, Wash.",cross-country,2024,47.6038321,-122.330062
Perry McElhinney,DIS,"Los Altos, Calif.",cross-country,2024,37.3790629,-122.116578
Phoebe Anderson,DIS,"London, England",cross-country,2024,51.5074456,-0.1277653
Quentin Ryan,DIS,"Havertown, Pa.",cross-country,2024,39.9809452,-75.3085201
Ralph Brown,DIS,"Munster, Ind.",cross-country,2024,41.5644798,-87.5125412
Rory Clare,MID,"Wellesley, Mass.",cross-country,2024,42.2964859,-71.2925571
Ryan Borden,DIS,"South Riding, Va.",cross-country,2024,38.9125645,-77.5109911
Ryan Son,DIS,"Wichita, Kan.",cross-country,2024,37.6922361,-97.3375448
Scarlett Martin,DIS,"San Diego, Calif.",cross-country,2024,32.7157062,-117.1638284
Sofia Fenton,DIS,"Tappan, N.Y.",cross-country,2024,41.0248325,-73.9504523
Story Downing,MID,"Kansas City, Mo.",cross-country,2024,39.100105,-94.5781416
Susan Jimenez,DIS,"Brooklyn, N.Y.",cross-country,2024,40.6526006,-73.9497211
Talha Syed,DIS,"Canton, Mich.",cross-country,2024,42.7269261,-84.6433146
Tyler Tubman,DIS,"Newton, Mass.",cross-country,2024,42.3300435,-71.194862
Walker Beverly,MID,"West Hartford, Conn.",cross-country,2024,41.7620447,-72.7420399
Annie Killian,DIS,"Phoenix, Ariz.",cross-country,2025,33.4484367,-112.074141
Ava Malagisi,DIS,"Ridgefield, Conn.",cross-country,2025,41.2814842,-73.4981792
Ava Thomas,DIS,"Haddonfield, N.J.",cross-country,2025,39.8915022,-75.0376707
Ben Bergey,DIS,"Cumming, Ga.",cross-country,2025,34.2073196,-84.1401926
Ben Pizarro,DIS,"Wilmington, Del.",cross-country,2025,39.7459468,-75.546589
Brayden Hill,DIS,"Lone Tree, Colo.",cross-country,2025,39.5364152,-104.9041528
Brett Bishop,DIS,"Henrico, Va.",cross-country,2025,37.5131191,-77.3465081
Brynn Garcia,DIS,"San Juan Capistrano, Calif.",cross-country,2025,33.5016932,-117.6625509
Caroline Adams,DIS,"Pittsburgh, Pa.",cross-country,2025,40.4406968,-80.0025666
Caroline Jankowich,MID,"Providence, R.I.",cross-country,2025,41.8239891,-71.4128343
Caroline Schleif,MID,"Metuchen, N.J.",cross-country,2025,40.5431598,-74.3632049
Caroline Schoen,DIS,"Flossmoor, Ill.",cross-country,2025,41.5428123,-87.6847684
Dana Lehr,DIS,"Belmont, Mass.",cross-country,2025,42.3959296,-71.1786655
Daniela Quintero,MID,"Los Angeles, Calif.",cross-country,2025,34.0536909,-118.242766
Darren Pasek,DIS,"Saratoga Springs, N.Y.",cross-country,2025,43.0822315,-73.785373
Eden Maxwell,DIS,"Missoula, Mont.",cross-country,2025,46.8701049,-113.995267
Edward Blaha,DIS,"Atlanta, Ga.",cross-country,2025,33.7544657,-84.3898151
Elia Ton-That,DIS,"Chicago, Ill.",cross-country,2025,41.8755616,-87.6244212
Farah Osman,DIS,"Brooklyn, N.Y.",cross-country,2025,40.6526006,-73.9497211
Finneas Colescott,DIS,"Missoula, Mont.",cross-country,2025,46.8701049,-113.995267
George Blaha,DIS,"Atlanta, Ga.",cross-country,2025,33.7544657,-84.3898151
Grace Carr,MID,"Cumberland, R.I.",cross-country,2025,41.9667656,-71.4328363
Henry Koike-Sieira,DIS,"Brooklyn, N.Y.",cross-country,2025,40.6526006,-73.9497211
Isabella Ford,DIS,"Kailua, Hawaii",cross-country,2025,19.641941,-155.996933
Isabella Shertzer,DIS,"Lancaster, Pa.",cross-country,2025,40.0379958,-76.3056707
Jack Casey,DIS,"Cumberland, R.I.",cross-country,2025,41.9667656,-71.4328363
Jackson Downin,MID,"Wilmington, Del.",cross-country,2025,39.7459468,-75.546589
Jacob Van Orden,MID,"Pocatello, Id.",cross-country,2025,42.8620287,-112.450627
Jonah Aden,DIS,"Nine Mile Falls, Wash.",cross-country,2025,47.7767798,-117.5466863
Justin Gottlieb,MID,"Harpers Ferry, W.Va.",cross-country,2025,39.323418,-77.7319766
Katherine Price,DIS,"London, United Kingdom",cross-country,2025,51.5074456,-0.1277653
Leanna Johnston,DIS,"Glen Rock, N.J.",cross-country,2025,40.9628758,-74.1329208
Leigh Foran,DIS,"Westport, Conn.",cross-country,2025,41.1414855,-73.3578955
Liam Hanemann,DIS,"Atlanta, Ga.",cross-country,2025,33.7544657,-84.3898151
Lucy Henkel,MID,"Wayne, Pa.",cross-country,2025,41.6264414,-75.3045103
Lukas Malek,DIS,"Wilmington, N.C.",cross-country,2025,34.2352853,-77.9487284
Maggie Bennett,DIS,"Portland, Ore.",cross-country,2025,45.5202471,-122.674194
Maggie Boler,MID,"Madison, N.J.",cross-country,2025,40.7598227,-74.417097
Matt Gatune,DIS,"Woodside, Del.",cross-country,2025,39.0715017,-75.5682584
Max Thompson,MID DIS,"Kings Mountain, N.C.",cross-country,2025,35.2450607,-81.3410516
Meredith Wolfe,DIS,"Round Rock, Texas",cross-country,2025,30.5085915,-97.6788056
Naomi Toft,MID,"London, England",cross-country,2025,51.5074456,-0.1277653
Nicholas Hayden,MID,"Suffolk, Va.",cross-country,2025,36.7281341,-76.5834683
Olivia Murray,DIS,"Livingston, N.J.",cross-country,2025,40.7959335,-74.3148713
Perry McElhinney,DIS,"Los Altos, Calif.",cross-country,2025,37.3790629,-122.116578
Quentin Ryan,DIS,"Havertown, Pa.",cross-country,2025,39.9809452,-75.3085201
Ralph Brown,DIS,"Munster, Ind.",cross-country,2025,41.5644798,-87.5125412
Reena Hsieh,DIS,"Arcadia, Calif.",cross-country,2025,34.1362075,-118.0401497
Rory Clare,MID,"Wellesley, Mass.",cross-country,2025,42.2964859,-71.2925571
Ryan Power,MID DIS,"Alexandria, Va.",cross-country,2025,38.8051095,-77.0470229
Ryan Son,DIS,"Wichita, Kan.",cross-country,2025,37.6922361,-97.3375448
Scarlett Martin,DIS,"San Diego, Calif.",cross-country,2025,32.7157062,-117.1638284
Seelah Kittlestrom,DIS,"Santa Rosa, Calif.",cross-country,2025,38.4404925,-122.7141049
Sofia Fenton,DIS,"Tappan, N.Y.",cross-country,2025,41.0248325,-73.9504523
Susan Jimenez,DIS,"Brooklyn, N.Y.",cross-country,2025,40.6526006,-73.9497211
Tibor Barankay,DIS,"Philadelphia, Pa.",cross-country,2025,39.9527237,-75.1635262
Tyler Tubman,DIS,"Newton, Mass.",cross-country,2025,42.3300435,-71.194862
Walker Beverly,MID,"West Hartford, Conn.",cross-country,2025,41.7620447,-72.7420399
Zahara Bernal,DIS,"Atlanta, Ga.",cross-country,2025,33.7544657,-84.3898151
Amelia Alvazzi,DIS,"Boston, Mass.",cross-country,2026,42.3588336,-71.0578303
Ananya Balaraman,DIS,"West Hills, Calif.",cross-country,2026,34.2032325,-118.645476
Anna Salter,DIS,"Hillsborough, Calif.",cross-country,2026,37.557252,-122.362529
Annie Killian,DIS,"Phoenix, Ariz.",cross-country,2026,33.4484367,-112.074141
Ava Malagisi,DIS,"Ridgefield, Conn.",cross-country,2026,41.2814842,-73.4981792
Ben Bergey,DIS,"Cumming, Ga.",cross-country,2026,34.2073196,-84.1401926
Ben Pizarro,DIS,"Wilmington, Del.",cross-country,2026,39.7459468,-75.546589
Brayden Hill,DIS,"Lone Tree, Colo.",cross-country,2026,39.5364152,-104.9041528
Brynn Garcia,DIS,"San Juan Capistrano, Calif.",cross-country,2026,33.5016932,-117.6625509
Caroline Adams,DIS,"Pittsburgh, Pa.",cross-country,2026,40.4406968,-80.0025666
Caroline Jankowich,MID,"Providence, R.I.",cross-country,2026,41.8239891,-71.4128343
Caroline Schoen,DIS,"Flossmoor, Ill.",cross-country,2026,41.5428123,-87.6847684
Dana Lehr,DIS,"Belmont, Mass.",cross-country,2026,42.3959296,-71.1786655
Darren Pasek,DIS,"Saratoga Springs, N.Y.",cross-country,2026,43.0822315,-73.785373
Eden Maxwell,DIS,"Missoula, Mont.",cross-country,2026,46.8701049,-113.995267
Ellie Daplyn,DIS,"Greenwich, Conn.",cross-country,2026,41.0264862,-73.6284598
Finneas Colescott,DIS,"Missoula, Mont.",cross-country,2026,46.8701049,-113.995267
Grace Carr,MID,"Cumberland, R.I.",cross-country,2026,41.9667656,-71.4328363
Henry Koike-Sieira,DIS,"Brooklyn, N.Y.",cross-country,2026,40.6526006,-73.9497211
Isabella Ford,DIS,"Kailua, Hawaii",cross-country,2026,19.641941,-155.996933
Isabella Shertzer,DIS,"Lancaster, Pa.",cross-country,2026,40.0379958,-76.3056707
Jackson Downin,MID,"Wilmington, Del.",cross-country,2026,39.7459468,-75.546589
Justin Gottlieb,MID,"Harpers Ferry, W.Va.",cross-country,2026,39.323418,-77.7319766
Katherine Price,DIS,"London, United Kingdom",cross-country,2026,51.5074456,-0.1277653
Leanna Johnston,DIS,"Glen Rock, N.J.",cross-country,2026,40.9628758,-74.1329208
Liam Hanemann,DIS,"Atlanta, Ga.",cross-country,2026,33.7544657,-84.3898151
Lucas Poliseno,DIS,"Bucks County, Pa.",cross-country,2026,40.3451668,-75.1263909
Lukas Malek,DIS,"Wilmington, N.C.",cross-country,2026,34.2352853,-77.9487284
Maggie Bennett,DIS,"Portland, Ore.",cross-country,2026,45.5202471,-122.674194
Maggie Boler,MID,"Madison, N.J.",cross-country,2026,40.7598227,-74.417097
Mateo Canga,DIS,"Norfolk, Va.",cross-country,2026,36.8493695,-76.2899539
Meredith Wolfe,DIS,"Round Rock, Texas",cross-country,2026,30.5085915,-97.6788056
Nicholas Hayden,MID,"Suffolk, Va.",cross-country,2026,36.7281341,-76.5834683
Olivia Murray,DIS,"Livingston, N.J.",cross-country,2026,40.7959335,-74.3148713
Quentin Ryan,DIS,"Havertown, Pa.",cross-country,2026,39.9809452,-75.3085201
Ralph Brown,DIS,"Munster, Ind.",cross-country,2026,41.5644798,-87.5125412
Reena Hsieh,DIS,"Arcadia, Calif.",cross-country,2026,34.1362075,-118.0401497
Rohan Gazula,DIS,"Marietta, Ga.",cross-country,2026,33.952845,-84.5496054
Ryan Power,MID DIS,"Alexandria, Va.",cross-country,2026,38.8051095,-77.0470229
Ryan Son,DIS,"Wichita, Kan.",cross-country,2026,37.6922361,-97.3375448
Scarlett Martin,DIS,"San Diego, Calif.",cross-country,2026,32.7157062,-117.1638284
Seelah Kittlestrom,DIS,"Santa Rosa, Calif.",cross-country,2026,38.4404925,-122.7141049
Sofia Fenton,DIS,"Tappan, N.Y.",cross-country,2026,41.0248325,-73.9504523
Stephen Sziebert,DIS,"San Jose, Calif.",cross-country,2026,37.3361663,-121.890591
Teresina DeAscanis,DIS,"Wilmington, Del.",cross-country,2026,39.7459468,-75.546589
Tibor Barankay,DIS,"Philadelphia, Pa.",cross-country,2026,39.9527237,-75.1635262
Trent Thibault,DIS,"Lansing, N.Y.",cross-country,2026,42.4851384,-76.4856208
Tyler Tubman,DIS,"Newton, Mass.",cross-country,2026,42.3300435,-71.194862
Tytan Johnson,DIS,"West Monroe, La.",cross-country,2026,32.5184775,-92.1476353
Wells Peterson,DIS,"San Antonio, Texas",cross-country,2026,29.4246002,-98.4951405
Zahara Bernal,DIS,"Atlanta, Ga.",cross-country,2026,33.7544657,-84.3898151
Caroline Trimble,MF,"Lower Saucon, Pa.",field-hockey,2016,40.6062107,-75.2823999
Danielle Buttinger,F,"Waterloo, Ontario",field-hockey,2016,43.4652699,-80.5222961
Emma Wiklund,MF,"Melrose, Mass.",field-hockey,2016,42.4564323,-71.064182
Jennifer Trieschman,MF,"Houston, Texas",field-hockey,2016,29.7589382,-95.3676974
Kara Zurlinden,MF/F,"St. Louis, Mo.",field-hockey,2016,38.6254063,-90.190009
Katherine Cavanaugh,B,"St. Louis, Mo.",field-hockey,2016,38.6254063,-90.190009
Katie Dempsey,GK,"Chadds Ford, Pa.",field-hockey,2016,39.872027,-75.5914213
Katie Koester,MF,"Stony Brook, N.Y.",field-hockey,2016,40.908482,-73.1325471
Katie Ruesterholz,F,"New York, N.Y.",field-hockey,2016,40.7127281,-74.0060152
Keegan Marsh,MF,"Salisbury, Md.",field-hockey,2016,38.366027,-75.6009964
Kelly McCarthy,B,"Lynnfield, Mass.",field-hockey,2016,42.5389836,-71.0481084
Kendall Kuntz,GK,"Baltimore, Md.",field-hockey,2016,39.2908816,-76.610759
Lauren Crane,MF,"Peapack, N.J.",field-hockey,2016,40.7087982,-74.6583872
Lindsay Ladas,MF,"Severna Park, Md.",field-hockey,2016,39.0826193,-76.5719676
Louisa Hollander,MF/B,"Amsterdam, Netherlands",field-hockey,2016,52.3730796,4.8924534
Maaike Blindenbach,MF/B,"Vienna, Va.",field-hockey,2016,38.9013729,-77.2651762
Maeve Doherty,B,"Millersville, Md.",field-hockey,2016,39.0595542,-76.6480219
Meredith Kalberer,F,"Berlin, N.J.",field-hockey,2016,39.7912262,-74.9290536
Michelle Thompson,MF,"Dallas, Pa.",field-hockey,2016,41.33617,-75.9632636
Rebecca Bard,B,"Mohegan Lake, N.Y.",field-hockey,2016,41.314821,-73.8461971
Rebecca Pope,B,"Eastern Cape, South Africa",field-hockey,2016,-32.2171831,26.6386401
Taylor Mills,MF,"Sayville, N.Y.",field-hockey,2016,40.745349,-73.0885161
Whitney Hartstone,MF,"Sudbury, Mass.",field-hockey,2016,42.3834278,-71.4161725
Alexa Conomikes,GK,"Pittsburgh, Pa.",field-hockey,2017,40.4406968,-80.0025666
Danielle Buttinger,F,"Waterloo, Ontario",field-hockey,2017,43.4652699,-80.5222961
Emily Pedrick,MF,"Houston, Texas",field-hockey,2017,29.7589382,-95.3676974
Emma Wiklund,MF,"Melrose, Mass.",field-hockey,2017,42.4564323,-71.064182
Grace Payne,MF,"Lake Forest, Ill.",field-hockey,2017,42.2586461,-87.8407055
Helen Sayegh,MF/B,"Belmont, Mass.",field-hockey,2017,42.3959296,-71.1786655
Jennifer Trieschman,MF,"Houston, Texas",field-hockey,2017,29.7589382,-95.3676974
Katherine Cavanaugh,B,"St. Louis, Mo.",field-hockey,2017,38.6254063,-90.190009
Katie Dempsey,GK,"Chadds Ford, Pa.",field-hockey,2017,39.872027,-75.5914213
Katie Koester,MF,"Stony Brook, N.Y.",field-hockey,2017,40.908482,-73.1325471
Keegan Marsh,MF,"Salisbury, Md.",field-hockey,2017,38.366027,-75.6009964
Kelly McCarthy,B,"Lynnfield, Mass.",field-hockey,2017,42.5389836,-71.0481084
Kelsey Farkas,MF,"Ardmore, Pa.",field-hockey,2017,40.004128,-75.2882893
Lauren Crane,MF,"Peapack, N.J.",field-hockey,2017,40.7087982,-74.6583872
Maaike Blindenbach,MF/B,"Vienna, Va.",field-hockey,2017,38.9013729,-77.2651762
Maeve Doherty,B,"Millersville, Md.",field-hockey,2017,39.0595542,-76.6480219
Meghan Fahey,F,"Yorktown Heights, N.Y.",field-hockey,2017,41.2701781,-73.7753539
Michelle Thompson,MF,"Dallas, Pa.",field-hockey,2017,41.33617,-75.9632636
Rebecca Pope,B,"Eastern Cape, South Africa",field-hockey,2017,-32.2171831,26.6386401
Whitney Hartstone,MF,"Sudbury, Mass.",field-hockey,2017,42.3834278,-71.4161725
Alana Palomino,F,"San Diego, Calif.",field-hockey,2018,32.7157062,-117.1638284
Alexa Conomikes,GK,"Pittsburgh, Pa.",field-hockey,2018,40.4406968,-80.0025666
Allison Smith,M,"Wilmington, Del.",field-hockey,2018,39.7459468,-75.546589
Amanda Jordan,GK,"Rockville, Md.",field-hockey,2018,39.0817985,-77.1516844
Brooke Gasser,M/B,"Virginia Beach, Va.",field-hockey,2018,36.8496579,-75.9760751
Danielle Buttinger,F,"Waterloo, Ontario",field-hockey,2018,43.4652699,-80.5222961
Emily Maclean,M,"Aukland, New Zealand",field-hockey,2018,-36.852095,174.7631803
Emma Domich,M,"Englewood, Colo.",field-hockey,2018,39.6482059,-104.9879641
Emma Wiklund,M,"Melrose, Mass.",field-hockey,2018,42.4564323,-71.064182
Grace Payne,M,"Lake Forest, Ill.",field-hockey,2018,42.2586461,-87.8407055
Helen Sayegh,M/B,"Belmont, Mass.",field-hockey,2018,42.3959296,-71.1786655
Isabella Collins,F/M,"Boston, Mass.",field-hockey,2018,42.3588336,-71.0578303
Jaimie McCormick,M,"Haddonfield, N.J.",field-hockey,2018,39.8915022,-75.0376707
Jennifer Trieschman,M,"Houston, Texas",field-hockey,2018,29.7589382,-95.3676974
Katherine Cavanaugh,B,"St. Louis, Mo.",field-hockey,2018,38.6254063,-90.190009
Katie Dempsey,GK,"Chadds Ford, Pa.",field-hockey,2018,39.872027,-75.5914213
Katie Koester,M,"Stony Brook, N.Y.",field-hockey,2018,40.908482,-73.1325471
Keegan Marsh,M,"Salisbury, Md.",field-hockey,2018,38.366027,-75.6009964
Kelly McCarthy,B,"Lynnfield, Mass.",field-hockey,2018,42.5389836,-71.0481084
Kelsey Farkas,M,"Ardmore, Pa.",field-hockey,2018,40.004128,-75.2882893
Maaike Blindenbach,M/B,"Vienna, Va.",field-hockey,2018,38.9013729,-77.2651762
Meghan Fahey,F,"Yorktown Heights, N.Y.",field-hockey,2018,41.2701781,-73.7753539
Alana Palomino,F,"San Diego, Calif.",field-hockey,2019,32.7157062,-117.1638284
Alexa Conomikes,GK,"Pittsburgh, Pa.",field-hockey,2019,40.4406968,-80.0025666
Allison Smith,M,"Wilmington, Del.",field-hockey,2019,39.7459468,-75.546589
Amanda Jordan,GK,"Rockville, Md.",field-hockey,2019,39.0817985,-77.1516844
Brooke Gasser,M/B,"Virginia Beach, Va.",field-hockey,2019,36.8496579,-75.9760751
Elizabeth Brissette,M/F,"Larchmont, N.Y.",field-hockey,2019,40.9278769,-73.7517983
Ellie Decker,F,"North Caldwell, N.J.",field-hockey,2019,40.8648215,-74.2582027
Emily Maclean,M,"Aukland, New Zealand",field-hockey,2019,-36.852095,174.7631803
Emma Domich,M,"Englewood, Colo.",field-hockey,2019,39.6482059,-104.9879641
Emma Wiklund,M,"Melrose, Mass.",field-hockey,2019,42.4564323,-71.064182
Frederique Fyhr,M,"Houston, Texas",field-hockey,2019,29.7589382,-95.3676974
Grace Payne,M,"Lake Forest, Ill.",field-hockey,2019,42.2586461,-87.8407055
Helen Sayegh,M/B,"Belmont, Mass.",field-hockey,2019,42.3959296,-71.1786655
Isabella Collins,F/M,"Boston, Mass.",field-hockey,2019,42.3588336,-71.0578303
Jaimie McCormick,M,"Haddonfield, N.J.",field-hockey,2019,39.8915022,-75.0376707
Jennifer Trieschman,M,"Houston, Texas",field-hockey,2019,29.7589382,-95.3676974
Kelly McCarthy,B,"Lynnfield, Mass.",field-hockey,2019,42.5389836,-71.0481084
Kelsey Farkas,M,"Ardmore, Pa.",field-hockey,2019,40.004128,-75.2882893
Lucy Holzinger,M,"Westport, Conn.",field-hockey,2019,41.1414855,-73.3578955
Maaike Blindenbach,M/B,"Vienna, Va.",field-hockey,2019,38.9013729,-77.2651762
Maartje Mulder,M,"Amsterdam, Netherlands",field-hockey,2019,52.3730796,4.8924534
Meredith Heaney,M,"New Canaan, Conn.",field-hockey,2019,41.146763,-73.4948446
Sarah Considine,M/F,"Lake Bluff, Ill.",field-hockey,2019,42.2789117,-87.8342362
Zoe Metalios,M,"Riverside, Conn.",field-hockey,2019,41.0314897,-73.5833604
Alana Palomino,F,"San Diego, Calif.",field-hockey,2020,32.7157062,-117.1638284
Alexa Conomikes,GK,"Pittsburgh, Pa.",field-hockey,2020,40.4406968,-80.0025666
Allison Smith,M,"Wilmington, Del.",field-hockey,2020,39.7459468,-75.546589
Amanda Jordan,GK,"Rockville, Md.",field-hockey,2020,39.0817985,-77.1516844
Anabelle Brodeur,F,"Essex Fells, N.J.",field-hockey,2020,40.8245442,-74.2845925
Brooke Gasser,M/B,"Virginia Beach, Va.",field-hockey,2020,36.8496579,-75.9760751
Elizabeth Brissette,M/F,"Larchmont, N.Y.",field-hockey,2020,40.9278769,-73.7517983
Ellie Decker,F,"North Caldwell, N.J.",field-hockey,2020,40.8648215,-74.2582027
Emily Maclean,M,"Aukland, New Zealand",field-hockey,2020,-36.852095,174.7631803
Emma Domich,M,"Englewood, Colo.",field-hockey,2020,39.6482059,-104.9879641
Frederique Fyhr,M,"Houston, Texas",field-hockey,2020,29.7589382,-95.3676974
Grace Payne,M,"Lake Forest, Ill.",field-hockey,2020,42.2586461,-87.8407055
Helen Sayegh,M/B,"Belmont, Mass.",field-hockey,2020,42.3959296,-71.1786655
Isabella Collins,F/M,"Boston, Mass.",field-hockey,2020,42.3588336,-71.0578303
Jaimie McCormick,M,"Haddonfield, N.J.",field-hockey,2020,39.8915022,-75.0376707
Kelsey Farkas,M,"Ardmore, Pa.",field-hockey,2020,40.004128,-75.2882893
Kennedy Sholeen,F/M,"Houston, Texas",field-hockey,2020,29.7589382,-95.3676974
Lucy Holzinger,M,"Westport, Conn.",field-hockey,2020,41.1414855,-73.3578955
Maya Walker,B/M,"Greenwich, Conn.",field-hockey,2020,41.0264862,-73.6284598
Meg Bowen,F,"Streatley on Thames, U.K",field-hockey,2020,51.5219349,-1.1502738
Meredith Heaney,M,"New Canaan, Conn.",field-hockey,2020,41.146763,-73.4948446
Sarah Considine,M/F,"Lake Bluff, Ill.",field-hockey,2020,42.2789117,-87.8342362
Sarah Spear,M/B,"Virginia Beach, Va.",field-hockey,2020,36.8496579,-75.9760751
Sinclair Mott,B/M,"Houston, Texas",field-hockey,2020,29.7589382,-95.3676974
Tara Smith,GK,"Middletown, N.J.",field-hockey,2020,40.3898188,-74.1162152
Zoe Metalios,M,"Riverside, Conn.",field-hockey,2020,41.0314897,-73.5833604
Alana Palomino,F,"San Diego, Calif.",field-hockey,2021,32.7157062,-117.1638284
Alexa Conomikes,GK,"Pittsburgh, Pa.",field-hockey,2021,40.4406968,-80.0025666
Allison Smith,M,"Wilmington, Del.",field-hockey,2021,39.7459468,-75.546589
Amanda Jordan,GK,"Rockville, Md.",field-hockey,2021,39.0817985,-77.1516844
Anabelle Brodeur,F,"Essex Fells, N.J.",field-hockey,2021,40.8245442,-74.2845925
Brooke Gasser,M/B,"Virginia Beach, Va.",field-hockey,2021,36.8496579,-75.9760751
Elizabeth Brissette,M/F,"Larchmont, N.Y.",field-hockey,2021,40.9278769,-73.7517983
Ellie Decker,F,"North Caldwell, N.J.",field-hockey,2021,40.8648215,-74.2582027
Emily Maclean,M,"Aukland, New Zealand",field-hockey,2021,-36.852095,174.7631803
Emma Domich,M,"Englewood, Colo.",field-hockey,2021,39.6482059,-104.9879641
Frederique Fyhr,M,"Houston, Texas",field-hockey,2021,29.7589382,-95.3676974
Gracie Hecht,M,"Wauwatosa, Wis.",field-hockey,2021,43.0494122,-88.0079271
Isabella Collins,F/M,"Boston, Mass.",field-hockey,2021,42.3588336,-71.0578303
Jaimie McCormick,M,"Haddonfield, N.J.",field-hockey,2021,39.8915022,-75.0376707
Jeannine Turgeon,M,"Dover, N.H.",field-hockey,2021,43.1981117,-70.8739761
Katie Wimmer,GK,"Windham, N.H.",field-hockey,2021,42.8006441,-71.304229
Kelsey Farkas,M,"Ardmore, Pa.",field-hockey,2021,40.004128,-75.2882893
Kennedy Sholeen,F/M,"Houston, Texas",field-hockey,2021,29.7589382,-95.3676974
Lily Baker,M/B,"St. Louis, Mo.",field-hockey,2021,38.6254063,-90.190009
Lindsey Yu,M/B,"Montville, N.J.",field-hockey,2021,40.9148209,-74.383763
Lucy Holzinger,M,"Westport, Conn.",field-hockey,2021,41.1414855,-73.3578955
Maya Walker,B/M,"Greenwich, Conn.",field-hockey,2021,41.0264862,-73.6284598
Meg Bowen,F,"Streatley on Thames, U.K",field-hockey,2021,51.5219349,-1.1502738
Meredith Heaney,M,"New Canaan, Conn.",field-hockey,2021,41.146763,-73.4948446
Sarah Considine,B/M,"Lake Bluff, Ill.",field-hockey,2021,42.2789117,-87.8342362
Sarah Spear,M/B,"Virginia Beach, Va.",field-hockey,2021,36.8496579,-75.9760751
Sinclair Mott,B/M,"Houston, Texas",field-hockey,2021,29.7589382,-95.3676974
Sophie Rockefeller,M/F,"Hobart, Tasmania, Australia",field-hockey,2021,-42.8825088,147.3281233
Zoe Metalios,M,"Riverside, Conn.",field-hockey,2021,41.0314897,-73.5833604
Anabelle Brodeur,F,"Essex Fells, N.J.",field-hockey,2022,40.8245442,-74.2845925
Elizabeth Brissette,M/F,"Larchmont, N.Y.",field-hockey,2022,40.9278769,-73.7517983
Ellie Decker,F,"North Caldwell, N.J.",field-hockey,2022,40.8648215,-74.2582027
Frederique Fyhr,M,"Houston, Texas",field-hockey,2022,29.7589382,-95.3676974
Gianna Cilluffo,GK,"Newtown Square, Penn.",field-hockey,2022,39.9868117,-75.4007633
Gracie Hecht,M,"Wauwatosa, Wis.",field-hockey,2022,43.0494122,-88.0079271
Jeannine Turgeon,M,"Dover, N.H.",field-hockey,2022,43.1981117,-70.8739761
Katie Wimmer,GK,"Windham, N.H.",field-hockey,2022,42.8006441,-71.304229
Kennedy Sholeen,F/M,"Houston, Texas",field-hockey,2022,29.7589382,-95.3676974
Lily Baker,M/B,"St. Louis, Mo.",field-hockey,2022,38.6254063,-90.190009
Lindsey Yu,M/B,"Montville, N.J.",field-hockey,2022,40.9148209,-74.383763
MK Myklebust,F,"Los Gatos, Calif.",field-hockey,2022,37.226611,-121.9746797
Maya Walker,B/M,"Greenwich, Conn.",field-hockey,2022,41.0264862,-73.6284598
Meg Bowen,F,"Streatley on Thames, U.K",field-hockey,2022,51.5219349,-1.1502738
Meredith Heaney,M,"New Canaan, Conn.",field-hockey,2022,41.146763,-73.4948446
Sam Petrucco,M,"Short Hills, N.J.",field-hockey,2022,40.7381585,-74.3377392
Sarah Considine,B/M,"Lake Bluff, Ill.",field-hockey,2022,42.2789117,-87.8342362
Sarah Spear,M/B,"Virginia Beach, Va.",field-hockey,2022,36.8496579,-75.9760751
Sinclair Mott,B/M,"Houston, Texas",field-hockey,2022,29.7589382,-95.3676974
Sophia Abate,F,"Medford Lakes, N.J.",field-hockey,2022,39.857984,-74.8128639
Sophie Rockefeller,M/F,"Hobart, Tasmania, Australia",field-hockey,2022,-42.8825088,147.3281233
Zoe Metalios,M,"Riverside, Conn.",field-hockey,2022,41.0314897,-73.5833604
Anabelle Brodeur,F,"Essex Fells, N.J.",field-hockey,2023,40.8245442,-74.2845925
Delfina Gonzalez Lobo,M,"Greenwich, Conn.",field-hockey,2023,41.0264862,-73.6284598
Emma Reilly,M,"Andover, Mass.",field-hockey,2023,42.65717,-71.1408776
Gracie Hecht,M,"Wauwatosa, Wis.",field-hockey,2023,43.0494122,-88.0079271
Jeannine Turgeon,M,"Dover, N.H.",field-hockey,2023,43.1981117,-70.8739761
Kate Consoli,D,"Houston, Texas",field-hockey,2023,29.7589382,-95.3676974
Katie Wimmer,GK,"Windham, N.H.",field-hockey,2023,42.8006441,-71.304229
Kennedy Sholeen,F/M,"Houston, Texas",field-hockey,2023,29.7589382,-95.3676974
Lily Baker,M/B,"St. Louis, Mo.",field-hockey,2023,38.6254063,-90.190009
Lindsey Yu,M/B,"Montville, N.J.",field-hockey,2023,40.9148209,-74.383763
Madison Kim,M/F,"Bellaire, Texas",field-hockey,2023,29.7057858,-95.4588299
Maya Walker,B/M,"Greenwich, Conn.",field-hockey,2023,41.0264862,-73.6284598
Mckenzie Bloom,F,"West Hartford, Conn.",field-hockey,2023,41.7620447,-72.7420399
Sam Petrucco,M,"Short Hills, N.J.",field-hockey,2023,40.7381585,-74.3377392
Sophia Abate,F,"Medford Lakes, N.J.",field-hockey,2023,39.857984,-74.8128639
Ashley Kim,F/M,"Glenelg, Md.",field-hockey,2024,39.2644382,-76.9899134
Delfina Gonzalez Lobo,M,"Greenwich, Conn.",field-hockey,2024,41.0264862,-73.6284598
Emma Reilly,M,"Andover, Mass.",field-hockey,2024,42.65717,-71.1408776
Gracie Hecht,M,"Wauwatosa, Wis.",field-hockey,2024,43.0494122,-88.0079271
Jacinta Solari Etcheberry,F,"Santiago, Chile",field-hockey,2024,-33.4376995,-70.6510671
Jeannine Turgeon,M,"Dover, N.H.",field-hockey,2024,43.1981117,-70.8739761
Kate Consoli,D,"Houston, Texas",field-hockey,2024,29.7589382,-95.3676974
Kate Kim,F/M,"Glenelg, Md.",field-hockey,2024,39.2644382,-76.9899134
Katie Wimmer,GK,"Windham, N.H.",field-hockey,2024,42.8006441,-71.304229
Lily Baker,M/B,"St. Louis, Mo.",field-hockey,2024,38.6254063,-90.190009
Lindsey Yu,M/B(C),"Montville, N.J.",field-hockey,2024,40.9148209,-74.383763
Lizzie Adams,F/M,"Virginia Beach, Va.",field-hockey,2024,36.8496579,-75.9760751
Madison Kim,M/F,"Bellaire, Texas",field-hockey,2024,29.7057858,-95.4588299
Margot Houle,GK,"Potomac, Md.",field-hockey,2024,39.0180508,-77.1956331
Mckenzie Bloom,F,"West Hartford, Conn.",field-hockey,2024,41.7620447,-72.7420399
Nicole Campolattaro,F,"North Caldwell, N.J.",field-hockey,2024,40.8648215,-74.2582027
Sam Petrucco,M,"Short Hills, N.J.",field-hockey,2024,40.7381585,-74.3377392
Sophia Abate,F,"Medford Lakes, N.J.",field-hockey,2024,39.857984,-74.8128639
Sophie Lawrence,M/F,"Edinburgh, Scotland",field-hockey,2024,55.9533456,-3.1883749
Agustina Solari Etcheberry,D,"Santiago, Chile",field-hockey,2025,-33.4376995,-70.6510671
Ainsley Pearce,GK,"Riva, Md.",field-hockey,2025,38.9445795,-76.5882178
Ashley Kim,F/M,"Glenelg, Md.",field-hockey,2025,39.2644382,-76.9899134
Brooke Liddell,M,"Darien, Conn.",field-hockey,2025,41.0787079,-73.4692873
Delfina Gonzalez Lobo,D,"Greenwich, Conn.",field-hockey,2025,41.0264862,-73.6284598
Emma Reilly,D,"Andover, Mass.",field-hockey,2025,42.65717,-71.1408776
Izzy Kaczor,F,"Fair Haven, N.J.",field-hockey,2025,40.3606653,-74.0381947
Jacinta Solari Etcheberry,F,"Santiago, Chile",field-hockey,2025,-33.4376995,-70.6510671
Kate Consoli,D,"Houston, Texas",field-hockey,2025,29.7589382,-95.3676974
Kate Kim,F/M,"Glenelg, Md.",field-hockey,2025,39.2644382,-76.9899134
Kiley Liddell,D,"Darien, Conn.",field-hockey,2025,41.0787079,-73.4692873
Lizzie Adams,D,"Virginia Beach, Va.",field-hockey,2025,36.8496579,-75.9760751
Madison Kim,M/F,"Bellaire, Texas",field-hockey,2025,29.7057858,-95.4588299
Margot Houle,GK,"Potomac, Md.",field-hockey,2025,39.0180508,-77.1956331
Maya Raphael,D,"Bethesda, Md.",field-hockey,2025,38.9812726,-77.1233587
Mckenzie Bloom,F,"West Hartford, Conn.",field-hockey,2025,41.7620447,-72.7420399
Morgan Dwyer,M,"Basking Ridge, N.J.",field-hockey,2025,40.7064088,-74.5492725
Nicole Campolattaro,F,"North Caldwell, N.J.",field-hockey,2025,40.8648215,-74.2582027
Sam Petrucco,M,"Short Hills, N.J.",field-hockey,2025,40.7381585,-74.3377392
Sophia Abate,F,"Medford Lakes, N.J.",field-hockey,2025,39.857984,-74.8128639
Sophie Green,F/M,"Bryn Mawr, Pa.",field-hockey,2025,40.0238245,-75.3173407
Sophie Lawrence,M/F,"Edinburgh, Scotland",field-hockey,2025,55.9533456,-3.1883749
Agustina Solari Etcheberry,D,"Santiago, Chile",field-hockey,2026,-33.4376995,-70.6510671
Ainsley Pearce,GK,"Riva, Md.",field-hockey,2026,38.9445795,-76.5882178
Ashley Kim,F/M,"Glenelg, Md.",field-hockey,2026,39.2644382,-76.9899134
Audrey Owen-Smith,GK,"Dexter, Mich.",field-hockey,2026,42.3372998,-83.8842
Avery Burnett,M/D,"Zionsville, Pa.",field-hockey,2026,40.4864868,-75.5201841
Brooke Liddell,M,"Darien, Conn.",field-hockey,2026,41.0787079,-73.4692873
Delfina Gonzalez Lobo,D,"Greenwich, Conn.",field-hockey,2026,41.0264862,-73.6284598
Emma Reilly,D,"Andover, Mass.",field-hockey,2026,42.65717,-71.1408776
Georgia Schmitz,M,"Greenwich, Conn.",field-hockey,2026,41.0264862,-73.6284598
Izzy Kaczor,F,"Fair Haven, N.J.",field-hockey,2026,40.3606653,-74.0381947
Jacinta Solari Etcheberry,F,"Santiago, Chile",field-hockey,2026,-33.4376995,-70.6510671
Kate Consoli,D,"Houston, Texas",field-hockey,2026,29.7589382,-95.3676974
Kate Kim,F/M,"Glenelg, Md.",field-hockey,2026,39.2644382,-76.9899134
Kiley Liddell,D,"Darien, Conn.",field-hockey,2026,41.0787079,-73.4692873
Lizzie Adams,D,"Virginia Beach, Va.",field-hockey,2026,36.8496579,-75.9760751
Madison Kim,M/F,"Bellaire, Texas",field-hockey,2026,29.7057858,-95.4588299
Margot Houle,GK,"Potomac, Md.",field-hockey,2026,39.0180508,-77.1956331
Marisa Rubano,D/M,"Oakton, Va.",field-hockey,2026,38.896795,-77.2987377
Maya Raphael,D,"Bethesda, Md.",field-hockey,2026,38.9812726,-77.1233587
Mckenzie Bloom,F,"West Hartford, Conn.",field-hockey,2026,41.7620447,-72.7420399
Morgan Dwyer,M,"Basking Ridge, N.J.",field-hockey,2026,40.7064088,-74.5492725
Nadia Gross,D,"Blue Bell, Pa.",field-hockey,2026,40.147809,-75.272781
Nicole Campolattaro,F,"North Caldwell, N.J.",field-hockey,2026,40.8648215,-74.2582027
Norah Veldhuizen,M,"Amersfoort, The Netherlands",field-hockey,2026,52.1637703,5.4088845
Sophie Green,F/M,"Bryn Mawr, Pa.",field-hockey,2026,40.0238245,-75.3173407
Sophie Lawrence,M/F,"Edinburgh, Scotland",field-hockey,2026,55.9533456,-3.1883749
Veera Chidanandan,F/M,"Centreville, Va.",field-hockey,2026,38.837613,-77.4347283
Adam Armesto,OL,"Canton, Mich.",football,2016,42.7269261,-84.6433146
Alan Watson,RB,"New Albany, Ohio",football,2016,40.0811745,-82.8087864
Alex Gibson,RB,"Doylestown, Pa.",football,2016,40.3100446,-75.1304588
Alex Robin,DL,"Vestavia Hills, Ala.",football,2016,33.4487989,-86.7879492
Alexander Holme,DL,"Oakland, Calif.",football,2016,37.8044557,-122.271356
Anders Hill,QB,"Boulder, Colo.",football,2016,40.0149856,-105.270545
Arman Samouk,DL,"Akron, Ohio",football,2016,41.083064,-81.518485
Bailey Popeck,TE,"Olive Branch, Miss.",football,2016,34.9617605,-89.8295315
Ben Hill,TE,"Memphis, Tenn.",football,2016,35.146026,-90.0517786
Ben Kaplan,WR,"St. Charles, Ill.",football,2016,41.9139808,-88.3128183
Benjamin McKeighan,DB,"Scottsdale, Ariz.",football,2016,33.4942189,-111.926018
Benjamin Robbins,OL,"Fallston, Md.",football,2016,39.5348431,-76.4221064
Bewley Wales,OL,"Tulsa, Okla.",football,2016,36.1563122,-95.9927516
Brandon Krcilek,WR,"Chandler, Ariz.",football,2016,33.3062031,-111.841185
Brock Anglin,OL,"Dallas, Texas",football,2016,32.7762719,-96.7968559
Brock Kenyon,DB,"Austin, Texas",football,2016,30.2711286,-97.7436995
Cal Falkenhayn,LB,"Wilmette, Ill.",football,2016,42.076066,-87.7115555
Cameron Dunn,WR,"Mason, Ohio",football,2016,39.3600586,-84.309939
Cameron Nizialek,K/P,"Chantilly, Va.",football,2016,38.885219,-77.4486772
Cameron Roane,DB,"Durham, N.C.",football,2016,35.996653,-78.9018053
Charles Melka,DL,"Glen Ellyn, Ill.",football,2016,41.8775293,-88.0670118
Charlie Flores,OL,"Fort Worth, Texas",football,2016,32.753177,-97.3327459
Chris Alleyne,K/P,"San Diego, Calif.",football,2016,32.7157062,-117.1638284
Chris Schroer,RB,"Cincinnati, Ohio",football,2016,39.1012809,-84.5127405
Christian Boujaoude,WR,"Eatontown, N.J.",football,2016,40.2962222,-74.0509725
Christian Conway,LB,"Bronxville, N.Y.",football,2016,40.9381544,-73.8320784
Christian Everett,WR,"Chicago, Ill.",football,2016,41.8755616,-87.6244212
Clay Caruso,LB,"Strongsville, Ohio",football,2016,41.3144733,-81.83511
Cole McDonough,DL,"Bel Air, Md.",football,2016,39.5797515,-78.8531894
Collin Breckenridge,DL,"Corpus Christi, Texas",football,2016,27.7635302,-97.4033191
Connor Halm,OL,"McLean, Va.",football,2016,38.9366852,-77.185843
Connor Heeb,DL,"Canandaigua, N.Y.",football,2016,42.850682,-77.3191454
Daniel DeLorenzi,DL,"Cedar Grove, N.J.",football,2016,40.8517662,-74.229035
Daniel Hong,QB,"Las Vegas, Nev.",football,2016,36.1674263,-115.1484131
David Donovan,DL,"Linwood, N.J.",football,2016,39.3398404,-74.5751484
Denzel Hill,DB,"Waldorf, Md.",football,2016,38.6023935,-76.9274072
Dominic Perkovic,DL,"Bloomfield Hills, Mich.",football,2016,42.583645,-83.2454883
Drew Schoeberl,OL,"Columbus, Ind.",football,2016,39.2014405,-85.9213796
Dylan Weldon,DB,"Las Vegas, Nev.",football,2016,36.1674263,-115.1484131
Gianmarco Rea,LB,"Birmingham, Mich.",football,2016,42.5467012,-83.2113192
Greg Washington,DL,"Chesapeake, Va.",football,2016,36.7168315,-76.2494453
Hagen Patterson,LB,"Austin, Texas",football,2016,30.2711286,-97.7436995
Hunter Lunsford,DB,"Elk Grove, Calif.",football,2016,38.4087993,-121.3716178
Hunter Petlansky,QB,"Livermore, Calif.",football,2016,37.6820583,-121.768053
Ian Tyler,DL,"Muskegon, Mich.",football,2016,43.2341813,-86.2483921
Ian VanDenBerg,WR,"Paw Paw, Mich.",football,2016,42.2178171,-85.8911246
Isaac Werkman,OL,"Spokane, Wash.",football,2016,47.6571934,-117.42351
Jackson Conway,RB,"Bronxville, N.Y.",football,2016,40.9381544,-73.8320784
Jacob Young,DB,"Bethlehem, Pa.",football,2016,-1.45056,-48.4682453
Jalen Williams,LB,"Birmingham, Ala.",football,2016,33.5206824,-86.8024326
Jared Katz,DB,"Manorville, N.Y.",football,2016,40.862559,-72.7860928
Jason Vravick,LB,"Lincolnshire, Ill.",football,2016,42.1900249,-87.9084039
John Fischer,OL,"Springfield, Ill.",football,2016,39.7990175,-89.6439575
John Hunton,TE,"Fort Smith, Ark.",football,2016,35.3880338,-94.4265011
Joseph Leeman,WR,"Riverdale, N.J.",football,2016,40.9939865,-74.3034824
Joseph Scowden,OL,"Nashville, Tenn.",football,2016,36.1622767,-86.7742984
Josh Wainwright,WR,"Austin, Texas",football,2016,30.2711286,-97.7436995
Justin Aimonetti,DL,"Redwood City, Calif.",football,2016,37.4863239,-122.232523
Justin Hill,DB,"Springfield, Pa.",football,2016,39.9306677,-75.3201879
Kaleb Pitts,WR,"Chandler, Ariz.",football,2016,33.3062031,-111.841185
Keith Brady,LB,"Liberty Township, Ohio",football,2016,39.400949,-84.4097355
Kendall Pace,OL,"Suitland, Md.",football,2016,38.8501136,-76.9255846
Kyle Castner,QB,"Indianapolis, Ind.",football,2016,39.7683331,-86.1583502
Lamine Nouck-A-Nwal,OL,"Doylestown, Pa.",football,2016,40.3100446,-75.1304588
Landon Baty,DB,"Mountain View, Calif.",football,2016,37.3893889,-122.0832101
Levi McQuinn,LB,"Fort Myers, Fla.",football,2016,26.640628,-81.8723084
Liam Talty,DL,"Eugene, Ore.",football,2016,44.0505054,-123.0950506
LinDon Harris,DL,"Silver Spring, Md.",football,2016,38.9997621,-77.0240371
Logan Waters,LB,"San Antonio, Texas",football,2016,29.4246002,-98.4951405
Lord Hyeamang,DL,"Lakeville, Minn.",football,2016,44.650051,-93.2432791
Lynnard Rose,RB,"Houston, Texas",football,2016,29.7589382,-95.3676974
Marcus Briscoe,WR,"Diamond Bar, Calif.",football,2016,34.0286226,-117.8103367
Mark Cieslak,FB,"Montvale, N.J.",football,2016,41.0407563,-74.0288633
Markham Paukune,OL,"Fort Worth, Texas",football,2016,32.753177,-97.3327459
Matt Dame,QB,"Jupiter, Fla.",football,2016,26.9342246,-80.0942087
Matt Tofano,LB,"San Jose, Calif.",football,2016,37.3361663,-121.890591
Matthew Panton,K/P,"Shoreham, Aus.",football,2016,-38.4256141,145.0515199
Max Mullaney,LB,"Colts Neck, N.J.",football,2016,40.2876108,-74.1723652
Michael Geraghty,DL,"Las Vegas, Nev.",football,2016,36.1674263,-115.1484131
Michael McGrath,OL,"Berlin, N.J.",football,2016,39.7912262,-74.9290536
Michael Murphy,LB,"Tampa, Fla.",football,2016,27.9449854,-82.4583107
Mike Hinton,DL,"Winson-Salem, N.C.",football,2016,36.0998131,-80.2440518
Nathan Gibbs,OL,"Hickory, N.C.",football,2016,35.7333312,-81.3442915
Noah Zgrablich,K,"Granada Hills, Calif.",football,2016,34.2661558,-118.5174342
Oren Milstein,PK,"Boca Raton, Fla.",football,2016,26.3586885,-80.0830984
Parker Coogan,OL,"Kingwood, Texas",football,2016,30.0497077,-95.1846301
Parker Thome,WR/P,"Hortonville, Wis.",football,2016,44.3350374,-88.639343
Parker Tobia,LB,"Park Ridge, N.J.",football,2016,41.035965,-74.0415551
Patrick Denny,OL,"Pittsburgh, Pa.",football,2016,40.4406968,-80.0025666
Patrick Eby,LS,"Towson, Md.",football,2016,39.3964591,-76.6148148
Pete Szymanski,OL,"Park Ridge, Ill.",football,2016,42.0112329,-87.8406031
Reid Stables,OL,"Littleton, Colo.",football,2016,39.613321,-105.016649
Ronald Smith,WR,"St. Louis, Mo.",football,2016,38.6254063,-90.190009
Rory Schlageter,TE,"Maplewood, N.J.",football,2016,40.7312123,-74.2734808
Ryan Gilbert,DB,"Bellevue, Wash.",football,2016,47.6144219,-122.192337
Ryan Suitt,QB,"Fort Worth, Texas",football,2016,32.753177,-97.3327459
Scooter Hollis,WR,"Bowling Green, Ky.",football,2016,36.9929203,-86.4428677
Sean White,LB,"Friendswood, Texas",football,2016,29.5293998,-95.2010447
Skyler Mornhinweg,QB,"Philadelphia, Pa.",football,2016,39.9527237,-75.1635262
Tanner Thomas,RB,"Knoxville, Tenn.",football,2016,35.9603948,-83.9210261
Taylor Weldon,DL,"Americus, Ga.",football,2016,32.0723862,-84.2326876
Tour? Douglas,WR,"Vineland, N.J.",football,2016,39.4862777,-75.0254256
Tre Gabriel,WR,"West Palm Beach, Fla.",football,2016,26.715364,-80.0532942
Turner DeMuth,RB,"Whitefish Bay, Wis.",football,2016,43.1185591,-87.906804
Tyler Holmes,DB,"Virginia Beach, Va.",football,2016,36.8496579,-75.9760751
Tyler Houston,DL,"Westerville, Ohio",football,2016,40.126139,-82.9295287
Tyler Kwiatkowski,TE,"Mount Carmel, Pa.",football,2016,40.7968393,-76.4131097
Tyler Schonewolf,OL,"South Williamsport, Pa.",football,2016,41.2320232,-76.9991341
Van Neils,RB,"North Mankato, Minn.",football,2016,44.1732916,-94.0338055
William Carson,OL,"Lexington, S.C.",football,2016,33.8986841,-81.275054
Willie Peoples,DB,"Cambridge, Mass.",football,2016,42.3656347,-71.1040018
Zach Dansby,TE,"Austin, Texas",football,2016,30.2711286,-97.7436995
Zach O'Neill,DL,"Staten Island, N.Y.",football,2016,40.5834557,-74.1496048
Adam Armesto,OL,"Canton, Mich.",football,2017,42.7269261,-84.6433146
Alex Gibson,RB,"Doylestown, Pa.",football,2017,40.3100446,-75.1304588
Alex Robin,DL,"Vestavia Hills, Ala.",football,2017,33.4487989,-86.7879492
Alexander Filacouris,RB,"Dix Hills, N.Y.",football,2017,40.802847,-73.3371556
Alexander Holme,DL,"Oakland, Calif.",football,2017,37.8044557,-122.271356
Anders Hill,QB,"Boulder, Colo.",football,2017,40.0149856,-105.270545
Andrew Nichols,DL,"Peoria, Ariz.",football,2017,33.5806115,-112.237294
Arman Samouk,DL,"Akron, Ohio",football,2017,41.083064,-81.518485
Bailey Popeck,TE,"Olive Branch, Miss.",football,2017,34.9617605,-89.8295315
Bailey Rotsky,DB,"Gates Mills, Ohio",football,2017,41.5181147,-81.4039538
Ben Hill,TE,"Memphis, Tenn.",football,2017,35.146026,-90.0517786
Ben Mathiasmeier,DB,"Katy, Texas",football,2017,29.7857853,-95.8243956
Benjamin McKeighan,DB,"Scottsdale, Ariz.",football,2017,33.4942189,-111.926018
Benjamin Robbins,OL,"Fallston, Md.",football,2017,39.5348431,-76.4221064
Bewley Wales,OL,"Tulsa, Okla.",football,2017,36.1563122,-95.9927516
Blake Wooden,DB,"Pembroke Pines, Fla.",football,2017,26.0061943,-80.2872086
Brandon Krcilek,WR,"Chandler, Ariz.",football,2017,33.3062031,-111.841185
Brock Anglin,OL,"Dallas, Texas",football,2017,32.7762719,-96.7968559
Broderick Taylor,RB,"Holly Springs, N.C.",football,2017,35.6512655,-78.8336218
Cal Falkenhayn,LB,"Wilmette, Ill.",football,2017,42.076066,-87.7115555
Cameren Carter,LB,"Duluth, Ga.",football,2017,34.0028569,-84.1441046
Cameron Lipton-Martinez,TE,"Montclair, N.J.",football,2017,40.8164458,-74.2210643
Cameron Roane,DB,"Durham, N.C.",football,2017,35.996653,-78.9018053
Carson Griffis,WR,"Homewood, Ala.",football,2017,33.4737098,-86.8084509
Carson Powell,LB,"Jupiter, Fla.",football,2017,26.9342246,-80.0942087
Casey Mariucci,TE,"La Jolla, Calif.",football,2017,32.8458529,-117.2575702
Charles Melka,DL,"Glen Ellyn, Ill.",football,2017,41.8775293,-88.0670118
Charlie Flores,OL,"Fort Worth, Texas",football,2017,32.753177,-97.3327459
Chris Alleyne,K/P,"San Diego, Calif.",football,2017,32.7157062,-117.1638284
Chris Schroer,RB,"Cincinnati, Ohio",football,2017,39.1012809,-84.5127405
Christian Boujaoude,WR,"Eatontown, N.J.",football,2017,40.2962222,-74.0509725
Christian Everett,WR,"Chicago, Ill.",football,2017,41.8755616,-87.6244212
Clay Caruso,LB,"Strongsville, Ohio",football,2017,41.3144733,-81.83511
Cole McDonough,DL,"Bel Air, Md.",football,2017,39.5797515,-78.8531894
Collin Breckenridge,DL,"Corpus Christi, Texas",football,2017,27.7635302,-97.4033191
Connor Heeb,DL,"Canandaigua, N.Y.",football,2017,42.850682,-77.3191454
Cooper Wilson,DL,"Merritt Island, Fla.",football,2017,28.2662775,-80.6636984
Daniel DeLorenzi,DL,"Cedar Grove, N.J.",football,2017,40.8517662,-74.229035
Daniel Hong,QB,"Las Vegas, Nev.",football,2017,36.1674263,-115.1484131
Darion Acohido,WR,"Henderson, Nevada",football,2017,36.0301388,-114.9815488
David Donovan,TE,"Linwood, N.J.",football,2017,39.3398404,-74.5751484
Denzel Hill,DB,"Waldorf, Md.",football,2017,38.6023935,-76.9274072
Dillon Davis,QB,"Aledo, Texas",football,2017,32.6979939,-97.6039938
Dominic Perkovic,DL,"Bloomfield Hills, Mich.",football,2017,42.583645,-83.2454883
Drew Schmid,P,"San Diego, Calif.",football,2017,32.7157062,-117.1638284
Drew Schoeberl,OL,"Columbus, Ind.",football,2017,39.2014405,-85.9213796
Dylan Weldon,DB,"Las Vegas, Nev.",football,2017,36.1674263,-115.1484131
Emerson Kabus,WR,"St. Augustine, Fla.",football,2017,29.8946952,-81.3145395
Graham Flinn,DB,"Richmond, Va.",football,2017,37.5385087,-77.43428
Greg Washington,DL,"Chesapeake, Va.",football,2017,36.7168315,-76.2494453
Hank White,OL,"Lawrenceville, Ga.",football,2017,33.9566391,-83.9890066
Hunter Lunsford,DB,"Elk Grove, Calif.",football,2017,38.4087993,-121.3716178
Ian Tyler,DL,"Muskegon, Mich.",football,2017,43.2341813,-86.2483921
Ian VanDenBerg,WR,"Paw Paw, Mich.",football,2017,42.2178171,-85.8911246
Isaac Werkman,OL,"Spokane, Wash.",football,2017,47.6571934,-117.42351
Jacob Young,DB,"Bethlehem, Pa.",football,2017,-1.45056,-48.4682453
Jalen Allen,RB,"Farmington Hills, Mich.",football,2017,42.4853125,-83.3771553
Jalen Williams,LB,"Birmingham, Ala.",football,2017,33.5206824,-86.8024326
Jason Vravick,LB,"Lincolnshire, Ill.",football,2017,42.1900249,-87.9084039
John Fischer,OL,"Springfield, Ill.",football,2017,39.7990175,-89.6439575
Jon Rowe,OL,"Charlotte, N.C.",football,2017,35.2272086,-80.8430827
Joseph Scowden,OL,"Nashville, Tenn.",football,2017,36.1622767,-86.7742984
Josh Bean,QB,"Hinsdale, Ill.",football,2017,41.8024604,-87.9299841
Josh Kaminski,OL,"Whippany, N.J.",football,2017,40.823275,-74.4138394
Josh Wainwright,WR,"Austin, Texas",football,2017,30.2711286,-97.7436995
Justin Hill,DB,"Springfield, Pa.",football,2017,39.9306677,-75.3201879
Justin Woodley,LB,"Chula Vista, Calif.",football,2017,32.6400541,-117.084195
Kaleb Pitts,WR,"Chandler, Ariz.",football,2017,33.3062031,-111.841185
Kyle Castner,WR,"Indianapolis, Ind.",football,2017,39.7683331,-86.1583502
Lamine Nouck-A-Nwal,OL,"Doylestown, Pa.",football,2017,40.3100446,-75.1304588
Landon Baty,DB,"Mountain View, Calif.",football,2017,37.3893889,-122.0832101
Liam Talty,DL,"Eugene, Ore.",football,2017,44.0505054,-123.0950506
LinDon Harris,DL,"Silver Spring, Md.",football,2017,38.9997621,-77.0240371
Lord Hyeamang,DL,"Lakeville, Minn.",football,2017,44.650051,-93.2432791
Luke Adams,LB,"Pontiac, Mich.",football,2017,42.6389216,-83.2910468
Lynnard Rose,RB,"Houston, Texas",football,2017,29.7589382,-95.3676974
Marcus Briscoe,TE,"Diamond Bar, Calif.",football,2017,34.0286226,-117.8103367
Markham Paukune,OL,"Fort Worth, Texas",football,2017,32.753177,-97.3327459
Marquavious Moore,RB,"Memphis, Tenn.",football,2017,35.146026,-90.0517786
Matt Dame,QB,"Jupiter, Fla.",football,2017,26.9342246,-80.0942087
Matt Tofano,LB,"San Jose, Calif.",football,2017,37.3361663,-121.890591
Max Mullaney,DL,"Colts Neck, N.J.",football,2017,40.2876108,-74.1723652
Michael McGrath,OL,"Berlin, N.J.",football,2017,39.7912262,-74.9290536
Michael Murphy,LB,"Tampa, Fla.",football,2017,27.9449854,-82.4583107
Mike Hinton,DL,"Winson-Salem, N.C.",football,2017,36.0998131,-80.2440518
Myles Davis,WR,"Chicago, Ill.",football,2017,41.8755616,-87.6244212
Noah Zgrablich,PK,"Granada Hills, Calif.",football,2017,34.2661558,-118.5174342
Ogonna Oraedu,DL,"Germantown, Tenn.",football,2017,35.0867577,-89.8100858
Oren Milstein,PK,"Boca Raton, Fla.",football,2017,26.3586885,-80.0830984
Parker Coogan,OL,"Kingwood, Texas",football,2017,30.0497077,-95.1846301
Parker Thome,WR/P,"Hortonville, Wis.",football,2017,44.3350374,-88.639343
Parker Tobia,LB,"Park Ridge, N.J.",football,2017,41.035965,-74.0415551
Patrick Denny,OL,"Pittsburgh, Pa.",football,2017,40.4406968,-80.0025666
Patrick Eby,LS,"Towson, Md.",football,2017,39.3964591,-76.6148148
Pete Szymanski,OL,"Park Ridge, Ill.",football,2017,42.0112329,-87.8406031
Peter Wise,OL,"Greenwich, Conn.",football,2017,41.0264862,-73.6284598
Reid Stables,OL,"Littleton, Colo.",football,2017,39.613321,-105.016649
Ronald Smith,WR,"St. Louis, Mo.",football,2017,38.6254063,-90.190009
Rory Schlageter,TE,"Maplewood, N.J.",football,2017,40.7312123,-74.2734808
Ryan Gilbert,DB,"Bellevue, Wash.",football,2017,47.6144219,-122.192337
Ryan Suitt,QB,"Fort Worth, Texas",football,2017,32.753177,-97.3327459
Sean White,LB,"Friendswood, Texas",football,2017,29.5293998,-95.2010447
Seth DeVary,OL,"Hodgenville, Ky.",football,2017,37.5737487,-85.740353
Tanner Thomas,RB,"Knoxville, Tenn.",football,2017,35.9603948,-83.9210261
Taylor Weldon,DL,"Americus, Ga.",football,2017,32.0723862,-84.2326876
Tre Gabriel,WR,"West Palm Beach, Fla.",football,2017,26.715364,-80.0532942
Turner DeMuth,LB,"Whitefish Bay, Wis.",football,2017,43.1185591,-87.906804
Tyler Holmes,DB,"Virginia Beach, Va.",football,2017,36.8496579,-75.9760751
Tyler Schonewolf,OL,"South Williamsport, Pa.",football,2017,41.2320232,-76.9991341
Van Neils,RB,"North Mankato, Minn.",football,2017,44.1732916,-94.0338055
Will Allen,DB,"Pembroke Pines, Fla.",football,2017,26.0061943,-80.2872086
Zach Dansby,TE,"Austin, Texas",football,2017,30.2711286,-97.7436995
Zach O'Neill,DL,"Staten Island, N.Y.",football,2017,40.5834557,-74.1496048
Adam Armesto,OL,"Canton, Mich.",football,2018,42.7269261,-84.6433146
Alex Robin,DL,"Vestavia Hills, Ala.",football,2018,33.4487989,-86.7879492
Alexander Filacouris,RB,"Dix Hills, N.Y.",football,2018,40.802847,-73.3371556
Andrew Nichols,DL,"Peoria, Ariz.",football,2018,33.5806115,-112.237294
Arman Samouk,DL,"Akron, Ohio",football,2018,41.083064,-81.518485
Ben Hill,TE,"Memphis, Tenn.",football,2018,35.146026,-90.0517786
Ben Mathiasmeier,DB,"Katy, Texas",football,2018,29.7857853,-95.8243956
Benjamin McKeighan,DB,"Scottsdale, Ariz.",football,2018,33.4942189,-111.926018
Blake Wooden,DB,"Pembroke Pines, Fla.",football,2018,26.0061943,-80.2872086
Brandon Radice,TE,"Basking Ridge, N.J.",football,2018,40.7064088,-74.5492725
Brock Anglin,OL,"Dallas, Texas",football,2018,32.7762719,-96.7968559
Broderick Taylor,RB,"Holly Springs, N.C.",football,2018,35.6512655,-78.8336218
Cal Falkenhayn,LB,"Wilmette, Ill.",football,2018,42.076066,-87.7115555
Cam Dillon,LB,"Findlay, Ohio",football,2018,41.0413873,-83.6503982
Cameren Carter,LB,"Duluth, Ga.",football,2018,34.0028569,-84.1441046
Cameron Brown,LB,"Castro Valley, Calif.",football,2018,37.713606,-122.0715658
Carson Griffis,WR,"Homewood, Ala.",football,2018,33.4737098,-86.8084509
Carson Powell,LB,"Jupiter, Fla.",football,2018,26.9342246,-80.0942087
Casey Mariucci,TE,"La Jolla, Calif.",football,2018,32.8458529,-117.2575702
Charlie Flores,OL,"Fort Worth, Texas",football,2018,32.753177,-97.3327459
Chris Alleyne,K/P,"San Diego, Calif.",football,2018,32.7157062,-117.1638284
Chris Park,DB,"Belmont, Calif.",football,2018,37.5164926,-122.2941914
Christian Boujaoude,WR,"Eatontown, N.J.",football,2018,40.2962222,-74.0509725
Christian Everett,WR,"Chicago, Ill.",football,2018,41.8755616,-87.6244212
Conner Collins,OL,"Charlotte, N.C.",football,2018,35.2272086,-80.8430827
Cooper Wilson,DL,"Merritt Island, Fla.",football,2018,28.2662775,-80.6636984
Daniel DeLorenzi,DL,"Cedar Grove, N.J.",football,2018,40.8517662,-74.229035
Daniel Hong,QB,"Las Vegas, Nev.",football,2018,36.1674263,-115.1484131
Dante Landolfi,LB,"Columbus, Ohio",football,2018,39.9622601,-83.0007065
Dante Miller,RB,"Rockingham, N.C.",football,2018,36.3926798,-79.744144
Darion Acohido,WR,"Henderson, Nevada",football,2018,36.0301388,-114.9815488
Derric Lee,DB,"Naperville, Ill.",football,2018,41.7728699,-88.1479278
Devin Hart,LB,"Powder Springs, Ga.",football,2018,33.8595492,-84.683824
Dillon Davis,QB,"Aledo, Texas",football,2018,32.6979939,-97.6039938
Drake Morey,DL,"Ashland, Oregon",football,2018,42.1972487,-122.7153995
Drew Schmid,P,"San Diego, Calif.",football,2018,32.7157062,-117.1638284
Drew Schoeberl,OL,"Columbus, Ind.",football,2018,39.2014405,-85.9213796
Emerson Kabus,WR,"St. Augustine, Fla.",football,2018,29.8946952,-81.3145395
Ernest Robertson,WR,"Bronx, N.Y.",football,2018,40.8466508,-73.8785937
Evan Loesel,DL,"Boca Raton, Fla.",football,2018,26.3586885,-80.0830984
Fara'ad McCombs,DB,"Passaic, N.J.",football,2018,41.0461864,-74.3177933
Graham Flinn,DB,"Richmond, Va.",football,2018,37.5385087,-77.43428
Hank White,OL,"Lawrenceville, Ga.",football,2018,33.9566391,-83.9890066
Hunter Lunsford,DB,"Elk Grove, Calif.",football,2018,38.4087993,-121.3716178
Ian VanDenBerg,DB,"Paw Paw, Mich.",football,2018,42.2178171,-85.8911246
Inho Choi,DB,"Windsor, Ontario, Canada",football,2018,42.2858536,-82.9780695
Isaac Werkman,OL,"Spokane, Wash.",football,2018,47.6571934,-117.42351
Jackson Heath,TE,"Overland Park, Kansas",football,2018,38.9742502,-94.6851702
Jacob Young,DB,"Bethlehem, Pa.",football,2018,-1.45056,-48.4682453
Jake Motz,OL,"Hendersonville, Tenn.",football,2018,36.3049177,-86.621443
Jalen Allen,RB,"Farmington Hills, Mich.",football,2018,42.4853125,-83.3771553
Jalen Williams,LB,"Birmingham, Ala.",football,2018,33.5206824,-86.8024326
Jason Vravick,LB,"Lincolnshire, Ill.",football,2018,42.1900249,-87.9084039
John Alyn,DL,"Miami, Fla.",football,2018,25.7741566,-80.1935973
John Fischer,OL,"Springfield, Ill.",football,2018,39.7990175,-89.6439575
John Foreback,QB,"Morristown, Tenn.",football,2018,36.2139814,-83.2948923
John Harris,LB,"Santa Barbara, Calif.",football,2018,34.4221319,-119.702667
Jon Rowe,OL,"Charlotte, N.C.",football,2018,35.2272086,-80.8430827
Jordan Colbert,DB,"Washington, D.C.",football,2018,38.8950982,-77.0363849
Joseph Scowden,OL,"Nashville, Tenn.",football,2018,36.1622767,-86.7742984
Josh Bean,QB,"Hinsdale, Ill.",football,2018,41.8024604,-87.9299841
Josh Kaminski,OL,"Whippany, N.J.",football,2018,40.823275,-74.4138394
Josh Wainwright,WR,"Austin, Texas",football,2018,30.2711286,-97.7436995
Joshua Smythe-Macaulay,LB,"Austin, Texas",football,2018,30.2711286,-97.7436995
Justin Woodley,LB,"Chula Vista, Calif.",football,2018,32.6400541,-117.084195
Kaleb Pitts,WR,"Chandler, Ariz.",football,2018,33.3062031,-111.841185
Kyle Baskin,TE,"Quakertown, Pa.",football,2018,40.4417682,-75.3415667
Kyle Castner,WR(C),"Indianapolis, Ind.",football,2018,39.7683331,-86.1583502
Lamine Nouck-A-Nwal,OL,"Doylestown, Pa.",football,2018,40.3100446,-75.1304588
Landon Baty,DB(C),"Mountain View, Calif.",football,2018,37.3893889,-122.0832101
LinDon Harris,DL,"Silver Spring, Md.",football,2018,38.9997621,-77.0240371
Luke Adams,LB,"Pontiac, Mich.",football,2018,42.6389216,-83.2910468
Lynnard Rose,RB,"Houston, Texas",football,2018,29.7589382,-95.3676974
Markham Paukune,OL(C),"Fort Worth, Texas",football,2018,32.753177,-97.3327459
Marquavious Moore,RB,"Memphis, Tenn.",football,2018,35.146026,-90.0517786
Marquis Hubbard,LB,"Houston, Texas",football,2018,29.7589382,-95.3676974
Matt Dame,QB,"Jupiter, Fla.",football,2018,26.9342246,-80.0942087
Max Mullaney,DL,"Colts Neck, N.J.",football,2018,40.2876108,-74.1723652
Michael Murphy,LB,"Tampa, Fla.",football,2018,27.9449854,-82.4583107
Mike Fluegel,DB,"Clarkston, Mich.",football,2018,42.735863,-83.4188304
Mike Hinton,DL(C),"Winson-Salem, N.C.",football,2018,36.0998131,-80.2440518
Mike Roussos,WR,"New Port Richey, Fla.",football,2018,28.2441768,-82.7192671
Mitchell Shinskie,DL,"Stafford County, Va.",football,2018,38.4167265,-77.4579783
Mitchell Sturgill,DB,"Bellevue, Wash.",football,2018,47.6144219,-122.192337
Mozes Mooney,WR,"La Jolla, Calif.",football,2018,32.8458529,-117.2575702
Myles Davis,WR,"Chicago, Ill.",football,2018,41.8755616,-87.6244212
Ogonna Oraedu,DL,"Germantown, Tenn.",football,2018,35.0867577,-89.8100858
Oren Milstein,PK,"Boca Raton, Fla.",football,2018,26.3586885,-80.0830984
Parker Coogan,OL,"Kingwood, Texas",football,2018,30.0497077,-95.1846301
Parker Lefton,LS,"Duluth, Ga.",football,2018,34.0028569,-84.1441046
Patrick Eby,LS,"Towson, Md.",football,2018,39.3964591,-76.6148148
Paul Akere,DL,"Carrollton, Texas",football,2018,32.9515472,-96.9034244
Pete Szymanski,OL,"Park Ridge, Ill.",football,2018,42.0112329,-87.8406031
Peter Wise,OL,"Greenwich, Conn.",football,2018,41.0264862,-73.6284598
Ronald Smith,WR,"St. Louis, Mo.",football,2018,38.6254063,-90.190009
Rory Schlageter,TE,"Maplewood, N.J.",football,2018,40.7312123,-74.2734808
Ryan Gilbert,DB,"Bellevue, Wash.",football,2018,47.6144219,-122.192337
Ryan Rhoden,DB,"Broward County, Fla.",football,2018,26.1598074,-80.4623642
Ryan Suitt,QB,"Fort Worth, Texas",football,2018,32.753177,-97.3327459
Ryan Young,RB,"Wheaton, Ill.",football,2018,41.8646959,-88.1101709
Sam Hill,OL,"Chittenango, N.Y.",football,2018,43.0458574,-75.8692429
Sean White,LB,"Friendswood, Texas",football,2018,29.5293998,-95.2010447
Seth DeVary,OL,"Hodgenville, Ky.",football,2018,37.5737487,-85.740353
Stew Newblatt,OL,"Clarkston, Mich.",football,2018,42.735863,-83.4188304
Tanner Thomas,RB,"Knoxville, Tenn.",football,2018,35.9603948,-83.9210261
Taylor Weldon,DL,"Americus, Ga.",football,2018,32.0723862,-84.2326876
Trajen Johnson,WR,"Little Rock, Ark.",football,2018,34.7465071,-92.2896267
Tre Gabriel,WR,"West Palm Beach, Fla.",football,2018,26.715364,-80.0532942
Ty Lenhart,QB,"Gambrills, Md.",football,2018,39.0963486,-76.6549097
Tyler Schonewolf,OL,"South Williamsport, Pa.",football,2018,41.2320232,-76.9991341
Tyler Worrell,OL,"Katy, Texas",football,2018,29.7857853,-95.8243956
Van Neils,RB,"North Mankato, Minn.",football,2018,44.1732916,-94.0338055
Watson Tansil,LB,"Brentwood, Tenn.",football,2018,36.0325687,-86.7825235
Will Allen,DB,"Pembroke Pines, Fla.",football,2018,26.0061943,-80.2872086
Xavier Thibault,DL,"Quebec City, Quebec, Canada",football,2018,46.8137431,-71.2084061
Zach Minch,OL,"Manchester, N.H.",football,2018,42.9956397,-71.4547891
Alex Felkins,PK,"Tulsa, Okla.",football,2019,36.1563122,-95.9927516
Alex Robin,DL,"Vestavia Hills, Ala.",football,2019,33.4487989,-86.7879492
Alex Thompson,WR,"Honolulu, Hawaii",football,2019,21.304547,-157.855676
Alexander Filacouris,RB,"Dix Hills, N.Y.",football,2019,40.802847,-73.3371556
Andrew Donovan,P,"Darien, Conn.",football,2019,41.0787079,-73.4692873
Andrew Nichols,DL,"Peoria, Ariz.",football,2019,33.5806115,-112.237294
Andrew Pruske,OL,"San Antonio, Texas",football,2019,29.4246002,-98.4951405
Arman Samouk,DL,"Akron, Ohio",football,2019,41.083064,-81.518485
Ben Hill,TE,"Memphis, Tenn.",football,2019,35.146026,-90.0517786
Ben Mathiasmeier,DB,"Katy, Texas",football,2019,29.7857853,-95.8243956
Benjamin McKeighan,DB,"Scottsdale, Ariz.",football,2019,33.4942189,-111.926018
Blake Wooden,DB,"Pembroke Pines, Fla.",football,2019,26.0061943,-80.2872086
Brandon Radice,TE,"Basking Ridge, N.J.",football,2019,40.7064088,-74.5492725
Broderick Taylor,RB,"Holly Springs, N.C.",football,2019,35.6512655,-78.8336218
Bryan Bell-Anderson,DB,"Sarasota, Fla.",football,2019,27.3365805,-82.5308545
Caden Bell,QB,"Placentia, Calif.",football,2019,33.8714814,-117.8617337
Cam Coleman,DL,"Atlanta, Ga.",football,2019,33.7544657,-84.3898151
Cam Dillon,LB,"Findlay, Ohio",football,2019,41.0413873,-83.6503982
Cameren Carter,LB/DL,"Duluth, Ga.",football,2019,34.0028569,-84.1441046
Cameron Brown,LB,"Castro Valley, Calif.",football,2019,37.713606,-122.0715658
Cameron Burt,WR,"Overland Park, Kansas",football,2019,38.9742502,-94.6851702
Carson Griffis,QB,"Homewood, Ala.",football,2019,33.4737098,-86.8084509
Carson Powell,LB,"Jupiter, Fla.",football,2019,26.9342246,-80.0942087
Casey Mariucci,TE,"La Jolla, Calif.",football,2019,32.8458529,-117.2575702
Chris Park,DB,"Belmont, Calif.",football,2019,37.5164926,-122.2941914
Christian Boujaoude,WR,"Eatontown, N.J.",football,2019,40.2962222,-74.0509725
Christian Everett,WR,"Chicago, Ill.",football,2019,41.8755616,-87.6244212
Cole Matthiesen,TE,"Bethesda, Md.",football,2019,38.9812726,-77.1233587
Conner Collins,OL,"Charlotte, N.C.",football,2019,35.2272086,-80.8430827
Cooper Wilson,DL,"Merritt Island, Fla.",football,2019,28.2662775,-80.6636984
Daniel DeLorenzi,DL,"Cedar Grove, N.J.",football,2019,40.8517662,-74.229035
Dante Landolfi,LB,"Columbus, Ohio",football,2019,39.9622601,-83.0007065
Dante Miller,RB,"Rockingham, N.C.",football,2019,36.3926798,-79.744144
Darion Acohido,WR,"Henderson, Nevada",football,2019,36.0301388,-114.9815488
David Sawyer,OL,"Greenville, N.C.",football,2019,35.613224,-77.3724593
Derric Lee,DB,"Naperville, Ill.",football,2019,41.7728699,-88.1479278
Devin Hart,LB,"Powder Springs, Ga.",football,2019,33.8595492,-84.683824
Dillon Davis,QB,"Aledo, Texas",football,2019,32.6979939,-97.6039938
Dom Dodson,DB,"McMurray, Pa.",football,2019,40.2791485,-80.088632
Drake Morey,DL,"Ashland, Oregon",football,2019,42.1972487,-122.7153995
Drew Davis,DL,"Upper Arlington, Ohio",football,2019,40.0073887,-83.0581647
Drew Schmid,P,"San Diego, Calif.",football,2019,32.7157062,-117.1638284
Drew Schoeberl,OL,"Columbus, Ind.",football,2019,39.2014405,-85.9213796
Emerson Kabus,WR,"St. Augustine, Fla.",football,2019,29.8946952,-81.3145395
Ernest Robertson,WR,"Bronx, N.Y.",football,2019,40.8466508,-73.8785937
Evan Loesel,DL,"Boca Raton, Fla.",football,2019,26.3586885,-80.0830984
Fara'ad McCombs,DB,"Passaic, N.J.",football,2019,41.0461864,-74.3177933
Graham Flinn,DB,"Richmond, Va.",football,2019,37.5385087,-77.43428
Hank White,OL,"Lawrenceville, Ga.",football,2019,33.9566391,-83.9890066
Hugh McLean,DL,"Burke, Va.",football,2019,38.7812445,-77.2688875
Hunter Lunsford,DB,"Elk Grove, Calif.",football,2019,38.4087993,-121.3716178
Inho Choi,DB,"Windsor, Ontario, Canada",football,2019,42.2858536,-82.9780695
Isaac Werkman,OL,"Spokane, Wash.",football,2019,47.6571934,-117.42351
JJ Jenkins,WR,"San Clemente, Calif.",football,2019,33.4270275,-117.6124179
Jack Ertz,WR,"Grapevine, Texas",football,2019,32.9337381,-97.0788754
Jackson Heath,TE,"Overland Park, Kansas",football,2019,38.9742502,-94.6851702
Jake Motz,OL,"Hendersonville, Tenn.",football,2019,36.3049177,-86.621443
Jalen Allen,RB,"Farmington Hills, Mich.",football,2019,42.4853125,-83.3771553
Jalen Williams,LB,"Birmingham, Ala.",football,2019,33.5206824,-86.8024326
Jayden Rolle,WR,"Naples, Fla.",football,2019,26.1421976,-81.7942944
John Alyn,DL,"Miami, Fla.",football,2019,25.7741566,-80.1935973
John Fischer,OL,"Springfield, Ill.",football,2019,39.7990175,-89.6439575
John Foreback,QB,"Morristown, Tenn.",football,2019,36.2139814,-83.2948923
John Harris,LB,"Santa Barbara, Calif.",football,2019,34.4221319,-119.702667
Jon Rowe,OL,"Charlotte, N.C.",football,2019,35.2272086,-80.8430827
Jordan Colbert,DB,"Washington, D.C.",football,2019,38.8950982,-77.0363849
Joseph Scowden,OL,"Nashville, Tenn.",football,2019,36.1622767,-86.7742984
Josh Bean,QB,"Hinsdale, Ill.",football,2019,41.8024604,-87.9299841
Josh Kaminski,OL,"Whippany, N.J.",football,2019,40.823275,-74.4138394
Josh Wainwright,WR(C),"Austin, Texas",football,2019,30.2711286,-97.7436995
Joshua Smythe-Macaulay,LB,"Austin, Texas",football,2019,30.2711286,-97.7436995
Justin Woodley,LB,"Chula Vista, Calif.",football,2019,32.6400541,-117.084195
Kaleb Pitts,WR,"Chandler, Ariz.",football,2019,33.3062031,-111.841185
Kevonte Polk,DB,"Buford, Ga.",football,2019,34.1206564,-84.0043513
Kyle Baskin,TE,"Quakertown, Pa.",football,2019,40.4417682,-75.3415667
Lamine Nouck-A-Nwal,OL,"Doylestown, Pa.",football,2019,40.3100446,-75.1304588
Luke Adams,LB,"Pontiac, Mich.",football,2019,42.6389216,-83.2910468
Luke Painton,TE,"Reading, Pa.",football,2019,40.335345,-75.9279495
Lynnard Rose,RB,"Houston, Texas",football,2019,29.7589382,-95.3676974
Marquavious Moore,RB,"Memphis, Tenn.",football,2019,35.146026,-90.0517786
Marquis Hubbard,LB,"Houston, Texas",football,2019,29.7589382,-95.3676974
Matt Dame,QB,"Jupiter, Fla.",football,2019,26.9342246,-80.0942087
Matt Klenk,OL,"Pittsford, N.Y.",football,2019,43.090959,-77.515298
Max Mullaney,DL,"Colts Neck, N.J.",football,2019,40.2876108,-74.1723652
McLeod Buckham-White,DB,"Atlanta, Ga.",football,2019,33.7544657,-84.3898151
Michael Murphy,LB(C),"Tampa, Fla.",football,2019,27.9449854,-82.4583107
Mike Fluegel,DB,"Clarkston, Mich.",football,2019,42.735863,-83.4188304
Mike Roussos,WR,"New Port Richey, Fla.",football,2019,28.2441768,-82.7192671
Mitch Moyer,DL,"Wilmington, Del.",football,2019,39.7459468,-75.546589
Mitchell Shinskie,DL,"Stafford County, Va.",football,2019,38.4167265,-77.4579783
Mitchell Sturgill,DB,"Bellevue, Wash.",football,2019,47.6144219,-122.192337
Mozes Mooney,WR,"La Jolla, Calif.",football,2019,32.8458529,-117.2575702
Myles Davis,WR,"Chicago, Ill.",football,2019,41.8755616,-87.6244212
Ogonna Oraedu,DL,"Germantown, Tenn.",football,2019,35.0867577,-89.8100858
Oren Milstein,PK,"Boca Raton, Fla.",football,2019,26.3586885,-80.0830984
Parker Coogan,OL,"Kingwood, Texas",football,2019,30.0497077,-95.1846301
Parker Lefton,LS,"Duluth, Ga.",football,2019,34.0028569,-84.1441046
Paul Akere,DL,"Carrollton, Texas",football,2019,32.9515472,-96.9034244
Peter Wise,OL,"Greenwich, Conn.",football,2019,41.0264862,-73.6284598
Railan Peace,DB,"Tucson, Ariz.",football,2019,32.2228765,-110.974847
Ronald Smith,WR,"St. Louis, Mo.",football,2019,38.6254063,-90.190009
Rory Schlageter,TE,"Maplewood, N.J.",football,2019,40.7312123,-74.2734808
Ryan Hamilton,LB,"Dublin, Ohio",football,2019,40.0996009,-83.1135563
Ryan Rhoden,DB,"Broward County, Fla.",football,2019,26.1598074,-80.4623642
Ryan Young,RB,"Wheaton, Ill.",football,2019,41.8646959,-88.1101709
Sam Antona,DB,"Roswell, Ga.",football,2019,34.02332,-84.360022
Sam Hill,DL,"Chittenango, N.Y.",football,2019,43.0458574,-75.8692429
Scott Valentas,LB,"Wichita, Kansas",football,2019,37.6922361,-97.3375448
Seth DeVary,OL,"Hodgenville, Ky.",football,2019,37.5737487,-85.740353
Stew Newblatt,OL,"Clarkston, Mich.",football,2019,42.735863,-83.4188304
TJ McGarry,LB,"Fort Wayne, Ind.",football,2019,41.0799898,-85.1386015
Tanner Thomas,RB,"Knoxville, Tenn.",football,2019,35.9603948,-83.9210261
Taylor Weldon,DL,"Americus, Ga.",football,2019,32.0723862,-84.2326876
Thomas Thibault,DL,"Quebec City, Quebec, Canada",football,2019,46.8137431,-71.2084061
Ty Lenhart,QB,"Gambrills, Md.",football,2019,39.0963486,-76.6549097
Tyler Worrell,OL,"Katy, Texas",football,2019,29.7857853,-95.8243956
Van Neils,RB,"North Mankato, Minn.",football,2019,44.1732916,-94.0338055
Watson Tansil,LB,"Brentwood, Tenn.",football,2019,36.0325687,-86.7825235
Will Allen,DB,"Pembroke Pines, Fla.",football,2019,26.0061943,-80.2872086
Will Hamilton,OL,"Suwanee, Ga.",football,2019,34.0514898,-84.0712997
Xavier Thibault,DL,"Quebec City, Quebec, Canada",football,2019,46.8137431,-71.2084061
Zach Minch,OL,"Manchester, N.H.",football,2019,42.9956397,-71.4547891
Alex Felkins,PK,"Tulsa, Okla.",football,2020,36.1563122,-95.9927516
Alex Thompson,WR,"Honolulu, Hawaii",football,2020,21.304547,-157.855676
Alexander Filacouris,RB,"Dix Hills, N.Y.",football,2020,40.802847,-73.3371556
Andrew Donovan,P,"Darien, Conn.",football,2020,41.0787079,-73.4692873
Andrew Pruske,OL,"San Antonio, Texas",football,2020,29.4246002,-98.4951405
Anthony Roussos,LB,"New Port Richey, Fla.",football,2020,28.2441768,-82.7192671
Ben Corniello,DL,"Madison, Conn.",football,2020,41.2794282,-72.5983151
Ben Mathiasmeier,DB,"Katy, Texas",football,2020,29.7857853,-95.8243956
Blake Wooden,DB,"Pembroke Pines, Fla.",football,2020,26.0061943,-80.2872086
Braeden Bellmer,OL,"Puyallup, Wash.",football,2020,47.1849009,-122.29214
Brandon Radice,TE,"Basking Ridge, N.J.",football,2020,40.7064088,-74.5492725
Broderick Taylor,RB,"Holly Springs, N.C.",football,2020,35.6512655,-78.8336218
Bryan Bell-Anderson,DB,"Sarasota, Fla.",football,2020,27.3365805,-82.5308545
CJ Brown,LB,"Houston, Texas",football,2020,29.7589382,-95.3676974
Caden Bell,QB,"Placentia, Calif.",football,2020,33.8714814,-117.8617337
Cam Coleman,DL,"Atlanta, Ga.",football,2020,33.7544657,-84.3898151
Cam Dillon,LB,"Findlay, Ohio",football,2020,41.0413873,-83.6503982
Cameren Carter,DL,"Duluth, Ga.",football,2020,34.0028569,-84.1441046
Cameron Brown,LB,"Castro Valley, Calif.",football,2020,37.713606,-122.0715658
Cameron Burt,WR,"Overland Park, Kansas",football,2020,38.9742502,-94.6851702
Carson Powell,LB,"Jupiter, Fla.",football,2020,26.9342246,-80.0942087
Carter McFadden,DB,"Montgomery, N.J.",football,2020,39.4607526,-74.6576009
Casey Mariucci,TE,"La Jolla, Calif.",football,2020,32.8458529,-117.2575702
Chris Park,DB,"Belmont, Calif.",football,2020,37.5164926,-122.2941914
Cole Matthiesen,TE,"Bethesda, Md.",football,2020,38.9812726,-77.1233587
Conner Collins,OL,"Charlotte, N.C.",football,2020,35.2272086,-80.8430827
Cooper Wilson,DL,"Merritt Island, Fla.",football,2020,28.2662775,-80.6636984
Dante Landolfi,LB,"Columbus, Ohio",football,2020,39.9622601,-83.0007065
Dante Miller,RB,"Rockingham, N.C.",football,2020,36.3926798,-79.744144
Darion Acohido,WR,"Henderson, Nevada",football,2020,36.0301388,-114.9815488
David Bartholomew,DL,"Fredonia, N.Y.",football,2020,42.4400476,-79.3314725
David Sawyer,OL,"Greenville, N.C.",football,2020,35.613224,-77.3724593
Derric Lee,DB,"Naperville, Ill.",football,2020,41.7728699,-88.1479278
Devin Hart,LB,"Powder Springs, Ga.",football,2020,33.8595492,-84.683824
Dillon Davis,QB,"Aledo, Texas",football,2020,32.6979939,-97.6039938
Dom Dodson,DB,"McMurray, Pa.",football,2020,40.2791485,-80.088632
Dominic Busby,TE,"Bloomfield, N.J.",football,2020,40.7934789,-74.1979277
Drake Morey,DL,"Ashland, Oregon",football,2020,42.1972487,-122.7153995
Drew Davis,DL,"Upper Arlington, Ohio",football,2020,40.0073887,-83.0581647
Emerson Kabus,WR,"St. Augustine, Fla.",football,2020,29.8946952,-81.3145395
Evan Loesel,DL,"Boca Raton, Fla.",football,2020,26.3586885,-80.0830984
Fara'ad McCombs,DB,"Passaic, N.J.",football,2020,41.0461864,-74.3177933
Gabriel Hollingsworth,QB,"Pfafftown, N.C.",football,2020,36.1526379,-80.3622753
Graham Flinn,DB,"Richmond, Va.",football,2020,37.5385087,-77.43428
Hank White,OL,"Lawrenceville, Ga.",football,2020,33.9566391,-83.9890066
Hugh McLean,DL,"Burke, Va.",football,2020,38.7812445,-77.2688875
Inho Choi,DB,"Windsor, Ontario, Canada",football,2020,42.2858536,-82.9780695
Isaac Silva,WR,"Honolulu, Hawaii",football,2020,21.304547,-157.855676
Isaac Werkman,OL,"Spokane, Wash.",football,2020,47.6571934,-117.42351
JJ Jenkins,WR,"San Clemente, Calif.",football,2020,33.4270275,-117.6124179
Jack Ertz,WR,"Grapevine, Texas",football,2020,32.9337381,-97.0788754
Jackson Coker,WR,"Austin, Texas",football,2020,30.2711286,-97.7436995
Jake Motz,OL,"Hendersonville, Tenn.",football,2020,36.3049177,-86.621443
Jalen Allen,RB,"Farmington Hills, Mich.",football,2020,42.4853125,-83.3771553
James Knox,DL,"Sandy Hook, Conn.",football,2020,41.4201499,-73.2817075
James Miller,TE,"Ridgewood, N.J.",football,2020,40.9796683,-74.1194403
Jarom Miller,RB,"Roosevelt, Utah",football,2020,40.299403,-109.9887605
Jayden Rolle,WR,"Naples, Fla.",football,2020,26.1421976,-81.7942944
Joe Green,QB,"Sammamish, Wash.",football,2020,47.6017554,-122.0416844
Joey Giorgi,RB,"Grafton, Wis.",football,2020,43.3195224,-87.9517842
John Alyn,DL,"Miami, Fla.",football,2020,25.7741566,-80.1935973
John Foreback,QB,"Morristown, Tenn.",football,2020,36.2139814,-83.2948923
John Harris,LB,"Santa Barbara, Calif.",football,2020,34.4221319,-119.702667
Jon Rowe,OL,"Charlotte, N.C.",football,2020,35.2272086,-80.8430827
Jordan Colbert,DB,"Washington, D.C.",football,2020,38.8950982,-77.0363849
Joseph Scowden,OL,"Nashville, Tenn.",football,2020,36.1622767,-86.7742984
Josh Bean,QB,"Hinsdale, Ill.",football,2020,41.8024604,-87.9299841
Josh Wainwright,WR,"Austin, Texas",football,2020,30.2711286,-97.7436995
Justin Woodley,LB,"Chula Vista, Calif.",football,2020,32.6400541,-117.084195
Kevonte Polk,DB,"Buford, Ga.",football,2020,34.1206564,-84.0043513
Kristopher Jenner,QB,"Annapolis, Md.",football,2020,38.9786401,-76.492786
Luke Adams,LB,"Pontiac, Mich.",football,2020,42.6389216,-83.2910468
Luke Painton,TE,"Reading, Pa.",football,2020,40.335345,-75.9279495
Mahari Miller,DB,"Springfield, Mass.",football,2020,42.1018764,-72.5886727
Marcus Libman,WR,"Scottsdale, Ariz.",football,2020,33.4942189,-111.926018
Marquavious Moore,RB,"Memphis, Tenn.",football,2020,35.146026,-90.0517786
Marquis Hubbard,LB,"Houston, Texas",football,2020,29.7589382,-95.3676974
Mason Tomlin,WR,"Pittsburgh, Pa.",football,2020,40.4406968,-80.0025666
McLeod Buckham-White,DB,"Atlanta, Ga.",football,2020,33.7544657,-84.3898151
Mike Roussos,WR,"New Port Richey, Fla.",football,2020,28.2441768,-82.7192671
Mitch Moyer,DL,"Wilmington, Del.",football,2020,39.7459468,-75.546589
Mitchell Shinskie,DL,"Stafford County, Va.",football,2020,38.4167265,-77.4579783
Mitchell Sturgill,DB,"Bellevue, Wash.",football,2020,47.6144219,-122.192337
Myles Davis,WR,"Chicago, Ill.",football,2020,41.8755616,-87.6244212
Nico Valencia,WR,"Los Fresnos, Texas",football,2020,26.0714502,-97.4770792
Noah Layton,OL,"Plymouth, Minn.",football,2020,45.0065149,-93.46651
Noah Mallard,OL,"Cumming, Ga.",football,2020,34.2073196,-84.1401926
Ogonna Oraedu,DL,"Germantown, Tenn.",football,2020,35.0867577,-89.8100858
Paul Akere,DL,"Carrollton, Texas",football,2020,32.9515472,-96.9034244
Peter Wise,OL,"Greenwich, Conn.",football,2020,41.0264862,-73.6284598
Quentin Autry,DL,"Millstone, N.J.",football,2020,40.4992707,-74.5887679
Reid Spachman,DL,"Overland Park, Kansas",football,2020,38.9742502,-94.6851702
Ryan Hamilton,LB,"Dublin, Ohio",football,2020,40.0996009,-83.1135563
Ryan Rhoden,DB,"Broward County, Fla.",football,2020,26.1598074,-80.4623642
Ryan Young,RB,"Wheaton, Ill.",football,2020,41.8646959,-88.1101709
Sam Antona,DB,"Roswell, Ga.",football,2020,34.02332,-84.360022
Savon Rawlins,DL,"Brooklyn, N.Y.",football,2020,40.6526006,-73.9497211
Scott Rosati,LB,"Grosse Pointe, Mich.",football,2020,42.3861485,-82.9118591
Scott Valentas,LB,"Wichita, Kansas",football,2020,37.6922361,-97.3375448
Seth DeVary,OL,"Hodgenville, Ky.",football,2020,37.5737487,-85.740353
Seth Parker,DB,"Hoover, Ala.",football,2020,33.350293,-86.851123
TJ McGarry,LB,"Fort Wayne, Ind.",football,2020,41.0799898,-85.1386015
Taylor Johnson,DL,"Eugene, Oregon",football,2020,44.0505054,-123.0950506
Thomas Thibault,DL,"Quebec City, Quebec, Canada",football,2020,46.8137431,-71.2084061
Ty Lenhart,QB,"Gambrills, Md.",football,2020,39.0963486,-76.6549097
Ty'son Edwards,RB,"Flower Mound, Texas",football,2020,33.0283854,-97.0867203
Tyler Worrell,OL,"Katy, Texas",football,2020,29.7857853,-95.8243956
Watson Tansil,LB,"Brentwood, Tenn.",football,2020,36.0325687,-86.7825235
Will Hamilton,OL,"Suwanee, Ga.",football,2020,34.0514898,-84.0712997
William Hughes,PK/P,"Fairfax, Va.",football,2020,38.8462236,-77.3063733
Wills Meyer,WR,"Southlake, Texas",football,2020,32.9412363,-97.1341783
Xavier Thibault,DL,"Quebec City, Quebec, Canada",football,2020,46.8137431,-71.2084061
Zach Mills,OL,"Jacksonville, Fla.",football,2020,30.3262247,-81.6579179
Zach Minch,OL,"Manchester, N.H.",football,2020,42.9956397,-71.4547891
Aaron Brebnor,DB,"Suwanee, Ga.",football,2021,34.0514898,-84.0712997
Alex Felkins,PK,"Tulsa, Okla.",football,2021,36.1563122,-95.9927516
Alex Thompson,WR,"Honolulu, Hawaii",football,2021,21.304547,-157.855676
Andrew Donovan,P,"Darien, Conn.",football,2021,41.0787079,-73.4692873
Andrew Pruske,OL,"San Antonio, Texas",football,2021,29.4246002,-98.4951405
Anthony Roussos,LB,"New Port Richey, Fla.",football,2021,28.2441768,-82.7192671
Augustus Rice,OL,"Waller, Texas",football,2021,29.9443902,-95.9955885
Austin Grier,QB,"Charlotte, N.C.",football,2021,35.2272086,-80.8430827
Ben Corniello,DL,"Madison, Conn.",football,2021,41.2794282,-72.5983151
Ben Mathiasmeier,DB(C),"Katy, Texas",football,2021,29.7857853,-95.8243956
Braeden Bellmer,OL,"Puyallup, Wash.",football,2021,47.1849009,-122.29214
Brandon Radice,TE,"Basking Ridge, N.J.",football,2021,40.7064088,-74.5492725
Brendan Jones,DL,"Austin, Texas",football,2021,30.2711286,-97.7436995
Broderick Taylor,RB,"Holly Springs, N.C.",football,2021,35.6512655,-78.8336218
Bryan Bell-Anderson,DB,"Sarasota, Fla.",football,2021,27.3365805,-82.5308545
Bryson Canty,WR,"Pfafftown, N.C.",football,2021,36.1526379,-80.3622753
CJ Brown,LB,"Houston, Texas",football,2021,29.7589382,-95.3676974
Caden Bell,QB,"Placentia, Calif.",football,2021,33.8714814,-117.8617337
Cam Coleman,DL,"Atlanta, Ga.",football,2021,33.7544657,-84.3898151
Cam Dillon,LB,"Findlay, Ohio",football,2021,41.0413873,-83.6503982
Cameren Carter,DL,"Duluth, Ga.",football,2021,34.0028569,-84.1441046
Cameron Brown,LB,"Castro Valley, Calif.",football,2021,37.713606,-122.0715658
Cameron Burt,WR,"Overland Park, Kansas",football,2021,38.9742502,-94.6851702
Carter McFadden,DB,"Montgomery, N.J.",football,2021,39.4607526,-74.6576009
Casey Mariucci,TE,"La Jolla, Calif.",football,2021,32.8458529,-117.2575702
Charlie Sessa,TE,"Hinsdale, Ill.",football,2021,41.8024604,-87.9299841
Chase Harleston,WR,"Los Angeles, Calif.",football,2021,34.0536909,-118.242766
Chris Park,DB,"Belmont, Calif.",football,2021,37.5164926,-122.2941914
Cole Matthiesen,TE,"Bethesda, Md.",football,2021,38.9812726,-77.1233587
Conner Collins,OL,"Charlotte, N.C.",football,2021,35.2272086,-80.8430827
Dante Landolfi,LB,"Columbus, Ohio",football,2021,39.9622601,-83.0007065
Dante Miller,RB,"Rockingham, N.C.",football,2021,36.3926798,-79.744144
David Bartholomew,DL,"Fredonia, N.Y.",football,2021,42.4400476,-79.3314725
David Sawyer,OL,"Greenville, N.C.",football,2021,35.613224,-77.3724593
Derric Lee,DB,"Naperville, Ill.",football,2021,41.7728699,-88.1479278
Devin Hart,LB,"Powder Springs, Ga.",football,2021,33.8595492,-84.683824
Dom Dodson,DB,"McMurray, Pa.",football,2021,40.2791485,-80.088632
Dominic Busby,TE,"Bloomfield, N.J.",football,2021,40.7934789,-74.1979277
Drake Morey,DL,"Ashland, Oregon",football,2021,42.1972487,-122.7153995
Drew Davis,DL,"Upper Arlington, Ohio",football,2021,40.0073887,-83.0581647
Drew Schmid,P,"San Diego, Calif.",football,2021,32.7157062,-117.1638284
EJ Kreutzmann,LB,"San Diego, Calif.",football,2021,32.7157062,-117.1638284
Emerson Kabus,WR,"St. Augustine, Fla.",football,2021,29.8946952,-81.3145395
Ernest Robertson,WR,"Bronx, N.Y.",football,2021,40.8466508,-73.8785937
Evan Loesel,DL,"Boca Raton, Fla.",football,2021,26.3586885,-80.0830984
Fara'ad McCombs,DB,"Passaic, N.J.",football,2021,41.0461864,-74.3177933
Gabriel Hollingsworth,QB,"Pfafftown, N.C.",football,2021,36.1526379,-80.3622753
Graham Flinn,DB,"Richmond, Va.",football,2021,37.5385087,-77.43428
Greer Rush,OL,"Frisco, Texas",football,2021,33.1505998,-96.8238183
Hayden McDonald,DB,"Seattle, Wash.",football,2021,47.6038321,-122.330062
Hugh McLean,DL,"Burke, Va.",football,2021,38.7812445,-77.2688875
Inho Choi,DB,"Windsor, Ontario, Canada",football,2021,42.2858536,-82.9780695
Isaac Silva,WR,"Honolulu, Hawaii",football,2021,21.304547,-157.855676
JJ Jenkins,WR,"San Clemente, Calif.",football,2021,33.4270275,-117.6124179
Jack Ertz,WR,"Grapevine, Texas",football,2021,32.9337381,-97.0788754
Jack Larsen,TE,"West Orange, N.J.",football,2021,40.7987113,-74.2390353
Jackson Heath,TE,"Overland Park, Kansas",football,2021,38.9742502,-94.6851702
Jake Langdon,RB,"Indianapolis, Ind.",football,2021,39.7683331,-86.1583502
Jalen Smith,DB,"Owings Mills, Md.",football,2021,39.4041967,-76.7956745
James Knox,DL,"Sandy Hook, Conn.",football,2021,41.4201499,-73.2817075
James Miller,TE,"Ridgewood, N.J.",football,2021,40.9796683,-74.1194403
Jayden Rolle,WR,"Naples, Fla.",football,2021,26.1421976,-81.7942944
Joe Green,QB,"Sammamish, Wash.",football,2021,47.6017554,-122.0416844
Joey Giorgi,RB,"Grafton, Wis.",football,2021,43.3195224,-87.9517842
John Foreback,QB,"Morristown, Tenn.",football,2021,36.2139814,-83.2948923
John Harris,LB,"Santa Barbara, Calif.",football,2021,34.4221319,-119.702667
John Iannuzzi,OL,"Belmont, Mass.",football,2021,42.3959296,-71.1786655
John Martin,OL,"New Orleans, La.",football,2021,29.9574657,-90.0629493
Jordan Colbert,DB,"Washington, D.C.",football,2021,38.8950982,-77.0363849
Joshua Smythe-Macaulay,LB,"Austin, Texas",football,2021,30.2711286,-97.7436995
Judge Niland,OL,"El Paso, Texas",football,2021,31.7601001,-106.4870476
Justin Townsend,DL,"Randolph, N.J.",football,2021,40.844265,-74.5857218
Justin Woodley,LB(C),"Chula Vista, Calif.",football,2021,32.6400541,-117.084195
Kevonte Polk,DB,"Buford, Ga.",football,2021,34.1206564,-84.0043513
Kristopher Jenner,QB,"Annapolis, Md.",football,2021,38.9786401,-76.492786
Lucas Mireur,DB,"Austin, Texas",football,2021,30.2711286,-97.7436995
Luke Painton,TE,"Reading, Pa.",football,2021,40.335345,-75.9279495
Mahari Miller,DB,"Springfield, Mass.",football,2021,42.1018764,-72.5886727
Marcus Libman,WR,"Scottsdale, Ariz.",football,2021,33.4942189,-111.926018
Marquis Hubbard,LB,"Houston, Texas",football,2021,29.7589382,-95.3676974
Mason Tomlin,DB,"Pittsburgh, Pa.",football,2021,40.4406968,-80.0025666
Matt Klenk,OL,"Pittsford, N.Y.",football,2021,43.090959,-77.515298
Matthew Werd,PK/P,"Lakeland, Fla.",football,2021,28.0394654,-81.9498042
Mike Fluegel,DB,"Clarkston, Mich.",football,2021,42.735863,-83.4188304
Mike Roussos,WR,"New Port Richey, Fla.",football,2021,28.2441768,-82.7192671
Mitch Moyer,DL,"Wilmington, Del.",football,2021,39.7459468,-75.546589
Mitchell Shinskie,DL,"Stafford County, Va.",football,2021,38.4167265,-77.4579783
Mitchell Sturgill,DB,"Bellevue, Wash.",football,2021,47.6144219,-122.192337
Nico Valencia,WR,"Los Fresnos, Texas",football,2021,26.0714502,-97.4770792
Nicolas Nesbitt,RB,"Chandler, Ariz.",football,2021,33.3062031,-111.841185
Noah Layton,OL,"Plymouth, Minn.",football,2021,45.0065149,-93.46651
Noah Mallard,OL,"Cumming, Ga.",football,2021,34.2073196,-84.1401926
Parker Lefton,LS,"Duluth, Ga.",football,2021,34.0028569,-84.1441046
Pat Colicchio,OL,"Bernardsville, N.J.",football,2021,40.7186805,-74.5692273
Pat Wade,TE,"Needham, Mass.",football,2021,42.2802645,-71.2360624
Patrick Passalacqua,OL,"Old Tappan, N.J.",football,2021,41.0106971,-73.9911073
Paul Akere,DL,"Carrollton, Texas",football,2021,32.9515472,-96.9034244
Quentin Autry,DL,"Millstone, N.J.",football,2021,40.4992707,-74.5887679
Railan Peace,DB,"Tucson, Ariz.",football,2021,32.2228765,-110.974847
Raleigh Erwin,DL,"Austin, Texas",football,2021,30.2711286,-97.7436995
Reid Englert,DL,"Ridgefield, Conn.",football,2021,41.2814842,-73.4981792
Reid Spachman,DL,"Overland Park, Kansas",football,2021,38.9742502,-94.6851702
Rocco Milia,LB,"Bloomfield, Mich.",football,2021,42.5378124,-83.2329863
Ryan Hamilton,LB,"Dublin, Ohio",football,2021,40.0996009,-83.1135563
Ryan Rhoden,DB,"Broward County, Fla.",football,2021,26.1598074,-80.4623642
Ryan Young,RB,"Wheaton, Ill.",football,2021,41.8646959,-88.1101709
Savon Rawlins,DL,"Brooklyn, N.Y.",football,2021,40.6526006,-73.9497211
Scott Rosati,LB,"Grosse Pointe, Mich.",football,2021,42.3861485,-82.9118591
Scott Valentas,LB,"Wichita, Kansas",football,2021,37.6922361,-97.3375448
Seth Parker,DB,"Hoover, Ala.",football,2021,33.350293,-86.851123
Shawn Riley,LB,"Richmond, Va.",football,2021,37.5385087,-77.43428
Stew Newblatt,OL(C),"Clarkston, Mich.",football,2021,42.735863,-83.4188304
TJ McGarry,LB,"Fort Wayne, Ind.",football,2021,41.0799898,-85.1386015
Taylor Johnson,DL,"Eugene, Oregon",football,2021,44.0505054,-123.0950506
Terrell Long,WR,"Chatsworth, Calif.",football,2021,34.2572499,-118.6017022
Thomas Thibault,DL,"Quebec City, Quebec, Canada",football,2021,46.8137431,-71.2084061
Ty'son Edwards,RB,"Flower Mound, Texas",football,2021,33.0283854,-97.0867203
Tyler Worrell,OL,"Katy, Texas",football,2021,29.7857853,-95.8243956
Watson Tansil,LB,"Brentwood, Tenn.",football,2021,36.0325687,-86.7825235
Will Allen,DB,"Pembroke Pines, Fla.",football,2021,26.0061943,-80.2872086
Will Butz,LB,"Ashburn, Va.",football,2021,39.029784,-77.4744148
Will Hamilton,OL,"Suwanee, Ga.",football,2021,34.0514898,-84.0712997
William Hughes,PK/P,"Fairfax, Va.",football,2021,38.8462236,-77.3063733
Wills Meyer,WR,"Southlake, Texas",football,2021,32.9412363,-97.1341783
Xavier Thibault,DL,"Quebec City, Quebec, Canada",football,2021,46.8137431,-71.2084061
Zach Mills,OL,"Jacksonville, Fla.",football,2021,30.3262247,-81.6579179
Zach Minch,OL,"Manchester, N.H.",football,2021,42.9956397,-71.4547891
AJ Simpkins,QB,"Charlotte, N.C.",football,2022,35.2272086,-80.8430827
Aaron Brebnor,DB,"Suwanee, Ga.",football,2022,34.0514898,-84.0712997
Aaron Yoo,LS,"Suwanee, Ga.",football,2022,34.0514898,-84.0712997
Alex Felkins,PK,"Tulsa, Okla.",football,2022,36.1563122,-95.9927516
Andrew Donovan,P,"Darien, Conn.",football,2022,41.0787079,-73.4692873
Andrew Pruske,OL,"San Antonio, Texas",football,2022,29.4246002,-98.4951405
Anthony Roussos,LB,"New Port Richey, Fla.",football,2022,28.2441768,-82.7192671
Augustus Rice,OL,"Waller, Texas",football,2022,29.9443902,-95.9955885
Austin Grier,QB,"Charlotte, N.C.",football,2022,35.2272086,-80.8430827
Ayden Baker,DL,"Moundsville, W. Va.",football,2022,39.920425,-80.7432124
Ben Corniello,DL,"Madison, Conn.",football,2022,41.2794282,-72.5983151
Braeden Bellmer,OL,"Puyallup, Wash.",football,2022,47.1849009,-122.29214
Bryan Bell-Anderson,DB,"Sarasota, Fla.",football,2022,27.3365805,-82.5308545
Bryson Canty,WR,"Pfafftown, N.C.",football,2022,36.1526379,-80.3622753
CJ Brown,LB,"Houston, Texas",football,2022,29.7589382,-95.3676974
Caden Bell,QB,"Placentia, Calif.",football,2022,33.8714814,-117.8617337
Cameron Burt,WR,"Overland Park, Kansas",football,2022,38.9742502,-94.6851702
Carter McFadden,DB,"Montgomery, N.J.",football,2022,39.4607526,-74.6576009
Chase Harleston,WR,"Los Angeles, Calif.",football,2022,34.0536909,-118.242766
Cobe Crews,DB,"Oklahoma City, Okla.",football,2022,35.4729886,-97.5170536
Cole Matthiesen,TE,"Bethesda, Md.",football,2022,38.9812726,-77.1233587
Conner Collins,OL,"Charlotte, N.C.",football,2022,35.2272086,-80.8430827
David Bartholomew,DL,"Fredonia, N.Y.",football,2022,42.4400476,-79.3314725
David Garland,DL,"Springfield, Mo.",football,2022,37.2081729,-93.2922715
David Sawyer,OL,"Greenville, N.C.",football,2022,35.613224,-77.3724593
Dom Dodson,DB,"McMurray, Pa.",football,2022,40.2791485,-80.088632
Dominic Busby,TE,"Bloomfield, N.J.",football,2022,40.7934789,-74.1979277
Drew Davis,DL,"Upper Arlington, Ohio",football,2022,40.0073887,-83.0581647
Edan Stagg,WR,"Baton Rouge, La.",football,2022,30.4494155,-91.1869659
Elias Barrett,DL,"Wheatley Heights, N.Y.",football,2022,40.763049,-73.3720181
Ernest Robertson,WR,"Bronx, N.Y.",football,2022,40.8466508,-73.8785937
Ethan Hebb,DB,"Apex, N.C.",football,2022,35.7325352,-78.8505516
Ewan Clarke,OL,"Alexandria, Va.",football,2022,38.8051095,-77.0470229
Fara'ad McCombs,DB,"Passaic, N.J.",football,2022,41.0461864,-74.3177933
Greer Rush,OL,"Frisco, Texas",football,2022,33.1505998,-96.8238183
Hayden McDonald,DB,"Seattle, Wash.",football,2022,47.6038321,-122.330062
Hugh McLean,DL,"Burke, Va.",football,2022,38.7812445,-77.2688875
Isaac Silva,WR,"Honolulu, Hawaii",football,2022,21.304547,-157.855676
JJ Jenkins,WR,"San Clemente, Calif.",football,2022,33.4270275,-117.6124179
Jack Ertz,WR,"Grapevine, Texas",football,2022,32.9337381,-97.0788754
Jack Larsen,TE,"West Orange, N.J.",football,2022,40.7987113,-74.2390353
Jack Smiechowski,LB,"Upper Saddle River, N.J.",football,2022,41.0585352,-74.0984769
Jackson Heath,TE,"Overland Park, Kansas",football,2022,38.9742502,-94.6851702
Jackson Wallace,DB,"New Orleans, La.",football,2022,29.9574657,-90.0629493
Jake Langdon,RB,"Indianapolis, Ind.",football,2022,39.7683331,-86.1583502
Jalen Smith,DB,"Owings Mills, Md.",football,2022,39.4041967,-76.7956745
James Knox,DL,"Sandy Hook, Conn.",football,2022,41.4201499,-73.2817075
James Lill,OL,"Webster, N.Y.",football,2022,43.212285,-77.429994
James McCauley,QB,"Bronx, N.Y.",football,2022,40.8466508,-73.8785937
James Miller,TE,"Ridgewood, N.J.",football,2022,40.9796683,-74.1194403
Jayden Marshall,DB,"Sanford, N.C.",football,2022,35.4798757,-79.1802994
Jayden Rolle,WR,"Naples, Fla.",football,2022,26.1421976,-81.7942944
Joe Green,QB,"Sammamish, Wash.",football,2022,47.6017554,-122.0416844
Joey Giorgi,RB,"Grafton, Wis.",football,2022,43.3195224,-87.9517842
John Iannuzzi,OL,"Belmont, Mass.",football,2022,42.3959296,-71.1786655
John Martin,DL,"New Orleans, La.",football,2022,29.9574657,-90.0629493
Jordan Kelley,WR,"Refugio, Texas",football,2022,28.3171012,-97.2394101
Joshua Powell,DL,"Richmond, Va.",football,2022,37.5385087,-77.43428
Judge Niland,OL,"El Paso, Texas",football,2022,31.7601001,-106.4870476
Justin Townsend,DL,"Randolph, N.J.",football,2022,40.844265,-74.5857218
Kameryn Metcalf,DB,"Orlando, Fla.",football,2022,28.5421218,-81.379045
Kristopher Jenner,QB,"Annapolis, Md.",football,2022,38.9786401,-76.492786
Lucas Bullock,LB,"Overland Park, Kan.",football,2022,38.9742502,-94.6851702
Lucas Mireur,DB,"Austin, Texas",football,2022,30.2711286,-97.7436995
Luke Painton,TE,"Reading, Pa.",football,2022,40.335345,-75.9279495
Mahari Miller,DB,"Springfield, Mass.",football,2022,42.1018764,-72.5886727
Malcolm Terry II,RB,"Annapolis, Md.",football,2022,38.9786401,-76.492786
Marcus Libman,WR,"Scottsdale, Ariz.",football,2022,33.4942189,-111.926018
Mark Chapman,OL,"Guilford, Conn.",football,2022,41.2827593,-72.6816365
Mason Tomlin,DB,"Pittsburgh, Pa.",football,2022,40.4406968,-80.0025666
Matt Gallehdari,LB,"Princeton, N.J.",football,2022,40.3496953,-74.6597376
Matt Klenk,OL,"Pittsford, N.Y.",football,2022,43.090959,-77.515298
Matthew Werd,PK/P,"Lakeland, Fla.",football,2022,28.0394654,-81.9498042
Mike Fluegel,DB,"Clarkston, Mich.",football,2022,42.735863,-83.4188304
Mitch Moyer,DL,"Wilmington, Del.",football,2022,39.7459468,-75.546589
Nico Valencia,LB,"Los Fresnos, Texas",football,2022,26.0714502,-97.4770792
Nicolas Nesbitt,RB,"Chandler, Ariz.",football,2022,33.3062031,-111.841185
Noah Jordan,OL,"Leonardtown, Md.",football,2022,38.2912431,-76.6357946
Noah Layton,OL,"Plymouth, Minn.",football,2022,45.0065149,-93.46651
Owen Thomas,DL,"Centreville, Va.",football,2022,38.837613,-77.4347283
Parker Lefton,LS,"Duluth, Ga.",football,2022,34.0028569,-84.1441046
Pat Colicchio,OL,"Bernardsville, N.J.",football,2022,40.7186805,-74.5692273
Pat Gilchrist,DL,"Randolph, N.J.",football,2022,40.844265,-74.5857218
Patrick Passalacqua,DL,"Old Tappan, N.J.",football,2022,41.0106971,-73.9911073
Patrick Sodl,LB,"Manhattan Beach, Calif.",football,2022,33.8872777,-118.4104324
Quentin Autry,DL,"Millstone, N.J.",football,2022,40.4992707,-74.5887679
Railan Peace,DB,"Tucson, Ariz.",football,2022,32.2228765,-110.974847
Raleigh Erwin,DL,"Austin, Texas",football,2022,30.2711286,-97.7436995
Reid Englert,DL,"Ridgefield, Conn.",football,2022,41.2814842,-73.4981792
Reid Spachman,DL,"Overland Park, Kansas",football,2022,38.9742502,-94.6851702
Rocco Milia,LB,"Bloomfield, Mich.",football,2022,42.5378124,-83.2329863
Ryan Carr,OL,"Lansdale, Pa.",football,2022,40.2414952,-75.2837862
Ryan Hamilton,LB,"Dublin, Ohio",football,2022,40.0996009,-83.1135563
Ryan Young,RB,"Wheaton, Ill.",football,2022,41.8646959,-88.1101709
Savon Rawlins,DL,"Brooklyn, N.Y.",football,2022,40.6526006,-73.9497211
Scott Rosati,LB,"Grosse Pointe, Mich.",football,2022,42.3861485,-82.9118591
Scott Valentas,LB,"Wichita, Kansas",football,2022,37.6922361,-97.3375448
Seth Parker,DB,"Hoover, Ala.",football,2022,33.350293,-86.851123
Shawn Lin,DL,"Newport Beach, Calif.",football,2022,33.6170092,-117.9294401
Shawn Riley,LB,"Richmond, Va.",football,2022,37.5385087,-77.43428
Stew Newblatt,OL(C),"Clarkston, Mich.",football,2022,42.735863,-83.4188304
Stryker Leschber,TE,"Thorndale, Texas",football,2022,30.6139184,-97.2060895
TJ McGarry,LB,"Fort Wayne, Ind.",football,2022,41.0799898,-85.1386015
Taylor Johnson,DL,"Eugene, Oregon",football,2022,44.0505054,-123.0950506
Terrell Long,WR,"Chatsworth, Calif.",football,2022,34.2572499,-118.6017022
Thomas Thibault,DL,"Quebec City, Quebec, Canada",football,2022,46.8137431,-71.2084061
Ty'son Edwards,RB,"Flower Mound, Texas",football,2022,33.0283854,-97.0867203
Will Butz,LB,"Ashburn, Va.",football,2022,39.029784,-77.4744148
Will Hamilton,OL,"Suwanee, Ga.",football,2022,34.0514898,-84.0712997
William Hughes,PK/P,"Fairfax, Va.",football,2022,38.8462236,-77.3063733
Wills Meyer,WR,"Southlake, Texas",football,2022,32.9412363,-97.1341783
Xae Huerta,RB,"San Antonio, Texas",football,2022,29.4246002,-98.4951405
Zach Mills,OL,"Jacksonville, Fla.",football,2022,30.3262247,-81.6579179
Zach Minch,OL,"Manchester, N.H.",football,2022,42.9956397,-71.4547891
AJ George,LB,"Ottawa Hills, Ohio",football,2023,41.6642169,-83.6432694
AJ Simpkins,QB,"Charlotte, N.C.",football,2023,35.2272086,-80.8430827
Aaron Brebnor,DB,"Suwanee, Ga.",football,2023,34.0514898,-84.0712997
Aaron Yoo,LS,"Suwanee, Ga.",football,2023,34.0514898,-84.0712997
Ahmari Owens,OL,"Springfield, Mass.",football,2023,42.1018764,-72.5886727
Aidan Shinfeld,WR,"Studio City, Calif.",football,2023,34.1483989,-118.3961877
Andrew Donovan,P,"Darien, Conn.",football,2023,41.0787079,-73.4692873
Andrew Pruske,OL,"San Antonio, Texas",football,2023,29.4246002,-98.4951405
Anthony Roussos,LB,"New Port Richey, Fla.",football,2023,28.2441768,-82.7192671
Antonio White,LB,"Live Oak, Fla.",football,2023,30.2961892,-82.9842885
Austin Grier,QB,"Charlotte, N.C.",football,2023,35.2272086,-80.8430827
Ayden Baker,DL,"Moundsville, W. Va.",football,2023,39.920425,-80.7432124
Bailey Kornegay-Douhadji,DL,"Newnan, Ga.",football,2023,33.3806716,-84.7996573
Ben Corniello,DL,"Madison, Conn.",football,2023,41.2794282,-72.5983151
Braden Dougherty,TE,"Dublin, Ohio",football,2023,40.0996009,-83.1135563
Braeden Bellmer,OL,"Puyallup, Wash.",football,2023,47.1849009,-122.29214
Braylon Gardoni,WR,"Missouri City, Texas",football,2023,29.6185669,-95.5377215
Bryson Canty,WR,"Pfafftown, N.C.",football,2023,36.1526379,-80.3622753
CJ Brown,LB,"Houston, Texas",football,2023,29.7589382,-95.3676974
Caden Bell,QB,"Placentia, Calif.",football,2023,33.8714814,-117.8617337
Carter McFadden,DB,"Montgomery, N.J.",football,2023,39.4607526,-74.6576009
Charlie Newton,LB,"Chicago, Ill.",football,2023,41.8755616,-87.6244212
Chase Goodwin,QB,"Houston, Texas",football,2023,29.7589382,-95.3676974
Christian Carti,WR,"Franklin Lakes, N.J.",football,2023,41.0167639,-74.2057012
Cobe Crews,DB,"Oklahoma City, Okla.",football,2023,35.4729886,-97.5170536
Colin Cook,WR,"Nashville, Tenn.",football,2023,36.1622767,-86.7742984
David Bartholomew,DL,"Fredonia, N.Y.",football,2023,42.4400476,-79.3314725
David Garland,DL,"Springfield, Mo.",football,2023,37.2081729,-93.2922715
Devon Thompson,RB,"Agawam, Mass.",football,2023,42.0688621,-72.6151604
Dominic Busby,TE,"Bloomfield, N.J.",football,2023,40.7934789,-74.1979277
Drew Davis,DL,"Upper Arlington, Ohio",football,2023,40.0073887,-83.0581647
Edan Stagg,WR,"Baton Rouge, La.",football,2023,30.4494155,-91.1869659
Elias Barrett,DL,"Wheatley Heights, N.Y.",football,2023,40.763049,-73.3720181
Ethan Fullerton,DB,"Thousand Oaks, Calif.",football,2023,34.1705609,-118.8375937
Ethan Hebb,DB,"Apex, N.C.",football,2023,35.7325352,-78.8505516
Ewan Clarke,OL,"Alexandria, Va.",football,2023,38.8051095,-77.0470229
George Hawkins III,LB,"Jacksonville, Fla.",football,2023,30.3262247,-81.6579179
George Thanopoulos,LB,"Brooklyn, N.Y.",football,2023,40.6526006,-73.9497211
Griffin Johnson,RB,"Marysville, Ohio",football,2023,40.2364486,-83.3671432
Hayden McDonald,DB,"Seattle, Wash.",football,2023,47.6038321,-122.330062
Hugo Merry,PK,"Frederick, Md.",football,2023,39.415779,-77.4127562
Isaac Silva,WR,"Honolulu, Hawaii",football,2023,21.304547,-157.855676
JJ Jenkins,WR,"San Clemente, Calif.",football,2023,33.4270275,-117.6124179
JP Okeke,DL,"Fayetteville, Ga.",football,2023,33.4487257,-84.4549262
Jack Larsen,TE,"West Orange, N.J.",football,2023,40.7987113,-74.2390353
Jack Smiechowski,LB,"Upper Saddle River, N.J.",football,2023,41.0585352,-74.0984769
Jaden Hinton,OL,"Easton, Mass.",football,2023,42.0245442,-71.1286594
Jake Langdon,RB,"Indianapolis, Ind.",football,2023,39.7683331,-86.1583502
Jalen Campbell,OL,"Washington, D.C.",football,2023,38.8950982,-77.0363849
Jalen Smith,DB,"Owings Mills, Md.",football,2023,39.4041967,-76.7956745
James Knox,DL,"Sandy Hook, Conn.",football,2023,41.4201499,-73.2817075
James Lill,OL,"Webster, N.Y.",football,2023,43.212285,-77.429994
James McCauley,QB,"Bronx, N.Y.",football,2023,40.8466508,-73.8785937
James Miller,TE,"Ridgewood, N.J.",football,2023,40.9796683,-74.1194403
Jayden Marshall,DB,"Sanford, N.C.",football,2023,35.4798757,-79.1802994
Jaylen Carter,DB,"Derby, Conn.",football,2023,41.3223611,-73.0890324
Joe Green,QB,"Sammamish, Wash.",football,2023,47.6017554,-122.0416844
Joey Giorgi,RB,"Grafton, Wis.",football,2023,43.3195224,-87.9517842
John Iannuzzi,OL,"Belmont, Mass.",football,2023,42.3959296,-71.1786655
John Martin,DL,"New Orleans, La.",football,2023,29.9574657,-90.0629493
Jordan Kelley,WR,"Refugio, Texas",football,2023,28.3171012,-97.2394101
Joshua Powell,DL,"Richmond, Va.",football,2023,37.5385087,-77.43428
Justin Townsend,DL,"Randolph, N.J.",football,2023,40.844265,-74.5857218
Keelan Kornegay-Douhadji,DL,"Newnan, Ga.",football,2023,33.3806716,-84.7996573
Kristopher Jenner,QB,"Annapolis, Md.",football,2023,38.9786401,-76.492786
Levi Robins,DB,"Scottsdale, Ariz.",football,2023,33.4942189,-111.926018
Lucas Bullock,LB,"Overland Park, Kan.",football,2023,38.9742502,-94.6851702
Lucas Mireur,DB,"Austin, Texas",football,2023,30.2711286,-97.7436995
Luke Painton,OL,"Reading, Pa.",football,2023,40.335345,-75.9279495
Malachi Mercer,LB,"Westfield, N.J.",football,2023,40.651726,-74.3483059
Malcolm Terry II,RB,"Annapolis, Md.",football,2023,38.9786401,-76.492786
Marcus Lenz,WR,"Montrose, N.Y.",football,2023,41.242108,-73.9458713
Marcus Libman,WR,"Scottsdale, Ariz.",football,2023,33.4942189,-111.926018
Mark Chapman,OL,"Guilford, Conn.",football,2023,41.2827593,-72.6816365
Mason Tomlin,DB,"Pittsburgh, Pa.",football,2023,40.4406968,-80.0025666
Matt Gallehdari,LB,"Princeton, N.J.",football,2023,40.3496953,-74.6597376
Matthew Werd,PK/P,"Lakeland, Fla.",football,2023,28.0394654,-81.9498042
Mikey Nabbout,DL,"Andover, Mass.",football,2023,42.65717,-71.1408776
Nico Valencia,LB,"Los Fresnos, Texas",football,2023,26.0714502,-97.4770792
Nik Winzer,OL,"Matawan, N.J.",football,2023,40.41483,-74.2295891
Noah Jordan,OL,"Leonardtown, Md.",football,2023,38.2912431,-76.6357946
Owen Thomas,DL,"Centreville, Va.",football,2023,38.837613,-77.4347283
Pat Colicchio,OL,"Bernardsville, N.J.",football,2023,40.7186805,-74.5692273
Pat Gilchrist,DL,"Randolph, N.J.",football,2023,40.844265,-74.5857218
Patrick Passalacqua,DL,"Old Tappan, N.J.",football,2023,41.0106971,-73.9911073
Patrick Sodl,LB,"Manhattan Beach, Calif.",football,2023,33.8872777,-118.4104324
Quentin Autry,DL,"Millstone, N.J.",football,2023,40.4992707,-74.5887679
Quinn Herlihy,DL,"Worcester, Mass.",football,2023,42.2625621,-71.8018877
Qwincy Amos,DB,"San Antonio, Texas",football,2023,29.4246002,-98.4951405
Raleigh Erwin,DL,"Austin, Texas",football,2023,30.2711286,-97.7436995
Reid Englert,DL,"Ridgefield, Conn.",football,2023,41.2814842,-73.4981792
Reid Spachman,DL,"Overland Park, Kansas",football,2023,38.9742502,-94.6851702
Rocco Milia,LB,"Bloomfield, Mich.",football,2023,42.5378124,-83.2329863
Ryan Carr,OL,"Lansdale, Pa.",football,2023,40.2414952,-75.2837862
Santiago Hernandez,TE,"Burbank, Calif.",football,2023,34.1812089,-118.307201
Scott Rosati,LB,"Grosse Pointe, Mich.",football,2023,42.3861485,-82.9118591
Sean Kimani,OL,"Duluth, Ga.",football,2023,34.0028569,-84.1441046
Seth Parker,DB,"Hoover, Ala.",football,2023,33.350293,-86.851123
Shawn Lin,DL,"Newport Beach, Calif.",football,2023,33.6170092,-117.9294401
Shawn Riley,LB,"Richmond, Va.",football,2023,37.5385087,-77.43428
Stryker Leschber,TE,"Thorndale, Texas",football,2023,30.6139184,-97.2060895
Taylor Johnson,OL,"Eugene, Oregon",football,2023,44.0505054,-123.0950506
Terell Battle,DB,"Lawrenceville, Ga.",football,2023,33.9566391,-83.9890066
Titus Evans,WR,"Mansfield, Texas",football,2023,32.563487,-97.1420308
Ty'son Edwards,RB,"Flower Mound, Texas",football,2023,33.0283854,-97.0867203
Will Butz,LB,"Ashburn, Va.",football,2023,39.029784,-77.4744148
Will Rubalcava,DB,"Frisco, Texas",football,2023,33.1505998,-96.8238183
William Hughes,PK/P,"Fairfax, Va.",football,2023,38.8462236,-77.3063733
Wills Meyer,WR,"Southlake, Texas",football,2023,32.9412363,-97.1341783
Xander Menapace,QB,"Hamburg, Pa.",football,2023,40.5553081,-75.9824083
Zach Mills,OL,"Jacksonville, Fla.",football,2023,30.3262247,-81.6579179
AJ George,LB,"Ottawa Hills, Ohio",football,2024,41.6642169,-83.6432694
AJ Simpkins,QB,"Charlotte, N.C.",football,2024,35.2272086,-80.8430827
Aaron Brebnor,DB,"Suwanee, Ga.",football,2024,34.0514898,-84.0712997
Aaron Yoo,LS,"Suwanee, Ga.",football,2024,34.0514898,-84.0712997
Ahmari Owens,OL,"Springfield, Mass.",football,2024,42.1018764,-72.5886727
Aidan Shinfeld,WR,"Studio City, Calif.",football,2024,34.1483989,-118.3961877
Anthony Roussos,LB,"New Port Richey, Fla.",football,2024,28.2441768,-82.7192671
Austin Grier,QB,"Charlotte, N.C.",football,2024,35.2272086,-80.8430827
Ayden Baker,DL,"Moundsville, W. Va.",football,2024,39.920425,-80.7432124
Bailey Kornegay-Douhadji,DL,"Newnan, Ga.",football,2024,33.3806716,-84.7996573
Ben Corniello,DL,"Madison, Conn.",football,2024,41.2794282,-72.5983151
Benny Sasso,OL,"Wall, N.J.",football,2024,40.1743052,-74.0902219
Blaize Cameron,TE,"Storthoaks, Saskatchewan",football,2024,49.3891919,-101.604221
Braden Dougherty,TE,"Dublin, Ohio",football,2024,40.0996009,-83.1135563
Brandon Hsing,RB,"Mountain View, Calif.",football,2024,37.3893889,-122.0832101
Braylon Gardoni,WR,"Missouri City, Texas",football,2024,29.6185669,-95.5377215
Bryson Canty,WR,"Pfafftown, N.C.",football,2024,36.1526379,-80.3622753
CJ Brown,LB,"Houston, Texas",football,2024,29.7589382,-95.3676974
Caleb Chijoke Ihegihu,LB,"Chevy Chase, Md.",football,2024,38.9813699,-77.0849245
Caleb Sanchez,QB,"Carson, Calif.",football,2024,33.8322043,-118.2517547
Caleb Solomon,DB,"Miramar, Fla.",football,2024,25.9873137,-80.2322706
Carter McCray,DB,"San Antonio, Texas",football,2024,29.4246002,-98.4951405
Carter McFadden,DB,"Montgomery, N.J.",football,2024,39.4607526,-74.6576009
Casey O’Sullivan,TE,"Madison, N.J.",football,2024,40.7598227,-74.417097
Charlie Newton,LB,"Chicago, Ill.",football,2024,41.8755616,-87.6244212
Charlie Slavik,OL,"Seattle, Wash.",football,2024,47.6038321,-122.330062
Chase Goodwin,QB,"Houston, Texas",football,2024,29.7589382,-95.3676974
Christian Carti,WR,"Franklin Lakes, N.J.",football,2024,41.0167639,-74.2057012
Christian Gonzalez,LB,"Ramsey, N.J.",football,2024,41.0573188,-74.1409771
Cobe Crews,DB,"Oklahoma City, Okla.",football,2024,35.4729886,-97.5170536
Cole Freeman,QB,"Summit, N.J.",football,2024,40.7182356,-74.3592296
Colin Cook,WR,"Nashville, Tenn.",football,2024,36.1622767,-86.7742984
David Garland,DL,"Springfield, Mo.",football,2024,37.2081729,-93.2922715
Edan Stagg,WR,"Baton Rouge, La.",football,2024,30.4494155,-91.1869659
Emanuel Nazy,OL,"Hackensack, N.J.",football,2024,40.8870781,-74.0410667
Ethan Fullerton,DB,"Thousand Oaks, Calif.",football,2024,34.1705609,-118.8375937
Ethan Hebb,WR,"Apex, N.C.",football,2024,35.7325352,-78.8505516
Ewan Clarke,OL,"Alexandria, Va.",football,2024,38.8051095,-77.0470229
George Hawkins III,LB,"Jacksonville, Fla.",football,2024,30.3262247,-81.6579179
George Thanopoulos,LB,"Brooklyn, N.Y.",football,2024,40.6526006,-73.9497211
Griffin Johnson,RB,"Marysville, Ohio",football,2024,40.2364486,-83.3671432
Hayden McDonald,DB,"Seattle, Wash.",football,2024,47.6038321,-122.330062
Hugo Merry,PK,"Frederick, Md.",football,2024,39.415779,-77.4127562
Hutch Crow,WR,"Dallas, Texas",football,2024,32.7762719,-96.7968559
Jack Larsen,TE,"West Orange, N.J.",football,2024,40.7987113,-74.2390353
Jack Smiechowski,LB,"Upper Saddle River, N.J.",football,2024,41.0585352,-74.0984769
Jaden Hinton,OL,"Easton, Mass.",football,2024,42.0245442,-71.1286594
Jake Langdon,RB,"Indianapolis, Ind.",football,2024,39.7683331,-86.1583502
Jalen Campbell,OL,"Washington, D.C.",football,2024,38.8950982,-77.0363849
Jalen Smith,DB,"Owings Mills, Md.",football,2024,39.4041967,-76.7956745
James Fealy,LB,"New York, N.Y.",football,2024,40.7127281,-74.0060152
James Knox,DL,"Sandy Hook, Conn.",football,2024,41.4201499,-73.2817075
James Lill,OL,"Webster, N.Y.",football,2024,43.212285,-77.429994
James McCauley,QB,"Bronx, N.Y.",football,2024,40.8466508,-73.8785937
James Miller,TE,"Ridgewood, N.J.",football,2024,40.9796683,-74.1194403
Jayden Marshall,DB,"Sanford, N.C.",football,2024,35.4798757,-79.1802994
Jaylen Carter,WR,"Derby, Conn.",football,2024,41.3223611,-73.0890324
Jeremiah Douglas,DB,"Baltimore, Md.",football,2024,39.2908816,-76.610759
Joey Giorgi,RB,"Grafton, Wis.",football,2024,43.3195224,-87.9517842
John Iannuzzi,OL,"Belmont, Mass.",football,2024,42.3959296,-71.1786655
John Martin,DL,"New Orleans, La.",football,2024,29.9574657,-90.0629493
Jordan Kelley,WR,"Refugio, Texas",football,2024,28.3171012,-97.2394101
Joshua Powell,DL,"Richmond, Va.",football,2024,37.5385087,-77.43428
Justin Townsend,DL,"Randolph, N.J.",football,2024,40.844265,-74.5857218
Keelan Kornegay-Douhadji,DL,"Newnan, Ga.",football,2024,33.3806716,-84.7996573
Keller Patterson,DL,"Keller, Texas",football,2024,32.9299655,-97.2271249
Levi Robins,DB,"Scottsdale, Ariz.",football,2024,33.4942189,-111.926018
Liam Donagher,LB,"Grafton, Mass.",football,2024,42.2063399,-71.6853877
Lucas Bullock,RB,"Overland Park, Kan.",football,2024,38.9742502,-94.6851702
Lucas Mireur,DB,"Austin, Texas",football,2024,30.2711286,-97.7436995
Luke Walker,DL,"Naples, Fla.",football,2024,26.1421976,-81.7942944
Malachi Mercer,LB,"Westfield, N.J.",football,2024,40.651726,-74.3483059
Malcolm Terry II,RB,"Annapolis, Md.",football,2024,38.9786401,-76.492786
Marcus Lenz,WR,"Montrose, N.Y.",football,2024,41.242108,-73.9458713
Marcus Libman,WR,"Scottsdale, Ariz.",football,2024,33.4942189,-111.926018
Mark Chapman,OL,"Guilford, Conn.",football,2024,41.2827593,-72.6816365
Mason Robinson,DB,"Kingsland, Ga.",football,2024,30.7999563,-81.6898261
Matt Gallehdari,TE,"Princeton, N.J.",football,2024,40.3496953,-74.6597376
Matthew Werd,PK/P,"Lakeland, Fla.",football,2024,28.0394654,-81.9498042
Mikey Nabbout,DL,"Andover, Mass.",football,2024,42.65717,-71.1408776
Miron Magee,WR,"New Orleans, La",football,2024,29.9574657,-90.0629493
Nik Winzer,OL,"Matawan, N.J.",football,2024,40.41483,-74.2295891
Noah Jordan,OL,"Leonardtown, Md.",football,2024,38.2912431,-76.6357946
Owen Thomas,DL,"Centreville, Va.",football,2024,38.837613,-77.4347283
Pat Colicchio,OL,"Bernardsville, N.J.",football,2024,40.7186805,-74.5692273
Patrick Passalacqua,DL,"Old Tappan, N.J.",football,2024,41.0106971,-73.9911073
Patrick Sodl,LB,"Manhattan Beach, Calif.",football,2024,33.8872777,-118.4104324
Quinn Herlihy,DL,"Worcester, Mass.",football,2024,42.2625621,-71.8018877
Qwincy Amos,DB,"San Antonio, Texas",football,2024,29.4246002,-98.4951405
Raleigh Erwin,DL,"Austin, Texas",football,2024,30.2711286,-97.7436995
Reid Englert,DL,"Ridgefield, Conn.",football,2024,41.2814842,-73.4981792
Reid Spachman,DL,"Overland Park, Kansas",football,2024,38.9742502,-94.6851702
Richard Bell Jr.,DL,"Birmingham, Ala.",football,2024,33.5206824,-86.8024326
Rocco Milia,LB,"Bloomfield, Mich.",football,2024,42.5378124,-83.2329863
Rodrigo Diaz-Martorella,DL,"Miami, Florida",football,2024,25.7741566,-80.1935973
Ryan Carr,OL,"Lansdale, Pa.",football,2024,40.2414952,-75.2837862
Sam Pearman,PK,"Los Gatos, Calif.",football,2024,37.226611,-121.9746797
Santiago Hernandez,TE,"Burbank, Calif.",football,2024,34.1812089,-118.307201
Scott Rosati,LB,"Grosse Pointe, Mich.",football,2024,42.3861485,-82.9118591
Sean Kimani,OL,"Duluth, Ga.",football,2024,34.0028569,-84.1441046
Shawn Lin,DL,"Newport Beach, Calif.",football,2024,33.6170092,-117.9294401
Shawn Riley,LB,"Richmond, Va.",football,2024,37.5385087,-77.43428
Terell Battle,DB,"Lawrenceville, Ga.",football,2024,33.9566391,-83.9890066
Titus Evans,WR,"Mansfield, Texas",football,2024,32.563487,-97.1420308
Tommy Sleeman,P,"Henderson, Nev.",football,2024,36.0301388,-114.9815488
Will Butz,LB,"Ashburn, Va.",football,2024,39.029784,-77.4744148
Will Carstens,DL,"Fayetteville, N.C.",football,2024,35.0525759,-78.878292
Will Matthew,DL,"Perris, Calif.",football,2024,33.7818729,-117.2298477
Will Rubalcava,DB,"Frisco, Texas",football,2024,33.1505998,-96.8238183
William Hughes,P,"Fairfax, Va.",football,2024,38.8462236,-77.3063733
Xander Menapace,QB,"Hamburg, Pa.",football,2024,40.5553081,-75.9824083
AJ George,LB,"Ottawa Hills, Ohio",football,2025,41.6642169,-83.6432694
AJ Simpkins,QB,"Charlotte, N.C.",football,2025,35.2272086,-80.8430827
Aaron Yoo,LS,"Suwanee, Ga.",football,2025,34.0514898,-84.0712997
Adande Nartey,DB,"Bronx, N.Y.",football,2025,40.8466508,-73.8785937
Ahmari Owens,OL,"Springfield, Mass.",football,2025,42.1018764,-72.5886727
Austin Coronado,DL,"Glendora, Calif.",football,2025,34.1361187,-117.865339
Ayden Baker,DL,"Moundsville, W. Va.",football,2025,39.920425,-80.7432124
Bailey Kornegay-Douhadji,DL,"Newnan, Ga.",football,2025,33.3806716,-84.7996573
Beckett Robinson,WR,"Tahlequah, Okla.",football,2025,35.91537,-94.969956
Benny Sasso,OL,"Wall, N.J.",football,2025,40.1743052,-74.0902219
Blaize Cameron,TE,"Storthoaks, Saskatchewan",football,2025,49.3891919,-101.604221
Braden Dougherty,TE,"Dublin, Ohio",football,2025,40.0996009,-83.1135563
Braden James,TE,"Kansas City, Mo.",football,2025,39.100105,-94.5781416
Brandon Hsing,RB,"Mountain View, Calif.",football,2025,37.3893889,-122.0832101
Braylon Gardoni,WR,"Missouri City, Texas",football,2025,29.6185669,-95.5377215
Brendan Fournier,LB,"Austin, Texas",football,2025,30.2711286,-97.7436995
Caden Butler,WR,"Olathe, Kan.",football,2025,38.8838856,-94.81887
Caleb Chijoke Ihegihu,LB,"Chevy Chase, Md.",football,2025,38.9813699,-77.0849245
Caleb Sanchez,QB,"Carson, Calif.",football,2025,33.8322043,-118.2517547
Caleb Solomon,DB,"Miramar, Fla.",football,2025,25.9873137,-80.2322706
Carter McCray,DB,"San Antonio, Texas",football,2025,29.4246002,-98.4951405
Casey O’Sullivan,TE,"Madison, N.J.",football,2025,40.7598227,-74.417097
Charlie Newton,LB,"Chicago, Ill.",football,2025,41.8755616,-87.6244212
Charlie Slavik,OL,"Seattle, Wash.",football,2025,47.6038321,-122.330062
Chase Goodwin,QB,"Houston, Texas",football,2025,29.7589382,-95.3676974
Christian Carti,WR,"Franklin Lakes, N.J.",football,2025,41.0167639,-74.2057012
Christian Gonzalez,LB,"Ramsey, N.J.",football,2025,41.0573188,-74.1409771
Cobe Crews,WR,"Oklahoma City, Okla.",football,2025,35.4729886,-97.5170536
Cole Freeman,WR,"Summit, N.J.",football,2025,40.7182356,-74.3592296
Cole Matejka,DL,"Bloomington, Ill.",football,2025,40.4797828,-88.9939147
Colin Cook,WR,"Nashville, Tenn.",football,2025,36.1622767,-86.7742984
David Garland,DL,"Springfield, Mo.",football,2025,37.2081729,-93.2922715
Dawson Thompson,OL,"Hope Town, Bahamas",football,2025,26.5407116,-76.9594379
Drew Burmeister,LB,"Woodstock, Ga.",football,2025,34.1014112,-84.5192192
Dylan Clifton,OL,"Austin, Texas",football,2025,30.2711286,-97.7436995
Elliot Cooper,WR,"Pasadena, Calif.",football,2025,34.1476507,-118.144155
Emanuel Nazy,OL,"Hackensack, N.J.",football,2025,40.8870781,-74.0410667
Ethan Fullerton,DB,"Thousand Oaks, Calif.",football,2025,34.1705609,-118.8375937
Ethan Hebb,WR,"Apex, N.C.",football,2025,35.7325352,-78.8505516
Ewan Clarke,OL,"Alexandria, Va.",football,2025,38.8051095,-77.0470229
Ezra Malamura,WR,"Roanoke, Texas",football,2025,33.0040126,-97.2258483
Galvin Goss,DB,"Valley, Ala.",football,2025,32.8187406,-85.1793852
George Thanopoulos,RB,"Brooklyn, N.Y.",football,2025,40.6526006,-73.9497211
Griffin Johnson,RB,"Marysville, Ohio",football,2025,40.2364486,-83.3671432
Henry Estes,DL,"Dallas, Texas",football,2025,32.7762719,-96.7968559
Hugo Merry,PK,"Frederick, Md.",football,2025,39.415779,-77.4127562
Hutch Crow,WR,"Dallas, Texas",football,2025,32.7762719,-96.7968559
Jace Eveland,OL,"Redmond, Ore.",football,2025,44.2726203,-121.173921
Jack Smiechowski,LB,"Upper Saddle River, N.J.",football,2025,41.0585352,-74.0984769
Jaden Hinton,OL,"Easton, Mass.",football,2025,42.0245442,-71.1286594
Jahmir Pitcher,RB,"Albany, N.Y.",football,2025,42.6511674,-73.754968
Jalen Campbell,OL,"Washington, D.C.",football,2025,38.8950982,-77.0363849
Jalen Smith,DB,"Owings Mills, Md.",football,2025,39.4041967,-76.7956745
James Fealy,LB,"New York, N.Y.",football,2025,40.7127281,-74.0060152
James Lill,OL,"Webster, N.Y.",football,2025,43.212285,-77.429994
James McCauley,QB,"Bronx, N.Y.",football,2025,40.8466508,-73.8785937
Jayden Jackson,DB,"Jupiter, Fla.",football,2025,26.9342246,-80.0942087
Jayden Marshall,DB,"Sanford, N.C.",football,2025,35.4798757,-79.1802994
Jaylen Carter,WR,"Derby, Conn.",football,2025,41.3223611,-73.0890324
Jeremiah Douglas,DB,"Baltimore, Md.",football,2025,39.2908816,-76.610759
Jevaughn Barnett-Jackson,WR,"Accokeek, Md.",football,2025,38.6622843,-76.9910333
Jonah Walker,DL,"Marked Tree, Ark.",football,2025,35.532718,-90.4208919
Jordan Kelley,WR,"Refugio, Texas",football,2025,28.3171012,-97.2394101
Joshua Powell,DL,"Richmond, Va.",football,2025,37.5385087,-77.43428
Julius Patton,DL,"San Diego, Calif.",football,2025,32.7157062,-117.1638284
Justin Townsend,DL,"Randolph, N.J.",football,2025,40.844265,-74.5857218
Keelan Kornegay-Douhadji,DL,"Newnan, Ga.",football,2025,33.3806716,-84.7996573
Keller Patterson,DL,"Keller, Texas",football,2025,32.9299655,-97.2271249
Levi Robins,DB,"Scottsdale, Ariz.",football,2025,33.4942189,-111.926018
Liam Donagher,LB,"Grafton, Mass.",football,2025,42.2063399,-71.6853877
Lucas Bullock,RB,"Overland Park, Kan.",football,2025,38.9742502,-94.6851702
Luke Walker,DL,"Naples, Fla.",football,2025,26.1421976,-81.7942944
MD Awe,DB,"Dallas, Texas",football,2025,32.7762719,-96.7968559
Malachi Mercer,LB,"Westfield, N.J.",football,2025,40.651726,-74.3483059
Malcolm Terry II,RB,"Annapolis, Md.",football,2025,38.9786401,-76.492786
Mark Chapman,OL,"Guilford, Conn.",football,2025,41.2827593,-72.6816365
Mason Robinson,DB,"Kingsland, Ga.",football,2025,30.7999563,-81.6898261
Matt Gallehdari,TE,"Princeton, N.J.",football,2025,40.3496953,-74.6597376
Michael Walters,RB,"Brookfield, Conn.",football,2025,41.4824311,-73.4095696
Miron Magee,DB,"New Orleans, La",football,2025,29.9574657,-90.0629493
Nick Purdy,OL,"Cape Coral, Fla.",football,2025,26.5625742,-81.9438802
Nik Winzer,OL,"Matawan, N.J.",football,2025,40.41483,-74.2295891
Noah Jordan,OL,"Leonardtown, Md.",football,2025,38.2912431,-76.6357946
Owen Thomas,DL,"Centreville, Va.",football,2025,38.837613,-77.4347283
Patrick Sodl,LB,"Manhattan Beach, Calif.",football,2025,33.8872777,-118.4104324
Quinn Herlihy,DL,"Worcester, Mass.",football,2025,42.2625621,-71.8018877
Qwincy Amos,DB,"San Antonio, Texas",football,2025,29.4246002,-98.4951405
Richard Bell Jr.,DL,"Birmingham, Ala.",football,2025,33.5206824,-86.8024326
Rodrigo Diaz-Martorella,DL,"Miami, Florida",football,2025,25.7741566,-80.1935973
Ryan Carr,OL,"Lansdale, Pa.",football,2025,40.2414952,-75.2837862
Sam Pearman,PK,"Los Gatos, Calif.",football,2025,37.226611,-121.9746797
Santiago Hernandez,TE,"Burbank, Calif.",football,2025,34.1812089,-118.307201
Sean Kimani,OL,"Duluth, Ga.",football,2025,34.0028569,-84.1441046
Shawn Lin,DL,"Newport Beach, Calif.",football,2025,33.6170092,-117.9294401
Simon Vander Wel,OL,"Seattle, Wash.",football,2025,47.6038321,-122.330062
Stone Theis,OL,"Austin, Texas",football,2025,30.2711286,-97.7436995
Terell Battle,LB,"Lawrenceville, Ga.",football,2025,33.9566391,-83.9890066
Thomas Browne,LS,"Beaumont, Texas",football,2025,30.0829344,-94.0984277
Titus Evans,WR,"Mansfield, Texas",football,2025,32.563487,-97.1420308
Tommy Sleeman,P,"Henderson, Nev.",football,2025,36.0301388,-114.9815488
Weston Covey,WR,"Alpine, Utah",football,2025,40.453253,-111.7779596
Will Carstens,TE,"Fayetteville, N.C.",football,2025,35.0525759,-78.878292
Will Matthew,DL,"Perris, Calif.",football,2025,33.7818729,-117.2298477
Will Rubalcava,DB,"Frisco, Texas",football,2025,33.1505998,-96.8238183
Winston Harstvedt,DL,"Santa Rosa Beach, Fla.",football,2025,30.3466423,-86.2307992
Xander Eschelman,QB,"Menlo Park, Calif.",football,2025,37.4519671,-122.177992
Xander Menapace,QB,"Hamburg, Pa.",football,2025,40.5553081,-75.9824083
AJ George,LB,"Ottawa Hills, Ohio",football,2026,41.6642169,-83.6432694
Adande Nartey,DB,"Bronx, N.Y.",football,2026,40.8466508,-73.8785937
Ahmari Owens,OL,"Springfield, Mass.",football,2026,42.1018764,-72.5886727
Archy Wang,DL,"Henan, Zhengzhou, China",football,2026,34.8007359,113.8165869
Austin Baird,DB,"Katy, Texas",football,2026,29.7857853,-95.8243956
Austin Coronado,DL,"Glendora, Calif.",football,2026,34.1361187,-117.865339
Austin Hooey,OL,"Cranford, N.J.",football,2026,40.656539,-74.3035794
Bailey Kornegay-Douhadji,DL,"Newnan, Ga.",football,2026,33.3806716,-84.7996573
Beckett Robinson,WR,"Tahlequah, Okla.",football,2026,35.91537,-94.969956
Benny Sasso,OL,"Wall, N.J.",football,2026,40.1743052,-74.0902219
Blaize Cameron,TE,"Storthoaks, Saskatchewan",football,2026,49.3891919,-101.604221
Braden Dougherty,TE,"Dublin, Ohio",football,2026,40.0996009,-83.1135563
Braden James,TE,"Kansas City, Mo.",football,2026,39.100105,-94.5781416
Brandon Hsing,RB,"Mountain View, Calif.",football,2026,37.3893889,-122.0832101
Braylon Gardoni,WR,"Missouri City, Texas",football,2026,29.6185669,-95.5377215
Brendan Fournier,LB,"Austin, Texas",football,2026,30.2711286,-97.7436995
Brody McLaughlin,RB,"Kennett Square, Pa.",football,2026,39.8467414,-75.7116997
Bryan Iwuoha,DL,"Baltimore, Md.",football,2026,39.2908816,-76.610759
Bryce Coleman,WR,"Los Angeles, Calif.",football,2026,34.0536909,-118.242766
CJ Willingham,WR,"Easley, S.C.",football,2026,34.8269276,-82.5817053
Caden Butler,WR,"Olathe, Kan.",football,2026,38.8838856,-94.81887
Caleb Chijoke Ihegihu,LB,"Chevy Chase, Md.",football,2026,38.9813699,-77.0849245
Caleb Sanchez,QB,"Carson, Calif.",football,2026,33.8322043,-118.2517547
Caleb Solomon,DB,"Miramar, Fla.",football,2026,25.9873137,-80.2322706
Carter McCray,DB,"San Antonio, Texas",football,2026,29.4246002,-98.4951405
Casey O’Sullivan,TE,"Madison, N.J.",football,2026,40.7598227,-74.417097
Charlie Newton,LB,"Chicago, Ill.",football,2026,41.8755616,-87.6244212
Charlie Slavik,OL,"Seattle, Wash.",football,2026,47.6038321,-122.330062
Chase Goodwin,QB,"Houston, Texas",football,2026,29.7589382,-95.3676974
Christian Carti,WR,"Franklin Lakes, N.J.",football,2026,41.0167639,-74.2057012
Christian Gonzalez,LB,"Ramsey, N.J.",football,2026,41.0573188,-74.1409771
Cole Matejka,DL,"Bloomington, Ill.",football,2026,40.4797828,-88.9939147
Colin Cook,WR,"Nashville, Tenn.",football,2026,36.1622767,-86.7742984
Cooper Richmond,OL,"Streetsboro, Ohio",football,2026,41.239223,-81.345941
Dawson Thompson,OL,"Hope Town, Bahamas",football,2026,26.5407116,-76.9594379
Drew Burmeister,LB,"Woodstock, Ga.",football,2026,34.1014112,-84.5192192
Dylan Clifton,OL,"Austin, Texas",football,2026,30.2711286,-97.7436995
Elliot Cooper,WR,"Pasadena, Calif.",football,2026,34.1476507,-118.144155
Ellis Barnes,DB,"Cambridge, Mass.",football,2026,42.3656347,-71.1040018
Emanuel Nazy,OL,"Hackensack, N.J.",football,2026,40.8870781,-74.0410667
Ethan Fullerton,DB,"Thousand Oaks, Calif.",football,2026,34.1705609,-118.8375937
Ezra Malamura,WR,"Roanoke, Texas",football,2026,33.0040126,-97.2258483
Frazer Befekadu,OL,"Marietta, Ga.",football,2026,33.952845,-84.5496054
Galvin Goss,DB,"Valley, Ala.",football,2026,32.8187406,-85.1793852
Gavin Barth,WR,"Hanover, Mass.",football,2026,42.1131572,-70.8119859
George Thanopoulos,RB,"Brooklyn, N.Y.",football,2026,40.6526006,-73.9497211
Griff Koch,OL,"Gates Mills, Ohio",football,2026,41.5181147,-81.4039538
Griffin Johnson,RB,"Marysville, Ohio",football,2026,40.2364486,-83.3671432
Henry Estes,OL,"Dallas, Texas",football,2026,32.7762719,-96.7968559
Hugo Merry,PK,"Frederick, Md.",football,2026,39.415779,-77.4127562
Hutch Crow,WR,"Dallas, Texas",football,2026,32.7762719,-96.7968559
Jace Eveland,OL,"Redmond, Ore.",football,2026,44.2726203,-121.173921
Jackson Powell,DB,"Lanesborough, Mass.",football,2026,42.5190218,-73.2277841
Jahmir Pitcher,RB,"Albany, N.Y.",football,2026,42.6511674,-73.754968
Jalen Campbell,DL,"Washington, D.C.",football,2026,38.8950982,-77.0363849
James Fealy,LB,"New York, N.Y.",football,2026,40.7127281,-74.0060152
Jarod Sersansie,WR,"Laguna Beach, Calif.",football,2026,33.5426975,-117.785366
Jayden Jackson,DB,"Jupiter, Fla.",football,2026,26.9342246,-80.0942087
Jaylen Carter,WR,"Derby, Conn.",football,2026,41.3223611,-73.0890324
Jeremiah Douglas,DB,"Baltimore, Md.",football,2026,39.2908816,-76.610759
Jevaughn Barnett-Jackson,WR,"Accokeek, Md.",football,2026,38.6622843,-76.9910333
Jonah Walker,DL,"Marked Tree, Ark.",football,2026,35.532718,-90.4208919
Julius Patton,DL,"San Diego, Calif.",football,2026,32.7157062,-117.1638284
Kaedyn Marable,QB,"Franklin, Tenn.",football,2026,35.925206,-86.8689419
Keelan Kornegay-Douhadji,DL,"Newnan, Ga.",football,2026,33.3806716,-84.7996573
Keller Patterson,DL,"Keller, Texas",football,2026,32.9299655,-97.2271249
Levi Robins,DB,"Scottsdale, Ariz.",football,2026,33.4942189,-111.926018
Liam Donagher,LB,"Grafton, Mass.",football,2026,42.2063399,-71.6853877
Lukas Lupinski,LB,"Charlotte, N.C.",football,2026,35.2272086,-80.8430827
Luke Baran,DL,"Glastonbury, Conn.",football,2026,41.7123218,-72.608146
Luke Walker,DL,"Naples, Fla.",football,2026,26.1421976,-81.7942944
MD Awe,DB,"Dallas, Texas",football,2026,32.7762719,-96.7968559
Malachi Mercer,TE,"Westfield, N.J.",football,2026,40.651726,-74.3483059
Mason Robinson,DB,"Kingsland, Ga.",football,2026,30.7999563,-81.6898261
Mayan Muchugia,DB,"Bethlehem, Pa.",football,2026,-1.45056,-48.4682453
Michael Sclafani,LB,"Wycoff, N.J.",football,2026,40.420172,-74.4087902
Michael Walters,RB,"Brookfield, Conn.",football,2026,41.4824311,-73.4095696
Miron Magee,DB,"New Orleans, La",football,2026,29.9574657,-90.0629493
Myles Jackson,DL,"Woodstock, Ga.",football,2026,34.1014112,-84.5192192
Nico DePizzol,LB,"Denver, Colo.",football,2026,39.7392364,-104.984862
Nik Winzer,OL,"Matawan, N.J.",football,2026,40.41483,-74.2295891
Owen Rice,LB,"Atlanta, Ga.",football,2026,33.7544657,-84.3898151
Owen Thomas,DL,"Centreville, Va.",football,2026,38.837613,-77.4347283
Pierson Scala,WR,"Lynnfield, Mass.",football,2026,42.5389836,-71.0481084
Quinn Gallagher,TE,"Wayne, Pa.",football,2026,41.6264414,-75.3045103
Quinn Herlihy,DL,"Worcester, Mass.",football,2026,42.2625621,-71.8018877
Qwincy Amos,DB,"San Antonio, Texas",football,2026,29.4246002,-98.4951405
Richard Bell Jr.,DL,"Birmingham, Ala.",football,2026,33.5206824,-86.8024326
Rocco Costello,OL,"Barnegat, N.J.",football,2026,39.7557459,-74.2207395
Sam Pearman,PK,"Los Gatos, Calif.",football,2026,37.226611,-121.9746797
Santiago Hernandez,TE,"Burbank, Calif.",football,2026,34.1812089,-118.307201
Sean Kimani,OL,"Duluth, Ga.",football,2026,34.0028569,-84.1441046
Simon Vander Wel,OL,"Seattle, Wash.",football,2026,47.6038321,-122.330062
Stone Theis,OL,"Austin, Texas",football,2026,30.2711286,-97.7436995
Terell Battle,DB,"Lawrenceville, Ga.",football,2026,33.9566391,-83.9890066
Thomas Browne,LS,"Beaumont, Texas",football,2026,30.0829344,-94.0984277
Tim Fuhrmeister,DL,"Doylestown, Pa.",football,2026,40.3100446,-75.1304588
Titus Evans,WR,"Mansfield, Texas",football,2026,32.563487,-97.1420308
Tommy Sleeman,P,"Henderson, Nev.",football,2026,36.0301388,-114.9815488
Tucker Rhodes,TE,"Athens, Ga.",football,2026,33.9597677,-83.376398
Tylan Ward Jr.,DB,"Apple Valley, Minn.",football,2026,44.7319094,-93.21772
Weston Covey,WR,"Alpine, Utah",football,2026,40.453253,-111.7779596
Will Carstens,DL,"Fayetteville, N.C.",football,2026,35.0525759,-78.878292
Will Matthew,DL,"Perris, Calif.",football,2026,33.7818729,-117.2298477
Will Rubalcava,DB,"Frisco, Texas",football,2026,33.1505998,-96.8238183
Xander Eschelman,QB,"Menlo Park, Calif.",football,2026,37.4519671,-122.177992
Xander Menapace,QB,"Hamburg, Pa.",football,2026,40.5553081,-75.9824083
Andrew Panayiotou,F,"Victoria, Australia",mens-basketball,2016,-36.5986096,144.6780052
CJ Davis,G,"Far Rockaway, N.Y.",mens-basketball,2016,40.6053825,-73.7551326
Chris McComber,F,"Nepean, Ontario",mens-basketball,2016,45.2862008,-75.7512324
Conor Voss,C,"St. Cloud, Minn.",mens-basketball,2016,45.5616075,-94.1642004
Jake Killingsworth,G,"San Carlos, Calif.",mens-basketball,2016,37.504936,-122.261823
Jeff Coby,F,"Pembroke Pines, Fla.",mens-basketball,2016,26.0061943,-80.2872086
John Sica,F,"Delmar, N.Y.",mens-basketball,2016,42.6251239,-73.8381351
Kendall Jackson,G,"Union City, Calif.",mens-basketball,2016,37.5872576,-122.0215737
Kyle Castlin,G,"Marietta, Ga.",mens-basketball,2016,33.952845,-84.5496054
Lukas Meisner,F,"Braunschweig, Germany",mens-basketball,2016,52.2646577,10.5236066
Luke Petrasek,F,"East Northport, N.Y.",mens-basketball,2016,40.880938,-73.319453
Mike Smith,G,"Burr Ridge, Ill.",mens-basketball,2016,41.7502971,-87.9161818
Nate Hickman,G,"Newark, Del.",mens-basketball,2016,39.6828358,-75.7515682
Patrick Tapé,F,"Charlotte, N.C.",mens-basketball,2016,35.2272086,-80.8430827
Peter Barba,G,"Chagrin Falls, Ohio",mens-basketball,2016,41.436589,-81.3855058
Quinton Adlesh,G,"Arroyo Grande, Calif.",mens-basketball,2016,35.1235374,-120.5785796
Rodney Hunter,G/F,"Cape Coral, Fla.",mens-basketball,2016,26.5625742,-81.9438802
Shane Eberle,C,"Woodbine, Md.",mens-basketball,2016,39.359942,-77.0620833
CJ Davis,G,"Far Rockaway, N.Y.",mens-basketball,2017,40.6053825,-73.7551326
Gabe Stefanini,G,"Bologna, Italy",mens-basketball,2017,44.4938203,11.3426327
Jake Killingsworth,G,"San Carlos, Calif.",mens-basketball,2017,37.504936,-122.261823
Jake Klores,G,"New York, N.Y.",mens-basketball,2017,40.7127281,-74.0060152
Kyle Castlin,G,"Marietta, Ga.",mens-basketball,2017,33.952845,-84.5496054
Lukas Meisner,F,"Braunschweig, Germany",mens-basketball,2017,52.2646577,10.5236066
Luke Bolster,G,"New York, N.Y.",mens-basketball,2017,40.7127281,-74.0060152
Mike Smith,G,"Burr Ridge, Ill.",mens-basketball,2017,41.7502971,-87.9161818
Nate Hickman,G,"Newark, Del.",mens-basketball,2017,39.6828358,-75.7515682
Patrick Tapé,F,"Charlotte, N.C.",mens-basketball,2017,35.2272086,-80.8430827
Peter Barba,G,"Chagrin Falls, Ohio",mens-basketball,2017,41.436589,-81.3855058
Quinton Adlesh,G,"Arroyo Grande, Calif.",mens-basketball,2017,35.1235374,-120.5785796
Randy Brumant,F,"Houston, Texas",mens-basketball,2017,29.7589382,-95.3676974
Rodney Hunter,G/F,"Cape Coral, Fla.",mens-basketball,2017,26.5625742,-81.9438802
Shane Eberle,C,"Woodbine, Md.",mens-basketball,2017,39.359942,-77.0620833
Tai Bibbs,G,"Chicago, Ill.",mens-basketball,2017,41.8755616,-87.6244212
Ben Milstein,G,"Boca Raton, Fla.",mens-basketball,2018,26.3586885,-80.0830984
CJ Davis,G,"Far Rockaway, N.Y.",mens-basketball,2018,40.6053825,-73.7551326
Gabe Stefanini,G,"Bologna, Italy",mens-basketball,2018,44.4938203,11.3426327
Ike Nweke,F,"Woodbine, Md.",mens-basketball,2018,39.359942,-77.0620833
Jake Killingsworth,G,"San Carlos, Calif.",mens-basketball,2018,37.504936,-122.261823
Jake Klores,G,"New York, N.Y.",mens-basketball,2018,40.7127281,-74.0060152
Joseph Smoyer,F/C,"Portland, Ore.",mens-basketball,2018,45.5202471,-122.674194
Luke Bolster,G,"New York, N.Y.",mens-basketball,2018,40.7127281,-74.0060152
Maka Ellis,G,"Las Vegas, Nev.",mens-basketball,2018,36.1674263,-115.1484131
Mike Smith,G,"Burr Ridge, Ill.",mens-basketball,2018,41.7502971,-87.9161818
Patrick Tapé,F,"Charlotte, N.C.",mens-basketball,2018,35.2272086,-80.8430827
Peter Barba,G,"Chagrin Falls, Ohio",mens-basketball,2018,41.436589,-81.3855058
Quinton Adlesh,G,"Arroyo Grande, Calif.",mens-basketball,2018,35.1235374,-120.5785796
Randy Brumant,F,"Houston, Texas",mens-basketball,2018,29.7589382,-95.3676974
Tai Bibbs,G,"Chicago, Ill.",mens-basketball,2018,41.8755616,-87.6244212
Asa Shannon,F,"Hyattsville, Md.",mens-basketball,2019,38.9529442,-76.9408647
Ben Milstein,G,"Boca Raton, Fla.",mens-basketball,2019,26.3586885,-80.0830984
Cameron Shockley-Okeke,G/F,"Norwalk, Conn.",mens-basketball,2019,41.1175966,-73.4078968
Eddie Turner III,G,"Seattle, Wash.",mens-basketball,2019,47.6038321,-122.330062
Emmanuel Onuama,F,"Aguleri, Nigeria",mens-basketball,2019,6.3322924,6.8779601
Gabe Stefanini,G,"Bologna, Italy",mens-basketball,2019,44.4938203,11.3426327
Ike Nweke,F,"Woodbine, Md.",mens-basketball,2019,39.359942,-77.0620833
Jack Forrest,G,"Bala Cynwyd, Pa.",mens-basketball,2019,40.0086075,-75.235568
Jake Killingsworth,G,"San Carlos, Calif.",mens-basketball,2019,37.504936,-122.261823
Jake Klores,G,"New York, N.Y.",mens-basketball,2019,40.7127281,-74.0060152
Joseph Smoyer,F/C,"Portland, Ore.",mens-basketball,2019,45.5202471,-122.674194
Luke Bolster,G,"New York, N.Y.",mens-basketball,2019,40.7127281,-74.0060152
Maka Ellis,G,"Las Vegas, Nev.",mens-basketball,2019,36.1674263,-115.1484131
Mike Smith,G,"Burr Ridge, Ill.",mens-basketball,2019,41.7502971,-87.9161818
Randy Brumant,F,"Houston, Texas",mens-basketball,2019,29.7589382,-95.3676974
Tai Bibbs,G,"Chicago, Ill.",mens-basketball,2019,41.8755616,-87.6244212
Asa Shannon,F,"Hyattsville, Md.",mens-basketball,2020,38.9529442,-76.9408647
Ben Milstein,G,"Boca Raton, Fla.",mens-basketball,2020,26.3586885,-80.0830984
Cameron Shockley-Okeke,G/F,"Norwalk, Conn.",mens-basketball,2020,41.1175966,-73.4078968
Eddie Turner III,G,"Seattle, Wash.",mens-basketball,2020,47.6038321,-122.330062
Emmanuel Onuama,F,"Aguleri, Nigeria",mens-basketball,2020,6.3322924,6.8779601
Gabe Stefanini,G,"Bologna, Italy",mens-basketball,2020,44.4938203,11.3426327
Ike Nweke,F,"Woodbine, Md.",mens-basketball,2020,39.359942,-77.0620833
Jake Klores,G,"New York, N.Y.",mens-basketball,2020,40.7127281,-74.0060152
Joseph Smoyer,F/C,"Portland, Ore.",mens-basketball,2020,45.5202471,-122.674194
Josh Odunowo,F,"Laurel, Md.",mens-basketball,2020,39.0984317,-76.8485094
Kobe Antwi,F,"Oakville, Ontario",mens-basketball,2020,43.447436,-79.666672
Liam Murphy,F,"Staten Island, N.Y.",mens-basketball,2020,40.5834557,-74.1496048
Luke Bolster,G,"New York, N.Y.",mens-basketball,2020,40.7127281,-74.0060152
Maka Ellis,G,"Las Vegas, Nev.",mens-basketball,2020,36.1674263,-115.1484131
Patrick Harding,F,"Fairfield, Conn.",mens-basketball,2020,41.1412078,-73.2637258
Randy Brumant,F,"Houston, Texas",mens-basketball,2020,29.7589382,-95.3676974
Tai Bibbs,G,"Chicago, Ill.",mens-basketball,2020,41.8755616,-87.6244212
Zavian McLean,G,"Spring Lake, N.C.",mens-basketball,2020,35.1679396,-78.9728056
Asa Shannon,F,"Hyattsville, Md.",mens-basketball,2021,38.9529442,-76.9408647
Ben Milstein,G,"Boca Raton, Fla.",mens-basketball,2021,26.3586885,-80.0830984
Cameron Shockley-Okeke,G/F,"Norwalk, Conn.",mens-basketball,2021,41.1175966,-73.4078968
Eddie Turner III,G,"Seattle, Wash.",mens-basketball,2021,47.6038321,-122.330062
Emmanuel Onuama,F,"Aguleri, Nigeria",mens-basketball,2021,6.3322924,6.8779601
Geronimo Rubio De La Rosa,G,"Santiago, Dominican Republic",mens-basketball,2021,19.4508468,-70.6947386
Ike Nweke,F,"Woodbine, Md.",mens-basketball,2021,39.359942,-77.0620833
Jaden Cooper,G,"Goldsboro, N.C.",mens-basketball,2021,35.3848841,-77.9927651
Jake Tavroff,F/C,"Oceanside, N.Y.",mens-basketball,2021,40.6335905,-73.6376527
Josh Odunowo,F,"Laurel, Md.",mens-basketball,2021,39.0984317,-76.8485094
Liam Murphy,F,"Staten Island, N.Y.",mens-basketball,2021,40.5834557,-74.1496048
Luke Bolster,G,"New York, N.Y.",mens-basketball,2021,40.7127281,-74.0060152
Maka Ellis,G,"Las Vegas, Nev.",mens-basketball,2021,36.1674263,-115.1484131
Noah Robledo,F,"Leander, Texas",mens-basketball,2021,30.5736134,-97.8567339
Patrick Harding,F,"Fairfield, Conn.",mens-basketball,2021,41.1412078,-73.2637258
Robbie Stankard,F,"Westwood, Mass.",mens-basketball,2021,42.2186913,-71.2233829
Zavian McLean,G,"Spring Lake, N.C.",mens-basketball,2021,35.1679396,-78.9728056
Avery Brown,G,"Beacon Falls, Conn.",mens-basketball,2022,41.4428745,-73.062608
Blair Thompson,F,"New York, N.Y.",mens-basketball,2022,40.7127281,-74.0060152
Cameron Shockley-Okeke,G/F,"Norwalk, Conn.",mens-basketball,2022,41.1175966,-73.4078968
Geronimo Rubio De La Rosa,G,"Santiago, Dominican Republic",mens-basketball,2022,19.4508468,-70.6947386
Jaden Cooper,G,"Goldsboro, N.C.",mens-basketball,2022,35.3848841,-77.9927651
Jake Tavroff,F/C,"Oceanside, N.Y.",mens-basketball,2022,40.6335905,-73.6376527
Josh Odunowo,F,"Laurel, Md.",mens-basketball,2022,39.0984317,-76.8485094
Kenny Noland,G,"Apex, N.C.",mens-basketball,2022,35.7325352,-78.8505516
Liam Murphy,F,"Staten Island, N.Y.",mens-basketball,2022,40.5834557,-74.1496048
Lukas Yurasits,G,"New York, N.Y.",mens-basketball,2022,40.7127281,-74.0060152
Noah Robledo,F,"Leander, Texas",mens-basketball,2022,30.5736134,-97.8567339
Robbie Stankard,F,"Westwood, Mass.",mens-basketball,2022,42.2186913,-71.2233829
Zavian McLean,G,"Spring Lake, N.C.",mens-basketball,2022,35.1679396,-78.9728056
Zine Eddine Bedri,F,"Tebessa, Algeria",mens-basketball,2022,35.4035956,8.1212322
Arop Arop,F,"Dallas, Texas",mens-basketball,2023,32.7762719,-96.7968559
Avery Brown,G,"Beacon Falls, Conn.",mens-basketball,2023,41.4428745,-73.062608
Blair Thompson,F,"New York, N.Y.",mens-basketball,2023,40.7127281,-74.0060152
Geronimo Rubio De La Rosa,G,"Santiago, Dominican Republic",mens-basketball,2023,19.4508468,-70.6947386
Jaden Cooper,G,"Goldsboro, N.C.",mens-basketball,2023,35.3848841,-77.9927651
Jake Tavroff,F/C,"Oceanside, N.Y.",mens-basketball,2023,40.6335905,-73.6376527
Josh Odunowo,F,"Laurel, Md.",mens-basketball,2023,39.0984317,-76.8485094
Kenny Noland,G,"Apex, N.C.",mens-basketball,2023,35.7325352,-78.8505516
Liam Murphy,F,"Staten Island, N.Y.",mens-basketball,2023,40.5834557,-74.1496048
Nicolo Romanelli,G,"Sydney, Australia",mens-basketball,2023,-33.8698439,151.2082848
Noah Robledo,F,"Leander, Texas",mens-basketball,2023,30.5736134,-97.8567339
Richard Nweke,F,"Anambra, Nigeria",mens-basketball,2023,6.2183136,6.9531842
Robbie Stankard,F,"Westwood, Mass.",mens-basketball,2023,42.2186913,-71.2233829
Zavian McLean,G,"Spring Lake, N.C.",mens-basketball,2023,35.1679396,-78.9728056
Zine Eddine Bedri,F,"Tebessa, Algeria",mens-basketball,2023,35.4035956,8.1212322
Arop Arop,F,"Dallas, Texas",mens-basketball,2024,32.7762719,-96.7968559
Avery Brown,G,"Beacon Falls, Conn.",mens-basketball,2024,41.4428745,-73.062608
Blair Thompson,F,"New York, N.Y.",mens-basketball,2024,40.7127281,-74.0060152
Dan Vessey,G,"Kalamazoo, Mich.",mens-basketball,2024,42.291707,-85.5872286
Gerard O'Keefe,G,"Nashville, Tenn.",mens-basketball,2024,36.1622767,-86.7742984
Geronimo Rubio De La Rosa,G,"Santiago, Dominican Republic",mens-basketball,2024,19.4508468,-70.6947386
Gianni Cobb,G,"Chicago, Ill.",mens-basketball,2024,41.8755616,-87.6244212
Jaden Cooper,G,"Goldsboro, N.C.",mens-basketball,2024,35.3848841,-77.9927651
Jake Tavroff,F/C,"Oceanside, N.Y.",mens-basketball,2024,40.6335905,-73.6376527
Josiah Cunningham,G,"Long Beach, Calif.",mens-basketball,2024,33.7690164,-118.191604
Kenny Noland,G,"Apex, N.C.",mens-basketball,2024,35.7325352,-78.8505516
Mason Ritter,F,"Bowling Green, Ky.",mens-basketball,2024,36.9929203,-86.4428677
Nicolo Romanelli,G,"Sydney, Australia",mens-basketball,2024,-33.8698439,151.2082848
Nigel Clarkson,F,"Fayetteville, N.C.",mens-basketball,2024,35.0525759,-78.878292
Noah Robledo,F,"Leander, Texas",mens-basketball,2024,30.5736134,-97.8567339
Richard Nweke,F,"Anambra, Nigeria",mens-basketball,2024,6.2183136,6.9531842
Robbie Stankard,F,"Westwood, Mass.",mens-basketball,2024,42.2186913,-71.2233829
Zine Eddine Bedri,F,"Tebessa, Algeria",mens-basketball,2024,35.4035956,8.1212322
Avery Brown,G,"Beacon Falls, Conn.",mens-basketball,2025,41.4428745,-73.062608
Blair Thompson,F,"New York, N.Y.",mens-basketball,2025,40.7127281,-74.0060152
Connor Igoe,F,"Brooklyn, N.Y.",mens-basketball,2025,40.6526006,-73.9497211
Dan Vessey,G,"Kalamazoo, Mich.",mens-basketball,2025,42.291707,-85.5872286
Edwin Bai,G,"Hong Kong, China",mens-basketball,2025,22.2818333,114.1582831
Gerard O'Keefe,G,"Nashville, Tenn.",mens-basketball,2025,36.1622767,-86.7742984
Hampton Sanders,G,"South Brunswick, N.J.",mens-basketball,2025,40.3818728,-74.5317663
Josiah Cunningham,G,"Long Beach, Calif.",mens-basketball,2025,33.7690164,-118.191604
Kenny Noland,G,"Apex, N.C.",mens-basketball,2025,35.7325352,-78.8505516
Leland Coleman,F,"Richmond, Va.",mens-basketball,2025,37.5385087,-77.43428
Mason Ritter,F,"Bowling Green, Ky.",mens-basketball,2025,36.9929203,-86.4428677
Miles Franklin,G,"Vienna, Va.",mens-basketball,2025,38.9013729,-77.2651762
Nicolo Romanelli,G,"Sydney, Australia",mens-basketball,2025,-33.8698439,151.2082848
Nigel Clarkson,F,"Fayetteville, N.C.",mens-basketball,2025,35.0525759,-78.878292
Richard Nweke,F,"Anambra, Nigeria",mens-basketball,2025,6.2183136,6.9531842
Ryan Soulis,F,"Athens, Greece",mens-basketball,2025,37.9755648,23.7348324
Zine Eddine Bedri,F,"Tebessa, Algeria",mens-basketball,2025,35.4035956,8.1212322
Connor Igoe,F,"Brooklyn, N.Y.",mens-basketball,2026,40.6526006,-73.9497211
Dan Vessey,G,"Kalamazoo, Mich.",mens-basketball,2026,42.291707,-85.5872286
Douglas Langford,F,"Dangriga, Belize",mens-basketball,2026,16.9666599,-88.2247368
Gabe Hornberger,G,"Nazareth, Pa.",mens-basketball,2026,40.7423309,-75.3112095
Gerard O'Keefe,G,"Nashville, Tenn.",mens-basketball,2026,36.1622767,-86.7742984
Hampton Sanders,G,"South Brunswick, N.J.",mens-basketball,2026,40.3818728,-74.5317663
Josh Pratt,G,"Columbus, Ohio",mens-basketball,2026,39.9622601,-83.0007065
Josiah Cunningham,G,"Long Beach, Calif.",mens-basketball,2026,33.7690164,-118.191604
Leland Coleman,F,"Richmond, Va.",mens-basketball,2026,37.5385087,-77.43428
Luke Cruz,F,"Fair Haven, N.J.",mens-basketball,2026,40.3606653,-74.0381947
Mason Ritter,F,"Bowling Green, Ky.",mens-basketball,2026,36.9929203,-86.4428677
Michael Madueme,G,"Orlando, Fla.",mens-basketball,2026,28.5421218,-81.379045
Miles Franklin,G,"Vienna, Va.",mens-basketball,2026,38.9013729,-77.2651762
Nicolo Romanelli,G,"Sydney, Australia",mens-basketball,2026,-33.8698439,151.2082848
Nigel Clarkson,F,"Fayetteville, N.C.",mens-basketball,2026,35.0525759,-78.878292
Nino Žarković,G,"Zagreb, Croatia",mens-basketball,2026,45.8130967,15.9772795
Richard Nweke,F,"Anambra, Nigeria",mens-basketball,2026,6.2183136,6.9531842
Trae Nunn,G,"Dallas, Texas",mens-basketball,2026,32.7762719,-96.7968559
Arjuna Anday,,"Murfreesboro, Tenn.",mens-golf,2016,35.8460396,-86.3921096
Christopher Chu,,"Fullerton, Calif.",mens-golf,2016,33.8708215,-117.929416
Cullen Chung,,"Westmount, Quebec",mens-golf,2016,45.4856917,-73.596562
Curtis Chan,,"Richmond, B.C.",mens-golf,2016,49.163168,-123.137414
J Christian FitzGerald,,"Plandome Manor, N.Y.",mens-golf,2016,40.8162117,-73.6973525
Joshua Suh,,"La Canada, Calif.",mens-golf,2016,33.7301661,-117.7638553
Mert Selamet,,"Dublin, Ohio",mens-golf,2016,40.0996009,-83.1135563
Nick Brisebois,,"Kanata, Ontario, Canada",mens-golf,2016,45.3659205,-75.9654674
Sunny Yan,,"Monterey, Calif.",mens-golf,2016,36.2231079,-121.387742
Tharusyan Pillay,,"San Jose, Calif.",mens-golf,2016,37.3361663,-121.890591
Arjun Puri,,"New Delhi, India",mens-golf,2017,28.6138954,77.2090057
Cullen Chung,,"Westmount, Quebec",mens-golf,2017,45.4856917,-73.596562
Curtis Chan,,"Richmond, B.C.",mens-golf,2017,49.163168,-123.137414
Dan Terrell,,"Portland, Oregon",mens-golf,2017,45.5202471,-122.674194
John Robertson,,"Cincinnati, Ohio",mens-golf,2017,39.1012809,-84.5127405
Joshua Suh,,"La Canada, Calif.",mens-golf,2017,33.7301661,-117.7638553
Nick Brisebois,,"Kanata, Ontario, Canada",mens-golf,2017,45.3659205,-75.9654674
Sunny Yan,,"Monterey, Calif.",mens-golf,2017,36.2231079,-121.387742
Youn Sung Kim,,"Toronto, Ontario, Canada",mens-golf,2017,43.6534817,-79.3839347
Arjun Puri,,"New Delhi, India",mens-golf,2018,28.6138954,77.2090057
Cullen Chung,,"Westmount, Quebec",mens-golf,2018,45.4856917,-73.596562
Dan Terrell,,"Portland, Oregon",mens-golf,2018,45.5202471,-122.674194
Daniel Core,,"Sorrento, Fla.",mens-golf,2018,28.8074435,-81.5638095
Derek Kim,,"Irvine, Calif.",mens-golf,2018,33.6856969,-117.825981
John Robertson,,"Cincinnati, Ohio",mens-golf,2018,39.1012809,-84.5127405
Nick Brisebois,,"Kanata, Ontario, Canada",mens-golf,2018,45.3659205,-75.9654674
Pat Healy,,"Centerport, N.Y.",mens-golf,2018,40.898077,-73.373051
Sunny Yan,,"Monterey, Calif.",mens-golf,2018,36.2231079,-121.387742
Youn Sung Kim,,"Toronto, Ontario, Canada",mens-golf,2018,43.6534817,-79.3839347
Alvin Kwak,,"Mukilteo, Wash.",mens-golf,2019,47.9474034,-122.3036992
Arjun Puri,,"New Delhi, India",mens-golf,2019,28.6138954,77.2090057
Cullen Chung,,"Westmount, Quebec",mens-golf,2019,45.4856917,-73.596562
Dan Terrell,,"Portland, Oregon",mens-golf,2019,45.5202471,-122.674194
Daniel Core,,"Sorrento, Fla.",mens-golf,2019,28.8074435,-81.5638095
Derek Kim,,"Irvine, Calif.",mens-golf,2019,33.6856969,-117.825981
John Robertson,,"Cincinnati, Ohio",mens-golf,2019,39.1012809,-84.5127405
Nathan Han,,"Somers, N.Y.",mens-golf,2019,41.3280884,-73.685745
Nick Brisebois,,"Kanata, Ontario, Canada",mens-golf,2019,45.3659205,-75.9654674
Pat Healy,,"Centerport, N.Y.",mens-golf,2019,40.898077,-73.373051
Youn Sung Kim,,"Toronto, Ontario, Canada",mens-golf,2019,43.6534817,-79.3839347
Arjun Puri,,"New Delhi, India",mens-golf,2020,28.6138954,77.2090057
DJ Francey,,"Weston, Fla.",mens-golf,2020,26.1003392,-80.399513
Dan Terrell,,"Portland, Oregon",mens-golf,2020,45.5202471,-122.674194
Daniel Core,,"Sorrento, Fla.",mens-golf,2020,28.8074435,-81.5638095
Derek Kim,,"Irvine, Calif.",mens-golf,2020,33.6856969,-117.825981
John Robertson,,"Cincinnati, Ohio",mens-golf,2020,39.1012809,-84.5127405
Alvin Kwak,,"Mukilteo, Wash.",mens-golf,2021,47.9474034,-122.3036992
DJ Francey,,"Weston, Fla.",mens-golf,2021,26.1003392,-80.399513
Daniel Core,,"Sorrento, Fla.",mens-golf,2021,28.8074435,-81.5638095
Nathan Han,,"Somers, N.Y.",mens-golf,2021,41.3280884,-73.685745
Pat Healy,,"Centerport, N.Y.",mens-golf,2021,40.898077,-73.373051
William Sung,,"La Habra Heights, Calif.",mens-golf,2021,33.9604546,-117.9504255
Wyatt McGovern,,"Hillsborough, Calif.",mens-golf,2021,37.557252,-122.362529
Alvin Kwak,,"Mukilteo, Wash.",mens-golf,2022,47.9474034,-122.3036992
DJ Francey,,"Weston, Fla.",mens-golf,2022,26.1003392,-80.399513
Darren Pang,,"Milpitas, Calif.",mens-golf,2022,37.4332273,-121.8989248
George Rubelsky,,"Phoenix, Ariz.",mens-golf,2022,33.4484367,-112.074141
Nathan Han,,"Somers, N.Y.",mens-golf,2022,41.3280884,-73.685745
Pat Healy,,"Centerport, N.Y.",mens-golf,2022,40.898077,-73.373051
William Sung,,"La Habra Heights, Calif.",mens-golf,2022,33.9604546,-117.9504255
Wyatt McGovern,,"Hillsborough, Calif.",mens-golf,2022,37.557252,-122.362529
Alvin Kwak,,"Mukilteo, Wash.",mens-golf,2023,47.9474034,-122.3036992
DJ Francey,,"Weston, Fla.",mens-golf,2023,26.1003392,-80.399513
Darren Pang,,"Milpitas, Calif.",mens-golf,2023,37.4332273,-121.8989248
George Rubelsky,,"Phoenix, Ariz.",mens-golf,2023,33.4484367,-112.074141
Hunter Po,,"San Diego, Calif.",mens-golf,2023,32.7157062,-117.1638284
Nathan Han,,"Somers, N.Y.",mens-golf,2023,41.3280884,-73.685745
William Sung,,"La Habra Heights, Calif.",mens-golf,2023,33.9604546,-117.9504255
Wyatt McGovern,,"Hillsborough, Calif.",mens-golf,2023,37.557252,-122.362529
Darren Pang,,"Milpitas, Calif.",mens-golf,2024,37.4332273,-121.8989248
George Rubelsky,,"Phoenix, Ariz.",mens-golf,2024,33.4484367,-112.074141
Grant Lester,,"Washington, D.C.",mens-golf,2024,38.8950982,-77.0363849
Hunter Po,,"San Diego, Calif.",mens-golf,2024,32.7157062,-117.1638284
Ryan Keyes,,"Wellesley, Mass.",mens-golf,2024,42.2964859,-71.2925571
Salil Khanduja,,"Naperville, Ill.",mens-golf,2024,41.7728699,-88.1479278
William Sung,,"La Habra Heights, Calif.",mens-golf,2024,33.9604546,-117.9504255
Wyatt McGovern,,"Hillsborough, Calif.",mens-golf,2024,37.557252,-122.362529
Alejandro Formosa,,"San Mateo, Calif.",mens-golf,2025,37.496904,-122.3330573
Darren Pang,,"Milpitas, Calif.",mens-golf,2025,37.4332273,-121.8989248
George Rubelsky,,"Phoenix, Ariz.",mens-golf,2025,33.4484367,-112.074141
Hunter Po,,"San Diego, Calif.",mens-golf,2025,32.7157062,-117.1638284
Neil Kulkarni,,"Ashburn, Va.",mens-golf,2025,39.029784,-77.4744148
Ryan Keyes,,"Wellesley, Mass.",mens-golf,2025,42.2964859,-71.2925571
Salil Khanduja,,"Naperville, Ill.",mens-golf,2025,41.7728699,-88.1479278
Sam Johnson,,"Brentwood, Tenn.",mens-golf,2025,36.0325687,-86.7825235
Alejandro Formosa,,"San Mateo, Calif.",mens-golf,2026,37.496904,-122.3330573
Charles Lange,,"Richmond, Va.",mens-golf,2026,37.5385087,-77.43428
Hunter Po,,"San Diego, Calif.",mens-golf,2026,32.7157062,-117.1638284
Neil Kulkarni,,"Ashburn, Va.",mens-golf,2026,39.029784,-77.4744148
Ryan Keyes,,"Wellesley, Mass.",mens-golf,2026,42.2964859,-71.2925571
Salil Khanduja,,"Naperville, Ill.",mens-golf,2026,41.7728699,-88.1479278
Sam Johnson,,"Brentwood, Tenn.",mens-golf,2026,36.0325687,-86.7825235
Spencer Carter,,"Dallas, Texas",mens-golf,2026,32.7762719,-96.7968559
Tom Yu,,"Arcadia, Calif.",mens-golf,2026,34.1362075,-118.0401497
Alastair Clements,,"Lyme, Conn.",mens-rowing,2016,41.394496,-72.3510347
Alex Hedge,,"Morristown, N.J.",mens-rowing,2016,40.7970382,-74.4809868
Alexander Kutner,,"New Canaan, Conn.",mens-rowing,2016,41.146763,-73.4948446
Andrew Bair,,"Rydal, Pa.",mens-rowing,2016,40.107492,-75.1106687
Aris Togias,,"Washington, D.C.",mens-rowing,2016,38.8950982,-77.0363849
Ben Tilden,,"Carrollton, Texas",mens-rowing,2016,32.9515472,-96.9034244
Caroline Ellwood,COX,"Greenville Junction, Mass.",mens-rowing,2016,45.4608797,-69.6161662
Caroline Hurley,COX,Saint Ignitus,mens-rowing,2016,47.3195165,-114.097039
Colin Keane,,"Redwood City, Calif.",mens-rowing,2016,37.4863239,-122.232523
Connor Coughlin,,"New Rochelle, N.Y.",mens-rowing,2016,40.9115386,-73.7826363
Eitan Rothman,,"Los Angeles, Calif.",mens-rowing,2016,34.0536909,-118.242766
Gregory Klumpp,,"Rochester, N.Y.",mens-rowing,2016,43.157285,-77.615214
Hugh Cecil,,"Asheville, N.C.",mens-rowing,2016,35.595363,-82.5508407
Ivan Perdomo,,"Miami, Fla.",mens-rowing,2016,25.7741566,-80.1935973
Josef Starc,,"Oakland, Calif.",mens-rowing,2016,37.8044557,-122.271356
Kirill Buskirk,,"Mukilteo, Wash.",mens-rowing,2016,47.9474034,-122.3036992
Madeline Nece,COX,"Moorestown, N.J.",mens-rowing,2016,39.9670569,-74.9426677
Matt Ryan,,"Boston, Mass.",mens-rowing,2016,42.3588336,-71.0578303
Maxim Zwarycz,,"Morristown, N.J.",mens-rowing,2016,40.7970382,-74.4809868
Mihir Gulati,COX,"Weston, Mass.",mens-rowing,2016,42.3667625,-71.3031132
Nick Edwards,,"Sarasota, Fla.",mens-rowing,2016,27.3365805,-82.5308545
Noah Ross,,"Port Washington, N.Y.",mens-rowing,2016,40.8263965,-73.684993
Patrick Dyroff,,"Hanover, N.H.",mens-rowing,2016,43.7023545,-72.2892164
Peter Kiernan,,"New York, N.Y.",mens-rowing,2016,40.7127281,-74.0060152
Peter Richards,,"Washington, D.C.",mens-rowing,2016,38.8950982,-77.0363849
Robert Alfieri,,"New York, N.Y.",mens-rowing,2016,40.7127281,-74.0060152
Robert Marsh,,"Darien, Conn.",mens-rowing,2016,41.0787079,-73.4692873
Stuart Buck,,"Kent, Wash.",mens-rowing,2016,47.3826903,-122.2270272
Tristan Orlofski,,"Mountain Lakes, N.J.",mens-rowing,2016,40.8948212,-74.4329314
Tucker Klutey,,"Ridgefield, Conn.",mens-rowing,2016,41.2814842,-73.4981792
Will Taylor,,"Breadalbane, Australia",mens-rowing,2016,-20.4345615,148.60959
Zachary Skypeck,,"Melbourne, Fla.",mens-rowing,2016,28.0785034,-80.6077908
Alex Hedge,,"Morristown, N.J.",mens-rowing,2017,40.7970382,-74.4809868
Alexander Kutner,,"New Canaan, Conn.",mens-rowing,2017,41.146763,-73.4948446
Aris Togias,,"Washington, D.C.",mens-rowing,2017,38.8950982,-77.0363849
Ben Tilden,,"Carrollton, Texas",mens-rowing,2017,32.9515472,-96.9034244
Caroline Hurley,COX,Saint Ignitus,mens-rowing,2017,47.3195165,-114.097039
Claire Hall-Tipping,COX,"Norwalk, Conn.",mens-rowing,2017,41.1175966,-73.4078968
Frank Baring,,"London, England",mens-rowing,2017,51.5074456,-0.1277653
Ivan Perdomo,,"Miami, Fla.",mens-rowing,2017,25.7741566,-80.1935973
Josef Starc,,"Oakland, Calif.",mens-rowing,2017,37.8044557,-122.271356
Kirill Buskirk,,"Mukilteo, Wash.",mens-rowing,2017,47.9474034,-122.3036992
Madeline Nece,COX,"Moorestown, N.J.",mens-rowing,2017,39.9670569,-74.9426677
Matt Ryan,,"Boston, Mass.",mens-rowing,2017,42.3588336,-71.0578303
Maxim Zwarycz,,"Morristown, N.J.",mens-rowing,2017,40.7970382,-74.4809868
Mihir Gulati,COX,"Weston, Mass.",mens-rowing,2017,42.3667625,-71.3031132
Nick Edwards,,"Sarasota, Fla.",mens-rowing,2017,27.3365805,-82.5308545
Niko Savas,,"Ramsey, N.J.",mens-rowing,2017,41.0573188,-74.1409771
Noah Ross,,"Port Washington, N.Y.",mens-rowing,2017,40.8263965,-73.684993
Peter Richards,,"Washington, D.C.",mens-rowing,2017,38.8950982,-77.0363849
Robert Marsh,,"Darien, Conn.",mens-rowing,2017,41.0787079,-73.4692873
Ryan Lee,,"Knoxville, Tenn.",mens-rowing,2017,35.9603948,-83.9210261
Stuart Buck,,"Kent, Wash.",mens-rowing,2017,47.3826903,-122.2270272
Tristan Orlofski,,"Mountain Lakes, N.J.",mens-rowing,2017,40.8948212,-74.4329314
Will Taylor,,"Breadalbane, Australia",mens-rowing,2017,-20.4345615,148.60959
Alex Hedge,,"Morristown, N.J.",mens-rowing,2018,40.7970382,-74.4809868
Ben Tilden,,"Carrollton, Texas",mens-rowing,2018,32.9515472,-96.9034244
Caroline Hurley,COX,Saint Ignitus,mens-rowing,2018,47.3195165,-114.097039
Nick Edwards,,"Sarasota, Fla.",mens-rowing,2018,27.3365805,-82.5308545
Niko Savas,,"Ramsey, N.J.",mens-rowing,2018,41.0573188,-74.1409771
Oliver Babb,,"Atlanta, Ga.",mens-rowing,2018,33.7544657,-84.3898151
Ryan Lee,,"Knoxville, Tenn.",mens-rowing,2018,35.9603948,-83.9210261
Stuart Buck,,"Kent, Wash.",mens-rowing,2018,47.3826903,-122.2270272
Tristan Orlofski,,"Mountain Lakes, N.J.",mens-rowing,2018,40.8948212,-74.4329314
Alex Herron,COX,"Port Washington, N.Y.",mens-rowing,2019,40.8263965,-73.684993
Archer Staunton,,"Fairfield, Conn",mens-rowing,2019,41.1412078,-73.2637258
Austin Cox,,"Spring, Texas",mens-rowing,2019,30.070979,-95.4013419
Bennett Slibeck,,New York City,mens-rowing,2019,40.7127281,-74.0060152
Cameron Nelson,,"Needham, Mass",mens-rowing,2019,42.2802645,-71.2360624
Chris Magnani,,"Bronxville, N.Y.",mens-rowing,2019,40.9381544,-73.8320784
Clay Watson,,"Palo Alto, Calif.",mens-rowing,2019,37.4443293,-122.1598465
Elizabeth Neuhauser,COX,"Minneapolis, Minn.",mens-rowing,2019,44.9772995,-93.2654692
Henry Quinn-Pasin,,"Oak Park, Ill.",mens-rowing,2019,41.8878145,-87.7887615
Ian Low,,"San Francisco, Calif.",mens-rowing,2019,37.7879363,-122.4075201
Isabel Guerrero,COX,"Princeton, N.J.",mens-rowing,2019,40.3496953,-74.6597376
James Hilton,,"Darien, Conn.",mens-rowing,2019,41.0787079,-73.4692873
John Baert,,"Bronx, N.Y.",mens-rowing,2019,40.8466508,-73.8785937
John Stankard,,"Westwood, Mass.",mens-rowing,2019,42.2186913,-71.2233829
John Tanguay,,"Pennington, N.J.",mens-rowing,2019,40.3281213,-74.7909992
John Theodore,,"Baltimore, Md",mens-rowing,2019,39.2908816,-76.610759
Kevin Kearney,,"Roslyn Heights, N.Y.",mens-rowing,2019,40.7766105,-73.6339769
Kyle Fram,,"Lawrenceville, N.J.",mens-rowing,2019,40.3009876,-74.7373728
Lauren Cohen,COX,"La Jolla, Calif.",mens-rowing,2019,32.8458529,-117.2575702
Maya Esberg,COX,"Philadelphia, Penn.",mens-rowing,2019,39.9594991,-75.1812688
Michael Lee,,"Vienna, Va. | Oakton",mens-rowing,2019,38.8776013,-77.2722884
Neil Kennedy,,"Fronthill, Ontario",mens-rowing,2019,43.0446069,-79.284524
Oliver Babb,,"Atlanta, Ga.",mens-rowing,2019,33.7544657,-84.3898151
Punisa Lekovic,,"San Marino, Calif",mens-rowing,2019,34.1215947,-118.105739
Quin Koether,,"Fairfield, Conn.",mens-rowing,2019,41.1412078,-73.2637258
Robert Doyle,,"Irvington, N.Y.",mens-rowing,2019,41.0398662,-73.872717
Ryan Hardenbrook,,"Hopkinton, Mass.",mens-rowing,2019,42.2288875,-71.5196439
Ryan Lee,,"Knoxville, Tenn.",mens-rowing,2019,35.9603948,-83.9210261
Sean Aral,,"Glen Cove, N.Y.",mens-rowing,2019,40.8642028,-73.6317807
Tom Mortimer,,"Reading, England",mens-rowing,2019,51.4564242,-0.9700664
Tristan Jamidar,,"Guilford, Conn",mens-rowing,2019,41.2827593,-72.6816365
William Randolph,,"Great Falls, Va.",mens-rowing,2019,39.0116538,-77.3083988
William Ryan,,"Winchester, Mass.",mens-rowing,2019,42.4523178,-71.1369982
Anthony Rostek,,"Blauvelt, N.Y.",mens-rowing,2020,41.069612,-73.9518441
Archer Staunton,,"Fairfield, Conn",mens-rowing,2020,41.1412078,-73.2637258
Cameron Nelson,,"Needham, Mass",mens-rowing,2020,42.2802645,-71.2360624
Chong Hong,,"Cambridge, Mass.",mens-rowing,2020,42.3656347,-71.1040018
Dylan Rose,,"Chicago, Ill.",mens-rowing,2020,41.8755616,-87.6244212
Hayden McGuinness,,"Little Compton, R.I.",mens-rowing,2020,41.5101085,-71.1711648
Jacob Page,,"Granger, Ind.",mens-rowing,2020,41.735251,-86.1062763
John Stankard,,"Westwood, Mass.",mens-rowing,2020,42.2186913,-71.2233829
John Theodore,,"Baltimore, Md",mens-rowing,2020,39.2908816,-76.610759
Jonas Passante,,"New Rochelle, N.Y.",mens-rowing,2020,40.9115386,-73.7826363
Katie Ryan,COX,"New Albany, Ohio",mens-rowing,2020,40.0811745,-82.8087864
Michael Lee,,"Vienna, Va. | Oakton",mens-rowing,2020,38.8776013,-77.2722884
Milo Walshe,,"New York, N.Y.",mens-rowing,2020,40.7127281,-74.0060152
Oliver Babb,,"Atlanta, Ga.",mens-rowing,2020,33.7544657,-84.3898151
Ryan Lee,,"Knoxville, Tenn.",mens-rowing,2020,35.9603948,-83.9210261
Adrian Foley,,"Point Pleasant, N.J.",mens-rowing,2021,40.0831714,-74.0681931
Anthony Rostek,,"Blauvelt, N.Y.",mens-rowing,2021,41.069612,-73.9518441
Archer Staunton,,"Fairfield, Conn",mens-rowing,2021,41.1412078,-73.2637258
Ben Shakespeare,,"Wiltshire, England",mens-rowing,2021,51.324162,-1.9032487
Brooke Nieder,COX,"Miami Beach, Fla.",mens-rowing,2021,25.7929198,-80.1353006
David McMillan,,"Barrington, R.I.",mens-rowing,2021,41.7407661,-71.3084633
Dylan Rose,,"Chicago, Ill.",mens-rowing,2021,41.8755616,-87.6244212
Eric Morais,,"College Station, Texas",mens-rowing,2021,30.6183939,-96.3455991
Graham Gallagher,,"Lake Forest Park, Wash.",mens-rowing,2021,47.7567679,-122.2809623
Hayden McGuinness,,"Little Compton, R.I.",mens-rowing,2021,41.5101085,-71.1711648
James Hilton,,"Darien, Conn.",mens-rowing,2021,41.0787079,-73.4692873
John Stankard,,"Westwood, Mass.",mens-rowing,2021,42.2186913,-71.2233829
John Theodore,,"Baltimore, Md",mens-rowing,2021,39.2908816,-76.610759
Jonas Passante,,"New Rochelle, N.Y.",mens-rowing,2021,40.9115386,-73.7826363
Katie Ryan,COX,"New Albany, Ohio",mens-rowing,2021,40.0811745,-82.8087864
Luke Filor,,"Rye, N.Y.",mens-rowing,2021,40.9821371,-73.6840902
Mads Sroat,,"Burlingame, Calif.",mens-rowing,2021,37.5780965,-122.3473099
Mattias Yotopoulos,,"Palo Alto, Calif.",mens-rowing,2021,37.4443293,-122.1598465
Michael Lee,,"Vienna, Va. | Oakton",mens-rowing,2021,38.8776013,-77.2722884
Milo Walshe,,"New York, N.Y.",mens-rowing,2021,40.7127281,-74.0060152
Nick Hazard,,"Boston, Mass.",mens-rowing,2021,42.3588336,-71.0578303
Oliver Babb,,"Atlanta, Ga.",mens-rowing,2021,33.7544657,-84.3898151
Punisa Lekovic,,"San Marino, Calif",mens-rowing,2021,34.1215947,-118.105739
Rasa Audejaitis,COX,"Seattle, Wash.",mens-rowing,2021,47.6038321,-122.330062
Ryan Lee,,"Knoxville, Tenn.",mens-rowing,2021,35.9603948,-83.9210261
Zeke Johnson,,"Larkspur, Calif.",mens-rowing,2021,37.9340915,-122.5352539
Adam Pushner,,"Fairfield, Conn.",mens-rowing,2022,41.1412078,-73.2637258
Adrian Foley,,"Point Pleasant, N.J.",mens-rowing,2022,40.0831714,-74.0681931
Alessandro Lee,,"Long Valley, N.J.",mens-rowing,2022,40.7816814,-74.7592328
Archer Staunton,,"Fairfield, Conn",mens-rowing,2022,41.1412078,-73.2637258
Ben Shakespeare,,"Wiltshire, England",mens-rowing,2022,51.324162,-1.9032487
Benjamin Stein,,"Palo Alto, Calif.",mens-rowing,2022,37.4443293,-122.1598465
Brooke Nieder,COX,"Miami Beach, Fla.",mens-rowing,2022,25.7929198,-80.1353006
Caroline Kay,COX,"Stanhope, N.J.",mens-rowing,2022,40.9028765,-74.7090517
Charles Cartisser,,"London, England",mens-rowing,2022,51.5074456,-0.1277653
Chong Hong,,"Cambridge, Mass.",mens-rowing,2022,42.3656347,-71.1040018
Daniel Robbins,,"Calabasas, Calif.",mens-rowing,2022,34.1446643,-118.644097
David McMillan,,"Barrington, R.I.",mens-rowing,2022,41.7407661,-71.3084633
David Vyhnal,,"Velke Popovice, Czech Republic",mens-rowing,2022,49.9224718,14.6390582
Dylan Rose,,"Chicago, Ill.",mens-rowing,2022,41.8755616,-87.6244212
Eric Morais,,"College Station, Texas",mens-rowing,2022,30.6183939,-96.3455991
Jace White,,"Collegeville, Pa.",mens-rowing,2022,40.1854712,-75.4512163
John Stankard,,"Westwood, Mass.",mens-rowing,2022,42.2186913,-71.2233829
John Theodore,,"Baltimore, Md",mens-rowing,2022,39.2908816,-76.610759
Lucy Roberts,COX,"Dallas, Texas",mens-rowing,2022,32.7762719,-96.7968559
Michael Lee,,"Vienna, Va. | Oakton",mens-rowing,2022,38.8776013,-77.2722884
Milo Walshe,,"New York, N.Y.",mens-rowing,2022,40.7127281,-74.0060152
Peter Woodville,,"Devon, Pa.",mens-rowing,2022,40.0473603,-75.4229511
Rasa Audejaitis,COX,"Seattle, Wash.",mens-rowing,2022,47.6038321,-122.330062
Ria Raheja,,"Roswell, Ga.",mens-rowing,2022,34.02332,-84.360022
Samuel Count,,"Chantilly, Va.",mens-rowing,2022,38.885219,-77.4486772
Tristan Atreides,,"Great Neck, N.Y.",mens-rowing,2022,40.80292,-73.7360177
Zander Meyer,,"Santa Barbara, Calif.",mens-rowing,2022,34.4221319,-119.702667
Zeke Johnson,,"Larkspur, Calif.",mens-rowing,2022,37.9340915,-122.5352539
Adam Pushner,,"Fairfield, Conn.",mens-rowing,2023,41.1412078,-73.2637258
Alessandro Lee,,"Long Valley, N.J.",mens-rowing,2023,40.7816814,-74.7592328
August Michels,,"Pittsburg, Pa",mens-rowing,2023,40.9328397,-80.3633981
Barney Russell,,"London, England",mens-rowing,2023,51.5074456,-0.1277653
Caroline Kay,COX,"Stanhope, N.J.",mens-rowing,2023,40.9028765,-74.7090517
Charles Cartisser,,"London, England",mens-rowing,2023,51.5074456,-0.1277653
Colton Millar,,"Sarasota, Fla.",mens-rowing,2023,27.3365805,-82.5308545
Conor Parks,,"Tiburon, California",mens-rowing,2023,37.8775332,-122.460808
Cornelia Streeter,,"Madison, Connecticut",mens-rowing,2023,41.2794282,-72.5983151
Daniel Robbins,,"Calabasas, Calif.",mens-rowing,2023,34.1446643,-118.644097
David McMillan,,"Barrington, R.I.",mens-rowing,2023,41.7407661,-71.3084633
David Vyhnal,,"Velke Popovice, Czech Republic",mens-rowing,2023,49.9224718,14.6390582
Dylan Rose,,"Chicago, Ill.",mens-rowing,2023,41.8755616,-87.6244212
Eric Morais,,"College Station, Texas",mens-rowing,2023,30.6183939,-96.3455991
Grant McCurdy,,"Sarasota, Fla.",mens-rowing,2023,27.3365805,-82.5308545
Harry Halper,,"Brigantine, N.J.",mens-rowing,2023,39.4101171,-74.3645906
Henry Blakemore,,"London, England",mens-rowing,2023,51.5074456,-0.1277653
Jace White,,"Collegeville, Pa.",mens-rowing,2023,40.1854712,-75.4512163
Lucy Roberts,COX,"Dallas, Texas",mens-rowing,2023,32.7762719,-96.7968559
Milo Walshe,,"New York, N.Y.",mens-rowing,2023,40.7127281,-74.0060152
Nick Gonzalez,,"Long Beach, Calif",mens-rowing,2023,33.7690164,-118.191604
Peter Woodville,,"Devon, Pa.",mens-rowing,2023,40.0473603,-75.4229511
Ria Raheja,,"Roswell, Ga.",mens-rowing,2023,34.02332,-84.360022
Samuel Count,,"Chantilly, Va.",mens-rowing,2023,38.885219,-77.4486772
Taeshic Chung,,"Greenwich, Conn.",mens-rowing,2023,41.0264862,-73.6284598
Victor Popovic,,"Belgrade, Serbia",mens-rowing,2023,44.8153318,20.4456588
Zeke Johnson,,"Larkspur, Calif.",mens-rowing,2023,37.9340915,-122.5352539
Adam Pushner,,"Fairfield, Conn.",mens-rowing,2024,41.1412078,-73.2637258
Alessandro Lee,,"Long Valley, N.J.",mens-rowing,2024,40.7816814,-74.7592328
Alex Castellini,,"Cincinnati, Ohio",mens-rowing,2024,39.1012809,-84.5127405
August Michels,,"Pittsburg, Pa",mens-rowing,2024,40.9328397,-80.3633981
Barney Russell,,"London, England",mens-rowing,2024,51.5074456,-0.1277653
Caroline Kay,COX,"Stanhope, N.J.",mens-rowing,2024,40.9028765,-74.7090517
Charles Boldt,,"Carmel, Ind.",mens-rowing,2024,39.9784186,-86.1283681
Charles Cartisser,,"London, England",mens-rowing,2024,51.5074456,-0.1277653
Colton Millar,,"Sarasota, Fla.",mens-rowing,2024,27.3365805,-82.5308545
Conor Parks,,"Tiburon, California",mens-rowing,2024,37.8775332,-122.460808
Cornelia Streeter,,"Madison, Connecticut",mens-rowing,2024,41.2794282,-72.5983151
Daniel Robbins,,"Calabasas, Calif.",mens-rowing,2024,34.1446643,-118.644097
David Vyhnal,,"Velke Popovice, Czech Republic",mens-rowing,2024,49.9224718,14.6390582
Grant McCurdy,,"Sarasota, Fla.",mens-rowing,2024,27.3365805,-82.5308545
Harry Halper,,"Brigantine, N.J.",mens-rowing,2024,39.4101171,-74.3645906
Henry Blakemore,,"London, England",mens-rowing,2024,51.5074456,-0.1277653
Kyle Grose,,"Broomall, Pa.",mens-rowing,2024,39.9689505,-75.3528373
Lucy Roberts,COX,"Dallas, Texas",mens-rowing,2024,32.7762719,-96.7968559
Mateja Mitrovic,,"Belgrade, Serbia",mens-rowing,2024,44.8153318,20.4456588
Michael Tzitzikakis,,"London, England",mens-rowing,2024,51.5074456,-0.1277653
Nathanael Abrials,,"Alexandria, Va.",mens-rowing,2024,38.8051095,-77.0470229
Nick Gonzalez,,"Long Beach, Calif",mens-rowing,2024,33.7690164,-118.191604
Nick Smyth,,"Cincinnati, Ohio",mens-rowing,2024,39.1012809,-84.5127405
Peter Woodville,,"Devon, Pa.",mens-rowing,2024,40.0473603,-75.4229511
Taeshic Chung,,"Greenwich, Conn.",mens-rowing,2024,41.0264862,-73.6284598
Tai Renner,,"Lower Hutt, New Zealand",mens-rowing,2024,-41.2125751,174.9057626
Victor Popovic,,"Belgrade, Serbia",mens-rowing,2024,44.8153318,20.4456588
Will Mathes,,"Sarasota, Fla.",mens-rowing,2024,27.3365805,-82.5308545
Adam Pushner,,"Fairfield, Conn.",mens-rowing,2025,41.1412078,-73.2637258
Aleks Nikolov,,"Danville, CA.",mens-rowing,2025,37.8225892,-122.0008254
Alessandro Lee,,"Long Valley, N.J.",mens-rowing,2025,40.7816814,-74.7592328
Alex Castellini,,"Cincinnati, Ohio",mens-rowing,2025,39.1012809,-84.5127405
Archie White,,"High Wycombe, U.K.",mens-rowing,2025,51.6317449,-0.75596
August Michels,,"Pittsburg, Pa",mens-rowing,2025,40.9328397,-80.3633981
Barney Russell,,"London, England",mens-rowing,2025,51.5074456,-0.1277653
Charles Boldt,,"Carmel, Ind.",mens-rowing,2025,39.9784186,-86.1283681
Charles Cartisser,,"London, England",mens-rowing,2025,51.5074456,-0.1277653
Christopher Zermeno,,CA,mens-rowing,2025,61.0666922,-107.991707
Colton Millar,,"Sarasota, Fla.",mens-rowing,2025,27.3365805,-82.5308545
Conor Parks,,"Tiburon, California",mens-rowing,2025,37.8775332,-122.460808
Corbin Vassil,,"Cincinnati, OH",mens-rowing,2025,39.1012809,-84.5127405
Cornelia Streeter,,"Madison, Connecticut",mens-rowing,2025,41.2794282,-72.5983151
Daniel Robbins,,"Calabasas, Calif.",mens-rowing,2025,34.1446643,-118.644097
David Thompson,,"New Canaan, CT",mens-rowing,2025,41.146763,-73.4948446
David Vyhnal,,"Velke Popovice, Czech Republic",mens-rowing,2025,49.9224718,14.6390582
Grant McCurdy,,"Sarasota, Fla.",mens-rowing,2025,27.3365805,-82.5308545
Harry Halper,,"Brigantine, N.J.",mens-rowing,2025,39.4101171,-74.3645906
Henry Beer,,"Oxford, UK",mens-rowing,2025,51.7520131,-1.2578499
James Palanca,,"St Louis, MO.",mens-rowing,2025,38.6254063,-90.190009
Kyle Grose,,"Broomall, Pa.",mens-rowing,2025,39.9689505,-75.3528373
Liam Bauchspies,,"Warrenton, VA",mens-rowing,2025,38.7135498,-77.795367
Lucy Roberts,COX,"Dallas, Texas",mens-rowing,2025,32.7762719,-96.7968559
Mateja Mitrovic,,"Belgrade, Serbia",mens-rowing,2025,44.8153318,20.4456588
Matias Bliss-Carrascosa,,"San Carlos, CA.",mens-rowing,2025,37.504936,-122.261823
Michael Botti,,"Vancouver, Canada",mens-rowing,2025,49.2608724,-123.113952
Michael Tzitzikakis,,"London, England",mens-rowing,2025,51.5074456,-0.1277653
Nathanael Abrials,,"Alexandria, Va.",mens-rowing,2025,38.8051095,-77.0470229
Nemanja Petrovic,,"Belgrade, Serbia",mens-rowing,2025,44.8153318,20.4456588
Nick Gonzalez,,"Long Beach, Calif",mens-rowing,2025,33.7690164,-118.191604
Nick Smyth,,"Cincinnati, Ohio",mens-rowing,2025,39.1012809,-84.5127405
Peter Woodville,,"Devon, Pa.",mens-rowing,2025,40.0473603,-75.4229511
Sam Wilson,,"Cos Cob, Conn.",mens-rowing,2025,41.0510193,-73.5919491
Taeshic Chung,,"Greenwich, Conn.",mens-rowing,2025,41.0264862,-73.6284598
Tai Renner,,"Lower Hutt, New Zealand",mens-rowing,2025,-41.2125751,174.9057626
Thomas Woodgate,,"Christchurch, N.Z.",mens-rowing,2025,-43.4965562,172.607784
Tim Gutsev,,"London, U.K.",mens-rowing,2025,-8.8162775,115.1541201
Victor Popovic,,"Belgrade, Serbia",mens-rowing,2025,44.8153318,20.4456588
Will Mathes,,"Sarasota, Fla.",mens-rowing,2025,27.3365805,-82.5308545
Aleks Nikolov,,"Danville, CA.",mens-rowing,2026,37.8225892,-122.0008254
Alex Castellini,,"Cincinnati, Ohio",mens-rowing,2026,39.1012809,-84.5127405
Andrew Green,,"York, North Yorkshire, U.K.",mens-rowing,2026,53.9590555,-1.0815361
Archie White,,"High Wycombe, U.K.",mens-rowing,2026,51.6317449,-0.75596
August Michels,,"Pittsburg, Pa",mens-rowing,2026,40.9328397,-80.3633981
Barney Russell,,"London, England",mens-rowing,2026,51.5074456,-0.1277653
Can Yuce,,"Istanbul, Turkiye",mens-rowing,2026,41.006381,28.9758715
Charles Boldt,,"Carmel, Ind.",mens-rowing,2026,39.9784186,-86.1283681
Christopher Zermeno,,CA,mens-rowing,2026,61.0666922,-107.991707
Colton Millar,,"Sarasota, Fla.",mens-rowing,2026,27.3365805,-82.5308545
Conor Parks,,"Tiburon, California",mens-rowing,2026,37.8775332,-122.460808
Corbin Vassil,,"Cincinnati, OH",mens-rowing,2026,39.1012809,-84.5127405
Cornelia Streeter,,"Madison, Connecticut",mens-rowing,2026,41.2794282,-72.5983151
David Thompson,,"New Canaan, CT",mens-rowing,2026,41.146763,-73.4948446
George Tagtmeier,,"Portland, Maine",mens-rowing,2026,43.6573605,-70.2586618
Grant McCurdy,,"Sarasota, Fla.",mens-rowing,2026,27.3365805,-82.5308545
Harry Halper,,"Brigantine, N.J.",mens-rowing,2026,39.4101171,-74.3645906
Henry Beer,,"Oxford, UK",mens-rowing,2026,51.7520131,-1.2578499
James Palanca,,"St Louis, MO.",mens-rowing,2026,38.6254063,-90.190009
Joseph Koyfman,COX,"Flemington, N.J.",mens-rowing,2026,40.5130953,-74.8591333
Kyle Grose,,"Broomall, Pa.",mens-rowing,2026,39.9689505,-75.3528373
Mateja Mitrovic,,"Belgrade, Serbia",mens-rowing,2026,44.8153318,20.4456588
Matias Bliss-Carrascosa,,"San Carlos, CA.",mens-rowing,2026,37.504936,-122.261823
Michael Botti,,"Vancouver, Canada",mens-rowing,2026,49.2608724,-123.113952
Michael Tzitzikakis,,"London, England",mens-rowing,2026,51.5074456,-0.1277653
Nathanael Abrials,,"Alexandria, Va.",mens-rowing,2026,38.8051095,-77.0470229
Nemanja Petrovic,,"Belgrade, Serbia",mens-rowing,2026,44.8153318,20.4456588
Nick Gonzalez,,"Long Beach, Calif",mens-rowing,2026,33.7690164,-118.191604
Nick Smyth,,"Cincinnati, Ohio",mens-rowing,2026,39.1012809,-84.5127405
Patrick Boyle,,"Vancouver, Canada",mens-rowing,2026,49.2608724,-123.113952
Sam Wilson,,"Cos Cob, Conn.",mens-rowing,2026,41.0510193,-73.5919491
Tai Renner,,"Lower Hutt, New Zealand",mens-rowing,2026,-41.2125751,174.9057626
Thomas Woodgate,,"Christchurch, N.Z.",mens-rowing,2026,-43.4965562,172.607784
Tim Gutsev,,"London, U.K.",mens-rowing,2026,-8.8162775,115.1541201
Ton Ton Shen,,"Potomac, Md.",mens-rowing,2026,39.0180508,-77.1956331
Victor Popovic,,"Belgrade, Serbia",mens-rowing,2026,44.8153318,20.4456588
Will Mathes,,"Sarasota, Fla.",mens-rowing,2026,27.3365805,-82.5308545
Alex Bangerl,D,"Pforzheim, Germany",mens-soccer,2016,48.890934,8.7025509
Amit Shumowitz,D,"Tel Aviv, Israel",mens-soccer,2016,32.0852997,34.7818064
Andrew Tinari,M,"Holbrook, N.Y.",mens-soccer,2016,40.799376,-73.0697738
Arthur Bosua,F,"Johannesburg, South Africa",mens-soccer,2016,-26.205,28.049722
Brendan Dennis,D,"Tolland, Conn.",mens-soccer,2016,41.8700166,-72.3677153
Brennan Branca,M/F,"Darien, Conn.",mens-soccer,2016,41.0787079,-73.4692873
Carter Richardson,GK,"Dublin, Ohio",mens-soccer,2016,40.0996009,-83.1135563
Danny Laranetto,M,"Washington, Conn.",mens-soccer,2016,41.6305636,-73.311271
Dylan Castanheira,GK,"Landing, N.J.",mens-soccer,2016,40.9088675,-74.6571746
Dylan Mott,M/F,"Bohemia, N.Y.",mens-soccer,2016,40.770609,-73.1200703
Eric Chang,GK,"McKinney, Texas",mens-soccer,2016,33.1976496,-96.6154471
Francisco Agrest,M,"Riverside, Conn.",mens-soccer,2016,41.0314897,-73.5833604
Gil Hong,M,"Toronto, Ont.",mens-soccer,2016,43.6534817,-79.3839347
Haris Stamboulidis,D/M,"Melbourne, Aus.",mens-soccer,2016,-37.8142454,144.9631732
Jack Blattman,M/F,"Norwalk, Conn.",mens-soccer,2016,41.1175966,-73.4078968
Joe Morris,D,"London, England",mens-soccer,2016,51.5074456,-0.1277653
John Denis,M/F,"Yorktown Heights, N.Y.",mens-soccer,2016,41.2701781,-73.7753539
Korede Olagbegi,M/D,"Windsor, Ont.",mens-soccer,2016,42.2858536,-82.9780695
Kynan Rocks,F,"Co. Cork, Ire.",mens-soccer,2016,51.9360369,-9.1456256
Louie Maldonado,D,"Wayne, N.J.",mens-soccer,2016,40.9491723,-74.2376802
Matthew Swain,M/F,"New York, N.Y.",mens-soccer,2016,40.7127281,-74.0060152
Nick Bartels,F,"Greenwich, Conn.",mens-soccer,2016,41.0264862,-73.6284598
Nike Azuma,D,"North Vancouver, B.C.",mens-soccer,2016,49.3206294,-123.0737925
Pierce Pomykal,D,"Highland Village, Texas",mens-soccer,2016,33.091788,-97.0466759
Rhys Williams,D/M,"Weston, Fla.",mens-soccer,2016,26.1003392,-80.399513
Stan Sandoval,M,"Simsbury, Conn.",mens-soccer,2016,41.8759152,-72.8012211
Vana Markarian,M,"Ottawa, Ont.",mens-soccer,2016,45.4208777,-75.6901106
Zach Morant,D/M,"Bedford, N.Y.",mens-soccer,2016,41.2041304,-73.642509
Zachary Adler,GK,"Tappan, N.Y.",mens-soccer,2016,41.0248325,-73.9504523
Alex Bangerl,D,"Pforzheim, Germany",mens-soccer,2017,48.890934,8.7025509
Arthur Bosua,F,"Johannesburg, South Africa",mens-soccer,2017,-26.205,28.049722
Avi Eller,M/F,"Minneapolis, Minn.",mens-soccer,2017,44.9772995,-93.2654692
Beto Carrillo,M,"Tyler, Texas",mens-soccer,2017,32.3512601,-95.3010624
Blake Willis,D,"Flower Mound, Texas",mens-soccer,2017,33.0283854,-97.0867203
Brendan Dennis,D,"Tolland, Conn.",mens-soccer,2017,41.8700166,-72.3677153
Carter Richardson,GK,"Dublin, Ohio",mens-soccer,2017,40.0996009,-83.1135563
Danny Laranetto,M,"Washington, Conn.",mens-soccer,2017,41.6305636,-73.311271
Dylan Castanheira,GK,"Landing, N.J.",mens-soccer,2017,40.9088675,-74.6571746
Dylan Mott,M/F,"Bohemia, N.Y.",mens-soccer,2017,40.770609,-73.1200703
Eric Chang,GK,"McKinney, Texas",mens-soccer,2017,33.1976496,-96.6154471
Francisco Agrest,M,"Riverside, Conn.",mens-soccer,2017,41.0314897,-73.5833604
Gil Hong,M,"Toronto, Ont.",mens-soccer,2017,43.6534817,-79.3839347
Haris Stamboulidis,D/M,"Melbourne, Aus.",mens-soccer,2017,-37.8142454,144.9631732
Jack Blattman,M/F,"Norwalk, Conn.",mens-soccer,2017,41.1175966,-73.4078968
John Denis,M/F,"Yorktown Heights, N.Y.",mens-soccer,2017,41.2701781,-73.7753539
Korede Olagbegi,M/D,"Windsor, Ont.",mens-soccer,2017,42.2858536,-82.9780695
Kynan Rocks,F,"Co. Cork, Ire.",mens-soccer,2017,51.9360369,-9.1456256
Lucho Gazcon,M/F,"Beverly Hills, Calif.",mens-soccer,2017,34.0696501,-118.3963062
Matthew Swain,M/F,"New York, N.Y.",mens-soccer,2017,40.7127281,-74.0060152
Nick Bartels,F,"Greenwich, Conn.",mens-soccer,2017,41.0264862,-73.6284598
Nike Azuma,D,"North Vancouver, B.C.",mens-soccer,2017,49.3206294,-123.0737925
Pierce Pomykal,D,"Highland Village, Texas",mens-soccer,2017,33.091788,-97.0466759
Rory Madigan,D,"Chatham, N.J.",mens-soccer,2017,40.7409242,-74.3836711
Sam Hatem,M,"Northborough, Mass.",mens-soccer,2017,42.3196015,-71.6422408
Sile Ogundeyin,F,"Reding, Berkshire, U.K.",mens-soccer,2017,51.4564242,-0.9700664
Spiros Stamoulis,F,"Melbourne, Aus.",mens-soccer,2017,-37.8142454,144.9631732
Vana Markarian,M,"Ottawa, Ont.",mens-soccer,2017,45.4208777,-75.6901106
Yianni Kounelis,D,"Carlsbad, Calif.",mens-soccer,2017,33.1352045,-117.329126
Zach Morant,D/M,"Bedford, N.Y.",mens-soccer,2017,41.2041304,-73.642509
Zachary Adler,GK,"Tappan, N.Y.",mens-soccer,2017,41.0248325,-73.9504523
Andrew Stevens,M,"Marshfield, Mass.",mens-soccer,2018,42.091769,-70.7055941
Avi Eller,M/F,"Minneapolis, Minn.",mens-soccer,2018,44.9772995,-93.2654692
Beto Carrillo,M,"Tyler, Texas",mens-soccer,2018,32.3512601,-95.3010624
Blake Willis,D,"Flower Mound, Texas",mens-soccer,2018,33.0283854,-97.0867203
Brendan Dennis,D,"Tolland, Conn.",mens-soccer,2018,41.8700166,-72.3677153
Daniel Lopez,GK,"Carnes Hill, Aus.",mens-soccer,2018,-33.9378294,150.8504602
Danny Laranetto,M,"Washington, Conn.",mens-soccer,2018,41.6305636,-73.311271
Dylan Castanheira,GK,"Landing, N.J.",mens-soccer,2018,40.9088675,-74.6571746
Dylan Mott,M/F,"Bohemia, N.Y.",mens-soccer,2018,40.770609,-73.1200703
Eric Chang,GK,"McKinney, Texas",mens-soccer,2018,33.1976496,-96.6154471
Francisco Agrest,M,"Riverside, Conn.",mens-soccer,2018,41.0314897,-73.5833604
John Denis,M/F,"Yorktown Heights, N.Y.",mens-soccer,2018,41.2701781,-73.7753539
Kynan Rocks,F,"Co. Cork, Ire.",mens-soccer,2018,51.9360369,-9.1456256
Lucho Gazcon,M/F,"Beverly Hills, Calif.",mens-soccer,2018,34.0696501,-118.3963062
Matthew Swain,M/F,"New York, N.Y.",mens-soccer,2018,40.7127281,-74.0060152
Nick Marcin,M,"Austin, Texas",mens-soccer,2018,30.2711286,-97.7436995
Nike Azuma,D,"North Vancouver, B.C.",mens-soccer,2018,49.3206294,-123.0737925
Pierce Pomykal,D,"Highland Village, Texas",mens-soccer,2018,33.091788,-97.0466759
Ridley Eastland-Fruit,D,"Kenmore, Wash.",mens-soccer,2018,47.7596715,-122.2496367
Rory Madigan,D,"Chatham, N.J.",mens-soccer,2018,40.7409242,-74.3836711
Sam Hatem,M,"Northborough, Mass.",mens-soccer,2018,42.3196015,-71.6422408
Sebastian Gunbeyi,M,"Virginia Beach, Va.",mens-soccer,2018,36.8496579,-75.9760751
Sile Ogundeyin,F,"Reding, Berkshire, U.K.",mens-soccer,2018,51.4564242,-0.9700664
Spiros Stamoulis,F,"Melbourne, Aus.",mens-soccer,2018,-37.8142454,144.9631732
Vana Markarian,M,"Ottawa, Ont.",mens-soccer,2018,45.4208777,-75.6901106
Vitto Luzio,M,"Lexington, Mass.",mens-soccer,2018,42.4473175,-71.2245003
Will Todd,D,"Maroubra, Aus.",mens-soccer,2018,-33.9453441,151.2456824
Yianni Kounelis,D,"Carlsbad, Calif.",mens-soccer,2018,33.1352045,-117.329126
Andrew Stevens,M,"Marshfield, Mass.",mens-soccer,2019,42.091769,-70.7055941
Avi Eller,M/F,"Minneapolis, Minn.",mens-soccer,2019,44.9772995,-93.2654692
Beto Carrillo,M,"Tyler, Texas",mens-soccer,2019,32.3512601,-95.3010624
Blake Willis,D,"Flower Mound, Texas",mens-soccer,2019,33.0283854,-97.0867203
Brian Timoney,M,"Havertown, Pa.",mens-soccer,2019,39.9809452,-75.3085201
Cyrus Siminou,M,"Orlando, Fla.",mens-soccer,2019,28.5421218,-81.379045
Daniel Lopez,GK,"Carnes Hill, Aus.",mens-soccer,2019,-33.9378294,150.8504602
Danny Laranetto,M,"Washington, Conn.",mens-soccer,2019,41.6305636,-73.311271
John Denis,M/F,"Yorktown Heights, N.Y.",mens-soccer,2019,41.2701781,-73.7753539
Jon Ned,F,"Kinnelon, N.J.",mens-soccer,2019,41.0017644,-74.367096
Keenan Foley,D,"Ottawa, Ontario, Canada",mens-soccer,2019,45.4208777,-75.6901106
Matthew Goodman,GK,"New York, N.Y.",mens-soccer,2019,40.7127281,-74.0060152
Matthew Swain,M/F,"New York, N.Y.",mens-soccer,2019,40.7127281,-74.0060152
Max Gonzalez,D,"Lake Worth, Fla.",mens-soccer,2019,26.615891,-80.0691435
Michael Collodi,GK,"Frisco, Texas",mens-soccer,2019,33.1505998,-96.8238183
Nick Marcin,M,"Austin, Texas",mens-soccer,2019,30.2711286,-97.7436995
Rory Madigan,D,"Chatham, N.J.",mens-soccer,2019,40.7409242,-74.3836711
Sebastian Gunbeyi,M,"Virginia Beach, Va.",mens-soccer,2019,36.8496579,-75.9760751
Sile Ogundeyin,F,"Reding, Berkshire, U.K.",mens-soccer,2019,51.4564242,-0.9700664
Spiros Stamoulis,F,"Melbourne, Aus.",mens-soccer,2019,-37.8142454,144.9631732
Uri Zeitz,M,"Bethesda, Md.",mens-soccer,2019,38.9812726,-77.1233587
Vana Markarian,M,"Ottawa, Ont.",mens-soccer,2019,45.4208777,-75.6901106
Vitto Luzio,M,"Lexington, Mass.",mens-soccer,2019,42.4473175,-71.2245003
Will Todd,D,"Maroubra, Aus.",mens-soccer,2019,-33.9453441,151.2456824
Yianni Kounelis,D,"Carlsbad, Calif.",mens-soccer,2019,33.1352045,-117.329126
Andrew Stevens,M,"Marshfield, Mass.",mens-soccer,2020,42.091769,-70.7055941
Avi Eller,M/F,"Minneapolis, Minn.",mens-soccer,2020,44.9772995,-93.2654692
Beto Carrillo,M,"Tyler, Texas",mens-soccer,2020,32.3512601,-95.3010624
Blake Willis,D,"Flower Mound, Texas",mens-soccer,2020,33.0283854,-97.0867203
Brian Timoney,M,"Havertown, Pa.",mens-soccer,2020,39.9809452,-75.3085201
Bryson Bezdek,M/F,"Frisco, Texas",mens-soccer,2020,33.1505998,-96.8238183
Daniel Lopez,GK,"Carnes Hill, Aus.",mens-soccer,2020,-33.9378294,150.8504602
David Walley,D/M,"Needham, Mass.",mens-soccer,2020,42.2802645,-71.2360624
Gannen Headrick,D/M,"Madrid, Spain",mens-soccer,2020,40.416782,-3.703507
Hugo Hamilton,M,"Stockholm, Sweden",mens-soccer,2020,59.3251172,18.0710935
Jack Muoio,D/M,"Washington, D.C.",mens-soccer,2020,38.8950982,-77.0363849
Jacob Daum,M,"Toronto, Ontario, Canada",mens-soccer,2020,43.6534817,-79.3839347
Jake Novoshelski,F,"Paramus, N.J.",mens-soccer,2020,40.9452911,-74.0735899
Jon Ned,F,"Kinnelon, N.J.",mens-soccer,2020,41.0017644,-74.367096
Keenan Foley,D,"Ottawa, Ontario, Canada",mens-soccer,2020,45.4208777,-75.6901106
Matthew Goodman,GK,"New York, N.Y.",mens-soccer,2020,40.7127281,-74.0060152
Matthew Leong,D,"Hoboken, N.J.",mens-soccer,2020,40.7433066,-74.0323752
Max Gonzalez,D,"Lake Worth, Fla.",mens-soccer,2020,26.615891,-80.0691435
Michael Collodi,GK,"Frisco, Texas",mens-soccer,2020,33.1505998,-96.8238183
Sebastian Gunbeyi,M,"Virginia Beach, Va.",mens-soccer,2020,36.8496579,-75.9760751
Sile Ogundeyin,F,"Reding, Berkshire, U.K.",mens-soccer,2020,51.4564242,-0.9700664
Spiros Stamoulis,F,"Melbourne, Aus.",mens-soccer,2020,-37.8142454,144.9631732
Uri Zeitz,M,"Bethesda, Md.",mens-soccer,2020,38.9812726,-77.1233587
Vitto Luzio,M,"Lexington, Mass.",mens-soccer,2020,42.4473175,-71.2245003
Will Todd,D,"Maroubra, Aus.",mens-soccer,2020,-33.9453441,151.2456824
Adrien Wheaton-Schopp,F,"Bethesda, Md.",mens-soccer,2021,38.9812726,-77.1233587
Andreas Zamanian,GK,"Portola Valley, Calif.",mens-soccer,2021,37.3736298,-122.219047
Andrew Stevens,M,"Marshfield, Mass.",mens-soccer,2021,42.091769,-70.7055941
Blake Willis,D,"Flower Mound, Texas",mens-soccer,2021,33.0283854,-97.0867203
Brian Timoney,M,"Havertown, Pa.",mens-soccer,2021,39.9809452,-75.3085201
Bryan Cosman,D,"Lyndhurst, N.J.",mens-soccer,2021,40.8122927,-74.1247255
Bryson Bezdek,M/F,"Frisco, Texas",mens-soccer,2021,33.1505998,-96.8238183
David Walley,D/M,"Needham, Mass.",mens-soccer,2021,42.2802645,-71.2360624
Gannen Headrick,D/M,"Madrid, Spain",mens-soccer,2021,40.416782,-3.703507
Hugo Hamilton,M,"Stockholm, Sweden",mens-soccer,2021,59.3251172,18.0710935
Jack Muoio,D/M,"Washington, D.C.",mens-soccer,2021,38.8950982,-77.0363849
Jacob Daum,M,"Toronto, Ontario, Canada",mens-soccer,2021,43.6534817,-79.3839347
Jake Novoshelski,F,"Paramus, N.J.",mens-soccer,2021,40.9452911,-74.0735899
Jon Ned,F,"Kinnelon, N.J.",mens-soccer,2021,41.0017644,-74.367096
Keenan Foley,D,"Ottawa, Ontario, Canada",mens-soccer,2021,45.4208777,-75.6901106
Lenny Aharon,D,"Herzliya, Israel",mens-soccer,2021,32.1656255,34.8469023
Matthew Goodman,GK,"New York, N.Y.",mens-soccer,2021,40.7127281,-74.0060152
Matthew Leong,D,"Hoboken, N.J.",mens-soccer,2021,40.7433066,-74.0323752
Max Gonzalez,D,"Lake Worth, Fla.",mens-soccer,2021,26.615891,-80.0691435
Michael Collodi,GK,"Frisco, Texas",mens-soccer,2021,33.1505998,-96.8238183
Paolo Primavera,F,"New York, N.Y.",mens-soccer,2021,40.7127281,-74.0060152
Ryan Kipness,F,"Stamford, Conn.",mens-soccer,2021,41.0534302,-73.5387341
Ryan Wallace,D,"Beaverton, Ore.",mens-soccer,2021,45.4871723,-122.80378
Sebastian Gunbeyi,M,"Virginia Beach, Va.",mens-soccer,2021,36.8496579,-75.9760751
Will DeNight,F,"Miami, Fla.",mens-soccer,2021,25.7741566,-80.1935973
Will Todd,D,"Maroubra, Aus.",mens-soccer,2021,-33.9453441,151.2456824
Adrien Wheaton-Schopp,F,"Bethesda, Md.",mens-soccer,2022,38.9812726,-77.1233587
Alessandro Franciosa,M,"Topsfield, Mass.",mens-soccer,2022,42.6390841,-70.9507469
Andreas Zamanian,GK,"Portola Valley, Calif.",mens-soccer,2022,37.3736298,-122.219047
Ben Sidley,F,"White Plains, N.Y.",mens-soccer,2022,41.0339862,-73.7629097
Brandon Newman,M,"Old Tappan, N.J.",mens-soccer,2022,41.0106971,-73.9911073
Brian Timoney,M,"Havertown, Pa.",mens-soccer,2022,39.9809452,-75.3085201
Bryan Cosman,D,"Lyndhurst, N.J.",mens-soccer,2022,40.8122927,-74.1247255
Carmine Falco,D,"Manhasset, N.Y.",mens-soccer,2022,40.786702,-73.6967338
Cy Sokolowski,F,"Castle Pines, Colo.",mens-soccer,2022,39.4702853,-104.8804384
David Walley,D/M,"Needham, Mass.",mens-soccer,2022,42.2802645,-71.2360624
Dean Kelliher,GK,"Chevy Chase, Md.",mens-soccer,2022,38.9813699,-77.0849245
Evan Kim,M,"Mill Creek, Wash.",mens-soccer,2022,47.8577455,-122.2210628
Gannen Headrick,D/M,"Madrid, Spain",mens-soccer,2022,40.416782,-3.703507
Jack Muoio,D/M,"Washington, D.C.",mens-soccer,2022,38.8950982,-77.0363849
Jake Novoshelski,F,"Paramus, N.J.",mens-soccer,2022,40.9452911,-74.0735899
Jesse Greissman,M,"Melville, N.Y.",mens-soccer,2022,40.7835914,-73.4075575
Joao Lima,M,"Rio de Janeiro, Brazil",mens-soccer,2022,-22.9110137,-43.2093727
Keenan Foley,D,"Ottawa, Ontario, Canada",mens-soccer,2022,45.4208777,-75.6901106
Matthew Leong,D,"Hoboken, N.J.",mens-soccer,2022,40.7433066,-74.0323752
Max Gonzalez,D,"Lake Worth, Fla.",mens-soccer,2022,26.615891,-80.0691435
Michael Collodi,GK,"Frisco, Texas",mens-soccer,2022,33.1505998,-96.8238183
Nic Jandeleit,F,"Menlo Park, Calif.",mens-soccer,2022,37.4519671,-122.177992
Ryan Kipness,F,"Stamford, Conn.",mens-soccer,2022,41.0534302,-73.5387341
Ryan Wallace,D,"Beaverton, Ore.",mens-soccer,2022,45.4871723,-122.80378
Ryan Yang,M,"Markham, Ontario, Canada",mens-soccer,2022,43.8563707,-79.3376825
Will DeNight,F,"Miami, Fla.",mens-soccer,2022,25.7741566,-80.1935973
Adrien Wheaton-Schopp,F,"Bethesda, Md.",mens-soccer,2023,38.9812726,-77.1233587
Alessandro Franciosa,M,"Topsfield, Mass.",mens-soccer,2023,42.6390841,-70.9507469
Andreas Zamanian,GK,"Portola Valley, Calif.",mens-soccer,2023,37.3736298,-122.219047
Ben Sidley,F,"White Plains, N.Y.",mens-soccer,2023,41.0339862,-73.7629097
Brandon Newman,M,"Old Tappan, N.J.",mens-soccer,2023,41.0106971,-73.9911073
Bryan Cosman,D,"Lyndhurst, N.J.",mens-soccer,2023,40.8122927,-74.1247255
Carmine Falco,D,"Manhasset, N.Y.",mens-soccer,2023,40.786702,-73.6967338
Chad Baker,M,"Vancouver, Canada",mens-soccer,2023,49.2608724,-123.113952
Christoph Kuttner,F,"Prague, Czech Republic",mens-soccer,2023,50.0874654,14.4212535
Cy Sokolowski,F,"Castle Pines, Colo.",mens-soccer,2023,39.4702853,-104.8804384
David Walley,D/M,"Needham, Mass.",mens-soccer,2023,42.2802645,-71.2360624
Dean Kelliher,GK,"Chevy Chase, Md.",mens-soccer,2023,38.9813699,-77.0849245
Elijah Albino,,"Bronx, N.Y.",mens-soccer,2023,40.8466508,-73.8785937
Jack Muoio,D/M,"Washington, D.C.",mens-soccer,2023,38.8950982,-77.0363849
Jackson ten Oever,D,"Brooklyn, N.Y.",mens-soccer,2023,40.6526006,-73.9497211
Jake Novoshelski,F,"Paramus, N.J.",mens-soccer,2023,40.9452911,-74.0735899
Jay Sonthalia,GK,"San Diego, Calif.",mens-soccer,2023,32.7157062,-117.1638284
Jesse Greissman,M,"Melville, N.Y.",mens-soccer,2023,40.7835914,-73.4075575
Joao Lima,M,"Rio de Janeiro, Brazil",mens-soccer,2023,-22.9110137,-43.2093727
Lyon Atiencia,M/F,"Stamford, Conn.",mens-soccer,2023,41.0534302,-73.5387341
Matthew Leong,D,"Hoboken, N.J.",mens-soccer,2023,40.7433066,-74.0323752
Michael Collodi,GK,"Frisco, Texas",mens-soccer,2023,33.1505998,-96.8238183
Noah Hartzfeld,M,"Mount Wolf, Pa.",mens-soccer,2023,40.0628918,-76.7042458
Ryan Kipness,F,"Stamford, Conn.",mens-soccer,2023,41.0534302,-73.5387341
Ryan Wallace,D,"Beaverton, Ore.",mens-soccer,2023,45.4871723,-122.80378
Ryan Yang,M,"Markham, Ontario, Canada",mens-soccer,2023,43.8563707,-79.3376825
Will DeNight,F,"Miami, Fla.",mens-soccer,2023,25.7741566,-80.1935973
Adrien Wheaton-Schopp,F,"Bethesda, Md.",mens-soccer,2024,38.9812726,-77.1233587
Alessandro Franciosa,M,"Topsfield, Mass.",mens-soccer,2024,42.6390841,-70.9507469
Alexander O'Brien,GK,"Toronto, Canada",mens-soccer,2024,43.6534817,-79.3839347
Andreas Zamanian,GK,"Portola Valley, Calif.",mens-soccer,2024,37.3736298,-122.219047
Andres Garcia,F,"Concord, Mass.",mens-soccer,2024,42.4605189,-71.3488963
Andrew Hilton II,D,"Ashburn, Va.",mens-soccer,2024,39.029784,-77.4744148
Brandon Newman,M,"Old Tappan, N.J.",mens-soccer,2024,41.0106971,-73.9911073
Bryan Cosman,D,"Lyndhurst, N.J.",mens-soccer,2024,40.8122927,-74.1247255
Carmine Falco,D,"Manhasset, N.Y.",mens-soccer,2024,40.786702,-73.6967338
Chad Baker,M,"Vancouver, Canada",mens-soccer,2024,49.2608724,-123.113952
Christoph Kuttner,F,"Prague, Czech Republic",mens-soccer,2024,50.0874654,14.4212535
Cy Sokolowski,F,"Castle Pines, Colo.",mens-soccer,2024,39.4702853,-104.8804384
Dean Kelliher,GK,"Chevy Chase, Md.",mens-soccer,2024,38.9813699,-77.0849245
Jack McDaid,M,"Havertown, Pa.",mens-soccer,2024,39.9809452,-75.3085201
Jackson ten Oever,D,"Brooklyn, N.Y.",mens-soccer,2024,40.6526006,-73.9497211
Jay Sonthalia,GK,"San Diego, Calif.",mens-soccer,2024,32.7157062,-117.1638284
Jesse Greissman,M,"Melville, N.Y.",mens-soccer,2024,40.7835914,-73.4075575
Joao Lima,M,"Rio de Janeiro, Brazil",mens-soccer,2024,-22.9110137,-43.2093727
Joe McDaid,D,"Havertown, Pa.",mens-soccer,2024,39.9809452,-75.3085201
Luka Peric,F,"Belgrade, Serbia",mens-soccer,2024,44.8153318,20.4456588
Luke Zielinski,M,"Weston, Conn.",mens-soccer,2024,41.2021302,-73.3812743
Lyon Atiencia,M/F,"Stamford, Conn.",mens-soccer,2024,41.0534302,-73.5387341
Noah Hartzfeld,F,"Mount Wolf, Pa.",mens-soccer,2024,40.0628918,-76.7042458
Peter Chang,M,"Palos Verdes Estates, Calif.",mens-soccer,2024,33.7872386,-118.401813
Rafa Romo,D,"Gilroy, Calif.",mens-soccer,2024,37.0065078,-121.5631723
Ryan Kipness,F,"Stamford, Conn.",mens-soccer,2024,41.0534302,-73.5387341
Ryan Yang,M,"Markham, Ontario, Canada",mens-soccer,2024,43.8563707,-79.3376825
Will Carnoy,M/D,"New York, N.Y.",mens-soccer,2024,40.7127281,-74.0060152
Will Case,M,"Yarrow Point, Wash.",mens-soccer,2024,47.64621,-122.2173461
Alessandro Franciosa,M,"Topsfield, Mass.",mens-soccer,2025,42.6390841,-70.9507469
Alexander O'Brien,GK,"Toronto, Canada",mens-soccer,2025,43.6534817,-79.3839347
Amir Yahalom,M,"Brookline, Mass.",mens-soccer,2025,42.332918,-71.1187829
Andres Garcia,F,"Concord, Mass.",mens-soccer,2025,42.4605189,-71.3488963
Andrew Hilton II,D,"Ashburn, Va.",mens-soccer,2025,39.029784,-77.4744148
Aris Taki,GK,"Famagusta, Cyprus",mens-soccer,2025,35.1205261,33.9387919
Brandon Newman,M,"Old Tappan, N.J.",mens-soccer,2025,41.0106971,-73.9911073
Carmine Falco,D,"Manhasset, N.Y.",mens-soccer,2025,40.786702,-73.6967338
Chad Baker,M,"Vancouver, Canada",mens-soccer,2025,49.2608724,-123.113952
Christoph Kuttner,F,"Prague, Czech Republic",mens-soccer,2025,50.0874654,14.4212535
Connor Owen,D,"Hillsborough, Calif.",mens-soccer,2025,37.557252,-122.362529
Cy Sokolowski,F,"Castle Pines, Colo.",mens-soccer,2025,39.4702853,-104.8804384
Dean Kelliher,GK,"Chevy Chase, Md.",mens-soccer,2025,38.9813699,-77.0849245
Henning Myrvang,F,"Lier, Norway",mens-soccer,2025,59.8453135,10.2115525
Jack McDaid,M,"Havertown, Pa.",mens-soccer,2025,39.9809452,-75.3085201
Jackson ten Oever,D,"Brooklyn, N.Y.",mens-soccer,2025,40.6526006,-73.9497211
Jesse Greissman,M,"Melville, N.Y.",mens-soccer,2025,40.7835914,-73.4075575
Joao Lima,M,"Rio de Janeiro, Brazil",mens-soccer,2025,-22.9110137,-43.2093727
Joe McDaid,D,"Havertown, Pa.",mens-soccer,2025,39.9809452,-75.3085201
Luka Peric,F,"Belgrade, Serbia",mens-soccer,2025,44.8153318,20.4456588
Luke Zielinski,M,"Weston, Conn.",mens-soccer,2025,41.2021302,-73.3812743
Oli Sacks,M,"Sydney, Australia",mens-soccer,2025,-33.8698439,151.2082848
Peter Chang,M,"Palos Verdes Estates, Calif.",mens-soccer,2025,33.7872386,-118.401813
Rafa Romo,D,"Gilroy, Calif.",mens-soccer,2025,37.0065078,-121.5631723
Ryan Yang,M,"Markham, Ontario, Canada",mens-soccer,2025,43.8563707,-79.3376825
Sage Kinner,D,"Franklin, Mass.",mens-soccer,2025,42.5896205,-72.6110645
Stepan Kapranov,M,"Holmdel, N.J.",mens-soccer,2025,40.3451095,-74.1840322
Will Carnoy,M/D,"New York, N.Y.",mens-soccer,2025,40.7127281,-74.0060152
Will Case,M,"Yarrow Point, Wash.",mens-soccer,2025,47.64621,-122.2173461
Yianni Goulandris,M/F,"London, England",mens-soccer,2025,51.5074456,-0.1277653
Amir Yahalom,M,"Brookline, Mass.",mens-soccer,2026,42.332918,-71.1187829
Andres Garcia,F,"Concord, Mass.",mens-soccer,2026,42.4605189,-71.3488963
Andrew Hilton II,D,"Ashburn, Va.",mens-soccer,2026,39.029784,-77.4744148
Aris Taki,GK,"Famagusta, Cyprus",mens-soccer,2026,35.1205261,33.9387919
Ben Milstein,M,"Kirkland, Wash.",mens-soccer,2026,47.6765382,-122.2070775
Cesar Miranda,D,"Brockton, Mass.",mens-soccer,2026,42.0834335,-71.0183787
Chad Baker,M,"Vancouver, Canada",mens-soccer,2026,49.2608724,-123.113952
Connor Owen,D,"Hillsborough, Calif.",mens-soccer,2026,37.557252,-122.362529
Ethan Heyward,F,"Wynnewood, Pa.",mens-soccer,2026,40.0028514,-75.2707469
Fadel Kone,M,"Silver Spring, Md.",mens-soccer,2026,38.9997621,-77.0240371
George Webb,GK,Hong Kong,mens-soccer,2026,22.2818333,114.1582831
Henning Myrvang,F,"Lier, Norway",mens-soccer,2026,59.8453135,10.2115525
Jack McDaid,M,"Havertown, Pa.",mens-soccer,2026,39.9809452,-75.3085201
Jackson ten Oever,D,"Brooklyn, N.Y.",mens-soccer,2026,40.6526006,-73.9497211
Joe McDaid,D,"Havertown, Pa.",mens-soccer,2026,39.9809452,-75.3085201
Joshua Sosa,F,"Skokie, Ill.",mens-soccer,2026,42.0262972,-87.7521069
Kai Zeruhn,GK,"Stillwater, Minn.",mens-soccer,2026,45.0559126,-92.807572
Luke Zielinski,M,"Weston, Conn.",mens-soccer,2026,41.2021302,-73.3812743
Neil Riener,D,"Somerset, N.J.",mens-soccer,2026,40.5675084,-74.6189556
Oli Sacks,M,"Sydney, Australia",mens-soccer,2026,-33.8698439,151.2082848
Peter Chang,M,"Palos Verdes Estates, Calif.",mens-soccer,2026,33.7872386,-118.401813
Rafa Romo,D,"Gilroy, Calif.",mens-soccer,2026,37.0065078,-121.5631723
Sage Kinner,D,"Franklin, Mass.",mens-soccer,2026,42.5896205,-72.6110645
Stepan Kapranov,M,"Holmdel, N.J.",mens-soccer,2026,40.3451095,-74.1840322
Will Carnoy,M/D,"New York, N.Y.",mens-soccer,2026,40.7127281,-74.0060152
Will Case,M,"Yarrow Point, Wash.",mens-soccer,2026,47.64621,-122.2173461
Adham Madi,,"Alexandria, Egypt",mens-squash,2016,31.1991806,29.8951716
Arhum Saleem,,"Alpharetta, Ga.",mens-squash,2016,34.0755962,-84.2945964
Carter Robitaille,,"Toronto, Canada",mens-squash,2016,43.6534817,-79.3839347
Chris Choi,,"Seoul, Korea",mens-squash,2016,37.5666791,126.9782914
Joshua Sekhar,,"Toronto, Canada",mens-squash,2016,43.6534817,-79.3839347
Kevin Staples,,"Devon, Pa.",mens-squash,2016,40.0473603,-75.4229511
Matthew Rebello,,"Plano, Texas",mens-squash,2016,33.0136764,-96.6925096
Osama Khalifa,,"Cairo, Egypt",mens-squash,2016,30.0443879,31.2357257
Rahul Sehrawat,,"Toronto, Canada",mens-squash,2016,43.6534817,-79.3839347
Richard Soper,,"Hamden, Conn.",mens-squash,2016,41.3836233,-72.9020069
Rishi Tandon,,"West Bengal, India",mens-squash,2016,22.9964948,87.6855882
Robin Mann,,"New Delhi, India",mens-squash,2016,28.6138954,77.2090057
Ryo Kono,,"Mamaroneck, N.Y.",mens-squash,2016,40.9487314,-73.7331416
Salmaan Amin,,"Charlotte, N.C.",mens-squash,2016,35.2272086,-80.8430827
Sambhav Anand,,"New Delhi, India",mens-squash,2016,28.6138954,77.2090057
Seif Attia,,"Cairo, Egypt",mens-squash,2016,30.0443879,31.2357257
Adham Madi,,"Alexandria, Egypt",mens-squash,2017,31.1991806,29.8951716
Arhum Saleem,,"Alpharetta, Ga.",mens-squash,2017,34.0755962,-84.2945964
Carter Robitaille,,"Toronto, Canada",mens-squash,2017,43.6534817,-79.3839347
Krish Kapur,,"Kolkata, India",mens-squash,2017,22.5726459,88.3638953
Matthew Rebello,,"Plano, Texas",mens-squash,2017,33.0136764,-96.6925096
McClain Awalt,,"Greenwich, Conn.",mens-squash,2017,41.0264862,-73.6284598
Osama Khalifa,,"Cairo, Egypt",mens-squash,2017,30.0443879,31.2357257
Rahul Sehrawat,,"Toronto, Canada",mens-squash,2017,43.6534817,-79.3839347
Robin Mann,,"New Delhi, India",mens-squash,2017,28.6138954,77.2090057
Salmaan Amin,,"Charlotte, N.C.",mens-squash,2017,35.2272086,-80.8430827
Sambhav Anand,,"New Delhi, India",mens-squash,2017,28.6138954,77.2090057
Seif Attia,,"Cairo, Egypt",mens-squash,2017,30.0443879,31.2357257
Velavan Senthilkumar,,"Salem, India",mens-squash,2017,11.6469616,78.2106958
Zain Athar,,"Hamburg, Germany",mens-squash,2017,53.5501721,10.0013165
Adham Madi,,"Alexandria, Egypt",mens-squash,2018,31.1991806,29.8951716
Aditya Kankariya,,"Cupertino, Calif.",mens-squash,2018,37.3228934,-122.0322895
Arman Jindal,,"Los Angeles, Calif.",mens-squash,2018,34.0536909,-118.242766
Callan Hall,,"Pretoria, South Africa",mens-squash,2018,-25.7459277,28.1879101
Carter Robitaille,,"Toronto, Canada",mens-squash,2018,43.6534817,-79.3839347
James Wyatt,,"London, England",mens-squash,2018,51.5074456,-0.1277653
Krish Kapur,,"Kolkata, India",mens-squash,2018,22.5726459,88.3638953
Matthew Rebello,,"Plano, Texas",mens-squash,2018,33.0136764,-96.6925096
Rahul Sehrawat,,"Toronto, Canada",mens-squash,2018,43.6534817,-79.3839347
Robin Mann,,"New Delhi, India",mens-squash,2018,28.6138954,77.2090057
Salmaan Amin,,"Charlotte, N.C.",mens-squash,2018,35.2272086,-80.8430827
Velavan Senthilkumar,,"Salem, India",mens-squash,2018,11.6469616,78.2106958
Vishan Patel,,"Atlanta, Ga.",mens-squash,2018,33.7544657,-84.3898151
Zain Athar,,"Hamburg, Germany",mens-squash,2018,53.5501721,10.0013165
Aditya Kankariya,,"Cupertino, Calif.",mens-squash,2019,37.3228934,-122.0322895
Andrew Jung,,"Seongnam, South Korea",mens-squash,2019,37.4201556,127.1262092
Callan Hall,,"Pretoria, South Africa",mens-squash,2019,-25.7459277,28.1879101
Chaitanya Shah,,"Mumbai, India",mens-squash,2019,19.054999,72.8692035
Hugh Camiener,,"Birmingham, Mich.",mens-squash,2019,42.5467012,-83.2113192
James Wyatt,,"London, England",mens-squash,2019,51.5074456,-0.1277653
Justin Ghaeli,,"Richmond Hill, Ontario, Canada",mens-squash,2019,43.8801166,-79.4392925
Krish Kapur,,"Kolkata, India",mens-squash,2019,22.5726459,88.3638953
Nico Hughes,,"London, England",mens-squash,2019,51.5074456,-0.1277653
Rahul Sehrawat,,"Toronto, Canada",mens-squash,2019,43.6534817,-79.3839347
Robin Mann,,"New Delhi, India",mens-squash,2019,28.6138954,77.2090057
Vishan Patel,,"Atlanta, Ga.",mens-squash,2019,33.7544657,-84.3898151
Zain Athar,,"Hamburg, Germany",mens-squash,2019,53.5501721,10.0013165
Aditya Kankariya,,"Cupertino, Calif.",mens-squash,2020,37.3228934,-122.0322895
Andrew Jung,,"Seongnam, South Korea",mens-squash,2020,37.4201556,127.1262092
Callan Hall,,"Pretoria, South Africa",mens-squash,2020,-25.7459277,28.1879101
Chaitanya Shah,,"Mumbai, India",mens-squash,2020,19.054999,72.8692035
Harold Castiaux,,"Brussels, Belgium",mens-squash,2020,50.8467372,4.352493
Hugh Camiener,,"Birmingham, Mich.",mens-squash,2020,42.5467012,-83.2113192
James Wyatt,,"London, England",mens-squash,2020,51.5074456,-0.1277653
Justin Ghaeli,,"Richmond Hill, Ontario, Canada",mens-squash,2020,43.8801166,-79.4392925
Krish Kapur,,"Kolkata, India",mens-squash,2020,22.5726459,88.3638953
Nico Hughes,,"London, England",mens-squash,2020,51.5074456,-0.1277653
Rahul Sehrawat,,"Toronto, Canada",mens-squash,2020,43.6534817,-79.3839347
Rutvik Rau,,Singapore,mens-squash,2020,1.357107,103.8194992
Sameer Saxena,,"Newton Square, Pa.",mens-squash,2020,40.5418369,-80.2057483
Sankalp Anand,,"R.K. Puram, New Delhi, India",mens-squash,2020,28.5579605,77.1832312
Vishan Patel,,"Atlanta, Ga.",mens-squash,2020,33.7544657,-84.3898151
Zach Nam,,"Seoul, South Korea",mens-squash,2020,37.5666791,126.9782914
Zain Athar,,"Hamburg, Germany",mens-squash,2020,53.5501721,10.0013165
Adam Goad,,"Carlisle, U.K.",mens-squash,2021,29.2667398,88.8788725
Aditya Kankariya,,"Cupertino, Calif.",mens-squash,2021,37.3228934,-122.0322895
Callan Hall,,"Pretoria, South Africa",mens-squash,2021,-25.7459277,28.1879101
Chaitanya Shah,,"Mumbai, India",mens-squash,2021,19.054999,72.8692035
Gabriel Yun,,"Vancouver, British Columbia, Canada",mens-squash,2021,49.2608724,-123.113952
Gonzalo de la Mora,,"New Haven, Conn.",mens-squash,2021,41.3082138,-72.9250518
Harold Castiaux,,"Brussels, Belgium",mens-squash,2021,50.8467372,4.352493
Hugh Camiener,,"Birmingham, Mich.",mens-squash,2021,42.5467012,-83.2113192
Jacob Bulbulia,,"Short Hills, N.J.",mens-squash,2021,40.7381585,-74.3377392
James Wyatt,,"London, England",mens-squash,2021,51.5074456,-0.1277653
Justin Ghaeli,,"Richmond Hill, Ontario, Canada",mens-squash,2021,43.8801166,-79.4392925
Nico Hughes,,"London, England",mens-squash,2021,51.5074456,-0.1277653
Rutvik Rau,,Singapore,mens-squash,2021,1.357107,103.8194992
Ryan Chen,,"Bedford, N.Y.",mens-squash,2021,41.2041304,-73.642509
Sameer Saxena,,"Newton Square, Pa.",mens-squash,2021,40.5418369,-80.2057483
Sankalp Anand,,"R.K. Puram, New Delhi, India",mens-squash,2021,28.5579605,77.1832312
Velavan Senthilkumar,,"Salem, India",mens-squash,2021,11.6469616,78.2106958
Vishan Patel,,"Atlanta, Ga.",mens-squash,2021,33.7544657,-84.3898151
Zach Nam,,"Seoul, South Korea",mens-squash,2021,37.5666791,126.9782914
Adam Atta,,"Cairo, Egypt",mens-squash,2022,30.0443879,31.2357257
Adam Goad,,"Carlisle, U.K.",mens-squash,2022,29.2667398,88.8788725
Adam Morkel,,"Cape Town, South Africa",mens-squash,2022,-33.9288301,18.4172197
Alexander Yuzpe,,"Toronto, Ontario, Canada",mens-squash,2022,43.6534817,-79.3839347
Andrew Jung,,"Seongnam, South Korea",mens-squash,2022,37.4201556,127.1262092
Chaitanya Shah,,"Mumbai, India",mens-squash,2022,19.054999,72.8692035
Franklyn Smith,,"Brighton, England",mens-squash,2022,50.8214626,-0.1400561
Gabriel Yun,,"Vancouver, British Columbia, Canada",mens-squash,2022,49.2608724,-123.113952
Gonzalo de la Mora,,"New Haven, Conn.",mens-squash,2022,41.3082138,-72.9250518
Harold Castiaux,,"Brussels, Belgium",mens-squash,2022,50.8467372,4.352493
Hugh Camiener,,"Birmingham, Mich.",mens-squash,2022,42.5467012,-83.2113192
Jacob Bulbulia,,"Short Hills, N.J.",mens-squash,2022,40.7381585,-74.3377392
Rutvik Rau,,Singapore,mens-squash,2022,1.357107,103.8194992
Ryan Chen,,"Bedford, N.Y.",mens-squash,2022,41.2041304,-73.642509
Sameer Saxena,,"Newton Square, Pa.",mens-squash,2022,40.5418369,-80.2057483
Zach Nam,,"Seoul, South Korea",mens-squash,2022,37.5666791,126.9782914
Adam Goad,,"Carlisle, U.K.",mens-squash,2023,29.2667398,88.8788725
Adam Morkel,,"Cape Town, South Africa",mens-squash,2023,-33.9288301,18.4172197
Alexander Yuzpe,,"Toronto, Ontario, Canada",mens-squash,2023,43.6534817,-79.3839347
Andrew Jung,,"Seongnam, South Korea",mens-squash,2023,37.4201556,127.1262092
Franklyn Smith,,"Brighton, England",mens-squash,2023,50.8214626,-0.1400561
Gonzalo de la Mora,,"New Haven, Conn.",mens-squash,2023,41.3082138,-72.9250518
Harold Castiaux,,"Brussels, Belgium",mens-squash,2023,50.8467372,4.352493
Jacob Bulbulia,,"Short Hills, N.J.",mens-squash,2023,40.7381585,-74.3377392
Laszlo Godde,,"La Rochelle, France",mens-squash,2023,46.159732,-1.1515951
Paarth Ambani,,"Mumbai, India",mens-squash,2023,19.054999,72.8692035
Rutvik Rau,,Singapore,mens-squash,2023,1.357107,103.8194992
Ryan Chen,,"Bedford, N.Y.",mens-squash,2023,41.2041304,-73.642509
Sameer Saxena,,"Newton Square, Pa.",mens-squash,2023,40.5418369,-80.2057483
Shaurya Bawa,,"New Delhi, India",mens-squash,2023,28.6138954,77.2090057
Tommy Soltanian,,"Baltimore, Md.",mens-squash,2023,39.2908816,-76.610759
Zach Nam,,"Seoul, South Korea",mens-squash,2023,37.5666791,126.9782914
Adam Goad,,"Carlisle, U.K.",mens-squash,2024,29.2667398,88.8788725
Adam Morkel,,"Cape Town, South Africa",mens-squash,2024,-33.9288301,18.4172197
Alexander Yuzpe,,"Toronto, Ontario, Canada",mens-squash,2024,43.6534817,-79.3839347
Andrew Jung,,"Seongnam, South Korea",mens-squash,2024,37.4201556,127.1262092
Arhan Chandra,,"Sugar Land, Texas",mens-squash,2024,29.6196787,-95.6349463
Franklyn Smith,,"Brighton, England",mens-squash,2024,50.8214626,-0.1400561
Gonzalo de la Mora,,"New Haven, Conn.",mens-squash,2024,41.3082138,-72.9250518
Imad Athar,,"Avon, Conn.",mens-squash,2024,41.8098209,-72.8306541
Laszlo Godde,,"La Rochelle, France",mens-squash,2024,46.159732,-1.1515951
Paarth Ambani,,"Mumbai, India",mens-squash,2024,19.054999,72.8692035
Ryan Chen,,"Bedford, N.Y.",mens-squash,2024,41.2041304,-73.642509
Shaurya Bawa,,"New Delhi, India",mens-squash,2024,28.6138954,77.2090057
Tommy Soltanian,,"Baltimore, Md.",mens-squash,2024,39.2908816,-76.610759
Varun Fuloria,,"Los Altos, Calif.",mens-squash,2024,37.3790629,-122.116578
Yusuf Sheikh,,"London, England",mens-squash,2024,51.5074456,-0.1277653
Zach Nam,,"Seoul, South Korea",mens-squash,2024,37.5666791,126.9782914
Adam Morkel,,"Cape Town, South Africa",mens-squash,2025,-33.9288301,18.4172197
Ahmad Haq,,"Santa Clara, Calif.",mens-squash,2025,37.2333253,-121.6846349
Alexander Yuzpe,,"Toronto, Ontario, Canada",mens-squash,2025,43.6534817,-79.3839347
Arhan Chandra,,"Sugar Land, Texas",mens-squash,2025,29.6196787,-95.6349463
Faazil Khan,,"Oakville, Ontario, Canada",mens-squash,2025,43.447436,-79.666672
Franklyn Smith,,"Brighton, England",mens-squash,2025,50.8214626,-0.1400561
Imad Athar,,"Avon, Conn.",mens-squash,2025,41.8098209,-72.8306541
Laszlo Godde,,"La Rochelle, France",mens-squash,2025,46.159732,-1.1515951
Paarth Ambani,,"Mumbai, India",mens-squash,2025,19.054999,72.8692035
Sam Du,,"Shanghai, China",mens-squash,2025,31.2312707,121.4700152
Shaurya Bawa,,"New Delhi, India",mens-squash,2025,28.6138954,77.2090057
Tommy Soltanian,,"Baltimore, Md.",mens-squash,2025,39.2908816,-76.610759
Varun Fuloria,,"Los Altos, Calif.",mens-squash,2025,37.3790629,-122.116578
Yusuf Sheikh,,"London, England",mens-squash,2025,51.5074456,-0.1277653
Adam Hawal,,"Cairo, Egypt",mens-squash,2026,30.0443879,31.2357257
Ahmad Haq,,"Santa Clara, Calif.",mens-squash,2026,37.2333253,-121.6846349
Arhan Chandra,,"Sugar Land, Texas",mens-squash,2026,29.6196787,-95.6349463
Devon Li,,"Malvern, Pa.",mens-squash,2026,40.036202,-75.5138959
Faazil Khan,,"Oakville, Ontario, Canada",mens-squash,2026,43.447436,-79.666672
Imad Athar,,"Avon, Conn.",mens-squash,2026,41.8098209,-72.8306541
Laszlo Godde,,"La Rochelle, France",mens-squash,2026,46.159732,-1.1515951
Martin Stepan,,"Brno, Czech Republic",mens-squash,2026,49.1922443,16.6113382
Nathaniel Nam,,"Seoul, South Korea",mens-squash,2026,37.5666791,126.9782914
Omair Athar,,"Avon, Conn.",mens-squash,2026,41.8098209,-72.8306541
Paarth Ambani,,"Mumbai, India",mens-squash,2026,19.054999,72.8692035
Sam Du,,"Shanghai, China",mens-squash,2026,31.2312707,121.4700152
Shaurya Bawa,,"New Delhi, India",mens-squash,2026,28.6138954,77.2090057
Tommy Soltanian,,"Baltimore, Md.",mens-squash,2026,39.2908816,-76.610759
Varun Fuloria,,"Los Altos, Calif.",mens-squash,2026,37.3790629,-122.116578
Yusuf Sheikh,,"London, England",mens-squash,2026,51.5074456,-0.1277653
Alec Zhang,Fr,"Alamo, Calif.",mens-swimming-and-diving,2016,37.8551351,-122.0066891
Brian Tsau,Free/IM,"Bethesda, Md.",mens-swimming-and-diving,2016,38.9812726,-77.1233587
Christopher Aoun,Fr,"London, U.K.",mens-swimming-and-diving,2016,-8.8162775,115.1541201
Cole Stevens,Bk/IM,"Moraga, Calif.",mens-swimming-and-diving,2016,37.834897,-122.12883
Connor Fraser,Fr/Bk,"Andover, Mass.",mens-swimming-and-diving,2016,42.65717,-71.1408776
Drew May,Fl,"Glen Carbon, Ill.",mens-swimming-and-diving,2016,38.7483814,-89.983158
Erek Cox,Fr/Br/IM,"Decatur, Ga.",mens-swimming-and-diving,2016,30.8736613,-84.5740953
Eric Ng,Fly/IM/Free,"Edison, N.J.",mens-swimming-and-diving,2016,40.5005351,-74.3983939
Forrest Davis,Br,"Highstown, N.J.",mens-swimming-and-diving,2016,40.269559,-74.5232454
Jack Foster,Fr,"Silver Spring, Md.",mens-swimming-and-diving,2016,38.9997621,-77.0240371
Jack Smith,Br,"Ormskirk, Great Britain",mens-swimming-and-diving,2016,53.5673603,-2.8859603
Jacob Zucker,Free/Back/IM,"Potomac, Md.",mens-swimming-and-diving,2016,39.0180508,-77.1956331
Jae Park,IM/Fr/Br,"Wilmette, Ill.",mens-swimming-and-diving,2016,42.076066,-87.7115555
James Delgado,IM/Fr/Br,"Cincinnati, Ohio",mens-swimming-and-diving,2016,39.1012809,-84.5127405
Jayden Pantel,Diving,"Saskatoon,Saskatchewan, Canada",mens-swimming-and-diving,2016,52.131802,-106.660767
Joe Skimmons,Br/IM,"Point Pleasant Boro, N.J.",mens-swimming-and-diving,2016,40.0782189,-74.0709866
Joseph Lozano,Br/IM,"Garden City, N.Y.",mens-swimming-and-diving,2016,40.7266477,-73.6343052
Julian Radice,IM/Fl,"Miami, Fla.",mens-swimming-and-diving,2016,25.7741566,-80.1935973
Kevin Dang,Sprt. Fr,"Kent, Wash.",mens-swimming-and-diving,2016,47.3826903,-122.2270272
Kevin Frifeldt,Fl/Sprt. Fr.,"Mililani, Hawaii",mens-swimming-and-diving,2016,21.4508308,-158.0095783
Kevin Fulton,Diving,"Flanders, N.J.",mens-swimming-and-diving,2016,40.841775,-74.7179824
Lexo Walker,Free/Fly,"Ridgefield, Conn.",mens-swimming-and-diving,2016,41.2814842,-73.4981792
Mark Gullick,Sprt. Fr,"Albuquerque, N.M.",mens-swimming-and-diving,2016,35.0841034,-106.650985
Matthew Kronengold,Free/Fly/Back,"Fort Lauderdale, Fla.",mens-swimming-and-diving,2016,26.1223084,-80.1433786
Michal Zyla,Fr/Bk,"Walnut Creek, Calif.",mens-swimming-and-diving,2016,37.9020731,-122.0618702
Mitchell Herrera,Fr,"Elko, Minn.",mens-swimming-and-diving,2016,44.5646862,-93.326889
Nian-Guo Liu,Fr/Fly/Bk/IM,"Athens, Greece",mens-swimming-and-diving,2016,37.9755648,23.7348324
Nikita Bondarenko,Fr,"River Forest, Ill.",mens-swimming-and-diving,2016,41.8978091,-87.8139483
Pearce Kieser,Br,"Cincinnati, Ohio",mens-swimming-and-diving,2016,39.1012809,-84.5127405
Shane Brett,Fly/IM,"Tokyo, Japan",mens-swimming-and-diving,2016,35.6768601,139.7638947
Shinya Kondo,Diving,"Novi, Michigan",mens-swimming-and-diving,2016,42.48059,-83.4754913
Terry Li,Fl,"Demarest, N.J.",mens-swimming-and-diving,2016,40.9573205,-73.9634708
Zac Pear,Fly/Free,"Darien, Conn.",mens-swimming-and-diving,2016,41.0787079,-73.4692873
Zach Thomas,Br/IM,"Austin, Texas",mens-swimming-and-diving,2016,30.2711286,-97.7436995
Adam Osowski,Fr,"Valencia, Calif.",mens-swimming-and-diving,2017,34.4131941,-118.559849
Albert Gwo,Free/Fly,"Mountain View, Calif.",mens-swimming-and-diving,2017,37.3893889,-122.0832101
Brian Tsau,Free/IM,"Bethesda, Md.",mens-swimming-and-diving,2017,38.9812726,-77.1233587
Christopher Aoun,Fr,"London, U.K.",mens-swimming-and-diving,2017,-8.8162775,115.1541201
Cole Stevens,Bk/IM,"Moraga, Calif.",mens-swimming-and-diving,2017,37.834897,-122.12883
Dimitri Simcox,Free/Fly,"Lakewood, Ohio",mens-swimming-and-diving,2017,41.4819932,-81.7981908
Edward Smith,Fr,"Dublin, Calif.",mens-swimming-and-diving,2017,37.7021521,-121.9357918
Erek Cox,Fr/Br/IM,"Decatur, Ga.",mens-swimming-and-diving,2017,30.8736613,-84.5740953
Eric Ng,Fly/IM/Free,"Edison, N.J.",mens-swimming-and-diving,2017,40.5005351,-74.3983939
Eric Tong,Br,"Princeton, N.J.",mens-swimming-and-diving,2017,40.3496953,-74.6597376
Jace Ng,Fr,"Los Angeles, Calif.",mens-swimming-and-diving,2017,34.0536909,-118.242766
Jack Smith,Br,"Ormskirk, Great Britain",mens-swimming-and-diving,2017,53.5673603,-2.8859603
Jae Park,IM/Fr/Br,"Wilmette, Ill.",mens-swimming-and-diving,2017,42.076066,-87.7115555
Jayden Pantel,Diving,"Saskatoon,Saskatchewan, Canada",mens-swimming-and-diving,2017,52.131802,-106.660767
Ji Ho Hyun,Sprt. Fr,"Ann Arbor, Mich.",mens-swimming-and-diving,2017,42.2813722,-83.7484616
Joe Skimmons,Br/IM,"Point Pleasant Boro, N.J.",mens-swimming-and-diving,2017,40.0782189,-74.0709866
John Scanlon,Dist. Fr.,"Naples, Fla.",mens-swimming-and-diving,2017,26.1421976,-81.7942944
Jonathan Suckow,Diving,"Geneva, Switzerland",mens-swimming-and-diving,2017,46.2017559,6.1466014
Joseph Lozano,Br/IM,"Garden City, N.Y.",mens-swimming-and-diving,2017,40.7266477,-73.6343052
Joseph Scerbo,Br/IM,"Boonton Township, N.J.",mens-swimming-and-diving,2017,40.9314543,-74.4291549
Kevin Dang,Sprt. Fr,"Kent, Wash.",mens-swimming-and-diving,2017,47.3826903,-122.2270272
Kevin Frifeldt,Fl/Sprt. Fr.,"Mililani, Hawaii",mens-swimming-and-diving,2017,21.4508308,-158.0095783
Kevin Fulton,Diving,"Flanders, N.J.",mens-swimming-and-diving,2017,40.841775,-74.7179824
Lexo Walker,Free/Fly,"Ridgefield, Conn.",mens-swimming-and-diving,2017,41.2814842,-73.4981792
Mark Gullick,Sprt. Fr,"Albuquerque, N.M.",mens-swimming-and-diving,2017,35.0841034,-106.650985
Michal Zyla,Fr/Bk,"Walnut Creek, Calif.",mens-swimming-and-diving,2017,37.9020731,-122.0618702
Mitchell Herrera,Fr,"Elko, Minn.",mens-swimming-and-diving,2017,44.5646862,-93.326889
Nian-Guo Liu,Fr/Fly/Bk/IM,"Athens, Greece",mens-swimming-and-diving,2017,37.9755648,23.7348324
Pearce Kieser,Br,"Cincinnati, Ohio",mens-swimming-and-diving,2017,39.1012809,-84.5127405
Shane Brett,Fly/IM,"Tokyo, Japan",mens-swimming-and-diving,2017,35.6768601,139.7638947
Shinya Kondo,Diving,"Novi, Michigan",mens-swimming-and-diving,2017,42.48059,-83.4754913
William Tan,Sprt. Fr/IM/Fl,"Austin, Texas",mens-swimming-and-diving,2017,30.2711286,-97.7436995
Zac Pear,Fly/Free,"Darien, Conn.",mens-swimming-and-diving,2017,41.0787079,-73.4692873
Zach Thomas,Br/IM,"Austin, Texas",mens-swimming-and-diving,2017,30.2711286,-97.7436995
Adam Osowski,Free,"Valencia, Calif.",mens-swimming-and-diving,2018,34.4131941,-118.559849
Albert Gwo,Free/Fly,"Mountain View, Calif.",mens-swimming-and-diving,2018,37.3893889,-122.0832101
Brian Tsau,Free/IM,"Bethesda, Md.",mens-swimming-and-diving,2018,38.9812726,-77.1233587
Christopher Aoun,Free,"London, U.K.",mens-swimming-and-diving,2018,-8.8162775,115.1541201
Cole Stevens,Back/IM,"Moraga, Calif.",mens-swimming-and-diving,2018,37.834897,-122.12883
David Wang,Br,"Rowland Heights, Calif.",mens-swimming-and-diving,2018,33.9734043,-117.8941305
Erek Cox,Fr/Br/IM,"Decatur, Ga.",mens-swimming-and-diving,2018,30.8736613,-84.5740953
Hayden Liu,Back/IM,"Hangzhou, China",mens-swimming-and-diving,2018,30.2489634,120.2052342
Jax England,Fr/IM/Back,"Paramus, N.J.",mens-swimming-and-diving,2018,40.9452911,-74.0735899
Jesse Braun,Fr/Br,"Lisbon, N.Y.",mens-swimming-and-diving,2018,44.727467,-75.321236
Ji Ho Hyun,Sprt. Fr,"Ann Arbor, Mich.",mens-swimming-and-diving,2018,42.2813722,-83.7484616
Joe Skimmons,Br/IM,"Point Pleasant Boro, N.J.",mens-swimming-and-diving,2018,40.0782189,-74.0709866
Joey Licht,Back/IM,"Clearwater, Fla.",mens-swimming-and-diving,2018,27.9658533,-82.8001026
John Scanlon,Dist. Fr.,"Naples, Fla.",mens-swimming-and-diving,2018,26.1421976,-81.7942944
Jonas Kistorp,Free/Back,"Charlottenlund, Denmark",mens-swimming-and-diving,2018,55.7552973,12.5671103
Jonathan Cheng,IM/Breast,"Trabuco Canyon, Calif.",mens-swimming-and-diving,2018,33.6626232,-117.58938
Jonathan Suckow,Diving,"Geneva, Switzerland",mens-swimming-and-diving,2018,46.2017559,6.1466014
Kevin Dang,Sprt. Fr,"Kent, Wash.",mens-swimming-and-diving,2018,47.3826903,-122.2270272
Kevin Fulton,Diving,"Flanders, N.J.",mens-swimming-and-diving,2018,40.841775,-74.7179824
Lexo Walker,Free/Fly,"Ridgefield, Conn.",mens-swimming-and-diving,2018,41.2814842,-73.4981792
Mekal Helou,Sprt. Fr,Singapore,mens-swimming-and-diving,2018,1.357107,103.8194992
Nian-Guo Liu,Free,"Athens, Greece",mens-swimming-and-diving,2018,37.9755648,23.7348324
Pearce Kieser,Br,"Cincinnati, Ohio",mens-swimming-and-diving,2018,39.1012809,-84.5127405
Shane Brett,Fly/IM,"Tokyo, Japan",mens-swimming-and-diving,2018,35.6768601,139.7638947
Shawn Lou,Free,"Irvine, Calif.",mens-swimming-and-diving,2018,33.6856969,-117.825981
Shinya Kondo,Diving,"Novi, Michigan",mens-swimming-and-diving,2018,42.48059,-83.4754913
Timothy Eng,IM,Hong Kong,mens-swimming-and-diving,2018,22.2818333,114.1582831
William Tan,Sprt. Fr/IM/Fly,"Austin, Texas",mens-swimming-and-diving,2018,30.2711286,-97.7436995
Zac Pear,Fly/Free,"Darien, Conn.",mens-swimming-and-diving,2018,41.0787079,-73.4692873
Albert Gwo,Free/Fly,"Mountain View, Calif.",mens-swimming-and-diving,2019,37.3893889,-122.0832101
Andy Lee,Sprt. Free/Back/Fly,"New Hyde Park, N.Y.",mens-swimming-and-diving,2019,40.7352157,-73.6883239
Baptiste Leger,Back/IM,"Paris, France",mens-swimming-and-diving,2019,48.8534951,2.3483915
Ben Blizard,Diving,"Ipswich, Mass./Windermere, Fla.",mens-swimming-and-diving,2019,42.679273,-70.8411583
Casey Fellows,Diving,"Highlands Ranch, Colo.",mens-swimming-and-diving,2019,39.538565,-104.9725904
Christopher Aoun,Free,"London, U.K.",mens-swimming-and-diving,2019,-8.8162775,115.1541201
Cole Stevens,Back/IM,"Moraga, Calif.",mens-swimming-and-diving,2019,37.834897,-122.12883
David Wang,Br,"Rowland Heights, Calif.",mens-swimming-and-diving,2019,33.9734043,-117.8941305
Erek Cox,Free/Breast/IM,"Decatur, Ga.",mens-swimming-and-diving,2019,30.8736613,-84.5740953
Erik Hansen,Free,"Quechee, Vt.",mens-swimming-and-diving,2019,43.645213,-72.4157218
Eugene Li,Sprt. Free,"Canton, Mich.",mens-swimming-and-diving,2019,42.7269261,-84.6433146
Hayden Liu,Back/IM,"Hangzhou, China",mens-swimming-and-diving,2019,30.2489634,120.2052342
Ike Shirakata,IM/Breast,"Rancho Palos Verdes, Calif.",mens-swimming-and-diving,2019,33.7483311,-118.3707683
Jax England,Free/IM/Back,"Paramus, N.J.",mens-swimming-and-diving,2019,40.9452911,-74.0735899
Jesse Braun,Free/Breast,"Lisbon, N.Y.",mens-swimming-and-diving,2019,44.727467,-75.321236
Ji Ho Hyun,Sprt. Free,"Ann Arbor, Mich.",mens-swimming-and-diving,2019,42.2813722,-83.7484616
Joe Skimmons,Br/IM,"Point Pleasant Boro, N.J.",mens-swimming-and-diving,2019,40.0782189,-74.0709866
Joey Licht,Back/IM,"Clearwater, Fla.",mens-swimming-and-diving,2019,27.9658533,-82.8001026
John Scanlon,Dist. Fr.,"Naples, Fla.",mens-swimming-and-diving,2019,26.1421976,-81.7942944
Jonas Kistorp,Free/Back,"Charlottenlund, Denmark",mens-swimming-and-diving,2019,55.7552973,12.5671103
Jonathan Cheng,IM/Breast,"Trabuco Canyon, Calif.",mens-swimming-and-diving,2019,33.6626232,-117.58938
Keegan Drew,Free,"Harrison, N.Y.",mens-swimming-and-diving,2019,40.9689871,-73.71263
Kevin Dang,Sprt. Free,"Kent, Wash.",mens-swimming-and-diving,2019,47.3826903,-122.2270272
Lexo Walker,Free/Fly,"Ridgefield, Conn.",mens-swimming-and-diving,2019,41.2814842,-73.4981792
Michael Chang,Breast/IM,"Farmingdale, N.Y.",mens-swimming-and-diving,2019,40.7328811,-73.4458564
Nian-Guo Liu,Free,"Athens, Greece",mens-swimming-and-diving,2019,37.9755648,23.7348324
Ray Yang,Fly,"Toronto, Ontario",mens-swimming-and-diving,2019,43.6534817,-79.3839347
Shawn Lou,Free,"Irvine, Calif.",mens-swimming-and-diving,2019,33.6856969,-117.825981
Shinya Kondo,Diving,"Novi, Michigan",mens-swimming-and-diving,2019,42.48059,-83.4754913
Thomas Shepanzyk,Free,"Berkeley Heights, N.J.",mens-swimming-and-diving,2019,40.6834349,-74.442653
William Tan,Sprt. Fr/IM/Fly,"Austin, Texas",mens-swimming-and-diving,2019,30.2711286,-97.7436995
Zac Pear,Fly/Free,"Darien, Conn.",mens-swimming-and-diving,2019,41.0787079,-73.4692873
Adam Haig,Back,"Austin, Texas",mens-swimming-and-diving,2020,30.2711286,-97.7436995
Albert Gwo,Free/Fly,"Mountain View, Calif.",mens-swimming-and-diving,2020,37.3893889,-122.0832101
Andy Huang,Free/Back,"Saratoga, Calif.",mens-swimming-and-diving,2020,37.2638324,-122.0230146
Andy Lee,Sprt. Free/Back/Fly,"New Hyde Park, N.Y.",mens-swimming-and-diving,2020,40.7352157,-73.6883239
Baptiste Leger,Back/IM,"Paris, France",mens-swimming-and-diving,2020,48.8534951,2.3483915
Ben Blizard,Diving,"Ipswich, Mass./Windermere, Fla.",mens-swimming-and-diving,2020,42.679273,-70.8411583
Casey Fellows,Diving,"Highlands Ranch, Colo.",mens-swimming-and-diving,2020,39.538565,-104.9725904
David Wang,Br,"Rowland Heights, Calif.",mens-swimming-and-diving,2020,33.9734043,-117.8941305
Erik Hansen,Free,"Quechee, Vt.",mens-swimming-and-diving,2020,43.645213,-72.4157218
Eugene Li,Sprt. Free,"Canton, Mich.",mens-swimming-and-diving,2020,42.7269261,-84.6433146
Hayden Liu,Back/IM,"Hangzhou, China",mens-swimming-and-diving,2020,30.2489634,120.2052342
Hunter Kroll,Free,"Irvine, Calif.",mens-swimming-and-diving,2020,33.6856969,-117.825981
Ike Shirakata,IM/Breast,"Rancho Palos Verdes, Calif.",mens-swimming-and-diving,2020,33.7483311,-118.3707683
Jax England,Free/IM/Back,"Paramus, N.J.",mens-swimming-and-diving,2020,40.9452911,-74.0735899
Jesse Braun,Free/Breast,"Lisbon, N.Y.",mens-swimming-and-diving,2020,44.727467,-75.321236
Ji Ho Hyun,Sprt. Free,"Ann Arbor, Mich.",mens-swimming-and-diving,2020,42.2813722,-83.7484616
Joey Licht,Back/IM,"Clearwater, Fla.",mens-swimming-and-diving,2020,27.9658533,-82.8001026
John Scanlon,Dist. Fr.,"Naples, Fla.",mens-swimming-and-diving,2020,26.1421976,-81.7942944
Jonas Kistorp,Free/Back,"Charlottenlund, Denmark",mens-swimming-and-diving,2020,55.7552973,12.5671103
Jonathan Cheng,IM/Breast,"Trabuco Canyon, Calif.",mens-swimming-and-diving,2020,33.6626232,-117.58938
Keegan Drew,Free,"Harrison, N.Y.",mens-swimming-and-diving,2020,40.9689871,-73.71263
Michael Chang,Breast/IM,"Farmingdale, N.Y.",mens-swimming-and-diving,2020,40.7328811,-73.4458564
Noah Czelusta,Breast/IM,"Houston, Texas",mens-swimming-and-diving,2020,29.7589382,-95.3676974
Nolan Kopp,Back/IM,"Carmel, Ind.",mens-swimming-and-diving,2020,39.9784186,-86.1283681
Ray Yang,Fly,"Toronto, Ontario",mens-swimming-and-diving,2020,43.6534817,-79.3839347
René Strezenicky,Free,"Sarasota, Fla.",mens-swimming-and-diving,2020,27.3365805,-82.5308545
Seungjoon Ahn,Free/Fly,"Seoul, South Korea/Katy, Texas",mens-swimming-and-diving,2020,37.5666791,126.9782914
Shawn Lou,Free,"Irvine, Calif.",mens-swimming-and-diving,2020,33.6856969,-117.825981
Stanford Li,Free,"Quebec, Canada",mens-swimming-and-diving,2020,52.4760892,-71.8258668
Thomas Shepanzyk,Free,"Berkeley Heights, N.J.",mens-swimming-and-diving,2020,40.6834349,-74.442653
William Tan,Sprt. Fr/IM/Fly,"Austin, Texas",mens-swimming-and-diving,2020,30.2711286,-97.7436995
Albert Gwo,Free/Fly,"Mountain View, Calif.",mens-swimming-and-diving,2021,37.3893889,-122.0832101
Andrew Fouty,Fly/IM,"Spanish Fort, Ala.",mens-swimming-and-diving,2021,30.6754503,-87.9040269
Andy Huang,Free/Back,"Saratoga, Calif.",mens-swimming-and-diving,2021,37.2638324,-122.0230146
Ben Blizard,Diving,"Ipswich, Mass./Windermere, Fla.",mens-swimming-and-diving,2021,42.679273,-70.8411583
Caleb Apodaca,IM/Fly,"Napa, Calif.",mens-swimming-and-diving,2021,38.4898675,-122.3218414
Casey Fellows,Diving,"Highlands Ranch, Colo.",mens-swimming-and-diving,2021,39.538565,-104.9725904
David Wang,Br,"Rowland Heights, Calif.",mens-swimming-and-diving,2021,33.9734043,-117.8941305
Demirkan Demir,Breast,"Istanbul, Turkey",mens-swimming-and-diving,2021,41.006381,28.9758715
Hayden Liu,Back/IM,"Hangzhou, China",mens-swimming-and-diving,2021,30.2489634,120.2052342
Hunter Kroll,Free,"Irvine, Calif.",mens-swimming-and-diving,2021,33.6856969,-117.825981
Ian Choi,Free,"Goyang-si, Republic of Korea",mens-swimming-and-diving,2021,37.6581862,126.8319452
Ike Shirakata,IM/Breast,"Rancho Palos Verdes, Calif.",mens-swimming-and-diving,2021,33.7483311,-118.3707683
Jack Engel,Free/Fly,"Mount Kisco, N.Y.",mens-swimming-and-diving,2021,41.2042616,-73.7270761
Jax England,Free/IM/Back,"Paramus, N.J.",mens-swimming-and-diving,2021,40.9452911,-74.0735899
Jesse Braun,Free/Breast,"Lisbon, N.Y.",mens-swimming-and-diving,2021,44.727467,-75.321236
Joey Licht,Back/IM,"Clearwater, Fla.",mens-swimming-and-diving,2021,27.9658533,-82.8001026
John Laidlaw,Free,"Chappaqua, N.Y.",mens-swimming-and-diving,2021,41.157284,-73.7676998
Jonas Kistorp,Free/Back,"Charlottenlund, Denmark",mens-swimming-and-diving,2021,55.7552973,12.5671103
Jonathan Suckow,Diving(C),"Geneva, Switzerland",mens-swimming-and-diving,2021,46.2017559,6.1466014
Josh Cho,Back/Sprints,"Laguna Niguel, Calif.",mens-swimming-and-diving,2021,33.5225261,-117.7075526
Keegan Drew,Free,"Harrison, N.Y.",mens-swimming-and-diving,2021,40.9689871,-73.71263
Kyle Won,Back/IM,"Seoul, South Korea",mens-swimming-and-diving,2021,37.5666791,126.9782914
Michael Chang,Breast/IM,"Farmingdale, N.Y.",mens-swimming-and-diving,2021,40.7328811,-73.4458564
Nick Leavell,Diving,"San Clemente, Calif.",mens-swimming-and-diving,2021,33.4270275,-117.6124179
Noah Czelusta,Breast/IM,"Houston, Texas",mens-swimming-and-diving,2021,29.7589382,-95.3676974
Nolan Kopp,Back/IM,"Carmel, Ind.",mens-swimming-and-diving,2021,39.9784186,-86.1283681
Ray Yang,Fly,"Toronto, Ontario",mens-swimming-and-diving,2021,43.6534817,-79.3839347
René Strezenicky,Free,"Sarasota, Fla.",mens-swimming-and-diving,2021,27.3365805,-82.5308545
Seungjoon Ahn,Free/Fly,"Seoul, South Korea/Katy, Texas",mens-swimming-and-diving,2021,37.5666791,126.9782914
Stanford Li,Free,"Quebec, Canada",mens-swimming-and-diving,2021,52.4760892,-71.8258668
Thomas Shepanzyk,Free,"Berkeley Heights, N.J.",mens-swimming-and-diving,2021,40.6834349,-74.442653
Tristan Pragnell,Back,"New York, N.Y.",mens-swimming-and-diving,2021,40.7127281,-74.0060152
Adam Wu,Free/Fly,"Surrey, British Columbia",mens-swimming-and-diving,2022,49.1913033,-122.849143
Ali Elmasry,IM/Breast,"Clifton, N.J.",mens-swimming-and-diving,2022,40.8584328,-74.1637553
Andrew Fouty,Fly/IM,"Spanish Fort, Ala.",mens-swimming-and-diving,2022,30.6754503,-87.9040269
Andy Huang,Free/Back,"Saratoga, Calif.",mens-swimming-and-diving,2022,37.2638324,-122.0230146
Andy Lee,Sprt. Free/Back/Fly,"New Hyde Park, N.Y.",mens-swimming-and-diving,2022,40.7352157,-73.6883239
Austin Lara,Free/Fly,"State Island, N.Y.",mens-swimming-and-diving,2022,42.9647647,-78.9540962
Ben Blizard,Diving,"Ipswich, Mass./Windermere, Fla.",mens-swimming-and-diving,2022,42.679273,-70.8411583
Brian Lee,Free/Fly,"Seoul, South Korea",mens-swimming-and-diving,2022,37.5666791,126.9782914
Caleb Apodaca,IM/Fly,"Napa, Calif.",mens-swimming-and-diving,2022,38.4898675,-122.3218414
Casey Fellows,Diving,"Highlands Ranch, Colo.",mens-swimming-and-diving,2022,39.538565,-104.9725904
Demirkan Demir,Breast,"Istanbul, Turkey",mens-swimming-and-diving,2022,41.006381,28.9758715
Hunter Kroll,Free,"Irvine, Calif.",mens-swimming-and-diving,2022,33.6856969,-117.825981
Ike Shirakata,IM/Breast,"Rancho Palos Verdes, Calif.",mens-swimming-and-diving,2022,33.7483311,-118.3707683
Isaac Beers,Free,"Poulsbo, Wash.",mens-swimming-and-diving,2022,47.7391366,-122.63928
Jack Engel,Free/Fly,"Mount Kisco, N.Y.",mens-swimming-and-diving,2022,41.2042616,-73.7270761
Jonathan Suckow,Diving(C),"Geneva, Switzerland",mens-swimming-and-diving,2022,46.2017559,6.1466014
Joseph Nicol,Dive,"Bradford, United Kingdom",mens-swimming-and-diving,2022,53.7944229,-1.7519186
Josh Cho,Back/Sprints,"Laguna Niguel, Calif.",mens-swimming-and-diving,2022,33.5225261,-117.7075526
Keegan Drew,Free,"Harrison, N.Y.",mens-swimming-and-diving,2022,40.9689871,-73.71263
Kyle Won,Back/IM,"Seoul, South Korea",mens-swimming-and-diving,2022,37.5666791,126.9782914
Lucas Canteros-Paz,Free,"Basking Ridge, N.J.",mens-swimming-and-diving,2022,40.7064088,-74.5492725
Matthew Lou,Breast,"irvine, Calif.",mens-swimming-and-diving,2022,33.6856969,-117.825981
Michael Chang,Breast/IM,"Farmingdale, N.Y.",mens-swimming-and-diving,2022,40.7328811,-73.4458564
Michael Zhang,Breast,"Alexandria, Va.",mens-swimming-and-diving,2022,38.8051095,-77.0470229
Nick Leavell,Diving,"San Clemente, Calif.",mens-swimming-and-diving,2022,33.4270275,-117.6124179
Noah Czelusta,Breast/IM,"Houston, Texas",mens-swimming-and-diving,2022,29.7589382,-95.3676974
Padraig Troy,Free,"Long Beach, Ind.",mens-swimming-and-diving,2022,41.7389287,-86.8569736
Ray Yang,Fly,"Toronto, Ontario",mens-swimming-and-diving,2022,43.6534817,-79.3839347
René Strezenicky,Free,"Sarasota, Fla.",mens-swimming-and-diving,2022,27.3365805,-82.5308545
Samuel Eckert,Free,"Tyler, Texas",mens-swimming-and-diving,2022,32.3512601,-95.3010624
Seth Roach,Fly,"Fayetteville, Ga.",mens-swimming-and-diving,2022,33.4487257,-84.4549262
Seungjoon Ahn,Free/Fly,"Seoul, South Korea/Katy, Texas",mens-swimming-and-diving,2022,37.5666791,126.9782914
Stanford Li,Free,"Quebec, Canada",mens-swimming-and-diving,2022,52.4760892,-71.8258668
Thomas Shepanzyk,Free,"Berkeley Heights, N.J.",mens-swimming-and-diving,2022,40.6834349,-74.442653
Tristan Pragnell,Back,"New York, N.Y.",mens-swimming-and-diving,2022,40.7127281,-74.0060152
Zion James,Free,"Memphis, Tenn.",mens-swimming-and-diving,2022,35.146026,-90.0517786
Adam Wu,Free/Fly,"Surrey, British Columbia",mens-swimming-and-diving,2023,49.1913033,-122.849143
Ali Elmasry,IM/Breast,"Clifton, N.J.",mens-swimming-and-diving,2023,40.8584328,-74.1637553
Allen Cai,Free,"Ontario, Calif.",mens-swimming-and-diving,2023,34.065846,-117.64843
Andrew Fouty,Fly/IM,"Spanish Fort, Ala.",mens-swimming-and-diving,2023,30.6754503,-87.9040269
Andy Huang,Free/Back,"Saratoga, Calif.",mens-swimming-and-diving,2023,37.2638324,-122.0230146
Austin Lara,Free/Fly,"State Island, N.Y.",mens-swimming-and-diving,2023,42.9647647,-78.9540962
Beri Yang,Breast/Free/IM,"Gilbert, Ariz.",mens-swimming-and-diving,2023,33.3527632,-111.789037
Brian Lee,Free/Fly,"Seoul, South Korea",mens-swimming-and-diving,2023,37.5666791,126.9782914
Caleb Apodaca,IM/Fly,"Napa, Calif.",mens-swimming-and-diving,2023,38.4898675,-122.3218414
Demirkan Demir,Breast,"Istanbul, Turkey",mens-swimming-and-diving,2023,41.006381,28.9758715
Dylan Dettloff,Free,"Sheboygan, Wis.",mens-swimming-and-diving,2023,43.7128967,-87.9370433
Hunter Kroll,Free,"Irvine, Calif.",mens-swimming-and-diving,2023,33.6856969,-117.825981
Isaac Beers,Free,"Poulsbo, Wash.",mens-swimming-and-diving,2023,47.7391366,-122.63928
Ivan Paligorov,Free,"Sofia, Bulgaria",mens-swimming-and-diving,2023,42.6977028,23.3217359
Jack Engel,Free/Fly,"Mount Kisco, N.Y.",mens-swimming-and-diving,2023,41.2042616,-73.7270761
Joseph Nicol,Dive,"Bradford, United Kingdom",mens-swimming-and-diving,2023,53.7944229,-1.7519186
Josh Cho,Back/Sprints,"Laguna Niguel, Calif.",mens-swimming-and-diving,2023,33.5225261,-117.7075526
Joshua Corn,Breast/IM,"Morrison, Colo.",mens-swimming-and-diving,2023,39.6535988,-105.191099
Kevin Obochi,Free,"Highland Park, Ill.",mens-swimming-and-diving,2023,42.1836719,-87.7993245
Logan Cicman,Free,"Mount Pleasant, Texas",mens-swimming-and-diving,2023,33.1570582,-94.9694007
Lucas Canteros-Paz,Free,"Basking Ridge, N.J.",mens-swimming-and-diving,2023,40.7064088,-74.5492725
Matthew Eng,Free/IM,Hong Kong,mens-swimming-and-diving,2023,22.2818333,114.1582831
Matthew Lou,Breast,"irvine, Calif.",mens-swimming-and-diving,2023,33.6856969,-117.825981
Michael Zhang,Breast,"Alexandria, Va.",mens-swimming-and-diving,2023,38.8051095,-77.0470229
Noah Czelusta,Breast/IM,"Houston, Texas",mens-swimming-and-diving,2023,29.7589382,-95.3676974
Nolan Kopp,Back/IM,"Carmel, Ind.",mens-swimming-and-diving,2023,39.9784186,-86.1283681
Padraig Troy,Free,"Long Beach, Ind.",mens-swimming-and-diving,2023,41.7389287,-86.8569736
René Strezenicky,Free,"Sarasota, Fla.",mens-swimming-and-diving,2023,27.3365805,-82.5308545
Ryan Pak,Breast,"Auburn, Wash.",mens-swimming-and-diving,2023,47.3075369,-122.2301808
Samuel Eckert,Free,"Tyler, Texas",mens-swimming-and-diving,2023,32.3512601,-95.3010624
Seth Roach,Fly,"Fayetteville, Ga.",mens-swimming-and-diving,2023,33.4487257,-84.4549262
Stanford Li,Free,"Quebec, Canada",mens-swimming-and-diving,2023,52.4760892,-71.8258668
Tristan Pragnell,Back,"New York, N.Y.",mens-swimming-and-diving,2023,40.7127281,-74.0060152
William Dietz,Free,"Chagrin Falls, Ohio",mens-swimming-and-diving,2023,41.436589,-81.3855058
Zach Vasser,Free,"Linwood, N.J.",mens-swimming-and-diving,2023,39.3398404,-74.5751484
Zion James,Free,"Memphis, Tenn.",mens-swimming-and-diving,2023,35.146026,-90.0517786
Adam Wu,Free/Fly,"Surrey, British Columbia",mens-swimming-and-diving,2024,49.1913033,-122.849143
Alekos Binder,Breast/IM,"Los Angeles, Calif.",mens-swimming-and-diving,2024,34.0536909,-118.242766
Ali Elmasry,IM/Breast,"Clifton, N.J.",mens-swimming-and-diving,2024,40.8584328,-74.1637553
Allen Cai,Free,"Ontario, Calif.",mens-swimming-and-diving,2024,34.065846,-117.64843
Andrew Fouty,Fly/IM,"Spanish Fort, Ala.",mens-swimming-and-diving,2024,30.6754503,-87.9040269
Beri Yang,Breast/Free/IM,"Gilbert, Ariz.",mens-swimming-and-diving,2024,33.3527632,-111.789037
Brian Lee,Free/Fly,"Seoul, South Korea",mens-swimming-and-diving,2024,37.5666791,126.9782914
Bryce Key,Free,"Mansfield, Texas",mens-swimming-and-diving,2024,32.563487,-97.1420308
Caleb Apodaca,IM/Fly,"Napa, Calif.",mens-swimming-and-diving,2024,38.4898675,-122.3218414
David Sacca,Breast/IM,"New York, N.Y.",mens-swimming-and-diving,2024,40.7127281,-74.0060152
Demirkan Demir,Breast,"Istanbul, Turkey",mens-swimming-and-diving,2024,41.006381,28.9758715
Dylan Dettloff,Free,"Sheboygan, Wis.",mens-swimming-and-diving,2024,43.7128967,-87.9370433
Gian Santos,Free/IM,"Rancho Santa Margarita, Calif.",mens-swimming-and-diving,2024,33.6408845,-117.6029341
Holden Carter,Back/Fly,"North Liberty, Iowa",mens-swimming-and-diving,2024,41.7478297,-91.6064397
Ian Choi,Free,"Goyang-si, Republic of Korea",mens-swimming-and-diving,2024,37.6581862,126.8319452
Isaac Beers,Back,"Poulsbo, Wash.",mens-swimming-and-diving,2024,47.7391366,-122.63928
Ivan Paligorov,Free,"Sofia, Bulgaria",mens-swimming-and-diving,2024,42.6977028,23.3217359
Jack Engel,Free/Fly,"Mount Kisco, N.Y.",mens-swimming-and-diving,2024,41.2042616,-73.7270761
Jerry Yan,Fly/Back/Free,"Rancho Santa Margarita, Calif.",mens-swimming-and-diving,2024,33.6408845,-117.6029341
Joseph Nicol,Dive,"Bradford, United Kingdom",mens-swimming-and-diving,2024,53.7944229,-1.7519186
Josh Cho,Back/Sprints,"Laguna Niguel, Calif.",mens-swimming-and-diving,2024,33.5225261,-117.7075526
Joshua Corn,Breast/IM,"Morrison, Colo.",mens-swimming-and-diving,2024,39.6535988,-105.191099
Kevin Obochi,Free,"Highland Park, Ill.",mens-swimming-and-diving,2024,42.1836719,-87.7993245
Logan Cicman,Free,"Mount Pleasant, Texas",mens-swimming-and-diving,2024,33.1570582,-94.9694007
Lucas Canteros-Paz,Free,"Basking Ridge, N.J.",mens-swimming-and-diving,2024,40.7064088,-74.5492725
Lucas Zhang,Free,"Toronto, Canada",mens-swimming-and-diving,2024,43.6534817,-79.3839347
Michael Zhang,Breast,"Alexandria, Va.",mens-swimming-and-diving,2024,38.8051095,-77.0470229
Padraig Troy,Free,"Long Beach, Ind.",mens-swimming-and-diving,2024,41.7389287,-86.8569736
Ryan Makouar,Free/Fly/IM,"La Cañada Flintridge, Calif.",mens-swimming-and-diving,2024,34.1998302,-118.2005236
Ryan Pak,Breast,"Auburn, Wash.",mens-swimming-and-diving,2024,47.3075369,-122.2301808
Samuel Eckert,Free,"Tyler, Texas",mens-swimming-and-diving,2024,32.3512601,-95.3010624
Seth Roach,Fly,"Fayetteville, Ga.",mens-swimming-and-diving,2024,33.4487257,-84.4549262
Stephen Zhukov,Free/IM,"Knoxville, Tenn.",mens-swimming-and-diving,2024,35.9603948,-83.9210261
Tristan Pragnell,Back,"New York, N.Y.",mens-swimming-and-diving,2024,40.7127281,-74.0060152
Will Cooley,Diving,"Durham, N.C.",mens-swimming-and-diving,2024,35.996653,-78.9018053
William Dietz,Free,"Chagrin Falls, Ohio",mens-swimming-and-diving,2024,41.436589,-81.3855058
Zach Vasser,Free,"Linwood, N.J.",mens-swimming-and-diving,2024,39.3398404,-74.5751484
Zion James,Free,"Memphis, Tenn.",mens-swimming-and-diving,2024,35.146026,-90.0517786
Adam Wu,Free/Fly,"Surrey, British Columbia",mens-swimming-and-diving,2025,49.1913033,-122.849143
Alekos Binder,Breast/IM,"Los Angeles, Calif.",mens-swimming-and-diving,2025,34.0536909,-118.242766
Ali Elmasry,IM/Breast,"Clifton, N.J.",mens-swimming-and-diving,2025,40.8584328,-74.1637553
Allen Cai,Free,"Ontario, Calif.",mens-swimming-and-diving,2025,34.065846,-117.64843
Beri Yang,Breast/Free/IM,"Gilbert, Ariz.",mens-swimming-and-diving,2025,33.3527632,-111.789037
Bingxiang Qin,Breast/Free,"Liaoning, China",mens-swimming-and-diving,2025,41.2374106,122.9955469
Brian Lee,Fly,"Quebec, Ontario",mens-swimming-and-diving,2025,43.5461826,-80.2477069
Brian Lee,Free/Fly,"Seoul, South Korea",mens-swimming-and-diving,2025,37.5666791,126.9782914
Bryce Key,Free,"Mansfield, Texas",mens-swimming-and-diving,2025,32.563487,-97.1420308
David Sacca,Breast/IM,"New York, N.Y.",mens-swimming-and-diving,2025,40.7127281,-74.0060152
Derek Hitchens,Free/Back,"Irvine, Calif.",mens-swimming-and-diving,2025,33.6856969,-117.825981
Derek Hong,Diving,"Tenafly, N.J.",mens-swimming-and-diving,2025,40.9253766,-73.9629154
Dylan Dettloff,Free,"Sheboygan, Wis.",mens-swimming-and-diving,2025,43.7128967,-87.9370433
Ethan Zhang,Free,"Carmel, Ind.",mens-swimming-and-diving,2025,39.9784186,-86.1283681
Gian Santos,Free/IM,"Rancho Santa Margarita, Calif.",mens-swimming-and-diving,2025,33.6408845,-117.6029341
Holden Carter,Back/Fly,"North Liberty, Iowa",mens-swimming-and-diving,2025,41.7478297,-91.6064397
Isaac Beers,Back,"Poulsbo, Wash.",mens-swimming-and-diving,2025,47.7391366,-122.63928
Jerry Yan,Fly/Back/Free,"Rancho Santa Margarita, Calif.",mens-swimming-and-diving,2025,33.6408845,-117.6029341
Joseph Nicol,Dive,"Bradford, United Kingdom",mens-swimming-and-diving,2025,53.7944229,-1.7519186
Joshua Corn,Breast/IM,"Morrison, Colo.",mens-swimming-and-diving,2025,39.6535988,-105.191099
Kevin Kong,Back/Free,"Vancouver, British Columbia",mens-swimming-and-diving,2025,49.2608724,-123.113952
Kevin Obochi,Free,"Highland Park, Ill.",mens-swimming-and-diving,2025,42.1836719,-87.7993245
Kyle Won,Back/IM,"Seoul, South Korea",mens-swimming-and-diving,2025,37.5666791,126.9782914
Lucas Zhang,Free,"Toronto, Canada",mens-swimming-and-diving,2025,43.6534817,-79.3839347
Mackenzie Lu,Diving,"Victoria, British Columbia",mens-swimming-and-diving,2025,48.4283182,-123.364953
Michael Zhang,Breast,"Alexandria, Va.",mens-swimming-and-diving,2025,38.8051095,-77.0470229
Nathan Jacobbe,IM/Fly/Free,"Allen, Texas",mens-swimming-and-diving,2025,33.1031744,-96.6705503
Ryan Makouar,Free/Fly/IM,"La Cañada Flintridge, Calif.",mens-swimming-and-diving,2025,34.1998302,-118.2005236
Ryan Pak,Breast,"Auburn, Wash.",mens-swimming-and-diving,2025,47.3075369,-122.2301808
Samuel Eckert,Free,"Tyler, Texas",mens-swimming-and-diving,2025,32.3512601,-95.3010624
Seth Roach,Fly,"Fayetteville, Ga.",mens-swimming-and-diving,2025,33.4487257,-84.4549262
Seungjoon Ahn,Free/Fly,"Seoul, South Korea/Katy, Texas",mens-swimming-and-diving,2025,37.5666791,126.9782914
Stephen Zhukov,Free/IM,"Knoxville, Tenn.",mens-swimming-and-diving,2025,35.9603948,-83.9210261
Will Cooley,Diving,"Durham, N.C.",mens-swimming-and-diving,2025,35.996653,-78.9018053
William Dietz,Free,"Chagrin Falls, Ohio",mens-swimming-and-diving,2025,41.436589,-81.3855058
Zach Vasser,Free,"Linwood, N.J.",mens-swimming-and-diving,2025,39.3398404,-74.5751484
Zion James,Free,"Memphis, Tenn.",mens-swimming-and-diving,2025,35.146026,-90.0517786
Alekos Binder,Breast/IM,"Los Angeles, Calif.",mens-swimming-and-diving,2026,34.0536909,-118.242766
Allen Cai,Free,"Ontario, Calif.",mens-swimming-and-diving,2026,34.065846,-117.64843
Beri Yang,Breast/Free/IM,"Gilbert, Ariz.",mens-swimming-and-diving,2026,33.3527632,-111.789037
Bingxiang Qin,Breast/Free,"Liaoning, China",mens-swimming-and-diving,2026,41.2374106,122.9955469
Braeden Valenzuela,Diving,"Laguna Niguel, Calif.",mens-swimming-and-diving,2026,33.5225261,-117.7075526
Brian Lee,Fly,"Quebec, Ontario",mens-swimming-and-diving,2026,43.5461826,-80.2477069
Bryce Key,Free,"Mansfield, Texas",mens-swimming-and-diving,2026,32.563487,-97.1420308
Cory Han,IM/Back/Breast,"Carmel, Ind.",mens-swimming-and-diving,2026,39.9784186,-86.1283681
David Sacca,Breast/IM,"New York, N.Y.",mens-swimming-and-diving,2026,40.7127281,-74.0060152
Derek Hitchens,Free/Back,"Irvine, Calif.",mens-swimming-and-diving,2026,33.6856969,-117.825981
Derek Hong,Diving,"Tenafly, N.J.",mens-swimming-and-diving,2026,40.9253766,-73.9629154
Dylan Dettloff,Free,"Sheboygan, Wis.",mens-swimming-and-diving,2026,43.7128967,-87.9370433
Ethan Zhang,Free,"Carmel, Ind.",mens-swimming-and-diving,2026,39.9784186,-86.1283681
Gian Santos,Free/IM,"Rancho Santa Margarita, Calif.",mens-swimming-and-diving,2026,33.6408845,-117.6029341
Holden Carter,Back/Fly,"North Liberty, Iowa",mens-swimming-and-diving,2026,41.7478297,-91.6064397
Jason Wang,Free,"Katy, Texas",mens-swimming-and-diving,2026,29.7857853,-95.8243956
Jerry Yan,Fly/Back/Free,"Rancho Santa Margarita, Calif.",mens-swimming-and-diving,2026,33.6408845,-117.6029341
Joshua Corn,Breast/IM,"Morrison, Colo.",mens-swimming-and-diving,2026,39.6535988,-105.191099
Kevin Kong,Back/Free,"Vancouver, British Columbia",mens-swimming-and-diving,2026,49.2608724,-123.113952
Kevin Obochi,Free,"Highland Park, Ill.",mens-swimming-and-diving,2026,42.1836719,-87.7993245
Krish Jain,Back/IM,"Jacksonville, Fla.",mens-swimming-and-diving,2026,30.3262247,-81.6579179
Kyle Li,Breast/IM,"Chantilly, Va.",mens-swimming-and-diving,2026,38.885219,-77.4486772
Kyle Won,Back/IM,"Seoul, South Korea",mens-swimming-and-diving,2026,37.5666791,126.9782914
Levi Skaistis,IM/Breast,"Austin, Texas",mens-swimming-and-diving,2026,30.2711286,-97.7436995
Lucas Zhang,Free,"Toronto, Canada",mens-swimming-and-diving,2026,43.6534817,-79.3839347
Mackenzie Lu,Diving,"Victoria, British Columbia",mens-swimming-and-diving,2026,48.4283182,-123.364953
Nathan Jacobbe,IM/Fly/Free,"Allen, Texas",mens-swimming-and-diving,2026,33.1031744,-96.6705503
Rohan Mehra,Distance,"Jersey City, N.J.",mens-swimming-and-diving,2026,40.7215682,-74.047455
Ryan Makouar,Free/Fly/IM,"La Cañada Flintridge, Calif.",mens-swimming-and-diving,2026,34.1998302,-118.2005236
Ryan Pak,Breast,"Auburn, Wash.",mens-swimming-and-diving,2026,47.3075369,-122.2301808
Stephen Zhukov,Free/IM,"Knoxville, Tenn.",mens-swimming-and-diving,2026,35.9603948,-83.9210261
Timothy Lee,Free,"Closter, N.J.",mens-swimming-and-diving,2026,40.9731536,-73.9615262
Tristan McCain,Free,"Austin, Texas",mens-swimming-and-diving,2026,30.2711286,-97.7436995
Will Cooley,Diving,"Durham, N.C.",mens-swimming-and-diving,2026,35.996653,-78.9018053
William Dietz,Free,"Chagrin Falls, Ohio",mens-swimming-and-diving,2026,41.436589,-81.3855058
Zach Vasser,Free,"Linwood, N.J.",mens-swimming-and-diving,2026,39.3398404,-74.5751484
Adam Ambrozy,,"St. Petersburg, Fla.",mens-tennis,2016,27.7712264,-82.6340259
Alex Keyser,,"Danville, Calif.",mens-tennis,2016,37.8225892,-122.0008254
Christopher Grant,,"Santa Barbara, Calif.",mens-tennis,2016,34.4221319,-119.702667
Jack Turchetta,,"Pound Ridge, N.Y.",mens-tennis,2016,41.2087066,-73.5748483
Jackie Tang,,Hong Kong,mens-tennis,2016,22.2818333,114.1582831
Michal Rolski,,"Kielczow, Poland",mens-tennis,2016,51.1398527,17.1790872
Miguel Alda,,"Round Rock, Texas",mens-tennis,2016,30.5085915,-97.6788056
Richard Pham,,"Saratoga, Calif.",mens-tennis,2016,37.2638324,-122.0230146
Shawn Hadavi,,"Dobbs Ferry, N.Y.",mens-tennis,2016,41.0145418,-73.872635
Taiyo Hamanaka,,"Eastchester, N.Y.",mens-tennis,2016,40.9610563,-73.8064739
Timothy Wang,,"Novi, Mich.",mens-tennis,2016,42.48059,-83.4754913
Victor Pham,,"Saratoga, Calif.",mens-tennis,2016,37.2638324,-122.0230146
William Matheson,,"Auckland, N.Z.",mens-tennis,2016,-31.9218756,115.8466839
Adam Ambrozy,,"St. Petersburg, Fla.",mens-tennis,2017,27.7712264,-82.6340259
Alex Keyser,,"Danville, Calif.",mens-tennis,2017,37.8225892,-122.0008254
Austen Huang,,"Elk Grove, Calif.",mens-tennis,2017,38.4087993,-121.3716178
Jack Lin,,"Markham, Ontario, Canada",mens-tennis,2017,43.8563707,-79.3376825
Jack Turchetta,,"Pound Ridge, N.Y.",mens-tennis,2017,41.2087066,-73.5748483
Jackie Tang,,Hong Kong,mens-tennis,2017,22.2818333,114.1582831
Jason Lui,,"Bellevue, Wash.",mens-tennis,2017,47.6144219,-122.192337
Keshav Vellodi,,"Pittsford, N.Y.",mens-tennis,2017,43.090959,-77.515298
Michal Rolski,,"Kielczow, Poland",mens-tennis,2017,51.1398527,17.1790872
Rian Pandole,,"Mumbai, India",mens-tennis,2017,19.054999,72.8692035
Taiyo Hamanaka,,"Eastchester, N.Y.",mens-tennis,2017,40.9610563,-73.8064739
Timothy Wang,,"Novi, Mich.",mens-tennis,2017,42.48059,-83.4754913
Victor Pham,,"Saratoga, Calif.",mens-tennis,2017,37.2638324,-122.0230146
William Matheson,,"Auckland, N.Z.",mens-tennis,2017,-31.9218756,115.8466839
Adam Ambrozy,,"St. Petersburg, Fla.",mens-tennis,2018,27.7712264,-82.6340259
Alex Keyser,,"Danville, Calif.",mens-tennis,2018,37.8225892,-122.0008254
Austen Huang,,"Elk Grove, Calif.",mens-tennis,2018,38.4087993,-121.3716178
Ben Gollin,,"Solana Beach, Calif.",mens-tennis,2018,32.9919141,-117.2678124
Jack Lin,,"Markham, Ontario, Canada",mens-tennis,2018,43.8563707,-79.3376825
Jack Turchetta,,"Pound Ridge, N.Y.",mens-tennis,2018,41.2087066,-73.5748483
Jackie Tang,,Hong Kong,mens-tennis,2018,22.2818333,114.1582831
Jason Lui,,"Bellevue, Wash.",mens-tennis,2018,47.6144219,-122.192337
Keshav Vellodi,,"Pittsford, N.Y.",mens-tennis,2018,43.090959,-77.515298
Rian Pandole,,"Mumbai, India",mens-tennis,2018,19.054999,72.8692035
Timothy Wang,,"Novi, Mich.",mens-tennis,2018,42.48059,-83.4754913
Victor Pham,,"Saratoga, Calif.",mens-tennis,2018,37.2638324,-122.0230146
William Matheson,,"Auckland, N.Z.",mens-tennis,2018,-31.9218756,115.8466839
Adam Ambrozy,,"St. Petersburg, Fla.",mens-tennis,2019,27.7712264,-82.6340259
Alex Keyser,,"Danville, Calif.",mens-tennis,2019,37.8225892,-122.0008254
Alex Kotzen,,"New York, N.Y.",mens-tennis,2019,40.7127281,-74.0060152
Anand Saluja,,"Brookfield, Wis.",mens-tennis,2019,43.0615578,-88.1260678
Austen Huang,,"Elk Grove, Calif.",mens-tennis,2019,38.4087993,-121.3716178
Ben Gollin,,"Solana Beach, Calif.",mens-tennis,2019,32.9919141,-117.2678124
Jack Lin,,"Markham, Ontario, Canada",mens-tennis,2019,43.8563707,-79.3376825
Jackie Tang,,Hong Kong,mens-tennis,2019,22.2818333,114.1582831
Jason Lui,,"Bellevue, Wash.",mens-tennis,2019,47.6144219,-122.192337
Keshav Vellodi,,"Pittsford, N.Y.",mens-tennis,2019,43.090959,-77.515298
Rian Pandole,,"Mumbai, India",mens-tennis,2019,19.054999,72.8692035
Ritik Sundaram,,"St. Louis, Mo.",mens-tennis,2019,38.6254063,-90.190009
Roey Tabet,,"Beirut, Lebanon",mens-tennis,2019,33.8892265,35.5025585
Alex Kotzen,,"New York, N.Y.",mens-tennis,2020,40.7127281,-74.0060152
Anand Saluja,,"Brookfield, Wis.",mens-tennis,2020,43.0615578,-88.1260678
Austen Huang,,"Elk Grove, Calif.",mens-tennis,2020,38.4087993,-121.3716178
Ben Gollin,,"Solana Beach, Calif.",mens-tennis,2020,32.9919141,-117.2678124
Henry Ruger,,"Philadelphia, Pa.",mens-tennis,2020,39.9527237,-75.1635262
Ishaan Ravichander,,"Belle Mead, N.J.",mens-tennis,2020,40.4667713,-74.6607144
Jack Lin,,"Markham, Ontario, Canada",mens-tennis,2020,43.8563707,-79.3376825
Jason Lui,,"Bellevue, Wash.",mens-tennis,2020,47.6144219,-122.192337
Rian Pandole,,"Mumbai, India",mens-tennis,2020,19.054999,72.8692035
Ritik Sundaram,,"St. Louis, Mo.",mens-tennis,2020,38.6254063,-90.190009
Roey Tabet,,"Beirut, Lebanon",mens-tennis,2020,33.8892265,35.5025585
Roko Horvat,,"Zagreb, Croatia",mens-tennis,2020,45.8130967,15.9772795
Theo Winegar,,"Osprey, Fla.",mens-tennis,2020,27.1903895,-82.479232
Alex Kotzen,,"New York, N.Y.",mens-tennis,2021,40.7127281,-74.0060152
Anand Saluja,,"Brookfield, Wis.",mens-tennis,2021,43.0615578,-88.1260678
Austen Huang,,"Elk Grove, Calif.",mens-tennis,2021,38.4087993,-121.3716178
Ben Gollin,,"Solana Beach, Calif.",mens-tennis,2021,32.9919141,-117.2678124
Henry Ruger,,"Philadelphia, Pa.",mens-tennis,2021,39.9527237,-75.1635262
Hugo Hashimoto,,"San Jose, Calif.",mens-tennis,2021,37.3361663,-121.890591
Ishaan Ravichander,,"Belle Mead, N.J.",mens-tennis,2021,40.4667713,-74.6607144
Jayden Templeman,,"Springville, Utah",mens-tennis,2021,40.1652447,-111.6114726
Max Westphal,,"Paris, France",mens-tennis,2021,48.8534951,2.3483915
Ritik Sundaram,,"St. Louis, Mo.",mens-tennis,2021,38.6254063,-90.190009
Roey Tabet,,"Beirut, Lebanon",mens-tennis,2021,33.8892265,35.5025585
Roko Horvat,,"Zagreb, Croatia",mens-tennis,2021,45.8130967,15.9772795
Theo Winegar,,"Osprey, Fla.",mens-tennis,2021,27.1903895,-82.479232
Alex Kotzen,,"New York, N.Y.",mens-tennis,2022,40.7127281,-74.0060152
Anand Saluja,,"Brookfield, Wis.",mens-tennis,2022,43.0615578,-88.1260678
Henry Ruger,,"Philadelphia, Pa.",mens-tennis,2022,39.9527237,-75.1635262
Hugo Hashimoto,,"San Jose, Calif.",mens-tennis,2022,37.3361663,-121.890591
Ishaan Ravichander,,"Belle Mead, N.J.",mens-tennis,2022,40.4667713,-74.6607144
Jayden Templeman,,"Springville, Utah",mens-tennis,2022,40.1652447,-111.6114726
Max Westphal,,"Paris, France",mens-tennis,2022,48.8534951,2.3483915
Michael Zheng,,"Montville, N.J.",mens-tennis,2022,40.9148209,-74.383763
Nicolas Kotzen,,"Short Hills, N.J.",mens-tennis,2022,40.7381585,-74.3377392
Roko Horvat,,"Zagreb, Croatia",mens-tennis,2022,45.8130967,15.9772795
Sachin Palta,,"Forest Hills, N.Y.",mens-tennis,2022,40.7214147,-73.8438267
Theo Winegar,,"Osprey, Fla.",mens-tennis,2022,27.1903895,-82.479232
Alex Kotzen,,"New York, N.Y.",mens-tennis,2023,40.7127281,-74.0060152
Henry Ruger,,"Philadelphia, Pa.",mens-tennis,2023,39.9527237,-75.1635262
Hugo Hashimoto,,"San Jose, Calif.",mens-tennis,2023,37.3361663,-121.890591
Ishaan Ravichander,,"Belle Mead, N.J.",mens-tennis,2023,40.4667713,-74.6607144
Jayden Templeman,,"Springville, Utah",mens-tennis,2023,40.1652447,-111.6114726
Max Westphal,,"Paris, France",mens-tennis,2023,48.8534951,2.3483915
Michael Zheng,,"Montville, N.J.",mens-tennis,2023,40.9148209,-74.383763
Nicolas Kotzen,,"Short Hills, N.J.",mens-tennis,2023,40.7381585,-74.3377392
Sachin Palta,,"Forest Hills, N.Y.",mens-tennis,2023,40.7214147,-73.8438267
Stanly Shukhman,,"Livingston, N.J.",mens-tennis,2023,40.7959335,-74.3148713
Theo Winegar,,"Osprey, Fla.",mens-tennis,2023,27.1903895,-82.479232
Tristan Lee,,Hong Kong,mens-tennis,2023,22.2818333,114.1582831
Andrew Kotzen,,"Short Hills, N.J.",mens-tennis,2024,40.7381585,-74.3377392
Hugo Hashimoto,,"San Jose, Calif.",mens-tennis,2024,37.3361663,-121.890591
Jayden Templeman,,"Springville, Utah",mens-tennis,2024,40.1652447,-111.6114726
Jordan Chang,,"Oakland Gardens, N.Y.",mens-tennis,2024,40.753991,-73.765966
Jung Hee You,,"Montreal, Canada",mens-tennis,2024,45.5031824,-73.5698065
Max Westphal,,"Paris, France",mens-tennis,2024,48.8534951,2.3483915
Michael Zheng,,"Montville, N.J.",mens-tennis,2024,40.9148209,-74.383763
Nicolas Kotzen,,"Short Hills, N.J.",mens-tennis,2024,40.7381585,-74.3377392
Sachin Palta,,"Forest Hills, N.Y.",mens-tennis,2024,40.7214147,-73.8438267
Stanly Shukhman,,"Livingston, N.J.",mens-tennis,2024,40.7959335,-74.3148713
Thanaphat Boosarawongse,,"Bangkok, Thailand",mens-tennis,2024,13.7524938,100.4935089
Tristan Lee,,Hong Kong,mens-tennis,2024,22.2818333,114.1582831
Abhishek Thorat,,"Wesley Chapel, Fla.",mens-tennis,2025,28.1866014,-82.366121
Aditya Govila,,"Singapore, Singapore",mens-tennis,2025,1.2899175,103.8519072
Andrew Ena,,"Rego Park, N.Y.",mens-tennis,2025,40.722865,-73.8621025
Andrew Kotzen,,"Short Hills, N.J.",mens-tennis,2025,40.7381585,-74.3377392
Jakub Katuch,,"Kosice, Slovakia",mens-tennis,2025,48.7172272,21.2496774
Jordan Chang,,"Oakland Gardens, N.Y.",mens-tennis,2025,40.753991,-73.765966
Jung Hee You,,"Montreal, Canada",mens-tennis,2025,45.5031824,-73.5698065
Michael Zheng,,"Montville, N.J.",mens-tennis,2025,40.9148209,-74.383763
Nicolas Kotzen,,"Short Hills, N.J.",mens-tennis,2025,40.7381585,-74.3377392
Sachin Palta,,"Forest Hills, N.Y.",mens-tennis,2025,40.7214147,-73.8438267
Stanly Shukhman,,"Livingston, N.J.",mens-tennis,2025,40.7959335,-74.3148713
Thanaphat Boosarawongse,,"Bangkok, Thailand",mens-tennis,2025,13.7524938,100.4935089
Tristan Lee,,Hong Kong,mens-tennis,2025,22.2818333,114.1582831
Abhishek Thorat,,"Wesley Chapel, Fla.",mens-tennis,2026,28.1866014,-82.366121
Aditya Govila,,"Singapore, Singapore",mens-tennis,2026,1.2899175,103.8519072
Andrew Ena,,"Rego Park, N.Y.",mens-tennis,2026,40.722865,-73.8621025
Andrew Kotzen,,"Short Hills, N.J.",mens-tennis,2026,40.7381585,-74.3377392
Charlie Valentine,,"Amsterdam, Netherlands",mens-tennis,2026,52.3730796,4.8924534
Damir Zhalgasbay,,"Almaty, Kazakhstan",mens-tennis,2026,43.2363924,76.9457275
Gray Kelley,,"Los Angeles, Calif.",mens-tennis,2026,34.0536909,-118.242766
Jakub Katuch,,"Kosice, Slovakia",mens-tennis,2026,48.7172272,21.2496774
Jordan Chang,,"Oakland Gardens, N.Y.",mens-tennis,2026,40.753991,-73.765966
Jung Hee You,,"Montreal, Canada",mens-tennis,2026,45.5031824,-73.5698065
Shaan Patel,,"Frontenac, Missouri",mens-tennis,2026,38.6358442,-90.4149786
Thanaphat Boosarawongse,,"Bangkok, Thailand",mens-tennis,2026,13.7524938,100.4935089
Tristan Lee,,Hong Kong,mens-tennis,2026,22.2818333,114.1582831
Alan Blaesser,,"Weston, Mass.",rowing,2016,42.3667625,-71.3031132
Alexander Milewski,,"Darien, Conn.",rowing,2016,41.0787079,-73.4692873
Aryan Sheikhalian,,"London, England",rowing,2016,51.5074456,-0.1277653
Bella Zionts,COX,"Buffalo, N.Y.",rowing,2016,42.8864163,-78.8781493
Ben Boccara,,"Dallas, Texas",rowing,2016,32.7762719,-96.7968559
Ben Landis,,"Heidelberg, Germany",rowing,2016,49.4093582,8.694724
Brooks Ralph,,"Toronto, Canada",rowing,2016,43.6534817,-79.3839347
Carlyn Dougherty,COX,"Greenwich, Conn.",rowing,2016,41.0264862,-73.6284598
Christoph von Pohlot,,"Shoreham, N.Y.",rowing,2016,40.9573208,-72.9076025
Colin Conroy,,"East Williston, N.Y.",rowing,2016,40.7584844,-73.6348034
Daniel Hong,COX,"Toronto, Ontario",rowing,2016,43.6534817,-79.3839347
David Mottola,,"Vienna, Va.",rowing,2016,38.9013729,-77.2651762
Felipe Frisch,,"Rio de Janeiro, Brazil",rowing,2016,-22.9110137,-43.2093727
Francois Gouws,,"London, England",rowing,2016,51.5074456,-0.1277653
Gage Holzhauer,,"Ridgefield, Conn.",rowing,2016,41.2814842,-73.4981792
George Patterson,,"Hereford, U.K.",rowing,2016,34.820934,-102.3880091
Harrison Vincent,,"Toronto, Ontario",rowing,2016,43.6534817,-79.3839347
Jeff Monahan,,"Fairfield, Conn.",rowing,2016,41.1412078,-73.2637258
Jeffrey Hou,,"Vancouver, British Columbia",rowing,2016,49.2608724,-123.113952
Jessica Jocson,COX,"Long Beach, Calif.",rowing,2016,33.7690164,-118.191604
John Cervone,,"White Plains, N.Y.",rowing,2016,41.0339862,-73.7629097
John Maloney,,"Cincinnati, Ohio",rowing,2016,39.1012809,-84.5127405
Justin Bae,,"St. Bellevue, Wash.",rowing,2016,48.1589006,-1.6886464
Lorenzo Frati,,"Miami, Fla.",rowing,2016,25.7741566,-80.1935973
Maxwell Elliott,,"Vancouver, B.C.",rowing,2016,49.2608724,-123.113952
Montana St. Pierre,COX,"Geenland, NH",rowing,2016,43.0361995,-70.8328322
Nicholas Mancini,,"Buffalo, N.Y.",rowing,2016,42.8864163,-78.8781493
Noah Rivkin,,"Newton, Mass.",rowing,2016,42.3300435,-71.194862
Petros Krommidas,,"Baldwin, N.Y.",rowing,2016,40.6534835,-73.6113502
Sebastian Krappe,,"Portola Valley, Calif.",rowing,2016,37.3736298,-122.219047
Spencer James,,"Wilmette, Ill.",rowing,2016,42.076066,-87.7115555
Titipat Kraprayoon,COX,"Bangkok, Thailand",rowing,2016,13.7524938,100.4935089
Yudi Liu,COX,"Chestnut Hill, MA",rowing,2016,42.3234553,-71.1639439
Aidan Norder,,"Osprey, Fla.",rowing,2017,27.1903895,-82.479232
Alan Blaesser,,"Weston, Mass.",rowing,2017,42.3667625,-71.3031132
Alex Overmeer,,"Weston, Mass.",rowing,2017,42.3667625,-71.3031132
Alexander Milewski,,"Darien, Conn.",rowing,2017,41.0787079,-73.4692873
Alexandros Zisimidis,,"Limassol, Cyprus",rowing,2017,34.6852901,33.0332657
Ali Salihoglu,,"Istanbul, Turkey",rowing,2017,41.006381,28.9758715
Bella Zionts,COX,"Buffalo, N.Y.",rowing,2017,42.8864163,-78.8781493
Ben Boccara,,"Dallas, Texas",rowing,2017,32.7762719,-96.7968559
Ben Landis,,"Heidelberg, Germany",rowing,2017,49.4093582,8.694724
Biao Foo,,"Singapore, China",rowing,2017,23.3518794,113.5201759
Brooks Ralph,,"Toronto, Canada",rowing,2017,43.6534817,-79.3839347
Colin Conroy,,"East Williston, N.Y.",rowing,2017,40.7584844,-73.6348034
Colm Feeney,,"Braintree, Mass.",rowing,2017,42.2205956,-71.0041229
Constantino Khoury,,"Long Beach, Calif.",rowing,2017,33.7690164,-118.191604
Gavin Southerland,,"Vancouver, B.C.",rowing,2017,49.2608724,-123.113952
George Patterson,,"Hereford, U.K.",rowing,2017,34.820934,-102.3880091
Harrison Vincent,,"Toronto, Ontario",rowing,2017,43.6534817,-79.3839347
Harry Jones IV,,"Whitehouse Station, N.J.",rowing,2017,40.61538,-74.7704409
Jeff Monahan,,"Fairfield, Conn.",rowing,2017,41.1412078,-73.2637258
Jeffrey Hou,,"Vancouver, British Columbia",rowing,2017,49.2608724,-123.113952
Jenson Carlgren,,"Santa Fe, N.M.",rowing,2017,35.6876096,-105.938456
Jim Stewart,,"Cumming, Ga.",rowing,2017,34.2073196,-84.1401926
John Cervone,,"White Plains, N.Y.",rowing,2017,41.0339862,-73.7629097
John Maloney,,"Cincinnati, Ohio",rowing,2017,39.1012809,-84.5127405
John Robison,,"Cincinnati, Ohio",rowing,2017,39.1012809,-84.5127405
Jorge Gonzalez,,"Stamford, Conn.",rowing,2017,41.0534302,-73.5387341
Kevin Borup,,"Monmouth Junction, N.J.",rowing,2017,40.3840222,-74.533084
Levi Beckett,,"Monona, Wis.",rowing,2017,43.0622189,-89.3340068
Lorenzo Frati,,"Miami, Fla.",rowing,2017,25.7741566,-80.1935973
Lukas Geiger,,"Cincinnati, Ohio",rowing,2017,39.1012809,-84.5127405
Max Amsterdam,,"Wayne, Pa.",rowing,2017,41.6264414,-75.3045103
Maxwell Elliott,,"Vancouver, B.C.",rowing,2017,49.2608724,-123.113952
Montana St. Pierre,COX,"Geenland, NH",rowing,2017,43.0361995,-70.8328322
Navin Keizer,,"Amsterdam, Netherlands",rowing,2017,52.3730796,4.8924534
Nicholas Mancini,,"Buffalo, N.Y.",rowing,2017,42.8864163,-78.8781493
Oliver Jennings,,"Sarasota, Fla.",rowing,2017,27.3365805,-82.5308545
Owen Cordaro,,"Warwick, N.Y.",rowing,2017,41.256483,-74.3598755
Ricardo Pantaleon,,"Bronx, N.Y.",rowing,2017,40.8466508,-73.8785937
Ryan Watt,,"Vancouver, B.C.",rowing,2017,49.2608724,-123.113952
Sebastian Krappe,,"Portola Valley, Calif.",rowing,2017,37.3736298,-122.219047
Spencer James,,"Wilmette, Ill.",rowing,2017,42.076066,-87.7115555
Torrance Smith,,"Greenwich, Conn.",rowing,2017,41.0264862,-73.6284598
Yudi Liu,COX,"Chestnut Hill, MA",rowing,2017,42.3234553,-71.1639439
Aidan Norder,,"Osprey, Fla.",rowing,2018,27.1903895,-82.479232
Alan Blaesser,,"Weston, Mass.",rowing,2018,42.3667625,-71.3031132
Alex Overmeer,,"Weston, Mass.",rowing,2018,42.3667625,-71.3031132
Alexander Milewski,,"Darien, Conn.",rowing,2018,41.0787079,-73.4692873
Alexandros Zisimidis,,"Limassol, Cyprus",rowing,2018,34.6852901,33.0332657
Ali Salihoglu,,"Istanbul, Turkey",rowing,2018,41.006381,28.9758715
Anthony Cosentino,,"Needham, Mass.",rowing,2018,42.2802645,-71.2360624
Bella Zionts,COX,"Buffalo, N.Y.",rowing,2018,42.8864163,-78.8781493
Ben Boccara,,"Dallas, Texas",rowing,2018,32.7762719,-96.7968559
Biao Foo,,"Singapore, China",rowing,2018,23.3518794,113.5201759
Brendan Burbage,,"Bronxville, N.Y.",rowing,2018,40.9381544,-73.8320784
Brooks Ralph,,"Toronto, Canada",rowing,2018,43.6534817,-79.3839347
Caroline Yu,COX,"Detroit, Mich.",rowing,2018,42.3315509,-83.0466403
Colm Feeney,,"Braintree, Mass.",rowing,2018,42.2205956,-71.0041229
Constantino Khoury,,"Long Beach, Calif.",rowing,2018,33.7690164,-118.191604
Diego Viladoms,,"New York, New York",rowing,2018,40.7127281,-74.0060152
Emma Frati,COX,"Miami, Fla.",rowing,2018,25.7741566,-80.1935973
Frank Baring,,"London, England",rowing,2018,51.5074456,-0.1277653
Gavin Southerland,,"Vancouver, B.C.",rowing,2018,49.2608724,-123.113952
George Patterson,,"Hereford, U.K.",rowing,2018,34.820934,-102.3880091
Harry Jones IV,,"Whitehouse Station, N.J.",rowing,2018,40.61538,-74.7704409
Ishan Django Dirks,,"Berkeley, Calif.",rowing,2018,37.8708393,-122.272863
Jack Hartman,,"Rye, N.Y.",rowing,2018,40.9821371,-73.6840902
Jake Duffy,,"Washington, D.C.",rowing,2018,38.8950982,-77.0363849
Jared Edwards,,"Westport, Conn.",rowing,2018,41.1414855,-73.3578955
Jenson Carlgren,,"Santa Fe, N.M.",rowing,2018,35.6876096,-105.938456
Jim Stewart,,"Cumming, Ga.",rowing,2018,34.2073196,-84.1401926
John Robison,,"Cincinnati, Ohio",rowing,2018,39.1012809,-84.5127405
Jorge Gonzalez,,"Stamford, Conn.",rowing,2018,41.0534302,-73.5387341
Kevin Borup,,"Monmouth Junction, N.J.",rowing,2018,40.3840222,-74.533084
Krishi Korrapati,,"Springfield, Ill.",rowing,2018,39.7990175,-89.6439575
Levi Beckett,,"Monona, Wis.",rowing,2018,43.0622189,-89.3340068
Lorenzo Frati,,"Miami, Fla.",rowing,2018,25.7741566,-80.1935973
Lukas Geiger,,"Cincinnati, Ohio",rowing,2018,39.1012809,-84.5127405
Max Amsterdam,,"Wayne, Pa.",rowing,2018,41.6264414,-75.3045103
Michael Ritter,,"Larkspur, Calif.",rowing,2018,37.9340915,-122.5352539
Noah Sadik,,"Forest Hills, N.Y.",rowing,2018,40.7214147,-73.8438267
Owen Cordaro,,"Warwick, N.Y.",rowing,2018,41.256483,-74.3598755
Pedro Santos,,"Lisbon, Portugal",rowing,2018,38.7077507,-9.1365919
Ricardo Pantaleon,,"Bronx, N.Y.",rowing,2018,40.8466508,-73.8785937
Richard Taylor,,"London, England",rowing,2018,51.5074456,-0.1277653
Ryan Watt,,"Vancouver, B.C.",rowing,2018,49.2608724,-123.113952
Sam Melvin,,"Huntington Beach, Calif.",rowing,2018,33.6783336,-118.000016
Sebastian Krappe,,"Portola Valley, Calif.",rowing,2018,37.3736298,-122.219047
Simon Osak,COX,"Toronto, Canada",rowing,2018,43.6534817,-79.3839347
Spencer James,,"Wilmette, Ill.",rowing,2018,42.076066,-87.7115555
Tim Cervera,,"Newtown, Conn.",rowing,2018,41.4134764,-73.3086445
Torrance Smith,,"Greenwich, Conn.",rowing,2018,41.0264862,-73.6284598
Tucker McMullen,,"Cincinnati, Ohio",rowing,2018,39.1012809,-84.5127405
Yudi Liu,COX,"Chestnut Hill, MA",rowing,2018,42.3234553,-71.1639439
Aidan Mahaffey,,"San Mateo, Calif.",rowing,2019,37.496904,-122.3330573
Aidan Norder,,"Osprey, Fla.",rowing,2019,27.1903895,-82.479232
Alex Overmeer,,"Weston, Mass.",rowing,2019,42.3667625,-71.3031132
Alexandros Zisimidis,,"Limassol, Cyprus",rowing,2019,34.6852901,33.0332657
Anthony Cosentino,,"Needham, Mass.",rowing,2019,42.2802645,-71.2360624
Brendan Burbage,,"Bronxville, N.Y.",rowing,2019,40.9381544,-73.8320784
Caroline Yu,COX,"Detroit, Mich.",rowing,2019,42.3315509,-83.0466403
Colm Feeney,,"Braintree, Mass.",rowing,2019,42.2205956,-71.0041229
Constantino Khoury,,"Long Beach, Calif.",rowing,2019,33.7690164,-118.191604
Curtis Alter,,"Mamaroneck, N.Y.",rowing,2019,40.9487314,-73.7331416
Dion Ariestanto,COX,"Cincinnati, Ohio",rowing,2019,39.1012809,-84.5127405
Ishan Django Dirks,,"Berkeley, Calif.",rowing,2019,37.8708393,-122.272863
Jack Gallagher,,"Newton, Pa.",rowing,2019,31.3393262,-85.6050526
Jack Hartman,,"Rye, N.Y.",rowing,2019,40.9821371,-73.6840902
Jake Duffy,,"Washington, D.C.",rowing,2019,38.8950982,-77.0363849
Jared Edwards,,"Westport, Conn.",rowing,2019,41.1414855,-73.3578955
John Robison,,"Cincinnati, Ohio",rowing,2019,39.1012809,-84.5127405
Justin Abbey,,"Novato, Calif.",rowing,2019,38.1061979,-122.5681191
Kevin Borup,,"Monmouth Junction, N.J.",rowing,2019,40.3840222,-74.533084
Levi Beckett,,"Monona, Wis.",rowing,2019,43.0622189,-89.3340068
Max Amsterdam,,"Wayne, Pa.",rowing,2019,41.6264414,-75.3045103
Michael Ritter,,"Larkspur, Calif.",rowing,2019,37.9340915,-122.5352539
Owen Cordaro,,"Warwick, N.Y.",rowing,2019,41.256483,-74.3598755
Pedro Santos,,"Lisbon, Portugal",rowing,2019,38.7077507,-9.1365919
Reese Gregory,,"Darien, Conn.",rowing,2019,41.0787079,-73.4692873
Ricardo Pantaleon,,"Bronx, N.Y.",rowing,2019,40.8466508,-73.8785937
Simon Osak,COX,"Toronto, Canada",rowing,2019,43.6534817,-79.3839347
Stan Mason,,"San Antonio, Texas",rowing,2019,29.4246002,-98.4951405
Thomas Anderson,,"Burlingame, Calif.",rowing,2019,37.5780965,-122.3473099
Tommy Kimberlin,,"Greenwich, Conn.",rowing,2019,41.0264862,-73.6284598
Torrance Smith,,"Greenwich, Conn.",rowing,2019,41.0264862,-73.6284598
Travis Kennedy III,,"Jacksonville, Fla.",rowing,2019,30.3262247,-81.6579179
Tucker McMullen,,"Cincinnati, Ohio",rowing,2019,39.1012809,-84.5127405
Tucker Wurtmann,,"Saratoga Springs, N.Y.",rowing,2019,43.0822315,-73.785373
Aaron Baez,,"Bronx, N.Y.",rowing,2020,40.8466508,-73.8785937
Aidan Mahaffey,,"San Mateo, Calif.",rowing,2020,37.496904,-122.3330573
Alex Overmeer,,"Weston, Mass.",rowing,2020,42.3667625,-71.3031132
Anthony Cosentino,,"Needham, Mass.",rowing,2020,42.2802645,-71.2360624
Arnav Sawhney,,"London, England",rowing,2020,51.5074456,-0.1277653
Ayush Saini,,"Mason, Ohio",rowing,2020,39.3600586,-84.309939
Caroline Yu,COX,"Detroit, Mich.",rowing,2020,42.3315509,-83.0466403
Dion Ariestanto,COX,"Cincinnati, Ohio",rowing,2020,39.1012809,-84.5127405
Gabriela Gonzalez,COX,"Boerne, Texas",rowing,2020,29.7946641,-98.7319703
Ishan Django Dirks,,"Berkeley, Calif.",rowing,2020,37.8708393,-122.272863
Jack Gallagher,,"Newton, Pa.",rowing,2020,31.3393262,-85.6050526
Jackson Gallagher,,"Oklahoma City, Okla.",rowing,2020,35.4729886,-97.5170536
Jared Edwards,,"Westport, Conn.",rowing,2020,41.1414855,-73.3578955
Justin Abbey,,"Novato, Calif.",rowing,2020,38.1061979,-122.5681191
Lukas Geiger,,"Cincinnati, Ohio",rowing,2020,39.1012809,-84.5127405
Max Amsterdam,,"Wayne, Pa.",rowing,2020,41.6264414,-75.3045103
Michael Keane,,"Victoria, British Columbia, Canada",rowing,2020,48.4283182,-123.364953
Pedro Santos,,"Lisbon, Portugal",rowing,2020,38.7077507,-9.1365919
Ricardo Pantaleon,,"Bronx, N.Y.",rowing,2020,40.8466508,-73.8785937
Sam Gregoire,,"Fairfax, Calif.",rowing,2020,37.9872935,-122.587967
Simon Osak,COX,"Toronto, Canada",rowing,2020,43.6534817,-79.3839347
Stan Mason,,"San Antonio, Texas",rowing,2020,29.4246002,-98.4951405
Thomas Anderson,,"Burlingame, Calif.",rowing,2020,37.5780965,-122.3473099
Tommy Kimberlin,,"Greenwich, Conn.",rowing,2020,41.0264862,-73.6284598
Travis Kennedy III,,"Jacksonville, Fla.",rowing,2020,30.3262247,-81.6579179
Tucker McMullen,,"Cincinnati, Ohio",rowing,2020,39.1012809,-84.5127405
Tucker Wurtmann,,"Saratoga Springs, N.Y.",rowing,2020,43.0822315,-73.785373
William West,,"Orlando, Fla.",rowing,2020,28.5421218,-81.379045
Aaron Baez,,"Bronx, N.Y.",rowing,2021,40.8466508,-73.8785937
Aidan Mahaffey,,"San Mateo, Calif.",rowing,2021,37.496904,-122.3330573
Aidan Walkeryee,,"Marin, Calif.",rowing,2021,38.0409144,-122.6199638
Alex Kosarek,,"Charlotte, N.C.",rowing,2021,35.2272086,-80.8430827
Alexandra Mandery,COX,"Muttontown, N.Y.",rowing,2021,40.8239883,-73.5476252
Alexandros Zisimidis,,"Limassol, Cyprus",rowing,2021,34.6852901,33.0332657
Alptug Kaynar,,"Pittsburgh, Pa.",rowing,2021,40.4406968,-80.0025666
Andrew Kim,,"Seoul, South Korea",rowing,2021,37.5666791,126.9782914
Arnav Sawhney,,"London, England",rowing,2021,51.5074456,-0.1277653
Ayush Saini,,"Mason, Ohio",rowing,2021,39.3600586,-84.309939
Brendan Burbage,,"Bronxville, N.Y.",rowing,2021,40.9381544,-73.8320784
Caiti Levin,COX,"Weston, Conn.",rowing,2021,41.2021302,-73.3812743
Caroline Yu,COX,"Detroit, Mich.",rowing,2021,42.3315509,-83.0466403
Curtis Alter,,"Mamaroneck, N.Y.",rowing,2021,40.9487314,-73.7331416
Dion Ariestanto,COX,"Cincinnati, Ohio",rowing,2021,39.1012809,-84.5127405
Gavin Southerland,,"Vancouver, B.C.",rowing,2021,49.2608724,-123.113952
Gil Dexter,,"Saratoga Springs, N.Y.",rowing,2021,43.0822315,-73.785373
Grace Paterson,COX,"Seattle, Wash.",rowing,2021,47.6038321,-122.330062
Jack Gallagher,,"Newton, Pa.",rowing,2021,31.3393262,-85.6050526
Jack Hartman,,"Rye, N.Y.",rowing,2021,40.9821371,-73.6840902
Jackson Gallagher,,"Oklahoma City, Okla.",rowing,2021,35.4729886,-97.5170536
Jake Duffy,,"Washington, D.C.",rowing,2021,38.8950982,-77.0363849
Lucia Nuovo,COX,"Shelburne, Vt.",rowing,2021,44.3784953,-73.228535
Michael Keane,,"Victoria, British Columbia, Canada",rowing,2021,48.4283182,-123.364953
Michael Ritter,,"Larkspur, Calif.",rowing,2021,37.9340915,-122.5352539
Nathaniel Wirth,,"Cary, N.C.",rowing,2021,35.7873617,-78.7811623
Pedro Santos,,"Lisbon, Portugal",rowing,2021,38.7077507,-9.1365919
Peter Woodville,,"Devon, Pa.",rowing,2021,40.0473603,-75.4229511
Reese Gregory,,"Darien, Conn.",rowing,2021,41.0787079,-73.4692873
Rye Walker,,"Cincinnati, Ohio",rowing,2021,39.1012809,-84.5127405
Sam Gregoire,,"Fairfax, Calif.",rowing,2021,37.9872935,-122.587967
Sam Weinstein Zimbel,,"Toronto, Ontario, Canada",rowing,2021,43.6534817,-79.3839347
Simon Osak,COX,"Toronto, Canada",rowing,2021,43.6534817,-79.3839347
Stan Mason,,"San Antonio, Texas",rowing,2021,29.4246002,-98.4951405
Stone Walker,,"Washington, D.C.",rowing,2021,38.8950982,-77.0363849
Tucker McMullen,,"Cincinnati, Ohio",rowing,2021,39.1012809,-84.5127405
William West,,"Orlando, Fla.",rowing,2021,28.5421218,-81.379045
Yohann Verma,,"Philadelphia, Pa.",rowing,2021,39.9527237,-75.1635262
Aidan Mahaffey,,"San Mateo, Calif.",rowing,2022,37.496904,-122.3330573
Aidan Walkeryee,,"Marin, Calif.",rowing,2022,38.0409144,-122.6199638
Alex Kosarek,,"Charlotte, N.C.",rowing,2022,35.2272086,-80.8430827
Alptug Kaynar,,"Pittsburgh, Pa.",rowing,2022,40.4406968,-80.0025666
Arin Jaff,,"Kirkland, Wash.",rowing,2022,47.6765382,-122.2070775
Arnav Sawhney,,"London, England",rowing,2022,51.5074456,-0.1277653
Ayush Saini,,"Mason, Ohio",rowing,2022,39.3600586,-84.309939
Caiti Levin,COX,"Weston, Conn.",rowing,2022,41.2021302,-73.3812743
Eli Bayer,,"Cincinnati, Ohio",rowing,2022,39.1012809,-84.5127405
Gil Dexter,,"Saratoga Springs, N.Y.",rowing,2022,43.0822315,-73.785373
Gonzalo Cortes,,"Miami, Fla",rowing,2022,25.7741566,-80.1935973
Grace Paterson,COX,"Seattle, Wash.",rowing,2022,47.6038321,-122.330062
Jack Gallagher,,"Newton, Pa.",rowing,2022,31.3393262,-85.6050526
Jackson Gallagher,,"Oklahoma City, Okla.",rowing,2022,35.4729886,-97.5170536
Josh Wang,,"Sarasota, Fla.",rowing,2022,27.3365805,-82.5308545
Kuba Williams,,"Melbourne, Australia",rowing,2022,-37.8142454,144.9631732
Lucia Nuovo,COX,"Shelburne, Vt.",rowing,2022,44.3784953,-73.228535
Michael Keane,,"Victoria, British Columbia, Canada",rowing,2022,48.4283182,-123.364953
Nathaniel Wirth,,"Cary, N.C.",rowing,2022,35.7873617,-78.7811623
Nitin Rao,,"Palo Alto, Calif.",rowing,2022,37.4443293,-122.1598465
Reese Gregory,,"Darien, Conn.",rowing,2022,41.0787079,-73.4692873
Rye Walker,,"Cincinnati, Ohio",rowing,2022,39.1012809,-84.5127405
Sam Gregoire,,"Fairfax, Calif.",rowing,2022,37.9872935,-122.587967
Sam Tharp,,"Dallas, Texas",rowing,2022,32.7762719,-96.7968559
Sam Weinstein Zimbel,,"Toronto, Ontario, Canada",rowing,2022,43.6534817,-79.3839347
Spencer Fleming,,"Seattle, Wash.",rowing,2022,47.6038321,-122.330062
Stone Walker,,"Washington, D.C.",rowing,2022,38.8950982,-77.0363849
Tony Valentino,,"Jacksonville, Fla.",rowing,2022,30.3262247,-81.6579179
William West,,"Orlando, Fla.",rowing,2022,28.5421218,-81.379045
Yohann Verma,,"Philadelphia, Pa.",rowing,2022,39.9527237,-75.1635262
Aidan Walkeryee,,"Marin, Calif.",rowing,2023,38.0409144,-122.6199638
Alptug Kaynar,,"Pittsburgh, Pa.",rowing,2023,40.4406968,-80.0025666
Amir LaGasse,,"Newton, Mass.",rowing,2023,42.3300435,-71.194862
Arin Jaff,,"Kirkland, Wash.",rowing,2023,47.6765382,-122.2070775
Arnav Sawhney,,"London, England",rowing,2023,51.5074456,-0.1277653
Ayush Saini,,"Mason, Ohio",rowing,2023,39.3600586,-84.309939
Barnett Pesin,,"Miami, Fla.",rowing,2023,25.7741566,-80.1935973
Caleb Alter,,"Rye, N.Y.",rowing,2023,40.9821371,-73.6840902
Danny Schaffer,,"Bradenton, Fla",rowing,2023,27.4989278,-82.5748194
Edward Habboosh,,"Hamden, Conn.",rowing,2023,41.3836233,-72.9020069
Eli Bayer,,"Cincinnati, Ohio",rowing,2023,39.1012809,-84.5127405
Finn Regan,,"London, England",rowing,2023,51.5074456,-0.1277653
Gil Dexter,,"Saratoga Springs, N.Y.",rowing,2023,43.0822315,-73.785373
Gonzalo Cortes,,"Miami, Fla",rowing,2023,25.7741566,-80.1935973
Grace Paterson,COX,"Seattle, Wash.",rowing,2023,47.6038321,-122.330062
Jackson Gallagher,,"Oklahoma City, Okla.",rowing,2023,35.4729886,-97.5170536
Jaime Biton,,"Miami, Fla.",rowing,2023,25.7741566,-80.1935973
Josh Wang,,"Sarasota, Fla.",rowing,2023,27.3365805,-82.5308545
Kuba Williams,,"Melbourne, Australia",rowing,2023,-37.8142454,144.9631732
Michael Keane,,"Victoria, British Columbia, Canada",rowing,2023,48.4283182,-123.364953
Mrin Chilkoti,,"London, England",rowing,2023,51.5074456,-0.1277653
Nitin Rao,,"Palo Alto, Calif.",rowing,2023,37.4443293,-122.1598465
Peter Walter,,"Frankfurt, Germany",rowing,2023,50.1106444,8.6820917
Rasa Audejaitis,COX,"Seattle, Wash.",rowing,2023,47.6038321,-122.330062
Ravi Conway,,"Greenwich, Conn.",rowing,2023,41.0264862,-73.6284598
Reese Gregory,,"Darien, Conn.",rowing,2023,41.0787079,-73.4692873
Rye Walker,,"Cincinnati, Ohio",rowing,2023,39.1012809,-84.5127405
Sam Gregoire,,"Fairfax, Calif.",rowing,2023,37.9872935,-122.587967
Sam Subramaniam,,"Greenwich, Conn",rowing,2023,41.0264862,-73.6284598
Sam Tharp,,"Dallas, Texas",rowing,2023,32.7762719,-96.7968559
Sam Weinstein Zimbel,,"Toronto, Ontario, Canada",rowing,2023,43.6534817,-79.3839347
Spencer Fleming,,"Seattle, Wash.",rowing,2023,47.6038321,-122.330062
Sydney England,COX,"Little Rock, Ark.",rowing,2023,34.7465071,-92.2896267
Tony Valentino,,"Jacksonville, Fla.",rowing,2023,30.3262247,-81.6579179
Aidan Walkeryee,,"Marin, Calif.",rowing,2024,38.0409144,-122.6199638
Alptug Kaynar,,"Pittsburgh, Pa.",rowing,2024,40.4406968,-80.0025666
Amir LaGasse,,"Newton, Mass.",rowing,2024,42.3300435,-71.194862
Arin Jaff,,"Kirkland, Wash.",rowing,2024,47.6765382,-122.2070775
Barnett Pesin,,"Miami, Fla.",rowing,2024,25.7741566,-80.1935973
Caleb Alter,,"Rye, N.Y.",rowing,2024,40.9821371,-73.6840902
Danny Schaffer,,"Bradenton, Fla",rowing,2024,27.4989278,-82.5748194
Edward Habboosh,,"Hamden, Conn.",rowing,2024,41.3836233,-72.9020069
Eli Bayer,,"Cincinnati, Ohio",rowing,2024,39.1012809,-84.5127405
Ethan Lee,,"Villanova, Pa.",rowing,2024,40.0411671,-75.3310527
Finn Regan,,"London, England",rowing,2024,51.5074456,-0.1277653
Gonzalo Cortes,,"Miami, Fla",rowing,2024,25.7741566,-80.1935973
Grace Paterson,COX,"Seattle, Wash.",rowing,2024,47.6038321,-122.330062
Jaime Biton,,"Miami, Fla.",rowing,2024,25.7741566,-80.1935973
James Dodman,,"Buffalo, N.Y.",rowing,2024,42.8864163,-78.8781493
Jane Park,COX,"New York, N.Y.",rowing,2024,40.7127281,-74.0060152
Josh Wang,,"Sarasota, Fla.",rowing,2024,27.3365805,-82.5308545
Kuba Williams,,"Melbourne, Australia",rowing,2024,-37.8142454,144.9631732
Mrin Chilkoti,,"London, England",rowing,2024,51.5074456,-0.1277653
Nitin Rao,,"Palo Alto, Calif.",rowing,2024,37.4443293,-122.1598465
Oscar Bletoux,,"Navy, France",rowing,2024,48.8618163,2.2873421
Owen Anawalt,,"Corte Madera, Calif.",rowing,2024,37.9254806,-122.527475
Owen Geiger,,"Portland, Ore.",rowing,2024,45.5202471,-122.674194
Peter Walter,,"Frankfurt, Germany",rowing,2024,50.1106444,8.6820917
Rasa Audejaitis,COX,"Seattle, Wash.",rowing,2024,47.6038321,-122.330062
Ravi Conway,,"Greenwich, Conn.",rowing,2024,41.0264862,-73.6284598
Ray Wu,COX,"Toronto, Ontario, Canada",rowing,2024,43.6534817,-79.3839347
Sam Allen,,"Seattle, Wash.",rowing,2024,47.6038321,-122.330062
Sam Subramaniam,,"Greenwich, Conn",rowing,2024,41.0264862,-73.6284598
Sam Tharp,,"Dallas, Texas",rowing,2024,32.7762719,-96.7968559
Sam Wilson,,"Cos Cob, Conn.",rowing,2024,41.0510193,-73.5919491
Spencer Fleming,,"Seattle, Wash.",rowing,2024,47.6038321,-122.330062
Sydney England,COX,"Little Rock, Ark.",rowing,2024,34.7465071,-92.2896267
Tony Valentino,,"Jacksonville, Fla.",rowing,2024,30.3262247,-81.6579179
William Gokey,,"Oyster Bay, N.Y.",rowing,2024,40.7696568,-73.4998608
Adi Timblo,,"London, United Kingdom",rowing,2025,51.5074456,-0.1277653
Amir LaGasse,,"Newton, Mass.",rowing,2025,42.3300435,-71.194862
Andrew Blelloch,,"San Francisco, Calif.",rowing,2025,37.7879363,-122.4075201
Andrew Kim,,"Seoul, South Korea",rowing,2025,37.5666791,126.9782914
Arin Jaff,,"Kirkland, Wash.",rowing,2025,47.6765382,-122.2070775
Avril Callanan,,"Montclair, NJ.",rowing,2025,40.8164458,-74.2210643
Barnett Pesin,,"Miami, Fla.",rowing,2025,25.7741566,-80.1935973
Brendan Savell,,"Haddon Township, NJ.",rowing,2025,39.8976132,-75.0960074
Danny Schaffer,,"Bradenton, Fla",rowing,2025,27.4989278,-82.5748194
Diego Lasso,,"Los Gatos, C.A.",rowing,2025,35.6649889,139.7037458
Dillon Chen,,"Franconia, N.H.",rowing,2025,44.2273919,-71.7478468
Diya Mullick,COX,"Bethesda, Md.",rowing,2025,38.9812726,-77.1233587
Eli Bayer,,"Cincinnati, Ohio",rowing,2025,39.1012809,-84.5127405
Ethan Holmes,,"Flourtown, PA.",rowing,2025,40.1030852,-75.2042283
Ethan Lee,,"Villanova, Pa.",rowing,2025,40.0411671,-75.3310527
George Pesin,,"Miami, F.L",rowing,2025,40.096565,-84.3518922
Gonzalo Cortes,,"Miami, Fla",rowing,2025,25.7741566,-80.1935973
Jaime Biton,,"Miami, Fla.",rowing,2025,25.7741566,-80.1935973
James Dodman,,"Buffalo, N.Y.",rowing,2025,42.8864163,-78.8781493
Jane Park,COX,"New York, N.Y.",rowing,2025,40.7127281,-74.0060152
Josh Wang,,"Sarasota, Fla.",rowing,2025,27.3365805,-82.5308545
Liam Bauchspies,,"Warrenton, Va.",rowing,2025,38.7135498,-77.795367
Nikola Nacic,,"Belgrade, Serbia",rowing,2025,44.8153318,20.4456588
Nitin Rao,,"Palo Alto, Calif.",rowing,2025,37.4443293,-122.1598465
Oscar Bletoux,,"Navy, France",rowing,2025,48.8618163,2.2873421
Owen Anawalt,,"Corte Madera, Calif.",rowing,2025,37.9254806,-122.527475
Owen Geiger,,"Portland, Ore.",rowing,2025,45.5202471,-122.674194
Patrick Finnerty,,"Ardmore, PA.",rowing,2025,40.004128,-75.2882893
Paul Josenhans,,"Frankfurt, Germany",rowing,2025,50.1106444,8.6820917
Ross Claytor,,"Winston-Salem, N.C.",rowing,2025,36.0998131,-80.2440518
Sam Allen,,"Seattle, Wash.",rowing,2025,47.6038321,-122.330062
Tina Cho,COX,"Fort Lee, N.J.",rowing,2025,40.8509333,-73.9701382
Tony Valentino,,"Jacksonville, Fla.",rowing,2025,30.3262247,-81.6579179
William Gokey,,"Oyster Bay, N.Y.",rowing,2025,40.7696568,-73.4998608
Adi Timblo,,"London, United Kingdom",rowing,2026,51.5074456,-0.1277653
Amir LaGasse,,"Newton, Mass.",rowing,2026,42.3300435,-71.194862
Andrew Kim,,"Seoul, South Korea",rowing,2026,37.5666791,126.9782914
Avril Callanan,,"Montclair, NJ.",rowing,2026,40.8164458,-74.2210643
Barnett Pesin,,"Miami, Fla.",rowing,2026,25.7741566,-80.1935973
Brendan Savell,,"Haddon Township, NJ.",rowing,2026,39.8976132,-75.0960074
Danny Schaffer,,"Bradenton, Fla",rowing,2026,27.4989278,-82.5748194
Dean Metropoulos,,"Wilton, Conn.",rowing,2026,41.1953739,-73.4378988
Diego Lasso,,"Los Gatos, C.A.",rowing,2026,35.6649889,139.7037458
Dillon Chen,,"Franconia, N.H.",rowing,2026,44.2273919,-71.7478468
Diya Mullick,COX,"Bethesda, Md.",rowing,2026,38.9812726,-77.1233587
Eli Ward,,"Sarasota, Fla.",rowing,2026,27.3365805,-82.5308545
Ethan Holmes,,"Flourtown, PA.",rowing,2026,40.1030852,-75.2042283
Ethan Lee,,"Villanova, Pa.",rowing,2026,40.0411671,-75.3310527
George Pesin,,"Miami, F.L",rowing,2026,40.096565,-84.3518922
Gonzalo Cortes,,"Miami, Fla",rowing,2026,25.7741566,-80.1935973
Henry Brauweiler,,"New Canaan, Conn.",rowing,2026,41.146763,-73.4948446
Jaime Biton,,"Miami, Fla.",rowing,2026,25.7741566,-80.1935973
James Dodman,,"Buffalo, N.Y.",rowing,2026,42.8864163,-78.8781493
Jane Park,COX,"New York, N.Y.",rowing,2026,40.7127281,-74.0060152
Milos Tomic,,"Belgrade, Serbia",rowing,2026,44.8153318,20.4456588
Nikola Nacic,,"Belgrade, Serbia",rowing,2026,44.8153318,20.4456588
Oliver Ömer Tulum,,"Boston, Mass.",rowing,2026,42.3588336,-71.0578303
Oscar Bletoux,,"Navy, France",rowing,2026,48.8618163,2.2873421
Owen Anawalt,,"Corte Madera, Calif.",rowing,2026,37.9254806,-122.527475
Owen Geiger,,"Portland, Ore.",rowing,2026,45.5202471,-122.674194
Patrick Finnerty,,"Ardmore, PA.",rowing,2026,40.004128,-75.2882893
Paul Josenhans,,"Frankfurt, Germany",rowing,2026,50.1106444,8.6820917
Ross Claytor,,"Winston-Salem, N.C.",rowing,2026,36.0998131,-80.2440518
Russell Arroyo,,"Oakland, Calif.",rowing,2026,37.8044557,-122.271356
Ryan Su,,Hong Kong,rowing,2026,22.2818333,114.1582831
Sam Allen,,"Seattle, Wash.",rowing,2026,47.6038321,-122.330062
Tina Cho,COX,"Fort Lee, N.J.",rowing,2026,40.8509333,-73.9701382
Vedant Nirmal,,"Oxford, U.K.",rowing,2026,38.3071348,-121.6207888
William Gokey,,"Oyster Bay, N.Y.",rowing,2026,40.7696568,-73.4998608
Abby McLaughlin,Distance,"Waldwick, N.J.",track-and-field,2016,41.0109281,-74.1182019
Abdoulaye Diallo,Mid Distance,"Howard Beach, N.Y.",track-and-field,2016,40.6610254,-73.8295605
Abigail Sharkey,Pole Vault,"Mesa, Ariz.",track-and-field,2016,33.4151005,-111.831455
Aidan Goltra,Distance,"Moraga, Calif.",track-and-field,2016,37.834897,-122.12883
Akua Obeng-Akrofi,Sprints,"Lawrenceville, Ga.",track-and-field,2016,33.9566391,-83.9890066
Alek Sauer,Mid Distance,"Yardley, Pa.",track-and-field,2016,40.242506,-74.8389704
Alexander Freemantle,Mid Distance,"Ontario, Can.",track-and-field,2016,-43.5201739,172.6865423
Alexis Johnson,Distance,"Manhattan Beach, Calif.",track-and-field,2016,33.8872777,-118.4104324
Alexis Turley-Young,Sprint/Jump/Hurd,"Orange, Calif.",track-and-field,2016,33.750631,-117.8722311
Alpha Barry,Sprint/Jump/Hurd,"Rochester, N.Y.",track-and-field,2016,43.157285,-77.615214
Aminat Iriafen,Sprints,"Rancho Cucamonga, Calif.",track-and-field,2016,34.1033192,-117.575173
Anna Williams,Jumps,"Alexandria, Va.",track-and-field,2016,38.8051095,-77.0470229
Annie Fanta,Distance,"East Lansing, Mich.",track-and-field,2016,42.7320307,-84.4721678
Armand Pappas,Jumps,"Cronton-On-Hudson, N.Y.",track-and-field,2016,41.2088215,-73.8905175
Benjamin Ritz,Distance,"Jenkintown, Pa.",track-and-field,2016,40.0959539,-75.125651
Bianca Alonzo,Distance,"Los Angeles, Calif.",track-and-field,2016,34.0536909,-118.242766
Bianca Joseph,Sprints/Hurdles,"Riveria Beach, Fla.",track-and-field,2016,26.784343,-80.0650293
Brandon Marquez,Distance,"Orlando, Fla.",track-and-field,2016,28.5421218,-81.379045
Brian McGovern,MID Distance,"Tallmadge, Ohio",track-and-field,2016,41.1014616,-81.4417989
Brian Zabilski,Distance,"Saugus, Calif.",track-and-field,2016,34.4493489,-118.5168257
Brittney Wade,Mid Distance,"Bethesda, Md.",track-and-field,2016,38.9812726,-77.1233587
Caitlin Cole,Jumps,"San Diego, Calif.",track-and-field,2016,32.7157062,-117.1638284
Ceili Tuttle,Sprints,"Fullerton, Calif.",track-and-field,2016,33.8708215,-117.929416
Charlie Theiss,Mid Distance,"East Setauket, N.Y.",track-and-field,2016,40.919085,-73.0963408
Chloe Binczyk,Distance,"Shaker Heights, Ohio",track-and-field,2016,41.4739419,-81.5370671
Chris Thompson,Distance,"High Bridge, N.J.",track-and-field,2016,40.6670454,-74.8957231
Colin Tierney,Distance,"Warwick, R.I.",track-and-field,2016,41.6992717,-71.4586114
Dan Schumacher,Distance,"Naugatuck, Conn.",track-and-field,2016,41.4907561,-73.0556562
Daniel Igbokwe,Jumps,"Chelmsford, England",track-and-field,2016,51.7345329,0.4730532
Devon Towell,Distance,"West Chester, Pa.",track-and-field,2016,39.9597389,-75.6044609
Dylan Tarpey,Distance,"Freehold Township, N.J.",track-and-field,2016,40.2161336,-74.283856
Emily Acker,Distance,"Rexford, N.Y.",track-and-field,2016,42.8526845,-73.8887417
Emily Digman,Distance,"Burnt Hills, N.Y.",track-and-field,2016,42.9098254,-73.8950245
Erin Gregoire,Distance,"Beaverton, Ore.",track-and-field,2016,45.4871723,-122.80378
Erin Melly,Distance,"Bohemia, N.Y.",track-and-field,2016,40.770609,-73.1200703
Fiona Danieu,Distance,"East Aurora, N.Y.",track-and-field,2016,42.7689141,-78.6177611
Gabriella Ferrigine,Distance,"Red Bank, N.J.",track-and-field,2016,40.3470543,-74.0643065
George Miao,Distance,"Rocklin, Calf.",track-and-field,2016,38.7907339,-121.2357828
Georgia Tuttle,Distance,"Rochester, N.Y.",track-and-field,2016,43.157285,-77.615214
Hana Sun,Distance,"Moraga, Calif.",track-and-field,2016,37.834897,-122.12883
Henna Rustami,Distance,"Syosset, N.Y.",track-and-field,2016,40.814858,-73.5017966
Hunter Hasley,Thrower,"Houston, Texas",track-and-field,2016,29.7589382,-95.3676974
Ian Reinicke,Sprints/Jumps,"Janesville, Wis.",track-and-field,2016,42.6829765,-89.0226793
Iman Sule,Sprints,"Carrollton, Texas",track-and-field,2016,32.9515472,-96.9034244
Jack Baisley,Distance,"Holmdel, N.J.",track-and-field,2016,40.3451095,-74.1840322
Jack Boyle,Distance,"Avon-by-the-Sea, N.J.",track-and-field,2016,40.1923357,-74.0159703
Jacob Caswell,Mid Distance,"Berlin, Wis.",track-and-field,2016,43.9684264,-88.9466233
Jacob Susalla,Distance,"Plum, Pa.",track-and-field,2016,40.5003457,-79.7494911
Jacob Veerapen,Jumps,"London, England",track-and-field,2016,51.5074456,-0.1277653
Jenna Farrell,Distance,"Manlius, N.Y.",track-and-field,2016,43.0020107,-75.9768632
Jillian Murray,Mid Distance,"Chevy Chase, Md.",track-and-field,2016,38.9813699,-77.0849245
Johain Ounadjela,Distance,"Belmont, Calif.",track-and-field,2016,37.5164926,-122.2941914
Johanan Sowah,Mid Distance,"Herndon, Va.",track-and-field,2016,38.9695316,-77.3859479
Jonah Hanig,Distance,"Highland Park, Ill.",track-and-field,2016,42.1836719,-87.7993245
Jordann Feinstein,Hurdles,"Newbury Park, Calif.",track-and-field,2016,34.183671,-118.91183
Josiah Langstaff,Mid Distance,"Portland, Ore.",track-and-field,2016,45.5202471,-122.674194
Julia Sienski,Distance,"Huntington Beach, Calif.",track-and-field,2016,33.6783336,-118.000016
Katharine Sammer,Mid Distance,"Poway, Calif.",track-and-field,2016,32.9628234,-117.035864
Katie Wasserman,Mid Distance,"Spotswood, N.J.",track-and-field,2016,40.391774,-74.3984834
Keenan Piper,Distance,"Seattle, Wash.",track-and-field,2016,47.6038321,-122.330062
Kelli Martindale,Multi,"Santa Barbara, Calif.",track-and-field,2016,34.4221319,-119.702667
Kenny Vasbinder,Distance,"East Aurora, N.Y.",track-and-field,2016,42.7689141,-78.6177611
Laura Walsh,Distance,"Chatham Township, N.J.",track-and-field,2016,40.730124,-74.4251115
Libby Kokes,Mid Distance,"Portland, Ore.",track-and-field,2016,45.5202471,-122.674194
Lucky Schreiner,Distance,"Gilbert, Ariz.",track-and-field,2016,33.3527632,-111.789037
Maryam Hassan,Jumps,"Cresskill, N.J.",track-and-field,2016,40.9414874,-73.9593041
McKenzie Sup,Sprints,"Fair Oaks, Calif.",track-and-field,2016,38.6429116,-121.2462504
Michael McClemens,Distance,"Lincroft, N.J.",track-and-field,2016,40.3450695,-74.1300764
Mimi Bain,Sprints,"Seattle, Washington",track-and-field,2016,47.6038321,-122.330062
Mitchell Tuckerman,Mid Distance,"Columbus, Ohio",track-and-field,2016,39.9622601,-83.0007065
Natalie Tanner,Distance,"Rye, N.Y.",track-and-field,2016,40.9821371,-73.6840902
Nell Crosby,Distance,"Colorado Springs, Colo.",track-and-field,2016,38.8339578,-104.825348
Noah Lartigue,Sprints,"Montebello, N.Y.",track-and-field,2016,41.1359287,-74.118477
Nora McSorley,Mid Distance,"Randolph, N.J.",track-and-field,2016,40.844265,-74.5857218
Owen Long,Distance,"Haddon Township, N.J.",track-and-field,2016,39.8976132,-75.0960074
Rebekah Mills,Distance,"Camden, Del.",track-and-field,2016,39.1134251,-75.541923
Robert Napolitano,Distance,"Brick, N.J.",track-and-field,2016,40.0707244,-74.1280562
Robert O'Brien,PV/Multi,"Los Angeles, Calif.",track-and-field,2016,34.0536909,-118.242766
Ryan Dearie,Distance,"Stony Book, N.Y.",track-and-field,2016,40.908482,-73.1325471
Ryan Thomas,Distance,"Charlottesville, Va.",track-and-field,2016,38.029306,-78.4766781
Sam Ritz,Mid Distance,"Philadelphia, Pa.",track-and-field,2016,39.9527237,-75.1635262
Samantha Siler,Distance,"Cincinnati, Ohio",track-and-field,2016,39.1012809,-84.5127405
Sarah Burke,Distance,"Tyngsboro, Mass.",track-and-field,2016,42.6658853,-71.4101576
Sarah Hardie,Mid Distance,"Eastport, N.Y.",track-and-field,2016,40.8448455,-72.7318065
Sarah MacDonald,Mid Distance,"Toronto, Ont.",track-and-field,2016,43.6534817,-79.3839347
Shalon Conley,Sprints,"Pickerington, Ohio",track-and-field,2016,39.8842304,-82.7535049
Solomon Rice,Distance,"Indianapolis, Ind.",track-and-field,2016,39.7683331,-86.1583502
Spencer Haik,Distance,"Springfield, Mo.",track-and-field,2016,37.2081729,-93.2922715
Sydney Petersen,Sprints,"Exeter, N.H.",track-and-field,2016,42.981477,-70.9478343
Tal Braude,Distance,"San Diego, Calif.",track-and-field,2016,32.7157062,-117.1638284
Thomas Rooney,Distance,"Lincroft, N.J.",track-and-field,2016,40.3450695,-74.1300764
Troy Martig,Sprints,"San Jose, Calif.",track-and-field,2016,37.3361663,-121.890591
Tyler Italiano,Distance,"Syosset, N.Y.",track-and-field,2016,40.814858,-73.5017966
Tyler Otterstedt,MID Distance,"Granville, Ohio",track-and-field,2016,40.0681192,-82.5196037
Victoria Ingram,Distance,"Smithtown, N.Y.",track-and-field,2016,40.8559314,-73.2006687
Will Ontiveros,Sprints,"Davenport, Iowa",track-and-field,2016,41.5224692,-90.5756401
Willie Hall,Mid Distance,"Davis, Calif.",track-and-field,2016,38.5435526,-121.739005
Yasmeen Al Dabbagh,Mid Distance,"Jeddah, Saudi Arabia",track-and-field,2016,21.5504432,39.1742363
Aaron Breene,Mid Distance,"Wilton, Conn.",track-and-field,2017,41.1953739,-73.4378988
Abby McLaughlin,Distance,"Waldwick, N.J.",track-and-field,2017,41.0109281,-74.1182019
Abigail Sharkey,Pole Vault,"Mesa, Ariz.",track-and-field,2017,33.4151005,-111.831455
Aidan Goltra,Distance,"Moraga, Calif.",track-and-field,2017,37.834897,-122.12883
Ajax Diamandis,Distance,"Rowayton, Conn.",track-and-field,2017,41.0777255,-73.4442745
Akua Obeng-Akrofi,Sprints,"Lawrenceville, Ga.",track-and-field,2017,33.9566391,-83.9890066
Alek Sauer,Mid Distance,"Yardley, Pa.",track-and-field,2017,40.242506,-74.8389704
Alexis Johnson,Distance,"Manhattan Beach, Calif.",track-and-field,2017,33.8872777,-118.4104324
Alexis Turley-Young,Sprint/Jump/Hurd,"Orange, Calif.",track-and-field,2017,33.750631,-117.8722311
Allie Hays,Distance,"Wading River, N.Y.",track-and-field,2017,40.9446394,-72.8246139
Alpha Barry,Sprint/Jump/Hurd,"Rochester, N.Y.",track-and-field,2017,43.157285,-77.615214
Amanda Cooper,Thrower,"Newport Beach, Calif.",track-and-field,2017,33.6170092,-117.9294401
Aminat Iriafen,Sprints,"Rancho Cucamonga, Calif.",track-and-field,2017,34.1033192,-117.575173
Andrew Petersen,Sprints/Hurdles,"Demarest, N.J.",track-and-field,2017,40.9573205,-73.9634708
Annie Fanta,Distance,"East Lansing, Mich.",track-and-field,2017,42.7320307,-84.4721678
Ben Poth,Pole Vault,"Spring, Texas",track-and-field,2017,30.070979,-95.4013419
Betty Jackson,Hurdles,"McDonough, Ga.",track-and-field,2017,33.4473361,-84.1468616
Bianca Alonzo,Mid Distance,"Los Angeles, Calif.",track-and-field,2017,34.0536909,-118.242766
Bianca Joseph,Sprints/Hurdles,"Riveria Beach, Fla.",track-and-field,2017,26.784343,-80.0650293
Brandon Marquez,Distance,"Orlando, Fla.",track-and-field,2017,28.5421218,-81.379045
Brian McGovern,MID Distance,"Tallmadge, Ohio",track-and-field,2017,41.1014616,-81.4417989
Brian Zabilski,Distance,"Saugus, Calif.",track-and-field,2017,34.4493489,-118.5168257
Brittney Raffo,Pole Vault,"Tabernacle, N.J.",track-and-field,2017,38.9840016,-74.9051719
Brock Thompson,Sprints,"Argyle, Texas",track-and-field,2017,33.110156,-97.1797576
Caitlin Cole,Jumps,"San Diego, Calif.",track-and-field,2017,32.7157062,-117.1638284
Cameron Downey,Thrower,"Minneapolis, Minn.",track-and-field,2017,44.9772995,-93.2654692
Camila Michaels,Distance,"Bristol, R.I.",track-and-field,2017,41.6770463,-71.2661597
Carlita Taylor,Sprints/Hurdles,"Detroit, Mich.",track-and-field,2017,42.3315509,-83.0466403
Ceili Tuttle,Sprints,"Fullerton, Calif.",track-and-field,2017,33.8708215,-117.929416
Chloe Binczyk,Distance,"Shaker Heights, Ohio",track-and-field,2017,41.4739419,-81.5370671
Chris Thompson,Distance,"High Bridge, N.J.",track-and-field,2017,40.6670454,-74.8957231
Dan Schumacher,Distance,"Naugatuck, Conn.",track-and-field,2017,41.4907561,-73.0556562
Daniel Igbokwe,Jumps,"Chelmsford, England",track-and-field,2017,51.7345329,0.4730532
Dominic Dyer,Distance,"George Town, Grand Cayman",track-and-field,2017,19.2832107,-81.3497767
Dylan Tarpey,Distance,"Freehold Township, N.J.",track-and-field,2017,40.2161336,-74.283856
Emily Acker,Distance,"Rexford, N.Y.",track-and-field,2017,42.8526845,-73.8887417
Emily Digman,Distance,"Burnt Hills, N.Y.",track-and-field,2017,42.9098254,-73.8950245
Erin Gregoire,Distance,"Beaverton, Ore.",track-and-field,2017,45.4871723,-122.80378
Erin Melly,Distance,"Bohemia, N.Y.",track-and-field,2017,40.770609,-73.1200703
Fiona Danieu,Distance,"East Aurora, N.Y.",track-and-field,2017,42.7689141,-78.6177611
Gabriella Ferrigine,Mid Distance,"Red Bank, N.J.",track-and-field,2017,40.3470543,-74.0643065
Gia Monachino,Thrower,"San Francisco, Calif.",track-and-field,2017,37.7879363,-122.4075201
Gio Trejos,Sprints/Hurdles,"Los Angeles, Calif.",track-and-field,2017,34.0536909,-118.242766
Grace Campbell,Sprint/Jump/Hurd,"Murray, Ky.",track-and-field,2017,36.6106122,-88.3021092
Hana Sun,Distance,"Moraga, Calif.",track-and-field,2017,37.834897,-122.12883
Hunter Hasley,Thrower,"Houston, Texas",track-and-field,2017,29.7589382,-95.3676974
Ian Reinicke,Sprints/Jumps,"Janesville, Wis.",track-and-field,2017,42.6829765,-89.0226793
Iman Sule,Sprints,"Carrollton, Texas",track-and-field,2017,32.9515472,-96.9034244
Jack Pihlkar,Thrower,"East Northport, N.Y.",track-and-field,2017,40.880938,-73.319453
Jackson Storey,Mid Distance,"Jacksonville, Fla.",track-and-field,2017,30.3262247,-81.6579179
Jacob Caswell,Mid Distance,"Berlin, Wis.",track-and-field,2017,43.9684264,-88.9466233
Jacob Susalla,Distance,"Plum, Pa.",track-and-field,2017,40.5003457,-79.7494911
Jemal Vaunado II,Sprints/Hurdles,"Canton, Mich.",track-and-field,2017,42.7269261,-84.6433146
Jenna Farrell,Distance,"Manlius, N.Y.",track-and-field,2017,43.0020107,-75.9768632
Jillian Murray,Mid Distance,"Chevy Chase, Md.",track-and-field,2017,38.9813699,-77.0849245
Johain Ounadjela,Distance,"Belmont, Calif.",track-and-field,2017,37.5164926,-122.2941914
Jonathan Lauer,Distance,"Centereach, N.Y.",track-and-field,2017,40.867749,-73.0839793
Jordann Feinstein,Hurdles,"Newbury Park, Calif.",track-and-field,2017,34.183671,-118.91183
Josiah Langstaff,Mid Distance,"Portland, Ore.",track-and-field,2017,45.5202471,-122.674194
Julia Sienski,Distance,"Huntington Beach, Calif.",track-and-field,2017,33.6783336,-118.000016
Katie Wasserman,Mid Distance,"Spotswood, N.J.",track-and-field,2017,40.391774,-74.3984834
Kenny Vasbinder,Distance,"East Aurora, N.Y.",track-and-field,2017,42.7689141,-78.6177611
Lauren Micham,Sprints/Hurdles,"Toledo, Ohio",track-and-field,2017,41.6529143,-83.5378173
Libby Kokes,Mid Distance,"Portland, Ore.",track-and-field,2017,45.5202471,-122.674194
Logan McDaniel,Jumps,"Denton, Texas",track-and-field,2017,33.1838787,-97.1413417
Lucky Schreiner,Distance,"Gilbert, Ariz.",track-and-field,2017,33.3527632,-111.789037
Madelyn Sessler,Multi,"Plymouth, Mass.",track-and-field,2017,41.9426657,-70.7618592
Maria Kogan,Distance,"Port Washington, N.Y.",track-and-field,2017,40.8263965,-73.684993
Maryam Hassan,Jumps,"Cresskill, N.J.",track-and-field,2017,40.9414874,-73.9593041
McKenzie Sup,Sprints,"Fair Oaks, Calif.",track-and-field,2017,38.6429116,-121.2462504
Michael Kelly,Pole Vault,"Pasadena, Calif.",track-and-field,2017,34.1476507,-118.144155
Michael McClemens,Distance,"Lincroft, N.J.",track-and-field,2017,40.3450695,-74.1300764
Mimi Bain,Sprints,"Seattle, Washington",track-and-field,2017,47.6038321,-122.330062
Mitchell Tuckerman,Mid Distance,"Columbus, Ohio",track-and-field,2017,39.9622601,-83.0007065
Nell Crosby,Distance,"Colorado Springs, Colo.",track-and-field,2017,38.8339578,-104.825348
Noah Johnson,Thrower,"Winter Garden, Fla.",track-and-field,2017,28.5656649,-81.5856742
Nora McSorley,Distance,"Randolph, N.J.",track-and-field,2017,40.844265,-74.5857218
Owen Bishop,Distance,"Upland, Calif.",track-and-field,2017,34.09751,-117.6483876
Paris Calcagnini,Mid Distance,"New York, N.Y.",track-and-field,2017,40.7127281,-74.0060152
Rebekah Mills,Distance,"Camden, Del.",track-and-field,2017,39.1134251,-75.541923
Robert O'Brien,PV/Multi,"Los Angeles, Calif.",track-and-field,2017,34.0536909,-118.242766
Ryan Thomas,Distance,"Charlottesville, Va.",track-and-field,2017,38.029306,-78.4766781
Sam Ritz,Mid Distance,"Philadelphia, Pa.",track-and-field,2017,39.9527237,-75.1635262
Samantha Marin,Distance,"Blacksburg, Va.",track-and-field,2017,37.2296566,-80.4136767
Sarah Hardie,Mid Distance,"Eastport, N.Y.",track-and-field,2017,40.8448455,-72.7318065
Sarah MacDonald,Mid Distance,"Toronto, Ont.",track-and-field,2017,43.6534817,-79.3839347
Serena Tripodi,Distance,"Westport, Conn.",track-and-field,2017,41.1414855,-73.3578955
Shalon Conley,Sprints,"Pickerington, Ohio",track-and-field,2017,39.8842304,-82.7535049
Simone Kirton,Sprints/Hurdles,"Chatham, N.J.",track-and-field,2017,40.7409242,-74.3836711
Solomon Fountain,Distance,"Temecula, Calif.",track-and-field,2017,33.4946353,-117.147366
Solomon Rice,Distance,"Indianapolis, Ind.",track-and-field,2017,39.7683331,-86.1583502
Spencer Haik,Distance,"Springfield, Mo.",track-and-field,2017,37.2081729,-93.2922715
Sydney Groom,MID Distance,"Las Vegas, Nev.",track-and-field,2017,36.1674263,-115.1484131
Sydney Petersen,Sprints,"Exeter, N.H.",track-and-field,2017,42.981477,-70.9478343
Terri Turner,Mid Distance,"Clifton Heights, Pa.",track-and-field,2017,39.9292791,-75.2962972
Troy Martig,Sprints,"San Jose, Calif.",track-and-field,2017,37.3361663,-121.890591
Tyler Italiano,Distance,"Syosset, N.Y.",track-and-field,2017,40.814858,-73.5017966
Tyler Otterstedt,MID Distance,"Granville, Ohio",track-and-field,2017,40.0681192,-82.5196037
Vasilis Kopanas,Mid Distance,"Kifisia, Greece",track-and-field,2017,38.0736082,23.8082244
Victoria Ingram,Distance,"Smithtown, N.Y.",track-and-field,2017,40.8559314,-73.2006687
Vincent Kwok,Sprints/Hurdles,"Ho Chi Minh City, Vietnam",track-and-field,2017,10.7737261,106.7166008
Willie Hall,Mid Distance,"Davis, Calif.",track-and-field,2017,38.5435526,-121.739005
Yasmeen Al Dabbagh,Mid Distance,"Jeddah, Saudi Arabia",track-and-field,2017,21.5504432,39.1742363
Aaron Breene,Mid Distance,"Wilton, Conn.",track-and-field,2018,41.1953739,-73.4378988
Abby McLaughlin,Distance,"Waldwick, N.J.",track-and-field,2018,41.0109281,-74.1182019
Abdoulaye Diallo,Sprints,"Howard Beach, N.Y.",track-and-field,2018,40.6610254,-73.8295605
Ajax Diamandis,Distance,"Rowayton, Conn.",track-and-field,2018,41.0777255,-73.4442745
Alek Sauer,Mid Distance,"Yardley, Pa.",track-and-field,2018,40.242506,-74.8389704
Alex Rodman,DIS,"Kill Devil Hills, N.C.",track-and-field,2018,36.0321186,-75.6776147
Alexis Turley-Young,Sprint/Jump/Hurd,"Orange, Calif.",track-and-field,2018,33.750631,-117.8722311
Allie Hays,Distance,"Wading River, N.Y.",track-and-field,2018,40.9446394,-72.8246139
Alpha Barry,Sprint/Jump/Hurd,"Rochester, N.Y.",track-and-field,2018,43.157285,-77.615214
Amanda Cooper,Thrower,"Newport Beach, Calif.",track-and-field,2018,33.6170092,-117.9294401
Andrew Petersen,Sprints/Hurdles,"Demarest, N.J.",track-and-field,2018,40.9573205,-73.9634708
Annie Fanta,Distance,"East Lansing, Mich.",track-and-field,2018,42.7320307,-84.4721678
Avery Brown,Sprints,"Chatham, N.J.",track-and-field,2018,40.7409242,-74.3836711
Ben Kelley,DIS,"Steamboat Springs, Colo.",track-and-field,2018,40.4848003,-106.831735
Ben Poth,Pole Vault,"Spring, Texas",track-and-field,2018,30.070979,-95.4013419
Betty Jackson,Hurdles,"McDonough, Ga.",track-and-field,2018,33.4473361,-84.1468616
Bianca Alonzo,Mid Distance,"Los Angeles, Calif.",track-and-field,2018,34.0536909,-118.242766
Brandon Hicks,DIS,"Springfield, N.J.",track-and-field,2018,40.7109107,-74.3099398
Brandon Marquez,Distance,"Orlando, Fla.",track-and-field,2018,28.5421218,-81.379045
Brian Zabilski,Distance,"Saugus, Calif.",track-and-field,2018,34.4493489,-118.5168257
Brianna Hodges,Sprints,"Princeton Junction, N.J.",track-and-field,2018,40.3159898,-74.6241189
Brittney Raffo,Pole Vault,"Tabernacle, N.J.",track-and-field,2018,38.9840016,-74.9051719
Brock Thompson,Sprints,"Argyle, Texas",track-and-field,2018,33.110156,-97.1797576
Brodie Holmes,Sprints,"Reisterstown, M.D.",track-and-field,2018,39.4695489,-76.8294213
Cameron Downey,Thrower,"Minneapolis, Minn.",track-and-field,2018,44.9772995,-93.2654692
Camila Michaels,Distance,"Bristol, R.I.",track-and-field,2018,41.6770463,-71.2661597
Carlita Taylor,Sprints/Hurdles,"Detroit, Mich.",track-and-field,2018,42.3315509,-83.0466403
Casidy Cunningham,Jumps,"Lompoc, Calif.",track-and-field,2018,34.6391501,-120.4579009
Ceili Tuttle,Sprints,"Fullerton, Calif.",track-and-field,2018,33.8708215,-117.929416
Charlotte Hartman,DIS,"Mechanicville, N.Y.",track-and-field,2018,42.9028547,-73.6873405
Chris Thompson,Distance,"High Bridge, N.J.",track-and-field,2018,40.6670454,-74.8957231
Dan Schumacher,Distance,"Naugatuck, Conn.",track-and-field,2018,41.4907561,-73.0556562
Daniel Igbokwe,Jumps,"Chelmsford, England",track-and-field,2018,51.7345329,0.4730532
David Vorbach,DIS,"Nashua, N.H.",track-and-field,2018,42.7656251,-71.4677032
Delaney Sanacore,DIS,"Los Alamitos, Calif.",track-and-field,2018,33.8038865,-118.0772433
Dominic Dyer,Distance,"George Town, Grand Cayman",track-and-field,2018,19.2832107,-81.3497767
Emily Acker,Distance,"Rexford, N.Y.",track-and-field,2018,42.8526845,-73.8887417
Emily Digman,Distance,"Burnt Hills, N.Y.",track-and-field,2018,42.9098254,-73.8950245
Emily Rooney,DIS,"Birmingham, Mich.",track-and-field,2018,42.5467012,-83.2113192
Emily Virtue,DIS,"Burbank, Calif.",track-and-field,2018,34.1812089,-118.307201
Erin Gregoire,Distance,"Beaverton, Ore.",track-and-field,2018,45.4871723,-122.80378
Ernest Robertson,Jumps,"Bronx, N.Y.",track-and-field,2018,40.8466508,-73.8785937
Finn Waters,DIS,"Rancho Sante Fe, Calif.",track-and-field,2018,33.0242314,-117.1979781
Fiona Danieu,Distance,"East Aurora, N.Y.",track-and-field,2018,42.7689141,-78.6177611
Gabriella Ferrigine,Mid Distance,"Red Bank, N.J.",track-and-field,2018,40.3470543,-74.0643065
Gia Monachino,Thrower,"San Francisco, Calif.",track-and-field,2018,37.7879363,-122.4075201
Gio Trejos,Sprints/Hurdles,"Los Angeles, Calif.",track-and-field,2018,34.0536909,-118.242766
Grace Campbell,Sprint/Jump/Hurd,"Murray, Ky.",track-and-field,2018,36.6106122,-88.3021092
Hailey Montgomery,Throws,"Seville, O.H.",track-and-field,2018,29.8773754,-95.2812736
Hana Sun,Distance,"Moraga, Calif.",track-and-field,2018,37.834897,-122.12883
Harry Scudamore,DIS,"Denver, Colo.",track-and-field,2018,39.7392364,-104.984862
Hunter Hasley,Thrower,"Houston, Texas",track-and-field,2018,29.7589382,-95.3676974
Ian Irish,DIS,"Palos Versed Estates, Calif.",track-and-field,2018,33.7872386,-118.401813
Ian Reinicke,Sprints/Jumps,"Janesville, Wis.",track-and-field,2018,42.6829765,-89.0226793
Iman Sule,Sprints,"Carrollton, Texas",track-and-field,2018,32.9515472,-96.9034244
Jack Pihlkar,Thrower,"East Northport, N.Y.",track-and-field,2018,40.880938,-73.319453
Jackie Patterson,DIS,"Princeton, N.J.",track-and-field,2018,40.3496953,-74.6597376
Jackson Storey,Mid Distance,"Jacksonville, Fla.",track-and-field,2018,30.3262247,-81.6579179
Jacob Caswell,Mid Distance,"Berlin, Wis.",track-and-field,2018,43.9684264,-88.9466233
Jemal Vaunado II,Sprints/Hurdles,"Canton, Mich.",track-and-field,2018,42.7269261,-84.6433146
Jenna Farrell,Distance,"Manlius, N.Y.",track-and-field,2018,43.0020107,-75.9768632
Jillian Murray,Mid Distance,"Chevy Chase, Md.",track-and-field,2018,38.9813699,-77.0849245
Jonathan Lauer,Distance,"Centereach, N.Y.",track-and-field,2018,40.867749,-73.0839793
Jordann Feinstein,Hurdles,"Newbury Park, Calif.",track-and-field,2018,34.183671,-118.91183
Josiah Langstaff,Mid Distance,"Portland, Ore.",track-and-field,2018,45.5202471,-122.674194
Julia Sienski,Distance,"Huntington Beach, Calif.",track-and-field,2018,33.6783336,-118.000016
Kali Hatcher,Jumps,"Berkeley, Calif.",track-and-field,2018,37.8708393,-122.272863
Karibi Hart,Sprints,"Nairobi, Kenya",track-and-field,2018,-1.2890006,36.8172812
Katie Wasserman,Mid Distance,"Spotswood, N.J.",track-and-field,2018,40.391774,-74.3984834
Kenny Vasbinder,Distance,"East Aurora, N.Y.",track-and-field,2018,42.7689141,-78.6177611
Lauren Buehner,Sprints,"Arcadia, Calif.",track-and-field,2018,34.1362075,-118.0401497
Lauren Micham,Sprints/Hurdles,"Toledo, Ohio",track-and-field,2018,41.6529143,-83.5378173
Logan McDaniel,Jumps,"Denton, Texas",track-and-field,2018,33.1838787,-97.1413417
Logan Rubasch,Pole Vault,"Aiea, Hawaii",track-and-field,2018,21.3822222,-157.9336111
Lucky Schreiner,Distance,"Gilbert, Ariz.",track-and-field,2018,33.3527632,-111.789037
Luke Ciarelli,HJ,"Dearborn, Mich.",track-and-field,2018,42.3222599,-83.1763145
Madelyn Sessler,Multi,"Plymouth, Mass.",track-and-field,2018,41.9426657,-70.7618592
Malik Johnson,Sprints,"Elmont, N.Y.",track-and-field,2018,40.7053335,-73.7078294
Maria Kogan,Distance,"Port Washington, N.Y.",track-and-field,2018,40.8263965,-73.684993
Maryam Hassan,Jumps,"Cresskill, N.J.",track-and-field,2018,40.9414874,-73.9593041
Michael Kelly,Pole Vault,"Pasadena, Calif.",track-and-field,2018,34.1476507,-118.144155
Mimi Bain,Sprints,"Seattle, Washington",track-and-field,2018,47.6038321,-122.330062
Noah Johnson,Thrower,"Winter Garden, Fla.",track-and-field,2018,28.5656649,-81.5856742
Owen Bishop,Distance,"Upland, Calif.",track-and-field,2018,34.09751,-117.6483876
Pat Bayeux,DIS,"Basking Ridge, N.J.",track-and-field,2018,40.7064088,-74.5492725
Peyton Jones,Sprints,"Frisco, Texas",track-and-field,2018,33.1505998,-96.8238183
Rachel Kenny,DIS,"Matawan, N.J.",track-and-field,2018,40.41483,-74.2295891
Rebekah Mills,Distance,"Camden, Del.",track-and-field,2018,39.1134251,-75.541923
Robert O'Brien,PV/Multi,"Los Angeles, Calif.",track-and-field,2018,34.0536909,-118.242766
Sam Ritz,Mid Distance,"Philadelphia, Pa.",track-and-field,2018,39.9527237,-75.1635262
Samantha Marin,Distance,"Blacksburg, Va.",track-and-field,2018,37.2296566,-80.4136767
Sarah MacDonald,Mid Distance,"Toronto, Ont.",track-and-field,2018,43.6534817,-79.3839347
Serena Tripodi,Distance,"Westport, Conn.",track-and-field,2018,41.1414855,-73.3578955
Simone Kirton,Sprints/Hurdles,"Chatham, N.J.",track-and-field,2018,40.7409242,-74.3836711
Sofia Camacho,DIS,"Paris, France",track-and-field,2018,48.8534951,2.3483915
Solomon Fountain,Distance,"Temecula, Calif.",track-and-field,2018,33.4946353,-117.147366
Solomon Rice,Distance,"Indianapolis, Ind.",track-and-field,2018,39.7683331,-86.1583502
Sydney Bertschy,PV,"Peoria, Ill.",track-and-field,2018,40.6938609,-89.5891008
Sydney Groom,MID Distance,"Las Vegas, Nev.",track-and-field,2018,36.1674263,-115.1484131
Sydni Scott,Jumps,"Unionville, Conn.",track-and-field,2018,41.7579417,-72.886927
Terri Turner,Mid Distance,"Clifton Heights, Pa.",track-and-field,2018,39.9292791,-75.2962972
Tiber Seireeni,Pole Vault,"Los Angeles, Calif.",track-and-field,2018,34.0536909,-118.242766
Troy Martig,Sprints,"San Jose, Calif.",track-and-field,2018,37.3361663,-121.890591
Tyler Italiano,Distance,"Syosset, N.Y.",track-and-field,2018,40.814858,-73.5017966
Vasilis Kopanas,Mid Distance,"Kifisia, Greece",track-and-field,2018,38.0736082,23.8082244
Willie Hall,Mid Distance,"Davis, Calif.",track-and-field,2018,38.5435526,-121.739005
Aaron Breene,Mid Distance,"Wilton, Conn.",track-and-field,2019,41.1953739,-73.4378988
Abby McLaughlin,Distance,"Waldwick, N.J.",track-and-field,2019,41.0109281,-74.1182019
Adhwin Sridhar,MID,"Plainsboro, N.J.",track-and-field,2019,40.3334409,-74.6004341
Alex Rodman,DIS,"Kill Devil Hills, N.C.",track-and-field,2019,36.0321186,-75.6776147
Alexis Knight,Sprints,"Prospect Heights, Ill.",track-and-field,2019,42.0953049,-87.9375694
Alexis Turley-Young,Sprint/Jump/Hurd,"Orange, Calif.",track-and-field,2019,33.750631,-117.8722311
Allie Hays,Distance,"Wading River, N.Y.",track-and-field,2019,40.9446394,-72.8246139
Alpha Barry,Sprint/Jump/Hurd,"Rochester, N.Y.",track-and-field,2019,43.157285,-77.615214
Amanda Cooper,Thrower,"Newport Beach, Calif.",track-and-field,2019,33.6170092,-117.9294401
Andrew Petersen,Sprints/Hurdles,"Demarest, N.J.",track-and-field,2019,40.9573205,-73.9634708
Angela Saidman,DIS,"Danbury, Conn.",track-and-field,2019,41.394817,-73.4540111
Anna Jordahl-Henry,Jumps,"Wellesley, Mass.",track-and-field,2019,42.2964859,-71.2925571
Ben Kelley,DIS,"Steamboat Springs, Colo.",track-and-field,2019,40.4848003,-106.831735
Ben Poth,Pole Vault,"Spring, Texas",track-and-field,2019,30.070979,-95.4013419
Bianca Alonzo,Mid Distance,"Los Angeles, Calif.",track-and-field,2019,34.0536909,-118.242766
Brandon Hicks,DIS,"Springfield, N.J.",track-and-field,2019,40.7109107,-74.3099398
Brianna Hodges,Sprints,"Princeton Junction, N.J.",track-and-field,2019,40.3159898,-74.6241189
Brigette Grau,Jumps,"Redondo Beach, Calif.",track-and-field,2019,33.8398289,-118.3845942
Brittney Raffo,Pole Vault,"Tabernacle, N.J.",track-and-field,2019,38.9840016,-74.9051719
Brock Thompson,Sprints,"Argyle, Texas",track-and-field,2019,33.110156,-97.1797576
Brodie Holmes,Sprints,"Reisterstown, M.D.",track-and-field,2019,39.4695489,-76.8294213
Cameron Downey,Thrower,"Minneapolis, Minn.",track-and-field,2019,44.9772995,-93.2654692
Camila Michaels,Distance,"Bristol, R.I.",track-and-field,2019,41.6770463,-71.2661597
Carlita Taylor,Sprints/Hurdles,"Detroit, Mich.",track-and-field,2019,42.3315509,-83.0466403
Casidy Cunningham,Jumps,"Lompoc, Calif.",track-and-field,2019,34.6391501,-120.4579009
Cassidy Williams,MID,"Staten Island, N.Y.",track-and-field,2019,40.5834557,-74.1496048
Charlotte Hartman,DIS,"Mechanicville, N.Y.",track-and-field,2019,42.9028547,-73.6873405
Chris Balthazar,Sprints,"New Rochelle, N.Y.",track-and-field,2019,40.9115386,-73.7826363
Clio Dakolias,MID,"Bronxville, N.Y.",track-and-field,2019,40.9381544,-73.8320784
Daniel Igbokwe,Jumps,"Chelmsford, England",track-and-field,2019,51.7345329,0.4730532
Dante Miller,,"Rockingham, N.C.",track-and-field,2019,36.3926798,-79.744144
David Vorbach,DIS,"Nashua, N.H.",track-and-field,2019,42.7656251,-71.4677032
Delaney Sanacore,DIS,"Los Alamitos, Calif.",track-and-field,2019,33.8038865,-118.0772433
Dominic Dyer,Distance,"George Town, Grand Cayman",track-and-field,2019,19.2832107,-81.3497767
Emily Digman,Distance,"Burnt Hills, N.Y.",track-and-field,2019,42.9098254,-73.8950245
Emily Rooney,DIS,"Birmingham, Mich.",track-and-field,2019,42.5467012,-83.2113192
Emily Virtue,DIS,"Burbank, Calif.",track-and-field,2019,34.1812089,-118.307201
Ernest Robertson,Jumps,"Bronx, N.Y.",track-and-field,2019,40.8466508,-73.8785937
Finn Waters,DIS,"Rancho Sante Fe, Calif.",track-and-field,2019,33.0242314,-117.1979781
Fiona Danieu,Distance,"East Aurora, N.Y.",track-and-field,2019,42.7689141,-78.6177611
Gia Monachino,Thrower,"San Francisco, Calif.",track-and-field,2019,37.7879363,-122.4075201
Gio Trejos,Sprints/Hurdles,"Los Angeles, Calif.",track-and-field,2019,34.0536909,-118.242766
Grace Campbell,Sprint/Jump/Hurd,"Murray, Ky.",track-and-field,2019,36.6106122,-88.3021092
Grace Custer,DIS,"Houston, Texas",track-and-field,2019,29.7589382,-95.3676974
Hailey Montgomery,Throws,"Seville, O.H.",track-and-field,2019,29.8773754,-95.2812736
Hana Sun,Distance,"Moraga, Calif.",track-and-field,2019,37.834897,-122.12883
Harry Scudamore,DIS,"Denver, Colo.",track-and-field,2019,39.7392364,-104.984862
Hunter Hasley,Thrower,"Houston, Texas",track-and-field,2019,29.7589382,-95.3676974
Ian Irish,DIS,"Palos Versed Estates, Calif.",track-and-field,2019,33.7872386,-118.401813
Iman Sule,Sprints,"Carrollton, Texas",track-and-field,2019,32.9515472,-96.9034244
Isabel Schmidt,DIS,"Seattle, Wash.",track-and-field,2019,47.6038321,-122.330062
Jack Pihlkar,Thrower,"East Northport, N.Y.",track-and-field,2019,40.880938,-73.319453
Jackie Patterson,DIS,"Princeton, N.J.",track-and-field,2019,40.3496953,-74.6597376
Jackson Storey,Mid Distance,"Jacksonville, Fla.",track-and-field,2019,30.3262247,-81.6579179
Jacob Caswell,Mid Distance,"Berlin, Wis.",track-and-field,2019,43.9684264,-88.9466233
Jahi Hernandez,Sprints,"St. Joseph, Trinidad and Tobago",track-and-field,2019,10.6555564,-61.4139447
James Chung,Sprints,"Los Angeles, Calif.",track-and-field,2019,34.0536909,-118.242766
Jemal Vaunado II,Sprints/Hurdles,"Canton, Mich.",track-and-field,2019,42.7269261,-84.6433146
Jenna Farrell,Distance,"Manlius, N.Y.",track-and-field,2019,43.0020107,-75.9768632
Jonathan Lauer,Distance,"Centereach, N.Y.",track-and-field,2019,40.867749,-73.0839793
Juan Lasso,MID,"Westhampton Beach, N.Y.",track-and-field,2019,40.8101459,-72.6413756
Juan Zarate-Sanchez,MID,"Davis, Calif.",track-and-field,2019,38.5435526,-121.739005
Julia Jordahl-Henry,Jumps,"Wellesley, Mass.",track-and-field,2019,42.2964859,-71.2925571
Kali Hatcher,Jumps,"Berkeley, Calif.",track-and-field,2019,37.8708393,-122.272863
Karibi Hart,Sprints,"Nairobi, Kenya",track-and-field,2019,-1.2890006,36.8172812
Katie Wasserman,Mid Distance,"Spotswood, N.J.",track-and-field,2019,40.391774,-74.3984834
Kayla-Rae Gordon,Throws,St. Lucia,track-and-field,2019,13.8250489,-60.975036
Kenny Vasbinder,Distance,"East Aurora, N.Y.",track-and-field,2019,42.7689141,-78.6177611
Lauren Grela,DIS,"Dedham, Mass.",track-and-field,2019,42.2481895,-71.1734418
Lauren Micham,Sprints/Hurdles,"Toledo, Ohio",track-and-field,2019,41.6529143,-83.5378173
Linnaea Kavulich,DIS,"Scappoose, Ore.",track-and-field,2019,45.7572997,-122.8743589
Logan McDaniel,Jumps,"Denton, Texas",track-and-field,2019,33.1838787,-97.1413417
Logan Rubasch,Pole Vault,"Aiea, Hawaii",track-and-field,2019,21.3822222,-157.9336111
Lucas Aramburu,DIS,"Brookline, Mass.",track-and-field,2019,42.332918,-71.1187829
Luke Ciarelli,HJ,"Dearborn, Mich.",track-and-field,2019,42.3222599,-83.1763145
Madelyn Sessler,Multi,"Plymouth, Mass.",track-and-field,2019,41.9426657,-70.7618592
Maryam Hassan,Jumps,"Cresskill, N.J.",track-and-field,2019,40.9414874,-73.9593041
Matt Lange,Throws,"Haworth, N.J.",track-and-field,2019,40.9609315,-73.9901383
Moe Abusway,Sprints/Hurdles,"Strongsville, Ohio",track-and-field,2019,41.3144733,-81.83511
Nate Gramentine,Jumps,"Lake Worth, Fla.",track-and-field,2019,26.615891,-80.0691435
Nixon McKenzie,MID,"Fairfield, Calif.",track-and-field,2019,38.2493581,-122.039966
Noah Johnson,Thrower,"Winter Garden, Fla.",track-and-field,2019,28.5656649,-81.5856742
Owen Bishop,Distance,"Upland, Calif.",track-and-field,2019,34.09751,-117.6483876
Pat Bayeux,DIS,"Basking Ridge, N.J.",track-and-field,2019,40.7064088,-74.5492725
Peyton Jones,Sprints,"Frisco, Texas",track-and-field,2019,33.1505998,-96.8238183
Rachel Kenny,DIS,"Matawan, N.J.",track-and-field,2019,40.41483,-74.2295891
Rachel Marsh,Sprints,"Garland, Texas",track-and-field,2019,32.912624,-96.6388833
Samantha Marin,Distance,"Blacksburg, Va.",track-and-field,2019,37.2296566,-80.4136767
Seneca Willen,DIS,"Fairfax, Va.",track-and-field,2019,38.8462236,-77.3063733
Serena Tripodi,Distance,"Westport, Conn.",track-and-field,2019,41.1414855,-73.3578955
Sofia Camacho,DIS,"Paris, France",track-and-field,2019,48.8534951,2.3483915
Sydney Bertschy,PV,"Peoria, Ill.",track-and-field,2019,40.6938609,-89.5891008
Sydney Groom,MID Distance,"Las Vegas, Nev.",track-and-field,2019,36.1674263,-115.1484131
Sydni Scott,Jumps,"Unionville, Conn.",track-and-field,2019,41.7579417,-72.886927
Terri Turner,Mid Distance,"Clifton Heights, Pa.",track-and-field,2019,39.9292791,-75.2962972
Tessa Green,Sprints,"Ladera Ranch, Calif.",track-and-field,2019,33.551225,-117.6442582
Tiber Seireeni,Pole Vault,"Los Angeles, Calif.",track-and-field,2019,34.0536909,-118.242766
Tiffany Bautista,Jumps,"Rochelle Park, N.J.",track-and-field,2019,40.9092993,-74.0733086
Troy Martig,Sprints,"San Jose, Calif.",track-and-field,2019,37.3361663,-121.890591
Tyler Berg,DIS,"Ballston Lake, N.Y.",track-and-field,2019,42.9343617,-73.8596218
Vasilis Kopanas,Mid Distance,"Kifisia, Greece",track-and-field,2019,38.0736082,23.8082244
Will O'Brien,PV,"Los Angeles, Calif.",track-and-field,2019,34.0536909,-118.242766
Willie Hall,Mid Distance,"Davis, Calif.",track-and-field,2019,38.5435526,-121.739005
Aaron Breene,Mid Distance,"Wilton, Conn.",track-and-field,2020,41.1953739,-73.4378988
Alex Rodman,DIS,"Kill Devil Hills, N.C.",track-and-field,2020,36.0321186,-75.6776147
Alexis Knight,Sprints,"Prospect Heights, Ill.",track-and-field,2020,42.0953049,-87.9375694
Allie Hays,Distance,"Wading River, N.Y.",track-and-field,2020,40.9446394,-72.8246139
Amanda Cooper,Thrower,"Newport Beach, Calif.",track-and-field,2020,33.6170092,-117.9294401
Andrea Dubbels,DIS,"Clifton, N.J.",track-and-field,2020,40.8584328,-74.1637553
Angela Saidman,DIS,"Danbury, Conn.",track-and-field,2020,41.394817,-73.4540111
Anish Nanjappa,DIS,"Clarksville, Md.",track-and-field,2020,39.2065447,-76.9429182
Anna Jordahl-Henry,Jumps,"Wellesley, Mass.",track-and-field,2020,42.2964859,-71.2925571
Ben Kuhn,DIS,"Wyomissing, Pa.",track-and-field,2020,40.329537,-75.9652117
Ben Poth,Pole Vault,"Spring, Texas",track-and-field,2020,30.070979,-95.4013419
Betty Jackson,Sprints/Hurdles,"McDonough, Ga.",track-and-field,2020,33.4473361,-84.1468616
Brandon Hicks,DIS,"Springfield, N.J.",track-and-field,2020,40.7109107,-74.3099398
Brianna Hodges,Sprints,"Princeton Junction, N.J.",track-and-field,2020,40.3159898,-74.6241189
Brigette Grau,Jumps,"Redondo Beach, Calif.",track-and-field,2020,33.8398289,-118.3845942
Brittney Raffo,Pole Vault,"Tabernacle, N.J.",track-and-field,2020,38.9840016,-74.9051719
Brock Thompson,Sprints,"Argyle, Texas",track-and-field,2020,33.110156,-97.1797576
Brodie Holmes,Sprints,"Reisterstown, M.D.",track-and-field,2020,39.4695489,-76.8294213
Cameron Downey,Thrower,"Minneapolis, Minn.",track-and-field,2020,44.9772995,-93.2654692
Camila Michaels,Distance,"Bristol, R.I.",track-and-field,2020,41.6770463,-71.2661597
Carlita Taylor,Sprints/Hurdles,"Detroit, Mich.",track-and-field,2020,42.3315509,-83.0466403
Casidy Cunningham,Jumps,"Lompoc, Calif.",track-and-field,2020,34.6391501,-120.4579009
Cassidy Williams,MID,"Staten Island, N.Y.",track-and-field,2020,40.5834557,-74.1496048
Charlotte Hartman,DIS,"Mechanicville, N.Y.",track-and-field,2020,42.9028547,-73.6873405
Chris Balthazar,Sprints,"New Rochelle, N.Y.",track-and-field,2020,40.9115386,-73.7826363
Clio Dakolias,MID,"Bronxville, N.Y.",track-and-field,2020,40.9381544,-73.8320784
Cristian Hubbard,Sprints/Hurdles,"Albany, N.Y.",track-and-field,2020,42.6511674,-73.754968
Daniel Addison,Sprints,"Washington, D.C.",track-and-field,2020,38.8950982,-77.0363849
Dante Miller,Sprints,"Rockingham, N.C.",track-and-field,2020,36.3926798,-79.744144
David Vorbach,DIS,"Nashua, N.H.",track-and-field,2020,42.7656251,-71.4677032
Delaney Sanacore,DIS,"Los Alamitos, Calif.",track-and-field,2020,33.8038865,-118.0772433
Devon Davey,Sprints,"Elkhorn, Wis.",track-and-field,2020,42.6719206,-88.543494
Dominic Dyer,Distance,"George Town, Grand Cayman",track-and-field,2020,19.2832107,-81.3497767
Elena Wilson,Sprints,"Southlake, Texas",track-and-field,2020,32.9412363,-97.1341783
Emily Virtue,DIS,"Burbank, Calif.",track-and-field,2020,34.1812089,-118.307201
Ernest Robertson,Jumps,"Bronx, N.Y.",track-and-field,2020,40.8466508,-73.8785937
Evan Manley,DIS,"Hudson, Ohio",track-and-field,2020,41.240056,-81.440667
Gia Monachino,Thrower,"San Francisco, Calif.",track-and-field,2020,37.7879363,-122.4075201
Gio Trejos,Sprints/Hurdles,"Los Angeles, Calif.",track-and-field,2020,34.0536909,-118.242766
Grace Campbell,Sprint/Jump/Hurd,"Murray, Ky.",track-and-field,2020,36.6106122,-88.3021092
Grace Custer,DIS,"Houston, Texas",track-and-field,2020,29.7589382,-95.3676974
Hailey Montgomery,Throws,"Seville, O.H.",track-and-field,2020,29.8773754,-95.2812736
Harry Scudamore,DIS,"Denver, Colo.",track-and-field,2020,39.7392364,-104.984862
Ian Irish,DIS,"Palos Versed Estates, Calif.",track-and-field,2020,33.7872386,-118.401813
Ian Smith,MID,"Richmond, Va.",track-and-field,2020,37.5385087,-77.43428
Jack Pihlkar,Thrower,"East Northport, N.Y.",track-and-field,2020,40.880938,-73.319453
Jackson Storey,Mid Distance,"Jacksonville, Fla.",track-and-field,2020,30.3262247,-81.6579179
Jacob Ireland,DIS,"Bronx, N.Y.",track-and-field,2020,40.8466508,-73.8785937
Jahi Hernandez,Sprints,"St. Joseph, Trinidad and Tobago",track-and-field,2020,10.6555564,-61.4139447
James Chung,Sprints,"Los Angeles, Calif.",track-and-field,2020,34.0536909,-118.242766
Jemal Vaunado II,Sprints/Hurdles,"Canton, Mich.",track-and-field,2020,42.7269261,-84.6433146
Jordan Mathis,DIS,"Austin, Texas",track-and-field,2020,30.2711286,-97.7436995
Juan Lasso,MID,"Westhampton Beach, N.Y.",track-and-field,2020,40.8101459,-72.6413756
Juan Zarate-Sanchez,MID,"Davis, Calif.",track-and-field,2020,38.5435526,-121.739005
Julia Jordahl-Henry,Jumps,"Wellesley, Mass.",track-and-field,2020,42.2964859,-71.2925571
Julian Baeza,DIS,"Austin, Texas",track-and-field,2020,30.2711286,-97.7436995
Justin O'Toole,MID,"Weston, Mass.",track-and-field,2020,42.3667625,-71.3031132
Kaitlynn Wolfe,DIS,"Blacksburg, Va.",track-and-field,2020,37.2296566,-80.4136767
Kali Hatcher,Jumps,"Berkeley, Calif.",track-and-field,2020,37.8708393,-122.272863
Kam Lambert,Jumps,"High Wycombe, England",track-and-field,2020,51.6317449,-0.75596
Karibi Hart,Sprints,"Nairobi, Kenya",track-and-field,2020,-1.2890006,36.8172812
Kayla-Rae Gordon,Throws,St. Lucia,track-and-field,2020,13.8250489,-60.975036
Kimmi Woods,Sprints,"Wilmington, Del.",track-and-field,2020,39.7459468,-75.546589
Krystof Lapotsky,DIS,"Coal Township, Pa.",track-and-field,2020,40.791824,-76.5936151
Lailah Malone,Throws,"Marietta, Ga.",track-and-field,2020,33.952845,-84.5496054
Lauren Grela,DIS,"Dedham, Mass.",track-and-field,2020,42.2481895,-71.1734418
Lauren Micham,Sprints/Hurdles,"Toledo, Ohio",track-and-field,2020,41.6529143,-83.5378173
Linnaea Kavulich,DIS,"Scappoose, Ore.",track-and-field,2020,45.7572997,-122.8743589
Logan McDaniel,Jumps,"Denton, Texas",track-and-field,2020,33.1838787,-97.1413417
Logan Rubasch,Pole Vault,"Aiea, Hawaii",track-and-field,2020,21.3822222,-157.9336111
Lucas Aramburu,DIS,"Brookline, Mass.",track-and-field,2020,42.332918,-71.1187829
Luke Ciarelli,HJ,"Dearborn, Mich.",track-and-field,2020,42.3222599,-83.1763145
Madelyn Sessler,Multi,"Plymouth, Mass.",track-and-field,2020,41.9426657,-70.7618592
Mary Caroline Heinen,DIS,"Richmond, Va.",track-and-field,2020,37.5385087,-77.43428
Matt Lange,Throws,"Haworth, N.J.",track-and-field,2020,40.9609315,-73.9901383
Matt Wabunoha,Sprints/Hurdles,"Exeter, N.H.",track-and-field,2020,42.981477,-70.9478343
McKinlee Morris,Throws,"St. Louis, Mo.",track-and-field,2020,38.6254063,-90.190009
Michael Danzi,DIS,"Smithtown, N.Y.",track-and-field,2020,40.8559314,-73.2006687
Mike Ostuno,Sprints/Hurdles,"Grand Rapids, Mich.",track-and-field,2020,42.9632425,-85.6678639
Moe Abusway,Sprints/Hurdles,"Strongsville, Ohio",track-and-field,2020,41.3144733,-81.83511
Nanette Collins,Throws,"Cave Creek, Ariz.",track-and-field,2020,33.8333333,-111.950833
Nate Gramentine,Jumps,"Lake Worth, Fla.",track-and-field,2020,26.615891,-80.0691435
Nikki Vanasse,DIS,"Martinsville, N.J.",track-and-field,2020,40.6012136,-74.5590452
Nixon McKenzie,MID,"Fairfield, Calif.",track-and-field,2020,38.2493581,-122.039966
Olivia Schmitt,MID,"Lindenhurst, Ill.",track-and-field,2020,42.4105765,-88.0261911
Owen Bishop,Distance,"Upland, Calif.",track-and-field,2020,34.09751,-117.6483876
Pat Bayeux,DIS,"Basking Ridge, N.J.",track-and-field,2020,40.7064088,-74.5492725
Patrice Smith,Multi,"Pittsburgh, Pa.",track-and-field,2020,40.4406968,-80.0025666
Peyton Jones,Sprints,"Frisco, Texas",track-and-field,2020,33.1505998,-96.8238183
Rachel Kenny,DIS,"Matawan, N.J.",track-and-field,2020,40.41483,-74.2295891
Rachel Marsh,Sprints,"Garland, Texas",track-and-field,2020,32.912624,-96.6388833
Samantha Marin,Distance,"Blacksburg, Va.",track-and-field,2020,37.2296566,-80.4136767
Seneca Willen,DIS,"Fairfax, Va.",track-and-field,2020,38.8462236,-77.3063733
Serena Tripodi,Distance,"Westport, Conn.",track-and-field,2020,41.1414855,-73.3578955
Sevilla Duran,Sprints/Hurdles,"Albuquerque, N.M.",track-and-field,2020,35.0841034,-106.650985
Sofia Camacho,DIS,"Paris, France",track-and-field,2020,48.8534951,2.3483915
Solomon Fountain,DIS,"Temecula, Calif.",track-and-field,2020,33.4946353,-117.147366
Sydney Bertschy,PV,"Peoria, Ill.",track-and-field,2020,40.6938609,-89.5891008
Sydney Groom,MID Distance,"Las Vegas, Nev.",track-and-field,2020,36.1674263,-115.1484131
Sydni Scott,Jumps,"Unionville, Conn.",track-and-field,2020,41.7579417,-72.886927
TH Wei,Jumps,"South Pasadena, Calif.",track-and-field,2020,34.1133062,-118.1478291
Terri Turner,Mid Distance,"Clifton Heights, Pa.",track-and-field,2020,39.9292791,-75.2962972
Tessa Green,Sprints,"Ladera Ranch, Calif.",track-and-field,2020,33.551225,-117.6442582
Tiffany Bautista,Jumps,"Rochelle Park, N.J.",track-and-field,2020,40.9092993,-74.0733086
Timi Odunjo,Sprints/Hurdles,"Darby, Pa.",track-and-field,2020,39.9184439,-75.2590258
Tyler Berg,DIS,"Ballston Lake, N.Y.",track-and-field,2020,42.9343617,-73.8596218
Vasilis Kopanas,Mid Distance,"Kifisia, Greece",track-and-field,2020,38.0736082,23.8082244
Will O'Brien,PV,"Los Angeles, Calif.",track-and-field,2020,34.0536909,-118.242766
Wonders Oguejiofor,MID,"Cypress, Texas",track-and-field,2020,29.9691116,-95.6971686
Yoosang Kim,Throws,"Suwanee, Ga.",track-and-field,2020,34.0514898,-84.0712997
Zoë Harris,MID,"Greenwich, Conn.",track-and-field,2020,41.0264862,-73.6284598
Alex Rodman,DIS,"Kill Devil Hills, N.C.",track-and-field,2021,36.0321186,-75.6776147
Alex Tillock,MID,"O'Fallon, Ill.",track-and-field,2021,38.5922715,-89.9112124
Alexis Knight,Sprints,"Prospect Heights, Ill.",track-and-field,2021,42.0953049,-87.9375694
Amara Onyeukwu,Sprints,"Austell, Ga.",track-and-field,2021,33.8126059,-84.6343783
Andrea Dubbels,MID,"Clifton, N.J.",track-and-field,2021,40.8584328,-74.1637553
Angela Saidman,DIS,"Danbury, Conn.",track-and-field,2021,41.394817,-73.4540111
Anish Nanjappa,DIS,"Clarksville, Md.",track-and-field,2021,39.2065447,-76.9429182
Anna Jordahl-Henry,Jumps,"Wellesley, Mass.",track-and-field,2021,42.2964859,-71.2925571
Ava Jolley,DIS,"North Salem, N.Y.",track-and-field,2021,41.3348169,-73.5712374
Ben Kuhn,DIS,"Wyomissing, Pa.",track-and-field,2021,40.329537,-75.9652117
Brandon Hicks,DIS,"Springfield, N.J.",track-and-field,2021,40.7109107,-74.3099398
Brianna Hodges,Sprints,"Princeton Junction, N.J.",track-and-field,2021,40.3159898,-74.6241189
Brigid McCabe,DIS,"Bayonne, N.J.",track-and-field,2021,40.6687141,-74.1143091
Caleb Gartner,DIS,"Falmouth, Mass.",track-and-field,2021,41.5514979,-70.6147519
Camille Clay,Throws,"Lincolnshire, Ill.",track-and-field,2021,42.1900249,-87.9084039
Charlotte Hartman,DIS,"Mechanicville, N.Y.",track-and-field,2021,42.9028547,-73.6873405
Chris Balthazar,Sprints,"New Rochelle, N.Y.",track-and-field,2021,40.9115386,-73.7826363
Clio Dakolias,MID,"Bronxville, N.Y.",track-and-field,2021,40.9381544,-73.8320784
Daniel Addison,Sprints,"Washington, D.C.",track-and-field,2021,38.8950982,-77.0363849
Dante Miller,Sprints,"Rockingham, N.C.",track-and-field,2021,36.3926798,-79.744144
Daphne Matthews,MID,"Yukon, Okla.",track-and-field,2021,35.5067259,-97.7625386
David Vorbach,DIS,"Nashua, N.H.",track-and-field,2021,42.7656251,-71.4677032
Delaney Sanacore,DIS,"Los Alamitos, Calif.",track-and-field,2021,33.8038865,-118.0772433
Devon Davey,Sprints,"Elkhorn, Wis.",track-and-field,2021,42.6719206,-88.543494
Dominic Sobhani,DIS,"Richfield, Minn.",track-and-field,2021,44.8766431,-93.2877877
Elena Wilson,Sprints,"Southlake, Texas",track-and-field,2021,32.9412363,-97.1341783
Emily Rooney,DIS,"Birmingham, Mich.",track-and-field,2021,42.5467012,-83.2113192
Emily Virtue,DIS,"Burbank, Calif.",track-and-field,2021,34.1812089,-118.307201
Evan Manley,DIS,"Hudson, Ohio",track-and-field,2021,41.240056,-81.440667
Fredericka Walker,Sprints,"Herndon, Va.",track-and-field,2021,38.9695316,-77.3859479
Gavin White,DIS,"Pinckney, Mich.",track-and-field,2021,42.4567013,-83.9463359
Grace Connolly,DIS,"Barrington, R.I.",track-and-field,2021,41.7407661,-71.3084633
Hailey Montgomery,Throws,"Seville, O.H.",track-and-field,2021,29.8773754,-95.2812736
Helen Chu,Jumps,"Clovis, Calif.",track-and-field,2021,36.8252277,-119.7029194
Ian Irish,DIS,"Palos Versed Estates, Calif.",track-and-field,2021,33.7872386,-118.401813
Ian Smith,MID,"Richmond, Va.",track-and-field,2021,37.5385087,-77.43428
Isabel Schmidt,DIS,"Seattle, Wash.",track-and-field,2021,47.6038321,-122.330062
Jack Bennett,DIS,"Portland, Ore.",track-and-field,2021,45.5202471,-122.674194
Jacob Ireland,DIS,"Bronx, N.Y.",track-and-field,2021,40.8466508,-73.8785937
Jaden Ebanks,Jumps,"Teaneck, N.J.",track-and-field,2021,40.8860164,-74.0072568
Jahi Hernandez,Sprints,"St. Joseph, Trinidad and Tobago",track-and-field,2021,10.6555564,-61.4139447
James Chung,Sprints,"Los Angeles, Calif.",track-and-field,2021,34.0536909,-118.242766
Jordan Mathis,DIS,"Austin, Texas",track-and-field,2021,30.2711286,-97.7436995
Juan Zarate-Sanchez,MID,"Davis, Calif.",track-and-field,2021,38.5435526,-121.739005
Julia Jordahl-Henry,Jumps,"Wellesley, Mass.",track-and-field,2021,42.2964859,-71.2925571
Julian Baeza,DIS,"Austin, Texas",track-and-field,2021,30.2711286,-97.7436995
Justin O'Toole,MID,"Weston, Mass.",track-and-field,2021,42.3667625,-71.3031132
Kaitlynn Wolfe,DIS,"Blacksburg, Va.",track-and-field,2021,37.2296566,-80.4136767
Kali Hatcher,Jumps,"Berkeley, Calif.",track-and-field,2021,37.8708393,-122.272863
Kali Long,Sprints,"Cambridge, Mass.",track-and-field,2021,42.3656347,-71.1040018
Kate Kuwahara,DIS,"Salt Lake City, Utah",track-and-field,2021,40.7596198,-111.886797
Kayla-Rae Gordon,Throws,St. Lucia,track-and-field,2021,13.8250489,-60.975036
Keegan Li,Throws,"Chappaqua, N.Y.",track-and-field,2021,41.157284,-73.7676998
Kimmi Woods,Sprints,"Wilmington, Del.",track-and-field,2021,39.7459468,-75.546589
Lailah Malone,Throws,"Marietta, Ga.",track-and-field,2021,33.952845,-84.5496054
Lauren Grela,DIS,"Dedham, Mass.",track-and-field,2021,42.2481895,-71.1734418
Lilly Bradley,DIS,"Boston, Mass.",track-and-field,2021,42.3588336,-71.0578303
Linnaea Kavulich,DIS,"Scappoose, Ore.",track-and-field,2021,45.7572997,-122.8743589
Luke Ciarelli,HJ,"Dearborn, Mich.",track-and-field,2021,42.3222599,-83.1763145
Mary Caroline Heinen,DIS,"Richmond, Va.",track-and-field,2021,37.5385087,-77.43428
Mason McVey,PV,"Seattle, Wash.",track-and-field,2021,47.6038321,-122.330062
Matt Garrett,Sprints,"Charlotte, N.C.",track-and-field,2021,35.2272086,-80.8430827
Matt Lange,Throws,"Haworth, N.J.",track-and-field,2021,40.9609315,-73.9901383
Matt Wabunoha,Sprints/Hurdles,"Exeter, N.H.",track-and-field,2021,42.981477,-70.9478343
McKinlee Morris,Throws,"St. Louis, Mo.",track-and-field,2021,38.6254063,-90.190009
Michael Danzi,DIS,"Smithtown, N.Y.",track-and-field,2021,40.8559314,-73.2006687
Mike Ostuno,Sprints/Hurdles,"Grand Rapids, Mich.",track-and-field,2021,42.9632425,-85.6678639
Nanette Collins,Throws,"Cave Creek, Ariz.",track-and-field,2021,33.8333333,-111.950833
Natalia Quintero,DIS,"Los Angeles, Calif.",track-and-field,2021,34.0536909,-118.242766
Nate Gramentine,Jumps,"Lake Worth, Fla.",track-and-field,2021,26.615891,-80.0691435
Nikki Vanasse,DIS,"Martinsville, N.J.",track-and-field,2021,40.6012136,-74.5590452
Nixon McKenzie,MID,"Fairfield, Calif.",track-and-field,2021,38.2493581,-122.039966
Olivia Schmitt,MID,"Lindenhurst, Ill.",track-and-field,2021,42.4105765,-88.0261911
Owen Lockyer,DIS,"St. Catharines, Ontario, Canada",track-and-field,2021,43.1579812,-79.2441003
Owen Nelson,DIS,"Seattle, Wash.",track-and-field,2021,47.6038321,-122.330062
Patrice Smith,Multi,"Pittsburgh, Pa.",track-and-field,2021,40.4406968,-80.0025666
Patrick Passalacqua,Throws,"Old Tappan, N.J.",track-and-field,2021,41.0106971,-73.9911073
Phoebe Anderson,DIS,"London, England",track-and-field,2021,51.5074456,-0.1277653
Rachel Kenny,DIS,"Matawan, N.J.",track-and-field,2021,40.41483,-74.2295891
Rachel Marsh,Sprints,"Garland, Texas",track-and-field,2021,32.912624,-96.6388833
Ryan Borden,DIS,"South Riding, Va.",track-and-field,2021,38.9125645,-77.5109911
Seneca Willen,DIS,"Fairfax, Va.",track-and-field,2021,38.8462236,-77.3063733
Serena Landsman,Hurdles,"Potomac, Md.",track-and-field,2021,39.0180508,-77.1956331
Sevilla Duran,Sprints/Hurdles,"Albuquerque, N.M.",track-and-field,2021,35.0841034,-106.650985
Sofia Camacho,DIS,"Paris, France",track-and-field,2021,48.8534951,2.3483915
Solomon Fountain,DIS,"Temecula, Calif.",track-and-field,2021,33.4946353,-117.147366
Story Downing,MID,"Kansas City, Mo.",track-and-field,2021,39.100105,-94.5781416
Sydney Goldson,Sprints,"Holmdell, N.J.",track-and-field,2021,40.3451095,-74.1840322
Sydni Scott,Jumps,"Unionville, Conn.",track-and-field,2021,41.7579417,-72.886927
Talha Syed,DIS,"Canton, Mich.",track-and-field,2021,42.7269261,-84.6433146
Tess Darnell,Hurdles,"Keyport, N.J.",track-and-field,2021,40.4331631,-74.1995883
Tessa Green,Sprints,"Ladera Ranch, Calif.",track-and-field,2021,33.551225,-117.6442582
Tiffany Bautista,Jumps,"Rochelle Park, N.J.",track-and-field,2021,40.9092993,-74.0733086
Toby Tan,Throws,"Fremont, Calif.",track-and-field,2021,37.5482697,-121.988571
Tyler Berg,DIS,"Ballston Lake, N.Y.",track-and-field,2021,42.9343617,-73.8596218
Will O'Brien,PV,"Los Angeles, Calif.",track-and-field,2021,34.0536909,-118.242766
Wonders Oguejiofor,MID,"Cypress, Texas",track-and-field,2021,29.9691116,-95.6971686
Yoosang Kim,Throws,"Suwanee, Ga.",track-and-field,2021,34.0514898,-84.0712997
Zoë Harris,MID,"Greenwich, Conn.",track-and-field,2021,41.0264862,-73.6284598
Adam MoeZaw,Throws,"Frederick, Md.",track-and-field,2022,39.415779,-77.4127562
Alex Tillock,MID,"O'Fallon, Ill.",track-and-field,2022,38.5922715,-89.9112124
Alexis Knight,Sprints,"Prospect Heights, Ill.",track-and-field,2022,42.0953049,-87.9375694
Amara Onyeukwu,Sprints,"Austell, Ga.",track-and-field,2022,33.8126059,-84.6343783
Aminah Martin,Sprints/Hurdles,"Washington, D.C.",track-and-field,2022,38.8950982,-77.0363849
Andrea Dubbels,MID,"Clifton, N.J.",track-and-field,2022,40.8584328,-74.1637553
Angela Saidman,DIS,"Danbury, Conn.",track-and-field,2022,41.394817,-73.4540111
Anish Nanjappa,DIS,"Clarksville, Md.",track-and-field,2022,39.2065447,-76.9429182
Anna Jordahl-Henry,Jumps,"Wellesley, Mass.",track-and-field,2022,42.2964859,-71.2925571
Austin Rios-Colon,MID,"Washington, D.C.",track-and-field,2022,38.8950982,-77.0363849
Ben Kuhn,DIS,"Wyomissing, Pa.",track-and-field,2022,40.329537,-75.9652117
Brett Bishop,DIS,"Henrico, Va.",track-and-field,2022,37.5131191,-77.3465081
Brigid McCabe,DIS,"Bayonne, N.J.",track-and-field,2022,40.6687141,-74.1143091
Caleb Gartner,DIS,"Falmouth, Mass.",track-and-field,2022,41.5514979,-70.6147519
Camille Clay,Throws,"Lincolnshire, Ill.",track-and-field,2022,42.1900249,-87.9084039
Camylin Blake,Sprints/Hurdles,"Bellmore, N.Y.",track-and-field,2022,40.653886,-73.5288194
Caroline Schleif,MID,"Metuchen, N.J.",track-and-field,2022,40.5431598,-74.3632049
Chris Balthazar,Sprints,"New Rochelle, N.Y.",track-and-field,2022,40.9115386,-73.7826363
Daniela Quintero,MID,"Los Angeles, Calif.",track-and-field,2022,34.0536909,-118.242766
Daphne Matthews,MID,"Yukon, Okla.",track-and-field,2022,35.5067259,-97.7625386
Devon Davey,Sprints,"Elkhorn, Wis.",track-and-field,2022,42.6719206,-88.543494
Edward Blaha,DIS,"Atlanta, Ga.",track-and-field,2022,33.7544657,-84.3898151
Elena Wilson,Sprints,"Southlake, Texas",track-and-field,2022,32.9412363,-97.1341783
Elia Ton-That,DIS,"Chicago, Ill.",track-and-field,2022,41.8755616,-87.6244212
Emily Donovan,Throws,"West Hills, Calif.",track-and-field,2022,34.2032325,-118.645476
Emily Rooney,DIS,"Birmingham, Mich.",track-and-field,2022,42.5467012,-83.2113192
Farah Osman,DIS,"Brooklyn, N.Y.",track-and-field,2022,40.6526006,-73.9497211
Gavin White,DIS,"Pinckney, Mich.",track-and-field,2022,42.4567013,-83.9463359
George Blaha,DIS,"Atlanta, Ga.",track-and-field,2022,33.7544657,-84.3898151
Haydn Brotschi,Sprint,"Chula Vista, Calif.",track-and-field,2022,32.6400541,-117.084195
Helen Chu,Jumps,"Clovis, Calif.",track-and-field,2022,36.8252277,-119.7029194
Ian Noble,DIS,"Lighthouse Point, Fla.",track-and-field,2022,26.275636,-80.0872654
Isabel Schmidt,DIS,"Seattle, Wash.",track-and-field,2022,47.6038321,-122.330062
Jack Bennett,DIS,"Portland, Ore.",track-and-field,2022,45.5202471,-122.674194
Jack Casey,DIS,"Cumberland, R.I.",track-and-field,2022,41.9667656,-71.4328363
Jacob Ireland,DIS,"Bronx, N.Y.",track-and-field,2022,40.8466508,-73.8785937
Jacob Van Orden,MID,"Pocatello, Id.",track-and-field,2022,42.8620287,-112.450627
Jada Mia Puryear,Throws,"Scotch Plains, N.J.",track-and-field,2022,40.65538,-74.3898732
Jaden Ebanks,Jumps,"Teaneck, N.J.",track-and-field,2022,40.8860164,-74.0072568
Jahi Hernandez,Sprints,"St. Joseph, Trinidad and Tobago",track-and-field,2022,10.6555564,-61.4139447
James Chung,Sprints,"Los Angeles, Calif.",track-and-field,2022,34.0536909,-118.242766
Jordan Mathis,DIS,"Austin, Texas",track-and-field,2022,30.2711286,-97.7436995
Joshua Adams,Jumps,"Boca Raton, Fla.",track-and-field,2022,26.3586885,-80.0830984
Josiah Williams,Sprints,"Clayton, N.C.",track-and-field,2022,35.650711,-78.4563914
Juan Zarate-Sanchez,MID,"Davis, Calif.",track-and-field,2022,38.5435526,-121.739005
Julia Jordahl-Henry,Jumps,"Wellesley, Mass.",track-and-field,2022,42.2964859,-71.2925571
Julian Baeza,DIS,"Austin, Texas",track-and-field,2022,30.2711286,-97.7436995
Justin O'Toole,MID,"Weston, Mass.",track-and-field,2022,42.3667625,-71.3031132
Kaitlynn Wolfe,DIS,"Blacksburg, Va.",track-and-field,2022,37.2296566,-80.4136767
Kali Long,Sprints,"Cambridge, Mass.",track-and-field,2022,42.3656347,-71.1040018
Kate Kuwahara,DIS,"Salt Lake City, Utah",track-and-field,2022,40.7596198,-111.886797
Kayla-Rae Gordon,Throws,St. Lucia,track-and-field,2022,13.8250489,-60.975036
Keegan Li,Throws,"Chappaqua, N.Y.",track-and-field,2022,41.157284,-73.7676998
Kennedi Poullard,Sprints/Hurdles,"Houston, Texas",track-and-field,2022,29.7589382,-95.3676974
Kimmi Woods,Sprints,"Wilmington, Del.",track-and-field,2022,39.7459468,-75.546589
Lailah Malone,Throws,"Marietta, Ga.",track-and-field,2022,33.952845,-84.5496054
Lauren Grela,DIS,"Dedham, Mass.",track-and-field,2022,42.2481895,-71.1734418
Lawson McLeod,MID,"Tampa, Fla.",track-and-field,2022,27.9449854,-82.4583107
Lilly Bradley,DIS,"Boston, Mass.",track-and-field,2022,42.3588336,-71.0578303
Lucy Henkel,MID,"Wayne, Pa.",track-and-field,2022,41.6264414,-75.3045103
Mary Caroline Heinen,DIS,"Richmond, Va.",track-and-field,2022,37.5385087,-77.43428
Mason McVey,PV,"Seattle, Wash.",track-and-field,2022,47.6038321,-122.330062
Matt Garrett,Sprints,"Charlotte, N.C.",track-and-field,2022,35.2272086,-80.8430827
Matt Gatune,DIS,"Woodside, Del.",track-and-field,2022,39.0715017,-75.5682584
Matt Lange,Throws,"Haworth, N.J.",track-and-field,2022,40.9609315,-73.9901383
Matthew Mazero,Sprints,"Haddonfield, N.J.",track-and-field,2022,39.8915022,-75.0376707
Max Comfere,Sprints,"Rochester, Minn.",track-and-field,2022,44.0234387,-92.4630182
Max Dooley,MID,"Wayne, Pa.",track-and-field,2022,41.6264414,-75.3045103
McKinlee Morris,Throws,"St. Louis, Mo.",track-and-field,2022,38.6254063,-90.190009
Michael Danzi,DIS,"Smithtown, N.Y.",track-and-field,2022,40.8559314,-73.2006687
Michael Portale,Sprints,"Wilmington, Del.",track-and-field,2022,39.7459468,-75.546589
Michelle Lee,Jumps,"Demarest, N.J.",track-and-field,2022,40.9573205,-73.9634708
Myla Abernathy,MID,"Catonsville, Md.",track-and-field,2022,39.2609922,-76.7455478
Nanette Collins,Throws,"Cave Creek, Ariz.",track-and-field,2022,33.8333333,-111.950833
Naomi Toft,MID,"London, England",track-and-field,2022,51.5074456,-0.1277653
Nate Gramentine,Jumps,"Lake Worth, Fla.",track-and-field,2022,26.615891,-80.0691435
Nikki Vanasse,DIS,"Martinsville, N.J.",track-and-field,2022,40.6012136,-74.5590452
Nixon McKenzie,MID,"Fairfield, Calif.",track-and-field,2022,38.2493581,-122.039966
Obiora Okeke,Throws,"Hawthorne, Calif.",track-and-field,2022,33.9128272,-118.3426122
Olivia Schmitt,MID,"Lindenhurst, Ill.",track-and-field,2022,42.4105765,-88.0261911
Owen Lockyer,DIS,"St. Catharines, Ontario, Canada",track-and-field,2022,43.1579812,-79.2441003
Owen Nelson,DIS,"Seattle, Wash.",track-and-field,2022,47.6038321,-122.330062
Patrice Smith,Multi,"Pittsburgh, Pa.",track-and-field,2022,40.4406968,-80.0025666
Patrick Passalacqua,Throws,"Old Tappan, N.J.",track-and-field,2022,41.0106971,-73.9911073
Phoebe Anderson,DIS,"London, England",track-and-field,2022,51.5074456,-0.1277653
Rachel Marsh,Sprints,"Garland, Texas",track-and-field,2022,32.912624,-96.6388833
Rory Clare,MID,"Wellesley, Mass.",track-and-field,2022,42.2964859,-71.2925571
Ryan Borden,DIS,"South Riding, Va.",track-and-field,2022,38.9125645,-77.5109911
Seneca Willen,DIS,"Fairfax, Va.",track-and-field,2022,38.8462236,-77.3063733
Seraiah Bruno,Jumps,"Spring, Texas",track-and-field,2022,30.070979,-95.4013419
Serena Landsman,Hurdles,"Potomac, Md.",track-and-field,2022,39.0180508,-77.1956331
Sevilla Duran,Sprints/Hurdles,"Albuquerque, N.M.",track-and-field,2022,35.0841034,-106.650985
Simon Skoumal,Throws,"Prague, Czech Republic",track-and-field,2022,50.0874654,14.4212535
Story Downing,MID,"Kansas City, Mo.",track-and-field,2022,39.100105,-94.5781416
Susan Jimenez,DIS,"Brooklyn, N.Y.",track-and-field,2022,40.6526006,-73.9497211
Sydney Goldson,Sprints,"Holmdell, N.J.",track-and-field,2022,40.3451095,-74.1840322
Talha Syed,DIS,"Canton, Mich.",track-and-field,2022,42.7269261,-84.6433146
Tess Darnell,Hurdles,"Keyport, N.J.",track-and-field,2022,40.4331631,-74.1995883
Tessa Green,Sprints,"Ladera Ranch, Calif.",track-and-field,2022,33.551225,-117.6442582
Tiffany Bautista,Jumps,"Rochelle Park, N.J.",track-and-field,2022,40.9092993,-74.0733086
Toby Tan,Throws,"Fremont, Calif.",track-and-field,2022,37.5482697,-121.988571
Tyler Berg,DIS,"Ballston Lake, N.Y.",track-and-field,2022,42.9343617,-73.8596218
Victoria Patterson,DIS,"Greenville, S.C.",track-and-field,2022,34.851354,-82.3984882
Walker Beverly,MID,"West Hartford, Conn.",track-and-field,2022,41.7620447,-72.7420399
Will O'Brien,PV,"Los Angeles, Calif.",track-and-field,2022,34.0536909,-118.242766
Wonders Oguejiofor,MID,"Cypress, Texas",track-and-field,2022,29.9691116,-95.6971686
Yoosang Kim,Throws,"Suwanee, Ga.",track-and-field,2022,34.0514898,-84.0712997
Zariyah Braxton,Jumps,"Bay Shore, N.Y.",track-and-field,2022,40.7276525,-73.2435218
Zoë Harris,MID,"Greenwich, Conn.",track-and-field,2022,41.0264862,-73.6284598
Adam Jaros,Decathlete,Czech Republic,track-and-field,2023,49.7439047,15.3381061
Adam MoeZaw,Throws,"Frederick, Md.",track-and-field,2023,39.415779,-77.4127562
Alex Tillock,MID,"O'Fallon, Ill.",track-and-field,2023,38.5922715,-89.9112124
Amara Onyeukwu,Sprints,"Austell, Ga.",track-and-field,2023,33.8126059,-84.6343783
Aminah Martin,Sprints/Hurdles,"Washington, D.C.",track-and-field,2023,38.8950982,-77.0363849
Anabelle Biggs,Jumps,"Vineyard Haven, Mass.",track-and-field,2023,41.4542914,-70.6038026
Andrea Dubbels,MID,"Clifton, N.J.",track-and-field,2023,40.8584328,-74.1637553
Anish Nanjappa,DIS,"Clarksville, Md.",track-and-field,2023,39.2065447,-76.9429182
Armaan Thakker,Sprints,"San Jose, Calif.",track-and-field,2023,37.3361663,-121.890591
Austin Rios-Colon,MID,"Washington, D.C.",track-and-field,2023,38.8950982,-77.0363849
Ben Bergey,DIS,"Cumming, Ga.",track-and-field,2023,34.2073196,-84.1401926
Ben Kuhn,DIS,"Wyomissing, Pa.",track-and-field,2023,40.329537,-75.9652117
Benson Fleischer,Sprints/Jumps,"Los Angeles, Calif.",track-and-field,2023,34.0536909,-118.242766
Brett Bishop,DIS,"Henrico, Va.",track-and-field,2023,37.5131191,-77.3465081
Brigid McCabe,DIS,"Bayonne, N.J.",track-and-field,2023,40.6687141,-74.1143091
Caleb Gartner,DIS,"Falmouth, Mass.",track-and-field,2023,41.5514979,-70.6147519
Camille Clay,Throws,"Lincolnshire, Ill.",track-and-field,2023,42.1900249,-87.9084039
Camylin Blake,Sprints/Hurdles,"Bellmore, N.Y.",track-and-field,2023,40.653886,-73.5288194
Caroline Jankowich,MID,"Providence, R.I.",track-and-field,2023,41.8239891,-71.4128343
Caroline Schleif,MID,"Metuchen, N.J.",track-and-field,2023,40.5431598,-74.3632049
Caroline Schoen,DIS,"Flossmoor, Ill.",track-and-field,2023,41.5428123,-87.6847684
Charlie Siebert,DIS,"Wilmette, Ill.",track-and-field,2023,42.076066,-87.7115555
Clayton Boyce,Sprints,"Dallas, Texas",track-and-field,2023,32.7762719,-96.7968559
Daniela Quintero,MID,"Los Angeles, Calif.",track-and-field,2023,34.0536909,-118.242766
Devon Davey,Sprints,"Elkhorn, Wis.",track-and-field,2023,42.6719206,-88.543494
Eden Maxwell,,"Missoula, Mont.",track-and-field,2023,46.8701049,-113.995267
Edward Blaha,DIS,"Atlanta, Ga.",track-and-field,2023,33.7544657,-84.3898151
Elia Ton-That,DIS,"Chicago, Ill.",track-and-field,2023,41.8755616,-87.6244212
Emily Donovan,Throws,"West Hills, Calif.",track-and-field,2023,34.2032325,-118.645476
Farah Osman,DIS,"Brooklyn, N.Y.",track-and-field,2023,40.6526006,-73.9497211
Finneas Colescott,DIS,"Missoula, Mont.",track-and-field,2023,46.8701049,-113.995267
Fiona McKenna,Multis,"Fort Washington, Pa.",track-and-field,2023,40.1478532,-75.1897243
Fredericka Walker,Sprints,"Herndon, Va.",track-and-field,2023,38.9695316,-77.3859479
Gavin White,DIS,"Pinckney, Mich.",track-and-field,2023,42.4567013,-83.9463359
George Blaha,DIS,"Atlanta, Ga.",track-and-field,2023,33.7544657,-84.3898151
Grace Carr,MID,"Cumberland, R.I.",track-and-field,2023,41.9667656,-71.4328363
Haydn Brotschi,Sprint,"Chula Vista, Calif.",track-and-field,2023,32.6400541,-117.084195
Hudson Goldman,Sprints,"Los Angeles, Calif.",track-and-field,2023,34.0536909,-118.242766
Isabella Ford,DIS,"Kailua, Hawaii",track-and-field,2023,19.641941,-155.996933
Jack Bennett,DIS,"Portland, Ore.",track-and-field,2023,45.5202471,-122.674194
Jack Casey,DIS,"Cumberland, R.I.",track-and-field,2023,41.9667656,-71.4328363
Jacob Ireland,DIS,"Bronx, N.Y.",track-and-field,2023,40.8466508,-73.8785937
Jacob Van Orden,MID,"Pocatello, Id.",track-and-field,2023,42.8620287,-112.450627
Jada Mia Puryear,Throws,"Scotch Plains, N.J.",track-and-field,2023,40.65538,-74.3898732
Jaden Ebanks,Jumps,"Teaneck, N.J.",track-and-field,2023,40.8860164,-74.0072568
Jessica Thompson,Pole Vault,"Los Angeles, Calif.",track-and-field,2023,34.0536909,-118.242766
Jonah Aden,,"Nine Mile Falls, Wash.",track-and-field,2023,47.7767798,-117.5466863
Jordan Mathis,DIS,"Austin, Texas",track-and-field,2023,30.2711286,-97.7436995
Joshua Adams,Jumps,"Boca Raton, Fla.",track-and-field,2023,26.3586885,-80.0830984
Josiah Williams,Sprints,"Clayton, N.C.",track-and-field,2023,35.650711,-78.4563914
Justin Gottlieb,MID,"Harpers Ferry, W.Va.",track-and-field,2023,39.323418,-77.7319766
Justin O'Toole,MID,"Weston, Mass.",track-and-field,2023,42.3667625,-71.3031132
Kaitlynn Wolfe,DIS,"Blacksburg, Va.",track-and-field,2023,37.2296566,-80.4136767
Kali Long,Sprints,"Cambridge, Mass.",track-and-field,2023,42.3656347,-71.1040018
Kate Kuwahara,DIS,"Salt Lake City, Utah",track-and-field,2023,40.7596198,-111.886797
Katherine Price,DIS,"London, United Kingdom",track-and-field,2023,51.5074456,-0.1277653
Kaylee Bennett,Sprints,"Laurel, Md.",track-and-field,2023,39.0984317,-76.8485094
Keegan Li,Throws,"Chappaqua, N.Y.",track-and-field,2023,41.157284,-73.7676998
Kennedi Poullard,Sprints/Hurdles,"Houston, Texas",track-and-field,2023,29.7589382,-95.3676974
Kimmi Woods,Sprints,"Wilmington, Del.",track-and-field,2023,39.7459468,-75.546589
Lailah Malone,Throws,"Marietta, Ga.",track-and-field,2023,33.952845,-84.5496054
Leanna Johnston,DIS,"Glen Rock, N.J.",track-and-field,2023,40.9628758,-74.1329208
Lilly Bradley,DIS,"Boston, Mass.",track-and-field,2023,42.3588336,-71.0578303
Lucy Henkel,MID,"Wayne, Pa.",track-and-field,2023,41.6264414,-75.3045103
Maggie Bennett,DIS,"Portland, Ore.",track-and-field,2023,45.5202471,-122.674194
Marc Dabby,MID,"Miami, Fla.",track-and-field,2023,25.7741566,-80.1935973
Mary Caroline Heinen,DIS,"Richmond, Va.",track-and-field,2023,37.5385087,-77.43428
Mason McVey,PV,"Seattle, Wash.",track-and-field,2023,47.6038321,-122.330062
Matt Garrett,Sprints,"Charlotte, N.C.",track-and-field,2023,35.2272086,-80.8430827
Matt Gatune,DIS,"Woodside, Del.",track-and-field,2023,39.0715017,-75.5682584
Matthew Mazero,Sprints,"Haddonfield, N.J.",track-and-field,2023,39.8915022,-75.0376707
Max Comfere,Sprints,"Rochester, Minn.",track-and-field,2023,44.0234387,-92.4630182
McKinlee Morris,Throws,"St. Louis, Mo.",track-and-field,2023,38.6254063,-90.190009
Mia McIlwain,,"Laurel, Md.",track-and-field,2023,39.0984317,-76.8485094
Michael Danzi,DIS,"Smithtown, N.Y.",track-and-field,2023,40.8559314,-73.2006687
Michael Portale,Sprints,"Wilmington, Del.",track-and-field,2023,39.7459468,-75.546589
Michelle Lee,Jumps,"Demarest, N.J.",track-and-field,2023,40.9573205,-73.9634708
Myla Abernathy,MID,"Catonsville, Md.",track-and-field,2023,39.2609922,-76.7455478
Nanette Collins,Throws,"Cave Creek, Ariz.",track-and-field,2023,33.8333333,-111.950833
Naomi Toft,MID,"London, England",track-and-field,2023,51.5074456,-0.1277653
Nicholas Hayden,MID,"Suffolk, Va.",track-and-field,2023,36.7281341,-76.5834683
Nicolas Felix,,"Tustin, Calif.",track-and-field,2023,33.7458511,-117.826166
Nikki Vanasse,DIS,"Martinsville, N.J.",track-and-field,2023,40.6012136,-74.5590452
Norina Khanzada,Jumps,"Cliffside Park, N.J.",track-and-field,2023,40.8214894,-73.9876388
Obiora Okeke,Throws,"Hawthorne, Calif.",track-and-field,2023,33.9128272,-118.3426122
Olivia Schmitt,MID,"Lindenhurst, Ill.",track-and-field,2023,42.4105765,-88.0261911
Owen Lockyer,DIS,"St. Catharines, Ontario, Canada",track-and-field,2023,43.1579812,-79.2441003
Owen Nelson,DIS,"Seattle, Wash.",track-and-field,2023,47.6038321,-122.330062
Parker Kim,Throws,"Syosset, N.Y.",track-and-field,2023,40.814858,-73.5017966
Patrice Smith,Multi,"Pittsburgh, Pa.",track-and-field,2023,40.4406968,-80.0025666
Patrick Passalacqua,Throws,"Old Tappan, N.J.",track-and-field,2023,41.0106971,-73.9911073
Phoebe Anderson,DIS,"London, England",track-and-field,2023,51.5074456,-0.1277653
Quentin Ryan,DIS,"Havertown, Pa.",track-and-field,2023,39.9809452,-75.3085201
Rory Clare,MID,"Wellesley, Mass.",track-and-field,2023,42.2964859,-71.2925571
Ryan Borden,DIS,"South Riding, Va.",track-and-field,2023,38.9125645,-77.5109911
Seraiah Bruno,Jumps,"Spring, Texas",track-and-field,2023,30.070979,-95.4013419
Sevilla Duran,Sprints/Hurdles,"Albuquerque, N.M.",track-and-field,2023,35.0841034,-106.650985
Simon Skoumal,Throws,"Prague, Czech Republic",track-and-field,2023,50.0874654,14.4212535
Story Downing,MID,"Kansas City, Mo.",track-and-field,2023,39.100105,-94.5781416
Susan Jimenez,DIS,"Brooklyn, N.Y.",track-and-field,2023,40.6526006,-73.9497211
Sydney Goldson,Sprints,"Holmdell, N.J.",track-and-field,2023,40.3451095,-74.1840322
Sydney Loder,Sprints/Jumps,"Salem, Va.",track-and-field,2023,37.293198,-80.0556773
Talha Syed,DIS,"Canton, Mich.",track-and-field,2023,42.7269261,-84.6433146
Tess Darnell,Hurdles,"Keyport, N.J.",track-and-field,2023,40.4331631,-74.1995883
Toby Tan,Throws,"Fremont, Calif.",track-and-field,2023,37.5482697,-121.988571
Tyler Tubman,DIS,"Newton, Mass.",track-and-field,2023,42.3300435,-71.194862
Tyler Yen,Jumps,"Wellesley, Mass.",track-and-field,2023,42.2964859,-71.2925571
Victoria Schrubb,Jumps,"Wellington, Fla.",track-and-field,2023,26.6549551,-80.2375279
Walker Beverly,MID,"West Hartford, Conn.",track-and-field,2023,41.7620447,-72.7420399
Wonders Oguejiofor,MID,"Cypress, Texas",track-and-field,2023,29.9691116,-95.6971686
Yoosang Kim,Throws,"Suwanee, Ga.",track-and-field,2023,34.0514898,-84.0712997
Zach Willen,Sprints,"Lansdale, Pa.",track-and-field,2023,40.2414952,-75.2837862
Zariyah Braxton,Jumps,"Bay Shore, N.Y.",track-and-field,2023,40.7276525,-73.2435218
Zuriel Padua-Serrano,Throws,"Albrightsville, Pa.",track-and-field,2023,41.0164681,-75.613172
Adam Jaros,Decathlete,Czech Republic,track-and-field,2024,49.7439047,15.3381061
Adam MoeZaw,Throws,"Frederick, Md.",track-and-field,2024,39.415779,-77.4127562
Alex Tillock,MID,"O'Fallon, Ill.",track-and-field,2024,38.5922715,-89.9112124
Amara Onyeukwu,Sprints,"Austell, Ga.",track-and-field,2024,33.8126059,-84.6343783
Aminah Martin,Sprints/Hurdles,"Washington, D.C.",track-and-field,2024,38.8950982,-77.0363849
Anabelle Biggs,Jumps,"Vineyard Haven, Mass.",track-and-field,2024,41.4542914,-70.6038026
Annie Killian,MID DIS,"Phoenix, Ariz.",track-and-field,2024,33.4484367,-112.074141
Anthony Colucci,Throws,"Coventry, R.I.",track-and-field,2024,41.7000996,-71.6828444
Austin Rios-Colon,MID,"Washington, D.C.",track-and-field,2024,38.8950982,-77.0363849
Ava Thomas,DIS,"Haddonfield, N.J.",track-and-field,2024,39.8915022,-75.0376707
Avalyn Mostyn,Sprints,"Houston, Texas",track-and-field,2024,29.7589382,-95.3676974
Ben Bergey,DIS,"Cumming, Ga.",track-and-field,2024,34.2073196,-84.1401926
Benson Fleischer,Sprints/Jumps,"Los Angeles, Calif.",track-and-field,2024,34.0536909,-118.242766
Brayden Hill,DIS,"Lone Tree, Colo.",track-and-field,2024,39.5364152,-104.9041528
Brett Bishop,DIS,"Henrico, Va.",track-and-field,2024,37.5131191,-77.3465081
Brigid McCabe,DIS,"Bayonne, N.J.",track-and-field,2024,40.6687141,-74.1143091
Caden Cutchall,Sprints,"Dallas, Texas",track-and-field,2024,32.7762719,-96.7968559
Caleb Gartner,DIS,"Falmouth, Mass.",track-and-field,2024,41.5514979,-70.6147519
Camille Clay,Throws,"Lincolnshire, Ill.",track-and-field,2024,42.1900249,-87.9084039
Camylin Blake,Sprints/Hurdles,"Bellmore, N.Y.",track-and-field,2024,40.653886,-73.5288194
Caroline Adams,DIS,"Pittsburgh, Pa.",track-and-field,2024,40.4406968,-80.0025666
Caroline Jankowich,MID,"Providence, R.I.",track-and-field,2024,41.8239891,-71.4128343
Caroline Schleif,MID,"Metuchen, N.J.",track-and-field,2024,40.5431598,-74.3632049
Caroline Schoen,DIS,"Flossmoor, Ill.",track-and-field,2024,41.5428123,-87.6847684
Charlie Siebert,DIS,"Wilmette, Ill.",track-and-field,2024,42.076066,-87.7115555
Collin Moore,Jumps,"Bend, Ore.",track-and-field,2024,44.0581728,-121.3153096
Daniela Quintero,MID,"Los Angeles, Calif.",track-and-field,2024,34.0536909,-118.242766
Eden Maxwell,DIS,"Missoula, Mont.",track-and-field,2024,46.8701049,-113.995267
Edward Blaha,DIS,"Atlanta, Ga.",track-and-field,2024,33.7544657,-84.3898151
Elia Ton-That,DIS,"Chicago, Ill.",track-and-field,2024,41.8755616,-87.6244212
Emily Donovan,Throws,"West Hills, Calif.",track-and-field,2024,34.2032325,-118.645476
Farah Osman,DIS,"Brooklyn, N.Y.",track-and-field,2024,40.6526006,-73.9497211
Finneas Colescott,DIS,"Missoula, Mont.",track-and-field,2024,46.8701049,-113.995267
Fiona McKenna,Multis,"Fort Washington, Pa.",track-and-field,2024,40.1478532,-75.1897243
Gavin White,DIS,"Pinckney, Mich.",track-and-field,2024,42.4567013,-83.9463359
George Blaha,DIS,"Atlanta, Ga.",track-and-field,2024,33.7544657,-84.3898151
Grace Carr,MID,"Cumberland, R.I.",track-and-field,2024,41.9667656,-71.4328363
Harrison Goldenberg,Sprints,"Greenwich, Conn.",track-and-field,2024,41.0264862,-73.6284598
Haydn Brotschi,Sprint,"Chula Vista, Calif.",track-and-field,2024,32.6400541,-117.084195
Henry Koike-Sieira,DIS,"Brooklyn, N.Y.",track-and-field,2024,40.6526006,-73.9497211
Hudson Goldman,Sprints,"Los Angeles, Calif.",track-and-field,2024,34.0536909,-118.242766
Isabella Ford,DIS,"Kailua, Hawaii",track-and-field,2024,19.641941,-155.996933
Isabella Shertzer,MID DIS,"Lancaster, Pa.",track-and-field,2024,40.0379958,-76.3056707
Jack Bennett,DIS,"Portland, Ore.",track-and-field,2024,45.5202471,-122.674194
Jack Casey,DIS,"Cumberland, R.I.",track-and-field,2024,41.9667656,-71.4328363
Jacob Van Orden,MID,"Pocatello, Id.",track-and-field,2024,42.8620287,-112.450627
Jada Mia Puryear,Throws,"Scotch Plains, N.J.",track-and-field,2024,40.65538,-74.3898732
Jaden Ebanks,Jumps,"Teaneck, N.J.",track-and-field,2024,40.8860164,-74.0072568
Jessica Thompson,Pole Vault,"Los Angeles, Calif.",track-and-field,2024,34.0536909,-118.242766
Jonah Aden,DIS,"Nine Mile Falls, Wash.",track-and-field,2024,47.7767798,-117.5466863
Joshua Adams,Jumps,"Boca Raton, Fla.",track-and-field,2024,26.3586885,-80.0830984
Joshua Yoon,Jumps,"Cresskill, N.J.",track-and-field,2024,40.9414874,-73.9593041
Josiah Williams,Sprints,"Clayton, N.C.",track-and-field,2024,35.650711,-78.4563914
Josie Rempe,Sprints/Jumps/Hurdles,"Mechanicsville, Va.",track-and-field,2024,37.627722,-77.3538176
Justin Gottlieb,MID,"Harpers Ferry, W.Va.",track-and-field,2024,39.323418,-77.7319766
Kali Long,Sprints,"Cambridge, Mass.",track-and-field,2024,42.3656347,-71.1040018
Kambinachi Obioha,Sprints,"Wauconda, Ill.",track-and-field,2024,42.2589122,-88.1392474
Kate Kuwahara,DIS,"Salt Lake City, Utah",track-and-field,2024,40.7596198,-111.886797
Katherine Price,DIS,"London, United Kingdom",track-and-field,2024,51.5074456,-0.1277653
Kaylee Bennett,Sprints,"Laurel, Md.",track-and-field,2024,39.0984317,-76.8485094
Keegan Li,Throws,"Chappaqua, N.Y.",track-and-field,2024,41.157284,-73.7676998
Kennedi Poullard,Sprints/Hurdles,"Houston, Texas",track-and-field,2024,29.7589382,-95.3676974
Kylie Castillo,MID DIS,"Ridgefield, N.J.",track-and-field,2024,40.8342669,-74.0087505
Leanna Johnston,DIS,"Glen Rock, N.J.",track-and-field,2024,40.9628758,-74.1329208
Leigh Foran,MID DIS,"Westport, Conn.",track-and-field,2024,41.1414855,-73.3578955
Liam Wright,PV,"West Hartford, Conn.",track-and-field,2024,41.7620447,-72.7420399
Lilly Bradley,DIS,"Boston, Mass.",track-and-field,2024,42.3588336,-71.0578303
Lily Cregan,Throws,"Barrington, R.I.",track-and-field,2024,41.7407661,-71.3084633
Lucy Henkel,MID,"Wayne, Pa.",track-and-field,2024,41.6264414,-75.3045103
Lucy Markow,PV,"Seattle, Wash.",track-and-field,2024,47.6038321,-122.330062
Madison Williams,Jumps,"Middleton, N.Y.",track-and-field,2024,40.7022116,-73.9523029
Maggie Bennett,DIS,"Portland, Ore.",track-and-field,2024,45.5202471,-122.674194
Marc Dabby,MID,"Miami, Fla.",track-and-field,2024,25.7741566,-80.1935973
Mason McVey,PV,"Seattle, Wash.",track-and-field,2024,47.6038321,-122.330062
Matt Garrett,Sprints,"Charlotte, N.C.",track-and-field,2024,35.2272086,-80.8430827
Matt Gatune,DIS,"Woodside, Del.",track-and-field,2024,39.0715017,-75.5682584
Matthew Mazero,Sprints,"Haddonfield, N.J.",track-and-field,2024,39.8915022,-75.0376707
Max Comfere,Sprints,"Rochester, Minn.",track-and-field,2024,44.0234387,-92.4630182
Medrith Norman,Sprints/Hurdles,"Frankfort, Ky.",track-and-field,2024,38.2009055,-84.8732836
Mia McIlwain,Sprints,"Laurel, Md.",track-and-field,2024,39.0984317,-76.8485094
Michael Portale,Sprints,"Wilmington, Del.",track-and-field,2024,39.7459468,-75.546589
Myla Abernathy,MID,"Catonsville, Md.",track-and-field,2024,39.2609922,-76.7455478
Naomi Toft,MID,"London, England",track-and-field,2024,51.5074456,-0.1277653
Nathan West,Throws,"Rexford, N.Y.",track-and-field,2024,42.8526845,-73.8887417
Nicholas Hayden,MID,"Suffolk, Va.",track-and-field,2024,36.7281341,-76.5834683
Nicolas Felix,Sprints,"Tustin, Calif.",track-and-field,2024,33.7458511,-117.826166
Norina Khanzada,Jumps,"Cliffside Park, N.J.",track-and-field,2024,40.8214894,-73.9876388
Obiora Okeke,Throws,"Hawthorne, Calif.",track-and-field,2024,33.9128272,-118.3426122
Olivia Murray,DIS,"Livingston, N.J.",track-and-field,2024,40.7959335,-74.3148713
Olivia Sterling,Sprints,"Tampa, Fla.",track-and-field,2024,27.9449854,-82.4583107
Owen Lockyer,DIS,"St. Catharines, Ontario, Canada",track-and-field,2024,43.1579812,-79.2441003
Parker Kim,Throws,"Syosset, N.Y.",track-and-field,2024,40.814858,-73.5017966
Perry McElhinney,DIS,"Los Altos, Calif.",track-and-field,2024,37.3790629,-122.116578
Phoebe Anderson,DIS,"London, England",track-and-field,2024,51.5074456,-0.1277653
Quentin Ryan,DIS,"Havertown, Pa.",track-and-field,2024,39.9809452,-75.3085201
Rafaela Drake,Jumps,"Durham, N.C.",track-and-field,2024,35.996653,-78.9018053
Ralph Brown,DIS,"Munster, Ind.",track-and-field,2024,41.5644798,-87.5125412
Rocco Carpinello,Jumps,"West Islip, N.Y.",track-and-field,2024,40.7064515,-73.2987663
Rory Clare,MID,"Wellesley, Mass.",track-and-field,2024,42.2964859,-71.2925571
Ryan Borden,DIS,"South Riding, Va.",track-and-field,2024,38.9125645,-77.5109911
Ryan Son,DIS,"Wichita, Kan.",track-and-field,2024,37.6922361,-97.3375448
Scarlett Martin,DIS,"San Diego, Calif.",track-and-field,2024,32.7157062,-117.1638284
Sean O'Brien,Sprints/Hurdles,"Westfield, N.J.",track-and-field,2024,40.651726,-74.3483059
Seraiah Bruno,Jumps,"Spring, Texas",track-and-field,2024,30.070979,-95.4013419
Sid Karthodi,Sprints,"Skillman, N.J.",track-and-field,2024,40.4234145,-74.7077882
Simon Skoumal,Throws,"Prague, Czech Republic",track-and-field,2024,50.0874654,14.4212535
Sofia Fenton,DIS,"Tappan, N.Y.",track-and-field,2024,41.0248325,-73.9504523
Story Downing,MID,"Kansas City, Mo.",track-and-field,2024,39.100105,-94.5781416
Susan Jimenez,DIS,"Brooklyn, N.Y.",track-and-field,2024,40.6526006,-73.9497211
Sydney Goldson,Sprints,"Holmdell, N.J.",track-and-field,2024,40.3451095,-74.1840322
Talha Syed,DIS,"Canton, Mich.",track-and-field,2024,42.7269261,-84.6433146
Tess Darnell,Hurdles,"Keyport, N.J.",track-and-field,2024,40.4331631,-74.1995883
Toby Tan,Throws,"Fremont, Calif.",track-and-field,2024,37.5482697,-121.988571
Tyler Tubman,DIS,"Newton, Mass.",track-and-field,2024,42.3300435,-71.194862
Tyler Yen,Jumps,"Wellesley, Mass.",track-and-field,2024,42.2964859,-71.2925571
Victoria Schrubb,Jumps,"Wellington, Fla.",track-and-field,2024,26.6549551,-80.2375279
Viktoria Mihaylova,Jumps,"Brussels, Belgium",track-and-field,2024,50.8467372,4.352493
Walker Beverly,MID,"West Hartford, Conn.",track-and-field,2024,41.7620447,-72.7420399
Zach Willen,Sprints,"Lansdale, Pa.",track-and-field,2024,40.2414952,-75.2837862
Zariyah Braxton,Jumps,"Bay Shore, N.Y.",track-and-field,2024,40.7276525,-73.2435218
Zuriel Padua-Serrano,Throws,"Albrightsville, Pa.",track-and-field,2024,41.0164681,-75.613172
Adam Jaros,Decathlete,Czech Republic,track-and-field,2025,49.7439047,15.3381061
Adam MoeZaw,Throws,"Frederick, Md.",track-and-field,2025,39.415779,-77.4127562
Aminah Martin,Sprints/Hurdles,"Washington, D.C.",track-and-field,2025,38.8950982,-77.0363849
Annie Killian,MID DIS,"Phoenix, Ariz.",track-and-field,2025,33.4484367,-112.074141
Anthony Colucci,Throws,"Coventry, R.I.",track-and-field,2025,41.7000996,-71.6828444
Ashlyn Mundell,Sprints,"Casper, Wyo.",track-and-field,2025,42.8501191,-106.325138
Austin Rios-Colon,MID,"Washington, D.C.",track-and-field,2025,38.8950982,-77.0363849
Ava Malagisi,DIS,"Ridgefield, Conn.",track-and-field,2025,41.2814842,-73.4981792
Ava Thomas,DIS,"Haddonfield, N.J.",track-and-field,2025,39.8915022,-75.0376707
Avalyn Mostyn,Sprints,"Houston, Texas",track-and-field,2025,29.7589382,-95.3676974
Ben Bergey,DIS,"Cumming, Ga.",track-and-field,2025,34.2073196,-84.1401926
Ben Pizarro,DIS,"Wilmington, Del.",track-and-field,2025,39.7459468,-75.546589
Benson Fleischer,Sprints/Jumps,"Los Angeles, Calif.",track-and-field,2025,34.0536909,-118.242766
Brayden Hill,DIS,"Lone Tree, Colo.",track-and-field,2025,39.5364152,-104.9041528
Brett Bishop,DIS,"Henrico, Va.",track-and-field,2025,37.5131191,-77.3465081
Brynn Garcia,DIS,"San Juan Capistrano, Calif.",track-and-field,2025,33.5016932,-117.6625509
Caden Cutchall,Sprints,"Dallas, Texas",track-and-field,2025,32.7762719,-96.7968559
Cali Holliday,Throws,"Trenton, N.J.",track-and-field,2025,40.2203074,-74.7659
Camylin Blake,Sprints/Hurdles,"Bellmore, N.Y.",track-and-field,2025,40.653886,-73.5288194
Caroline Adams,DIS,"Pittsburgh, Pa.",track-and-field,2025,40.4406968,-80.0025666
Caroline Jankowich,MID,"Providence, R.I.",track-and-field,2025,41.8239891,-71.4128343
Caroline Schleif,MID,"Metuchen, N.J.",track-and-field,2025,40.5431598,-74.3632049
Caroline Schoen,DIS,"Flossmoor, Ill.",track-and-field,2025,41.5428123,-87.6847684
Christian Wilbon,Sprints,"Waldorf, Md.",track-and-field,2025,38.6023935,-76.9274072
Christopher Young,Hurdles,"Lambertville, N.J.",track-and-field,2025,40.3656188,-74.9454055
Collin Moore,Jumps,"Bend, Ore.",track-and-field,2025,44.0581728,-121.3153096
Dana Lehr,DIS,"Belmont, Mass.",track-and-field,2025,42.3959296,-71.1786655
Daniela Quintero,MID,"Los Angeles, Calif.",track-and-field,2025,34.0536909,-118.242766
Daphne Matthews,MID DIS,"Yukon, Okla.",track-and-field,2025,35.5067259,-97.7625386
Darren Pasek,DIS,"Saratoga Springs, N.Y.",track-and-field,2025,43.0822315,-73.785373
Eden Maxwell,DIS,"Missoula, Mont.",track-and-field,2025,46.8701049,-113.995267
Edward Blaha,DIS,"Atlanta, Ga.",track-and-field,2025,33.7544657,-84.3898151
Eleanor DeHoog,Throws,"Boston, Mass.",track-and-field,2025,42.3588336,-71.0578303
Elia Ton-That,DIS,"Chicago, Ill.",track-and-field,2025,41.8755616,-87.6244212
Ella Farley,Throws,"Niceville, Fla.",track-and-field,2025,30.5168639,-86.482172
Farah Osman,DIS,"Brooklyn, N.Y.",track-and-field,2025,40.6526006,-73.9497211
Finneas Colescott,DIS,"Missoula, Mont.",track-and-field,2025,46.8701049,-113.995267
Fiona McKenna,Multis,"Fort Washington, Pa.",track-and-field,2025,40.1478532,-75.1897243
Gavin Holcombe,PV,"Danville, Pa.",track-and-field,2025,40.9664806,-76.6131474
George Blaha,DIS,"Atlanta, Ga.",track-and-field,2025,33.7544657,-84.3898151
Grace Carr,MID,"Cumberland, R.I.",track-and-field,2025,41.9667656,-71.4328363
Harrison Goldenberg,Sprints,"Greenwich, Conn.",track-and-field,2025,41.0264862,-73.6284598
Haydn Brotschi,Sprint,"Chula Vista, Calif.",track-and-field,2025,32.6400541,-117.084195
Henry Koike-Sieira,DIS,"Brooklyn, N.Y.",track-and-field,2025,40.6526006,-73.9497211
Isabella Ford,DIS,"Kailua, Hawaii",track-and-field,2025,19.641941,-155.996933
Isabella Shertzer,MID DIS,"Lancaster, Pa.",track-and-field,2025,40.0379958,-76.3056707
Jack Casey,DIS,"Cumberland, R.I.",track-and-field,2025,41.9667656,-71.4328363
Jackson Downin,MID DIS,"Wilmington, Del.",track-and-field,2025,39.7459468,-75.546589
Jacob Van Orden,MID,"Pocatello, Id.",track-and-field,2025,42.8620287,-112.450627
Jada Mia Puryear,Throws,"Scotch Plains, N.J.",track-and-field,2025,40.65538,-74.3898732
Jessica Thompson,Pole Vault,"Los Angeles, Calif.",track-and-field,2025,34.0536909,-118.242766
Jonah Aden,DIS,"Nine Mile Falls, Wash.",track-and-field,2025,47.7767798,-117.5466863
Joshua Adams,Jumps,"Boca Raton, Fla.",track-and-field,2025,26.3586885,-80.0830984
Joshua Yoon,Jumps,"Cresskill, N.J.",track-and-field,2025,40.9414874,-73.9593041
Josiah Williams,Sprints,"Clayton, N.C.",track-and-field,2025,35.650711,-78.4563914
Josie Rempe,Sprints/Jumps/Hurdles,"Mechanicsville, Va.",track-and-field,2025,37.627722,-77.3538176
Justin Gottlieb,MID,"Harpers Ferry, W.Va.",track-and-field,2025,39.323418,-77.7319766
Kaila O'Connor,Sprints,"Jim Thorpe, Pa.",track-and-field,2025,40.8636074,-75.7386948
Katherine Price,DIS,"London, United Kingdom",track-and-field,2025,51.5074456,-0.1277653
Kaylee Bennett,Sprints,"Laurel, Md.",track-and-field,2025,39.0984317,-76.8485094
Kennedi Poullard,Sprints/Hurdles,"Houston, Texas",track-and-field,2025,29.7589382,-95.3676974
Kylie Castillo,MID DIS,"Ridgefield, N.J.",track-and-field,2025,40.8342669,-74.0087505
Leanna Johnston,DIS,"Glen Rock, N.J.",track-and-field,2025,40.9628758,-74.1329208
Leigh Foran,MID DIS,"Westport, Conn.",track-and-field,2025,41.1414855,-73.3578955
Liam Hanemann,DIS,"Atlanta, Ga.",track-and-field,2025,33.7544657,-84.3898151
Liam Wright,PV,"West Hartford, Conn.",track-and-field,2025,41.7620447,-72.7420399
Lily Cregan,Throws,"Barrington, R.I.",track-and-field,2025,41.7407661,-71.3084633
Lucy Henkel,MID,"Wayne, Pa.",track-and-field,2025,41.6264414,-75.3045103
Lucy Markow,PV,"Seattle, Wash.",track-and-field,2025,47.6038321,-122.330062
Lukas Malek,DIS,"Wilmington, N.C.",track-and-field,2025,34.2352853,-77.9487284
Madison Williams,Jumps,"Middleton, N.Y.",track-and-field,2025,40.7022116,-73.9523029
Maggie Bennett,DIS,"Portland, Ore.",track-and-field,2025,45.5202471,-122.674194
Maggie Boler,MID DIS,"Madison, N.J.",track-and-field,2025,40.7598227,-74.417097
Marc Dabby,MID,"Miami, Fla.",track-and-field,2025,25.7741566,-80.1935973
Marcus Blasucci,Throws,"Interlaken, N.J.",track-and-field,2025,40.2334459,-74.015693
Matt Gatune,DIS,"Woodside, Del.",track-and-field,2025,39.0715017,-75.5682584
Matthew Mazero,Sprints,"Haddonfield, N.J.",track-and-field,2025,39.8915022,-75.0376707
Max Comfere,Sprints,"Rochester, Minn.",track-and-field,2025,44.0234387,-92.4630182
Maya Helmen,Throws,"Clatskanie, Ore.",track-and-field,2025,46.1036879,-123.2048168
Medrith Norman,Sprints/Hurdles,"Frankfort, Ky.",track-and-field,2025,38.2009055,-84.8732836
Meredith Wolfe,DIS,"Round Rock, Texas",track-and-field,2025,30.5085915,-97.6788056
Mia Hoskins,Throws,"Coventry, R.I.",track-and-field,2025,41.7000996,-71.6828444
Mia McIlwain,Sprints,"Laurel, Md.",track-and-field,2025,39.0984317,-76.8485094
Michael Portale,Sprints,"Wilmington, Del.",track-and-field,2025,39.7459468,-75.546589
Michelle Lee,Jumps,"Demarest, N.J.",track-and-field,2025,40.9573205,-73.9634708
Mignonne de Beer,LJ,"Stellenbosch, South Africa",track-and-field,2025,-33.934444,18.869167
Moriah Luetjen,Sprints,"Shutesbury, Mass.",track-and-field,2025,42.4521519,-72.409797
Naomi Toft,MID,"London, England",track-and-field,2025,51.5074456,-0.1277653
Nathan West,Throws,"Rexford, N.Y.",track-and-field,2025,42.8526845,-73.8887417
Nicholas Hayden,MID,"Suffolk, Va.",track-and-field,2025,36.7281341,-76.5834683
Norina Khanzada,Jumps,"Cliffside Park, N.J.",track-and-field,2025,40.8214894,-73.9876388
Olivia Murray,DIS,"Livingston, N.J.",track-and-field,2025,40.7959335,-74.3148713
Olivia Sterling,Sprints,"Tampa, Fla.",track-and-field,2025,27.9449854,-82.4583107
Omolade Dada,Sprints,"League City, Texas",track-and-field,2025,29.5074538,-95.0949303
Parker Kim,Throws,"Syosset, N.Y.",track-and-field,2025,40.814858,-73.5017966
Perry McElhinney,DIS,"Los Altos, Calif.",track-and-field,2025,37.3790629,-122.116578
Quentin Ryan,DIS,"Havertown, Pa.",track-and-field,2025,39.9809452,-75.3085201
Rafaela Drake,Jumps,"Durham, N.C.",track-and-field,2025,35.996653,-78.9018053
Ralph Brown,DIS,"Munster, Ind.",track-and-field,2025,41.5644798,-87.5125412
Reena Hsieh,DIS,"Arcadia, Calif.",track-and-field,2025,34.1362075,-118.0401497
Rocco Carpinello,Jumps,"West Islip, N.Y.",track-and-field,2025,40.7064515,-73.2987663
Rory Clare,MID,"Wellesley, Mass.",track-and-field,2025,42.2964859,-71.2925571
Roya Amirhamzeh,Sprints,"Little Rock, Iowa",track-and-field,2025,43.4439816,-95.8831826
Ryan Power,DIS,"Alexandria, Va.",track-and-field,2025,38.8051095,-77.0470229
Ryan Son,DIS,"Wichita, Kan.",track-and-field,2025,37.6922361,-97.3375448
Scarlett Martin,DIS,"San Diego, Calif.",track-and-field,2025,32.7157062,-117.1638284
Sean O'Brien,Sprints/Hurdles,"Westfield, N.J.",track-and-field,2025,40.651726,-74.3483059
Seraiah Bruno,PV,"Spring, Texas",track-and-field,2025,30.070979,-95.4013419
Sid Karthodi,Sprints,"Skillman, N.J.",track-and-field,2025,40.4234145,-74.7077882
Simon Skoumal,Throws,"Prague, Czech Republic",track-and-field,2025,50.0874654,14.4212535
Sofia Fenton,DIS,"Tappan, N.Y.",track-and-field,2025,41.0248325,-73.9504523
Temoc Zamora,Hurdles,"Corpus Christi, Texas",track-and-field,2025,27.7635302,-97.4033191
Tibor Barankay,DIS,"Philadelphia, Pa.",track-and-field,2025,39.9527237,-75.1635262
Tyler Tubman,DIS,"Newton, Mass.",track-and-field,2025,42.3300435,-71.194862
Tyler Yen,Jumps,"Wellesley, Mass.",track-and-field,2025,42.2964859,-71.2925571
Viktoria Mihaylova,Jumps,"Brussels, Belgium",track-and-field,2025,50.8467372,4.352493
Walker Beverly,MID,"West Hartford, Conn.",track-and-field,2025,41.7620447,-72.7420399
Zach Willen,Sprints,"Lansdale, Pa.",track-and-field,2025,40.2414952,-75.2837862
Zahara Bernal,DIS,"Atlanta, Ga.",track-and-field,2025,33.7544657,-84.3898151
Zariyah Braxton,Jumps,"Bay Shore, N.Y.",track-and-field,2025,40.7276525,-73.2435218
Zayna Flynn,Multi,"Lincoln, Calif.",track-and-field,2025,38.8915741,-121.29318
Zuriel Padua-Serrano,Throws,"Albrightsville, Pa.",track-and-field,2025,41.0164681,-75.613172
Adam Jaros,Decathlete,Czech Republic,track-and-field,2026,49.7439047,15.3381061
Adrian Cami,Hurdles,"Demarest, N.J.",track-and-field,2026,40.9573205,-73.9634708
Amelia Alvazzi,DIS,"Boston, Mass.",track-and-field,2026,42.3588336,-71.0578303
Ananya Balaraman,DIS,"West Hills, Calif.",track-and-field,2026,34.2032325,-118.645476
Andrea Gross,Sprints,"Miami, Fla.",track-and-field,2026,25.7741566,-80.1935973
Anna Salter,DIS,"Hillsborough, Calif.",track-and-field,2026,37.557252,-122.362529
Annie Killian,MID DIS,"Phoenix, Ariz.",track-and-field,2026,33.4484367,-112.074141
Anthony Colucci,Throws,"Coventry, R.I.",track-and-field,2026,41.7000996,-71.6828444
Anya Mahorowala,Pole Vault,"Portland, Ore.",track-and-field,2026,45.5202471,-122.674194
Ashlyn Mundell,Sprints,"Casper, Wyo.",track-and-field,2026,42.8501191,-106.325138
Ava Malagisi,DIS,"Ridgefield, Conn.",track-and-field,2026,41.2814842,-73.4981792
Ben Bergey,DIS,"Cumming, Ga.",track-and-field,2026,34.2073196,-84.1401926
Ben Pizarro,DIS,"Wilmington, Del.",track-and-field,2026,39.7459468,-75.546589
Benson Fleischer,Sprints/Jumps,"Los Angeles, Calif.",track-and-field,2026,34.0536909,-118.242766
Brayden Hill,DIS,"Lone Tree, Colo.",track-and-field,2026,39.5364152,-104.9041528
Brynn Garcia,DIS,"San Juan Capistrano, Calif.",track-and-field,2026,33.5016932,-117.6625509
Caden Cutchall,Sprints,"Dallas, Texas",track-and-field,2026,32.7762719,-96.7968559
Cali Holliday,Throws,"Trenton, N.J.",track-and-field,2026,40.2203074,-74.7659
Caroline Adams,DIS,"Pittsburgh, Pa.",track-and-field,2026,40.4406968,-80.0025666
Caroline Jankowich,MID,"Providence, R.I.",track-and-field,2026,41.8239891,-71.4128343
Caroline Schoen,DIS,"Flossmoor, Ill.",track-and-field,2026,41.5428123,-87.6847684
Chris Bustamante,Multis,"Yonkers, N.Y.",track-and-field,2026,40.9312099,-73.8987469
Christian Wilbon,Sprints,"Waldorf, Md.",track-and-field,2026,38.6023935,-76.9274072
Christopher Young,Hurdles,"Lambertville, N.J.",track-and-field,2026,40.3656188,-74.9454055
Dana Lehr,DIS,"Belmont, Mass.",track-and-field,2026,42.3959296,-71.1786655
Darren Pasek,DIS,"Saratoga Springs, N.Y.",track-and-field,2026,43.0822315,-73.785373
Eden Maxwell,DIS,"Missoula, Mont.",track-and-field,2026,46.8701049,-113.995267
Eleanor DeHoog,Throws,"Boston, Mass.",track-and-field,2026,42.3588336,-71.0578303
Ella Farley,Throws,"Niceville, Fla.",track-and-field,2026,30.5168639,-86.482172
Ellie Daplyn,MID DIS,"Greenwich, Conn.",track-and-field,2026,41.0264862,-73.6284598
Ethan Williams,Jumps,"Houston, Texas",track-and-field,2026,29.7589382,-95.3676974
Finneas Colescott,DIS,"Missoula, Mont.",track-and-field,2026,46.8701049,-113.995267
Fiona McKenna,Multis,"Fort Washington, Pa.",track-and-field,2026,40.1478532,-75.1897243
Grace Carr,MID,"Cumberland, R.I.",track-and-field,2026,41.9667656,-71.4328363
Gracie Townsend,Hurdles,"Sydney, New South Wales, Australia",track-and-field,2026,-33.8698439,151.2082848
Harrison Goldenberg,Sprints,"Greenwich, Conn.",track-and-field,2026,41.0264862,-73.6284598
Henry Koike-Sieira,DIS,"Brooklyn, N.Y.",track-and-field,2026,40.6526006,-73.9497211
Isabella Ford,DIS,"Kailua, Hawaii",track-and-field,2026,19.641941,-155.996933
Isabella Shertzer,MID DIS,"Lancaster, Pa.",track-and-field,2026,40.0379958,-76.3056707
Jackson Downin,MID DIS,"Wilmington, Del.",track-and-field,2026,39.7459468,-75.546589
Jason McNicoll,Throws,"Overland Park, Kan.",track-and-field,2026,38.9742502,-94.6851702
Jessica Thompson,Pole Vault,"Los Angeles, Calif.",track-and-field,2026,34.0536909,-118.242766
Jonah Kim,PV,"Syosset, N.Y.",track-and-field,2026,40.814858,-73.5017966
Joshua Yoon,Jumps,"Cresskill, N.J.",track-and-field,2026,40.9414874,-73.9593041
Josie Rempe,Sprints/Jumps/Hurdles,"Mechanicsville, Va.",track-and-field,2026,37.627722,-77.3538176
Justin Gottlieb,MID,"Harpers Ferry, W.Va.",track-and-field,2026,39.323418,-77.7319766
Kaila O'Connor,Sprints,"Jim Thorpe, Pa.",track-and-field,2026,40.8636074,-75.7386948
Katherine Price,DIS,"London, United Kingdom",track-and-field,2026,51.5074456,-0.1277653
Kayla Ewing,Hurdles,"Morris Plains, N.J.",track-and-field,2026,40.8221007,-74.4811234
Kaylee Bennett,Sprints,"Laurel, Md.",track-and-field,2026,39.0984317,-76.8485094
Kela Noji,Sprints,"Seattle, Wash.",track-and-field,2026,47.6038321,-122.330062
Kenneth Ramdayal,Throws,"New Hyde Park, N.Y.",track-and-field,2026,40.7352157,-73.6883239
Kieran Boyle,Sprints,"Ridgefield, Conn.",track-and-field,2026,41.2814842,-73.4981792
Kylie Castillo,MID DIS,"Ridgefield, N.J.",track-and-field,2026,40.8342669,-74.0087505
Leanna Johnston,DIS,"Glen Rock, N.J.",track-and-field,2026,40.9628758,-74.1329208
Liam Hanemann,DIS,"Atlanta, Ga.",track-and-field,2026,33.7544657,-84.3898151
Liam Wright,PV,"West Hartford, Conn.",track-and-field,2026,41.7620447,-72.7420399
Lily Cregan,Throws,"Barrington, R.I.",track-and-field,2026,41.7407661,-71.3084633
Lucas Poliseno,MID DIS,"Bucks County, Pa.",track-and-field,2026,40.3451668,-75.1263909
Lucy Markow,PV,"Seattle, Wash.",track-and-field,2026,47.6038321,-122.330062
Lukas Malek,DIS,"Wilmington, N.C.",track-and-field,2026,34.2352853,-77.9487284
Madison Williams,Jumps,"Middleton, N.Y.",track-and-field,2026,40.7022116,-73.9523029
Maggie Bennett,DIS,"Portland, Ore.",track-and-field,2026,45.5202471,-122.674194
Maggie Boler,MID DIS,"Madison, N.J.",track-and-field,2026,40.7598227,-74.417097
Malia Martin,Throws,"Santa Clara, Calif.",track-and-field,2026,37.2333253,-121.6846349
Marc Dabby,MID,"Miami, Fla.",track-and-field,2026,25.7741566,-80.1935973
Marcus Blasucci,Throws,"Interlaken, N.J.",track-and-field,2026,40.2334459,-74.015693
Mateo Canga,DIS,"Norfolk, Va.",track-and-field,2026,36.8493695,-76.2899539
Maya Helmen,Throws,"Clatskanie, Ore.",track-and-field,2026,46.1036879,-123.2048168
Medrith Norman,Sprints/Hurdles,"Frankfort, Ky.",track-and-field,2026,38.2009055,-84.8732836
Meredith Wolfe,DIS,"Round Rock, Texas",track-and-field,2026,30.5085915,-97.6788056
Mia Hoskins,Throws,"Coventry, R.I.",track-and-field,2026,41.7000996,-71.6828444
Mignonne de Beer,LJ,"Stellenbosch, South Africa",track-and-field,2026,-33.934444,18.869167
Moriah Luetjen,Sprints,"Shutesbury, Mass.",track-and-field,2026,42.4521519,-72.409797
Nathan West,Throws,"Rexford, N.Y.",track-and-field,2026,42.8526845,-73.8887417
Nicholas Hayden,MID,"Suffolk, Va.",track-and-field,2026,36.7281341,-76.5834683
Norina Khanzada,Jumps,"Cliffside Park, N.J.",track-and-field,2026,40.8214894,-73.9876388
Olivia Murray,DIS,"Livingston, N.J.",track-and-field,2026,40.7959335,-74.3148713
Omolade Dada,Sprints,"League City, Texas",track-and-field,2026,29.5074538,-95.0949303
Parker Kim,Throws,"Syosset, N.Y.",track-and-field,2026,40.814858,-73.5017966
Quentin Ryan,DIS,"Havertown, Pa.",track-and-field,2026,39.9809452,-75.3085201
Rafaela Drake,Jumps,"Durham, N.C.",track-and-field,2026,35.996653,-78.9018053
Ralph Brown,DIS,"Munster, Ind.",track-and-field,2026,41.5644798,-87.5125412
Reena Hsieh,DIS,"Arcadia, Calif.",track-and-field,2026,34.1362075,-118.0401497
Richelle Wo,Hurdles,Hong Kong,track-and-field,2026,22.2818333,114.1582831
Rocco Carpinello,Jumps,"West Islip, N.Y.",track-and-field,2026,40.7064515,-73.2987663
Rohan Gazula,MID DIS,"Marietta, Ga.",track-and-field,2026,33.952845,-84.5496054
Roman D'Alfonso,Throws,"Newburgh, N.Y.",track-and-field,2026,41.5000767,-74.0098299
Roya Amirhamzeh,Sprints,"Little Rock, Iowa",track-and-field,2026,43.4439816,-95.8831826
Ryan Power,DIS,"Alexandria, Va.",track-and-field,2026,38.8051095,-77.0470229
Ryan Son,DIS,"Wichita, Kan.",track-and-field,2026,37.6922361,-97.3375448
Scarlett Martin,DIS,"San Diego, Calif.",track-and-field,2026,32.7157062,-117.1638284
Sean O'Brien,Sprints/Hurdles,"Westfield, N.J.",track-and-field,2026,40.651726,-74.3483059
Sid Karthodi,Sprints,"Skillman, N.J.",track-and-field,2026,40.4234145,-74.7077882
Sofia Fenton,DIS,"Tappan, N.Y.",track-and-field,2026,41.0248325,-73.9504523
Sophia Kono,Sprints,"Snoqualmie, Wash.",track-and-field,2026,47.5289527,-121.827093
Stephen Sziebert,DIS,"San Jose, Calif.",track-and-field,2026,37.3361663,-121.890591
Symone Thomas,Throws,"Houston, Texas",track-and-field,2026,29.7589382,-95.3676974
Temoc Zamora,Hurdles,"Corpus Christi, Texas",track-and-field,2026,27.7635302,-97.4033191
Teresina DeAscanis,DIS,"Wilmington, Del.",track-and-field,2026,39.7459468,-75.546589
Tibor Barankay,DIS,"Philadelphia, Pa.",track-and-field,2026,39.9527237,-75.1635262
Trent Thibault,DIS,"Lansing, N.Y.",track-and-field,2026,42.4851384,-76.4856208
Tyler Tubman,DIS,"Newton, Mass.",track-and-field,2026,42.3300435,-71.194862
Tyler Yen,Jumps,"Wellesley, Mass.",track-and-field,2026,42.2964859,-71.2925571
Tytan Johnson,MID DIS,"West Monroe, La.",track-and-field,2026,32.5184775,-92.1476353
Viktoria Mihaylova,Jumps,"Brussels, Belgium",track-and-field,2026,50.8467372,4.352493
Wells Peterson,DIS,"San Antonio, Texas",track-and-field,2026,29.4246002,-98.4951405
Zach Willen,Sprints,"Lansdale, Pa.",track-and-field,2026,40.2414952,-75.2837862
Zahara Bernal,DIS,"Atlanta, Ga.",track-and-field,2026,33.7544657,-84.3898151
Zayna Flynn,Multi,"Lincoln, Calif.",track-and-field,2026,38.8915741,-121.29318
Zuriel Padua-Serrano,Throws,"Albrightsville, Pa.",track-and-field,2026,41.0164681,-75.613172
Abby Lee,G/F,"West Monroe, La.",womens-basketball,2016,32.5184775,-92.1476353
Alexa Giuliano,G,"Hackettstown, N.J.",womens-basketball,2016,40.8538589,-74.8292553
Ara Talkov,G,"Swampscott, Mass.",womens-basketball,2016,42.4699241,-70.9171507
Camille Zimmerman,G/F,"Tempe, Ariz.",womens-basketball,2016,33.4255117,-111.940016
Carolyn Gallagher,F,"New York, N.Y.",womens-basketball,2016,40.7127281,-74.0060152
Devon Roeper,F/C,"San Diego, Calif.",womens-basketball,2016,32.7157062,-117.1638284
Emily Surloff,G/F,"Los Angeles, Calif.",womens-basketball,2016,34.0536909,-118.242766
Janiya Clemmons,G,"Accokeek, Md.",womens-basketball,2016,38.6622843,-76.9910333
Jillian Borreson,C,"Mt. City, Texas",womens-basketball,2016,43.1232954,-77.6190429
Josie Little,F,"San Francisco, Calif.",womens-basketball,2016,37.7879363,-122.4075201
Maya Sampleton,G,"Austin, Texas",womens-basketball,2016,30.2711286,-97.7436995
Paige Tippet,G,"League City, Texas",womens-basketball,2016,29.5074538,-95.0949303
Paulina Koerner,G,"Cologne, Germany",womens-basketball,2016,50.938361,6.959974
Sarah Elston,G/F,"Bannockburn, Ill.",womens-basketball,2016,42.1933581,-87.8664579
Stephanie Flynn,G/F,"Hanover, Mass.",womens-basketball,2016,42.1131572,-70.8119859
Tori Oliver,F,"Manassas, Va.",womens-basketball,2016,38.7509488,-77.4752667
Abby Lee,G/F,"West Monroe, La.",womens-basketball,2017,32.5184775,-92.1476353
Andrea McCormick,G,"Erie, Pa.",womens-basketball,2017,42.1294712,-80.0852695
Camille Zimmerman,G/F,"Tempe, Ariz.",womens-basketball,2017,33.4255117,-111.940016
Imani Whittington,G/F,"London, England",womens-basketball,2017,51.5074456,-0.1277653
Janiya Clemmons,G,"Accokeek, Md.",womens-basketball,2017,38.6622843,-76.9910333
Jillian Borreson,C,"Mt. City, Texas",womens-basketball,2017,43.1232954,-77.6190429
Josie Little,F,"San Francisco, Calif.",womens-basketball,2017,37.7879363,-122.4075201
Madison Pack,F/C,"Sarasota, Fla.",womens-basketball,2017,27.3365805,-82.5308545
Maya Sampleton,G,"Austin, Texas",womens-basketball,2017,30.2711286,-97.7436995
Paige Tippet,G,"League City, Texas",womens-basketball,2017,29.5074538,-95.0949303
Riley Casey,G,"Brentwood, Tenn.",womens-basketball,2017,36.0325687,-86.7825235
Sarah Elston,G/F,"Bannockburn, Ill.",womens-basketball,2017,42.1933581,-87.8664579
Stephanie Flynn,G/F,"Hanover, Mass.",womens-basketball,2017,42.1131572,-70.8119859
Abby Lee,G/F,"West Monroe, La.",womens-basketball,2018,32.5184775,-92.1476353
Andrea McCormick,G,"Erie, Pa.",womens-basketball,2018,42.1294712,-80.0852695
Hannah Pratt,F,"Boca Raton, Fla.",womens-basketball,2018,26.3586885,-80.0830984
Imani Whittington,G/F,"London, England",womens-basketball,2018,51.5074456,-0.1277653
Janiya Clemmons,G,"Accokeek, Md.",womens-basketball,2018,38.6622843,-76.9910333
Josie Little,,"San Francisco, Calif.",womens-basketball,2018,37.7879363,-122.4075201
Kallin Spiller,F,"Seattle, Wash.",womens-basketball,2018,47.6038321,-122.330062
Lilian Kennedy,G/F,"Buford, Ga.",womens-basketball,2018,34.1206564,-84.0043513
Madison Hardy,G,"Gaithersburg, Md.",womens-basketball,2018,39.1399187,-77.1929215
Madison Pack,F/C,"Sarasota, Fla.",womens-basketball,2018,27.3365805,-82.5308545
Maya Sampleton,G,"Austin, Texas",womens-basketball,2018,30.2711286,-97.7436995
Mikayla Markham,G,"Manasquan, N.J.",womens-basketball,2018,40.126226,-74.049304
Riley Casey,G,"Brentwood, Tenn.",womens-basketball,2018,36.0325687,-86.7825235
Sarah Elston,,"Bannockburn, Ill.",womens-basketball,2018,42.1933581,-87.8664579
Sienna Durr,G/F,"Grinnell, Iowa",womens-basketball,2018,41.7430237,-92.7239637
Stephanie Flynn,G/F,"Hanover, Mass.",womens-basketball,2018,42.1131572,-70.8119859
Sydney Brown,G/F,"Rexford, N.Y.",womens-basketball,2018,42.8526845,-73.8887417
Abbey Hsu,G,"Parkland, Fla.",womens-basketball,2019,26.3100794,-80.23727
Andrea McCormick,G,"Erie, Pa.",womens-basketball,2019,42.1294712,-80.0852695
Carly Rivera,G,"Arlington, Va.",womens-basketball,2019,38.8769326,-77.0893094
Hannah Pratt,F,"Boca Raton, Fla.",womens-basketball,2019,26.3586885,-80.0830984
Janiya Clemmons,G,"Accokeek, Md.",womens-basketball,2019,38.6622843,-76.9910333
Kaitlyn Davis,G/F,"Norwalk, Conn.",womens-basketball,2019,41.1175966,-73.4078968
Kallin Spiller,F,"Seattle, Wash.",womens-basketball,2019,47.6038321,-122.330062
Lilian Kennedy,G/F,"Buford, Ga.",womens-basketball,2019,34.1206564,-84.0043513
Madison Hardy,G,"Gaithersburg, Md.",womens-basketball,2019,39.1399187,-77.1929215
Madison Pack,F/C,"Sarasota, Fla.",womens-basketball,2019,27.3365805,-82.5308545
Mikayla Markham,G,"Manasquan, N.J.",womens-basketball,2019,40.126226,-74.049304
Riley Casey,G,"Brentwood, Tenn.",womens-basketball,2019,36.0325687,-86.7825235
Sienna Durr,G/F,"Grinnell, Iowa",womens-basketball,2019,41.7430237,-92.7239637
Abbey Hsu,G,"Parkland, Fla.",womens-basketball,2020,26.3100794,-80.23727
Andrea McCormick,G,"Erie, Pa.",womens-basketball,2020,42.1294712,-80.0852695
Carly Rivera,G,"Arlington, Va.",womens-basketball,2020,38.8769326,-77.0893094
Eden Gainer,G,"Wheeling, W.Va.",womens-basketball,2020,40.0639616,-80.7209149
Hannah Pratt,F,"Boca Raton, Fla.",womens-basketball,2020,26.3586885,-80.0830984
Kaitlyn Davis,G/F,"Norwalk, Conn.",womens-basketball,2020,41.1175966,-73.4078968
Kallin Spiller,F,"Seattle, Wash.",womens-basketball,2020,47.6038321,-122.330062
Lilian Kennedy,G/F,"Buford, Ga.",womens-basketball,2020,34.1206564,-84.0043513
Madison Hardy,G,"Gaithersburg, Md.",womens-basketball,2020,39.1399187,-77.1929215
Madison Pack,F/C,"Sarasota, Fla.",womens-basketball,2020,27.3365805,-82.5308545
Mary Lobon,F,"Valencia, Spain",womens-basketball,2020,39.4697065,-0.3763353
Mikayla Markham,G,"Manasquan, N.J.",womens-basketball,2020,40.126226,-74.049304
Nicole Stephens,G,"Pickerington, Ohio",womens-basketball,2020,39.8842304,-82.7535049
Paige Lauder,G/F,"Malvern, Pa.",womens-basketball,2020,40.036202,-75.5138959
Riley Casey,G,"Brentwood, Tenn.",womens-basketball,2020,36.0325687,-86.7825235
Sienna Durr,G/F,"Grinnell, Iowa",womens-basketball,2020,41.7430237,-92.7239637
Abbey Hsu,G,"Parkland, Fla.",womens-basketball,2021,26.3100794,-80.23727
Carly Rivera,G,"Arlington, Va.",womens-basketball,2021,38.8769326,-77.0893094
Eden Gainer,G,"Wheeling, W.Va.",womens-basketball,2021,40.0639616,-80.7209149
Hannah Pratt,F,"Boca Raton, Fla.",womens-basketball,2021,26.3586885,-80.0830984
Jaida Patrick,G,"West Haverstraw, N.Y.",womens-basketball,2021,41.2098301,-73.9857513
Kaitlyn Davis,G/F,"Norwalk, Conn.",womens-basketball,2021,41.1175966,-73.4078968
Kitty Henderson,G,"North Curl Curl, Australia",womens-basketball,2021,-33.7630002,151.2904773
Lilian Kennedy,G/F,"Buford, Ga.",womens-basketball,2021,34.1206564,-84.0043513
Madison Hardy,G,"Gaithersburg, Md.",womens-basketball,2021,39.1399187,-77.1929215
Mary Lobon,F,"Valencia, Spain",womens-basketball,2021,39.4697065,-0.3763353
Mikayla Markham,G,"Manasquan, N.J.",womens-basketball,2021,40.126226,-74.049304
Nicole Stephens,G,"Pickerington, Ohio",womens-basketball,2021,39.8842304,-82.7535049
Noa Comesaña,F/C,"Vigo, Spain",womens-basketball,2021,42.1986395,-8.727956
Paige Lauder,G/F,"Malvern, Pa.",womens-basketball,2021,40.036202,-75.5138959
Sienna Durr,G/F,"Grinnell, Iowa",womens-basketball,2021,41.7430237,-92.7239637
Abbey Hsu,G,"Parkland, Fla.",womens-basketball,2022,26.3100794,-80.23727
Carly Rivera,G,"Arlington, Va.",womens-basketball,2022,38.8769326,-77.0893094
Hannah Pratt,F,"Boca Raton, Fla.",womens-basketball,2022,26.3586885,-80.0830984
Jaida Patrick,G,"West Haverstraw, N.Y.",womens-basketball,2022,41.2098301,-73.9857513
Kaitlyn Davis,G/F,"Norwalk, Conn.",womens-basketball,2022,41.1175966,-73.4078968
Kitty Henderson,G,"North Curl Curl, Australia",womens-basketball,2022,-33.7630002,151.2904773
Lilian Kennedy,G/F,"Buford, Ga.",womens-basketball,2022,34.1206564,-84.0043513
Madison Hardy,G,"Gaithersburg, Md.",womens-basketball,2022,39.1399187,-77.1929215
Mary Lobon,F,"Valencia, Spain",womens-basketball,2022,39.4697065,-0.3763353
Nicole Stephens,G,"Pickerington, Ohio",womens-basketball,2022,39.8842304,-82.7535049
Noa Comesaña,F/C,"Vigo, Spain",womens-basketball,2022,42.1986395,-8.727956
Paige Lauder,G/F,"Malvern, Pa.",womens-basketball,2022,40.036202,-75.5138959
Perri Page,G/F,"Pittsburgh, Pa.",womens-basketball,2022,40.4406968,-80.0025666
Sienna Durr,G/F,"Grinnell, Iowa",womens-basketball,2022,41.7430237,-92.7239637
Susie Rafiu,F,"Ipswich, England",womens-basketball,2022,52.0579324,1.1528095
Abbey Hsu,G,"Parkland, Fla.",womens-basketball,2023,26.3100794,-80.23727
Ava Sciolla,G,"Fairless Hills, Pa.",womens-basketball,2023,40.178142,-74.8564446
Blau Tor,G/F,"Barcelona, Spain",womens-basketball,2023,41.3825802,2.177073
Cecelia Collins,G,"Scranton, Pa.",womens-basketball,2023,41.4086874,-75.6621294
Emily Montes,G,"Miami, Fla.",womens-basketball,2023,25.7741566,-80.1935973
Fliss Henderson,G,"North Curl Curl, Australia",womens-basketball,2023,-33.7630002,151.2904773
Habti Calvo,G,"Madrid, Spain",womens-basketball,2023,40.416782,-3.703507
Kitty Henderson,G,"North Curl Curl, Australia",womens-basketball,2023,-33.7630002,151.2904773
Mary Lobon,F,"Valencia, Spain",womens-basketball,2023,39.4697065,-0.3763353
Nicole Stephens,G,"Pickerington, Ohio",womens-basketball,2023,39.8842304,-82.7535049
Paige Lauder,G/F,"Malvern, Pa.",womens-basketball,2023,40.036202,-75.5138959
Perri Page,G/F,"Pittsburgh, Pa.",womens-basketball,2023,40.4406968,-80.0025666
Riley Weiss,G,"Hewlett, N.Y.",womens-basketball,2023,40.641438,-73.6929671
Susie Rafiu,F,"Ipswich, England",womens-basketball,2023,52.0579324,1.1528095
Blau Tor,G/F,"Barcelona, Spain",womens-basketball,2024,41.3825802,2.177073
Cecelia Collins,G,"Scranton, Pa.",womens-basketball,2024,41.4086874,-75.6621294
Emily Montes,G,"Miami, Fla.",womens-basketball,2024,25.7741566,-80.1935973
Kitty Henderson,G,"North Curl Curl, Australia",womens-basketball,2024,-33.7630002,151.2904773
Marija Avlijas,G,"Belgrade, Serbia",womens-basketball,2024,44.8153318,20.4456588
Marta Jaama,F/C,"Tallinn, Estonia",womens-basketball,2024,59.437242,24.7572693
María Arrebola,G/F,"Almería, Spain",womens-basketball,2024,36.8685739,-2.3120282
Mia Broom,G,"Seattle, Wash.",womens-basketball,2024,47.6038321,-122.330062
Nasi Simmons,G,"Brockton, Mass.",womens-basketball,2024,42.0834335,-71.0183787
Perri Page,G/F,"Pittsburgh, Pa.",womens-basketball,2024,40.4406968,-80.0025666
Riley Weiss,G,"Hewlett, N.Y.",womens-basketball,2024,40.641438,-73.6929671
Susie Rafiu,F,"Ipswich, England",womens-basketball,2024,52.0579324,1.1528095
Alicia Mitchell,F,"Springfield, Mass.",womens-basketball,2025,42.1018764,-72.5886727
Blau Tor,G/F,"Barcelona, Spain",womens-basketball,2025,41.3825802,2.177073
Eirny Erinugha,F,"Calgary, Alberta, Canada",womens-basketball,2025,51.0456064,-114.057541
Fliss Henderson,G,"North Curl Curl, Australia",womens-basketball,2025,-33.7630002,151.2904773
Hilke Feldrappe,F,"Berlin, Germany",womens-basketball,2025,52.5173885,13.3951309
Marija Avlijas,G,"Belgrade, Serbia",womens-basketball,2025,44.8153318,20.4456588
Marta Jaama,F/C,"Tallinn, Estonia",womens-basketball,2025,59.437242,24.7572693
María Arrebola,G/F,"Almería, Spain",womens-basketball,2025,36.8685739,-2.3120282
Mia Broom,G,"Seattle, Wash.",womens-basketball,2025,47.6038321,-122.330062
Nasi Simmons,G,"Brockton, Mass.",womens-basketball,2025,42.0834335,-71.0183787
Perri Page,G/F,"Pittsburgh, Pa.",womens-basketball,2025,40.4406968,-80.0025666
Riley Weiss,G,"Hewlett, N.Y.",womens-basketball,2025,40.641438,-73.6929671
Shay Shippen,G,"Idaho Falls, Idaho",womens-basketball,2025,43.4887907,-112.03628
Susie Rafiu,F,"Ipswich, England",womens-basketball,2025,52.0579324,1.1528095
Vasiliki Cholopoulou,G,"Kozani, Greece",womens-basketball,2025,40.3007259,21.7883119
Alicia Mitchell,F,"Springfield, Mass.",womens-basketball,2026,42.1018764,-72.5886727
Blau Tor,G/F,"Barcelona, Spain",womens-basketball,2026,41.3825802,2.177073
Chloe Dix,G,"Sydney, Australia",womens-basketball,2026,-33.8698439,151.2082848
Chloe Vella,F,"London, England",womens-basketball,2026,51.5074456,-0.1277653
Eirny Erinugha,F,"Calgary, Alberta, Canada",womens-basketball,2026,51.0456064,-114.057541
Fliss Henderson,G,"North Curl Curl, Australia",womens-basketball,2026,-33.7630002,151.2904773
Hilke Feldrappe,F,"Berlin, Germany",womens-basketball,2026,52.5173885,13.3951309
Marija Avlijas,G,"Belgrade, Serbia",womens-basketball,2026,44.8153318,20.4456588
Marta Jaama,F/C,"Tallinn, Estonia",womens-basketball,2026,59.437242,24.7572693
Mary Ashley Stevenson,F,"New York, N.Y.",womens-basketball,2026,40.7127281,-74.0060152
Mathis Dritz,G/F,"Westlake Village, Calif.",womens-basketball,2026,34.1460234,-118.8061794
Mia Broom,G,"Seattle, Wash.",womens-basketball,2026,47.6038321,-122.330062
Nasi Simmons,G,"Brockton, Mass.",womens-basketball,2026,42.0834335,-71.0183787
Riley Weiss,G,"Hewlett, N.Y.",womens-basketball,2026,40.641438,-73.6929671
Amy Ding,,"Lexington, Mass.",womens-golf,2016,42.4473175,-71.2245003
Camilla Vik,,"Greenwich, Conn.",womens-golf,2016,41.0264862,-73.6284598
Emily Chu,,"Ancaster, Ontario, Canada",womens-golf,2016,43.225693,-79.976692
Jackie Chulya,,"Bangkok, Thailand",womens-golf,2016,13.7524938,100.4935089
Nancy Xu,,"Sunnyvale, Calif.",womens-golf,2016,37.3688301,-122.036349
Rachel Shi,,"Vancouver, B.C.",womens-golf,2016,49.2608724,-123.113952
Ridhima Dilawari,,"New Delhi, India",womens-golf,2016,28.6138954,77.2090057
Amy Ding,,"Lexington, Mass.",womens-golf,2017,42.4473175,-71.2245003
Emily Chu,,"Ancaster, Ontario, Canada",womens-golf,2017,43.225693,-79.976692
Katie Lee,,"Ringoes, N.J.",womens-golf,2017,40.4324345,-74.8764938
Kim Chiang,,"Dubai, United Arab Emirates",womens-golf,2017,25.0742823,55.1885624
Nancy Xu,,"Sunnyvale, Calif.",womens-golf,2017,37.3688301,-122.036349
Qingyi Symba Xu,,"San Diego, Calif.",womens-golf,2017,32.7157062,-117.1638284
Alexis Florio,,"Cranston, R.I.",womens-golf,2018,41.779588,-71.4366813
Amy Ding,,"Lexington, Mass.",womens-golf,2018,42.4473175,-71.2245003
Emily Chu,,"Ancaster, Ontario, Canada",womens-golf,2018,43.225693,-79.976692
Jennifer Wang,,"Solon, Ohio",womens-golf,2018,41.3897764,-81.4412259
Katie Lee,,"Ringoes, N.J.",womens-golf,2018,40.4324345,-74.8764938
Kim Chiang,,"Dubai, United Arab Emirates",womens-golf,2018,25.0742823,55.1885624
Marlene Tartaro,,"Warren, N.J.",womens-golf,2018,40.8602222,-74.9720493
Qingyi Symba Xu,,"San Diego, Calif.",womens-golf,2018,32.7157062,-117.1638284
Alexis Florio,,"Cranston, R.I.",womens-golf,2019,41.779588,-71.4366813
Annie Sun,,"Beijing, China",womens-golf,2019,39.9057136,116.3912972
Christine Shao,,"Green Brook, N.J.",womens-golf,2019,40.636698,-74.4148437
Emily Chu,,"Ancaster, Ontario, Canada",womens-golf,2019,43.225693,-79.976692
Jennifer Wang,,"Solon, Ohio",womens-golf,2019,41.3897764,-81.4412259
Katie Lee,,"Ringoes, N.J.",womens-golf,2019,40.4324345,-74.8764938
Marlene Tartaro,,"Warren, N.J.",womens-golf,2019,40.8602222,-74.9720493
Alexis Florio,,"Cranston, R.I.",womens-golf,2020,41.779588,-71.4366813
Allison Paik,,"Providence, R.I.",womens-golf,2020,41.8239891,-71.4128343
Anne Walsh,,"Boston, Mass.",womens-golf,2020,42.3588336,-71.0578303
Annie Sun,,"Beijing, China",womens-golf,2020,39.9057136,116.3912972
Christine Shao,,"Green Brook, N.J.",womens-golf,2020,40.636698,-74.4148437
Jennifer Wang,,"Solon, Ohio",womens-golf,2020,41.3897764,-81.4412259
Katie Lee,,"Ringoes, N.J.",womens-golf,2020,40.4324345,-74.8764938
Marlene Tartaro,,"Warren, N.J.",womens-golf,2020,40.8602222,-74.9720493
Alexis Florio,,"Cranston, R.I.",womens-golf,2021,41.779588,-71.4366813
Allison Paik,,"Providence, R.I.",womens-golf,2021,41.8239891,-71.4128343
Anne Walsh,,"Boston, Mass.",womens-golf,2021,42.3588336,-71.0578303
Annie Sun,,"Beijing, China",womens-golf,2021,39.9057136,116.3912972
Christine Shao,,"Green Brook, N.J.",womens-golf,2021,40.636698,-74.4148437
Jennifer Wang,,"Solon, Ohio",womens-golf,2021,41.3897764,-81.4412259
Marlene Tartaro,,"Warren, N.J.",womens-golf,2021,40.8602222,-74.9720493
Paige Harrison,,"Castaic, Calif.",womens-golf,2021,34.478169,-118.6361914
Taylor Zeng,,"Windermere, Fla.",womens-golf,2021,28.4944695,-81.5345547
Allison Paik,,"Providence, R.I.",womens-golf,2022,41.8239891,-71.4128343
Anne Walsh,,"Boston, Mass.",womens-golf,2022,42.3588336,-71.0578303
Annie Sun,,"Beijing, China",womens-golf,2022,39.9057136,116.3912972
Christine Shao,,"Green Brook, N.J.",womens-golf,2022,40.636698,-74.4148437
Emma Shen,,"Demarest, N.J.",womens-golf,2022,40.9573205,-73.9634708
Paige Harrison,,"Castaic, Calif.",womens-golf,2022,34.478169,-118.6361914
Yoko Tai,,Singapore,womens-golf,2022,1.357107,103.8194992
Allison Paik,,"Providence, R.I.",womens-golf,2023,41.8239891,-71.4128343
Angela Zhang,,"Vancouver, Canada",womens-golf,2023,49.2608724,-123.113952
Anne Walsh,,"Boston, Mass.",womens-golf,2023,42.3588336,-71.0578303
Ava Zeng,,"Windermere, Fla.",womens-golf,2023,28.4944695,-81.5345547
Emma Shen,,"Demarest, N.J.",womens-golf,2023,40.9573205,-73.9634708
Lauren Lee,,"Los Angeles, Calif.",womens-golf,2023,34.0536909,-118.242766
Paige Harrison,,"Castaic, Calif.",womens-golf,2023,34.478169,-118.6361914
Yoko Tai,,Singapore,womens-golf,2023,1.357107,103.8194992
Christine Chang,,"Auburn, Ala.",womens-golf,2024,32.6098566,-85.4807825
Emily Luo,,"Danville, Calif.",womens-golf,2024,37.8225892,-122.0008254
Emma Shen,,"Demarest, N.J.",womens-golf,2024,40.9573205,-73.9634708
Lauren Lee,,"Los Angeles, Calif.",womens-golf,2024,34.0536909,-118.242766
Paige Harrison,,"Castaic, Calif.",womens-golf,2024,34.478169,-118.6361914
Sarah Shao,,"Green Brook, N.J.",womens-golf,2024,40.636698,-74.4148437
Yoko Tai,,Singapore,womens-golf,2024,1.357107,103.8194992
Bridget Chantharath,,"Irvine, Calif.",womens-golf,2025,33.6856969,-117.825981
Camille Thai,,"Los Altos, Calif.",womens-golf,2025,37.3790629,-122.116578
Christine Chang,,"Auburn, Ala.",womens-golf,2025,32.6098566,-85.4807825
Emily Luo,,"Danville, Calif.",womens-golf,2025,37.8225892,-122.0008254
Emily Zeng,,"Beijing, China",womens-golf,2025,39.9057136,116.3912972
Emma Shen,,"Demarest, N.J.",womens-golf,2025,40.9573205,-73.9634708
Kristina Xu,,"Claremont, Calif.",womens-golf,2025,34.0966764,-117.7197785
Lauren Lee,,"Los Angeles, Calif.",womens-golf,2025,34.0536909,-118.242766
Sarah Shao,,"Green Brook, N.J.",womens-golf,2025,40.636698,-74.4148437
Yoko Tai,,Singapore,womens-golf,2025,1.357107,103.8194992
Bridget Chantharath,,"Irvine, Calif.",womens-golf,2026,33.6856969,-117.825981
Camille Thai,,"Los Altos, Calif.",womens-golf,2026,37.3790629,-122.116578
Christine Chang,,"Auburn, Ala.",womens-golf,2026,32.6098566,-85.4807825
Coco Wang,,"Harbin, China",womens-golf,2026,45.7593633,126.6276177
Emily Luo,,"Danville, Calif.",womens-golf,2026,37.8225892,-122.0008254
Emily Zeng,,"Beijing, China",womens-golf,2026,39.9057136,116.3912972
Juliana Hong,,"Norman, Okla.",womens-golf,2026,35.2225717,-97.4394816
Kristina Xu,,"Claremont, Calif.",womens-golf,2026,34.0966764,-117.7197785
Lauren Lee,,"Los Angeles, Calif.",womens-golf,2026,34.0536909,-118.242766
Mariah Brownhill,,"New York, N.Y.",womens-golf,2026,40.7127281,-74.0060152
Sarah Shao,,"Green Brook, N.J.",womens-golf,2026,40.636698,-74.4148437
Abby Roberts,GK,"North Attleboro, Mass.",womens-lacrosse,2016,41.9841334,-71.3322798
Alyssa Adamo,D,"Bohemia, N.Y.",womens-lacrosse,2016,40.770609,-73.1200703
Brailey Faris,M,"Orlando, Fla.",womens-lacrosse,2016,28.5421218,-81.379045
Caroline Joy,M/A,"Baltimore, Md.",womens-lacrosse,2016,39.2908816,-76.610759
Caroline Thompson,D,"Winnetka, Ill.",womens-lacrosse,2016,42.1080703,-87.7365286
Carolyn Mann,A,"Lancaster, Pa.",womens-lacrosse,2016,40.0379958,-76.3056707
Cassie Hertzig,M,"Annapolis, Md.",womens-lacrosse,2016,38.9786401,-76.492786
Emily Manville,A/M,"New Westminster, Canada",womens-lacrosse,2016,49.2067726,-122.9108818
Emily Velez,A,"Roswell, Ga.",womens-lacrosse,2016,34.02332,-84.360022
Fallon Quinn,M,"Wayne, Pa.",womens-lacrosse,2016,41.6264414,-75.3045103
Katharine Berdy,D,"Ellicott City, Md.",womens-lacrosse,2016,39.2757359,-76.8317417
Kathryn Cavallo,D,"Alexandria, Va.",womens-lacrosse,2016,38.8051095,-77.0470229
Kelsey Gedin,GK,"Kinsale, Va.",womens-lacrosse,2016,38.0295744,-76.580789
Laine Parsons,M,"Wilton, Conn.",womens-lacrosse,2016,41.1953739,-73.4378988
Lindsey Ewertsen,A/M,"Montclair, N.J.",womens-lacrosse,2016,40.8164458,-74.2210643
Madeleine Stuzin,D,"Baltimore, Md.",womens-lacrosse,2016,39.2908816,-76.610759
Mariel Teague,M,"Scituate, Mass.",womens-lacrosse,2016,42.1924492,-70.7261966
Michaela O'Connor,D,"Concord, N.H.",womens-lacrosse,2016,43.207178,-71.537476
Nicole Kalamaras,A,"Mountain Lakes, N.J.",womens-lacrosse,2016,40.8948212,-74.4329314
Orna Madigan,A/M,"Chatham, N.J.",womens-lacrosse,2016,40.7409242,-74.3836711
Rachel Kline,D,"Liverpool, N.Y.",womens-lacrosse,2016,43.106456,-76.217705
Regan Steed,M,"Fairfield, Conn.",womens-lacrosse,2016,41.1412078,-73.2637258
Sara Ruzzi,M/D,"Arnold, Md.",womens-lacrosse,2016,39.0422935,-76.504059
Sarah Goode,D,"Alexandria, Va.",womens-lacrosse,2016,38.8051095,-77.0470229
Sarah Nick,A,"Denver, Colo.",womens-lacrosse,2016,39.7392364,-104.984862
Taylor Quinn,M,"Radnor, Pa.",womens-lacrosse,2016,40.0448619,-75.3594728
Victoria Kalamaras,A,"Mountain Lakes, N.J.",womens-lacrosse,2016,40.8948212,-74.4329314
Abby Roberts,GK,"North Attleboro, Mass.",womens-lacrosse,2017,41.9841334,-71.3322798
Alexandria Absey,A,"Ridgewood, N.J.",womens-lacrosse,2017,40.9796683,-74.1194403
Alison Schwasnick,M,"Baldwin, N.Y.",womens-lacrosse,2017,40.6534835,-73.6113502
Alyssa Adamo,D,"Bohemia, N.Y.",womens-lacrosse,2017,40.770609,-73.1200703
Brailey Faris,M,"Orlando, Fla.",womens-lacrosse,2017,28.5421218,-81.379045
Cara Jones,D,"Wayland, Mass.",womens-lacrosse,2017,42.3632063,-71.3606721
Caroline Thompson,D,"Winnetka, Ill.",womens-lacrosse,2017,42.1080703,-87.7365286
Carolyn Mann,A,"Lancaster, Pa.",womens-lacrosse,2017,40.0379958,-76.3056707
Cassie Hertzig,M,"Annapolis, Md.",womens-lacrosse,2017,38.9786401,-76.492786
Chelsea Witteck,A,"Smithtown, N.Y.",womens-lacrosse,2017,40.8559314,-73.2006687
Devon Stuzin,M,"Baltimore, Md.",womens-lacrosse,2017,39.2908816,-76.610759
Emily Manville,A/M,"New Westminster, Canada",womens-lacrosse,2017,49.2067726,-122.9108818
Emily Velez,A,"Roswell, Ga.",womens-lacrosse,2017,34.02332,-84.360022
Fallon Quinn,M,"Wayne, Pa.",womens-lacrosse,2017,41.6264414,-75.3045103
Isobel Miles,D,"London, U.K.",womens-lacrosse,2017,-8.8162775,115.1541201
Katharine Berdy,D,"Ellicott City, Md.",womens-lacrosse,2017,39.2757359,-76.8317417
Kathryn Cavallo,D,"Alexandria, Va.",womens-lacrosse,2017,38.8051095,-77.0470229
Kelsey Gedin,GK,"Kinsale, Va.",womens-lacrosse,2017,38.0295744,-76.580789
Kruti Sutaria,GK,"Ardsley, N.Y.",womens-lacrosse,2017,41.0114017,-73.8466414
Laine Parsons,M,"Wilton, Conn.",womens-lacrosse,2017,41.1953739,-73.4378988
Leah Jones,D,"Wayland, Mass.",womens-lacrosse,2017,42.3632063,-71.3606721
Lindsey Ewertsen,A/M,"Montclair, N.J.",womens-lacrosse,2017,40.8164458,-74.2210643
Madeleine Stuzin,D,"Baltimore, Md.",womens-lacrosse,2017,39.2908816,-76.610759
Nicole Kalamaras,A,"Mountain Lakes, N.J.",womens-lacrosse,2017,40.8948212,-74.4329314
Orna Madigan,A/M,"Chatham, N.J.",womens-lacrosse,2017,40.7409242,-74.3836711
Regan Steed,M,"Fairfield, Conn.",womens-lacrosse,2017,41.1412078,-73.2637258
Sarah Goode,D,"Alexandria, Va.",womens-lacrosse,2017,38.8051095,-77.0470229
Sarah Nick,A,"Denver, Colo.",womens-lacrosse,2017,39.7392364,-104.984862
Stella Spotts,M/D,"Summit, N.J.",womens-lacrosse,2017,40.7182356,-74.3592296
Victoria Kalamaras,A,"Mountain Lakes, N.J.",womens-lacrosse,2017,40.8948212,-74.4329314
Abby Roberts,GK,"North Attleboro, Mass.",womens-lacrosse,2018,41.9841334,-71.3322798
Alexandria Absey,A,"Ridgewood, N.J.",womens-lacrosse,2018,40.9796683,-74.1194403
Alison Schwasnick,M,"Baldwin, N.Y.",womens-lacrosse,2018,40.6534835,-73.6113502
Alyssa Adamo,D,"Bohemia, N.Y.",womens-lacrosse,2018,40.770609,-73.1200703
Ava Spotts,A,"Summit, N.J.",womens-lacrosse,2018,40.7182356,-74.3592296
Brailey Faris,M,"Orlando, Fla.",womens-lacrosse,2018,28.5421218,-81.379045
Cara Jones,D,"Wayland, Mass.",womens-lacrosse,2018,42.3632063,-71.3606721
Caroline Thompson,M/D,"Winnetka, Ill.",womens-lacrosse,2018,42.1080703,-87.7365286
Chelsea Witteck,A,"Smithtown, N.Y.",womens-lacrosse,2018,40.8559314,-73.2006687
Devon Stuzin,M,"Baltimore, Md.",womens-lacrosse,2018,39.2908816,-76.610759
Emily Manville,A,"New Westminster, Canada",womens-lacrosse,2018,49.2067726,-122.9108818
Fallon Quinn,M,"Wayne, Pa.",womens-lacrosse,2018,41.6264414,-75.3045103
Isobel Miles,D,"London, U.K.",womens-lacrosse,2018,-8.8162775,115.1541201
Kate Kelly,A,"Summit, N.J.",womens-lacrosse,2018,40.7182356,-74.3592296
Katharine Berdy,D,"Ellicott City, Md.",womens-lacrosse,2018,39.2757359,-76.8317417
Katie Lutz,M,"Fayetteville, N.Y.",womens-lacrosse,2018,43.0297887,-76.0043643
Kruti Sutaria,GK,"Ardsley, N.Y.",womens-lacrosse,2018,41.0114017,-73.8466414
Laine Parsons,M,"Wilton, Conn.",womens-lacrosse,2018,41.1953739,-73.4378988
Leah Jones,D,"Wayland, Mass.",womens-lacrosse,2018,42.3632063,-71.3606721
Lindsey Ewertsen,M,"Montclair, N.J.",womens-lacrosse,2018,40.8164458,-74.2210643
Madeleine Stuzin,D,"Baltimore, Md.",womens-lacrosse,2018,39.2908816,-76.610759
Orna Madigan,M,"Chatham, N.J.",womens-lacrosse,2018,40.7409242,-74.3836711
Payton Lill,A,"Webster, N.Y.",womens-lacrosse,2018,43.212285,-77.429994
Rachel Graff,A,"Bloomington, Minn.",womens-lacrosse,2018,44.8322405,-93.3204872
Regan Steed,M,"Fairfield, Conn.",womens-lacrosse,2018,41.1412078,-73.2637258
Ryan Schlageter,GK,"Maplewood, N.J.",womens-lacrosse,2018,40.7312123,-74.2734808
Sarah Nick,A,"Denver, Colo.",womens-lacrosse,2018,39.7392364,-104.984862
Stella Spotts,M/D,"Summit, N.J.",womens-lacrosse,2018,40.7182356,-74.3592296
Sydney Paoletti,A,"Westfield, N.J.",womens-lacrosse,2018,40.651726,-74.3483059
Abby Roberts,GK,"North Attleboro, Mass.",womens-lacrosse,2019,41.9841334,-71.3322798
Adèle Swanson,D,"Toronto, Ontario",womens-lacrosse,2019,43.6534817,-79.3839347
Alexandria Absey,A,"Ridgewood, N.J.",womens-lacrosse,2019,40.9796683,-74.1194403
Alison Schwasnick,M,"Baldwin, N.Y.",womens-lacrosse,2019,40.6534835,-73.6113502
Alyssa Adamo,D,"Bohemia, N.Y.",womens-lacrosse,2019,40.770609,-73.1200703
Brailey Faris,M,"Orlando, Fla.",womens-lacrosse,2019,28.5421218,-81.379045
Cara Jones,D,"Wayland, Mass.",womens-lacrosse,2019,42.3632063,-71.3606721
Caroline Thompson,M/D,"Winnetka, Ill.",womens-lacrosse,2019,42.1080703,-87.7365286
Chandler Jean-Jacques,A/M,"Greenwich, Conn.",womens-lacrosse,2019,41.0264862,-73.6284598
Chelsea Witteck,A,"Smithtown, N.Y.",womens-lacrosse,2019,40.8559314,-73.2006687
Devon Stuzin,M,"Baltimore, Md.",womens-lacrosse,2019,39.2908816,-76.610759
Ella Sangree,GK,"Falls Church, Va.",womens-lacrosse,2019,38.882334,-77.1710914
Fallon Quinn,M,"Wayne, Pa.",womens-lacrosse,2019,41.6264414,-75.3045103
Gianna Danese,M,"Newport Beach, Calif.",womens-lacrosse,2019,33.6170092,-117.9294401
Ingrid Corrigan,D/M,"Woodside, Calif.",womens-lacrosse,2019,37.4280637,-122.2507435
Isabel Sondey,A/M,"Bronxville, N.Y.",womens-lacrosse,2019,40.9381544,-73.8320784
Justine Decker,M,"Orlando, Fla.",womens-lacrosse,2019,28.5421218,-81.379045
Kate Kelly,A,"Summit, N.J.",womens-lacrosse,2019,40.7182356,-74.3592296
Katie Lutz,M,"Fayetteville, N.Y.",womens-lacrosse,2019,43.0297887,-76.0043643
Kayla Nitahara,M/A,"La Jolla, Calif.",womens-lacrosse,2019,32.8458529,-117.2575702
Leah Jones,D,"Wayland, Mass.",womens-lacrosse,2019,42.3632063,-71.3606721
Madison Levinson,GK,"Sparta, N.J.",womens-lacrosse,2019,41.0401567,-74.6310081
Orna Madigan,M,"Chatham, N.J.",womens-lacrosse,2019,40.7409242,-74.3836711
Payton Lill,A,"Webster, N.Y.",womens-lacrosse,2019,43.212285,-77.429994
Rachel Graff,A,"Bloomington, Minn.",womens-lacrosse,2019,44.8322405,-93.3204872
Regan Steed,M,"Fairfield, Conn.",womens-lacrosse,2019,41.1412078,-73.2637258
Ryan Schlageter,GK,"Maplewood, N.J.",womens-lacrosse,2019,40.7312123,-74.2734808
Sydney Paoletti,A,"Westfield, N.J.",womens-lacrosse,2019,40.651726,-74.3483059
Adèle Swanson,D,"Toronto, Ontario",womens-lacrosse,2020,43.6534817,-79.3839347
Alexandria Absey,A,"Ridgewood, N.J.",womens-lacrosse,2020,40.9796683,-74.1194403
Alison Schwasnick,M,"Baldwin, N.Y.",womens-lacrosse,2020,40.6534835,-73.6113502
Cara Jones,D,"Wayland, Mass.",womens-lacrosse,2020,42.3632063,-71.3606721
Chandler Jean-Jacques,A/M,"Greenwich, Conn.",womens-lacrosse,2020,41.0264862,-73.6284598
Chelsea Witteck,A,"Smithtown, N.Y.",womens-lacrosse,2020,40.8559314,-73.2006687
Devon Stuzin,M,"Baltimore, Md.",womens-lacrosse,2020,39.2908816,-76.610759
Ella Sangree,GK,"Falls Church, Va.",womens-lacrosse,2020,38.882334,-77.1710914
Ellie Eisner,D,"Baltimore, Md.",womens-lacrosse,2020,39.2908816,-76.610759
Gianna Danese,M,"Newport Beach, Calif.",womens-lacrosse,2020,33.6170092,-117.9294401
Ingrid Corrigan,D/M,"Woodside, Calif.",womens-lacrosse,2020,37.4280637,-122.2507435
Isabel Sondey,A/M,"Bronxville, N.Y.",womens-lacrosse,2020,40.9381544,-73.8320784
Julia Placek,A,"Cohasset, Mass.",womens-lacrosse,2020,42.2410158,-70.8035571
Julia Sullivan,M,"Moorestown, N.J.",womens-lacrosse,2020,39.9670569,-74.9426677
Justine Decker,M,"Orlando, Fla.",womens-lacrosse,2020,28.5421218,-81.379045
Kate Kelly,A,"Summit, N.J.",womens-lacrosse,2020,40.7182356,-74.3592296
Katie Lutz,M,"Fayetteville, N.Y.",womens-lacrosse,2020,43.0297887,-76.0043643
Kayla Nitahara,M/A,"La Jolla, Calif.",womens-lacrosse,2020,32.8458529,-117.2575702
Lauren Yun,M,"Manhasset, N.Y.",womens-lacrosse,2020,40.786702,-73.6967338
Leah Jones,D,"Wayland, Mass.",womens-lacrosse,2020,42.3632063,-71.3606721
Lizzie Kaplan,M/D,"Boca Raton, Fla.",womens-lacrosse,2020,26.3586885,-80.0830984
Madison Levinson,GK,"Sparta, N.J.",womens-lacrosse,2020,41.0401567,-74.6310081
Payton Lill,A,"Webster, N.Y.",womens-lacrosse,2020,43.212285,-77.429994
Rachel Graff,A,"Bloomington, Minn.",womens-lacrosse,2020,44.8322405,-93.3204872
Ryan Schlageter,GK,"Maplewood, N.J.",womens-lacrosse,2020,40.7312123,-74.2734808
Sophia McHugh,A,"Moorestown, N.J.",womens-lacrosse,2020,39.9670569,-74.9426677
Sophie Zachara,M,"Summit, N.J.",womens-lacrosse,2020,40.7182356,-74.3592296
Sydney Paoletti,A,"Westfield, N.J.",womens-lacrosse,2020,40.651726,-74.3483059
Adèle Swanson,D,"Toronto, Ontario",womens-lacrosse,2021,43.6534817,-79.3839347
Claire Briglio,D,"Baltimore, Md.",womens-lacrosse,2021,39.2908816,-76.610759
Dani Falcone,M,"Newtown Square, Penn.",womens-lacrosse,2021,39.9868117,-75.4007633
Dylan Silar,M,"Moorestown, N.J.",womens-lacrosse,2021,39.9670569,-74.9426677
Ella Sangree,GK,"Falls Church, Va.",womens-lacrosse,2021,38.882334,-77.1710914
Ellie Eisner,D,"Baltimore, Md.",womens-lacrosse,2021,39.2908816,-76.610759
Ellie Taylor,M,"Manhasset, N.Y.",womens-lacrosse,2021,40.786702,-73.6967338
Gianna Danese,M,"Newport Beach, Calif.",womens-lacrosse,2021,33.6170092,-117.9294401
Ingrid Corrigan,D,"Woodside, Calif.",womens-lacrosse,2021,37.4280637,-122.2507435
Isabel Sondey,M,"Bronxville, N.Y.",womens-lacrosse,2021,40.9381544,-73.8320784
Julia Placek,A,"Cohasset, Mass.",womens-lacrosse,2021,42.2410158,-70.8035571
Julia Sullivan,M,"Moorestown, N.J.",womens-lacrosse,2021,39.9670569,-74.9426677
Julie Griswold,D,"Alexandria, Va.",womens-lacrosse,2021,38.8051095,-77.0470229
Justine Decker,M,"Orlando, Fla.",womens-lacrosse,2021,28.5421218,-81.379045
Kate Cunning,M,"Cohasset, Mass.",womens-lacrosse,2021,42.2410158,-70.8035571
Kate Kelly,A,"Summit, N.J.",womens-lacrosse,2021,40.7182356,-74.3592296
Katie Lutz,M,"Fayetteville, N.Y.",womens-lacrosse,2021,43.0297887,-76.0043643
Kayla Nitahara,A,"La Jolla, Calif.",womens-lacrosse,2021,32.8458529,-117.2575702
Lauren Yun,M,"Manhasset, N.Y.",womens-lacrosse,2021,40.786702,-73.6967338
Lindsay Schuster,A,"Middle Island, N.Y.",womens-lacrosse,2021,40.879243,-72.9401357
Lizzie Kaplan,A,"Boca Raton, Fla.",womens-lacrosse,2021,26.3586885,-80.0830984
Madison Levinson,GK,"Sparta, N.J.",womens-lacrosse,2021,41.0401567,-74.6310081
Noelle DeMarinis,M,"Katonah, N.Y.",womens-lacrosse,2021,41.2558715,-73.6847453
Payton Lill,A,"Webster, N.Y.",womens-lacrosse,2021,43.212285,-77.429994
Rachel Graff,A,"Bloomington, Minn.",womens-lacrosse,2021,44.8322405,-93.3204872
Ryan Schlageter,GK,"Maplewood, N.J.",womens-lacrosse,2021,40.7312123,-74.2734808
Simone Koryszewski,GK,"Tewksbury, N.J.",womens-lacrosse,2021,40.68446,-74.77873
Skyler Nielsen,M,"Newport Beach, Calif.",womens-lacrosse,2021,33.6170092,-117.9294401
Sophie Kruse,M,"Portland, Ore.",womens-lacrosse,2021,45.5202471,-122.674194
Sophie Zachara,M,"Summit, N.J.",womens-lacrosse,2021,40.7182356,-74.3592296
Sydney Paoletti,A,"Westfield, N.J.",womens-lacrosse,2021,40.651726,-74.3483059
Victoria Ruffo,A,"Bronxville, N.Y.",womens-lacrosse,2021,40.9381544,-73.8320784
Adèle Swanson,D,"Toronto, Ontario",womens-lacrosse,2022,43.6534817,-79.3839347
Ali Surace,M,"Princeton, N.J.",womens-lacrosse,2022,40.3496953,-74.6597376
Annalisa Massaro,A,"Manhasset, N.Y.",womens-lacrosse,2022,40.786702,-73.6967338
Cecelia Messner,M,"Pittsburgh, Pa.",womens-lacrosse,2022,40.4406968,-80.0025666
Claire Briglio,D,"Baltimore, Md.",womens-lacrosse,2022,39.2908816,-76.610759
Cordelia Flemming,M,"Edina, Minn.",womens-lacrosse,2022,44.8897027,-93.3501222
Dani Falcone,M,"Newtown Square, Penn.",womens-lacrosse,2022,39.9868117,-75.4007633
Dylan Silar,M,"Moorestown, N.J.",womens-lacrosse,2022,39.9670569,-74.9426677
Ella Sangree,GK,"Falls Church, Va.",womens-lacrosse,2022,38.882334,-77.1710914
Ellie Eisner,D,"Baltimore, Md.",womens-lacrosse,2022,39.2908816,-76.610759
Ellie Taylor,M,"Manhasset, N.Y.",womens-lacrosse,2022,40.786702,-73.6967338
Emma Neclerio,GK,"Fort Lauderdale, Fla.",womens-lacrosse,2022,26.1223084,-80.1433786
Gianna Danese,M,"Newport Beach, Calif.",womens-lacrosse,2022,33.6170092,-117.9294401
Ingrid Corrigan,D,"Woodside, Calif.",womens-lacrosse,2022,37.4280637,-122.2507435
Isabel Sondey,M,"Bronxville, N.Y.",womens-lacrosse,2022,40.9381544,-73.8320784
Julia Placek,A,"Cohasset, Mass.",womens-lacrosse,2022,42.2410158,-70.8035571
Julia Sullivan,M,"Moorestown, N.J.",womens-lacrosse,2022,39.9670569,-74.9426677
Julie Griswold,D,"Alexandria, Va.",womens-lacrosse,2022,38.8051095,-77.0470229
Justine Decker,M,"Orlando, Fla.",womens-lacrosse,2022,28.5421218,-81.379045
Kate Cunning,M,"Cohasset, Mass.",womens-lacrosse,2022,42.2410158,-70.8035571
Kayla Nitahara,A,"La Jolla, Calif.",womens-lacrosse,2022,32.8458529,-117.2575702
Lauren Yun,M,"Manhasset, N.Y.",womens-lacrosse,2022,40.786702,-73.6967338
Lindsay Schuster,A,"Middle Island, N.Y.",womens-lacrosse,2022,40.879243,-72.9401357
Lizzie Kaplan,A,"Boca Raton, Fla.",womens-lacrosse,2022,26.3586885,-80.0830984
Madison Levinson,GK,"Sparta, N.J.",womens-lacrosse,2022,41.0401567,-74.6310081
Noelle DeMarinis,M,"Katonah, N.Y.",womens-lacrosse,2022,41.2558715,-73.6847453
Riya Batra,M,"Bloomfield Hills, Mich.",womens-lacrosse,2022,42.583645,-83.2454883
Serena Hong,M,"Bethesda, Md.",womens-lacrosse,2022,38.9812726,-77.1233587
Simone Koryszewski,GK,"Tewksbury, N.J.",womens-lacrosse,2022,40.68446,-74.77873
Skyler Nielsen,M,"Newport Beach, Calif.",womens-lacrosse,2022,33.6170092,-117.9294401
Sophie Kruse,M,"Portland, Ore.",womens-lacrosse,2022,45.5202471,-122.674194
Sophie Zachara,M,"Summit, N.J.",womens-lacrosse,2022,40.7182356,-74.3592296
Victoria Ruffo,A,"Bronxville, N.Y.",womens-lacrosse,2022,40.9381544,-73.8320784
Ali Surace,M,"Princeton, N.J.",womens-lacrosse,2023,40.3496953,-74.6597376
Anna Becker,M,"Bronxville, NY",womens-lacrosse,2023,40.9381544,-73.8320784
Ava Kimche,GK,"Park City, Utah",womens-lacrosse,2023,40.6460921,-111.4979963
Cecelia Messner,M,"Pittsburgh, Pa.",womens-lacrosse,2023,40.4406968,-80.0025666
Cordelia Flemming,M,"Edina, Minn.",womens-lacrosse,2023,44.8897027,-93.3501222
Dani Falcone,M,"Newtown Square, Penn.",womens-lacrosse,2023,39.9868117,-75.4007633
Dylan Silar,M,"Moorestown, N.J.",womens-lacrosse,2023,39.9670569,-74.9426677
Ellie Eisner,D(C),"Baltimore, Md.",womens-lacrosse,2023,39.2908816,-76.610759
Ellie Taylor,M,"Manhasset, N.Y.",womens-lacrosse,2023,40.786702,-73.6967338
Emma Neclerio,GK,"Fort Lauderdale, Fla.",womens-lacrosse,2023,26.1223084,-80.1433786
Grace Hoverman,A,"Dallas, Texas",womens-lacrosse,2023,32.7762719,-96.7968559
Julia Sullivan,M,"Moorestown, N.J.",womens-lacrosse,2023,39.9670569,-74.9426677
Julie Griswold,D,"Alexandria, Va.",womens-lacrosse,2023,38.8051095,-77.0470229
Kate Cunning,M,"Cohasset, Mass.",womens-lacrosse,2023,42.2410158,-70.8035571
Lauren Yun,M(C),"Manhasset, N.Y.",womens-lacrosse,2023,40.786702,-73.6967338
Lizzie Kaplan,A,"Boca Raton, Fla.",womens-lacrosse,2023,26.3586885,-80.0830984
Maddie Feldner,M/D,"McLean, Va.",womens-lacrosse,2023,38.9366852,-77.185843
Maddy Goger,M,"Severna Park, Md.",womens-lacrosse,2023,39.0826193,-76.5719676
Michelle Zhai,A,"Collegeville, Pa.",womens-lacrosse,2023,40.1854712,-75.4512163
Natalia Raiszadeh,M,"Rancho Santa Fe, Calif.",womens-lacrosse,2023,33.0242314,-117.1979781
Noelle DeMarinis,M,"Katonah, N.Y.",womens-lacrosse,2023,41.2558715,-73.6847453
Riya Batra,M,"Bloomfield Hills, Mich.",womens-lacrosse,2023,42.583645,-83.2454883
Serena Hong,M,"Bethesda, Md.",womens-lacrosse,2023,38.9812726,-77.1233587
Simone Koryszewski,GK,"Tewksbury, N.J.",womens-lacrosse,2023,40.68446,-74.77873
Sophie Kruse,M,"Portland, Ore.",womens-lacrosse,2023,45.5202471,-122.674194
Sophie Zachara,M(C),"Summit, N.J.",womens-lacrosse,2023,40.7182356,-74.3592296
Victoria Ruffo,A,"Bronxville, N.Y.",womens-lacrosse,2023,40.9381544,-73.8320784
Ali Surace,M,"Princeton, N.J.",womens-lacrosse,2024,40.3496953,-74.6597376
Anna Becker,M,"Bronxville, NY",womens-lacrosse,2024,40.9381544,-73.8320784
Ava Kimche,GK,"Park City, Utah",womens-lacrosse,2024,40.6460921,-111.4979963
Cecelia Messner,M,"Pittsburgh, Pa.",womens-lacrosse,2024,40.4406968,-80.0025666
Cordelia Flemming,M,"Edina, Minn.",womens-lacrosse,2024,44.8897027,-93.3501222
Dani Falcone,M(C),"Newtown Square, Penn.",womens-lacrosse,2024,39.9868117,-75.4007633
Dylan Silar,M,"Moorestown, N.J.",womens-lacrosse,2024,39.9670569,-74.9426677
Eliza Ekstrand,A,"Durham, N.C.",womens-lacrosse,2024,35.996653,-78.9018053
Ellie Taylor,M,"Manhasset, N.Y.",womens-lacrosse,2024,40.786702,-73.6967338
Grace Hoverman,A,"Dallas, Texas",womens-lacrosse,2024,32.7762719,-96.7968559
Julie Griswold,D(C),"Alexandria, Va.",womens-lacrosse,2024,38.8051095,-77.0470229
Kate McConnachie,D,"Cold Spring Harbor, N.Y.",womens-lacrosse,2024,40.8601065,-73.4529025
Kate Quigley,M,"Atlanta, Ga.",womens-lacrosse,2024,33.7544657,-84.3898151
Katelyn Lee,M,"Jericho, N.Y.",womens-lacrosse,2024,40.78743,-73.5434608
Lila Wittemyer,D,"Denver, Col.",womens-lacrosse,2024,40.625321,-80.5922397
Liza Brown,A,"Nashville, Tenn.",womens-lacrosse,2024,36.1622767,-86.7742984
Maddie Brogan,A,"West Windsor, N.J.",womens-lacrosse,2024,40.2971798,-74.6206496
Maddie Feldner,M/D,"McLean, Va.",womens-lacrosse,2024,38.9366852,-77.185843
Maddy Goger,M,"Severna Park, Md.",womens-lacrosse,2024,39.0826193,-76.5719676
Michelle Zhai,A,"Collegeville, Pa.",womens-lacrosse,2024,40.1854712,-75.4512163
Natalia Raiszadeh,M,"Rancho Santa Fe, Calif.",womens-lacrosse,2024,33.0242314,-117.1979781
Noelle DeMarinis,M(C),"Katonah, N.Y.",womens-lacrosse,2024,41.2558715,-73.6847453
Riya Batra,M,"Bloomfield Hills, Mich.",womens-lacrosse,2024,42.583645,-83.2454883
Serena Hong,M,"Bethesda, Md.",womens-lacrosse,2024,38.9812726,-77.1233587
Simone Koryszewski,GK,"Tewksbury, N.J.",womens-lacrosse,2024,40.68446,-74.77873
Sophie Kruse,M,"Portland, Ore.",womens-lacrosse,2024,45.5202471,-122.674194
Tierney Smink,GK,"Dedham, Mass.",womens-lacrosse,2024,42.2481895,-71.1734418
Ali Surace,D,"Princeton, N.J.",womens-lacrosse,2025,40.3496953,-74.6597376
Anna Becker,M,"Bronxville, NY",womens-lacrosse,2025,40.9381544,-73.8320784
Audrey Spaly,M,"Ross, Calif.",womens-lacrosse,2025,37.9624239,-122.554977
Ava Kimche,GK,"Park City, Utah",womens-lacrosse,2025,40.6460921,-111.4979963
Cecelia Messner,M(C),"Pittsburgh, Pa.",womens-lacrosse,2025,40.4406968,-80.0025666
Cordelia Flemming,M(C),"Edina, Minn.",womens-lacrosse,2025,44.8897027,-93.3501222
Eliza Ekstrand,A,"Durham, N.C.",womens-lacrosse,2025,35.996653,-78.9018053
Emma Row,A,"New Canaan, Conn.",womens-lacrosse,2025,41.146763,-73.4948446
Finch Sullivan,D,"Dedham, Mass.",womens-lacrosse,2025,42.2481895,-71.1734418
Grace Benson,M,"Rumford, R.I.",womens-lacrosse,2025,41.8453781,-71.3519985
Grace Hoverman,A,"Dallas, Texas",womens-lacrosse,2025,32.7762719,-96.7968559
Kate McConnachie,D,"Cold Spring Harbor, N.Y.",womens-lacrosse,2025,40.8601065,-73.4529025
Kate Quigley,M,"Atlanta, Ga.",womens-lacrosse,2025,33.7544657,-84.3898151
Katelyn Lee,M,"Jericho, N.Y.",womens-lacrosse,2025,40.78743,-73.5434608
Katherine Ebeling,GK,"Rye, N.Y.",womens-lacrosse,2025,40.9821371,-73.6840902
Katherine Kaiser,M,"Snoqualmie, Wash.",womens-lacrosse,2025,47.5289527,-121.827093
Lila Wittemyer,D,"Denver, Col.",womens-lacrosse,2025,40.625321,-80.5922397
Lilah Kirch,M,"Syracuse, N.Y.",womens-lacrosse,2025,43.0481221,-76.1474244
Liza Brown,A,"Nashville, Tenn.",womens-lacrosse,2025,36.1622767,-86.7742984
Maddie Brogan,A,"West Windsor, N.J.",womens-lacrosse,2025,40.2971798,-74.6206496
Maddie Feldner,D,"McLean, Va.",womens-lacrosse,2025,38.9366852,-77.185843
Maddy Goger,M,"Severna Park, Md.",womens-lacrosse,2025,39.0826193,-76.5719676
Michelle Zhai,A,"Collegeville, Pa.",womens-lacrosse,2025,40.1854712,-75.4512163
Natalia Raiszadeh,M,"Rancho Santa Fe, Calif.",womens-lacrosse,2025,33.0242314,-117.1979781
Riya Batra,M,"Bloomfield Hills, Mich.",womens-lacrosse,2025,42.583645,-83.2454883
Serena Hong,M,"Bethesda, Md.",womens-lacrosse,2025,38.9812726,-77.1233587
Tierney Smink,GK,"Dedham, Mass.",womens-lacrosse,2025,42.2481895,-71.1734418
Zara Allen,M,"Towson, Md.",womens-lacrosse,2025,39.3964591,-76.6148148
Anna Becker,M,"Bronxville, NY",womens-lacrosse,2026,40.9381544,-73.8320784
Audrey Spaly,M,"Ross, Calif.",womens-lacrosse,2026,37.9624239,-122.554977
Ava Kimche,GK,"Park City, Utah",womens-lacrosse,2026,40.6460921,-111.4979963
Eliza Ekstrand,A,"Durham, N.C.",womens-lacrosse,2026,35.996653,-78.9018053
Emma Row,A,"New Canaan, Conn.",womens-lacrosse,2026,41.146763,-73.4948446
Finch Sullivan,D,"Dedham, Mass.",womens-lacrosse,2026,42.2481895,-71.1734418
Grace Benson,M,"Rumford, R.I.",womens-lacrosse,2026,41.8453781,-71.3519985
Grace Hoverman,A,"Dallas, Texas",womens-lacrosse,2026,32.7762719,-96.7968559
Izzi Pujolar,M,"Bainbridge Island, Wash.",womens-lacrosse,2026,47.6515096,-122.5246791
Kate McConnachie,D,"Cold Spring Harbor, N.Y.",womens-lacrosse,2026,40.8601065,-73.4529025
Kate Quigley,M,"Atlanta, Ga.",womens-lacrosse,2026,33.7544657,-84.3898151
Katelyn Lee,M,"Jericho, N.Y.",womens-lacrosse,2026,40.78743,-73.5434608
Katherine Ebeling,GK,"Rye, N.Y.",womens-lacrosse,2026,40.9821371,-73.6840902
Katherine Kaiser,M,"Snoqualmie, Wash.",womens-lacrosse,2026,47.5289527,-121.827093
Lexie Gonnella,D,"Darien, Conn.",womens-lacrosse,2026,41.0787079,-73.4692873
Lila Wittemyer,D,"Denver, Col.",womens-lacrosse,2026,40.625321,-80.5922397
Lilah Kirch,M,"Syracuse, N.Y.",womens-lacrosse,2026,43.0481221,-76.1474244
Lily Svirsky,A,"Boca Raton, Fla.",womens-lacrosse,2026,26.3586885,-80.0830984
Liza Brown,A,"Nashville, Tenn.",womens-lacrosse,2026,36.1622767,-86.7742984
Maddie Brogan,A,"West Windsor, N.J.",womens-lacrosse,2026,40.2971798,-74.6206496
Maddy Goger,M,"Severna Park, Md.",womens-lacrosse,2026,39.0826193,-76.5719676
Mia Boretti,M,"Hillsdale, N.J.",womens-lacrosse,2026,41.0025975,-74.0404175
Mia Metcalf,M,"Naples, Fla.",womens-lacrosse,2026,26.1421976,-81.7942944
Michelle Zhai,A,"Collegeville, Pa.",womens-lacrosse,2026,40.1854712,-75.4512163
Natalia Raiszadeh,M,"Rancho Santa Fe, Calif.",womens-lacrosse,2026,33.0242314,-117.1979781
Nyla Zindler,D,"Alexandria, Va.",womens-lacrosse,2026,38.8051095,-77.0470229
Phoebe Oliven,M,"Hillsborough, Calif.",womens-lacrosse,2026,37.557252,-122.362529
Sarah Vasko,M,"West Chester, Pa.",womens-lacrosse,2026,39.9597389,-75.6044609
Sisi Kostorowski,D,"Washington, D.C.",womens-lacrosse,2026,38.8950982,-77.0363849
Tierney Smink,GK,"Dedham, Mass.",womens-lacrosse,2026,42.2481895,-71.1734418
Anna Beshlian,,"Seattle, Wash.",womens-rowing,2016,47.6038321,-122.330062
Anya Di Salvo,,"New Rochelle, N.Y.",womens-rowing,2016,40.9115386,-73.7826363
Astrid Walker-Stewart,,"Toronto, Ontario, Canada",womens-rowing,2016,43.6534817,-79.3839347
Caprice Herjavec,,"Toronto, Ontario, Canada",womens-rowing,2016,43.6534817,-79.3839347
Caroline Herriman,,"Cape Elizabeth, Maine",womens-rowing,2016,43.5964405,-70.2284765
Caroline Kaplan,,"Chicago, Ill.",womens-rowing,2016,41.8755616,-87.6244212
Catie Aral,,"Glen Cove, N.Y.",womens-rowing,2016,40.8642028,-73.6317807
Charlotte Buck,,"Nyack, N.Y.",womens-rowing,2016,41.091121,-73.9196794
Chloe Keating,,"Amherst, N.Y.",womens-rowing,2016,42.9783924,-78.7997616
Christy Abraham,COX,"Miami, Fla.",womens-rowing,2016,25.7741566,-80.1935973
Devon Bernsley,,"Woodland Hills, Calif.",womens-rowing,2016,34.1684364,-118.6058382
Elena McGahey,,"San Francisco, Calif.",womens-rowing,2016,37.7879363,-122.4075201
Emerald Smith,,"Mill Valley, Calif.",womens-rowing,2016,37.9060368,-122.5449763
Emily Evans,,"Buffalo, N.Y.",womens-rowing,2016,42.8864163,-78.8781493
Erica Glaser,COX,"Reston, Va.",womens-rowing,2016,38.953282,-77.3464516
Giovanna Crozier-Fitzgerald,,"Gwynedd, Pa.",womens-rowing,2016,40.2017745,-75.2551759
Hailey Todoroff,,"Bradenton, Fla.",womens-rowing,2016,27.4989278,-82.5748194
Hannah Juge,,"Mill Valley, Calif.",womens-rowing,2016,37.9060368,-122.5449763
Ivy Huang,,"Queens, N.Y.",womens-rowing,2016,40.7135078,-73.8283132
Laurel Quinones,,"San Francisco, Calif.",womens-rowing,2016,37.7879363,-122.4075201
Lilli DeBode,,"Summit, N.J.",womens-rowing,2016,40.7182356,-74.3592296
Liza Ray,,"Miami, Fla.",womens-rowing,2016,25.7741566,-80.1935973
Maddie Lawn,,"Ambler, Pa.",womens-rowing,2016,40.1544727,-75.2221643
Maggie DeVlieger,,"Newtown Square, Pa.",womens-rowing,2016,39.9868117,-75.4007633
Martina Starc,,"San Francisco / Oakland, Calif.",womens-rowing,2016,37.7879363,-122.4075201
Maryse Suppiger,,"Walnut Creek, Calif.",womens-rowing,2016,37.9020731,-122.0618702
Maya Hartleben,,"Mount Kisco, N.Y.",womens-rowing,2016,41.2042616,-73.7270761
Nina Tang,,"Dresher, Penn.",womens-rowing,2016,40.1409428,-75.1668414
Nonie Thomas,,"Cohasset, Mass.",womens-rowing,2016,42.2410158,-70.8035571
Oriana Marcial,,"Philadelphia, Pa.",womens-rowing,2016,39.9527237,-75.1635262
Rosie Fatt,COX,"Belmont, Mass.",womens-rowing,2016,42.3959296,-71.1786655
Sabina Maurer,,"Philadelphia, Penn.",womens-rowing,2016,39.9594991,-75.1812688
Skyler Samuelson,,"Freeport, Maine",womens-rowing,2016,43.8573292,-70.1028336
Taylor Fogg,,"Colorado Springs, CO",womens-rowing,2016,38.8339578,-104.825348
Anna Beshlian,,"Seattle, Wash.",womens-rowing,2017,47.6038321,-122.330062
Anneliese Gallagher,,"Los Altos, Calif.",womens-rowing,2017,37.3790629,-122.116578
Antigone Ntagkounakis,,"Hampden, Mass.",womens-rowing,2017,42.1285315,-72.6063441
Anya Di Salvo,,"New Rochelle, N.Y.",womens-rowing,2017,40.9115386,-73.7826363
Astrid Walker-Stewart,,"Toronto, Ontario, Canada",womens-rowing,2017,43.6534817,-79.3839347
Caprice Herjavec,COX,"Toronto, Ontario, Canada",womens-rowing,2017,43.6534817,-79.3839347
Caroline Herriman,,"Cape Elizabeth, Maine",womens-rowing,2017,43.5964405,-70.2284765
Caroline Kaplan,,"Chicago, Ill.",womens-rowing,2017,41.8755616,-87.6244212
Carrie Hay Kellar,,"Toronto, Canada",womens-rowing,2017,43.6534817,-79.3839347
Catie Aral,,"Glen Cove, N.Y.",womens-rowing,2017,40.8642028,-73.6317807
Charlotte Buck,,"Nyack, N.Y.",womens-rowing,2017,41.091121,-73.9196794
Chloe Keating,,"Amherst, N.Y.",womens-rowing,2017,42.9783924,-78.7997616
Christy Abraham,COX,"Miami, Fla.",womens-rowing,2017,25.7741566,-80.1935973
Devon Bernsley,COX,"Woodland Hills, Calif.",womens-rowing,2017,34.1684364,-118.6058382
Emily Evans,,"Buffalo, N.Y.",womens-rowing,2017,42.8864163,-78.8781493
Hailey Todoroff,,"Bradenton, Fla.",womens-rowing,2017,27.4989278,-82.5748194
Hannah Juge,,"Mill Valley, Calif.",womens-rowing,2017,37.9060368,-122.5449763
Honor Clements,,"Lyme, N.H.",womens-rowing,2017,43.8103534,-72.1551022
Hope Weisman,,"Larchmont, N.Y.",womens-rowing,2017,40.9278769,-73.7517983
Ivy Huang,COX,"Queens, N.Y.",womens-rowing,2017,40.7135078,-73.8283132
Juliette Larmuseau,,"Bruges, Belgium",womens-rowing,2017,51.2085526,3.226772
Kayla Abrams,,"Santa Cruz, Calif.",womens-rowing,2017,37.050096,-121.99059
Laurel Quinones,,"San Francisco, Calif.",womens-rowing,2017,37.7879363,-122.4075201
Liza Ray,,"Miami, Fla.",womens-rowing,2017,25.7741566,-80.1935973
Maddie Lawn,,"Ambler, Pa.",womens-rowing,2017,40.1544727,-75.2221643
Maeve Hogan,,"Scarsdale, N.Y",womens-rowing,2017,40.9885221,-73.8085608
Maryse Suppiger,,"Walnut Creek, Calif.",womens-rowing,2017,37.9020731,-122.0618702
Maya Hartleben,,"Mount Kisco, N.Y.",womens-rowing,2017,41.2042616,-73.7270761
Meghan Walsh,,"Burlingame, Calif.",womens-rowing,2017,37.5780965,-122.3473099
Nina Tang,,"Dresher, Penn.",womens-rowing,2017,40.1409428,-75.1668414
Nonie Thomas,,"Cohasset, Mass.",womens-rowing,2017,42.2410158,-70.8035571
Oriana Marcial,,"Philadelphia, Pa.",womens-rowing,2017,39.9527237,-75.1635262
Rosie Fatt,COX,"Belmont, Mass.",womens-rowing,2017,42.3959296,-71.1786655
Ruba Nadar,,"London, England",womens-rowing,2017,51.5074456,-0.1277653
Sabina Maurer,,"Philadelphia, Penn.",womens-rowing,2017,39.9594991,-75.1812688
Samantha Stehley,,"Los Angeles, Calif.",womens-rowing,2017,34.0536909,-118.242766
Sawyer Norton,,"Davis, Calif.",womens-rowing,2017,38.5435526,-121.739005
Allya Elgayar,,"Miami Beach, Fla.",womens-rowing,2018,25.7929198,-80.1353006
Anna Beshlian,,"Seattle, Wash.",womens-rowing,2018,47.6038321,-122.330062
Anneliese Gallagher,,"Los Altos, Calif.",womens-rowing,2018,37.3790629,-122.116578
Antigone Ntagkounakis,,"Hampden, Mass.",womens-rowing,2018,42.1285315,-72.6063441
Anya Di Salvo,,"New Rochelle, N.Y.",womens-rowing,2018,40.9115386,-73.7826363
Ashley Kim,COX,"Manhasset, N.Y.",womens-rowing,2018,40.786702,-73.6967338
Astrid Walker-Stewart,,"Toronto, Ontario, Canada",womens-rowing,2018,43.6534817,-79.3839347
Caprice Herjavec,COX,"Toronto, Ontario, Canada",womens-rowing,2018,43.6534817,-79.3839347
Catie Aral,,"Glen Cove, N.Y.",womens-rowing,2018,40.8642028,-73.6317807
Chloe Keating,,"Amherst, N.Y.",womens-rowing,2018,42.9783924,-78.7997616
Christy Abraham,COX,"Miami, Fla.",womens-rowing,2018,25.7741566,-80.1935973
Clara Geffs,,"Greenwich, Conn.",womens-rowing,2018,41.0264862,-73.6284598
Devon Bernsley,COX,"Woodland Hills, Calif.",womens-rowing,2018,34.1684364,-118.6058382
Dunia Habboosh,,"Hamden, Conn.",womens-rowing,2018,41.3836233,-72.9020069
Emily Mitchell,,"Middletown, Del.",womens-rowing,2018,39.4497639,-75.7166345
Erika Warren,,"Menlo Park, Calif.",womens-rowing,2018,37.4519671,-122.177992
Hailey Todoroff,,"Bradenton, Fla.",womens-rowing,2018,27.4989278,-82.5748194
Hayley Willner,,"Mill Valley, Calif.",womens-rowing,2018,37.9060368,-122.5449763
Honor Clements,,"Lyme, N.H.",womens-rowing,2018,43.8103534,-72.1551022
Hope Delaney,,"New York, N.Y.",womens-rowing,2018,40.7127281,-74.0060152
Hope Weisman,,"Larchmont, N.Y.",womens-rowing,2018,40.9278769,-73.7517983
India Colegrave,,"London, U.K.",womens-rowing,2018,-8.8162775,115.1541201
Ishara Abbey,,"Colombo, Sri Lanka",womens-rowing,2018,6.9388614,79.8542005
Jamie Lee,,"Bedford Corners, N.Y.",womens-rowing,2018,42.05451,-78.3114042
Juliette Larmuseau,,"Bruges, Belgium",womens-rowing,2018,51.2085526,3.226772
Kate Keeney,,"Vancouver, Wash.",womens-rowing,2018,45.6306954,-122.6744557
Katherine Duff,,"Clyde Hill, Wash.",womens-rowing,2018,47.631569,-122.2181054
Laurel Quinones,,"San Francisco, Calif.",womens-rowing,2018,37.7879363,-122.4075201
Liza Ray,,"Miami, Fla.",womens-rowing,2018,25.7741566,-80.1935973
Maeve Hogan,,"Scarsdale, N.Y",womens-rowing,2018,40.9885221,-73.8085608
Maryse Suppiger,,"Walnut Creek, Calif.",womens-rowing,2018,37.9020731,-122.0618702
Maya Hartleben,,"Mount Kisco, N.Y.",womens-rowing,2018,41.2042616,-73.7270761
Meghan Walsh,,"Burlingame, Calif.",womens-rowing,2018,37.5780965,-122.3473099
Nelida Ayacaxli,,"Oakland, Calif.",womens-rowing,2018,37.8044557,-122.271356
Nicole Harr,,"Newport Beach, Calif.",womens-rowing,2018,33.6170092,-117.9294401
Nina Tang,,"Dresher, Penn.",womens-rowing,2018,40.1409428,-75.1668414
Nonie Thomas,,"Cohasset, Mass.",womens-rowing,2018,42.2410158,-70.8035571
Rebecca Holloway,COX,"Belle Mead, N.J.",womens-rowing,2018,40.4667713,-74.6607144
Ruba Nadar,,"London, England",womens-rowing,2018,51.5074456,-0.1277653
Sabina Maurer,,"Philadelphia, Penn.",womens-rowing,2018,39.9594991,-75.1812688
Samantha Stehley,,"Los Angeles, Calif.",womens-rowing,2018,34.0536909,-118.242766
Sawyer Norton,,"Davis, Calif.",womens-rowing,2018,38.5435526,-121.739005
Sofia Djerassi,,"Philadelphia, Pa.",womens-rowing,2018,39.9527237,-75.1635262
Sophie Madjarova,,"Charlotte, N.C.",womens-rowing,2018,35.2272086,-80.8430827
Tteja Senthilnathan,COX,"Wellesley, Mass.",womens-rowing,2018,42.2964859,-71.2925571
Zoe Mammen,,"Berkeley, Calif.",womens-rowing,2018,37.8708393,-122.272863
Anna Beshlian,,"Seattle, Wash.",womens-rowing,2019,47.6038321,-122.330062
Antigone Ntagkounakis,,"Hampden, Mass.",womens-rowing,2019,42.1285315,-72.6063441
Anya Di Salvo,,"New Rochelle, N.Y.",womens-rowing,2019,40.9115386,-73.7826363
Ashleigh Lackey,,"Washington, D.C.",womens-rowing,2019,38.8950982,-77.0363849
Ashley Kim,COX,"Manhasset, N.Y.",womens-rowing,2019,40.786702,-73.6967338
Astrid Walker-Stewart,,"Toronto, Ontario, Canada",womens-rowing,2019,43.6534817,-79.3839347
Caitlin Walsh,,"Lincolnshire, Ill.",womens-rowing,2019,42.1900249,-87.9084039
Caprice Herjavec,COX,"Toronto, Ontario, Canada",womens-rowing,2019,43.6534817,-79.3839347
Clara Geffs,,"Greenwich, Conn.",womens-rowing,2019,41.0264862,-73.6284598
Devon Bernsley,COX,"Woodland Hills, Calif.",womens-rowing,2019,34.1684364,-118.6058382
Dunia Habboosh,,"Hamden, Conn.",womens-rowing,2019,41.3836233,-72.9020069
Elisa Luo,,"Vancouver, B.C.",womens-rowing,2019,49.2608724,-123.113952
Elise Smith,,"Wellesley, Mass.",womens-rowing,2019,42.2964859,-71.2925571
Emily Mitchell,,"Middletown, Del.",womens-rowing,2019,39.4497639,-75.7166345
Erika Warren,,"Menlo Park, Calif.",womens-rowing,2019,37.4519671,-122.177992
Felicity Diamond,,"Dallas, Texas",womens-rowing,2019,32.7762719,-96.7968559
Georgina Seal,,"London, U.K.",womens-rowing,2019,-8.8162775,115.1541201
Hayley Willner,,"Mill Valley, Calif.",womens-rowing,2019,37.9060368,-122.5449763
Honor Clements,,"Lyme, N.H.",womens-rowing,2019,43.8103534,-72.1551022
Hope Delaney,,"New York, N.Y.",womens-rowing,2019,40.7127281,-74.0060152
Hope Weisman,,"Larchmont, N.Y.",womens-rowing,2019,40.9278769,-73.7517983
India Colegrave,,"London, U.K.",womens-rowing,2019,-8.8162775,115.1541201
Ishara Abbey,,"Colombo, Sri Lanka",womens-rowing,2019,6.9388614,79.8542005
Jackie Armetta,,"Richboro, Pa.",womens-rowing,2019,40.229682,-74.9994889
Juliette Larmuseau,,"Bruges, Belgium",womens-rowing,2019,51.2085526,3.226772
Katherine Duff,,"Clyde Hill, Wash.",womens-rowing,2019,47.631569,-122.2181054
Laurel Quinones,,"San Francisco, Calif.",womens-rowing,2019,37.7879363,-122.4075201
Liza Ray,,"Miami, Fla.",womens-rowing,2019,25.7741566,-80.1935973
Lulu Gebbie,,"San Rafael, Calif.",womens-rowing,2019,37.9747795,-122.5316686
Maeve Hogan,,"Scarsdale, N.Y",womens-rowing,2019,40.9885221,-73.8085608
Maryse Suppiger,,"Walnut Creek, Calif.",womens-rowing,2019,37.9020731,-122.0618702
Meghan Walsh,,"Burlingame, Calif.",womens-rowing,2019,37.5780965,-122.3473099
Michelle Drandell,,"Manhattan Beach, Calif.",womens-rowing,2019,33.8872777,-118.4104324
Nelida Ayacaxli,,"Oakland, Calif.",womens-rowing,2019,37.8044557,-122.271356
Nicole Harr,,"Newport Beach, Calif.",womens-rowing,2019,33.6170092,-117.9294401
Nina Tang,,"Dresher, Penn.",womens-rowing,2019,40.1409428,-75.1668414
Nonie Thomas,,"Cohasset, Mass.",womens-rowing,2019,42.2410158,-70.8035571
Ruba Nadar,,"London, England",womens-rowing,2019,51.5074456,-0.1277653
Sabina Maurer,,"Philadelphia, Penn.",womens-rowing,2019,39.9594991,-75.1812688
Samantha Stehley,,"Los Angeles, Calif.",womens-rowing,2019,34.0536909,-118.242766
Sarah Closser,,"Princeton, N.J.",womens-rowing,2019,40.3496953,-74.6597376
Sawyer Norton,,"Davis, Calif.",womens-rowing,2019,38.5435526,-121.739005
Sierra Good,,"New York, N.Y.",womens-rowing,2019,40.7127281,-74.0060152
Sofia Djerassi,,"Philadelphia, Pa.",womens-rowing,2019,39.9527237,-75.1635262
Sophie Madjarova,,"Charlotte, N.C.",womens-rowing,2019,35.2272086,-80.8430827
Sriya Dodda,,"Dallas, Texas",womens-rowing,2019,32.7762719,-96.7968559
Tteja Senthilnathan,COX,"Wellesley, Mass.",womens-rowing,2019,42.2964859,-71.2925571
Zoe Mammen,,"Berkeley, Calif.",womens-rowing,2019,37.8708393,-122.272863
Antigone Ntagkounakis,,"Hampden, Mass.",womens-rowing,2020,42.1285315,-72.6063441
Ariel Cobb,,"Federal Way, Wash.",womens-rowing,2020,47.313494,-122.33931
Ashleigh Lackey,,"Washington, D.C.",womens-rowing,2020,38.8950982,-77.0363849
Ashley Kim,COX,"Manhasset, N.Y.",womens-rowing,2020,40.786702,-73.6967338
Caitlin Walsh,,"Lincolnshire, Ill.",womens-rowing,2020,42.1900249,-87.9084039
Caroline Atkesen,,"Larkspur, Calif.",womens-rowing,2020,37.9340915,-122.5352539
Clara Geffs,,"Greenwich, Conn.",womens-rowing,2020,41.0264862,-73.6284598
Dunia Habboosh,,"Hamden, Conn.",womens-rowing,2020,41.3836233,-72.9020069
Elisa Luo,,"Vancouver, B.C.",womens-rowing,2020,49.2608724,-123.113952
Elise Smith,,"Wellesley, Mass.",womens-rowing,2020,42.2964859,-71.2925571
Emily Mitchell,,"Middletown, Del.",womens-rowing,2020,39.4497639,-75.7166345
Erika Warren,,"Menlo Park, Calif.",womens-rowing,2020,37.4519671,-122.177992
Faith Onyechere,,"Rosedale, N.Y.",womens-rowing,2020,40.6620479,-73.7354097
Felicity Diamond,,"Dallas, Texas",womens-rowing,2020,32.7762719,-96.7968559
Georgina Seal,,"London, U.K.",womens-rowing,2020,-8.8162775,115.1541201
Honor Clements,,"Lyme, N.H.",womens-rowing,2020,43.8103534,-72.1551022
Hope Delaney,,"New York, N.Y.",womens-rowing,2020,40.7127281,-74.0060152
Hope Weisman,,"Larchmont, N.Y.",womens-rowing,2020,40.9278769,-73.7517983
Ishara Abbey,,"Colombo, Sri Lanka",womens-rowing,2020,6.9388614,79.8542005
Isobel Wilson,,"Cos Cob, Conn.",womens-rowing,2020,41.0510193,-73.5919491
Jackie Armetta,,"Richboro, Pa.",womens-rowing,2020,40.229682,-74.9994889
Jaia Wingard,,"Philadelphia, Pa.",womens-rowing,2020,39.9527237,-75.1635262
Jane Collins,,"Mountain View, Calif.",womens-rowing,2020,37.3893889,-122.0832101
Jessica Varakuta,,"Granite Bay, Calif.",womens-rowing,2020,38.762173,-121.1850057
Juliette Larmuseau,,"Bruges, Belgium",womens-rowing,2020,51.2085526,3.226772
Kate Meter,,"Los Altos, Calif.",womens-rowing,2020,37.3790629,-122.116578
Katherine Duff,,"Clyde Hill, Wash.",womens-rowing,2020,47.631569,-122.2181054
Kira Junge,,"Oakland, Calif.",womens-rowing,2020,37.8044557,-122.271356
Lauren Arrington,,"Jupiter, Fla.",womens-rowing,2020,26.9342246,-80.0942087
Lizzie Quinn,,"Washington, D.C.",womens-rowing,2020,38.8950982,-77.0363849
Lulu Gebbie,,"San Rafael, Calif.",womens-rowing,2020,37.9747795,-122.5316686
Lynxie Voorhees,,"Mukilteo, Wash.",womens-rowing,2020,47.9474034,-122.3036992
Maeve Hogan,,"Scarsdale, N.Y",womens-rowing,2020,40.9885221,-73.8085608
Maylis Whetsel,,"South Pasadena, Calif.",womens-rowing,2020,34.1133062,-118.1478291
Meghan Walsh,,"Burlingame, Calif.",womens-rowing,2020,37.5780965,-122.3473099
Michelle Drandell,,"Manhattan Beach, Calif.",womens-rowing,2020,33.8872777,-118.4104324
Nicole Harr,,"Newport Beach, Calif.",womens-rowing,2020,33.6170092,-117.9294401
Paige Bryant,,"Newport Beach, Calif.",womens-rowing,2020,33.6170092,-117.9294401
Rebecca Collins-Pfeiffer,,"Mt. Pleasant, Mich.",womens-rowing,2020,43.597646,-84.7668495
Ruba Nadar,,"London, England",womens-rowing,2020,51.5074456,-0.1277653
Samantha Stehley,,"Los Angeles, Calif.",womens-rowing,2020,34.0536909,-118.242766
Sarah Closser,,"Princeton, N.J.",womens-rowing,2020,40.3496953,-74.6597376
Sawyer Norton,,"Davis, Calif.",womens-rowing,2020,38.5435526,-121.739005
Sierra Good,,"New York, N.Y.",womens-rowing,2020,40.7127281,-74.0060152
Sofia Djerassi,,"Philadelphia, Pa.",womens-rowing,2020,39.9527237,-75.1635262
Sophia Copeman,,"Wellesley, Mass.",womens-rowing,2020,42.2964859,-71.2925571
Sophia DiPietro,,"Weston, Mass.",womens-rowing,2020,42.3667625,-71.3031132
Sophie Madjarova,,"Charlotte, N.C.",womens-rowing,2020,35.2272086,-80.8430827
Sriya Dodda,,"Dallas, Texas",womens-rowing,2020,32.7762719,-96.7968559
Tteja Senthilnathan,COX,"Wellesley, Mass.",womens-rowing,2020,42.2964859,-71.2925571
Victoria Fu,COX,"Greenwich, Conn.",womens-rowing,2020,41.0264862,-73.6284598
Zoe Mammen,,"Berkeley, Calif.",womens-rowing,2020,37.8708393,-122.272863
Alex Crow,,"Moorestown, N.J.",womens-rowing,2021,39.9670569,-74.9426677
Ariel Cobb,COX,"Federal Way, Wash.",womens-rowing,2021,47.313494,-122.33931
Ashleigh Lackey,,"Washington, D.C.",womens-rowing,2021,38.8950982,-77.0363849
Ashley Kim,COX,"Manhasset, N.Y.",womens-rowing,2021,40.786702,-73.6967338
Brooke Talley,,"Sacramento, Calif.",womens-rowing,2021,38.5810606,-121.493895
Caitlin Walsh,,"Lincolnshire, Ill.",womens-rowing,2021,42.1900249,-87.9084039
Caroline Atkesen,,"Larkspur, Calif.",womens-rowing,2021,37.9340915,-122.5352539
Celeste Funari Muse,,"Bryn Mawr, Pa.",womens-rowing,2021,40.0238245,-75.3173407
Chloe Deitz,COX,"Dallas, Texas",womens-rowing,2021,32.7762719,-96.7968559
Clara Cheng,,"Lexington, Mass.",womens-rowing,2021,42.4473175,-71.2245003
Clara Geffs,,"Greenwich, Conn.",womens-rowing,2021,41.0264862,-73.6284598
Elisa Luo,,"Vancouver, B.C.",womens-rowing,2021,49.2608724,-123.113952
Elise Smith,,"Wellesley, Mass.",womens-rowing,2021,42.2964859,-71.2925571
Emily Kilroy,,"Mendham, N.J.",womens-rowing,2021,40.775941,-74.6009617
Esme Dodge,,"Belmont, Mass.",womens-rowing,2021,42.3959296,-71.1786655
Faith Onyechere,,"Rosedale, N.Y.",womens-rowing,2021,40.6620479,-73.7354097
Felicity Diamond,,"Dallas, Texas",womens-rowing,2021,32.7762719,-96.7968559
Gabriella Sullivan,,"Portland, Ore.",womens-rowing,2021,45.5202471,-122.674194
Georgina Seal,,"London, U.K.",womens-rowing,2021,-8.8162775,115.1541201
Helen Latting,,"Atlanta, Ga.",womens-rowing,2021,33.7544657,-84.3898151
Isabelle Busch,,"Greenwich, Conn.",womens-rowing,2021,41.0264862,-73.6284598
Ishara Abbey,,"Colombo, Sri Lanka",womens-rowing,2021,6.9388614,79.8542005
Isobel Wilson,,"Cos Cob, Conn.",womens-rowing,2021,41.0510193,-73.5919491
Jackie Armetta,,"Richboro, Pa.",womens-rowing,2021,40.229682,-74.9994889
Jaia Wingard,,"Philadelphia, Pa.",womens-rowing,2021,39.9527237,-75.1635262
Jessica Varakuta,,"Granite Bay, Calif.",womens-rowing,2021,38.762173,-121.1850057
Katherine Duff,,"Clyde Hill, Wash.",womens-rowing,2021,47.631569,-122.2181054
Katherine Taylor,,"Chicago, Ill.",womens-rowing,2021,41.8755616,-87.6244212
Kira Junge,,"Oakland, Calif.",womens-rowing,2021,37.8044557,-122.271356
Lauren Arrington,,"Jupiter, Fla.",womens-rowing,2021,26.9342246,-80.0942087
Lizzie Coyne,,"Larchmont, N.Y.",womens-rowing,2021,40.9278769,-73.7517983
Lizzie Quinn,,"Washington, D.C.",womens-rowing,2021,38.8950982,-77.0363849
Lulu Gebbie,,"San Rafael, Calif.",womens-rowing,2021,37.9747795,-122.5316686
Lynxie Voorhees,COX,"Mukilteo, Wash.",womens-rowing,2021,47.9474034,-122.3036992
Maylis Whetsel,,"South Pasadena, Calif.",womens-rowing,2021,34.1133062,-118.1478291
Melisa Isado,,"Brampton, Ontario, Canada",womens-rowing,2021,43.685832,-79.7599366
Michelle Drandell,,"Manhattan Beach, Calif.",womens-rowing,2021,33.8872777,-118.4104324
Nicole Harr,,"Newport Beach, Calif.",womens-rowing,2021,33.6170092,-117.9294401
Noelle Abeyta,,"South Chittenden, Vt.",womens-rowing,2021,44.4534341,-73.1631714
Paige Bryant,,"Newport Beach, Calif.",womens-rowing,2021,33.6170092,-117.9294401
Priyanka Dondeti,,"Long Island, N.Y.",womens-rowing,2021,40.8514971,-73.0994297
Rebecca Collins-Pfeiffer,,"Mt. Pleasant, Mich.",womens-rowing,2021,43.597646,-84.7668495
Sierra Good,,"New York, N.Y.",womens-rowing,2021,40.7127281,-74.0060152
Sophia Copeman,,"Wellesley, Mass.",womens-rowing,2021,42.2964859,-71.2925571
Sophia DiPietro,,"Weston, Mass.",womens-rowing,2021,42.3667625,-71.3031132
Sriya Dodda,,"Dallas, Texas",womens-rowing,2021,32.7762719,-96.7968559
Talia Koch,,"Los Angeles, Calif.",womens-rowing,2021,34.0536909,-118.242766
Tteja Senthilnathan,COX,"Wellesley, Mass.",womens-rowing,2021,42.2964859,-71.2925571
Victoria Fu,COX,"Greenwich, Conn.",womens-rowing,2021,41.0264862,-73.6284598
Alex Crow,,"Moorestown, N.J.",womens-rowing,2022,39.9670569,-74.9426677
Andrea Vergara,,"Lima, Peru",womens-rowing,2022,-12.0459808,-77.0305912
Annie Buda,,"Newport Beach, Calif.",womens-rowing,2022,33.6170092,-117.9294401
Ariel Cobb,COX,"Federal Way, Wash.",womens-rowing,2022,47.313494,-122.33931
Ashleigh Lackey,,"Washington, D.C.",womens-rowing,2022,38.8950982,-77.0363849
Bryn Dittrich,,"Saratoga Springs, N.Y.",womens-rowing,2022,43.0822315,-73.785373
Caitlin Walsh,,"Lincolnshire, Ill.",womens-rowing,2022,42.1900249,-87.9084039
Charlotte O'Toole,,"Chicago, Ill.",womens-rowing,2022,41.8755616,-87.6244212
Chloe Deitz,COX,"Dallas, Texas",womens-rowing,2022,32.7762719,-96.7968559
Clara Cheng,,"Lexington, Mass.",womens-rowing,2022,42.4473175,-71.2245003
Elisa Luo,,"Vancouver, B.C.",womens-rowing,2022,49.2608724,-123.113952
Elise Smith,,"Wellesley, Mass.",womens-rowing,2022,42.2964859,-71.2925571
Ella Presiado,,"Newport Beach, Calif.",womens-rowing,2022,33.6170092,-117.9294401
Emily Bukowski,,"Wilton, Conn.",womens-rowing,2022,41.1953739,-73.4378988
Emily Kilroy,,"Mendham, N.J.",womens-rowing,2022,40.775941,-74.6009617
Emma Skelly,COX,"Needham, Mass.",womens-rowing,2022,42.2802645,-71.2360624
Esme Dodge,,"Belmont, Mass.",womens-rowing,2022,42.3959296,-71.1786655
Eva Panfil,,"Arlington, Va.",womens-rowing,2022,38.8769326,-77.0893094
Faith Onyechere,,"Rosedale, N.Y.",womens-rowing,2022,40.6620479,-73.7354097
Gabriella Sullivan,,"Portland, Ore.",womens-rowing,2022,45.5202471,-122.674194
Georgina Seal,,"London, U.K.",womens-rowing,2022,-8.8162775,115.1541201
Gussie Miller,,"Nashville, Tenn.",womens-rowing,2022,36.1622767,-86.7742984
Helen Latting,,"Atlanta, Ga.",womens-rowing,2022,33.7544657,-84.3898151
Isabella Knapp,,"Manhasset, NY",womens-rowing,2022,40.786702,-73.6967338
Isabelle Busch,,"Greenwich, Conn.",womens-rowing,2022,41.0264862,-73.6284598
Isobel Wilson,,"Cos Cob, Conn.",womens-rowing,2022,41.0510193,-73.5919491
Jackie Armetta,,"Richboro, Pa.",womens-rowing,2022,40.229682,-74.9994889
Jackie Zatsiorsky,,"Shrewsbury, Mass.",womens-rowing,2022,42.2960187,-71.71351
Jaia Wingard,,"Philadelphia, Pa.",womens-rowing,2022,39.9527237,-75.1635262
Jessica Varakuta,,"Granite Bay, Calif.",womens-rowing,2022,38.762173,-121.1850057
Katherine Taylor,,"Chicago, Ill.",womens-rowing,2022,41.8755616,-87.6244212
Kira Junge,,"Oakland, Calif.",womens-rowing,2022,37.8044557,-122.271356
Lara Jones,,"Boca Raton, Fla.",womens-rowing,2022,26.3586885,-80.0830984
Lauren Arrington,,"Jupiter, Fla.",womens-rowing,2022,26.9342246,-80.0942087
Lilia Miller,,"Seattle, Wash.",womens-rowing,2022,47.6038321,-122.330062
Lizzie Coyne,,"Larchmont, N.Y.",womens-rowing,2022,40.9278769,-73.7517983
Lizzie Quinn,,"Washington, D.C.",womens-rowing,2022,38.8950982,-77.0363849
Lulu Gebbie,,"San Rafael, Calif.",womens-rowing,2022,37.9747795,-122.5316686
Lynxie Voorhees,COX,"Mukilteo, Wash.",womens-rowing,2022,47.9474034,-122.3036992
Maylis Whetsel,,"South Pasadena, Calif.",womens-rowing,2022,34.1133062,-118.1478291
Melisa Isado,,"Brampton, Ontario, Canada",womens-rowing,2022,43.685832,-79.7599366
Michelle Drandell,,"Manhattan Beach, Calif.",womens-rowing,2022,33.8872777,-118.4104324
Olivia McManus,,"McLean, Va.",womens-rowing,2022,38.9366852,-77.185843
Paige Bryant,,"Newport Beach, Calif.",womens-rowing,2022,33.6170092,-117.9294401
Rebecca Collins-Pfeiffer,,"Mt. Pleasant, Mich.",womens-rowing,2022,43.597646,-84.7668495
Sierra Good,,"New York, N.Y.",womens-rowing,2022,40.7127281,-74.0060152
Siroun Johnson,,"Cambridge, Mass.",womens-rowing,2022,42.3656347,-71.1040018
Sophia Copeman,,"Wellesley, Mass.",womens-rowing,2022,42.2964859,-71.2925571
Sophia DiPietro,,"Weston, Mass.",womens-rowing,2022,42.3667625,-71.3031132
Talia Koch,,"Los Angeles, Calif.",womens-rowing,2022,34.0536909,-118.242766
Victoria Fu,COX,"Greenwich, Conn.",womens-rowing,2022,41.0264862,-73.6284598
Alex Crow,,"Moorestown, N.J.",womens-rowing,2023,39.9670569,-74.9426677
Alexandra Cardwell,,"Minneapolis, Minn.",womens-rowing,2023,44.9772995,-93.2654692
Aliya Greenberg,,"Marin County, Calif.",womens-rowing,2023,38.0409144,-122.6199638
Andrea Vergara,,"Lima, Peru",womens-rowing,2023,-12.0459808,-77.0305912
Ariel Cobb,COX,"Federal Way, Wash.",womens-rowing,2023,47.313494,-122.33931
Brooke Nieder,,"Miami Beach, Fla.",womens-rowing,2023,25.7929198,-80.1353006
Bryn Dittrich,,"Saratoga Springs, N.Y.",womens-rowing,2023,43.0822315,-73.785373
Charlotte O'Toole,,"Chicago, Ill.",womens-rowing,2023,41.8755616,-87.6244212
Chloe Deitz,COX,"Dallas, Texas",womens-rowing,2023,32.7762719,-96.7968559
Clara Cheng,,"Lexington, Mass.",womens-rowing,2023,42.4473175,-71.2245003
Debolina Sen,COX,"Princeton, N.J.",womens-rowing,2023,40.3496953,-74.6597376
Ella Presiado,,"Newport Beach, Calif.",womens-rowing,2023,33.6170092,-117.9294401
Emily Bukowski,,"Wilton, Conn.",womens-rowing,2023,41.1953739,-73.4378988
Emily Kilroy,,"Mendham, N.J.",womens-rowing,2023,40.775941,-74.6009617
Esme Dodge,,"Belmont, Mass.",womens-rowing,2023,42.3959296,-71.1786655
Eva Panfil,,"Arlington, Va.",womens-rowing,2023,38.8769326,-77.0893094
Faith Onyechere,,"Rosedale, N.Y.",womens-rowing,2023,40.6620479,-73.7354097
Gabriella Sullivan,,"Portland, Ore.",womens-rowing,2023,45.5202471,-122.674194
Giordan Ismael,,"Wyckoff, N.J.",womens-rowing,2023,41.0095417,-74.1729222
Gussie Miller,,"Nashville, Tenn.",womens-rowing,2023,36.1622767,-86.7742984
Helen Latting,,"Atlanta, Ga.",womens-rowing,2023,33.7544657,-84.3898151
Hope Gelfand,,"Seattle, Wash.",womens-rowing,2023,47.6038321,-122.330062
Isabel Bessette,,"Berkeley, Calif.",womens-rowing,2023,37.8708393,-122.272863
Isabella Knapp,,"Manhasset, NY",womens-rowing,2023,40.786702,-73.6967338
Isabelle Busch,,"Greenwich, Conn.",womens-rowing,2023,41.0264862,-73.6284598
Isobel Wilson,,"Cos Cob, Conn.",womens-rowing,2023,41.0510193,-73.5919491
Jackie Zatsiorsky,,"Shrewsbury, Mass.",womens-rowing,2023,42.2960187,-71.71351
Jaia Wingard,,"Philadelphia, Pa.",womens-rowing,2023,39.9527237,-75.1635262
Jessica Varakuta,,"Granite Bay, Calif.",womens-rowing,2023,38.762173,-121.1850057
Katherine Taylor,,"Chicago, Ill.",womens-rowing,2023,41.8755616,-87.6244212
Katie Ryan,,"New Albany, Ohio",womens-rowing,2023,40.0811745,-82.8087864
Kiley Martin,,"Southborough, Mass.",womens-rowing,2023,42.3056501,-71.5245087
Kira Junge,,"Oakland, Calif.",womens-rowing,2023,37.8044557,-122.271356
Lara Jones,,"Boca Raton, Fla.",womens-rowing,2023,26.3586885,-80.0830984
Lilia Miller,,"Seattle, Wash.",womens-rowing,2023,47.6038321,-122.330062
Lizzie Coyne,,"Larchmont, N.Y.",womens-rowing,2023,40.9278769,-73.7517983
Lizzie Quinn,,"Washington, D.C.",womens-rowing,2023,38.8950982,-77.0363849
Lynxie Voorhees,,"Mukilteo, Wash.",womens-rowing,2023,47.9474034,-122.3036992
Maya Jhamb,,"Greenwich, Conn.",womens-rowing,2023,41.0264862,-73.6284598
Melisa Isado,,"Brampton, Ontario, Canada",womens-rowing,2023,43.685832,-79.7599366
Merrill Gadsden,,"Philadelphia, Pa.",womens-rowing,2023,39.9527237,-75.1635262
Noa Klein,,"New York, NY",womens-rowing,2023,40.7127281,-74.0060152
Olivia McManus,,"McLean, Va.",womens-rowing,2023,38.9366852,-77.185843
Paige Bryant,,"Newport Beach, Calif.",womens-rowing,2023,33.6170092,-117.9294401
Rebecca Yeung,,"Seattle, Wash.",womens-rowing,2023,47.6038321,-122.330062
Siroun Johnson,,"Cambridge, Mass.",womens-rowing,2023,42.3656347,-71.1040018
Sophia Copeman,,"Wellesley, Mass.",womens-rowing,2023,42.2964859,-71.2925571
Sophia DiPietro,,"Weston, Mass.",womens-rowing,2023,42.3667625,-71.3031132
Sophia Simenz,,"Whitefish Bay, Wisconsin",womens-rowing,2023,43.1185591,-87.906804
Talia Koch,,"Los Angeles, Calif.",womens-rowing,2023,34.0536909,-118.242766
Victoria Fu,COX,"Greenwich, Conn.",womens-rowing,2023,41.0264862,-73.6284598
Addie Luce,,"Boxford, Mass.",womens-rowing,2024,42.6605844,-70.9971204
Alex Crow,,"Moorestown, N.J.",womens-rowing,2024,39.9670569,-74.9426677
Alexandra Cardwell,,"Minneapolis, Minn.",womens-rowing,2024,44.9772995,-93.2654692
Aliya Greenberg,,"Marin County, Calif.",womens-rowing,2024,38.0409144,-122.6199638
Andrea Vergara,,"Lima, Peru",womens-rowing,2024,-12.0459808,-77.0305912
Annabelle McLean,,"Sherman, Conn.",womens-rowing,2024,41.5792607,-73.4956795
Brooke Nieder,,"Miami Beach, Fla.",womens-rowing,2024,25.7929198,-80.1353006
Bryn Dittrich,,"Saratoga Springs, N.Y.",womens-rowing,2024,43.0822315,-73.785373
Catherine Ruf,,"Greenwich, Conn.",womens-rowing,2024,41.0264862,-73.6284598
Charlotte Condacci Reis,,"Geneva, Switzerland",womens-rowing,2024,46.2017559,6.1466014
Charlotte Long,,"London, United Kingdom",womens-rowing,2024,51.5074456,-0.1277653
Charlotte O'Toole,,"Chicago, Ill.",womens-rowing,2024,41.8755616,-87.6244212
Chloe Deitz,COX,"Dallas, Texas",womens-rowing,2024,32.7762719,-96.7968559
Claire Perkoski,,"Chicago, Ill.",womens-rowing,2024,41.8755616,-87.6244212
Clara Cheng,,"Lexington, Mass.",womens-rowing,2024,42.4473175,-71.2245003
Deanna Besart,,"Oyster Bay, N.Y.",womens-rowing,2024,40.7696568,-73.4998608
Debolina Sen,,"Princeton, N.J.",womens-rowing,2024,40.3496953,-74.6597376
Emily Bukowski,,"Wilton, Conn.",womens-rowing,2024,41.1953739,-73.4378988
Emily Kilroy,,"Mendham, N.J.",womens-rowing,2024,40.775941,-74.6009617
Esme Dodge,,"Belmont, Mass.",womens-rowing,2024,42.3959296,-71.1786655
Fiona O'Toole,,"Chicago, Ill.",womens-rowing,2024,41.8755616,-87.6244212
Gabriella Sullivan,,"Portland, Ore.",womens-rowing,2024,45.5202471,-122.674194
Giordan Ismael,,"Wyckoff, N.J.",womens-rowing,2024,41.0095417,-74.1729222
Gussie Miller,,"Nashville, Tenn.",womens-rowing,2024,36.1622767,-86.7742984
Hope Gelfand,,"Seattle, Wash.",womens-rowing,2024,47.6038321,-122.330062
Isabel Bessette,,"Berkeley, Calif.",womens-rowing,2024,37.8708393,-122.272863
Isabella Knapp,,"Manhasset, NY",womens-rowing,2024,40.786702,-73.6967338
Isabelle Busch,,"Greenwich, Conn.",womens-rowing,2024,41.0264862,-73.6284598
Jackie Zatsiorsky,,"Shrewsbury, Mass.",womens-rowing,2024,42.2960187,-71.71351
Kate Miller,,"Nashville, Tenn.",womens-rowing,2024,36.1622767,-86.7742984
Katherine Taylor,,"Chicago, Ill.",womens-rowing,2024,41.8755616,-87.6244212
Kiley Martin,,"Southborough, Mass.",womens-rowing,2024,42.3056501,-71.5245087
Lizzie Coyne,,"Larchmont, N.Y.",womens-rowing,2024,40.9278769,-73.7517983
Madalyn Gocal,,"San Diego, Calif.",womens-rowing,2024,32.7157062,-117.1638284
Madeleine Cole,,"Marblehead, Mass.",womens-rowing,2024,42.500096,-70.8578253
Maggie Qi,,"Ridgewood, N.J.",womens-rowing,2024,40.9796683,-74.1194403
Margaux Moos,,"Toronto, Ontario, Canada",womens-rowing,2024,43.6534817,-79.3839347
Maya Jhamb,,"Greenwich, Conn.",womens-rowing,2024,41.0264862,-73.6284598
Melisa Isado,,"Brampton, Ontario, Canada",womens-rowing,2024,43.685832,-79.7599366
Merrill Gadsden,,"Philadelphia, Pa.",womens-rowing,2024,39.9527237,-75.1635262
Noa Klein,,"New York, NY",womens-rowing,2024,40.7127281,-74.0060152
Olivia McManus,,"McLean, Va.",womens-rowing,2024,38.9366852,-77.185843
Rachel Dowd,,"Omaha, Neb.",womens-rowing,2024,41.2587459,-95.9383758
Rebecca Yeung,,"Seattle, Wash.",womens-rowing,2024,47.6038321,-122.330062
Ria Raheja,,"Roswell, Ga.",womens-rowing,2024,34.02332,-84.360022
Shannon Breimer,,"East Greenbush, N.Y.",womens-rowing,2024,42.5909135,-73.7017858
Sofia Brauweiler,,"New Canaan, Conn.",womens-rowing,2024,41.146763,-73.4948446
Sophia Simenz,,"Whitefish Bay, Wisconsin",womens-rowing,2024,43.1185591,-87.906804
Talia Koch,,"Los Angeles, Calif.",womens-rowing,2024,34.0536909,-118.242766
Addie Luce,,"Boxford, Mass.",womens-rowing,2025,42.6605844,-70.9971204
Agnes Byun,,"London, U.K.",womens-rowing,2025,-8.8162775,115.1541201
Alexandra Cardwell,,"Minneapolis, Minn.",womens-rowing,2025,44.9772995,-93.2654692
Aliya Greenberg,,"Marin County, Calif.",womens-rowing,2025,38.0409144,-122.6199638
Ally Hodder,,"McLean, VA.",womens-rowing,2025,38.9366852,-77.185843
Andrea Vergara,,"Lima, Peru",womens-rowing,2025,-12.0459808,-77.0305912
Anika Kumar,,"Scarsdale, NY.",womens-rowing,2025,40.9885221,-73.8085608
Annabelle McLean,,"Sherman, Conn.",womens-rowing,2025,41.5792607,-73.4956795
Bryn Dittrich,,"Saratoga Springs, N.Y.",womens-rowing,2025,43.0822315,-73.785373
Caroline Carson,,"Winnetka, Ill.",womens-rowing,2025,42.1080703,-87.7365286
Catherine Ruf,,"Greenwich, Conn.",womens-rowing,2025,41.0264862,-73.6284598
Catherine Salvi,,"Wilmette, IL.",womens-rowing,2025,42.076066,-87.7115555
Charlotte Condacci Reis,,"Geneva, Switzerland",womens-rowing,2025,46.2017559,6.1466014
Charlotte Long,,"London, United Kingdom",womens-rowing,2025,51.5074456,-0.1277653
Claire Perkoski,,"Chicago, Ill.",womens-rowing,2025,41.8755616,-87.6244212
Deanna Besart,,"Oyster Bay, N.Y.",womens-rowing,2025,40.7696568,-73.4998608
Debolina Sen,,"Princeton, N.J.",womens-rowing,2025,40.3496953,-74.6597376
Ellery Eward,,"Raleigh, N.C.",womens-rowing,2025,35.7803977,-78.6390989
Elsie Bradford,,"Portland, Ore.",womens-rowing,2025,45.5202471,-122.674194
Emily Bukowski,,"Wilton, Conn.",womens-rowing,2025,41.1953739,-73.4378988
Fiona O'Toole,,"Chicago, Ill.",womens-rowing,2025,41.8755616,-87.6244212
Giordan Ismael,,"Wyckoff, N.J.",womens-rowing,2025,41.0095417,-74.1729222
Gussie Miller,,"Nashville, Tenn.",womens-rowing,2025,36.1622767,-86.7742984
Hope Gelfand,,"Seattle, Wash.",womens-rowing,2025,47.6038321,-122.330062
Isabel Bessette,,"Berkeley, Calif.",womens-rowing,2025,37.8708393,-122.272863
Isabella Knapp,,"Manhasset, NY",womens-rowing,2025,40.786702,-73.6967338
Jackie Zatsiorsky,,"Shrewsbury, Mass.",womens-rowing,2025,42.2960187,-71.71351
Kate Miller,,"Nashville, Tenn.",womens-rowing,2025,36.1622767,-86.7742984
Kiley Martin,,"Southborough, Mass.",womens-rowing,2025,42.3056501,-71.5245087
Kira Morton,,"Seattle, WA.",womens-rowing,2025,47.6038321,-122.330062
Lilah Penchaszadeh Robert,,"Buenos Aires, Argentina",womens-rowing,2025,-34.6095579,-58.3887904
Madalyn Gocal,,"San Diego, Calif.",womens-rowing,2025,32.7157062,-117.1638284
Madeleine Cole,,"Marblehead, Mass.",womens-rowing,2025,42.500096,-70.8578253
Maggie Qi,,"Ridgewood, N.J.",womens-rowing,2025,40.9796683,-74.1194403
Margaux Moos,,"Toronto, Ontario, Canada",womens-rowing,2025,43.6534817,-79.3839347
Marie Rebeiz,,"La Jolla, CA.",womens-rowing,2025,32.8458529,-117.2575702
Maya Jhamb,,"Greenwich, Conn.",womens-rowing,2025,41.0264862,-73.6284598
Merrill Gadsden,,"Philadelphia, Pa.",womens-rowing,2025,39.9527237,-75.1635262
Noa Klein,,"New York, NY",womens-rowing,2025,40.7127281,-74.0060152
Olivia McManus,,"McLean, Va.",womens-rowing,2025,38.9366852,-77.185843
Rachel Dowd,,"Omaha, Neb.",womens-rowing,2025,41.2587459,-95.9383758
Rebecca Yeung,,"Seattle, Wash.",womens-rowing,2025,47.6038321,-122.330062
Ria Raheja,,"Roswell, Ga.",womens-rowing,2025,34.02332,-84.360022
Shannon Breimer,,"East Greenbush, N.Y.",womens-rowing,2025,42.5909135,-73.7017858
Sierra Brown,,"Long Beach, CA.",womens-rowing,2025,33.7690164,-118.191604
Sofia Brauweiler,,"New Canaan, Conn.",womens-rowing,2025,41.146763,-73.4948446
Sophia Simenz,,"Whitefish Bay, Wisconsin",womens-rowing,2025,43.1185591,-87.906804
Tess Degenhart,COX,"St. Louis, Mo.",womens-rowing,2025,38.6254063,-90.190009
Agnes Byun,,"London, U.K.",womens-rowing,2026,-8.8162775,115.1541201
Alexandra Cardwell,,"Minneapolis, Minn.",womens-rowing,2026,44.9772995,-93.2654692
Aliya Greenberg,,"Marin County, Calif.",womens-rowing,2026,38.0409144,-122.6199638
Ally Hodder,,"McLean, VA.",womens-rowing,2026,38.9366852,-77.185843
Anika Kumar,,"Scarsdale, NY.",womens-rowing,2026,40.9885221,-73.8085608
Annabelle McLean,,"Sherman, Conn.",womens-rowing,2026,41.5792607,-73.4956795
Ayre Seals,,"San Antonio, Texas",womens-rowing,2026,29.4246002,-98.4951405
Caroline Carson,,"Winnetka, Ill.",womens-rowing,2026,42.1080703,-87.7365286
Catherine Ruf,,"Greenwich, Conn.",womens-rowing,2026,41.0264862,-73.6284598
Catherine Salvi,,"Wilmette, IL.",womens-rowing,2026,42.076066,-87.7115555
Charlotte Condacci Reis,,"Geneva, Switzerland",womens-rowing,2026,46.2017559,6.1466014
Charlotte Long,,"London, United Kingdom",womens-rowing,2026,51.5074456,-0.1277653
Deanna Besart,,"Oyster Bay, N.Y.",womens-rowing,2026,40.7696568,-73.4998608
Debolina Sen,,"Princeton, N.J.",womens-rowing,2026,40.3496953,-74.6597376
Ellery Eward,,"Raleigh, N.C.",womens-rowing,2026,35.7803977,-78.6390989
Elsie Bradford,,"Portland, Ore.",womens-rowing,2026,45.5202471,-122.674194
Emma Sullivan,,"Sydney, Australia",womens-rowing,2026,-33.8698439,151.2082848
Fiona O'Toole,,"Chicago, Ill.",womens-rowing,2026,41.8755616,-87.6244212
Giordan Ismael,,"Wyckoff, N.J.",womens-rowing,2026,41.0095417,-74.1729222
Grace Miller,,"Winter Park, Fla.",womens-rowing,2026,28.5977707,-81.3510264
Hope Gelfand,,"Seattle, Wash.",womens-rowing,2026,47.6038321,-122.330062
Isabel Bessette,,"Berkeley, Calif.",womens-rowing,2026,37.8708393,-122.272863
Isabella Knapp,,"Manhasset, NY",womens-rowing,2026,40.786702,-73.6967338
Kiley Martin,,"Southborough, Mass.",womens-rowing,2026,42.3056501,-71.5245087
Kira Morton,,"Seattle, WA.",womens-rowing,2026,47.6038321,-122.330062
Laura Kim,,"New York, N.Y.",womens-rowing,2026,40.7127281,-74.0060152
Lilah Penchaszadeh Robert,,"Buenos Aires, Argentina",womens-rowing,2026,-34.6095579,-58.3887904
Madalyn Gocal,,"San Diego, Calif.",womens-rowing,2026,32.7157062,-117.1638284
Madeleine Cole,,"Marblehead, Mass.",womens-rowing,2026,42.500096,-70.8578253
Maggie Qi,,"Ridgewood, N.J.",womens-rowing,2026,40.9796683,-74.1194403
Margaux Moos,,"Toronto, Ontario, Canada",womens-rowing,2026,43.6534817,-79.3839347
Marie Rebeiz,,"La Jolla, CA.",womens-rowing,2026,32.8458529,-117.2575702
Maya Jhamb,,"Greenwich, Conn.",womens-rowing,2026,41.0264862,-73.6284598
Natalie Cory-Wright,,"London, U.K.",womens-rowing,2026,-8.8162775,115.1541201
Noa Klein,,"New York, NY",womens-rowing,2026,40.7127281,-74.0060152
Rachel Dowd,,"Omaha, Neb.",womens-rowing,2026,41.2587459,-95.9383758
Rebecca Yeung,,"Seattle, Wash.",womens-rowing,2026,47.6038321,-122.330062
Shannon Breimer,,"East Greenbush, N.Y.",womens-rowing,2026,42.5909135,-73.7017858
Sierra Brown,,"Long Beach, CA.",womens-rowing,2026,33.7690164,-118.191604
Sofia Brauweiler,,"New Canaan, Conn.",womens-rowing,2026,41.146763,-73.4948446
Sophia Simenz,,"Whitefish Bay, Wisconsin",womens-rowing,2026,43.1185591,-87.906804
Tess Degenhart,COX,"St. Louis, Mo.",womens-rowing,2026,38.6254063,-90.190009
Verity Lewis,,"Los Altos, Calif.",womens-rowing,2026,37.3790629,-122.116578
Vienna Farano,,"Menlo Park, Calif.",womens-rowing,2026,37.4519671,-122.177992
Adriana Kuryla-Santos,D,"Morganville, N.J.",womens-soccer,2016,40.3410515,-74.2970515
Allison Spencer,GK,"Salt Lake City, Utah",womens-soccer,2016,40.7596198,-111.886797
Amalya Johnson,D,"Montclair, N.J.",womens-soccer,2016,40.8164458,-74.2210643
Amaris Hemmings,F,"Bronx, N.Y.",womens-soccer,2016,40.8466508,-73.8785937
Bailey Peacock,D,"Marietta, Ga.",womens-soccer,2016,33.952845,-84.5496054
Carlisle Topping,M,"McMinnville, Ore.",womens-soccer,2016,45.2100367,-123.194463
Caroline Militello,M,"Hong Kong, China",womens-soccer,2016,22.2818333,114.1582831
Emily Koe,F,"Los Angeles, Calif.",womens-soccer,2016,34.0536909,-118.242766
Emma Anderson,F,"Bethesda, Md.",womens-soccer,2016,38.9812726,-77.1233587
Erin Trapp,M,"Bayville, N.J.",womens-soccer,2016,39.9092852,-74.1548614
Grace Taylor,F/M,"Glen Rock, N.J.",womens-soccer,2016,40.9628758,-74.1329208
Holly Neshat,F/M,"San Diego, Calif.",womens-soccer,2016,32.7157062,-117.1638284
Kerry Manion,D,"Westlake Village, Calif.",womens-soccer,2016,34.1460234,-118.8061794
Lacey Strahm,M,"Staten Island, N.Y.",womens-soccer,2016,40.5834557,-74.1496048
Maddie Temares,M,"Warren, N.J.",womens-soccer,2016,40.8602222,-74.9720493
Madeline Linde,F,"Weston, Mass.",womens-soccer,2016,42.3667625,-71.3031132
Marie Matthews,GK,"Camas, Wash.",womens-soccer,2016,45.5863014,-122.403277
Mercedes Fissore-O'Leary,F/M,"Amherst, Mass.",womens-soccer,2016,42.3731948,-72.5198761
Natalie Ambrose,D,"Sisters, Oregon",womens-soccer,2016,44.290948,-121.549251
Natalie Neshat,D/F,"San Diego, Calif.",womens-soccer,2016,32.7157062,-117.1638284
Nicole Cerulli,GK,"Boston, Mass.",womens-soccer,2016,42.3588336,-71.0578303
Rachel Alexander,F,"Silver Springs, Md.",womens-soccer,2016,50.8583695,-3.5915004
Reilly Lucas,D,"Freeport, N.Y.",womens-soccer,2016,40.6576071,-73.5835826
Sophie Whitehouse,GK,"Washington, D.C.",womens-soccer,2016,38.8950982,-77.0363849
Stephanie Shin,M,"Gaithersburg, Md.",womens-soccer,2016,39.1399187,-77.1929215
Taylor Duran,F,"Orlando, Fla.",womens-soccer,2016,28.5421218,-81.379045
Taylor Penn,D,"Atlanta, Ga.",womens-soccer,2016,33.7544657,-84.3898151
Adriana Kuryla-Santos,D,"Morganville, N.J.",womens-soccer,2017,40.3410515,-74.2970515
Amalya Johnson,D,"Montclair, N.J.",womens-soccer,2017,40.8164458,-74.2210643
Amaris Hemmings,F,"Bronx, N.Y.",womens-soccer,2017,40.8466508,-73.8785937
Bailey Peacock,D,"Marietta, Ga.",womens-soccer,2017,33.952845,-84.5496054
Carlisle Topping,M,"McMinnville, Ore.",womens-soccer,2017,45.2100367,-123.194463
Caroline Militello,M,"Hong Kong, China",womens-soccer,2017,22.2818333,114.1582831
Cayla Davis,D/MF,"Gilbertsville, Pa.",womens-soccer,2017,40.3232452,-75.6080969
Emily Koe,F,"Los Angeles, Calif.",womens-soccer,2017,34.0536909,-118.242766
Emma Anderson,F,"Bethesda, Md.",womens-soccer,2017,38.9812726,-77.1233587
Erin Trapp,M,"Bayville, N.J.",womens-soccer,2017,39.9092852,-74.1548614
Gracie Wall,M,"Mercer Island, Wash.",womens-soccer,2017,47.5766324,-122.2276378
Holly Neshat,F/M,"San Diego, Calif.",womens-soccer,2017,32.7157062,-117.1638284
Jordyn Geller,F,"Camarillo, Calif.",womens-soccer,2017,34.2176371,-119.0383541
Juliet Allen,GK,"Pleasanton, Calif.",womens-soccer,2017,37.6624312,-121.8746789
Kerry Manion,D,"Westlake Village, Calif.",womens-soccer,2017,34.1460234,-118.8061794
Lacey Strahm,M,"Staten Island, N.Y.",womens-soccer,2017,40.5834557,-74.1496048
Maddie Temares,M,"Warren, N.J.",womens-soccer,2017,40.8602222,-74.9720493
Marie Matthews,GK,"Camas, Wash.",womens-soccer,2017,45.5863014,-122.403277
Natalie Ambrose,D,"Sisters, Oregon",womens-soccer,2017,44.290948,-121.549251
Natalie Neshat,D/F,"San Diego, Calif.",womens-soccer,2017,32.7157062,-117.1638284
Nicole Cerulli,GK,"Boston, Mass.",womens-soccer,2017,42.3588336,-71.0578303
Rachel Alexander,F,"Silver Springs, Md.",womens-soccer,2017,50.8583695,-3.5915004
Reilly Lucas,D,"Freeport, N.Y.",womens-soccer,2017,40.6576071,-73.5835826
Sam Slusher,D/MF,"Portland, Ore.",womens-soccer,2017,45.5202471,-122.674194
Sophie Whitehouse,GK,"Washington, D.C.",womens-soccer,2017,38.8950982,-77.0363849
Stephanie Shin,M,"Gaithersburg, Md.",womens-soccer,2017,39.1399187,-77.1929215
Taylor Duran,F,"Orlando, Fla.",womens-soccer,2017,28.5421218,-81.379045
Taylor Penn,D,"Atlanta, Ga.",womens-soccer,2017,33.7544657,-84.3898151
Adriana Kuryla-Santos,D,"Morganville, N.J.",womens-soccer,2018,40.3410515,-74.2970515
Amalya Johnson,D,"Montclair, N.J.",womens-soccer,2018,40.8164458,-74.2210643
Amaris Hemmings,F,"Bronx, N.Y.",womens-soccer,2018,40.8466508,-73.8785937
Amelia Scalamandre,D,"Newton, Pa.",womens-soccer,2018,31.3393262,-85.6050526
Bailey Peacock,D,"Marietta, Ga.",womens-soccer,2018,33.952845,-84.5496054
Carlisle Topping,M,"McMinnville, Ore.",womens-soccer,2018,45.2100367,-123.194463
Cayla Davis,D/MF,"Gilbertsville, Pa.",womens-soccer,2018,40.3232452,-75.6080969
Colette Marciano,M,"Princeton, N.J.",womens-soccer,2018,40.3496953,-74.6597376
Emily Koe,F,"Los Angeles, Calif.",womens-soccer,2018,34.0536909,-118.242766
Emma Anderson,F,"Bethesda, Md.",womens-soccer,2018,38.9812726,-77.1233587
Erin Cooper,F/MF,"New Rochelle, N.Y.",womens-soccer,2018,40.9115386,-73.7826363
Erin Trapp,M,"Bayville, N.J.",womens-soccer,2018,39.9092852,-74.1548614
Gracie Wall,M,"Mercer Island, Wash.",womens-soccer,2018,47.5766324,-122.2276378
Jessica Schildkraut,M,"Glen Rock, N.J.",womens-soccer,2018,40.9628758,-74.1329208
Jordyn Geller,F,"Camarillo, Calif.",womens-soccer,2018,34.2176371,-119.0383541
Juliet Allen,GK,"Pleasanton, Calif.",womens-soccer,2018,37.6624312,-121.8746789
Kathryn Coritz,D,"Fairfax, Va.",womens-soccer,2018,38.8462236,-77.3063733
Kayla Lee,F/MF,"Marlboro, N.J.",womens-soccer,2018,39.4850245,-75.3211259
Lacey Strahm,M,"Staten Island, N.Y.",womens-soccer,2018,40.5834557,-74.1496048
Maddie Temares,M,"Warren, N.J.",womens-soccer,2018,40.8602222,-74.9720493
Mallaika Tomar,F/MF,"Sammamish, Wash.",womens-soccer,2018,47.6017554,-122.0416844
Marie Matthews,GK,"Camas, Wash.",womens-soccer,2018,45.5863014,-122.403277
Nicole Cerulli,GK,"Boston, Mass.",womens-soccer,2018,42.3588336,-71.0578303
Rachel Alexander,F,"Silver Springs, Md.",womens-soccer,2018,50.8583695,-3.5915004
Reilly Lucas,D,"Freeport, N.Y.",womens-soccer,2018,40.6576071,-73.5835826
Sam Slusher,D/MF,"Portland, Ore.",womens-soccer,2018,45.5202471,-122.674194
Sophie Whitehouse,GK,"Washington, D.C.",womens-soccer,2018,38.8950982,-77.0363849
Stephanie Shin,M,"Gaithersburg, Md.",womens-soccer,2018,39.1399187,-77.1929215
Talia Tyler,D,"Muskegon, Mich.",womens-soccer,2018,43.2341813,-86.2483921
Taylor Duran,F,"Orlando, Fla.",womens-soccer,2018,28.5421218,-81.379045
Taylor Penn,D,"Atlanta, Ga.",womens-soccer,2018,33.7544657,-84.3898151
Adriana Kuryla-Santos,D,"Morganville, N.J.",womens-soccer,2019,40.3410515,-74.2970515
Ally Clark,F/MF,"Jamison, Pa.",womens-soccer,2019,40.2548297,-75.0893372
Amalya Johnson,D,"Montclair, N.J.",womens-soccer,2019,40.8164458,-74.2210643
Amelia Scalamandre,MF/D,"Newton, Pa.",womens-soccer,2019,31.3393262,-85.6050526
Bailey Peacock,F/D,"Marietta, Ga.",womens-soccer,2019,33.952845,-84.5496054
Blake Turner,F,"Laguna Beach, Calif.",womens-soccer,2019,33.5426975,-117.785366
Cayla Davis,M,"Gilbertsville, Pa.",womens-soccer,2019,40.3232452,-75.6080969
Colette Marciano,M,"Princeton, N.J.",womens-soccer,2019,40.3496953,-74.6597376
Elizabeth Matei,GK,"Davie, Fla.",womens-soccer,2019,26.0628665,-80.2331038
Emily Koe,F,"Los Angeles, Calif.",womens-soccer,2019,34.0536909,-118.242766
Gracie Wall,M,"Mercer Island, Wash.",womens-soccer,2019,47.5766324,-122.2276378
Jessica Schildkraut,M,"Glen Rock, N.J.",womens-soccer,2019,40.9628758,-74.1329208
Jordan Beverina,D,"Falls Church, Va.",womens-soccer,2019,38.882334,-77.1710914
Jordyn Geller,F,"Camarillo, Calif.",womens-soccer,2019,34.2176371,-119.0383541
Juliet Allen,GK,"Pleasanton, Calif.",womens-soccer,2019,37.6624312,-121.8746789
Kathryn Coritz,D,"Fairfax, Va.",womens-soccer,2019,38.8462236,-77.3063733
Kayla Lee,F,"Marlboro, N.J.",womens-soccer,2019,39.4850245,-75.3211259
Mackenzie Bryant,GK,"Greenwood Village, Colo.",womens-soccer,2019,39.6172101,-104.950814
Maddie Temares,M,"Warren, N.J.",womens-soccer,2019,40.8602222,-74.9720493
Maddy McCaw,MF/D,"Yardley, Pa.",womens-soccer,2019,40.242506,-74.8389704
Mallaika Tomar,F,"Sammamish, Wash.",womens-soccer,2019,47.6017554,-122.0416844
Reilly Lucas,D,"Freeport, N.Y.",womens-soccer,2019,40.6576071,-73.5835826
Rylee Hanna,D,"Colleyville, Texas",womens-soccer,2019,32.8809603,-97.155012
Sam Slusher,D,"Portland, Ore.",womens-soccer,2019,45.5202471,-122.674194
Shira Cohen,F,"Berkeley, Calif.",womens-soccer,2019,37.8708393,-122.272863
Talia Tyler,F,"Muskegon, Mich.",womens-soccer,2019,43.2341813,-86.2483921
Taylor Duran,F,"Orlando, Fla.",womens-soccer,2019,28.5421218,-81.379045
Taylor Penn,D,"Atlanta, Ga.",womens-soccer,2019,33.7544657,-84.3898151
Ally Brecher,D,"Alamo, Calif.",womens-soccer,2020,37.8551351,-122.0066891
Ally Clark,F/MF,"Jamison, Pa.",womens-soccer,2020,40.2548297,-75.0893372
Amelia Scalamandre,MF/D,"Newton, Pa.",womens-soccer,2020,31.3393262,-85.6050526
Annie Diaz-Silveira,F/MF,"Miami, Fla.",womens-soccer,2020,25.7741566,-80.1935973
Ashlyn Fulgham,D,"San Antonio, Texas",womens-soccer,2020,29.4246002,-98.4951405
Blake Turner,F,"Laguna Beach, Calif.",womens-soccer,2020,33.5426975,-117.785366
Cayla Davis,M,"Gilbertsville, Pa.",womens-soccer,2020,40.3232452,-75.6080969
Colette Marciano,M,"Princeton, N.J.",womens-soccer,2020,40.3496953,-74.6597376
Elizabeth Matei,GK,"Davie, Fla.",womens-soccer,2020,26.0628665,-80.2331038
Grace Hurren,M/D,"Moorestown, N.J.",womens-soccer,2020,39.9670569,-74.9426677
Gracie Wall,M,"Mercer Island, Wash.",womens-soccer,2020,47.5766324,-122.2276378
Jessica Schildkraut,M,"Glen Rock, N.J.",womens-soccer,2020,40.9628758,-74.1329208
Jordan Beverina,D,"Falls Church, Va.",womens-soccer,2020,38.882334,-77.1710914
Jordyn Geller,F,"Camarillo, Calif.",womens-soccer,2020,34.2176371,-119.0383541
Juliet Allen,GK,"Pleasanton, Calif.",womens-soccer,2020,37.6624312,-121.8746789
Kat Jordan,M,"Sarasota, Fla.",womens-soccer,2020,27.3365805,-82.5308545
Kathryn Coritz,D,"Fairfax, Va.",womens-soccer,2020,38.8462236,-77.3063733
Kayla Lee,F,"Marlboro, N.J.",womens-soccer,2020,39.4850245,-75.3211259
Kendall McBride,F,"Falls Church, Va.",womens-soccer,2020,38.882334,-77.1710914
Liva Helt,M,"Little Silver, N.J.",womens-soccer,2020,40.3367769,-74.0470837
Mackenzie Bryant,GK,"Greenwood Village, Colo.",womens-soccer,2020,39.6172101,-104.950814
Maddy McCaw,MF/D,"Yardley, Pa.",womens-soccer,2020,40.242506,-74.8389704
Madi Pilla,F,"Martinsville, N.J.",womens-soccer,2020,40.6012136,-74.5590452
Mallaika Tomar,F,"Sammamish, Wash.",womens-soccer,2020,47.6017554,-122.0416844
Mia Ferrentino,D,"Newport Beach, Calif.",womens-soccer,2020,33.6170092,-117.9294401
Nata Ramirez,F,"Elizabeth, N.J.",womens-soccer,2020,40.6639916,-74.2107006
Paige Nurkin,GK,"Charlotte, N.C.",womens-soccer,2020,35.2272086,-80.8430827
Rylee Hanna,D,"Colleyville, Texas",womens-soccer,2020,32.8809603,-97.155012
Sam Slusher,D,"Portland, Ore.",womens-soccer,2020,45.5202471,-122.674194
Shira Cohen,F,"Berkeley, Calif.",womens-soccer,2020,37.8708393,-122.272863
Talia Tyler,F,"Muskegon, Mich.",womens-soccer,2020,43.2341813,-86.2483921
Ally Brecher,D,"Alamo, Calif.",womens-soccer,2021,37.8551351,-122.0066891
Ally Clark,F/MF,"Jamison, Pa.",womens-soccer,2021,40.2548297,-75.0893372
Ania Prussak,D,"Glen Ridge, N.J.",womens-soccer,2021,40.805378,-74.2037566
Annie Diaz-Silveira,F/MF,"Miami, Fla.",womens-soccer,2021,25.7741566,-80.1935973
Ashlyn Fulgham,D,"San Antonio, Texas",womens-soccer,2021,29.4246002,-98.4951405
Audrey Byrne,GK,"San Francisco, Calif.",womens-soccer,2021,37.7879363,-122.4075201
Ava Zlatchin,D,"Berkeley, Calif.",womens-soccer,2021,37.8708393,-122.272863
Blake Turner,F,"Laguna Beach, Calif.",womens-soccer,2021,33.5426975,-117.785366
Claire Pinnie,F,"West Chester, Pa.",womens-soccer,2021,39.9597389,-75.6044609
Colette Marciano,M,"Princeton, N.J.",womens-soccer,2021,40.3496953,-74.6597376
Grace Hurren,M/D,"Moorestown, N.J.",womens-soccer,2021,39.9670569,-74.9426677
Jessica Schildkraut,M,"Glen Rock, N.J.",womens-soccer,2021,40.9628758,-74.1329208
Jordan Beverina,D,"Falls Church, Va.",womens-soccer,2021,38.882334,-77.1710914
Kat Jordan,M,"Sarasota, Fla.",womens-soccer,2021,27.3365805,-82.5308545
Kayla Lee,F,"Marlboro, N.J.",womens-soccer,2021,39.4850245,-75.3211259
Kendall McBride,F,"Falls Church, Va.",womens-soccer,2021,38.882334,-77.1710914
Lauren Rodriguez,GK,"Hamilton, N.Y.",womens-soccer,2021,43.6307863,-74.4659275
Maddy McCaw,MF/D,"Yardley, Pa.",womens-soccer,2021,40.242506,-74.8389704
Madi Pilla,F,"Martinsville, N.J.",womens-soccer,2021,40.6012136,-74.5590452
Mallaika Tomar,F,"Sammamish, Wash.",womens-soccer,2021,47.6017554,-122.0416844
Marcia Ojo,D,"Rahway, N.J.",womens-soccer,2021,40.6081591,-74.2776468
Mia Ferrentino,D,"Newport Beach, Calif.",womens-soccer,2021,33.6170092,-117.9294401
Nata Ramirez,F,"Elizabeth, N.J.",womens-soccer,2021,40.6639916,-74.2107006
Ola Weber,M,"Warren, N.J.",womens-soccer,2021,40.8602222,-74.9720493
Paige Nurkin,GK,"Charlotte, N.C.",womens-soccer,2021,35.2272086,-80.8430827
Rylee Hanna,D,"Colleyville, Texas",womens-soccer,2021,32.8809603,-97.155012
Sam Cohn,D,"Atlanta, Ga.",womens-soccer,2021,33.7544657,-84.3898151
Sam Gordon,D,"Herriman, Utah",womens-soccer,2021,40.5139784,-112.0329086
Shira Cohen,F,"Berkeley, Calif.",womens-soccer,2021,37.8708393,-122.272863
Sophia Cavaliere,M,"Bernardsville, N.J.",womens-soccer,2021,40.7186805,-74.5692273
Spencer Robbins,M/F,"Nashville, Tenn.",womens-soccer,2021,36.1622767,-86.7742984
Stephanie Jung,M,"San Jose, Calif.",womens-soccer,2021,37.3361663,-121.890591
Ally Brecher,D,"Alamo, Calif.",womens-soccer,2022,37.8551351,-122.0066891
Ally Clark,F/M,"Jamison, Pa.",womens-soccer,2022,40.2548297,-75.0893372
Ania Prussak,D,"Glen Ridge, N.J.",womens-soccer,2022,40.805378,-74.2037566
Annie Diaz-Silveira,F/M,"Miami, Fla.",womens-soccer,2022,25.7741566,-80.1935973
Ashlyn Fulgham,D,"San Antonio, Texas",womens-soccer,2022,29.4246002,-98.4951405
Ava Zlatchin,D,"Berkeley, Calif.",womens-soccer,2022,37.8708393,-122.272863
Blake Turner,F,"Laguna Beach, Calif.",womens-soccer,2022,33.5426975,-117.785366
Charlyse Berry,F,"Alamo, Calif.",womens-soccer,2022,37.8551351,-122.0066891
Claire Pinnie,F,"West Chester, Pa.",womens-soccer,2022,39.9597389,-75.6044609
Courtney Ruedt,D,"Wayne, N.J.",womens-soccer,2022,40.9491723,-74.2376802
Elizabeth Matei,GK,"Davie, Fla.",womens-soccer,2022,26.0628665,-80.2331038
Grace Hurren,M/D,"Moorestown, N.J.",womens-soccer,2022,39.9670569,-74.9426677
Hannah Deljkic,F,"Danville, Calif.",womens-soccer,2022,37.8225892,-122.0008254
Jordan Beverina,D,"Falls Church, Va.",womens-soccer,2022,38.882334,-77.1710914
Justina Bitzer,D,"Ann Arbor, Mich.",womens-soccer,2022,42.2813722,-83.7484616
Kat Jordan,M,"Sarasota, Fla.",womens-soccer,2022,27.3365805,-82.5308545
Kendall McBride,F,"Falls Church, Va.",womens-soccer,2022,38.882334,-77.1710914
Lauren Rodriguez,GK,"Hamilton, N.Y.",womens-soccer,2022,43.6307863,-74.4659275
Mackenzie Bryant,GK,"Greenwood Village, Colo.",womens-soccer,2022,39.6172101,-104.950814
Maddy McCaw,M/D,"Yardley, Pa.",womens-soccer,2022,40.242506,-74.8389704
Madi Pilla,F,"Martinsville, N.J.",womens-soccer,2022,40.6012136,-74.5590452
Maia Tabion,F/M,"Sammamish, Wash.",womens-soccer,2022,47.6017554,-122.0416844
Marcia Ojo,D,"Rahway, N.J.",womens-soccer,2022,40.6081591,-74.2776468
Nata Ramirez,F,"Elizabeth, N.J.",womens-soccer,2022,40.6639916,-74.2107006
Ola Weber,M,"Warren, N.J.",womens-soccer,2022,40.8602222,-74.9720493
Paige Nurkin,GK,"Charlotte, N.C.",womens-soccer,2022,35.2272086,-80.8430827
Sam Cohn,D,"Atlanta, Ga.",womens-soccer,2022,33.7544657,-84.3898151
Sam Gordon,D,"Herriman, Utah",womens-soccer,2022,40.5139784,-112.0329086
Shira Cohen,F,"Berkeley, Calif.",womens-soccer,2022,37.8708393,-122.272863
Sophia Cavaliere,M,"Bernardsville, N.J.",womens-soccer,2022,40.7186805,-74.5692273
Spencer Robbins,M/F,"Nashville, Tenn.",womens-soccer,2022,36.1622767,-86.7742984
Stephanie Jung,M,"San Jose, Calif.",womens-soccer,2022,37.3361663,-121.890591
Ania Prussak,D,"Glen Ridge, N.J.",womens-soccer,2023,40.805378,-74.2037566
Annie Diaz-Silveira,F/M,"Miami, Fla.",womens-soccer,2023,25.7741566,-80.1935973
Ashlyn Fulgham,D,"San Antonio, Texas",womens-soccer,2023,29.4246002,-98.4951405
Charlyse Berry,F,"Alamo, Calif.",womens-soccer,2023,37.8551351,-122.0066891
Claire Pinnie,F,"West Chester, Pa.",womens-soccer,2023,39.9597389,-75.6044609
Courtney Ruedt,D,"Wayne, N.J.",womens-soccer,2023,40.9491723,-74.2376802
Elizabeth Matei,GK,"Davie, Fla.",womens-soccer,2023,26.0628665,-80.2331038
Grace Hurren,M/D,"Moorestown, N.J.",womens-soccer,2023,39.9670569,-74.9426677
Isabel Liu,D,"Dublin, Calif.",womens-soccer,2023,37.7021521,-121.9357918
Justina Bitzer,D,"Ann Arbor, Mich.",womens-soccer,2023,42.2813722,-83.7484616
Kat Jordan,M,"Sarasota, Fla.",womens-soccer,2023,27.3365805,-82.5308545
Katrina Chorzepa,GK,"Berlin, Conn.",womens-soccer,2023,41.621488,-72.7456519
Kendall McBride,F,"Falls Church, Va.",womens-soccer,2023,38.882334,-77.1710914
Lauren Rodriguez,GK,"Hamilton, N.Y.",womens-soccer,2023,43.6307863,-74.4659275
Madi Pilla,F,"Martinsville, N.J.",womens-soccer,2023,40.6012136,-74.5590452
Maia Beltran,F,"Oakland, Calif.",womens-soccer,2023,37.8044557,-122.271356
Maia Tabion,F/M,"Sammamish, Wash.",womens-soccer,2023,47.6017554,-122.0416844
Marcia Ojo,D,"Rahway, N.J.",womens-soccer,2023,40.6081591,-74.2776468
Nata Ramirez,F,"Elizabeth, N.J.",womens-soccer,2023,40.6639916,-74.2107006
Ola Weber,M,"Warren, N.J.",womens-soccer,2023,40.8602222,-74.9720493
Paige Nurkin,GK,"Charlotte, N.C.",womens-soccer,2023,35.2272086,-80.8430827
Ruby Hogue,D,"New York, N.Y.",womens-soccer,2023,40.7127281,-74.0060152
Sam Cohn,D,"Atlanta, Ga.",womens-soccer,2023,33.7544657,-84.3898151
Samantha Weiss,D,"Mercer Island, Wash.",womens-soccer,2023,47.5766324,-122.2276378
Shira Cohen,F,"Berkeley, Calif.",womens-soccer,2023,37.8708393,-122.272863
Sophia Ambrose,F,"Great Falls, Va.",womens-soccer,2023,39.0116538,-77.3083988
Sophia Cavaliere,M,"Bernardsville, N.J.",womens-soccer,2023,40.7186805,-74.5692273
Spencer Robbins,M/F,"Nashville, Tenn.",womens-soccer,2023,36.1622767,-86.7742984
Stephanie Jung,M,"San Jose, Calif.",womens-soccer,2023,37.3361663,-121.890591
Trinity Parameswaran,D,"Rye, N.Y.",womens-soccer,2023,40.9821371,-73.6840902
Akshaya Bahugudumbi,MID,"San Jose, Calif.",womens-soccer,2024,37.3361663,-121.890591
Angel Akanyirige,F,"Pleasanton, Calif.",womens-soccer,2024,37.6624312,-121.8746789
Ani Safaryan,F,"Red Hook, N.Y.",womens-soccer,2024,41.9950884,-73.8755317
Ania Prussak,D,"Glen Ridge, N.J.",womens-soccer,2024,40.805378,-74.2037566
Annie Faraone,MID,"Gaithersburg, Md.",womens-soccer,2024,39.1399187,-77.1929215
Aoife Turner,D,"Los Altos, Calif.",womens-soccer,2024,37.3790629,-122.116578
Charlyse Berry,F,"Alamo, Calif.",womens-soccer,2024,37.8551351,-122.0066891
Claire Pinnie,F,"West Chester, Pa.",womens-soccer,2024,39.9597389,-75.6044609
Courtney Ruedt,D,"Wayne, N.J.",womens-soccer,2024,40.9491723,-74.2376802
Dema Elder,MID,"Dearborn, Mich.",womens-soccer,2024,42.3222599,-83.1763145
Gabby Chan,MID,"New City, N.Y.",womens-soccer,2024,41.1509835,-73.9897782
Isabel Ackerman,GK,"Belleair, Fla.",womens-soccer,2024,27.9358543,-82.8062139
Isabel Liu,D,"Dublin, Calif.",womens-soccer,2024,37.7021521,-121.9357918
Justina Bitzer,D,"Ann Arbor, Mich.",womens-soccer,2024,42.2813722,-83.7484616
Katrina Chorzepa,GK,"Berlin, Conn.",womens-soccer,2024,41.621488,-72.7456519
Lauren Rodriguez,GK,"Hamilton, N.Y.",womens-soccer,2024,43.6307863,-74.4659275
Maia Beltran,F,"Oakland, Calif.",womens-soccer,2024,37.8044557,-122.271356
Maia Tabion,F/M,"Sammamish, Wash.",womens-soccer,2024,47.6017554,-122.0416844
Marcia Ojo,D,"Rahway, N.J.",womens-soccer,2024,40.6081591,-74.2776468
Nata Ramirez,F,"Elizabeth, N.J.",womens-soccer,2024,40.6639916,-74.2107006
Nosa Omorogbe,D,"Colonie, N.Y.",womens-soccer,2024,42.7178558,-73.8334554
Sam Cohn,D,"Atlanta, Ga.",womens-soccer,2024,33.7544657,-84.3898151
Samantha Mahoney,GK,"Brookline, Mass.",womens-soccer,2024,42.332918,-71.1187829
Samantha Weiss,D,"Mercer Island, Wash.",womens-soccer,2024,47.5766324,-122.2276378
Sammie Moncion,MID,"Bergenfield, N.J.",womens-soccer,2024,40.9275987,-73.9973608
Sevrin Kaese,F,"San Diego, Calif.",womens-soccer,2024,32.7157062,-117.1638284
Sophia Ambrose,F,"Great Falls, Va.",womens-soccer,2024,39.0116538,-77.3083988
Sophia Cavaliere,M,"Bernardsville, N.J.",womens-soccer,2024,40.7186805,-74.5692273
Sophia Stellabotte,F,"New York, N.Y.",womens-soccer,2024,40.7127281,-74.0060152
Spencer Robbins,M/F,"Nashville, Tenn.",womens-soccer,2024,36.1622767,-86.7742984
Stephanie Jung,M,"San Jose, Calif.",womens-soccer,2024,37.3361663,-121.890591
Trinity Parameswaran,D,"Rye, N.Y.",womens-soccer,2024,40.9821371,-73.6840902
Akshaya Bahugudumbi,MID,"San Jose, Calif.",womens-soccer,2025,37.3361663,-121.890591
Angel Akanyirige,F,"Pleasanton, Calif.",womens-soccer,2025,37.6624312,-121.8746789
Ani Safaryan,F,"Red Hook, N.Y.",womens-soccer,2025,41.9950884,-73.8755317
Annie Faraone,MID,"Gaithersburg, Md.",womens-soccer,2025,39.1399187,-77.1929215
Aoife Turner,D,"Los Altos, Calif.",womens-soccer,2025,37.3790629,-122.116578
Avery Sarzana,D,"Newton, Mass.",womens-soccer,2025,42.3300435,-71.194862
Cameron Lane,GK,"Westchester, Calif.",womens-soccer,2025,33.9597349,-118.400632
Charlyse Berry,F,"Alamo, Calif.",womens-soccer,2025,37.8551351,-122.0066891
Dema Elder,D,"Dearborn, Mich.",womens-soccer,2025,42.3222599,-83.1763145
Emme Pacheco-Hager,GK,"Rocky Hill, Conn.",womens-soccer,2025,41.6648216,-72.6392587
Evelyn Javers,F,"Bethesda, Md.",womens-soccer,2025,38.9812726,-77.1233587
Gabby Chan,MID,"New City, N.Y.",womens-soccer,2025,41.1509835,-73.9897782
Hanae Kambara-Coughlin,D,"San Francisco, Calif.",womens-soccer,2025,37.7879363,-122.4075201
Izzy Weiner,MID,"Bradenton, Fla.",womens-soccer,2025,27.4989278,-82.5748194
Justina Bitzer,D,"Ann Arbor, Mich.",womens-soccer,2025,42.2813722,-83.7484616
Katrina Chorzepa,GK,"Berlin, Conn.",womens-soccer,2025,41.621488,-72.7456519
Krystal Medina,MID,"Corona, Calif.",womens-soccer,2025,33.8752945,-117.566444
Leila Hawkins,D,"Loomis, Calif.",womens-soccer,2025,38.8212889,-121.193004
Lillie Hutchings,MID,"Norco, Calif.",womens-soccer,2025,33.9323307,-117.5508901
Lyla Geller,F,"Upper Saddle River, N.J.",womens-soccer,2025,41.0585352,-74.0984769
Maia Beltran,F,"Oakland, Calif.",womens-soccer,2025,37.8044557,-122.271356
Maia Tabion,F/M,"Sammamish, Wash.",womens-soccer,2025,47.6017554,-122.0416844
Nicole Kim,MID,"San Jose, Calif.",womens-soccer,2025,37.3361663,-121.890591
Nosa Omorogbe,D,"Colonie, N.Y.",womens-soccer,2025,42.7178558,-73.8334554
Rachel Chung,MID,"Oakton, Va.",womens-soccer,2025,38.896795,-77.2987377
Samantha Mahoney,GK,"Brookline, Mass.",womens-soccer,2025,42.332918,-71.1187829
Samantha Weiss,D,"Mercer Island, Wash.",womens-soccer,2025,47.5766324,-122.2276378
Sammie Moncion,MID,"Bergenfield, N.J.",womens-soccer,2025,40.9275987,-73.9973608
Sloane Carey,F,"Kentfield, Calif.",womens-soccer,2025,37.9458253,-122.5598368
Sophia Ambrose,F,"Great Falls, Va.",womens-soccer,2025,39.0116538,-77.3083988
Sophia Stellabotte,F,"New York, N.Y.",womens-soccer,2025,40.7127281,-74.0060152
Trinity Parameswaran,D,"Rye, N.Y.",womens-soccer,2025,40.9821371,-73.6840902
Alexa Lee,MID,"Marlboro, N.J.",womens-soccer,2026,39.4850245,-75.3211259
Angel Akanyirige,F,"Pleasanton, Calif.",womens-soccer,2026,37.6624312,-121.8746789
Angie Cao,D,"San Jose, Calif.",womens-soccer,2026,37.3361663,-121.890591
Annie Faraone,MID,"Gaithersburg, Md.",womens-soccer,2026,39.1399187,-77.1929215
Aoife Turner,D,"Los Altos, Calif.",womens-soccer,2026,37.3790629,-122.116578
Avery Sarzana,D,"Newton, Mass.",womens-soccer,2026,42.3300435,-71.194862
Dema Elder,D,"Dearborn, Mich.",womens-soccer,2026,42.3222599,-83.1763145
Emme Pacheco-Hager,GK,"Rocky Hill, Conn.",womens-soccer,2026,41.6648216,-72.6392587
Evelyn Javers,F,"Bethesda, Md.",womens-soccer,2026,38.9812726,-77.1233587
Gabby Chan,MID,"New City, N.Y.",womens-soccer,2026,41.1509835,-73.9897782
Hanae Kambara-Coughlin,D,"San Francisco, Calif.",womens-soccer,2026,37.7879363,-122.4075201
Helena Andrzejewski,D,"Apex, N.C.",womens-soccer,2026,35.7325352,-78.8505516
Izzy Weiner,MID,"Bradenton, Fla.",womens-soccer,2026,27.4989278,-82.5748194
Jules Arcoleo,D,"West Islip, N.Y.",womens-soccer,2026,40.7064515,-73.2987663
Kaitlyn Wright,F,"Ventura, Calif.",womens-soccer,2026,34.4458248,-119.0779359
Katrina Chorzepa,GK,"Berlin, Conn.",womens-soccer,2026,41.621488,-72.7456519
Krystal Medina,MID,"Corona, Calif.",womens-soccer,2026,33.8752945,-117.566444
Leila Hawkins,D,"Loomis, Calif.",womens-soccer,2026,38.8212889,-121.193004
Lyla Geller,F,"Upper Saddle River, N.J.",womens-soccer,2026,41.0585352,-74.0984769
Maia Beltran,F,"Oakland, Calif.",womens-soccer,2026,37.8044557,-122.271356
Maya Nuwayhid,F,"Saddle River, N.J.",womens-soccer,2026,41.0317637,-74.1020866
Nicole Kim,MID,"San Jose, Calif.",womens-soccer,2026,37.3361663,-121.890591
Nosa Omorogbe,D,"Colonie, N.Y.",womens-soccer,2026,42.7178558,-73.8334554
Olivia St. Pierre,MID,"Danvers, Mass.",womens-soccer,2026,42.5664984,-70.9362957
Rachel Chung,MID,"Oakton, Va.",womens-soccer,2026,38.896795,-77.2987377
Samantha Mahoney,GK,"Brookline, Mass.",womens-soccer,2026,42.332918,-71.1187829
Samantha Weiss,D,"Mercer Island, Wash.",womens-soccer,2026,47.5766324,-122.2276378
Sammie Moncion,MID,"Bergenfield, N.J.",womens-soccer,2026,40.9275987,-73.9973608
Sloane Carey,F,"Kentfield, Calif.",womens-soccer,2026,37.9458253,-122.5598368
Sophia Ambrose,F,"Great Falls, Va.",womens-soccer,2026,39.0116538,-77.3083988
Addie Fulton,,"Fairfield, Connecticut",womens-squash,2016,41.1412078,-73.2637258
Adele Bernhard,,"Brooklyn, N.Y.",womens-squash,2016,40.6526006,-73.9497211
Amaya Kothari,,"New Delhi, India",womens-squash,2016,28.6138954,77.2090057
Colette Sultana,,Malta,womens-squash,2016,35.9311442,14.3951627
Diana Masch,,"Warren, N.J.",womens-squash,2016,40.8602222,-74.9720493
Gabi Martin,,"New Haven, Conn.",womens-squash,2016,41.3082138,-72.9250518
Jui Kalgutkar,,"Mumbai, India",womens-squash,2016,19.054999,72.8692035
Maddie O'Connor,,"Toronto, Canada",womens-squash,2016,43.6534817,-79.3839347
Maryam Aly,,"Cairo, Egypt",womens-squash,2016,30.0443879,31.2357257
Maya Patel,,"Phoenixville, Pa.",womens-squash,2016,40.1338784,-75.5172827
Olivia Horwitz,,"Plymouth Meeting, Pa.",womens-squash,2016,40.102332,-75.2743467
Pierson Klein,,"Atlanta, Ga.",womens-squash,2016,33.7544657,-84.3898151
Tanvi Khanna,,"New Dehli, India",womens-squash,2016,28.6138954,77.2090057
Tara Dugel,,"Paradise Valley, Ariz.",womens-squash,2016,33.5324295,-111.9505123
Addie Fulton,,"Fairfield, Connecticut",womens-squash,2017,41.1412078,-73.2637258
Adele Bernhard,,"Brooklyn, N.Y.",womens-squash,2017,40.6526006,-73.9497211
Amaya Kothari,,"New Delhi, India",womens-squash,2017,28.6138954,77.2090057
Caroline Soper,,"New Haven, Conn.",womens-squash,2017,41.3082138,-72.9250518
Diana Masch,,"Warren, N.J.",womens-squash,2017,40.8602222,-74.9720493
Doria Chen,,"Wellesley, Mass.",womens-squash,2017,42.2964859,-71.2925571
Habiba Mohamed,,"Alexandria, Egypt",womens-squash,2017,31.1991806,29.8951716
Jane Pincus,,"Brooklyn, N.Y.",womens-squash,2017,40.6526006,-73.9497211
Jui Kalgutkar,,"Mumbai, India",womens-squash,2017,19.054999,72.8692035
Julia Masch,,"Warren, N.J.",womens-squash,2017,40.8602222,-74.9720493
Maddie O'Connor,,"Toronto, Canada",womens-squash,2017,43.6534817,-79.3839347
Maryam Aly,,"Cairo, Egypt",womens-squash,2017,30.0443879,31.2357257
Nicole Kendall,,"Richmond Hill, Ontario, Canada",womens-squash,2017,43.8801166,-79.4392925
Olivia Horwitz,,"Plymouth Meeting, Pa.",womens-squash,2017,40.102332,-75.2743467
Pallavi Sreedhar,,"Berwyn, PA",womens-squash,2017,40.0477701,-75.4421325
Tanvi Khanna,,"New Dehli, India",womens-squash,2017,28.6138954,77.2090057
Tara Dugel,,"Paradise Valley, Ariz.",womens-squash,2017,33.5324295,-111.9505123
Caroline Soper,,"New Haven, Conn.",womens-squash,2018,41.3082138,-72.9250518
Diana Masch,,"Warren, N.J.",womens-squash,2018,40.8602222,-74.9720493
Doria Chen,,"Wellesley, Mass.",womens-squash,2018,42.2964859,-71.2925571
Habiba Mohamed,,"Alexandria, Egypt",womens-squash,2018,31.1991806,29.8951716
Jane Pincus,,"Brooklyn, N.Y.",womens-squash,2018,40.6526006,-73.9497211
Jui Kalgutkar,,"Mumbai, India",womens-squash,2018,19.054999,72.8692035
Julia Masch,,"Warren, N.J.",womens-squash,2018,40.8602222,-74.9720493
Maddie O'Connor,,"Toronto, Canada",womens-squash,2018,43.6534817,-79.3839347
Nicole Kendall,,"Richmond Hill, Ontario, Canada",womens-squash,2018,43.8801166,-79.4392925
Pranjali Sharma,,"Pune, India",womens-squash,2018,18.5213738,73.8545071
Soo Hyun Hong,,"Seoul, South Korea",womens-squash,2018,37.5666791,126.9782914
Tara Dugel,,"Paradise Valley, Ariz.",womens-squash,2018,33.5324295,-111.9505123
Brenna Dugel,,"Paradise Valley, Ariz.",womens-squash,2019,33.5324295,-111.9505123
Bunny Fox,,"Wellesley, Mass.",womens-squash,2019,42.2964859,-71.2925571
Caroline Soper,,"New Haven, Conn.",womens-squash,2019,41.3082138,-72.9250518
Cindy Cao,,"Vancouver, British Columbia, Canada",womens-squash,2019,49.2608724,-123.113952
Doria Chen,,"Wellesley, Mass.",womens-squash,2019,42.2964859,-71.2925571
Elizabeth Lentz,,"Philadelphia, Pa.",womens-squash,2019,39.9527237,-75.1635262
Ellie McVeigh,,"Belfast, Northern Ireland",womens-squash,2019,54.596391,-5.9301829
Erica McGillicuddy,,"Toronto, Ontario, Canada",womens-squash,2019,43.6534817,-79.3839347
Habiba Mohamed,,"Alexandria, Egypt",womens-squash,2019,31.1991806,29.8951716
Jane Pincus,,"Brooklyn, N.Y.",womens-squash,2019,40.6526006,-73.9497211
Jui Kalgutkar,,"Mumbai, India",womens-squash,2019,19.054999,72.8692035
Julia Masch,,"Warren, N.J.",womens-squash,2019,40.8602222,-74.9720493
Nicole Kendall,,"Richmond Hill, Ontario, Canada",womens-squash,2019,43.8801166,-79.4392925
Pranjali Sharma,,"Pune, India",womens-squash,2019,18.5213738,73.8545071
Tara Dugel,,"Paradise Valley, Ariz.",womens-squash,2019,33.5324295,-111.9505123
Anika Kanchi,,"Saratoga, Calif.",womens-squash,2020,37.2638324,-122.0230146
Brenna Dugel,,"Paradise Valley, Ariz.",womens-squash,2020,33.5324295,-111.9505123
Bunny Fox,,"Wellesley, Mass.",womens-squash,2020,42.2964859,-71.2925571
Caroline Soper,,"New Haven, Conn.",womens-squash,2020,41.3082138,-72.9250518
Cindy Cao,,"Vancouver, British Columbia, Canada",womens-squash,2020,49.2608724,-123.113952
Doria Chen,,"Wellesley, Mass.",womens-squash,2020,42.2964859,-71.2925571
Elizabeth Lentz,,"Philadelphia, Pa.",womens-squash,2020,39.9527237,-75.1635262
Ellie McVeigh,,"Belfast, Northern Ireland",womens-squash,2020,54.596391,-5.9301829
Erica McGillicuddy,,"Toronto, Ontario, Canada",womens-squash,2020,43.6534817,-79.3839347
Farida Mohamed,,"Alexandria, Egypt",womens-squash,2020,31.1991806,29.8951716
Habiba Mohamed,,"Alexandria, Egypt",womens-squash,2020,31.1991806,29.8951716
Jane Pincus,,"Brooklyn, N.Y.",womens-squash,2020,40.6526006,-73.9497211
Jannia Singh,,"Chandigarh, India",womens-squash,2020,30.7334421,76.7797143
Julia Fink,,"New York, N.Y.",womens-squash,2020,40.7127281,-74.0060152
Julia Masch,,"Warren, N.J.",womens-squash,2020,40.8602222,-74.9720493
Megan Meyerson,,"New Canann, Conn.",womens-squash,2020,41.146763,-73.4948446
Naira Kothari,,"New Delhi, India",womens-squash,2020,28.6138954,77.2090057
Nicole Kendall,,"Richmond Hill, Ontario, Canada",womens-squash,2020,43.8801166,-79.4392925
Pranjali Sharma,,"Pune, India",womens-squash,2020,18.5213738,73.8545071
Renee Chan,,"Short Hills, N.J.",womens-squash,2020,40.7381585,-74.3377392
Rewa Bharma,,"Mumbai, India",womens-squash,2020,19.054999,72.8692035
Anika Kanchi,,"Saratoga, Calif.",womens-squash,2021,37.2638324,-122.0230146
Bunny Fox,,"Wellesley, Mass.",womens-squash,2021,42.2964859,-71.2925571
Cindy Cao,,"Vancouver, British Columbia, Canada",womens-squash,2021,49.2608724,-123.113952
Diksha Aurobindo,,"Salem, Tamil Nadu, India",womens-squash,2021,11.6469616,78.2106958
Elizabeth Lentz,,"Philadelphia, Pa.",womens-squash,2021,39.9527237,-75.1635262
Ellie McVeigh,,"Belfast, Northern Ireland",womens-squash,2021,54.596391,-5.9301829
Erica McGillicuddy,,"Toronto, Ontario, Canada",womens-squash,2021,43.6534817,-79.3839347
Farida Mohamed,,"Alexandria, Egypt",womens-squash,2021,31.1991806,29.8951716
Habiba Mohamed,,"Alexandria, Egypt",womens-squash,2021,31.1991806,29.8951716
Jannia Singh,,"Chandigarh, India",womens-squash,2021,30.7334421,76.7797143
Julia Fink,,"New York, N.Y.",womens-squash,2021,40.7127281,-74.0060152
Megan Meyerson,,"New Canann, Conn.",womens-squash,2021,41.146763,-73.4948446
Naira Kothari,,"New Delhi, India",womens-squash,2021,28.6138954,77.2090057
Pranjali Sharma,,"Pune, India",womens-squash,2021,18.5213738,73.8545071
Renee Chan,,"Short Hills, N.J.",womens-squash,2021,40.7381585,-74.3377392
Rewa Bharma,,"Mumbai, India",womens-squash,2021,19.054999,72.8692035
Sarah Cao,,"Vancouver, British Columbia, Canada",womens-squash,2021,49.2608724,-123.113952
Simmi Chan,,"Hong Kong, China",womens-squash,2021,22.2818333,114.1582831
Aleeza Khan,,"Oakville, Ontario, Canada",womens-squash,2022,43.447436,-79.666672
Amal Izhar,,"Oakville, Ontario, Canada",womens-squash,2022,43.447436,-79.666672
Diksha Aurobindo,,"Salem, Tamil Nadu, India",womens-squash,2022,11.6469616,78.2106958
Elizabeth Lentz,,"Philadelphia, Pa.",womens-squash,2022,39.9527237,-75.1635262
Ellie McVeigh,,"Belfast, Northern Ireland",womens-squash,2022,54.596391,-5.9301829
Erica McGillicuddy,,"Toronto, Ontario, Canada",womens-squash,2022,43.6534817,-79.3839347
Farida Mohamed,,"Alexandria, Egypt",womens-squash,2022,31.1991806,29.8951716
Julia Fink,,"New York, N.Y.",womens-squash,2022,40.7127281,-74.0060152
Kiro Manoharan,,"Stamford, Conn.",womens-squash,2022,41.0534302,-73.5387341
Megan Meyerson,,"New Canann, Conn.",womens-squash,2022,41.146763,-73.4948446
Navia Zhang,,Hong Kong,womens-squash,2022,22.2818333,114.1582831
Nourin Khalifa,,"Alexandria, Egypt",womens-squash,2022,31.1991806,29.8951716
Renee Chan,,"Short Hills, N.J.",womens-squash,2022,40.7381585,-74.3377392
Sarah Cao,,"Vancouver, British Columbia, Canada",womens-squash,2022,49.2608724,-123.113952
Shaivi Rau,,Singapore,womens-squash,2022,1.357107,103.8194992
Simmi Chan,,"Hong Kong, China",womens-squash,2022,22.2818333,114.1582831
Uditi Mishra,,"Jaipur, Rajasthan, India",womens-squash,2022,26.9154576,75.8189817
Advita Sharma,,"New Delhi, India",womens-squash,2023,28.6138954,77.2090057
Aleeza Khan,,"Oakville, Ontario, Canada",womens-squash,2023,43.447436,-79.666672
Amal Izhar,,"Oakville, Ontario, Canada",womens-squash,2023,43.447436,-79.666672
Erica McGillicuddy,,"Toronto, Ontario, Canada",womens-squash,2023,43.6534817,-79.3839347
Eugenia Li,,"Malvern, Pa.",womens-squash,2023,40.036202,-75.5138959
Kaavya Bansal,,"Mumbai, India",womens-squash,2023,19.054999,72.8692035
Megan Meyerson,,"New Canann, Conn.",womens-squash,2023,41.146763,-73.4948446
Nourin Khalifa,,"Alexandria, Egypt",womens-squash,2023,31.1991806,29.8951716
Renee Chan,,"Short Hills, N.J.",womens-squash,2023,40.7381585,-74.3377392
Shaivi Rau,,Singapore,womens-squash,2023,1.357107,103.8194992
Simmi Chan,,"Hong Kong, China",womens-squash,2023,22.2818333,114.1582831
Uditi Mishra,,"Jaipur, Rajasthan, India",womens-squash,2023,26.9154576,75.8189817
Advita Sharma,,"New Delhi, India",womens-squash,2024,28.6138954,77.2090057
Aleeza Khan,,"Oakville, Ontario, Canada",womens-squash,2024,43.447436,-79.666672
Amal Izhar,,"Oakville, Ontario, Canada",womens-squash,2024,43.447436,-79.666672
Andreea Ghiorghisor,,"Calarasi, Romania",womens-squash,2024,44.1961646,27.3313233
Eugenia Li,,"Malvern, Pa.",womens-squash,2024,40.036202,-75.5138959
Eva Salzman,,"New York, N.Y.",womens-squash,2024,40.7127281,-74.0060152
Kaavya Bansal,,"Mumbai, India",womens-squash,2024,19.054999,72.8692035
Nourin Khalifa,,"Alexandria, Egypt",womens-squash,2024,31.1991806,29.8951716
Renee Chan,,"Short Hills, N.J.",womens-squash,2024,40.7381585,-74.3377392
Shaivi Rau,,Singapore,womens-squash,2024,1.357107,103.8194992
Simmi Chan,,"Hong Kong, China",womens-squash,2024,22.2818333,114.1582831
Sophia Hu,,"Newtown Square, Pa.",womens-squash,2024,39.9868117,-75.4007633
Advita Sharma,,"New Delhi, India",womens-squash,2025,28.6138954,77.2090057
Amal Izhar,,"Oakville, Ontario, Canada",womens-squash,2025,43.447436,-79.666672
Andreea Ghiorghisor,,"Calarasi, Romania",womens-squash,2025,44.1961646,27.3313233
Charlie McCrone,,"Leyland, Lancashire, UK",womens-squash,2025,53.6904813,-2.6991336
Cynthia Yu,,"Vancouver, Canada",womens-squash,2025,49.2608724,-123.113952
Eugenia Li,,"Malvern, Pa.",womens-squash,2025,40.036202,-75.5138959
Eva Salzman,,"New York, N.Y.",womens-squash,2025,40.7127281,-74.0060152
Isha Gupta,,"Redwood City, Calif.",womens-squash,2025,37.4863239,-122.232523
Kaavya Bansal,,"Mumbai, India",womens-squash,2025,19.054999,72.8692035
Nourin Khalifa,,"Alexandria, Egypt",womens-squash,2025,31.1991806,29.8951716
Shaivi Rau,,Singapore,womens-squash,2025,1.357107,103.8194992
Sophia Hu,,"Newtown Square, Pa.",womens-squash,2025,39.9868117,-75.4007633
Yeheni Kuruppu,,"Colombo, Sri Lanka",womens-squash,2025,6.9388614,79.8542005
Advita Sharma,,"New Delhi, India",womens-squash,2026,28.6138954,77.2090057
Andreea Ghiorghisor,,"Calarasi, Romania",womens-squash,2026,44.1961646,27.3313233
Charlie McCrone,,"Leyland, Lancashire, UK",womens-squash,2026,53.6904813,-2.6991336
Claire Zhou,,"Kennett Square, Pa.",womens-squash,2026,39.8467414,-75.7116997
Cynthia Yu,,"Vancouver, Canada",womens-squash,2026,49.2608724,-123.113952
Elinor Fieldman,,"San Francisco, Calif.",womens-squash,2026,37.7879363,-122.4075201
Eugenia Li,,"Malvern, Pa.",womens-squash,2026,40.036202,-75.5138959
Eva Salzman,,"New York, N.Y.",womens-squash,2026,40.7127281,-74.0060152
Isha Gupta,,"Redwood City, Calif.",womens-squash,2026,37.4863239,-122.232523
Kaavya Bansal,,"Mumbai, India",womens-squash,2026,19.054999,72.8692035
Kenzy Abostate,,"Cairo, Egypt",womens-squash,2026,30.0443879,31.2357257
Margaret Ruger,,"Philadelphia, Pa.",womens-squash,2026,39.9527237,-75.1635262
Maya Mandour,,"Cairo, Egypt",womens-squash,2026,30.0443879,31.2357257
Rachel Yun,,"San Mateo, Calif.",womens-squash,2026,37.496904,-122.3330573
Sophia Hu,,"Newtown Square, Pa.",womens-squash,2026,39.9868117,-75.4007633
Yeheni Kuruppu,,"Colombo, Sri Lanka",womens-squash,2026,6.9388614,79.8542005
Aileen Lee,Breast/IM,"San Ramon, Calif.",womens-swimming-and-diving,2016,37.7648021,-121.9544387
Alice Boutant,Free/Back,"Paris, France",womens-swimming-and-diving,2016,48.8534951,2.3483915
Amy Zhang,Back/Free,"Orangeburg, N.Y.",womens-swimming-and-diving,2016,41.0514735,-73.9343136
Arianna Noya,Free,"Miami, Fla.",womens-swimming-and-diving,2016,25.7741566,-80.1935973
Audrey Richter,Free/Fly,"Rockville, Md.",womens-swimming-and-diving,2016,39.0817985,-77.1516844
Brooke Bernardin,Diving,"Arlington, Mass.",womens-swimming-and-diving,2016,42.4153739,-71.1564428
Celia Frick,Breast/Free/IM,"Chester, N.J.",womens-swimming-and-diving,2016,40.7842667,-74.6968284
Chloe Hacker,Diving,"Tempe, Ariz.",womens-swimming-and-diving,2016,33.4255117,-111.940016
Clare MacNamara,Free,"River Forest, Ill.",womens-swimming-and-diving,2016,41.8978091,-87.8139483
Cristina Frias,Free/Back,"Riverside, Conn.",womens-swimming-and-diving,2016,41.0314897,-73.5833604
Elisa Fang,Free/Fly,"Bellevue, Wash.",womens-swimming-and-diving,2016,47.6144219,-122.192337
Emily Clifford,Fly/Free/IM,"Tampa, Fla.",womens-swimming-and-diving,2016,27.9449854,-82.4583107
Gabby Isom,Free/Breast,"New York, N.Y.",womens-swimming-and-diving,2016,40.7127281,-74.0060152
Gabby Ramil,Diving,"Freemont, Calif.",womens-swimming-and-diving,2016,33.9982277,-117.0260667
Helen Wojdylo,Breast,"Manchester, Mo.",womens-swimming-and-diving,2016,38.5925305,-90.5107453
Isabel Weiss,Diving,"Portland, Ore.",womens-swimming-and-diving,2016,45.5202471,-122.674194
Isabelle Jubin,Free,"Alexandria, Va.",womens-swimming-and-diving,2016,38.8051095,-77.0470229
Jennifer Shahar,Breast/Free,"Morristown, N.J.",womens-swimming-and-diving,2016,40.7970382,-74.4809868
Jessica Antiles,IM/Free,"South Orange, N.J.",womens-swimming-and-diving,2016,40.7474966,-74.2635376
Julia Samson,Back,"Clifton Park, N.Y.",womens-swimming-and-diving,2016,42.8630374,-73.7747623
Kathleen O'Rourke,Free/Back,"Lawrenceville, N.J.",womens-swimming-and-diving,2016,40.3009876,-74.7373728
Kelsey Ables,Back/Free,"Orchard Park, N.Y.",womens-swimming-and-diving,2016,42.7670376,-78.7435517
Kim Yang,Diving,"Sudbury, Mass",womens-swimming-and-diving,2016,42.3834278,-71.4161725
Lisa Zhang,Back/Fly,"Canton, Michigan",womens-swimming-and-diving,2016,42.7269261,-84.6433146
Maddie Pujadas,Breast/Free,"Brywn Mawr, Pa.",womens-swimming-and-diving,2016,40.0238245,-75.3173407
Malavika Pande,Free/Back,"Greenwich, Conn.",womens-swimming-and-diving,2016,41.0264862,-73.6284598
Mary Ashby,Free/Back,"Moraga, Calif.",womens-swimming-and-diving,2016,37.834897,-122.12883
Maureen Rakovec,Free,"Parma Heights, Ohio",womens-swimming-and-diving,2016,41.3914132,-81.7598257
Michelle Shen,Fly,"West Roxbury, Mass.",womens-swimming-and-diving,2016,42.2792649,-71.1494972
Miriyam Ghali,Fly/Back,"Fort Lauderdale, Fla.",womens-swimming-and-diving,2016,26.1223084,-80.1433786
Molly Zebker,Fly/IM,"Palo Alto, Calif.",womens-swimming-and-diving,2016,37.4443293,-122.1598465
Nicole Papsco,Breast/IM,"Northport, N.Y.",womens-swimming-and-diving,2016,40.9009595,-73.343167
Scottie Berridge,Breast,"Scarsdale, N.Y.",womens-swimming-and-diving,2016,40.9885221,-73.8085608
Seanna Barrett,Diving,"West Hempstead, N.Y.",womens-swimming-and-diving,2016,40.697763,-73.6499019
Trudi Patrick,Fly,"Brookville, N.Y.",womens-swimming-and-diving,2016,40.8131553,-73.5673482
Aileen Lee,Breast/IM,"San Ramon, Calif.",womens-swimming-and-diving,2017,37.7648021,-121.9544387
Allyssa Phelps,Free,"Golden Valley, Minn.",womens-swimming-and-diving,2017,44.9861176,-93.3784618
Arianna Noya,Free,"Miami, Fla.",womens-swimming-and-diving,2017,25.7741566,-80.1935973
Audrey Richter,Free/Fly,"Rockville, Md.",womens-swimming-and-diving,2017,39.0817985,-77.1516844
Brooke Bernardin,Diving,"Arlington, Mass.",womens-swimming-and-diving,2017,42.4153739,-71.1564428
Chloe Hacker,Diving,"Tempe, Ariz.",womens-swimming-and-diving,2017,33.4255117,-111.940016
Clare MacNamara,Free,"River Forest, Ill.",womens-swimming-and-diving,2017,41.8978091,-87.8139483
Elisa Fang,Free/Fly,"Bellevue, Wash.",womens-swimming-and-diving,2017,47.6144219,-122.192337
Emily Wang,Fly,"Potomac, Md.",womens-swimming-and-diving,2017,39.0180508,-77.1956331
Eva Crouse,Free/Breast,"Suffield, Conn.",womens-swimming-and-diving,2017,41.9816944,-72.6506604
Helen Wojdylo,Breast,"Manchester, Mo.",womens-swimming-and-diving,2017,38.5925305,-90.5107453
Isabel Weiss,Diving,"Portland, Ore.",womens-swimming-and-diving,2017,45.5202471,-122.674194
Isabelle Jubin,Free,"Alexandria, Va.",womens-swimming-and-diving,2017,38.8051095,-77.0470229
Jamie Lee,Back,"Bedford Corners, N.Y.",womens-swimming-and-diving,2017,42.05451,-78.3114042
Jessica Antiles,IM/Free,"South Orange, N.J.",womens-swimming-and-diving,2017,40.7474966,-74.2635376
Jessica He,Fly/Free/IM,"Fremont, Calif.",womens-swimming-and-diving,2017,37.5482697,-121.988571
Julia Samson,Back,"Clifton Park, N.Y.",womens-swimming-and-diving,2017,42.8630374,-73.7747623
Kasia Malendowicz,Free,"Chappaqua, N.Y.",womens-swimming-and-diving,2017,41.157284,-73.7676998
Kathleen O'Rourke,Free/Back,"Lawrenceville, N.J.",womens-swimming-and-diving,2017,40.3009876,-74.7373728
Kelsey Ables,Back/Free,"Orchard Park, N.Y.",womens-swimming-and-diving,2017,42.7670376,-78.7435517
Kim Yang,Diving,"Sudbury, Mass",womens-swimming-and-diving,2017,42.3834278,-71.4161725
Lilly Yi,Diving,"Vancouver, BC",womens-swimming-and-diving,2017,49.2608724,-123.113952
Lisa Zhang,Back/Fly,"Canton, Michigan",womens-swimming-and-diving,2017,42.7269261,-84.6433146
Mary Ashby,Free/Back,"Moraga, Calif.",womens-swimming-and-diving,2017,37.834897,-122.12883
Maureen Rakovec,Free,"Parma Heights, Ohio",womens-swimming-and-diving,2017,41.3914132,-81.7598257
Miriyam Ghali,Fly/Back,"Fort Lauderdale, Fla.",womens-swimming-and-diving,2017,26.1223084,-80.1433786
Nicole Papsco,Breast/IM,"Northport, N.Y.",womens-swimming-and-diving,2017,40.9009595,-73.343167
Scottie Berridge,Breast,"Scarsdale, N.Y.",womens-swimming-and-diving,2017,40.9885221,-73.8085608
Seanna Barrett,Diving,"West Hempstead, N.Y.",womens-swimming-and-diving,2017,40.697763,-73.6499019
Stefanie Ting,Breast,"Saratoga, Calif.",womens-swimming-and-diving,2017,37.2638324,-122.0230146
Susie Zhu,Free,"Coconut Creek, Fla.",womens-swimming-and-diving,2017,26.2517482,-80.1789351
Aileen Lee,Breast/IM,"San Ramon, Calif.",womens-swimming-and-diving,2018,37.7648021,-121.9544387
Allyssa Phelps,Free,"Golden Valley, Minn.",womens-swimming-and-diving,2018,44.9861176,-93.3784618
Arianna Noya,Free,"Miami, Fla.",womens-swimming-and-diving,2018,25.7741566,-80.1935973
Audrey Richter,Free/Fly,"Rockville, Md.",womens-swimming-and-diving,2018,39.0817985,-77.1516844
Briget Rosendahl,Diving,"Los Angeles, Calif.",womens-swimming-and-diving,2018,34.0536909,-118.242766
Claire Lin,Free,"Palo Alto, Calif.",womens-swimming-and-diving,2018,37.4443293,-122.1598465
Clare Larsen,Free/IM,"Los Angeles, Calif.",womens-swimming-and-diving,2018,34.0536909,-118.242766
Clare MacNamara,Free,"River Forest, Ill.",womens-swimming-and-diving,2018,41.8978091,-87.8139483
Cleo Lim,Fly/IM,"Tenafly, N.J.",womens-swimming-and-diving,2018,40.9253766,-73.9629154
Elisa Fang,Free/Fly,"Bellevue, Wash.",womens-swimming-and-diving,2018,47.6144219,-122.192337
Emily Wang,Fly,"Potomac, Md.",womens-swimming-and-diving,2018,39.0180508,-77.1956331
Eva Crouse,Free/Breast,"Suffield, Conn.",womens-swimming-and-diving,2018,41.9816944,-72.6506604
Helen Wojdylo,Breast,"Manchester, Mo.",womens-swimming-and-diving,2018,38.5925305,-90.5107453
Isabelle Jubin,Free,"Alexandria, Va.",womens-swimming-and-diving,2018,38.8051095,-77.0470229
Jessica Antiles,IM/Breast,"South Orange, N.J.",womens-swimming-and-diving,2018,40.7474966,-74.2635376
Jessica He,Fly/Free/IM,"Fremont, Calif.",womens-swimming-and-diving,2018,37.5482697,-121.988571
Julia Samson,Back,"Clifton Park, N.Y.",womens-swimming-and-diving,2018,42.8630374,-73.7747623
Kasey Karkoska,Back,"Laguna Beach, Calif.",womens-swimming-and-diving,2018,33.5426975,-117.785366
Kim Yang,Diving,"Sudbury, Mass",womens-swimming-and-diving,2018,42.3834278,-71.4161725
Lilly Yi,Diving,"Vancouver, BC",womens-swimming-and-diving,2018,49.2608724,-123.113952
Lindsay Rispoli,Breast,"New Providence, N.J.",womens-swimming-and-diving,2018,40.6984348,-74.4015405
Lisa Zhang,Back/Fly,"Canton, Michigan",womens-swimming-and-diving,2018,42.7269261,-84.6433146
Madison Leblanc,Breast/IM/Free,"Scottsdale, Ariz.",womens-swimming-and-diving,2018,33.4942189,-111.926018
Mary Ashby,Free/Back,"Moraga, Calif.",womens-swimming-and-diving,2018,37.834897,-122.12883
Mary Pruden,IM/Back/DIst,"Raleigh, N.C.",womens-swimming-and-diving,2018,35.7803977,-78.6390989
Maureen Rakovec,Free,"Parma Heights, Ohio",womens-swimming-and-diving,2018,41.3914132,-81.7598257
Michelle Lee,Diving,"Los Angeles, Calif.",womens-swimming-and-diving,2018,34.0536909,-118.242766
Miriyam Ghali,Fly/Back,"Fort Lauderdale, Fla.",womens-swimming-and-diving,2018,26.1223084,-80.1433786
Scottie Berridge,Breast,"Scarsdale, N.Y.",womens-swimming-and-diving,2018,40.9885221,-73.8085608
Seanna Barrett,Diving,"West Hempstead, N.Y.",womens-swimming-and-diving,2018,40.697763,-73.6499019
Stefanie Ting,Breast,"Saratoga, Calif.",womens-swimming-and-diving,2018,37.2638324,-122.0230146
Susie Zhu,Free,"Coconut Creek, Fla.",womens-swimming-and-diving,2018,26.2517482,-80.1789351
Yani Le,Breast,"Bellingham, Wash.",womens-swimming-and-diving,2018,48.7544012,-122.478836
Allyssa Phelps,Free,"Golden Valley, Minn.",womens-swimming-and-diving,2019,44.9861176,-93.3784618
Audrey Richter,Free/Fly,"Rockville, Md.",womens-swimming-and-diving,2019,39.0817985,-77.1516844
Briget Rosendahl,Diving,"Los Angeles, Calif.",womens-swimming-and-diving,2019,34.0536909,-118.242766
Claire Lin,Free,"Palo Alto, Calif.",womens-swimming-and-diving,2019,37.4443293,-122.1598465
Clare Larsen,Free/IM,"Los Angeles, Calif.",womens-swimming-and-diving,2019,34.0536909,-118.242766
Clare MacNamara,Free,"River Forest, Ill.",womens-swimming-and-diving,2019,41.8978091,-87.8139483
Cleo Lim,Fly/IM,"Tenafly, N.J.",womens-swimming-and-diving,2019,40.9253766,-73.9629154
Elisa Fang,Free/Fly,"Bellevue, Wash.",womens-swimming-and-diving,2019,47.6144219,-122.192337
Emily Wang,Fly,"Potomac, Md.",womens-swimming-and-diving,2019,39.0180508,-77.1956331
Helen Wojdylo,Breast,"Manchester, Mo.",womens-swimming-and-diving,2019,38.5925305,-90.5107453
Isabella Fratesi,Breast/Free,"Scottsdale, Ariz.",womens-swimming-and-diving,2019,33.4942189,-111.926018
Isabelle Arevalo,Free,"Spring Valley, N.Y.",womens-swimming-and-diving,2019,41.1130231,-74.0437839
Isabelle Jubin,Free,"Alexandria, Va.",womens-swimming-and-diving,2019,38.8051095,-77.0470229
Jessica He,Fly/Free/IM,"Fremont, Calif.",womens-swimming-and-diving,2019,37.5482697,-121.988571
Jessica Peng,Fly/Free,"College Station, Texas",womens-swimming-and-diving,2019,30.6183939,-96.3455991
Jing Tan,Fly/Back/IM,"Rockville, Md.",womens-swimming-and-diving,2019,39.0817985,-77.1516844
Julia Samson,Back,"Clifton Park, N.Y.",womens-swimming-and-diving,2019,42.8630374,-73.7747623
Kaleigh McGrady,Free,"Atlanta, Ga.",womens-swimming-and-diving,2019,33.7544657,-84.3898151
Karen Liu,IM/Free,Hong Kong,womens-swimming-and-diving,2019,22.2818333,114.1582831
Kasey Karkoska,Back,"Laguna Beach, Calif.",womens-swimming-and-diving,2019,33.5426975,-117.785366
Lilly Yi,Diving,"Vancouver, BC",womens-swimming-and-diving,2019,49.2608724,-123.113952
Lindsay Rispoli,Breast,"New Providence, N.J.",womens-swimming-and-diving,2019,40.6984348,-74.4015405
Lisa Zhang,Back/Fly,"Canton, Michigan",womens-swimming-and-diving,2019,42.7269261,-84.6433146
Livy Poulin,Diving,"Concord, Mass.",womens-swimming-and-diving,2019,42.4605189,-71.3488963
Madison Leblanc,Breast/IM/Free,"Scottsdale, Ariz.",womens-swimming-and-diving,2019,33.4942189,-111.926018
Mary Pruden,IM/Back/DIst,"Raleigh, N.C.",womens-swimming-and-diving,2019,35.7803977,-78.6390989
Michelle Lee,Diving,"Los Angeles, Calif.",womens-swimming-and-diving,2019,34.0536909,-118.242766
Olivia Jubin,Free,"Alexandria, Va.",womens-swimming-and-diving,2019,38.8051095,-77.0470229
Olivia Ricard,Diving,"Naples, Fla.",womens-swimming-and-diving,2019,26.1421976,-81.7942944
Scottie Berridge,Breast,"Scarsdale, N.Y.",womens-swimming-and-diving,2019,40.9885221,-73.8085608
Tina Le,Free,"Santa Clara, Calif.",womens-swimming-and-diving,2019,37.2333253,-121.6846349
Yani Le,Breast,"Bellingham, Wash.",womens-swimming-and-diving,2019,48.7544012,-122.478836
Alice Diakova,Diving,"Rochester, N.Y.",womens-swimming-and-diving,2020,43.157285,-77.615214
Allegra Walker,Breast,"Dunbarton, N.H.",womens-swimming-and-diving,2020,43.102988,-71.617126
Allyssa Phelps,Free,"Golden Valley, Minn.",womens-swimming-and-diving,2020,44.9861176,-93.3784618
Aniston Eyre,Free,"Makawao, Hawaii",womens-swimming-and-diving,2020,20.8510965,-156.3237171
Aziza Ganihanova,Free/Back,"Annandale, N.J.",womens-swimming-and-diving,2020,40.6475975,-74.8862631
Briget Rosendahl,Diving,"Los Angeles, Calif.",womens-swimming-and-diving,2020,34.0536909,-118.242766
Callie Breiter,Free,"Lincoln, Mass.",womens-swimming-and-diving,2020,42.4259283,-71.3039469
Carly Yasko,Free,"Newport Beach, Calif.",womens-swimming-and-diving,2020,33.6170092,-117.9294401
Claire Lin,Free,"Palo Alto, Calif.",womens-swimming-and-diving,2020,37.4443293,-122.1598465
Clare Larsen,Free/IM,"Los Angeles, Calif.",womens-swimming-and-diving,2020,34.0536909,-118.242766
Cleo Lim,Fly/IM,"Tenafly, N.J.",womens-swimming-and-diving,2020,40.9253766,-73.9629154
Elif Ozyurekoglu,Back/Fly/Free,"Louisville, Ky.",womens-swimming-and-diving,2020,38.2542376,-85.759407
Emily Wang,Fly,"Potomac, Md.",womens-swimming-and-diving,2020,39.0180508,-77.1956331
Emma Babashak,Free/Fly,"Wilton, Conn.",womens-swimming-and-diving,2020,41.1953739,-73.4378988
Georgia Young,Free,"Santa Monica, Calif.",womens-swimming-and-diving,2020,34.0194704,-118.491227
Isabella Fratesi,Breast/Free,"Scottsdale, Ariz.",womens-swimming-and-diving,2020,33.4942189,-111.926018
Isabelle Arevalo,Free,"Spring Valley, N.Y.",womens-swimming-and-diving,2020,41.1130231,-74.0437839
Jazlynn Pak,Fly/Free,"Bothell, Wash.",womens-swimming-and-diving,2020,47.7623204,-122.2054035
Jessica He,Fly/Free/IM,"Fremont, Calif.",womens-swimming-and-diving,2020,37.5482697,-121.988571
Jessica Peng,Fly/Free,"College Station, Texas",womens-swimming-and-diving,2020,30.6183939,-96.3455991
Jing Tan,Fly/Back/IM,"Rockville, Md.",womens-swimming-and-diving,2020,39.0817985,-77.1516844
Kaleigh McGrady,Free,"Atlanta, Ga.",womens-swimming-and-diving,2020,33.7544657,-84.3898151
Karen Liu,IM/Free,Hong Kong,womens-swimming-and-diving,2020,22.2818333,114.1582831
Kasey Karkoska,Back,"Laguna Beach, Calif.",womens-swimming-and-diving,2020,33.5426975,-117.785366
Lilly Yi,Diving,"Vancouver, BC",womens-swimming-and-diving,2020,49.2608724,-123.113952
Lindsay Rispoli,Breast,"New Providence, N.J.",womens-swimming-and-diving,2020,40.6984348,-74.4015405
Madison Leblanc,Breast/IM/Free,"Scottsdale, Ariz.",womens-swimming-and-diving,2020,33.4942189,-111.926018
Mary Pruden,IM/Back/DIst,"Raleigh, N.C.",womens-swimming-and-diving,2020,35.7803977,-78.6390989
Mia Saenger,Back/Free,"Eugene, Ore.",womens-swimming-and-diving,2020,44.0505054,-123.0950506
Michelle Lee,Diving,"Los Angeles, Calif.",womens-swimming-and-diving,2020,34.0536909,-118.242766
Olivia Jubin,Free,"Alexandria, Va.",womens-swimming-and-diving,2020,38.8051095,-77.0470229
Olivia Ricard,Diving,"Naples, Fla.",womens-swimming-and-diving,2020,26.1421976,-81.7942944
Tina Le,Free,"Santa Clara, Calif.",womens-swimming-and-diving,2020,37.2333253,-121.6846349
Yani Le,Breast,"Bellingham, Wash.",womens-swimming-and-diving,2020,48.7544012,-122.478836
Aastha Mehta,Free/Back,"Mountain View, Calif.",womens-swimming-and-diving,2021,37.3893889,-122.0832101
Alice Diakova,Diving,"Rochester, N.Y.",womens-swimming-and-diving,2021,43.157285,-77.615214
Allegra Walker,Breast,"Dunbarton, N.H.",womens-swimming-and-diving,2021,43.102988,-71.617126
Allison Martin,Free/IM,"McLean, Va.",womens-swimming-and-diving,2021,38.9366852,-77.185843
Aniston Eyre,Free,"Makawao, Hawaii",womens-swimming-and-diving,2021,20.8510965,-156.3237171
Anthea Wong,Fly,Hong Kong,womens-swimming-and-diving,2021,22.2818333,114.1582831
Ashley Hu,Breast,"Scarsdale, N.Y.",womens-swimming-and-diving,2021,40.9885221,-73.8085608
Aziza Ganihanova,Free/Back,"Annandale, N.J.",womens-swimming-and-diving,2021,40.6475975,-74.8862631
Briget Rosendahl,Diving,"Los Angeles, Calif.",womens-swimming-and-diving,2021,34.0536909,-118.242766
Callie Breiter,Free,"Lincoln, Mass.",womens-swimming-and-diving,2021,42.4259283,-71.3039469
Carly Yasko,Free,"Newport Beach, Calif.",womens-swimming-and-diving,2021,33.6170092,-117.9294401
Claire Lin,Free,"Palo Alto, Calif.",womens-swimming-and-diving,2021,37.4443293,-122.1598465
Clare Larsen,Free/IM,"Los Angeles, Calif.",womens-swimming-and-diving,2021,34.0536909,-118.242766
Cleo Lim,Fly/IM,"Tenafly, N.J.",womens-swimming-and-diving,2021,40.9253766,-73.9629154
Elif Ozyurekoglu,Back,"Louisville, Ky.",womens-swimming-and-diving,2021,38.2542376,-85.759407
Emily MacDonald,Free,"Kingston, Jamaica",womens-swimming-and-diving,2021,17.9712148,-76.7928128
Emily Wang,Fly,"Potomac, Md.",womens-swimming-and-diving,2021,39.0180508,-77.1956331
Emma Babashak,Free/Fly,"Wilton, Conn.",womens-swimming-and-diving,2021,41.1953739,-73.4378988
Georgia Young,Free,"Santa Monica, Calif.",womens-swimming-and-diving,2021,34.0194704,-118.491227
Hannah Hailu,Back/Fly,"Omaha, Neb.",womens-swimming-and-diving,2021,41.2587459,-95.9383758
Isabella Fratesi,Breast/Free,"Scottsdale, Ariz.",womens-swimming-and-diving,2021,33.4942189,-111.926018
Isabelle Arevalo,Free,"Spring Valley, N.Y.",womens-swimming-and-diving,2021,41.1130231,-74.0437839
Jazlynn Pak,Fly/Free,"Bothell, Wash.",womens-swimming-and-diving,2021,47.7623204,-122.2054035
Jessica Peng,Fly/Free,"College Station, Texas",womens-swimming-and-diving,2021,30.6183939,-96.3455991
Jing Tan,Fly/Back/IM,"Rockville, Md.",womens-swimming-and-diving,2021,39.0817985,-77.1516844
Julia Unas,IM/Breast,"Santa Clarita, Calif.",womens-swimming-and-diving,2021,34.4127963,-118.5538088
Kaleigh McGrady,Free,"Atlanta, Ga.",womens-swimming-and-diving,2021,33.7544657,-84.3898151
Karen Liu,IM/Free,Hong Kong,womens-swimming-and-diving,2021,22.2818333,114.1582831
Kasey Karkoska,Back,"Laguna Beach, Calif.",womens-swimming-and-diving,2021,33.5426975,-117.785366
Lindsay Rispoli,Breast,"New Providence, N.J.",womens-swimming-and-diving,2021,40.6984348,-74.4015405
Macy Pine,Diving,"Los Angeles, Calif.",womens-swimming-and-diving,2021,34.0536909,-118.242766
Madison Leblanc,Breast/IM/Free,"Scottsdale, Ariz.",womens-swimming-and-diving,2021,33.4942189,-111.926018
Mary Pruden,IM/Back/DIst,"Raleigh, N.C.",womens-swimming-and-diving,2021,35.7803977,-78.6390989
Mia Saenger,Back/Free,"Eugene, Ore.",womens-swimming-and-diving,2021,44.0505054,-123.0950506
Michelle Lee,Diving,"Los Angeles, Calif.",womens-swimming-and-diving,2021,34.0536909,-118.242766
Olivia Jubin,Free,"Alexandria, Va.",womens-swimming-and-diving,2021,38.8051095,-77.0470229
Olivia Ricard,Diving,"Naples, Fla.",womens-swimming-and-diving,2021,26.1421976,-81.7942944
Riley Pujadas,Back,"Devon, Pa.",womens-swimming-and-diving,2021,40.0473603,-75.4229511
Taylor Whang,Breast/IM,"Park Ridge, N.J.",womens-swimming-and-diving,2021,41.035965,-74.0415551
Tina Le,Free,"Santa Clara, Calif.",womens-swimming-and-diving,2021,37.2333253,-121.6846349
Yani Le,Breast,"Bellingham, Wash.",womens-swimming-and-diving,2021,48.7544012,-122.478836
Aastha Mehta,Free/Back,"Mountain View, Calif.",womens-swimming-and-diving,2022,37.3893889,-122.0832101
Alice Diakova,Diving,"Rochester, N.Y.",womens-swimming-and-diving,2022,43.157285,-77.615214
Allegra Walker,Breast,"Dunbarton, N.H.",womens-swimming-and-diving,2022,43.102988,-71.617126
Allison Martin,Free/IM,"McLean, Va.",womens-swimming-and-diving,2022,38.9366852,-77.185843
Aniston Eyre,Free,"Makawao, Hawaii",womens-swimming-and-diving,2022,20.8510965,-156.3237171
Anthea Wong,Fly,Hong Kong,womens-swimming-and-diving,2022,22.2818333,114.1582831
Ashley Hu,Breast,"Scarsdale, N.Y.",womens-swimming-and-diving,2022,40.9885221,-73.8085608
Aziza Ganihanova,Free/Back,"Annandale, N.J.",womens-swimming-and-diving,2022,40.6475975,-74.8862631
Callie Breiter,Free,"Lincoln, Mass.",womens-swimming-and-diving,2022,42.4259283,-71.3039469
Charlize Phillips,Fly/Free,"Fresno, Calif.",womens-swimming-and-diving,2022,36.7394421,-119.78483
Chloe Leung,Diving,"Menlo Park, Calif.",womens-swimming-and-diving,2022,37.4519671,-122.177992
Emily MacDonald,Free,"Kingston, Jamaica",womens-swimming-and-diving,2022,17.9712148,-76.7928128
Emma Babashak,Free/Fly,"Wilton, Conn.",womens-swimming-and-diving,2022,41.1953739,-73.4378988
Georgia Young,Free,"Santa Monica, Calif.",womens-swimming-and-diving,2022,34.0194704,-118.491227
Grace Dunn,Distance,"Phoeniz, Ariz.",womens-swimming-and-diving,2022,33.4484367,-112.074141
Grace Zhou,Fly/Back/IM,"Bridgewater, N.J.",womens-swimming-and-diving,2022,40.5598127,-74.5517146
Hannah Hailu,Back/Fly,"Omaha, Neb.",womens-swimming-and-diving,2022,41.2587459,-95.9383758
Hayley Reed,Fly/Free,"Carmel, Ind.",womens-swimming-and-diving,2022,39.9784186,-86.1283681
Hutton Saunders,Free,"Greenwich, Conn.",womens-swimming-and-diving,2022,41.0264862,-73.6284598
Isabella Fratesi,Breast/Free,"Scottsdale, Ariz.",womens-swimming-and-diving,2022,33.4942189,-111.926018
Isabelle Arevalo,Free,"Spring Valley, N.Y.",womens-swimming-and-diving,2022,41.1130231,-74.0437839
Jazlynn Pak,Fly/Free,"Bothell, Wash.",womens-swimming-and-diving,2022,47.7623204,-122.2054035
Jessica Peng,Fly/Free,"College Station, Texas",womens-swimming-and-diving,2022,30.6183939,-96.3455991
Jing Tan,Fly/Back/IM,"Rockville, Md.",womens-swimming-and-diving,2022,39.0817985,-77.1516844
Julia Unas,IM/Breast,"Santa Clarita, Calif.",womens-swimming-and-diving,2022,34.4127963,-118.5538088
Karen Liu,IM/Free,Hong Kong,womens-swimming-and-diving,2022,22.2818333,114.1582831
Lindsay Orringer,ly/Back/Free,"Ann Arbor, Mich.",womens-swimming-and-diving,2022,42.2813722,-83.7484616
Macy Pine,Diving,"Los Angeles, Calif.",womens-swimming-and-diving,2022,34.0536909,-118.242766
Mia Saenger,Back/Free,"Eugene, Ore.",womens-swimming-and-diving,2022,44.0505054,-123.0950506
Olivia Jubin,Free,"Alexandria, Va.",womens-swimming-and-diving,2022,38.8051095,-77.0470229
Olivia Kim,Free,"Pleasanton, Calif.",womens-swimming-and-diving,2022,37.6624312,-121.8746789
Olivia Ricard,Diving,"Naples, Fla.",womens-swimming-and-diving,2022,26.1421976,-81.7942944
Riley Pujadas,Back,"Devon, Pa.",womens-swimming-and-diving,2022,40.0473603,-75.4229511
Sally Ma,Free/Fly,"Champaign, Ill.",womens-swimming-and-diving,2022,40.1164841,-88.2430932
Taylor Whang,Breast/IM,"Park Ridge, N.J.",womens-swimming-and-diving,2022,41.035965,-74.0415551
Theadora Leimone,Fly/Free/IM,"Los Angeles, Calif.",womens-swimming-and-diving,2022,34.0536909,-118.242766
Tina Le,Free,"Santa Clara, Calif.",womens-swimming-and-diving,2022,37.2333253,-121.6846349
Aastha Mehta,Free/Back,"Mountain View, Calif.",womens-swimming-and-diving,2023,37.3893889,-122.0832101
Alice Diakova,Diving,"Rochester, N.Y.",womens-swimming-and-diving,2023,43.157285,-77.615214
Allegra Walker,Breast,"Dunbarton, N.H.",womens-swimming-and-diving,2023,43.102988,-71.617126
Allison Martin,Free/IM,"McLean, Va.",womens-swimming-and-diving,2023,38.9366852,-77.185843
Aniston Eyre,Free,"Makawao, Hawaii",womens-swimming-and-diving,2023,20.8510965,-156.3237171
Annabelle Kung,Free/Fly,"Briarcliff, N.Y.",womens-swimming-and-diving,2023,41.1456512,-73.8237456
Anthea Wong,Fly,Hong Kong,womens-swimming-and-diving,2023,22.2818333,114.1582831
Ashley Hu,Breast,"Scarsdale, N.Y.",womens-swimming-and-diving,2023,40.9885221,-73.8085608
Ashley Wang,Back/Fly,"Stafford, Va.",womens-swimming-and-diving,2023,38.4167265,-77.4579783
Aziza Ganihanova,Free/Back,"Annandale, N.J.",womens-swimming-and-diving,2023,40.6475975,-74.8862631
Callie Breiter,Free,"Lincoln, Mass.",womens-swimming-and-diving,2023,42.4259283,-71.3039469
Charlize Phillips,Fly/Free,"Fresno, Calif.",womens-swimming-and-diving,2023,36.7394421,-119.78483
Chloe Leung,Diving,"Menlo Park, Calif.",womens-swimming-and-diving,2023,37.4519671,-122.177992
Emily MacDonald,Free,"Kingston, Jamaica",womens-swimming-and-diving,2023,17.9712148,-76.7928128
Emily Wang,Back/IM,"Basking Ridge, N.J.",womens-swimming-and-diving,2023,40.7064088,-74.5492725
Emma Babashak,Free/Fly,"Wilton, Conn.",womens-swimming-and-diving,2023,41.1953739,-73.4378988
Georgia Young,Free,"Santa Monica, Calif.",womens-swimming-and-diving,2023,34.0194704,-118.491227
Grace Dunn,Distance,"Phoeniz, Ariz.",womens-swimming-and-diving,2023,33.4484367,-112.074141
Grace Zhou,Fly/Back/IM,"Bridgewater, N.J.",womens-swimming-and-diving,2023,40.5598127,-74.5517146
Hannah Hailu,Back/Fly,"Omaha, Neb.",womens-swimming-and-diving,2023,41.2587459,-95.9383758
Hayley Reed,Fly/Free,"Carmel, Ind.",womens-swimming-and-diving,2023,39.9784186,-86.1283681
Hutton Saunders,Free,"Greenwich, Conn.",womens-swimming-and-diving,2023,41.0264862,-73.6284598
Jazlynn Pak,Fly/Free,"Bothell, Wash.",womens-swimming-and-diving,2023,47.7623204,-122.2054035
Julia Unas,IM/Breast,"Santa Clarita, Calif.",womens-swimming-and-diving,2023,34.4127963,-118.5538088
Lindsay Orringer,Fly/Back/Free,"Ann Arbor, Mich.",womens-swimming-and-diving,2023,42.2813722,-83.7484616
Lorelai Page,Free/Back,"Mountain Lakes, N.J.",womens-swimming-and-diving,2023,40.8948212,-74.4329314
Macy Pine,Diving,"Los Angeles, Calif.",womens-swimming-and-diving,2023,34.0536909,-118.242766
Meredith Stewart,Free,"Cleveland Heights, Ohio",womens-swimming-and-diving,2023,41.5200518,-81.556235
Mia Avansino,Free/Fly/Back,"Bellevue, Wash.",womens-swimming-and-diving,2023,47.6144219,-122.192337
Mia Saenger,Back/Free,"Eugene, Ore.",womens-swimming-and-diving,2023,44.0505054,-123.0950506
Natalia Diaz,Breast,"Clarksville, Md.",womens-swimming-and-diving,2023,39.2065447,-76.9429182
Olivia Kim,Free,"Pleasanton, Calif.",womens-swimming-and-diving,2023,37.6624312,-121.8746789
Riley Pujadas,Back,"Devon, Pa.",womens-swimming-and-diving,2023,40.0473603,-75.4229511
Sally Ma,Free/Fly,"Champaign, Ill.",womens-swimming-and-diving,2023,40.1164841,-88.2430932
Sophia Wells,Diving,"Redwood City, Calif.",womens-swimming-and-diving,2023,37.4863239,-122.232523
Sophie Kloppenburg,Free,"Mount Vernon, Ind.",womens-swimming-and-diving,2023,37.9318018,-87.8947848
Taylor Whang,Breast/IM,"Park Ridge, N.J.",womens-swimming-and-diving,2023,41.035965,-74.0415551
Theadora Leimone,Fly/Free/IM,"Los Angeles, Calif.",womens-swimming-and-diving,2023,34.0536909,-118.242766
Aastha Mehta,Free/Back,"Mountain View, Calif.",womens-swimming-and-diving,2024,37.3893889,-122.0832101
Allison Martin,Free/IM,"McLean, Va.",womens-swimming-and-diving,2024,38.9366852,-77.185843
Annabelle Kung,Free/Fly,"Briarcliff, N.Y.",womens-swimming-and-diving,2024,41.1456512,-73.8237456
Anthea Wong,Fly,Hong Kong,womens-swimming-and-diving,2024,22.2818333,114.1582831
Ashley Hong,IM/Breast,"Los Altos, Calif.",womens-swimming-and-diving,2024,37.3790629,-122.116578
Ashley Hu,Breast,"Scarsdale, N.Y.",womens-swimming-and-diving,2024,40.9885221,-73.8085608
Audrey Wolk,Free/IM,"Chapel Hill, N.C.",womens-swimming-and-diving,2024,35.9131542,-79.05578
Chloe Leung,Diving,"Menlo Park, Calif.",womens-swimming-and-diving,2024,37.4519671,-122.177992
Emily MacDonald,Free,"Kingston, Jamaica",womens-swimming-and-diving,2024,17.9712148,-76.7928128
Emily Wang,Back/IM,"Basking Ridge, N.J.",womens-swimming-and-diving,2024,40.7064088,-74.5492725
Grace Dunn,Distance,"Phoeniz, Ariz.",womens-swimming-and-diving,2024,33.4484367,-112.074141
Grace Zhou,Fly/Back/IM,"Bridgewater, N.J.",womens-swimming-and-diving,2024,40.5598127,-74.5517146
Hannah Hailu,Back/Fly,"Omaha, Neb.",womens-swimming-and-diving,2024,41.2587459,-95.9383758
Hayley Reed,Fly/Free,"Carmel, Ind.",womens-swimming-and-diving,2024,39.9784186,-86.1283681
Hutton Saunders,Free,"Greenwich, Conn.",womens-swimming-and-diving,2024,41.0264862,-73.6284598
Isabel Lee,Free/Fly,"Ridgewood, N.J.",womens-swimming-and-diving,2024,40.9796683,-74.1194403
Jilly MacNamara,Back,"River Forrest, Ill.",womens-swimming-and-diving,2024,40.7524368,-88.4215878
Julia Unas,IM/Breast,"Santa Clarita, Calif.",womens-swimming-and-diving,2024,34.4127963,-118.5538088
Kayla Zeng,Free/IM,"Longmeadow, Mass.",womens-swimming-and-diving,2024,42.0504498,-72.5824639
Lindsay Orringer,Fly/Back/Free,"Ann Arbor, Mich.",womens-swimming-and-diving,2024,42.2813722,-83.7484616
Lorelai Page,Free/Back,"Mountain Lakes, N.J.",womens-swimming-and-diving,2024,40.8948212,-74.4329314
Macy Pine,Diving,"Los Angeles, Calif.",womens-swimming-and-diving,2024,34.0536909,-118.242766
Meredith Stewart,Free,"Cleveland Heights, Ohio",womens-swimming-and-diving,2024,41.5200518,-81.556235
Mia Avansino,Free/Fly/Back,"Bellevue, Wash.",womens-swimming-and-diving,2024,47.6144219,-122.192337
Natalia Diaz,Breast,"Clarksville, Md.",womens-swimming-and-diving,2024,39.2065447,-76.9429182
Olivia Kim,Free,"Pleasanton, Calif.",womens-swimming-and-diving,2024,37.6624312,-121.8746789
Riley Pujadas,Back,"Devon, Pa.",womens-swimming-and-diving,2024,40.0473603,-75.4229511
Sally Ma,Free/Fly,"Champaign, Ill.",womens-swimming-and-diving,2024,40.1164841,-88.2430932
Sophie Kloppenburg,Free,"Mount Vernon, Ind.",womens-swimming-and-diving,2024,37.9318018,-87.8947848
Taylor Whang,Breast/IM,"Park Ridge, N.J.",womens-swimming-and-diving,2024,41.035965,-74.0415551
Valeriya Bondarenko,Diving,"Larkspur, Calif.",womens-swimming-and-diving,2024,37.9340915,-122.5352539
Zoe Marshalleck,,"New York, N.Y.",womens-swimming-and-diving,2024,40.7127281,-74.0060152
Adya Mohan,Diving,"Bellevue, Wash.",womens-swimming-and-diving,2025,47.6144219,-122.192337
Alex Moore,Back/IM,"Greenwich, Conn.",womens-swimming-and-diving,2025,41.0264862,-73.6284598
Annabelle Kung,Free/Fly,"Briarcliff, N.Y.",womens-swimming-and-diving,2025,41.1456512,-73.8237456
Ashley Hong,IM/Breast,"Los Altos, Calif.",womens-swimming-and-diving,2025,37.3790629,-122.116578
Audrey Wolk,Free/IM,"Chapel Hill, N.C.",womens-swimming-and-diving,2025,35.9131542,-79.05578
Chloe Leung,Diving,"Menlo Park, Calif.",womens-swimming-and-diving,2025,37.4519671,-122.177992
Ella Chan,Free,"Tasmania, Australia",womens-swimming-and-diving,2025,-42.035067,146.6366887
Emily Wang,Back/IM,"Basking Ridge, N.J.",womens-swimming-and-diving,2025,40.7064088,-74.5492725
Grace Dunn,Distance,"Phoeniz, Ariz.",womens-swimming-and-diving,2025,33.4484367,-112.074141
Grace Zhou,Fly/Back/IM,"Bridgewater, N.J.",womens-swimming-and-diving,2025,40.5598127,-74.5517146
Hayley Reed,Fly/Free,"Carmel, Ind.",womens-swimming-and-diving,2025,39.9784186,-86.1283681
Hutton Saunders,Free,"Greenwich, Conn.",womens-swimming-and-diving,2025,41.0264862,-73.6284598
Isabel Lee,Free/Fly,"Ridgewood, N.J.",womens-swimming-and-diving,2025,40.9796683,-74.1194403
Jilly MacNamara,Back,"River Forrest, Ill.",womens-swimming-and-diving,2025,40.7524368,-88.4215878
Lily Sherman,Diving,"Papillion, Neb.",womens-swimming-and-diving,2025,41.1544433,-96.0422378
Lindsay Orringer,Fly/Back/Free,"Ann Arbor, Mich.",womens-swimming-and-diving,2025,42.2813722,-83.7484616
Lorelai Page,Free/Back,"Mountain Lakes, N.J.",womens-swimming-and-diving,2025,40.8948212,-74.4329314
Madeleine Rivard,Breast,"Seattle, Wash.",womens-swimming-and-diving,2025,47.6038321,-122.330062
Meredith Stewart,Free,"Cleveland Heights, Ohio",womens-swimming-and-diving,2025,41.5200518,-81.556235
Mia Avansino,Free/Fly/Back,"Bellevue, Wash.",womens-swimming-and-diving,2025,47.6144219,-122.192337
Natalia Diaz,Breast,"Clarksville, Md.",womens-swimming-and-diving,2025,39.2065447,-76.9429182
Olivia Kim,Free,"Pleasanton, Calif.",womens-swimming-and-diving,2025,37.6624312,-121.8746789
Reese Heidenreich,Free/Breast,"Ann Arbor, Mich.",womens-swimming-and-diving,2025,42.2813722,-83.7484616
Sally Ma,Free/Fly,"Champaign, Ill.",womens-swimming-and-diving,2025,40.1164841,-88.2430932
Samantha Segerson,Distance/IM,"Bainbridge Island, Wash.",womens-swimming-and-diving,2025,47.6515096,-122.5246791
Shaelyn Shields,Back/IM,"Charlotte, N.C.",womens-swimming-and-diving,2025,35.2272086,-80.8430827
Sophia Wells,Diving,"Redwood City, Calif.",womens-swimming-and-diving,2025,37.4863239,-122.232523
Sophie Kloppenburg,Free,"Mount Vernon, Ind.",womens-swimming-and-diving,2025,37.9318018,-87.8947848
Valeriya Bondarenko,Diving,"Larkspur, Calif.",womens-swimming-and-diving,2025,37.9340915,-122.5352539
Victoria Mori,Free,"Irvine, Calif.",womens-swimming-and-diving,2025,33.6856969,-117.825981
Zoe Marshalleck,,"New York, N.Y.",womens-swimming-and-diving,2025,40.7127281,-74.0060152
Adya Mohan,Diving,"Bellevue, Wash.",womens-swimming-and-diving,2026,47.6144219,-122.192337
Alex Moore,Back/IM,"Greenwich, Conn.",womens-swimming-and-diving,2026,41.0264862,-73.6284598
Angelina Lu,Back/Free,"Cary, N.C.",womens-swimming-and-diving,2026,35.7873617,-78.7811623
Annabelle Kung,Free/Fly,"Briarcliff, N.Y.",womens-swimming-and-diving,2026,41.1456512,-73.8237456
Ashley Hong,IM/Breast,"Los Altos, Calif.",womens-swimming-and-diving,2026,37.3790629,-122.116578
Audrey Schroeder,Free/Back/Fly,"West Chester, Pa.",womens-swimming-and-diving,2026,39.9597389,-75.6044609
Audrey Wolk,Free/IM,"Chapel Hill, N.C.",womens-swimming-and-diving,2026,35.9131542,-79.05578
Brisa Gao,Free/IM,"Bellevue, Wash.",womens-swimming-and-diving,2026,47.6144219,-122.192337
Ella Chan,Free,"Tasmania, Australia",womens-swimming-and-diving,2026,-42.035067,146.6366887
Emily Wang,Back/IM,"Basking Ridge, N.J.",womens-swimming-and-diving,2026,40.7064088,-74.5492725
Isabel Lee,Free/Fly,"Ridgewood, N.J.",womens-swimming-and-diving,2026,40.9796683,-74.1194403
Isabel Peng,Free/Fly,"Mercer Island, Wash.",womens-swimming-and-diving,2026,47.5766324,-122.2276378
Jilly MacNamara,Back,"River Forrest, Ill.",womens-swimming-and-diving,2026,40.7524368,-88.4215878
Katie Shaps,Free/Fly,"Charlottesville, Va.",womens-swimming-and-diving,2026,38.029306,-78.4766781
Lily Sherman,Diving,"Papillion, Neb.",womens-swimming-and-diving,2026,41.1544433,-96.0422378
Lorelai Page,Free/Back,"Mountain Lakes, N.J.",womens-swimming-and-diving,2026,40.8948212,-74.4329314
Madeleine Rivard,Breast,"Seattle, Wash.",womens-swimming-and-diving,2026,47.6038321,-122.330062
Madeline Gau,Fly/Back,"Rochester, Minn.",womens-swimming-and-diving,2026,44.0234387,-92.4630182
Maebelle Stern,Free,"Annapolis, Md.",womens-swimming-and-diving,2026,38.9786401,-76.492786
Mary Bao,Breast,"Shanghai, China",womens-swimming-and-diving,2026,31.2312707,121.4700152
Meredith Stewart,Free,"Cleveland Heights, Ohio",womens-swimming-and-diving,2026,41.5200518,-81.556235
Mia Avansino,Free/Fly/Back,"Bellevue, Wash.",womens-swimming-and-diving,2026,47.6144219,-122.192337
Natalia Diaz,Breast,"Clarksville, Md.",womens-swimming-and-diving,2026,39.2065447,-76.9429182
Nikka Asgarian,Diving,"Newport Beach, Calif.",womens-swimming-and-diving,2026,33.6170092,-117.9294401
Reese Heidenreich,Free/Breast,"Ann Arbor, Mich.",womens-swimming-and-diving,2026,42.2813722,-83.7484616
Romy Kirby,Back,"Palo Alto, Calif.",womens-swimming-and-diving,2026,37.4443293,-122.1598465
Samantha Segerson,Distance/IM,"Bainbridge Island, Wash.",womens-swimming-and-diving,2026,47.6515096,-122.5246791
Shaelyn Shields,Back/IM,"Charlotte, N.C.",womens-swimming-and-diving,2026,35.2272086,-80.8430827
Sophia Wells,Diving,"Redwood City, Calif.",womens-swimming-and-diving,2026,37.4863239,-122.232523
Sophie Kloppenburg,Free,"Mount Vernon, Ind.",womens-swimming-and-diving,2026,37.9318018,-87.8947848
Valeriya Bondarenko,Diving,"Larkspur, Calif.",womens-swimming-and-diving,2026,37.9340915,-122.5352539
Victoria Mori,Free,"Irvine, Calif.",womens-swimming-and-diving,2026,33.6856969,-117.825981
Zoe Marshalleck,,"New York, N.Y.",womens-swimming-and-diving,2026,40.7127281,-74.0060152
Adi Milstein,,"Boca Raton, Fla.",womens-tennis,2016,26.3586885,-80.0830984
Alexandra Solovyev,,"Foster City, Calif.",womens-tennis,2016,37.5600336,-122.2688522
Ali Pollack,,"Mequon, Wis.",womens-tennis,2016,43.2219088,-87.9822969
Andrea Kevakian,,"Glendale, Calif.",womens-tennis,2016,34.1469416,-118.2478471
Brianna Williams,,"Brooklyn, N.Y.",womens-tennis,2016,40.6526006,-73.9497211
Lindsey Mendelson,,"Coconut Grove, Fla.",womens-tennis,2016,25.7126013,-80.2569947
Renee Ren,,"Vancouver, B.C.",womens-tennis,2016,49.2608724,-123.113952
Rima Asatrian,,"Tenafly, N.J.",womens-tennis,2016,40.9253766,-73.9629154
Sarah Hu,,"Oakland, Calif.",womens-tennis,2016,37.8044557,-122.271356
Vivian Cheng,,"Syosset, N.Y.",womens-tennis,2016,40.814858,-73.5017966
Adi Milstein,,"Boca Raton, Fla.",womens-tennis,2017,26.3586885,-80.0830984
Ali Pollack,,"Mequon, Wis.",womens-tennis,2017,43.2219088,-87.9822969
Andrea Kevakian,,"Glendale, Calif.",womens-tennis,2017,34.1469416,-118.2478471
Brianna Williams,,"Brooklyn, N.Y.",womens-tennis,2017,40.6526006,-73.9497211
Christie Wan,,"Rowland Heights, Calif.",womens-tennis,2017,33.9734043,-117.8941305
Jennifer Kerr,,"Carlsbad, Calif.",womens-tennis,2017,33.1352045,-117.329126
Lindsey Mendelson,,"Coconut Grove, Fla.",womens-tennis,2017,25.7126013,-80.2569947
Paulina Ferrari,,"La Jolla, Calif.",womens-tennis,2017,32.8458529,-117.2575702
Renee Ren,,"Vancouver, B.C.",womens-tennis,2017,49.2608724,-123.113952
Sarah Hu,,"Oakland, Calif.",womens-tennis,2017,37.8044557,-122.271356
Sarah Rahman,,"New York, N.Y.",womens-tennis,2017,40.7127281,-74.0060152
Akanksha Bhan,,"Gujarat, India",womens-tennis,2018,22.3850051,71.745261
Ali Pollack,,"Mequon, Wis.",womens-tennis,2018,43.2219088,-87.9822969
Andrea Kevakian,,"Glendale, Calif.",womens-tennis,2018,34.1469416,-118.2478471
Brianna Williams,,"Brooklyn, N.Y.",womens-tennis,2018,40.6526006,-73.9497211
Caitie Sullivan,,"Norfolk, Va.",womens-tennis,2018,36.8493695,-76.2899539
Christie Wan,,"Rowland Heights, Calif.",womens-tennis,2018,33.9734043,-117.8941305
Jennifer Kerr,,"Carlsbad, Calif.",womens-tennis,2018,33.1352045,-117.329126
Melissa Sakar,,"Lauderdale Lakes, Fla.",womens-tennis,2018,26.1667184,-80.2085565
Paulina Ferrari,,"La Jolla, Calif.",womens-tennis,2018,32.8458529,-117.2575702
Renee Ren,,"Vancouver, B.C.",womens-tennis,2018,49.2608724,-123.113952
Sarah Hu,,"Oakland, Calif.",womens-tennis,2018,37.8044557,-122.271356
Sarah Rahman,,"New York, N.Y.",womens-tennis,2018,40.7127281,-74.0060152
Yekaterina Alferova,,"Marietta, Ga.",womens-tennis,2018,33.952845,-84.5496054
Akanksha Bhan,,"Gujarat, India",womens-tennis,2019,22.3850051,71.745261
Ali Pollack,,"Mequon, Wis.",womens-tennis,2019,43.2219088,-87.9822969
Brianna Williams,,"Brooklyn, N.Y.",womens-tennis,2019,40.6526006,-73.9497211
Caitie Sullivan,,"Norfolk, Va.",womens-tennis,2019,36.8493695,-76.2899539
Jennifer Kerr,,"Carlsbad, Calif.",womens-tennis,2019,33.1352045,-117.329126
Julia Haynes,,"San Diego, Calif.",womens-tennis,2019,32.7157062,-117.1638284
Melissa Sakar,,"Lauderdale Lakes, Fla.",womens-tennis,2019,26.1667184,-80.2085565
Michelle Xu,,"Vienna, Va.",womens-tennis,2019,38.9013729,-77.2651762
Paulina Ferrari,,"La Jolla, Calif.",womens-tennis,2019,32.8458529,-117.2575702
Renee Ren,,"Vancouver, B.C.",womens-tennis,2019,49.2608724,-123.113952
Sarah Rahman,,"New York, N.Y.",womens-tennis,2019,40.7127281,-74.0060152
Shivani Amineni,,"Hyderabad, India",womens-tennis,2019,17.360589,78.4740613
Sophie Raiszadeh,,"Rancho Santa Fe, Calif.",womens-tennis,2019,33.0242314,-117.1979781
Yekaterina Alferova,,"Marietta, Ga.",womens-tennis,2019,33.952845,-84.5496054
Akanksha Bhan,,"Gujarat, India",womens-tennis,2020,22.3850051,71.745261
Anna Zhang,,"McKinney, Texas",womens-tennis,2020,33.1976496,-96.6154471
Caitie Sullivan,,"Norfolk, Va.",womens-tennis,2020,36.8493695,-76.2899539
Melissa Sakar,,"Lauderdale Lakes, Fla.",womens-tennis,2020,26.1667184,-80.2085565
Michelle Xu,,"Vienna, Va.",womens-tennis,2020,38.9013729,-77.2651762
Paulina Ferrari,,"La Jolla, Calif.",womens-tennis,2020,32.8458529,-117.2575702
Rachele Rimondini,,"Boca Raton, Fla.",womens-tennis,2020,26.3586885,-80.0830984
Sarah Rahman,,"New York, N.Y.",womens-tennis,2020,40.7127281,-74.0060152
Shivani Amineni,,"Hyderabad, India",womens-tennis,2020,17.360589,78.4740613
Sophie Raiszadeh,,"Rancho Santa Fe, Calif.",womens-tennis,2020,33.0242314,-117.1979781
Tatiana Ziff,,"North Palm Beach, Fla.",womens-tennis,2020,26.8237944,-80.0559266
Yekaterina Alferova,,"Marietta, Ga.",womens-tennis,2020,33.952845,-84.5496054
Akanksha Bhan,,"Gujarat, India",womens-tennis,2021,22.3850051,71.745261
Anna Zhang,,"McKinney, Texas",womens-tennis,2021,33.1976496,-96.6154471
Caitie Sullivan,,"Norfolk, Va.",womens-tennis,2021,36.8493695,-76.2899539
Carolyn Brodsky,,"New York, N.Y.",womens-tennis,2021,40.7127281,-74.0060152
Clarine Lerby,,"Monte Estoril, Portugal",womens-tennis,2021,38.7036127,-9.4063438
Fatima Keita,,"Bucharest, Romania",womens-tennis,2021,44.4361414,26.102684
Jennifer Kerr,,"Carlsbad, Calif.",womens-tennis,2021,33.1352045,-117.329126
Julia Haynes,,"San Diego, Calif.",womens-tennis,2021,32.7157062,-117.1638284
Melissa Sakar,,"Lauderdale Lakes, Fla.",womens-tennis,2021,26.1667184,-80.2085565
Michelle Xu,,"Vienna, Va.",womens-tennis,2021,38.9013729,-77.2651762
Rachele Rimondini,,"Boca Raton, Fla.",womens-tennis,2021,26.3586885,-80.0830984
Shivani Amineni,,"Hyderabad, India",womens-tennis,2021,17.360589,78.4740613
Sophia Strugnell,,"Greensboro, N.C.",womens-tennis,2021,36.0726355,-79.7919754
Sophie Raiszadeh,,"Rancho Santa Fe, Calif.",womens-tennis,2021,33.0242314,-117.1979781
Tatiana Ziff,,"North Palm Beach, Fla.",womens-tennis,2021,26.8237944,-80.0559266
Winta Tewolde,,"La Mesa, Calif.",womens-tennis,2021,32.7678288,-117.0230839
Yekaterina Alferova,,"Marietta, Ga.",womens-tennis,2021,33.952845,-84.5496054
Alexandra Torre,,"Brentwood, Tenn.",womens-tennis,2022,36.0325687,-86.7825235
Anna Zhang,,"McKinney, Texas",womens-tennis,2022,33.1976496,-96.6154471
Carolyn Brodsky,,"New York, N.Y.",womens-tennis,2022,40.7127281,-74.0060152
Clarine Lerby,,"Monte Estoril, Portugal",womens-tennis,2022,38.7036127,-9.4063438
Fatima Keita,,"Bucharest, Romania",womens-tennis,2022,44.4361414,26.102684
Julia Haynes,,"San Diego, Calif.",womens-tennis,2022,32.7157062,-117.1638284
Michelle Xu,,"Vienna, Va.",womens-tennis,2022,38.9013729,-77.2651762
Rachele Rimondini,,"Boca Raton, Fla.",womens-tennis,2022,26.3586885,-80.0830984
Shivani Amineni,,"Hyderabad, India",womens-tennis,2022,17.360589,78.4740613
Sophia Strugnell,,"Greensboro, N.C.",womens-tennis,2022,36.0726355,-79.7919754
Sophia Wang,,"St. Petersburg, Fla.",womens-tennis,2022,27.7712264,-82.6340259
Sophie Raiszadeh,,"Rancho Santa Fe, Calif.",womens-tennis,2022,33.0242314,-117.1979781
Tatiana Ziff,,"North Palm Beach, Fla.",womens-tennis,2022,26.8237944,-80.0559266
Winta Tewolde,,"La Mesa, Calif.",womens-tennis,2022,32.7678288,-117.0230839
Alexandra Torre,,"Brentwood, Tenn.",womens-tennis,2023,36.0325687,-86.7825235
Anna Zhang,,"McKinney, Texas",womens-tennis,2023,33.1976496,-96.6154471
Carolyn Brodsky,,"New York, N.Y.",womens-tennis,2023,40.7127281,-74.0060152
Clarine Lerby,,"Monte Estoril, Portugal",womens-tennis,2023,38.7036127,-9.4063438
Fatima Keita,,"Bucharest, Romania",womens-tennis,2023,44.4361414,26.102684
Gayathri Krishnan,,"Cupertino, Calif.",womens-tennis,2023,37.3228934,-122.0322895
Julia Haynes,,"San Diego, Calif.",womens-tennis,2023,32.7157062,-117.1638284
Natacha Schou,,"Copenhagen, Denmark",womens-tennis,2023,55.6867243,12.5700724
Rachele Rimondini,,"Boca Raton, Fla.",womens-tennis,2023,26.3586885,-80.0830984
Salma Farhat,,"Bellevue, Wash.",womens-tennis,2023,47.6144219,-122.192337
Sophia Strugnell,,"Greensboro, N.C.",womens-tennis,2023,36.0726355,-79.7919754
Sophia Wang,,"St. Petersburg, Fla.",womens-tennis,2023,27.7712264,-82.6340259
Tatiana Ziff,,"North Palm Beach, Fla.",womens-tennis,2023,26.8237944,-80.0559266
Winta Tewolde,,"La Mesa, Calif.",womens-tennis,2023,32.7678288,-117.0230839
Amber Yin,,"St. Louis, Mo.",womens-tennis,2024,38.6254063,-90.190009
Carolyn Brodsky,,"New York, N.Y.",womens-tennis,2024,40.7127281,-74.0060152
Clarine Lerby,,"Monte Estoril, Portugal",womens-tennis,2024,38.7036127,-9.4063438
Emily Baek,,"Suwanee, Ga.",womens-tennis,2024,34.0514898,-84.0712997
Fatima Keita,,"Bucharest, Romania",womens-tennis,2024,44.4361414,26.102684
Gayathri Krishnan,,"Cupertino, Calif.",womens-tennis,2024,37.3228934,-122.0322895
Malak El Allami,,"Casablanca, Morocco",womens-tennis,2024,33.5945144,-7.6200284
Salma Farhat,,"Bellevue, Wash.",womens-tennis,2024,47.6144219,-122.192337
Sophia Strugnell,,"Greensboro, N.C.",womens-tennis,2024,36.0726355,-79.7919754
Sophia Wang,,"St. Petersburg, Fla.",womens-tennis,2024,27.7712264,-82.6340259
Winta Tewolde,,"La Mesa, Calif.",womens-tennis,2024,32.7678288,-117.0230839
Amber Yin,,"St. Louis, Mo.",womens-tennis,2025,38.6254063,-90.190009
Emily Baek,,"Suwanee, Ga.",womens-tennis,2025,34.0514898,-84.0712997
Gayathri Krishnan,,"Cupertino, Calif.",womens-tennis,2025,37.3228934,-122.0322895
Malak El Allami,,"Casablanca, Morocco",womens-tennis,2025,33.5945144,-7.6200284
Margaret Hui,,"San Diego, Calif",womens-tennis,2025,32.7157062,-117.1638284
Michelle Li,,"Houston, Texas",womens-tennis,2025,29.7589382,-95.3676974
Sabrina Lin,,"Saratoga, Calif.",womens-tennis,2025,37.2638324,-122.0230146
Salma Farhat,,"Bellevue, Wash.",womens-tennis,2025,47.6144219,-122.192337
Sophia Wang,,"St. Petersburg, Fla.",womens-tennis,2025,27.7712264,-82.6340259
Amber Yin,,"St. Louis, Mo.",womens-tennis,2026,38.6254063,-90.190009
Amy Lee,,"Los Angeles, Calif.",womens-tennis,2026,34.0536909,-118.242766
Elena Zhao,,"San Diego, Calif.",womens-tennis,2026,32.7157062,-117.1638284
Emily Baek,,"Suwanee, Ga.",womens-tennis,2026,34.0514898,-84.0712997
Gayathri Krishnan,,"Cupertino, Calif.",womens-tennis,2026,37.3228934,-122.0322895
Isabelle Oak,,"New York, N.Y.",womens-tennis,2026,40.7127281,-74.0060152
Kenzie Nguyen,,"Irvine, Calif.",womens-tennis,2026,33.6856969,-117.825981
Kylie Nguyen,,"Irvine, Calif.",womens-tennis,2026,33.6856969,-117.825981
Malak El Allami,,"Casablanca, Morocco",womens-tennis,2026,33.5945144,-7.6200284
Margaret Hui,,"San Diego, Calif",womens-tennis,2026,32.7157062,-117.1638284
Margot Phanthala,,"Paris, France",womens-tennis,2026,48.8534951,2.3483915
Michelle Li,,"Houston, Texas",womens-tennis,2026,29.7589382,-95.3676974
Sabrina Lin,,"Saratoga, Calif.",womens-tennis,2026,37.2638324,-122.0230146
Salma Farhat,,"Bellevue, Wash.",womens-tennis,2026,47.6144219,-122.192337
Anja Malesevic,RS,"Belgrade, Serbia",womens-volleyball,2016,44.8153318,20.4456588
Ara Peterson,MB,"Menlo Park, Calif.",womens-volleyball,2016,37.4519671,-122.177992
Cassie Wes,LIB,"Atherton, Calif.",womens-volleyball,2016,37.453773,-122.2058272
Chichi Ikwuazom,MB,"New York, N.Y.",womens-volleyball,2016,40.7127281,-74.0060152
Grace Campbell,S/RS,"Visalia, Calif.",womens-volleyball,2016,36.3302284,-119.292058
Kalie Wood,DS/L,"San Diego, Calif.",womens-volleyball,2016,32.7157062,-117.1638284
Kate Hefner,DS/L,"Newport Beach, Calif.",womens-volleyball,2016,33.6170092,-117.9294401
Kesi Neblett,MB,"Russellville, Ky.",womens-volleyball,2016,36.8453199,-86.887219
Lauren Gurbach,DS/L,"Manhattan Beach, Calif.",womens-volleyball,2016,33.8872777,-118.4104324
Lauren Wilkins,OH/RS,"Cincinnati, Ohio",womens-volleyball,2016,39.1012809,-84.5127405
Luciana Del Valle,OH,"Lima, Peru",womens-volleyball,2016,-12.0459808,-77.0305912
Madeleine Casey,S/RS,"San Diego, Calif.",womens-volleyball,2016,32.7157062,-117.1638284
Natasha Kosowicz,OH,"San Jose, Calif",womens-volleyball,2016,37.3361663,-121.890591
Rose Compton,MB,"Ferndale, Wash.",womens-volleyball,2016,48.8466698,-122.589723
Sarah Gurbach,DS/L,"Manhattan Beach, Calif.",womens-volleyball,2016,33.8872777,-118.4104324
Zoe Jacobs,OH,"New York, N.Y.",womens-volleyball,2016,40.7127281,-74.0060152
Anja Malesevic,RS,"Belgrade, Serbia",womens-volleyball,2017,44.8153318,20.4456588
Ara Peterson,MB,"Menlo Park, Calif.",womens-volleyball,2017,37.4519671,-122.177992
Audrey Cheng,S,"Superior, Colo.",womens-volleyball,2017,39.9527634,-105.1685977
Chichi Ikwuazom,MB,"New York, N.Y.",womens-volleyball,2017,40.7127281,-74.0060152
Grace Campbell,S,"Visalia, Calif.",womens-volleyball,2017,36.3302284,-119.292058
Jamie Dailey,OH,"Newport Beach, Calif.",womens-volleyball,2017,33.6170092,-117.9294401
Kaitlin Schultz,MB,"Santa Clarita, Calif.",womens-volleyball,2017,34.4127963,-118.5538088
Kalie Wood,DS/L,"San Diego, Calif.",womens-volleyball,2017,32.7157062,-117.1638284
Kate Hefner,DS/L,"Newport Beach, Calif.",womens-volleyball,2017,33.6170092,-117.9294401
Lauren Gurbach,DS/L,"Manhattan Beach, Calif.",womens-volleyball,2017,33.8872777,-118.4104324
Lauren Wilkins,OH/RS,"Cincinnati, Ohio",womens-volleyball,2017,39.1012809,-84.5127405
Luciana Del Valle,OH,"Lima, Peru",womens-volleyball,2017,-12.0459808,-77.0305912
Madeleine Casey,RS,"San Diego, Calif.",womens-volleyball,2017,32.7157062,-117.1638284
Madelyn Ward,OH,"Waxahachie, Texas",womens-volleyball,2017,32.3944908,-96.8439365
Natasha Kosowicz,OH,"San Jose, Calif",womens-volleyball,2017,37.3361663,-121.890591
Rose Compton,MB,"Ferndale, Wash.",womens-volleyball,2017,48.8466698,-122.589723
Audrey Cheng,S,"Superior, Colo.",womens-volleyball,2018,39.9527634,-105.1685977
Chichi Ikwuazom,MB,"New York, N.Y.",womens-volleyball,2018,40.7127281,-74.0060152
Emily Teehan,OH,"Toronto, Ontario, Canada",womens-volleyball,2018,43.6534817,-79.3839347
Grace Campbell,S,"Visalia, Calif.",womens-volleyball,2018,36.3302284,-119.292058
Isa Lamus,MB,"Miami, Fla.",womens-volleyball,2018,25.7741566,-80.1935973
Kaitlin Schultz,OH,"Santa Clarita, Calif.",womens-volleyball,2018,34.4127963,-118.5538088
Kalie Wood,DS/L,"San Diego, Calif.",womens-volleyball,2018,32.7157062,-117.1638284
Lauren Wilkins,OH,"Cincinnati, Ohio",womens-volleyball,2018,39.1012809,-84.5127405
Luciana Del Valle,OH,"Lima, Peru",womens-volleyball,2018,-12.0459808,-77.0305912
Madeleine Casey,RS,"San Diego, Calif.",womens-volleyball,2018,32.7157062,-117.1638284
Madelyn Ward,OH,"Waxahachie, Texas",womens-volleyball,2018,32.3944908,-96.8439365
Natasha Kosowicz,OH,"San Jose, Calif",womens-volleyball,2018,37.3361663,-121.890591
Rose Compton,MB,"Ferndale, Wash.",womens-volleyball,2018,48.8466698,-122.589723
Shari Stenglein,S,"Boca Raton, Fla.",womens-volleyball,2018,26.3586885,-80.0830984
Audrey Cheng,S,"Superior, Colo.",womens-volleyball,2019,39.9527634,-105.1685977
Chichi Ikwuazom,MB,"New York, N.Y.",womens-volleyball,2019,40.7127281,-74.0060152
Chloe Rutledge,DS/L,North Tustin,womens-volleyball,2019,33.7633471,-117.7973921
Emily Teehan,OH,"Toronto, Ontario, Canada",womens-volleyball,2019,43.6534817,-79.3839347
Grace Campbell,S,"Visalia, Calif.",womens-volleyball,2019,36.3302284,-119.292058
Isa Lamus,MB,"Miami, Fla.",womens-volleyball,2019,25.7741566,-80.1935973
Kaitlin Schultz,OH,"Santa Clarita, Calif.",womens-volleyball,2019,34.4127963,-118.5538088
Kalie Wood,DS/L,"San Diego, Calif.",womens-volleyball,2019,32.7157062,-117.1638284
Kiara Robichaud,OH,"Redding, Conn.",womens-volleyball,2019,41.3029342,-73.3833661
Kyrie Lorfing,S,"Las Vegas, Nev.",womens-volleyball,2019,36.1674263,-115.1484131
Madelyn Ward,OH,"Waxahachie, Texas",womens-volleyball,2019,32.3944908,-96.8439365
Mckenzy Metter,DS/L,"Honolulu, Hawaii",womens-volleyball,2019,21.304547,-157.855676
Noelle Foster,OH,"Ashburn, Va.",womens-volleyball,2019,39.029784,-77.4744148
Pierce Woodall,OH,"Coppell, Texas",womens-volleyball,2019,32.9552598,-97.0155703
Rose Compton,MB,"Ferndale, Wash.",womens-volleyball,2019,48.8466698,-122.589723
Saj McBurrows,OH,"Phoenix, Ariz.",womens-volleyball,2019,33.4484367,-112.074141
Shari Stenglein,S,"Boca Raton, Fla.",womens-volleyball,2019,26.3586885,-80.0830984
Soah Franklin,MB,"Los Angeles, Calif.",womens-volleyball,2019,34.0536909,-118.242766
Vanessa Pan,DS/L,"San Mateo, Calif.",womens-volleyball,2019,37.496904,-122.3330573
Aidan Conner,MB,"Cypress, Texas",womens-volleyball,2020,29.9691116,-95.6971686
Annabel Happ,S,"St. Petersburg, Fla.",womens-volleyball,2020,27.7712264,-82.6340259
Audrey Cheng,S,"Superior, Colo.",womens-volleyball,2020,39.9527634,-105.1685977
Chloe Rutledge,DS/L,North Tustin,womens-volleyball,2020,33.7633471,-117.7973921
Emily Teehan,OH,"Toronto, Ontario, Canada",womens-volleyball,2020,43.6534817,-79.3839347
Isa Lamus,MB,"Miami, Fla.",womens-volleyball,2020,25.7741566,-80.1935973
Kaitlin Schultz,OH,"Santa Clarita, Calif.",womens-volleyball,2020,34.4127963,-118.5538088
Kiara Robichaud,OH,"Redding, Conn.",womens-volleyball,2020,41.3029342,-73.3833661
Lauren Cho,DS/L,"Irvine, Calif.",womens-volleyball,2020,33.6856969,-117.825981
Lauren Maitland,OH,"New York, N.Y.",womens-volleyball,2020,40.7127281,-74.0060152
Logan Harlock,OH,"New York, N.Y.",womens-volleyball,2020,40.7127281,-74.0060152
Madelyn Ward,OH,"Waxahachie, Texas",womens-volleyball,2020,32.3944908,-96.8439365
Maria Milisa,MB,"Zagreb, Croatia",womens-volleyball,2020,45.8130967,15.9772795
Mckenzy Metter,DS/L,"Honolulu, Hawaii",womens-volleyball,2020,21.304547,-157.855676
Noelle Foster,OH,"Ashburn, Va.",womens-volleyball,2020,39.029784,-77.4744148
Pierce Woodall,OH,"Coppell, Texas",womens-volleyball,2020,32.9552598,-97.0155703
Saj McBurrows,OH,"Phoenix, Ariz.",womens-volleyball,2020,33.4484367,-112.074141
Shari Stenglein,S,"Boca Raton, Fla.",womens-volleyball,2020,26.3586885,-80.0830984
Vanessa Pan,DS/L,"San Mateo, Calif.",womens-volleyball,2020,37.496904,-122.3330573
Yooni Park,DS/L,"Cupertino, Calif.",womens-volleyball,2020,37.3228934,-122.0322895
Aidan Conner,MB,"Cypress, Texas",womens-volleyball,2021,29.9691116,-95.6971686
Anna Gioranidi,OH,"Thessaloniki, Greece",womens-volleyball,2021,40.6403167,22.9352716
Annabel Happ,S,"St. Petersburg, Fla.",womens-volleyball,2021,27.7712264,-82.6340259
Cadence Gronski,S,"Newport Beach, Calif.",womens-volleyball,2021,33.6170092,-117.9294401
Chloe Rutledge,DS/L,North Tustin,womens-volleyball,2021,33.7633471,-117.7973921
Emily Teehan,OH,"Toronto, Ontario, Canada",womens-volleyball,2021,43.6534817,-79.3839347
Hailee Watts,OH,"Littlerock, Calif.",womens-volleyball,2021,34.5213675,-117.9873936
Harper Justema,MB,"Bend, Ore.",womens-volleyball,2021,44.0581728,-121.3153096
Isa Lamus,MB,"Miami, Fla.",womens-volleyball,2021,25.7741566,-80.1935973
Kiara Robichaud,OH,"Redding, Conn.",womens-volleyball,2021,41.3029342,-73.3833661
Kylie Berg,MB,"Temecula, Calif.",womens-volleyball,2021,33.4946353,-117.147366
Lauren Cho,DS/L,"Irvine, Calif.",womens-volleyball,2021,33.6856969,-117.825981
Lauren Maitland,OH,"New York, N.Y.",womens-volleyball,2021,40.7127281,-74.0060152
Logan Harlock,OH,"New York, N.Y.",womens-volleyball,2021,40.7127281,-74.0060152
Maria Milisa,MB,"Zagreb, Croatia",womens-volleyball,2021,45.8130967,15.9772795
Mckenzy Metter,DS/L,"Honolulu, Hawaii",womens-volleyball,2021,21.304547,-157.855676
Noelle Foster,OH,"Ashburn, Va.",womens-volleyball,2021,39.029784,-77.4744148
Pierce Woodall,OH,"Coppell, Texas",womens-volleyball,2021,32.9552598,-97.0155703
Saj McBurrows,OH,"Phoenix, Ariz.",womens-volleyball,2021,33.4484367,-112.074141
Shari Stenglein,S,"Boca Raton, Fla.",womens-volleyball,2021,26.3586885,-80.0830984
Soah Franklin,MB,"Los Angeles, Calif.",womens-volleyball,2021,34.0536909,-118.242766
Vanessa Pan,DS/L,"San Mateo, Calif.",womens-volleyball,2021,37.496904,-122.3330573
Yooni Park,DS/L,"Cupertino, Calif.",womens-volleyball,2021,37.3228934,-122.0322895
Aidan Conner,MB,"Cypress, Texas",womens-volleyball,2022,29.9691116,-95.6971686
Amanda Holsen,OH,"Hawthorn Woods, Ill.",womens-volleyball,2022,42.2169686,-88.0495211
Anna Gioranidi,OH,"Thessaloniki, Greece",womens-volleyball,2022,40.6403167,22.9352716
Annabel Happ,S,"St. Petersburg, Fla.",womens-volleyball,2022,27.7712264,-82.6340259
Cadence Gronski,S,"Newport Beach, Calif.",womens-volleyball,2022,33.6170092,-117.9294401
Eva Atkins,OPP,"Seattle, Wash.",womens-volleyball,2022,47.6038321,-122.330062
Hailee Watts,OH,"Littlerock, Calif.",womens-volleyball,2022,34.5213675,-117.9873936
Harper Justema,MB,"Bend, Ore.",womens-volleyball,2022,44.0581728,-121.3153096
Juliana Williamson,MB,"Miami, Fla.",womens-volleyball,2022,25.7741566,-80.1935973
Kiara Robichaud,OH,"Redding, Conn.",womens-volleyball,2022,41.3029342,-73.3833661
Lauren Cho,DS/L,"Irvine, Calif.",womens-volleyball,2022,33.6856969,-117.825981
Lauren Maitland,OH,"New York, N.Y.",womens-volleyball,2022,40.7127281,-74.0060152
Logan Harlock,OH,"New York, N.Y.",womens-volleyball,2022,40.7127281,-74.0060152
Maria Milisa,MB,"Zagreb, Croatia",womens-volleyball,2022,45.8130967,15.9772795
Mckenzy Metter,DS/L,"Honolulu, Hawaii",womens-volleyball,2022,21.304547,-157.855676
Noelle Foster,OH,"Ashburn, Va.",womens-volleyball,2022,39.029784,-77.4744148
Pierce Woodall,OH,"Coppell, Texas",womens-volleyball,2022,32.9552598,-97.0155703
Presley Liberty,DS/L,"Papillion, Neb.",womens-volleyball,2022,41.1544433,-96.0422378
Ruby van der Heide,S,"Ho-Ho-Kus, N.J.",womens-volleyball,2022,40.9976524,-74.110284
Saj McBurrows,OH,"Phoenix, Ariz.",womens-volleyball,2022,33.4484367,-112.074141
Soah Franklin,MB,"Los Angeles, Calif.",womens-volleyball,2022,34.0536909,-118.242766
Vanessa Pan,DS/L,"San Mateo, Calif.",womens-volleyball,2022,37.496904,-122.3330573
Yooni Park,DS/L,"Cupertino, Calif.",womens-volleyball,2022,37.3228934,-122.0322895
Aidan Conner,MB,"Cypress, Texas",womens-volleyball,2023,29.9691116,-95.6971686
Amanda Holsen,OH,"Hawthorn Woods, Ill.",womens-volleyball,2023,42.2169686,-88.0495211
Anna Gioranidi,OH,"Thessaloniki, Greece",womens-volleyball,2023,40.6403167,22.9352716
Annabel Happ,S,"St. Petersburg, Fla.",womens-volleyball,2023,27.7712264,-82.6340259
Avery Jones,OPP,"Studio City, Calif.",womens-volleyball,2023,34.1483989,-118.3961877
Cadence Gronski,S,"Newport Beach, Calif.",womens-volleyball,2023,33.6170092,-117.9294401
Delaney Seaman,DS/S,"Carmel, Ind.",womens-volleyball,2023,39.9784186,-86.1283681
Eva Atkins,OPP,"Seattle, Wash.",womens-volleyball,2023,47.6038321,-122.330062
Evie Naumann,OH,"Austin, Texas",womens-volleyball,2023,30.2711286,-97.7436995
Hailee Watts,OH,"Littlerock, Calif.",womens-volleyball,2023,34.5213675,-117.9873936
Harper Justema,MB,"Bend, Ore.",womens-volleyball,2023,44.0581728,-121.3153096
Juliana Williamson,MB,"Miami, Fla.",womens-volleyball,2023,25.7741566,-80.1935973
Kylee Eze,OPP,"Santa Cruz, Calif.",womens-volleyball,2023,37.050096,-121.99059
Lauren Cho,DS/L,"Irvine, Calif.",womens-volleyball,2023,33.6856969,-117.825981
Lauren Maitland,OH,"New York, N.Y.",womens-volleyball,2023,40.7127281,-74.0060152
Logan Harlock,OH,"New York, N.Y.",womens-volleyball,2023,40.7127281,-74.0060152
Madison Hsieh,DS/L,"Austin, Texas",womens-volleyball,2023,30.2711286,-97.7436995
Maria Milisa,MB,"Zagreb, Croatia",womens-volleyball,2023,45.8130967,15.9772795
Presley Liberty,DS/L,"Papillion, Neb.",womens-volleyball,2023,41.1544433,-96.0422378
Ruby van der Heide,S,"Ho-Ho-Kus, N.J.",womens-volleyball,2023,40.9976524,-74.110284
Soah Franklin,MB,"Los Angeles, Calif.",womens-volleyball,2023,34.0536909,-118.242766
Yooni Park,DS/L,"Cupertino, Calif.",womens-volleyball,2023,37.3228934,-122.0322895
Amanda Holsen,OH,"Hawthorn Woods, Ill.",womens-volleyball,2024,42.2169686,-88.0495211
Anna Gioranidi,OH,"Thessaloniki, Greece",womens-volleyball,2024,40.6403167,22.9352716
Avery Jones,OPP,"Studio City, Calif.",womens-volleyball,2024,34.1483989,-118.3961877
Charlotte Gravlee,OPP,"Gainesville, Fla.",womens-volleyball,2024,29.6519684,-82.3249846
Clara Yu,S,"Potomac, Md.",womens-volleyball,2024,39.0180508,-77.1956331
Delaney Seaman,DS/S,"Carmel, Ind.",womens-volleyball,2024,39.9784186,-86.1283681
Eva Atkins,OPP,"Seattle, Wash.",womens-volleyball,2024,47.6038321,-122.330062
Evie Naumann,OH,"Austin, Texas",womens-volleyball,2024,30.2711286,-97.7436995
Hailee Watts,OH,"Littlerock, Calif.",womens-volleyball,2024,34.5213675,-117.9873936
Hanna Vorhies,OH,"Ozark, Mo.",womens-volleyball,2024,36.6467816,-92.4575198
Harper Justema,MB,"Bend, Ore.",womens-volleyball,2024,44.0581728,-121.3153096
Josie Zynczak,OH,"Apex, N.C.",womens-volleyball,2024,35.7325352,-78.8505516
Juliana Williamson,MB,"Miami, Fla.",womens-volleyball,2024,25.7741566,-80.1935973
Madison Hsieh,DS/L,"Austin, Texas",womens-volleyball,2024,30.2711286,-97.7436995
Maria Happ,MB,"St. Petersburg, Fla.",womens-volleyball,2024,27.7712264,-82.6340259
Presley Liberty,DS/L,"Papillion, Neb.",womens-volleyball,2024,41.1544433,-96.0422378
Ruby van der Heide,S,"Ho-Ho-Kus, N.J.",womens-volleyball,2024,40.9976524,-74.110284
Amanda Holsen,OH,"Hawthorn Woods, Ill.",womens-volleyball,2025,42.2169686,-88.0495211
Avery Jones,OPP,"Studio City, Calif.",womens-volleyball,2025,34.1483989,-118.3961877
Charlotte Gravlee,OPP,"Gainesville, Fla.",womens-volleyball,2025,29.6519684,-82.3249846
Clara Yu,S,"Potomac, Md.",womens-volleyball,2025,39.0180508,-77.1956331
Delaney Seaman,DS/S,"Carmel, Ind.",womens-volleyball,2025,39.9784186,-86.1283681
Elena Maynulet,OH,"Guaynabo, Puerto Rico",womens-volleyball,2025,18.3591596,-66.1156802
Eva Atkins,OPP,"Seattle, Wash.",womens-volleyball,2025,47.6038321,-122.330062
Evie Naumann,OH,"Austin, Texas",womens-volleyball,2025,30.2711286,-97.7436995
Hanna Vorhies,OH,"Ozark, Mo.",womens-volleyball,2025,36.6467816,-92.4575198
Josie Zynczak,OH,"Apex, N.C.",womens-volleyball,2025,35.7325352,-78.8505516
Juliana Williamson,MB,"Miami, Fla.",womens-volleyball,2025,25.7741566,-80.1935973
Kylee Eze,OPP,"Santa Cruz, Calif.",womens-volleyball,2025,37.050096,-121.99059
Lauren Farris,OH,"Trabuco Canyon, Calif.",womens-volleyball,2025,33.6626232,-117.58938
Madison Hsieh,DS/L,"Austin, Texas",womens-volleyball,2025,30.2711286,-97.7436995
Maria Happ,MB,"St. Petersburg, Fla.",womens-volleyball,2025,27.7712264,-82.6340259
Presley Liberty,DS/L,"Papillion, Neb.",womens-volleyball,2025,41.1544433,-96.0422378
Ruby van der Heide,S,"Ho-Ho-Kus, N.J.",womens-volleyball,2025,40.9976524,-74.110284
Victoria Gao,DS/L,"Seattle, Wash.",womens-volleyball,2025,47.6038321,-122.330062
Alexia Cornea,OH,"Oakville, Ontario, Canada",womens-volleyball,2026,43.447436,-79.666672
Allie Abernathy,MB,"Charleston, S.C.",womens-volleyball,2026,32.7884363,-79.9399309
Ava Wang,DS/L,"Los Altos, Calif.",womens-volleyball,2026,37.3790629,-122.116578
Avery Jones,OPP,"Studio City, Calif.",womens-volleyball,2026,34.1483989,-118.3961877
Charlotte Gravlee,OPP,"Gainesville, Fla.",womens-volleyball,2026,29.6519684,-82.3249846
Claire Mo,S,"McLean, Va.",womens-volleyball,2026,38.9366852,-77.185843
Clara Yu,S,"Potomac, Md.",womens-volleyball,2026,39.0180508,-77.1956331
Dahlia Roberts,OPP,"Fort Worth, Texas",womens-volleyball,2026,32.753177,-97.3327459
Danica Nordlicht,MB,"San Diego, Calif.",womens-volleyball,2026,32.7157062,-117.1638284
Delaney Seaman,DS/S,"Carmel, Ind.",womens-volleyball,2026,39.9784186,-86.1283681
Elena Maynulet,OH,"Guaynabo, Puerto Rico",womens-volleyball,2026,18.3591596,-66.1156802
Elise Hiemstra,OH,"Birmingham, Mich.",womens-volleyball,2026,42.5467012,-83.2113192
Evie Naumann,OH,"Austin, Texas",womens-volleyball,2026,30.2711286,-97.7436995
Josie Zynczak,OH,"Apex, N.C.",womens-volleyball,2026,35.7325352,-78.8505516
Kylee Eze,OPP,"Santa Cruz, Calif.",womens-volleyball,2026,37.050096,-121.99059
Lauren Farris,OH,"Trabuco Canyon, Calif.",womens-volleyball,2026,33.6626232,-117.58938
Madison Hsieh,DS/L,"Austin, Texas",womens-volleyball,2026,30.2711286,-97.7436995
Maria Happ,MB,"St. Petersburg, Fla.",womens-volleyball,2026,27.7712264,-82.6340259
Victoria Gao,DS/L,"Seattle, Wash.",womens-volleyball,2026,47.6038321,-122.330062
