name,position,hometown,sport,year,latitude,longitude
Jessica Kittelberger,,"Raleigh, N.C.",womens-golf,2016,35.7803977,-78.6390989
Julia Calbi,,"South Barrington, Ill.",womens-golf,2016,42.093889,-88.1342353
Isabelle Kane,,"Winnetka, Ill.",womens-golf,2016,42.1080703,-87.7365286
Maddie Nelson,,"Sammamish, Wash.",womens-golf,2016,47.6017554,-122.0416844
Catharine Roddy,,"Trabuco Canyon, Calif.",womens-golf,2016,33.6626232,-117.58938
Radi Sauro,,"Lake Worth, Fla.",womens-golf,2016,26.615891,-80.0691435
Tara Simmons,,"Goldsboro, N.C.",womens-golf,2016,35.3848841,-77.9927651
Kristen Soh,,"Los Angeles, Calif.",womens-golf,2016,34.0536909,-118.242766
Jamie Susanin,,"Bryn Mawr, Pa.",womens-golf,2016,40.0238245,-75.3173407
Bethany Burns,,"Signal Mountain, Tenn.",womens-golf,2016,35.1223478,-85.3436973
Hana Bradshaw,,"San Diego, Calif.",womens-golf,2016,32.7157062,-117.1638284
Jessica Kittelberger,,"Raleigh, N.C.",womens-golf,2017,35.7803977,-78.6390989
Bethany Burns,,"Signal Mountain, Tenn.",womens-golf,2017,35.1223478,-85.3436973
Moon Cheong,,"Charlotte, N.C.",womens-golf,2017,35.2272086,-80.8430827
Isabelle Kane,,"Winnetka, Ill.",womens-golf,2017,42.1080703,-87.7365286
Maddie Nelson,,"Sammamish, Wash.",womens-golf,2017,47.6017554,-122.0416844
Catharine Roddy,,"Trabuco Canyon, Calif.",womens-golf,2017,33.6626232,-117.58938
Julianne Strauch,,"Advance, N.C.",womens-golf,2017,35.9412851,-80.4096455
Kristen Soh,,"Los Angeles, Calif.",womens-golf,2017,34.0536909,-118.242766
Julianne Strauch,,"Advance, N.C.",womens-golf,2018,35.9412851,-80.4096455
Kristen Soh,,"Los Angeles, Calif.",womens-golf,2018,34.0536909,-118.242766
Catharine Roddy,,"Trabuco Canyon, Calif.",womens-golf,2018,33.6626232,-117.58938
Maddie Nelson,,"Sammamish, Wash.",womens-golf,2018,47.6017554,-122.0416844
Kaitlyn Lees,,"Bryn Mawr, Pa.",womens-golf,2018,40.0238245,-75.3173407
Bethany Burns,,"Signal Mountain, Tenn.",womens-golf,2018,35.1223478,-85.3436973
Moon Cheong,,"Charlotte, N.C.",womens-golf,2018,35.2272086,-80.8430827
Kristen Chen,,"Thousand Oaks, Calif.",womens-golf,2018,34.1705609,-118.8375937
Angela Zhang,,"Vancouver, British Columbia",womens-golf,2019,49.2608724,-123.113952
Samantha Yao,,"Berwyn, Pa.",womens-golf,2019,40.0477701,-75.4421325
Kaitlyn Lees,,"Bryn Mawr, Pa.",womens-golf,2019,40.0238245,-75.3173407
Maddie Nelson,,"Sammamish, Wash.",womens-golf,2019,47.6017554,-122.0416844
Kristen Chen,,"Thousand Oaks, Calif.",womens-golf,2019,34.1705609,-118.8375937
Bethany Burns,,"Signal Mountain, Tenn.",womens-golf,2019,35.1223478,-85.3436973
Julianne Strauch,,"Advance, N.C.",womens-golf,2019,35.9412851,-80.4096455
Moon Cheong,,"Charlotte, N.C.",womens-golf,2019,35.2272086,-80.8430827
Kristen Soh,,"Los Angeles, Calif.",womens-golf,2019,34.0536909,-118.242766
Penelope Tir,,"Winnetka, Ill.",womens-golf,2020,42.1080703,-87.7365286
Samantha Yao,,"Berwyn, Pa.",womens-golf,2020,40.0477701,-75.4421325
Kristen Chen,,"Thousand Oaks, Calif.",womens-golf,2020,34.1705609,-118.8375937
Moon Cheong,,"Charlotte, N.C.",womens-golf,2020,35.2272086,-80.8430827
Julianne Strauch,,"Advance, N.C.",womens-golf,2020,35.9412851,-80.4096455
Katherine Sung,,"Palo Alto, Calif.",womens-golf,2020,37.4443293,-122.1598465
Angela Zhang,,"Vancouver, British Columbia",womens-golf,2020,49.2608724,-123.113952
Mari Caldwell,,"Farmington, N.M.",womens-golf,2021,36.7291152,-108.205445
Kristen Chen,,"Thousand Oaks, Calif.",womens-golf,2021,34.1705609,-118.8375937
Katherine Sung,,"Palo Alto, Calif.",womens-golf,2021,37.4443293,-122.1598465
Penelope Tir,,"Winnetka, Ill.",womens-golf,2021,42.1080703,-87.7365286
Claire Xu,,"Federal Way, Wash.",womens-golf,2021,47.313494,-122.33931
Samantha Yao,,"Berwyn, Pa.",womens-golf,2021,40.0477701,-75.4421325
Sophie Thai,,"Los Altos, Calif.",womens-golf,2022,37.3790629,-122.116578
Samantha Yao,,"Berwyn, Pa.",womens-golf,2022,40.0477701,-75.4421325
Kim Shen,,"Johns Creek, Ga.",womens-golf,2022,34.0181557,-84.190196
Katherine Sung,,"Palo Alto, Calif.",womens-golf,2022,37.4443293,-122.1598465
Iris Cao,,"Duluth, Ga.",womens-golf,2022,34.0028569,-84.1441046
Claire Xu,,"Federal Way, Wash.",womens-golf,2022,47.313494,-122.33931
Penelope Tir,,"Winnetka, Ill.",womens-golf,2022,42.1080703,-87.7365286
Hope Hall,,"Baltimore, Md.",womens-golf,2022,39.2908816,-76.610759
Kim Shen,,"Johns Creek, Ga.",womens-golf,2023,34.0181557,-84.190196
Katherine Sung,,"Palo Alto, Calif.",womens-golf,2023,37.4443293,-122.1598465
Caroline Chung,,"Placentia, Calif.",womens-golf,2023,33.8714814,-117.8617337
Hope Hall,,"Baltimore, Md.",womens-golf,2023,39.2908816,-76.610759
Claire Xu,,"Federal Way, Wash.",womens-golf,2023,47.313494,-122.33931
Sophie Thai,,"Los Altos, Calif.",womens-golf,2023,37.3790629,-122.116578
Victoria Tan,,"Kuala Lumpur, Malaysia",womens-golf,2023,3.1516964,101.6942371
Alissa Xu,,"Richmond Hill, Ont.",womens-golf,2023,43.8801166,-79.4392925
Penelope Tir,,"Winnetka, Ill.",womens-golf,2023,42.1080703,-87.7365286
Claire Xu,,"Federal Way, Wash.",womens-golf,2024,47.313494,-122.33931
Alissa Xu,,"Richmond Hill, Ont.",womens-golf,2024,43.8801166,-79.4392925
Victoria Tan,,"Kuala Lumpur, Malaysia",womens-golf,2024,3.1516964,101.6942371
Kim Shen,,"Johns Creek, Ga.",womens-golf,2024,34.0181557,-84.190196
Olivia Cong,,"Germantown, Md.",womens-golf,2024,39.1712341,-77.2655648
Sophie Thai,,"Los Altos, Calif.",womens-golf,2024,37.3790629,-122.116578
Lauren Pham,,"Las Vegas, Nev.",womens-golf,2024,36.1674263,-115.1484131
Hope Hall,,"Baltimore, Md.",womens-golf,2024,39.2908816,-76.610759
Caroline Chung,,"Placentia, Calif.",womens-golf,2024,33.8714814,-117.8617337
Amanda Adams,,"Winchester, Mass.",womens-golf,2024,42.4523178,-71.1369982
Hope Hall,,"Baltimore, Md.",womens-golf,2025,39.2908816,-76.610759
Alissa Xu,,"Richmond Hill, Ont.",womens-golf,2025,43.8801166,-79.4392925
Caroline Chung,,"Placentia, Calif.",womens-golf,2025,33.8714814,-117.8617337
Olivia Cong,,"Germantown, Md.",womens-golf,2025,39.1712341,-77.2655648
Amanda Adams,,"Winchester, Mass.",womens-golf,2025,42.4523178,-71.1369982
Sophia Li,,"New York, N.Y.",womens-golf,2025,40.7127281,-74.0060152
Lauren Pham,,"Las Vegas, Nev.",womens-golf,2025,36.1674263,-115.1484131
Claire Wan,,"Austin, Texas",womens-golf,2025,30.2711286,-97.7436995
Sophie Thai,,"Los Altos, Calif.",womens-golf,2025,37.3790629,-122.116578
Alissa Xu,,"Richmond Hill, Ont.",womens-golf,2026,43.8801166,-79.4392925
Amanda Adams,,"Winchester, Mass.",womens-golf,2026,42.4523178,-71.1369982
Caroline Chung,,"Placentia, Calif.",womens-golf,2026,33.8714814,-117.8617337
Olivia Cong,,"Germantown, Md.",womens-golf,2026,39.1712341,-77.2655648
Samantha Harris,,"Las Vegas, Nev.",womens-golf,2026,36.1674263,-115.1484131
Sophia Li,,"New York, N.Y.",womens-golf,2026,40.7127281,-74.0060152
Lauren Pham,,"Las Vegas, Nev.",womens-golf,2026,36.1674263,-115.1484131
Angelina Tao,,"Trabuco Canyon, Calif.",womens-golf,2026,33.6626232,-117.58938
Claire Wan,,"Austin, Texas",womens-golf,2026,30.2711286,-97.7436995
Kristina Mathis,,"Greer, S.C.",womens-tennis,2016,34.9381361,-82.2272119
Catherine Cable,,"Spokane, Wash.",womens-tennis,2016,47.6571934,-117.42351
Julia Schroeder,,"Winnetka, Ill.",womens-tennis,2016,42.1080703,-87.7365286
Racquel Lyn,,"Houston, Texas",womens-tennis,2016,29.7589382,-95.3676974
Allison Chuang,,"Albany, Calif.",womens-tennis,2016,37.8871621,-122.298351
Allison McCann,,"Amherst, Mass.",womens-tennis,2016,42.3731948,-72.5198761
Taylor Ng,,"Haddonfield, N.J.",womens-tennis,2016,39.8915022,-75.0376707
Shannon Mukerji,,"Loudonville, N.Y.",womens-tennis,2016,42.7032355,-73.7636489
Lexxi Kiven,,"Buffalo Grove, Ill.",womens-tennis,2016,42.1544205,-87.9589621
Chuyang Guan,,"San Antonio, Texas",womens-tennis,2016,29.4246002,-98.4951405
Jacqueline Crawford,,"Bloomfield Hills, Mich.",womens-tennis,2016,42.583645,-83.2454883
Kristina Mathis,,"Greer, S.C.",womens-tennis,2017,34.9381361,-82.2272119
Jasmine Abidi,,"Glen Head, N.Y.",womens-tennis,2017,40.8433525,-73.6257512
Catherine Cable,,"Spokane, Wash.",womens-tennis,2017,47.6571934,-117.42351
Abigail Chiu,,"Austin, Texas",womens-tennis,2017,30.2711286,-97.7436995
Allison Chuang,,"Albany, Calif.",womens-tennis,2017,37.8871621,-122.298351
Chuyang Guan,,"San Antonio, Texas",womens-tennis,2017,29.4246002,-98.4951405
Madison Hwang,,"Frisco, Texas",womens-tennis,2017,33.1505998,-96.8238183
Racquel Lyn,,"Houston, Texas",womens-tennis,2017,29.7589382,-95.3676974
Allison McCann,,"Amherst, Mass.",womens-tennis,2017,42.3731948,-72.5198761
Shannon Mukerji,,"Loudonville, N.Y.",womens-tennis,2017,42.7032355,-73.7636489
Julia Schroeder,,"Winnetka, Ill.",womens-tennis,2017,42.1080703,-87.7365286
Catherine Cable,,"Spokane, Wash.",womens-tennis,2018,47.6571934,-117.42351
Nicole Conard,,"Boca Raton, Fla.",womens-tennis,2018,26.3586885,-80.0830984
Allison Chuang,,"Albany, Calif.",womens-tennis,2018,37.8871621,-122.298351
Chuyang Guan,,"San Antonio, Texas",womens-tennis,2018,29.4246002,-98.4951405
Abigail Chiu,,"Austin, Texas",womens-tennis,2018,30.2711286,-97.7436995
Racquel Lyn,,"Houston, Texas",womens-tennis,2018,29.7589382,-95.3676974
Jingyi Peng,,"Chatham, N.J.",womens-tennis,2018,40.7409242,-74.3836711
Nina Paripovic,,"Hamilton, New Zealand",womens-tennis,2018,-37.7878809,175.281788
Allison McCann,,"Amherst, Mass.",womens-tennis,2018,42.3731948,-72.5198761
Emily Zhou,,"Palo Alto, Calif.",womens-tennis,2019,37.4443293,-122.1598465
Jingyi Peng,,"Chatham, N.J.",womens-tennis,2019,40.7409242,-74.3836711
Chidimma Okpara,,"Bronxville, N.Y.",womens-tennis,2019,40.9381544,-73.8320784
Allison McCann,,"Amherst, Mass.",womens-tennis,2019,42.3731948,-72.5198761
Ashley Hess,,"Cedar Grove, N.J.",womens-tennis,2019,40.8517662,-74.229035
Racquel Lyn,,"Houston, Texas",womens-tennis,2019,29.7589382,-95.3676974
Chuyang Guan,,"San Antonio, Texas",womens-tennis,2019,29.4246002,-98.4951405
Jennifer Gadalov,,"Los Angeles, Calif.",womens-tennis,2019,34.0536909,-118.242766
Nicole Conard,,"Boca Raton, Fla.",womens-tennis,2019,26.3586885,-80.0830984
Abigail Chiu,,"Austin, Texas",womens-tennis,2019,30.2711286,-97.7436995
Catherine Cable,,"Spokane, Wash.",womens-tennis,2019,47.6571934,-117.42351
Nina Paripovic,,"Hamilton, New Zealand",womens-tennis,2019,-37.7878809,175.281788
Emily Zhou,,"Palo Alto, Calif.",womens-tennis,2020,37.4443293,-122.1598465
Katie Weber,,"Charlotte, N.C.",womens-tennis,2020,35.2272086,-80.8430827
Ameliija Swaffer-Selff,,"Moura, Australia",womens-tennis,2020,-24.4882245,149.9418209
Jingyi Peng,,"Chatham, N.J.",womens-tennis,2020,40.7409242,-74.3836711
Ashley Hess,,"Cedar Grove, N.J.",womens-tennis,2020,40.8517662,-74.229035
Chidimma Okpara,,"Bronxville, N.Y.",womens-tennis,2020,40.9381544,-73.8320784
Abigail Chiu,,"Austin, Texas",womens-tennis,2020,30.2711286,-97.7436995
Jennifer Gadalov,,"Los Angeles, Calif.",womens-tennis,2020,34.0536909,-118.242766
Nicole Conard,,"Boca Raton, Fla.",womens-tennis,2020,26.3586885,-80.0830984
Lexi Dewire,,"Hingham, Mass.",womens-tennis,2020,42.2417669,-70.8897676
Nina Paripovic,,"Hamilton, New Zealand",womens-tennis,2020,-37.7878809,175.281788
Lexi Dewire,,"Hingham, Mass.",womens-tennis,2021,42.2417669,-70.8897676
Ashley Hess,,"Cedar Grove, N.J.",womens-tennis,2021,40.8517662,-74.229035
Chloe Yoo,,"Surrey, British Columbia",womens-tennis,2021,49.1913033,-122.849143
Ameliija Swaffer-Selff,,"Moura, Australia",womens-tennis,2021,-24.4882245,149.9418209
Chidimma Okpara,,"Bronxville, N.Y.",womens-tennis,2021,40.9381544,-73.8320784
Ujvala Jupalli,,"Parsippany, N.J.",womens-tennis,2021,40.8623835,-74.4032354
Katie Weber,,"Charlotte, N.C.",womens-tennis,2021,35.2272086,-80.8430827
Elizabeth Fahrmeier,,"Cincinnati, Ohio",womens-tennis,2021,39.1012809,-84.5127405
Emily Zhou,,"Palo Alto, Calif.",womens-tennis,2021,37.4443293,-122.1598465
Jingyi Peng,,"Chatham, N.J.",womens-tennis,2021,40.7409242,-74.3836711
Elizabeth Fahrmeier,,"Cincinnati, Ohio",womens-tennis,2022,39.1012809,-84.5127405
Ashley Hess,,"Cedar Grove, N.J.",womens-tennis,2022,40.8517662,-74.229035
Katie Weber,,"Charlotte, N.C.",womens-tennis,2022,35.2272086,-80.8430827
Valentina Cruz,,"San Salvador, El Salvador",womens-tennis,2022,13.697629,-89.191156
Lexi Dewire,,"Hingham, Mass.",womens-tennis,2022,42.2417669,-70.8897676
Ujvala Jupalli,,"Parsippany, N.J.",womens-tennis,2022,40.8623835,-74.4032354
Brooke Hess,,"Cedar Grove, N.J.",womens-tennis,2022,40.8517662,-74.229035
Chidimma Okpara,,"Bronxville, N.Y.",womens-tennis,2022,40.9381544,-73.8320784
Emily Zhou,,"Palo Alto, Calif.",womens-tennis,2022,37.4443293,-122.1598465
Ameliija Swaffer-Selff,,"Moura, Australia",womens-tennis,2022,-24.4882245,149.9418209
Katie Weber,,"Charlotte, N.C.",womens-tennis,2023,35.2272086,-80.8430827
Lexi Dewire,,"Hingham, Mass.",womens-tennis,2023,42.2417669,-70.8897676
Brooke Hess,,"Cedar Grove, N.J.",womens-tennis,2023,40.8517662,-74.229035
Peyton Capuano,,"Herndon, Va.",womens-tennis,2023,38.9695316,-77.3859479
Valentina Cruz,,"San Salvador, El Salvador",womens-tennis,2023,13.697629,-89.191156
Elizabeth Fahrmeier,,"Cincinnati, Ohio",womens-tennis,2023,39.1012809,-84.5127405
Caroline Lemcke,,"Las Vegas, Nev.",womens-tennis,2023,36.1674263,-115.1484131
Michela Moore,,"Monte Sereno, Calif.",womens-tennis,2023,37.236333,-121.992458
Ameliija Swaffer-Selff,,"Moura, Australia",womens-tennis,2023,-24.4882245,149.9418209
Ujvala Jupalli,,"Parsippany, N.J.",womens-tennis,2023,40.8623835,-74.4032354
Elizabeth Fahrmeier,,"Cincinnati, Ohio",womens-tennis,2024,39.1012809,-84.5127405
Valentina Cruz,,"San Salvador, El Salvador",womens-tennis,2024,13.697629,-89.191156
Lauren Han,,"Happy Valley, Ore.",womens-tennis,2024,45.428679,-122.497174
Lexi Dewire,,"Hingham, Mass.",womens-tennis,2024,42.2417669,-70.8897676
Michela Moore,,"Monte Sereno, Calif.",womens-tennis,2024,37.236333,-121.992458
Peyton Capuano,,"Herndon, Va.",womens-tennis,2024,38.9695316,-77.3859479
Ujvala Jupalli,,"Parsippany, N.J.",womens-tennis,2024,40.8623835,-74.4032354
Elise Wong,,"Honolulu, Hawaii",womens-tennis,2024,21.304547,-157.855676
Brooke Hess,,"Cedar Grove, N.J.",womens-tennis,2024,40.8517662,-74.229035
Sam Grosjean,,"Boca Raton, Fla.",womens-tennis,2024,26.3586885,-80.0830984
Caroline Lemcke,,"Las Vegas, Nev.",womens-tennis,2024,36.1674263,-115.1484131
Peyton Capuano,,"Herndon, Va.",womens-tennis,2025,38.9695316,-77.3859479
Valentina Cruz,,"San Salvador, El Salvador",womens-tennis,2025,13.697629,-89.191156
Audrey Feng,,"Los Altos, Calif.",womens-tennis,2025,37.3790629,-122.116578
Sam Grosjean,,"Boca Raton, Fla.",womens-tennis,2025,26.3586885,-80.0830984
Elise Wong,,"Honolulu, Hawaii",womens-tennis,2025,21.304547,-157.855676
Lauren Han,,"Happy Valley, Ore.",womens-tennis,2025,45.428679,-122.497174
Brooke Hess,,"Cedar Grove, N.J.",womens-tennis,2025,40.8517662,-74.229035
Caroline Lemcke,,"Las Vegas, Nev.",womens-tennis,2025,36.1674263,-115.1484131
Josephine Lombardi,,"Houston, Texas",womens-tennis,2025,29.7589382,-95.3676974
Michela Moore,,"Monte Sereno, Calif.",womens-tennis,2025,37.236333,-121.992458
Alexandra Orlins,,"Cheshire, Conn.",womens-tennis,2025,41.4989355,-72.9009925
Kylie Liu,,"San Diego, Calif.",womens-tennis,2026,32.7157062,-117.1638284
Alexandra Orlins,,"Cheshire, Conn.",womens-tennis,2026,41.4989355,-72.9009925
Michela Moore,,"Monte Sereno, Calif.",womens-tennis,2026,37.236333,-121.992458
Josephine Lombardi,,"Houston, Texas",womens-tennis,2026,29.7589382,-95.3676974
Prisha Lingam,,"Bloomfield Hills, Mich.",womens-tennis,2026,42.583645,-83.2454883
Elise Wong,,"Honolulu, Hawaii",womens-tennis,2026,21.304547,-157.855676
Lauren Han,,"Happy Valley, Ore.",womens-tennis,2026,45.428679,-122.497174
Sam Grosjean,,"Boca Raton, Fla.",womens-tennis,2026,26.3586885,-80.0830984
Audrey Feng,,"Los Altos, Calif.",womens-tennis,2026,37.3790629,-122.116578
Peyton Capuano,,"Herndon, Va.",womens-tennis,2026,38.9695316,-77.3859479
Caroline Lemcke,,"Las Vegas, Nev.",womens-tennis,2026,36.1674263,-115.1484131
John Ernsting,F,"Naperville, Ill.",mens-ice-hockey,2016,41.7728699,-88.1479278
Caleb Nelson,PL,"Ryegate, Vt.",mens-ice-hockey,2016,44.2083985,-72.1036629
Karan Toor,D,"Surrey, British Columbia",mens-ice-hockey,2016,49.1913033,-122.849143
Kevan Kilistoff,F,"Langley, British Columbia",mens-ice-hockey,2016,49.1039289,-122.657047
Adrian Clark,G,"Toronto, Ontario",mens-ice-hockey,2016,43.6534817,-79.3839347
Devin Buffalo,G,"Wetaskiwin, Alberta",mens-ice-hockey,2016,52.968492,-113.36792
Dean Shatzer,G,"Castle Rock, Colo.",mens-ice-hockey,2016,39.3722552,-104.858682
Ryan Blankemeier,F,"Oak Park, Ill.",mens-ice-hockey,2016,41.8878145,-87.7887615
Jamie McLaughlin,F,"Toronto, Ontario",mens-ice-hockey,2016,43.6534817,-79.3839347
Kevin Neiley,F,"Warminster, Pa.",mens-ice-hockey,2016,40.2067751,-75.0996159
Carl Hesler,F,"Boxborough, Mass.",mens-ice-hockey,2016,42.4827512,-71.5142726
Will Graber,F,"Broomfield, Colo.",mens-ice-hockey,2016,39.9403995,-105.05208
Kyle Nickerson,F,"Weston, Mass.",mens-ice-hockey,2016,42.3667625,-71.3031132
Corey Kalk,F,"Maple, Ontario",mens-ice-hockey,2016,43.8594952,-79.5068973
Clay Han,D,"Liberty Township, Ohio",mens-ice-hockey,2016,39.400949,-84.4097355
Charley Michalowski,F,"Chestnut Hill, Mass.",mens-ice-hockey,2016,42.3234553,-71.1639439
Tim Shoup,D,"Upper Saint Clair, Pa.",mens-ice-hockey,2016,40.3347309,-80.0708493
Connor Yau,D,"Algonquin, Ill.",mens-ice-hockey,2016,42.1655801,-88.2942493
Grant Opperman,F,"Wayzata, Minn.",mens-ice-hockey,2016,44.970759,-93.511947
Cam Strong,F,"Billings, Mont.",mens-ice-hockey,2016,45.7874957,-108.49607
Alex Jasiek,F,"St. Louis, Mo.",mens-ice-hockey,2016,38.6254063,-90.190009
Shane Sellar,F,"Carlisle, Pa.",mens-ice-hockey,2016,40.201499,-77.1890783
Cameron Roth,D,"Nepean, Ontario",mens-ice-hockey,2016,45.2862008,-75.7512324
Ben DiMaio,D,"Pembroke, Mass.",mens-ice-hockey,2016,42.0714907,-70.8092074
Josh Hartley,D,"Coquitlam, British Columbia",mens-ice-hockey,2016,49.2842958,-122.793281
Daniel Warpecha,F,"Willow Springs, Ill.",mens-ice-hockey,2016,41.7366004,-87.8693152
Troy Crema,F,"Toronto, Ontario",mens-ice-hockey,2016,43.6534817,-79.3839347
River Rymsha,D,"Huntington Woods, Mich.",mens-ice-hockey,2016,42.4805913,-83.1668713
Matt Baker,F,"Barrie, Ontario",mens-ice-hockey,2017,44.3893208,-79.6901302
Adrian Clark,G,"Toronto, Ontario",mens-ice-hockey,2017,43.6534817,-79.3839347
Devin Buffalo,G,"Wetaskiwin, Alberta",mens-ice-hockey,2017,52.968492,-113.36792
Dean Shatzer,G,"Castle Rock, Colo.",mens-ice-hockey,2017,39.3722552,-104.858682
Will Graber,F,"Broomfield, Colo.",mens-ice-hockey,2017,39.9403995,-105.05208
Corey Kalk,F,"Maple, Ontario",mens-ice-hockey,2017,43.8594952,-79.5068973
Ryan Blankemeier,F,"Oak Park, Ill.",mens-ice-hockey,2017,41.8878145,-87.7887615
Brendan Less,D,"Kinnelon, N.J.",mens-ice-hockey,2017,41.0017644,-74.367096
Clay Han,D,"Liberty Township, Ohio",mens-ice-hockey,2017,39.400949,-84.4097355
John Ernsting,F,"Naperville, Ill.",mens-ice-hockey,2017,41.7728699,-88.1479278
Alex Jasiek,F,"St. Louis, Mo.",mens-ice-hockey,2017,38.6254063,-90.190009
Cam Strong,F,"Billings, Mont.",mens-ice-hockey,2017,45.7874957,-108.49607
Quin Foreman,F,"Needham, Mass.",mens-ice-hockey,2017,42.2802645,-71.2360624
Collin Rutherford,F,"Tonawanda, N.Y.",mens-ice-hockey,2017,43.020679,-78.878383
Charley Michalowski,F,"Chestnut Hill, Mass.",mens-ice-hockey,2017,42.3234553,-71.1639439
Carl Hesler,F,"Boxborough, Mass.",mens-ice-hockey,2017,42.4827512,-71.5142726
Joey Matthews,D,"Columbia, Ill.",mens-ice-hockey,2017,38.4428078,-90.1997949
Ben DiMaio,D,"Pembroke, Mass.",mens-ice-hockey,2017,42.0714907,-70.8092074
Tim Shoup,D,"Upper Saint Clair, Pa.",mens-ice-hockey,2017,40.3347309,-80.0708493
Connor Yau,D,"Algonquin, Ill.",mens-ice-hockey,2017,42.1655801,-88.2942493
Kevan Kilistoff,F,"Langley, British Columbia",mens-ice-hockey,2017,49.1039289,-122.657047
Kevin Neiley,F,"Warminster, Pa.",mens-ice-hockey,2017,40.2067751,-75.0996159
Cameron Roth,D,"Nepean, Ontario",mens-ice-hockey,2017,45.2862008,-75.7512324
Shane Sellar,F,"Carlisle, Pa.",mens-ice-hockey,2017,40.201499,-77.1890783
Daniel Warpecha,F,"Willow Springs, Ill.",mens-ice-hockey,2017,41.7366004,-87.8693152
River Rymsha,D,"Huntington Woods, Mich.",mens-ice-hockey,2017,42.4805913,-83.1668713
Brendan Demler,D,"Lebanon, Ohio",mens-ice-hockey,2017,39.4353373,-84.2029922
Jamie McLaughlin,F,"Toronto, Ontario",mens-ice-hockey,2017,43.6534817,-79.3839347
Adrian Clark,G,"Toronto, Ontario",mens-ice-hockey,2018,43.6534817,-79.3839347
Collin Rutherford,F,"Tonawanda, N.Y.",mens-ice-hockey,2018,43.020679,-78.878383
Cam Strong,F,"Billings, Mont.",mens-ice-hockey,2018,45.7874957,-108.49607
Alex Jasiek,F,"St. Louis, Mo.",mens-ice-hockey,2018,38.6254063,-90.190009
Brendan Demler,D,"Lebanon, Ohio",mens-ice-hockey,2018,39.4353373,-84.2029922
Jeff Losurdo,F,"Elmhurst, Ill.",mens-ice-hockey,2018,41.8994745,-87.9403418
Harrison Markell,D,"Andover, Mass.",mens-ice-hockey,2018,42.65717,-71.1408776
Erik Urbank,F,"Orchard Park, N.Y.",mens-ice-hockey,2018,42.7670376,-78.7435517
Cameron Roth,D,"Nepean, Ontario",mens-ice-hockey,2018,45.2862008,-75.7512324
Ben DiMaio,D,"Pembroke, Mass.",mens-ice-hockey,2018,42.0714907,-70.8092074
Joey Matthews,D,"Columbia, Ill.",mens-ice-hockey,2018,38.4428078,-90.1997949
Kevan Kilistoff,F,"Langley, British Columbia",mens-ice-hockey,2018,49.1039289,-122.657047
Connor Yau,D,"Algonquin, Ill.",mens-ice-hockey,2018,42.1655801,-88.2942493
Quin Foreman,F,"Needham, Mass.",mens-ice-hockey,2018,42.2802645,-71.2360624
Brendan Less,D,"Kinnelon, N.J.",mens-ice-hockey,2018,41.0017644,-74.367096
Matt Baker,F,"Barrie, Ontario",mens-ice-hockey,2018,44.3893208,-79.6901302
Justin Ferguson,G,"Hudson, N.H.",mens-ice-hockey,2018,42.7655784,-71.4393423
Dean Shatzer,G,"Castle Rock, Colo.",mens-ice-hockey,2018,39.3722552,-104.858682
Will Graber,F,"Broomfield, Colo.",mens-ice-hockey,2018,39.9403995,-105.05208
Drew O'Connor,F,"Chatham, N.J.",mens-ice-hockey,2018,40.7409242,-74.3836711
Shane Sellar,F,"Carlisle, Pa.",mens-ice-hockey,2018,40.201499,-77.1890783
Daniel Warpecha,F,"Willow Springs, Ill.",mens-ice-hockey,2018,41.7366004,-87.8693152
Clay Han,D,"Liberty Township, Ohio",mens-ice-hockey,2018,39.400949,-84.4097355
John Ernsting,F,"Naperville, Ill.",mens-ice-hockey,2018,41.7728699,-88.1479278
Sam Hesler,F,"Boxborough, Mass.",mens-ice-hockey,2018,42.4827512,-71.5142726
Christian LeSueur,F,"Greenwich, Conn.",mens-ice-hockey,2018,41.0264862,-73.6284598
Carl Hesler,F,"Boxborough, Mass.",mens-ice-hockey,2018,42.4827512,-71.5142726
Ryan Blankemeier,F,"Oak Park, Ill.",mens-ice-hockey,2018,41.8878145,-87.7887615
Erik Urbank,F,"Orchard Park, N.Y.",mens-ice-hockey,2019,42.7670376,-78.7435517
Christian LeSueur,F,"Greenwich, Conn.",mens-ice-hockey,2019,41.0264862,-73.6284598
Sam Hesler,F,"Boxborough, Mass.",mens-ice-hockey,2019,42.4827512,-71.5142726
Clay Han,D,"Liberty Township, Ohio",mens-ice-hockey,2019,39.400949,-84.4097355
Ryan Blankemeier,F,"Oak Park, Ill.",mens-ice-hockey,2019,41.8878145,-87.7887615
Will Graber,F,"Broomfield, Colo.",mens-ice-hockey,2019,39.9403995,-105.05208
Quin Foreman,F,"Needham, Mass.",mens-ice-hockey,2019,42.2802645,-71.2360624
Sean Keohan,D,"Milton, Mass.",mens-ice-hockey,2019,42.2501425,-71.065573
Brendan Less,D,"Kinnelon, N.J.",mens-ice-hockey,2019,41.0017644,-74.367096
Jack Cameron,D,"Halifax, Nova Scotia",mens-ice-hockey,2019,44.648618,-63.5859487
Cam Strong,F,"Billings, Mont.",mens-ice-hockey,2019,45.7874957,-108.49607
Justin Ferguson,G,"Hudson, N.H.",mens-ice-hockey,2019,42.7655784,-71.4393423
Collin Rutherford,F,"Tonawanda, N.Y.",mens-ice-hockey,2019,43.020679,-78.878383
Shane Sellar,F,"Carlisle, Pa.",mens-ice-hockey,2019,40.201499,-77.1890783
Drew O'Connor,F,"Chatham, N.J.",mens-ice-hockey,2019,40.7409242,-74.3836711
Brendan Demler,D,"Lebanon, Ohio",mens-ice-hockey,2019,39.4353373,-84.2029922
Harrison Markell,D,"Andover, Mass.",mens-ice-hockey,2019,42.65717,-71.1408776
Joey Matthews,D,"Columbia, Ill.",mens-ice-hockey,2019,38.4428078,-90.1997949
Ben DiMaio,D,"Pembroke, Mass.",mens-ice-hockey,2019,42.0714907,-70.8092074
Brock Paul,D,"Carmel, Ind.",mens-ice-hockey,2019,39.9784186,-86.1283681
Tanner Palocsik,D,"Aliquippa, Pa.",mens-ice-hockey,2019,40.6102386,-80.267726
Dean Shatzer,G,"Castle Rock, Colo.",mens-ice-hockey,2019,39.3722552,-104.858682
Daniel Warpecha,F,"Willow Springs, Ill.",mens-ice-hockey,2019,41.7366004,-87.8693152
Adrian Clark,G,"Toronto, Ontario",mens-ice-hockey,2019,43.6534817,-79.3839347
Matt Baker,F,"Barrie, Ontario",mens-ice-hockey,2019,44.3893208,-79.6901302
Jeff Losurdo,F,"Elmhurst, Ill.",mens-ice-hockey,2019,41.8994745,-87.9403418
Mark Gallant,F,"Concord, Mass.",mens-ice-hockey,2019,42.4605189,-71.3488963
Tyler Campbell,F,"Winnipeg, Manitoba",mens-ice-hockey,2019,49.8955367,-97.1384584
Justin Ferguson,G,"Hudson, N.H.",mens-ice-hockey,2020,42.7655784,-71.4393423
Troy Burkhart,G,"Tampa, Fla.",mens-ice-hockey,2020,27.9449854,-82.4583107
Sean Keohan,D,"Milton, Mass.",mens-ice-hockey,2020,42.2501425,-71.065573
Jeff Losurdo,F,"Elmhurst, Ill.",mens-ice-hockey,2020,41.8994745,-87.9403418
Brendan Demler,D(C),"Lebanon, Ohio",mens-ice-hockey,2020,39.4353373,-84.2029922
Erik Urbank,F,"Orchard Park, N.Y.",mens-ice-hockey,2020,42.7670376,-78.7435517
Ryan Lovett,F,"Franklin, Mass.",mens-ice-hockey,2020,42.5896205,-72.6110645
Brendan Less,D,"Kinnelon, N.J.",mens-ice-hockey,2020,41.0017644,-74.367096
Sam Hesler,F,"Boxborough, Mass.",mens-ice-hockey,2020,42.4827512,-71.5142726
Harrison Markell,D,"Andover, Mass.",mens-ice-hockey,2020,42.65717,-71.1408776
Luke House,F,"Chicago, Ill.",mens-ice-hockey,2020,41.8755616,-87.6244212
Clay Stevenson,G,"Port Coquitlam, British Columbia",mens-ice-hockey,2020,49.2621643,-122.780542
Tyler Campbell,F,"Winnipeg, Manitoba",mens-ice-hockey,2020,49.8955367,-97.1384584
Matt Baker,F,"Barrie, Ontario",mens-ice-hockey,2020,44.3893208,-79.6901302
Joey Matthews,D,"Columbia, Ill.",mens-ice-hockey,2020,38.4428078,-90.1997949
Tyler Borsch,D,"Maple Grove, Minn.",mens-ice-hockey,2020,45.0984983,-93.4419222
Brock Paul,D,"Carmel, Ind.",mens-ice-hockey,2020,39.9784186,-86.1283681
Ryan Sorkin,F,"Chicago, Ill.",mens-ice-hockey,2020,41.8755616,-87.6244212
Joey Musa,F,"Orange Park, Fla.",mens-ice-hockey,2020,30.1654707,-81.7016346
Collin Rutherford,F,"Tonawanda, N.Y.",mens-ice-hockey,2020,43.020679,-78.878383
Tanner Palocsik,D,"Aliquippa, Pa.",mens-ice-hockey,2020,40.6102386,-80.267726
Quin Foreman,F,"Needham, Mass.",mens-ice-hockey,2020,42.2802645,-71.2360624
Jack Cameron,D,"Halifax, Nova Scotia",mens-ice-hockey,2020,44.648618,-63.5859487
Mark Gallant,F,"Concord, Mass.",mens-ice-hockey,2020,42.4605189,-71.3488963
Nick Unruh,F,"Fort McMurray, Alberta",mens-ice-hockey,2020,56.7291997,-111.3885221
Josh Waters,F,"Collegeville, Pa.",mens-ice-hockey,2020,40.1854712,-75.4512163
Trym Løkkeberg,F,"Fredrikstad, Norway",mens-ice-hockey,2021,59.1862013,10.8680241
Ian Pierce,D,"Edgewater, N.J.",mens-ice-hockey,2021,40.8270448,-73.975694
Matt Hubbarde,F,"Pickering, Ontario",mens-ice-hockey,2021,43.835765,-79.090576
Nate Morgan,F,"Calgary, Alta.",mens-ice-hockey,2021,51.0456064,-114.057541
Harrison Markell,D,"Andover, Mass.",mens-ice-hockey,2021,42.65717,-71.1408776
Sean Chisholm,F,"Caledonia, Ont.",mens-ice-hockey,2021,43.6923229,-79.4653403
Tyler Borsch,D,"Maple Grove, Minn.",mens-ice-hockey,2021,45.0984983,-93.4419222
Clay Stevenson,G,"Port Coquitlam, British Columbia",mens-ice-hockey,2021,49.2621643,-122.780542
Sam Hesler,F,"Boxborough, Mass.",mens-ice-hockey,2021,42.4827512,-71.5142726
Sean Keohan,D,"Milton, Mass.",mens-ice-hockey,2021,42.2501425,-71.065573
Josh Waters,F,"Collegeville, Pa.",mens-ice-hockey,2021,40.1854712,-75.4512163
Justin Ferguson,G,"Hudson, N.H.",mens-ice-hockey,2021,42.7655784,-71.4393423
Tyler Campbell,F,"Winnipeg, Manitoba",mens-ice-hockey,2021,49.8955367,-97.1384584
Jeff Losurdo,F,"Elmhurst, Ill.",mens-ice-hockey,2021,41.8994745,-87.9403418
Ryan Sorkin,F,"Chicago, Ill.",mens-ice-hockey,2021,41.8755616,-87.6244212
Jack Cameron,D,"Halifax, Nova Scotia",mens-ice-hockey,2021,44.648618,-63.5859487
Dylan Witzke,D,"Calgary, Alberta",mens-ice-hockey,2021,51.0456064,-114.057541
Steven Townley,F,"Woodstock, Vt.",mens-ice-hockey,2021,43.6247646,-72.5189791
Ryan Lovett,F,"Franklin, Mass.",mens-ice-hockey,2021,42.5896205,-72.6110645
Nick Unruh,F,"Fort McMurray, Alberta",mens-ice-hockey,2021,56.7291997,-111.3885221
Joey Musa,F,"Orange Park, Fla.",mens-ice-hockey,2021,30.1654707,-81.7016346
Troy Burkhart,G,"Tampa, Fla.",mens-ice-hockey,2021,27.9449854,-82.4583107
Erik Urbank,F,"Orchard Park, N.Y.",mens-ice-hockey,2021,42.7670376,-78.7435517
Braiden Dorfman,F,"Nashville, Tenn.",mens-ice-hockey,2021,36.1622767,-86.7742984
Tanner Palocsik,D,"Aliquippa, Pa.",mens-ice-hockey,2021,40.6102386,-80.267726
Mark Gallant,F,"Concord, Mass.",mens-ice-hockey,2021,42.4605189,-71.3488963
Brock Paul,D,"Carmel, Ind.",mens-ice-hockey,2021,39.9784186,-86.1283681
Brady MacDonald,D,"Union, Ont.",mens-ice-hockey,2021,43.6456424,-79.3802085
Matt Hubbarde,F,"Pickering, Ontario",mens-ice-hockey,2022,43.835765,-79.090576
Nate Morgan,F,"Calgary, Alta.",mens-ice-hockey,2022,51.0456064,-114.057541
Trym Løkkeberg,F,"Fredrikstad, Norway",mens-ice-hockey,2022,59.1862013,10.8680241
Braiden Dorfman,F,"Nashville, Tenn.",mens-ice-hockey,2022,36.1622767,-86.7742984
Luke Haymes,F,"Ottawa, Ont.",mens-ice-hockey,2022,45.4208777,-75.6901106
Cooper Black,G,"Alpena, Mich.",mens-ice-hockey,2022,45.0176181,-83.6670019
Troy Burkhart,G,"Tampa, Fla.",mens-ice-hockey,2022,27.9449854,-82.4583107
Alex Krause,F,"Calabasas, Calif.",mens-ice-hockey,2022,34.1446643,-118.644097
Cooper Flinton,F,"Auburn, N.H.",mens-ice-hockey,2022,43.0045289,-71.348398
Ian Pierce,D,"Edgewater, N.J.",mens-ice-hockey,2022,40.8270448,-73.975694
Sean Chisholm,F,"Caledonia, Ont.",mens-ice-hockey,2022,43.6923229,-79.4653403
Brock Paul,D,"Carmel, Ind.",mens-ice-hockey,2022,39.9784186,-86.1283681
Mark Gallant,F,"Concord, Mass.",mens-ice-hockey,2022,42.4605189,-71.3488963
Josh Waters,F,"Collegeville, Pa.",mens-ice-hockey,2022,40.1854712,-75.4512163
Tyler Campbell,F,"Winnipeg, Manitoba",mens-ice-hockey,2022,49.8955367,-97.1384584
John Fusco,D,"Westwood, Mass.",mens-ice-hockey,2022,42.2186913,-71.2233829
Nick Unruh,F,"Fort McMurray, Alberta",mens-ice-hockey,2022,56.7291997,-111.3885221
Ryan Sorkin,F,"Chicago, Ill.",mens-ice-hockey,2022,41.8755616,-87.6244212
Joey Musa,F,"Orange Park, Fla.",mens-ice-hockey,2022,30.1654707,-81.7016346
Cam MacDonald,F,"Surrey, B.C.",mens-ice-hockey,2022,49.1913033,-122.849143
Steven Townley,F,"Woodstock, Vt.",mens-ice-hockey,2022,43.6247646,-72.5189791
Mikey Roberts,G,"Wilton, Conn.",mens-ice-hockey,2022,41.1953739,-73.4378988
Ryan Lovett,F,"Franklin, Mass.",mens-ice-hockey,2022,42.5896205,-72.6110645
Sean Keohan,D,"Milton, Mass.",mens-ice-hockey,2022,42.2501425,-71.065573
Tucker McRae,D,"Calgary, Alta.",mens-ice-hockey,2022,51.0456064,-114.057541
Brady MacDonald,D,"Union, Ont.",mens-ice-hockey,2022,43.6456424,-79.3802085
Tanner Palocsik,D,"Aliquippa, Pa.",mens-ice-hockey,2022,40.6102386,-80.267726
Jack Cameron,D,"Halifax, Nova Scotia",mens-ice-hockey,2022,44.648618,-63.5859487
Cooper Flinton,F,"Auburn, N.H.",mens-ice-hockey,2023,43.0045289,-71.348398
Cooper Black,G,"Alpena, Mich.",mens-ice-hockey,2023,45.0176181,-83.6670019
Owen Desilets,D,"Airdrie, Alta.",mens-ice-hockey,2023,51.28597,-114.01062
Cam MacDonald,F,"Surrey, B.C.",mens-ice-hockey,2023,49.1913033,-122.849143
John Fusco,D,"Westwood, Mass.",mens-ice-hockey,2023,42.2186913,-71.2233829
Sean Chisholm,F,"Caledonia, Ont.",mens-ice-hockey,2023,43.6923229,-79.4653403
Steven Townley,F,"Woodstock, Vt.",mens-ice-hockey,2023,43.6247646,-72.5189791
Brady MacDonald,D,"Union, Ont.",mens-ice-hockey,2023,43.6456424,-79.3802085
Braiden Dorfman,F,"Nashville, Tenn.",mens-ice-hockey,2023,36.1622767,-86.7742984
Nate Morgan,F,"Calgary, Alta.",mens-ice-hockey,2023,51.0456064,-114.057541
Alex Krause,F,"Calabasas, Calif.",mens-ice-hockey,2023,34.1446643,-118.644097
Matt Fusco,D,"Westwood, Mass.",mens-ice-hockey,2023,42.2186913,-71.2233829
Josh Waters,F,"Collegeville, Pa.",mens-ice-hockey,2023,40.1854712,-75.4512163
Mikey Roberts,G,"Wilton, Conn.",mens-ice-hockey,2023,41.1953739,-73.4378988
Trym Løkkeberg,F,"Fredrikstad, Norway",mens-ice-hockey,2023,59.1862013,10.8680241
Nikita Nikora,F,"Saint Petersburg, Russia",mens-ice-hockey,2023,59.9606739,30.1586551
Tucker McRae,D,"Calgary, Alta.",mens-ice-hockey,2023,51.0456064,-114.057541
Joey Musa,F,"Orange Park, Fla.",mens-ice-hockey,2023,30.1654707,-81.7016346
Roan Clarke,G,"Surrey, B.C.",mens-ice-hockey,2023,49.1913033,-122.849143
Luke Haymes,F,"Ottawa, Ont.",mens-ice-hockey,2023,45.4208777,-75.6901106
Eric Charpentier,D,"Silver Spring, Md.",mens-ice-hockey,2023,38.9997621,-77.0240371
Oskari Vuorio,F,"Espoo, Finland",mens-ice-hockey,2023,60.2049651,24.6559808
Ryan Sorkin,F,"Chicago, Ill.",mens-ice-hockey,2023,41.8755616,-87.6244212
Ian Pierce,D,"Edgewater, N.J.",mens-ice-hockey,2023,40.8270448,-73.975694
CJ Foley,D,"Hanover, Mass.",mens-ice-hockey,2023,42.1131572,-70.8119859
Eric Charpentier,D,"Silver Spring, Md.",mens-ice-hockey,2024,38.9997621,-77.0240371
Emmett Croteau,G,"Bonnyville, Alta.",mens-ice-hockey,2024,54.267925,-110.741515
Cooper Flinton,F,"Auburn, N.H.",mens-ice-hockey,2024,43.0045289,-71.348398
Matt Fusco,D,"Westwood, Mass.",mens-ice-hockey,2024,42.2186913,-71.2233829
Trym Løkkeberg,F,"Fredrikstad, Norway",mens-ice-hockey,2024,59.1862013,10.8680241
Austin Salani,F,"Hancock, Mich.",mens-ice-hockey,2024,47.126871,-88.580956
Steven Townley,F,"Woodstock, Vt.",mens-ice-hockey,2024,43.6247646,-72.5189791
Ian Pierce,D,"Edgewater, N.J.",mens-ice-hockey,2024,40.8270448,-73.975694
Alex Krause,F,"Calabasas, Calif.",mens-ice-hockey,2024,34.1446643,-118.644097
Oskari Vuorio,F,"Espoo, Finland",mens-ice-hockey,2024,60.2049651,24.6559808
Mikey Roberts,G,"Wilton, Conn.",mens-ice-hockey,2024,41.1953739,-73.4378988
Nikita Nikora,F,"Saint Petersburg, Russia",mens-ice-hockey,2024,59.9606739,30.1586551
Hayden Stavroff,F,"Columbus, Ohio",mens-ice-hockey,2024,39.9622601,-83.0007065
Hank Cleaves,F,"Riverside, Conn.",mens-ice-hockey,2024,41.0314897,-73.5833604
Braiden Dorfman,F,"Nashville, Tenn.",mens-ice-hockey,2024,36.1622767,-86.7742984
Tim Busconi,D,"Milton, Mass.",mens-ice-hockey,2024,42.2501425,-71.065573
Tucker McRae,D,"Calgary, Alta.",mens-ice-hockey,2024,51.0456064,-114.057541
Colin Grable,D,"Spring Lake, N.J.",mens-ice-hockey,2024,40.1535132,-74.0293941
Cam MacDonald,F,"Surrey, B.C.",mens-ice-hockey,2024,49.1913033,-122.849143
CJ Foley,D,"Hanover, Mass.",mens-ice-hockey,2024,42.1131572,-70.8119859
Joshua Schenk,F,"Whitehorse, YT",mens-ice-hockey,2024,60.721571,-135.054932
Jack Silverberg,F,"Sherwood Park, Alta.",mens-ice-hockey,2024,53.5256963,-113.296631
John Fusco,D,"Westwood, Mass.",mens-ice-hockey,2024,42.2186913,-71.2233829
Sean Chisholm,F,"Caledonia, Ont.",mens-ice-hockey,2024,43.6923229,-79.4653403
Luke Haymes,F,"Ottawa, Ont.",mens-ice-hockey,2024,45.4208777,-75.6901106
Owen Desilets,D,"Airdrie, Alta.",mens-ice-hockey,2024,51.28597,-114.01062
Roan Clarke,G,"Surrey, B.C.",mens-ice-hockey,2024,49.1913033,-122.849143
Nate Morgan,F,"Calgary, Alta.",mens-ice-hockey,2024,51.0456064,-114.057541
Tyler Grahme,F,"Bloomington, Minn.",mens-ice-hockey,2025,44.8322405,-93.3204872
Brock Cummings,F,"Mississauga, Ont.",mens-ice-hockey,2025,43.5884727,-79.643658
Emmett Croteau,G,"Bonnyville, Alta.",mens-ice-hockey,2025,54.267925,-110.741515
Ryan Schelling,F,"Suffern, N.Y.",mens-ice-hockey,2025,41.1151372,-74.1493948
Cooper Cleaves,D,"Riverside, Conn.",mens-ice-hockey,2025,41.0314897,-73.5833604
Alex Krause,F,"Calabasas, Calif.",mens-ice-hockey,2025,34.1446643,-118.644097
Owen Desilets,D,"Airdrie, Alta.",mens-ice-hockey,2025,51.28597,-114.01062
Oskari Vuorio,F,"Espoo, Finland",mens-ice-hockey,2025,60.2049651,24.6559808
Jason Stefanek,F,"Yorba Linda, Calif.",mens-ice-hockey,2025,33.8901096,-117.8249705
Roan Clarke,G,"Surrey, B.C.",mens-ice-hockey,2025,49.1913033,-122.849143
Jack Silverberg,F,"Sherwood Park, Alta.",mens-ice-hockey,2025,53.5256963,-113.296631
Andrew Clarke,F,"Creve Coeur, Mo.",mens-ice-hockey,2025,38.6613007,-90.4423653
Nathan Morin,F,"Saint-Augustin-de-Desmaures, QC",mens-ice-hockey,2025,46.743354,-71.4569733
Austin Salani,F,"Hancock, Mich.",mens-ice-hockey,2025,47.126871,-88.580956
Eric Charpentier,D,"Silver Spring, Md.",mens-ice-hockey,2025,38.9997621,-77.0240371
Cam MacDonald,F,"Surrey, B.C.",mens-ice-hockey,2025,49.1913033,-122.849143
Nikita Nikora,F,"Saint Petersburg, Russia",mens-ice-hockey,2025,59.9606739,30.1586551
Mikey Roberts,G,"Wilton, Conn.",mens-ice-hockey,2025,41.1953739,-73.4378988
Colin Grable,D,"Spring Lake, N.J.",mens-ice-hockey,2025,40.1535132,-74.0293941
Brock Devlin,D,"Mission Viejo, Calif.",mens-ice-hockey,2025,33.5965685,-117.659405
Matt Fusco,D,"Westwood, Mass.",mens-ice-hockey,2025,42.2186913,-71.2233829
Joshua Schenk,F,"Whitehorse, YT",mens-ice-hockey,2025,60.721571,-135.054932
Hayden Stavroff,F,"Columbus, Ohio",mens-ice-hockey,2025,39.9622601,-83.0007065
Tucker McRae,D,"Calgary, Alta.",mens-ice-hockey,2025,51.0456064,-114.057541
Tim Busconi,D,"Milton, Mass.",mens-ice-hockey,2025,42.2501425,-71.065573
CJ Foley,D,"Hanover, Mass.",mens-ice-hockey,2025,42.1131572,-70.8119859
Hank Cleaves,F,"Riverside, Conn.",mens-ice-hockey,2025,41.0314897,-73.5833604
Owen Desilets,D,"Airdrie, Alta.",mens-ice-hockey,2026,51.28597,-114.01062
Ryan Schelling,F,"Suffern, N.Y.",mens-ice-hockey,2026,41.1151372,-74.1493948
Tyler Grahme,F,"Bloomington, Minn.",mens-ice-hockey,2026,44.8322405,-93.3204872
Roan Clarke,G,"Surrey, B.C.",mens-ice-hockey,2026,49.1913033,-122.849143
Ben Buckley,F,"Warwick, RI",mens-ice-hockey,2026,41.6992717,-71.4586114
Ryan Harvey,D,"Stouffville, Ont.",mens-ice-hockey,2026,43.9717581,-79.2454446
Jason Stefanek,F,"Yorba Linda, Calif.",mens-ice-hockey,2026,33.8901096,-117.8249705
Brock Cummings,F,"Mississauga, Ont.",mens-ice-hockey,2026,43.5884727,-79.643658
Grayden Robertson-Palmer,F,"Kanata, Ont.",mens-ice-hockey,2026,50.000678,-86.000977
Jack Silverberg,F,"Sherwood Park, Alta.",mens-ice-hockey,2026,53.5256963,-113.296631
Sebastian Gatto,G,"Troy, Mich.",mens-ice-hockey,2026,42.6055893,-83.1499304
Matt Desiderio,D,"North Caldwell, N.J.",mens-ice-hockey,2026,40.8648215,-74.2582027
Emmett Croteau,G,"Bonnyville, Alta.",mens-ice-hockey,2026,54.267925,-110.741515
Grant Young,F,"Boulder, Colo.",mens-ice-hockey,2026,40.0149856,-105.270545
Jesse Allecia,F,"New York, N.Y.",mens-ice-hockey,2026,40.7127281,-74.0060152
Andrew Clarke,F,"Creve Coeur, Mo.",mens-ice-hockey,2026,38.6613007,-90.4423653
Brock Devlin,D,"Mission Viejo, Calif.",mens-ice-hockey,2026,33.5965685,-117.659405
Drew Stewart,F,"Minnetonka, Minn.",mens-ice-hockey,2026,44.9405086,-93.4638936
Hank Cleaves,F,"Riverside, Conn.",mens-ice-hockey,2026,41.0314897,-73.5833604
Joshua Schenk,F,"Whitehorse, YT",mens-ice-hockey,2026,60.721571,-135.054932
Tim Busconi,D,"Milton, Mass.",mens-ice-hockey,2026,42.2501425,-71.065573
Nathan Morin,F,"Saint-Augustin-de-Desmaures, QC",mens-ice-hockey,2026,46.743354,-71.4569733
Hayden Stavroff,F,"Columbus, Ohio",mens-ice-hockey,2026,39.9622601,-83.0007065
Colin Grable,D,"Spring Lake, N.J.",mens-ice-hockey,2026,40.1535132,-74.0293941
Austin Salani,F,"Hancock, Mich.",mens-ice-hockey,2026,47.126871,-88.580956
Nikita Nikora,F,"Saint Petersburg, Russia",mens-ice-hockey,2026,59.9606739,30.1586551
Matt Fusco,D,"Westwood, Mass.",mens-ice-hockey,2026,42.2186913,-71.2233829
CJ Foley,D,"Hanover, Mass.",mens-ice-hockey,2026,42.1131572,-70.8119859
Eric Charpentier,D,"Silver Spring, Md.",mens-ice-hockey,2026,38.9997621,-77.0240371
Cooper Cleaves,D,"Riverside, Conn.",mens-ice-hockey,2026,41.0314897,-73.5833604
Aliyah Gallup,Distance,"Springfield, Ore.",womens-cross-country,2016,44.0462362,-123.0220289
Meg Tuthill,Distance,"Southold, N.Y.",womens-cross-country,2016,41.067221,-72.4408007
Anna Clark,Distance,"Saxtons River, Vt.",womens-cross-country,2016,43.1387986,-72.5073793
Julia Stevenson,Distance,"Tarrytown, N.Y.",womens-cross-country,2016,41.0762077,-73.8587461
Olivia Lantz,Distance,"Manchester, Mass.",womens-cross-country,2016,42.5751314,-70.7725506
Diana Vizza,Distance,"Glen Head, N.Y.",womens-cross-country,2016,40.8433525,-73.6257512
Abby Livingston,Distance,"Barrington, R.I.",womens-cross-country,2016,41.7407661,-71.3084633
Lauren Sapone,Distance,"Shrewsbury, N.J.",womens-cross-country,2016,40.3295547,-74.0615285
Jennie Cunningham,Distance,"Southern Pines, N.C.",womens-cross-country,2016,35.1740471,-79.3922539
Bridget O'Neill,Distance,"Oakville, Ontario",womens-cross-country,2016,43.447436,-79.666672
Eliza Dekker,Distance,"Durham, N.C.",womens-cross-country,2016,35.996653,-78.9018053
Alexa Jennings,Distance,"Dayton, Ohio",womens-cross-country,2016,39.7589478,-84.1916069
Leigh Moffett,Distance,"Friant, Calif.",womens-cross-country,2016,36.983858,-119.7134624
Meghan Grela,Distance,"Weston, Mass.",womens-cross-country,2016,42.3667625,-71.3031132
Grace Thompson,Distance,"West Vancouver, British Columbia",womens-cross-country,2016,49.3311208,-123.159479
Claire Dougherty,Distance,"Mt. Lebanon, Pa.",womens-cross-country,2016,40.3765,-80.0508
Helen Schlachtenhaufen,Distance,"Lake Forest, Ill.",womens-cross-country,2016,42.2586461,-87.8407055
Annalisa Crowe,Distance,"Atherton, Calif.",womens-cross-country,2016,37.453773,-122.2058272
Georgia Fear,Distance,"London, England",womens-cross-country,2016,51.5074456,-0.1277653
Bridget Flynn,Distance,"Margate City, N.J.",womens-cross-country,2016,39.327894,-74.5034858
Allison Anderson,Distance,"Toronto, Ontario",womens-cross-country,2016,43.6534817,-79.3839347
Maya Jarostchuk,Distance,"Acton, Mass.",womens-cross-country,2016,42.4850931,-71.43284
Lauren Archer,Distance,"Miami, Fla.",womens-cross-country,2016,25.7741566,-80.1935973
Angela Ortlieb,Distance,"Escondido, Calif.",womens-cross-country,2016,33.1216751,-117.0814849
Lillian Anderson,Distance,"Asheville, N.C.",womens-cross-country,2016,35.595363,-82.5508407
Olivia Lantz,Distance,"Manchester, Mass.",womens-cross-country,2017,42.5751314,-70.7725506
Meg Tuthill,Distance,"Southold, N.Y.",womens-cross-country,2017,41.067221,-72.4408007
Diana Vizza,Distance,"Glen Head, N.Y.",womens-cross-country,2017,40.8433525,-73.6257512
Grace Thompson,Distance,"West Vancouver, British Columbia",womens-cross-country,2017,49.3311208,-123.159479
Ella Ketchum,Distance,"Brooklyn, N.Y.",womens-cross-country,2017,40.6526006,-73.9497211
Angela Ortlieb,Distance,"Escondido, Calif.",womens-cross-country,2017,33.1216751,-117.0814849
Bridget O'Neill,Distance,"Oakville, Ontario",womens-cross-country,2017,43.447436,-79.666672
Glennis Murphy,Distance,"Larkspur, Calif.",womens-cross-country,2017,37.9340915,-122.5352539
Leigh Moffett,Distance,"Friant, Calif.",womens-cross-country,2017,36.983858,-119.7134624
Lauren Sapone,Distance,"Shrewsbury, N.J.",womens-cross-country,2017,40.3295547,-74.0615285
Abby Livingston,Distance,"Barrington, R.I.",womens-cross-country,2017,41.7407661,-71.3084633
Julia Stevenson,Distance,"Tarrytown, N.Y.",womens-cross-country,2017,41.0762077,-73.8587461
Allison Anderson,Distance,"Toronto, Ontario",womens-cross-country,2017,43.6534817,-79.3839347
Annalisa Crowe,Distance,"Atherton, Calif.",womens-cross-country,2017,37.453773,-122.2058272
Lauren Archer,Distance,"Miami, Fla.",womens-cross-country,2017,25.7741566,-80.1935973
Abigail Brazil,Distance,"Jackson, Wy.",womens-cross-country,2017,43.479965,-110.761815
Lillian Anderson,Distance,"Asheville, N.C.",womens-cross-country,2017,35.595363,-82.5508407
Isabelle Giordano,MD,"Hopkinton, Mass.",womens-cross-country,2017,42.2288875,-71.5196439
Anna Clark,Distance,"Saxtons River, Vt.",womens-cross-country,2017,43.1387986,-72.5073793
Bridget Flynn,Distance,"Margate City, N.J.",womens-cross-country,2017,39.327894,-74.5034858
Eliza Dekker,Distance,"Durham, N.C.",womens-cross-country,2017,35.996653,-78.9018053
Anna DiMarcello,Distance,"Asbury, N.J.",womens-cross-country,2017,40.701916,-75.0135459
Claire Dougherty,Distance,"Mt. Lebanon, Pa.",womens-cross-country,2017,40.3765,-80.0508
Georgia Fear,Distance,"London, England",womens-cross-country,2017,51.5074456,-0.1277653
Rachel Ludwikowski,Distance,"Montebello, N.Y.",womens-cross-country,2017,41.1359287,-74.118477
Georgia Fear,Distance,"London, England",womens-cross-country,2018,51.5074456,-0.1277653
Diana Vizza,Distance,"Glen Head, N.Y.",womens-cross-country,2018,40.8433525,-73.6257512
Lillian Anderson,Distance,"Asheville, N.C.",womens-cross-country,2018,35.595363,-82.5508407
Veronica Winham,Distance,"Pukalani, Hawaii",womens-cross-country,2018,20.8355938,-156.336124
Anna DiMarcello,Distance,"Asbury, N.J.",womens-cross-country,2018,40.701916,-75.0135459
Allison Anderson,Distance,"Toronto, Ontario",womens-cross-country,2018,43.6534817,-79.3839347
Eliza Dekker,Distance,"Durham, N.C.",womens-cross-country,2018,35.996653,-78.9018053
Isabella Chao,Distance,"Lafayette, Calif.",womens-cross-country,2018,37.8857582,-122.1180201
Abigail Brazil,Distance,"Jackson, Wy.",womens-cross-country,2018,43.479965,-110.761815
Anna Clark,Distance,"Saxtons River, Vt.",womens-cross-country,2018,43.1387986,-72.5073793
Soleil Gaylord,Distance,"Telluride, Colo.",womens-cross-country,2018,37.9374939,-107.812285
Isabelle Giordano,MD,"Hopkinton, Mass.",womens-cross-country,2018,42.2288875,-71.5196439
Angela Ortlieb,Distance,"Escondido, Calif.",womens-cross-country,2018,33.1216751,-117.0814849
Breanna Glover,Distance,"Ravensdale, Wash.",womens-cross-country,2018,47.3558961,-121.9848707
Lauren Sapone,Distance,"Shrewsbury, N.J.",womens-cross-country,2018,40.3295547,-74.0615285
Alexa Jennings,Distance,"Dayton, Ohio",womens-cross-country,2018,39.7589478,-84.1916069
Meg Tuthill,Distance,"Southold, N.Y.",womens-cross-country,2018,41.067221,-72.4408007
Madaket Nobili,Distance,"Eastham, Mass.",womens-cross-country,2018,41.8305937,-69.9740491
Julia Stevenson,Distance,"Tarrytown, N.Y.",womens-cross-country,2018,41.0762077,-73.8587461
MaryGrace Rittler,Distance,"Glenside, Pa,",womens-cross-country,2018,40.103196,-75.1515534
Ella Ketchum,Distance,"Brooklyn, N.Y.",womens-cross-country,2018,40.6526006,-73.9497211
Grace Thompson,Distance,"West Vancouver, British Columbia",womens-cross-country,2018,49.3311208,-123.159479
Rachel Ludwikowski,Distance,"Montebello, N.Y.",womens-cross-country,2018,41.1359287,-74.118477
Glennis Murphy,Distance,"Larkspur, Calif.",womens-cross-country,2018,37.9340915,-122.5352539
Olivia Lantz,Distance,"Manchester, Mass.",womens-cross-country,2018,42.5751314,-70.7725506
Madaket Nobili,Distance,"Eastham, Mass.",womens-cross-country,2019,41.8305937,-69.9740491
Rachel Ludwikowski,Distance,"Montebello, N.Y.",womens-cross-country,2019,41.1359287,-74.118477
Glennis Murphy,Distance,"Larkspur, Calif.",womens-cross-country,2019,37.9340915,-122.5352539
Ella Ketchum,Distance,"Brooklyn, N.Y.",womens-cross-country,2019,40.6526006,-73.9497211
Veronica Winham,Distance,"Pukalani, Hawaii",womens-cross-country,2019,20.8355938,-156.336124
Diana Vizza,Distance,"Glen Head, N.Y.",womens-cross-country,2019,40.8433525,-73.6257512
Lauren Sapone,Distance(C),"Shrewsbury, N.J.",womens-cross-country,2019,40.3295547,-74.0615285
Claudia Lane,Distance,"Malibu, Calif.",womens-cross-country,2019,34.035591,-118.689423
Julia Stevenson,Distance(C),"Tarrytown, N.Y.",womens-cross-country,2019,41.0762077,-73.8587461
Julia Robitaille,Distance,"Manchester, N.H.",womens-cross-country,2019,42.9956397,-71.4547891
Meg Tuthill,Distance,"Southold, N.Y.",womens-cross-country,2019,41.067221,-72.4408007
Macenna Hansen,Distance,"Bellevue, Wash.",womens-cross-country,2019,47.6144219,-122.192337
Claire Dougherty,Distance,"Mt. Lebanon, Pa.",womens-cross-country,2019,40.3765,-80.0508
MaryGrace Rittler,Distance,"Glenside, Pa,",womens-cross-country,2019,40.103196,-75.1515534
Corinne Robitaille,Distance,"Manchester, N.H.",womens-cross-country,2019,42.9956397,-71.4547891
Samantha Ford,Distance,"Toronto, Ontario",womens-cross-country,2019,43.6534817,-79.3839347
Anya Hirschfeld,Distance,"Seattle, Wash.",womens-cross-country,2019,47.6038321,-122.330062
Lauren Archer,Distance,"Miami, Fla.",womens-cross-country,2019,25.7741566,-80.1935973
Georgia Fear,Distance,"London, England",womens-cross-country,2019,51.5074456,-0.1277653
Abigail Brazil,Distance,"Jackson, Wy.",womens-cross-country,2019,43.479965,-110.761815
Steph Finley,Distance,"Portland, Ore.",womens-cross-country,2019,45.5202471,-122.674194
Breanna Glover,Distance,"Ravensdale, Wash.",womens-cross-country,2019,47.3558961,-121.9848707
Isabella Chao,Distance,"Lafayette, Calif.",womens-cross-country,2019,37.8857582,-122.1180201
Breanna Glover,Distance,"Ravensdale, Wash.",womens-cross-country,2020,47.3558961,-121.9848707
Veronica Winham,Distance,"Pukalani, Hawaii",womens-cross-country,2020,20.8355938,-156.336124
Rachel Ludwikowski,Distance,"Montebello, N.Y.",womens-cross-country,2020,41.1359287,-74.118477
Julia Robitaille,Distance,"Manchester, N.H.",womens-cross-country,2020,42.9956397,-71.4547891
Isabella Chao,Distance,"Lafayette, Calif.",womens-cross-country,2020,37.8857582,-122.1180201
Madaket Nobili,Distance,"Eastham, Mass.",womens-cross-country,2020,41.8305937,-69.9740491
Glennis Murphy,Distance(C),"Larkspur, Calif.",womens-cross-country,2020,37.9340915,-122.5352539
Annie Jackson,Mid-Dist./XC,"Dorchester, Mass.",womens-cross-country,2020,42.2973205,-71.0744952
Corinne Robitaille,Distance,"Manchester, N.H.",womens-cross-country,2020,42.9956397,-71.4547891
Anya Hirschfeld,Distance,"Seattle, Wash.",womens-cross-country,2020,47.6038321,-122.330062
Macenna Hansen,Distance,"Bellevue, Wash.",womens-cross-country,2020,47.6144219,-122.192337
Samantha Ford,Distance,"Toronto, Ontario",womens-cross-country,2020,43.6534817,-79.3839347
Steph Finley,Distance,"Portland, Ore.",womens-cross-country,2020,45.5202471,-122.674194
Natalie Shapiro,Dist./XC,"Morganville, N.J.",womens-cross-country,2020,40.3410515,-74.2970515
Abigail Brazil,Distance(C),"Jackson, Wy.",womens-cross-country,2020,43.479965,-110.761815
Emily Levonas,Mid-Dist./XC,"Holmdel, N.J.",womens-cross-country,2020,40.3451095,-74.1840322
Julia Robitaille,Distance,"Manchester, N.H.",womens-cross-country,2021,42.9956397,-71.4547891
Madeleine Locher,Distance,"Ventura, Calif.",womens-cross-country,2021,34.4458248,-119.0779359
Samantha Ford,Distance,"Toronto, Ontario",womens-cross-country,2021,43.6534817,-79.3839347
Bella Pietrasiewicz,Distance,"Norton, Mass.",womens-cross-country,2021,41.9670616,-71.1875071
Madaket Nobili,Distance,"Eastham, Mass.",womens-cross-country,2021,41.8305937,-69.9740491
Glennis Murphy,Distance,"Larkspur, Calif.",womens-cross-country,2021,37.9340915,-122.5352539
Evie Cohen,Distance,"San Francisco, Calif.",womens-cross-country,2021,37.7879363,-122.4075201
Breanna Glover,Distance,"Ravensdale, Wash.",womens-cross-country,2021,47.3558961,-121.9848707
Veronica Winham,Distance,"Pukalani, Hawaii",womens-cross-country,2021,20.8355938,-156.336124
Payton Weiner,Distance,"Haddonfield, N.J.",womens-cross-country,2021,39.8915022,-75.0376707
Ellie Tymorek,Distance,"Boca Raton, Fla.",womens-cross-country,2021,26.3586885,-80.0830984
Anna Banovac,Distance,"Brentwood, Tenn.",womens-cross-country,2021,36.0325687,-86.7825235
Corinne Robitaille,Distance,"Manchester, N.H.",womens-cross-country,2021,42.9956397,-71.4547891
Natalie Shapiro,Distance,"Morganville, N.J.",womens-cross-country,2021,40.3410515,-74.2970515
Anya Hirschfeld,Distance,"Seattle, Wash.",womens-cross-country,2021,47.6038321,-122.330062
Emma Kerimo,Distance,"Concord, Mass.",womens-cross-country,2021,42.4605189,-71.3488963
Isabella Chao,Distance,"Lafayette, Calif.",womens-cross-country,2021,37.8857582,-122.1180201
Emily Levonas,Mid-Distance,"Holmdel, N.J.",womens-cross-country,2021,40.3451095,-74.1840322
Steph Finley,Distance,"Portland, Ore.",womens-cross-country,2021,45.5202471,-122.674194
Abigail Brazil,Distance,"Jackson, Wy.",womens-cross-country,2021,43.479965,-110.761815
Caroline Livingston,Mid-Distance,"Barrington, R.I.",womens-cross-country,2021,41.7407661,-71.3084633
Macenna Hansen,Distance,"Bellevue, Wash.",womens-cross-country,2021,47.6144219,-122.192337
Annie Jackson,Mid-Distance,"Dorchester, Mass.",womens-cross-country,2021,42.2973205,-71.0744952
Sara Fragione,Distance,"Methuen, Mass.",womens-cross-country,2021,42.7262016,-71.1908924
MaryGrace Rittler,Distance,"Glenside, Pa,",womens-cross-country,2021,40.103196,-75.1515534
Ellie Tymorek,Distance,"Boca Raton, Fla.",womens-cross-country,2022,26.3586885,-80.0830984
Emma Kerimo,Distance,"Concord, Mass.",womens-cross-country,2022,42.4605189,-71.3488963
Madeleine Locher,Distance,"Ventura, Calif.",womens-cross-country,2022,34.4458248,-119.0779359
Andie Murray,Distance,"Allentown, N.J.",womens-cross-country,2022,40.1778887,-74.5834887
Evie Cohen,Distance,"San Francisco, Calif.",womens-cross-country,2022,37.7879363,-122.4075201
Breanna Glover,Distance,"Ravensdale, Wash.",womens-cross-country,2022,47.3558961,-121.9848707
Julia Robitaille,Distance(C),"Manchester, N.H.",womens-cross-country,2022,42.9956397,-71.4547891
Caroline Livingston,Mid-Distance,"Barrington, R.I.",womens-cross-country,2022,41.7407661,-71.3084633
Samantha Ford,Distance,"Toronto, Ontario",womens-cross-country,2022,43.6534817,-79.3839347
Corinne Robitaille,Distance,"Manchester, N.H.",womens-cross-country,2022,42.9956397,-71.4547891
Steph Finley,Distance,"Portland, Ore.",womens-cross-country,2022,45.5202471,-122.674194
Bella Pietrasiewicz,Distance,"Norton, Mass.",womens-cross-country,2022,41.9670616,-71.1875071
Esme Huh,Distance,"Birmingham, Ala.",womens-cross-country,2022,33.5206824,-86.8024326
Anya Hirschfeld,Distance,"Seattle, Wash.",womens-cross-country,2022,47.6038321,-122.330062
Anna Banovac,Distance,"Brentwood, Tenn.",womens-cross-country,2022,36.0325687,-86.7825235
Natalie Shapiro,Distance,"Morganville, N.J.",womens-cross-country,2022,40.3410515,-74.2970515
Sara Fragione,Distance,"Methuen, Mass.",womens-cross-country,2022,42.7262016,-71.1908924
Sofia Abrego,Distance,"Porter Ranch, Calif.",womens-cross-country,2022,34.2818164,-118.5612714
Macenna Hansen,Distance,"Bellevue, Wash.",womens-cross-country,2022,47.6144219,-122.192337
Mia Compton-Engle,Distance,"Shaker Heights, Ohio",womens-cross-country,2022,41.4739419,-81.5370671
Katherine Strong,Distance,"McLean, Va.",womens-cross-country,2022,38.9366852,-77.185843
Payton Weiner,Distance,"Haddonfield, N.J.",womens-cross-country,2022,39.8915022,-75.0376707
Julia Fenerty,Middle Distance(C),"Franklin, Mass.",womens-cross-country,2022,42.5896205,-72.6110645
Uhuru Hashimoto,Distance,"Ellensburg, Wash.",womens-cross-country,2022,46.9970635,-120.545122
Emily Levonas,Mid-Distance,"Holmdel, N.J.",womens-cross-country,2022,40.3451095,-74.1840322
Annie Jackson,Mid-Distance,"Dorchester, Mass.",womens-cross-country,2022,42.2973205,-71.0744952
Esme Huh,Distance,"Birmingham, Ala.",womens-cross-country,2023,33.5206824,-86.8024326
Annie Jackson,Mid-Distance,"Dorchester, Mass.",womens-cross-country,2023,42.2973205,-71.0744952
Nicole Lipieta,Distance,"Woolwich, N.J.",womens-cross-country,2023,39.7381913,-75.3253882
Payton Weiner,Distance,"Haddonfield, N.J.",womens-cross-country,2023,39.8915022,-75.0376707
Ellie Tymorek,Distance,"Boca Raton, Fla.",womens-cross-country,2023,26.3586885,-80.0830984
Katherine Strong,Distance,"McLean, Va.",womens-cross-country,2023,38.9366852,-77.185843
Sofia Abrego,Distance,"Porter Ranch, Calif.",womens-cross-country,2023,34.2818164,-118.5612714
Natalie Shapiro,Distance,"Morganville, N.J.",womens-cross-country,2023,40.3410515,-74.2970515
Andie Murray,Distance,"Allentown, N.J.",womens-cross-country,2023,40.1778887,-74.5834887
Emily Levonas,Mid-Distance,"Holmdel, N.J.",womens-cross-country,2023,40.3451095,-74.1840322
Bella Pietrasiewicz,Distance,"Norton, Mass.",womens-cross-country,2023,41.9670616,-71.1875071
Mia Compton-Engle,Distance,"Shaker Heights, Ohio",womens-cross-country,2023,41.4739419,-81.5370671
Claire McDonald,Distance,"Bend, Ore.",womens-cross-country,2023,44.0581728,-121.3153096
Evie Cohen,Distance,"San Francisco, Calif.",womens-cross-country,2023,37.7879363,-122.4075201
Emma Kerimo,Distance,"Concord, Mass.",womens-cross-country,2023,42.4605189,-71.3488963
Caroline Livingston,Mid-Distance,"Barrington, R.I.",womens-cross-country,2023,41.7407661,-71.3084633
Julia Pye,Mid-Distance,"Doylestown, Pa.",womens-cross-country,2023,40.3100446,-75.1304588
Ryan Davi,MD,"Bernardsville, N.J.",womens-cross-country,2023,40.7186805,-74.5692273
Hannah Kaercher,Distance,"Fayetteville, N.Y.",womens-cross-country,2023,43.0297887,-76.0043643
Erin Karas,Distance,"Columbus, Ohio",womens-cross-country,2023,39.9622601,-83.0007065
Anna Banovac,Distance,"Brentwood, Tenn.",womens-cross-country,2023,36.0325687,-86.7825235
Madeleine Locher,Distance,"Ventura, Calif.",womens-cross-country,2023,34.4458248,-119.0779359
Payton Weiner,Dist.,"Haddonfield, N.J.",womens-cross-country,2024,39.8915022,-75.0376707
Claire McDonald,Dist.,"Bend, Ore.",womens-cross-country,2024,44.0581728,-121.3153096
Annie Pflaum,Dist.,"Altherton, Calif.",womens-cross-country,2024,37.453773,-122.2058272
Bella Pietrasiewicz,Dist.,"Norton, Mass.",womens-cross-country,2024,41.9670616,-71.1875071
Julia Pye,Mid-Dist.,"Doylestown, Pa.",womens-cross-country,2024,40.3100446,-75.1304588
Emmy Thornton,Dist.,"Belfast, Northern Ireland",womens-cross-country,2024,54.596391,-5.9301829
Ellie Tymorek,Dist.,"Boca Raton, Fla.",womens-cross-country,2024,26.3586885,-80.0830984
Evie Cohen,Dist.,"San Francisco, Calif.",womens-cross-country,2024,37.7879363,-122.4075201
Katherine Strong,Dist.,"McLean, Va.",womens-cross-country,2024,38.9366852,-77.185843
Andie Murray,Dist.,"Allentown, N.J.",womens-cross-country,2024,40.1778887,-74.5834887
Anna Banovac,Dist.,"Brentwood, Tenn.",womens-cross-country,2024,36.0325687,-86.7825235
Sofia Abrego,Dist.,"Porter Ranch, Calif.",womens-cross-country,2024,34.2818164,-118.5612714
Nicole Lipieta,Dist.,"Woolwich, N.J.",womens-cross-country,2024,39.7381913,-75.3253882
Esme Daplyn,Dist.,"Greenwich, Conn.",womens-cross-country,2024,41.0264862,-73.6284598
Virginia Averyt,Dist.,"Birmingham, Ala.",womens-cross-country,2024,33.5206824,-86.8024326
Hannah Kaercher,Dist.,"Fayetteville, N.Y.",womens-cross-country,2024,43.0297887,-76.0043643
Erin Karas,Dist.,"Columbus, Ohio",womens-cross-country,2024,39.9622601,-83.0007065
Emma Kerimo,Dist.,"Concord, Mass.",womens-cross-country,2024,42.4605189,-71.3488963
Esme Huh,Dist.,"Birmingham, Ala.",womens-cross-country,2024,33.5206824,-86.8024326
Madeleine Locher,Dist.,"Ventura, Calif.",womens-cross-country,2024,34.4458248,-119.0779359
Caroline Livingston,Mid-Dist.,"Barrington, R.I.",womens-cross-country,2024,41.7407661,-71.3084633
Andie Murray,Dist.,"Allentown, N.J.",womens-cross-country,2025,40.1778887,-74.5834887
Maddie Romaine,Dist.,"Wheaton, Ill.",womens-cross-country,2025,41.8646959,-88.1101709
Julia Pye,Mid-Dist.,"Doylestown, Pa.",womens-cross-country,2025,40.3100446,-75.1304588
Claire McDonald,Dist.,"Bend, Ore.",womens-cross-country,2025,44.0581728,-121.3153096
Esme Daplyn,Dist.,"Greenwich, Conn.",womens-cross-country,2025,41.0264862,-73.6284598
Esme Huh,Dist.(C),"Birmingham, Ala.",womens-cross-country,2025,33.5206824,-86.8024326
Annie Pflaum,Mid-Dist.,"Altherton, Calif.",womens-cross-country,2025,37.453773,-122.2058272
Sophie Spelman,Dist.,"Fairfield, Conn.",womens-cross-country,2025,41.1412078,-73.2637258
Annamaria Bacchetta,Dist.,"Nashville, Tenn.",womens-cross-country,2025,36.1622767,-86.7742984
Virginia Averyt,Dist.,"Birmingham, Ala.",womens-cross-country,2025,33.5206824,-86.8024326
Erin Karas,Dist.,"Columbus, Ohio",womens-cross-country,2025,39.9622601,-83.0007065
Maura O’Scannlain,Dist.,"Portland, Ore.",womens-cross-country,2025,45.5202471,-122.674194
Emmy Thornton,Dist.,"Belfast, Northern Ireland",womens-cross-country,2025,54.596391,-5.9301829
Katherine Strong,Dist.(C),"McLean, Va.",womens-cross-country,2025,38.9366852,-77.185843
Lindsey Kerrins,Mid-Dist.,"Charlotte, N.C.",womens-cross-country,2025,35.2272086,-80.8430827
Hannah Kaercher,Dist.,"Fayetteville, N.Y.",womens-cross-country,2025,43.0297887,-76.0043643
Mia Compton-Engle,Dist.,"Shaker Heights, Ohio",womens-cross-country,2025,41.4739419,-81.5370671
Nicole Lipieta,Dist.,"Woolwich, N.J.",womens-cross-country,2025,39.7381913,-75.3253882
Abby Kerrins,Mid-Dist.,"Charlotte, N.C.",womens-cross-country,2025,35.2272086,-80.8430827
Tessa Zima,Dist.,"Gig Harbor, Wash.",womens-cross-country,2025,47.3259697,-122.5878659
Maura O’Scannlain,Dist.,"Portland, Ore.",womens-cross-country,2026,45.5202471,-122.674194
Annie Pflaum,Mid-Dist.,"Altherton, Calif.",womens-cross-country,2026,37.453773,-122.2058272
Julia Pye,Mid-Dist.,"Doylestown, Pa.",womens-cross-country,2026,40.3100446,-75.1304588
Samantha Witteles,Dist.,"Los Altos Hills, Calif.",womens-cross-country,2026,37.3796627,-122.137463
Sophie Spelman,Dist.,"Fairfield, Conn.",womens-cross-country,2026,41.1412078,-73.2637258
Emmy Thornton,Dist.,"Belfast, Northern Ireland",womens-cross-country,2026,54.596391,-5.9301829
Carina Nottingham,Dist.,"Berkeley, Calif.",womens-cross-country,2026,37.8708393,-122.272863
Maddie Romaine,Dist.,"Wheaton, Ill.",womens-cross-country,2026,41.8646959,-88.1101709
Tibbie Mustacchia,Dist.,"Austin, Texas",womens-cross-country,2026,30.2711286,-97.7436995
Hannah Kaercher,Dist.,"Fayetteville, N.Y.",womens-cross-country,2026,43.0297887,-76.0043643
Virginia Kraus,Dist.,"Bethlehem, PA",womens-cross-country,2026,-1.45056,-48.4682453
Lindsey Kerrins,Mid-Dist.,"Charlotte, N.C.",womens-cross-country,2026,35.2272086,-80.8430827
Abby Kerrins,Mid-Dist.,"Charlotte, N.C.",womens-cross-country,2026,35.2272086,-80.8430827
Esme Daplyn,Dist.,"Greenwich, Conn.",womens-cross-country,2026,41.0264862,-73.6284598
Whitney Bruch,Dist.,"Alexandria, VA",womens-cross-country,2026,38.8051095,-77.0470229
Lia Banovac,Dist.,"Brentwood, Tenn.",womens-cross-country,2026,36.0325687,-86.7825235
Annamaria Bacchetta,Dist.,"Nashville, Tenn.",womens-cross-country,2026,36.1622767,-86.7742984
Virginia Averyt,Dist.,"Birmingham, Ala.",womens-cross-country,2026,33.5206824,-86.8024326
Tessa Zima,Dist.,"Gig Harbor, Wash.",womens-cross-country,2026,47.3259697,-122.5878659
Claire McDonald,Dist.,"Bend, Ore.",womens-cross-country,2026,44.0581728,-121.3153096
Danielle Nieters,F,"Clemmons, N.C.",womens-basketball,2016,36.0215258,-80.3819984
Paula Lenart,G/F,"Covasna, Romania",womens-basketball,2016,45.8966793,26.0101806
Andi Norman,F,"Upper Arlington, Ohio",womens-basketball,2016,40.0073887,-83.0581647
Kealy Brown,G,"Las Vegas, Nev.",womens-basketball,2016,36.1674263,-115.1484131
Kate Letkewicz,G,"Waterloo, Iowa",womens-basketball,2016,42.498275,-92.3328743
Fanni Szabo,G/F,"Budapest, Hungary",womens-basketball,2016,47.481849,19.1449053
Annie McKenna,G,"Elmwood Park, Ill.",womens-basketball,2016,41.9205931,-87.8160169
Olivia Smith,C,"Yarmouth, Maine",womens-basketball,2016,43.8009132,-70.187578
Emily Dryden,F,"Lakewood, Colo.",womens-basketball,2016,39.7085736,-105.0846694
Emily Slagle,G,"Arlington, Texas",womens-basketball,2016,32.7355816,-97.1071186
Cy Lippold,G,"Bronx, N.Y.",womens-basketball,2016,40.8466508,-73.8785937
Isalys Quinones,F,"San Diego, Calif.",womens-basketball,2016,32.7157062,-117.1638284
Gabby Hunter,F,"Bedford, N.H.",womens-basketball,2016,42.9464737,-71.5159015
Grace Phillips,G,"Downingtown, Pa.",womens-basketball,2016,40.0064958,-75.7032742
Amber Mixon,G,"Woodbridge, Va.",womens-basketball,2016,38.636447,-77.2676335
Emily Dryden,F,"Lakewood, Colo.",womens-basketball,2017,39.7085736,-105.0846694
Elle Louie,G,"Orinda, Calif.",womens-basketball,2017,37.8771476,-122.1796888
Emily Slagle,G,"Arlington, Texas",womens-basketball,2017,32.7355816,-97.1071186
Paula Lenart,G/F,"Covasna, Romania",womens-basketball,2017,45.8966793,26.0101806
Kealy Brown,G,"Las Vegas, Nev.",womens-basketball,2017,36.1674263,-115.1484131
Andi Norman,F,"Upper Arlington, Ohio",womens-basketball,2017,40.0073887,-83.0581647
Olivia Smith,C,"Yarmouth, Maine",womens-basketball,2017,43.8009132,-70.187578
Anna Luce,F,"Mercer Island, Wash.",womens-basketball,2017,47.5766324,-122.2276378
Isalys Quinones,F,"San Diego, Calif.",womens-basketball,2017,32.7157062,-117.1638284
Cy Lippold,G,"Bronx, N.Y.",womens-basketball,2017,40.8466508,-73.8785937
Kate Letkewicz,G,"Waterloo, Iowa",womens-basketball,2017,42.498275,-92.3328743
Annie McKenna,G,"Elmwood Park, Ill.",womens-basketball,2017,41.9205931,-87.8160169
Grace Phillips,G,"Downingtown, Pa.",womens-basketball,2017,40.0064958,-75.7032742
Grace Phillips,G,"Downingtown, Pa.",womens-basketball,2018,40.0064958,-75.7032742
Annie McKenna,G,"Elmwood Park, Ill.",womens-basketball,2018,41.9205931,-87.8160169
Cy Lippold,G,"Bronx, N.Y.",womens-basketball,2018,40.8466508,-73.8785937
Anna Luce,F,"Mercer Island, Wash.",womens-basketball,2018,47.5766324,-122.2276378
Asha Taylor,G,"Fort Lauderdale, Fla.",womens-basketball,2018,26.1223084,-80.1433786
Georgia Alexander,F,"Victoria, British Columbia",womens-basketball,2018,48.4283182,-123.364953
Elle Louie,G,"Orinda, Calif.",womens-basketball,2018,37.8771476,-122.1796888
Katie Douglas,G,"Mendham, N.J.",womens-basketball,2018,40.775941,-74.6009617
Kealy Brown,G,"Las Vegas, Nev.",womens-basketball,2018,36.1674263,-115.1484131
Veronica Kelly,F,"Morristown, N.J.",womens-basketball,2018,40.7970382,-74.4809868
Jimena Abejon,G,"Gijon, Spain",womens-basketball,2018,43.5449422,-5.66275
Isalys Quinones,F,"San Diego, Calif.",womens-basketball,2018,32.7157062,-117.1638284
Emily Dryden,F,"Lakewood, Colo.",womens-basketball,2018,39.7085736,-105.0846694
Paula Lenart,F,"Covasna, Romania",womens-basketball,2018,45.8966793,26.0101806
Kaiyah Corona,F,"Los Angeles, Calif.",womens-basketball,2019,34.0536909,-118.242766
Paula Lenart,F,"Covasna, Romania",womens-basketball,2019,45.8966793,26.0101806
Elle Louie,G,"Orinda, Calif.",womens-basketball,2019,37.8771476,-122.1796888
Emma Koch,F,"Iowa City, Iowa",womens-basketball,2019,41.6612561,-91.5299106
Veronica Kelly,F,"Morristown, N.J.",womens-basketball,2019,40.7970382,-74.4809868
Kealy Brown,G,"Las Vegas, Nev.",womens-basketball,2019,36.1674263,-115.1484131
Jimena Abejon,G,"Gijon, Spain",womens-basketball,2019,43.5449422,-5.66275
Anna Luce,F,"Mercer Island, Wash.",womens-basketball,2019,47.5766324,-122.2276378
Asha Taylor,G,"Fort Lauderdale, Fla.",womens-basketball,2019,26.1223084,-80.1433786
Grace Phillips,G,"Downingtown, Pa.",womens-basketball,2019,40.0064958,-75.7032742
Allie Harland,G,"Melbourne, Australia",womens-basketball,2019,-37.8142454,144.9631732
Katie Douglas,G,"Mendham, N.J.",womens-basketball,2019,40.775941,-74.6009617
Annie McKenna,G,"Elmwood Park, Ill.",womens-basketball,2019,41.9205931,-87.8160169
Karina Mitchell,G,"Charlotte, N.C.",womens-basketball,2019,35.2272086,-80.8430827
Georgia Alexander,F,"Victoria, British Columbia",womens-basketball,2019,48.4283182,-123.364953
Allie Harland,G,"Melbourne, Australia",womens-basketball,2020,-37.8142454,144.9631732
Camryn Foltz,G,"Sea Bright, N.J.",womens-basketball,2020,40.3615488,-73.9742051
Anna Luce,F,"Mercer Island, Wash.",womens-basketball,2020,47.5766324,-122.2276378
Jimena Abejon,G,"Gijon, Spain",womens-basketball,2020,43.5449422,-5.66275
Elle Louie,G,"Orinda, Calif.",womens-basketball,2020,37.8771476,-122.1796888
Emma Koch,F,"Iowa City, Iowa",womens-basketball,2020,41.6612561,-91.5299106
Katie Douglas,G,"Mendham, N.J.",womens-basketball,2020,40.775941,-74.6009617
Karina Mitchell,G,"Charlotte, N.C.",womens-basketball,2020,35.2272086,-80.8430827
Carrington Washburn,G/F,"Brentwood, Tenn.",womens-basketball,2020,36.0325687,-86.7825235
Mia Curtis,G,"Minneapolis, Minn.",womens-basketball,2020,44.9772995,-93.2654692
Georgia Alexander,F,"Victoria, British Columbia",womens-basketball,2020,48.4283182,-123.364953
Veronica Kelly,F,"Morristown, N.J.",womens-basketball,2020,40.7970382,-74.4809868
Kaiyah Corona,F,"Los Angeles, Calif.",womens-basketball,2020,34.0536909,-118.242766
Rosie Jennings,F,"Newcastle, Australia",womens-basketball,2020,-32.9192953,151.7795348
Allie Harland,G,"Melbourne, Australia",womens-basketball,2021,-37.8142454,144.9631732
Mia Curtis,G,"Minneapolis, Minn.",womens-basketball,2021,44.9772995,-93.2654692
Victoria Page,G,"Murfreesboro, Tenn.",womens-basketball,2021,35.8460396,-86.3921096
Karina Mitchell,G,"Charlotte, N.C.",womens-basketball,2021,35.2272086,-80.8430827
Isabella DiGiovanni,F,"Scottsdale, Ariz.",womens-basketball,2021,33.4942189,-111.926018
Carrington Washburn,G/F,"Brentwood, Tenn.",womens-basketball,2021,36.0325687,-86.7825235
Jimena Abejon,G,"Gijon, Spain",womens-basketball,2021,43.5449422,-5.66275
Katie Douglas,G,"Mendham, N.J.",womens-basketball,2021,40.775941,-74.6009617
Rosie Jennings,F,"Newcastle, Australia",womens-basketball,2021,-32.9192953,151.7795348
Emma Koch,F,"Iowa City, Iowa",womens-basketball,2021,41.6612561,-91.5299106
Grace Niekelski,F,"Blue Bell, Pa.",womens-basketball,2021,40.147809,-75.272781
Mekkena Boyd,G,"Williston, Vt.",womens-basketball,2021,44.4385339,-73.0727666
Camryn Foltz,G,"Sea Bright, N.J.",womens-basketball,2021,40.3615488,-73.9742051
Doreen Ariik,F,"Nairobi, Kenya",womens-basketball,2021,-1.2890006,36.8172812
Kaiyah Corona,F,"Los Angeles, Calif.",womens-basketball,2021,34.0536909,-118.242766
Allie Harland,G,"Melbourne, Australia",womens-basketball,2022,-37.8142454,144.9631732
Victoria Page,G,"Murfreesboro, Tenn.",womens-basketball,2022,35.8460396,-86.3921096
Brooke Hollawell,G,"Wall, N.J.",womens-basketball,2022,40.1743052,-74.0902219
Leiya Stuart,G,"East Stroudsburg, Pa.",womens-basketball,2022,40.9995386,-75.1812913
Mia Curtis,G,"Minneapolis, Minn.",womens-basketball,2022,44.9772995,-93.2654692
Olivia Lawlor,F,"Summit, N.J.",womens-basketball,2022,40.7182356,-74.3592296
Clare Meyer,F,"Philadelphia, Pa.",womens-basketball,2022,39.9527237,-75.1635262
Emma Koch,F,"Iowa City, Iowa",womens-basketball,2022,41.6612561,-91.5299106
Grace Niekelski,F,"Blue Bell, Pa.",womens-basketball,2022,40.147809,-75.272781
Mekkena Boyd,G,"Williston, Vt.",womens-basketball,2022,44.4385339,-73.0727666
Kaiyah Corona,F,"Los Angeles, Calif.",womens-basketball,2022,34.0536909,-118.242766
Carrington Washburn,G/F,"Brentwood, Tenn.",womens-basketball,2022,36.0325687,-86.7825235
Karina Mitchell,G,"Charlotte, N.C.",womens-basketball,2022,35.2272086,-80.8430827
Camryn Foltz,G,"Sea Bright, N.J.",womens-basketball,2022,40.3615488,-73.9742051
Anna Nelson,G,"Gorham, Maine",womens-basketball,2022,43.6797334,-70.4429592
Doreen Ariik,F,"Nairobi, Kenya",womens-basketball,2022,-1.2890006,36.8172812
Nina Minicozzi,G,"Belmont, Mass.",womens-basketball,2023,42.3959296,-71.1786655
Meena Tate,G,"Iowa City, Iowa",womens-basketball,2023,41.6612561,-91.5299106
Mekkena Boyd,G,"Williston, Vt.",womens-basketball,2023,44.4385339,-73.0727666
Cate MacDonald,F,"Lynnfield, Mass.",womens-basketball,2023,42.5389836,-71.0481084
Carrington Washburn,G/F,"Brentwood, Tenn.",womens-basketball,2023,36.0325687,-86.7825235
Olivia Lawlor,F,"Summit, N.J.",womens-basketball,2023,40.7182356,-74.3592296
Camryn Foltz,G(C),"Sea Bright, N.J.",womens-basketball,2023,40.3615488,-73.9742051
Clare Meyer,F,"Philadelphia, Pa.",womens-basketball,2023,39.9527237,-75.1635262
Mia Curtis,G,"Minneapolis, Minn.",womens-basketball,2023,44.9772995,-93.2654692
Victoria Page,G(C),"Murfreesboro, Tenn.",womens-basketball,2023,35.8460396,-86.3921096
Brooke Hollawell,G,"Wall, N.J.",womens-basketball,2023,40.1743052,-74.0902219
Lucija Banovic,F,"Zagreb, Croatia",womens-basketball,2023,45.8130967,15.9772795
Sierra Carson,G,"Norway, Maine",womens-basketball,2023,44.2136214,-70.5423387
Leiya Stuart,G,"East Stroudsburg, Pa.",womens-basketball,2023,40.9995386,-75.1812913
Doreen Ariik,F(C),"Nairobi, Kenya",womens-basketball,2023,-1.2890006,36.8172812
Zeynep Ozel,G,"Istanbul, Turkey",womens-basketball,2024,41.006381,28.9758715
Lucija Banovic,F,"Zagreb, Croatia",womens-basketball,2024,45.8130967,15.9772795
Clare Meyer,F,"Philadelphia, Pa.",womens-basketball,2024,39.9527237,-75.1635262
Sierra Carson,G,"Norway, Maine",womens-basketball,2024,44.2136214,-70.5423387
Olivia Lawlor,F,"Summit, N.J.",womens-basketball,2024,40.7182356,-74.3592296
Brooke Hollawell,G,"Wall, N.J.",womens-basketball,2024,40.1743052,-74.0902219
Victoria Page,G,"Murfreesboro, Tenn.",womens-basketball,2024,35.8460396,-86.3921096
Cate MacDonald,F,"Lynnfield, Mass.",womens-basketball,2024,42.5389836,-71.0481084
Doreen Ariik,F,"Nairobi, Kenya",womens-basketball,2024,-1.2890006,36.8172812
Olivia Austin,F,"Western Springs, Ill.",womens-basketball,2024,41.8096132,-87.900671
Nina Minicozzi,G,"Belmont, Mass.",womens-basketball,2024,42.3959296,-71.1786655
Tahira Muhammad,G,"Hyde Park, Mass.",womens-basketball,2024,42.2556543,-71.1244963
Meena Tate,G,"Iowa City, Iowa",womens-basketball,2024,41.6612561,-91.5299106
Ellie Cerf,G,"Delmar, N.Y.",womens-basketball,2024,42.6251239,-73.8381351
Annika Jiwani,F,"Buena Park, Calif.",womens-basketball,2024,33.870413,-117.9962165
Alexandra Eldredge,G,"McLean, Va.",womens-basketball,2024,38.9366852,-77.185843
Olivia Austin,F,"Western Springs, Ill.",womens-basketball,2025,41.8096132,-87.900671
Emma Olausson,G,"Guilford, Conn.",womens-basketball,2025,41.2827593,-72.6816365
Brooke Hollawell,G,"Wall, N.J.",womens-basketball,2025,40.1743052,-74.0902219
Sierra Carson,G,"Norway, Maine",womens-basketball,2025,44.2136214,-70.5423387
Debra Hill,F,"Bedminster, N.J.",womens-basketball,2025,40.6811135,-74.6442951
Clare Meyer,F,"Philadelphia, Pa.",womens-basketball,2025,39.9527237,-75.1635262
Yufei Zou,F,"Tianjin, China",womens-basketball,2025,39.3032619,117.4163641
Nina Minicozzi,G,"Belmont, Mass.",womens-basketball,2025,42.3959296,-71.1786655
Tahira Muhammad,G,"Hyde Park, Mass.",womens-basketball,2025,42.2556543,-71.1244963
Olivia Lawlor,F,"Summit, N.J.",womens-basketball,2025,40.7182356,-74.3592296
Ellie Cerf,G,"Delmar, N.Y.",womens-basketball,2025,42.6251239,-73.8381351
Cate MacDonald,F,"Lynnfield, Mass.",womens-basketball,2025,42.5389836,-71.0481084
Zeynep Ozel,G,"Istanbul, Turkey",womens-basketball,2025,41.006381,28.9758715
Jacalyn Myrthil,G,"Atlanta, Ga.",womens-basketball,2025,33.7544657,-84.3898151
Alexandra Eldredge,G,"McLean, Va.",womens-basketball,2025,38.9366852,-77.185843
Eve Jungman,F,"Arlington, Va.",womens-basketball,2026,38.8769326,-77.0893094
Debra Hill,F,"Bedminster, N.J.",womens-basketball,2026,40.6811135,-74.6442951
Izzy Cruz,G,"Stafford Springs, Conn.",womens-basketball,2026,41.9538545,-72.30314
Sierra Carson,G,"Norway, Maine",womens-basketball,2026,44.2136214,-70.5423387
Olivia Austin,F,"Western Springs, Ill.",womens-basketball,2026,41.8096132,-87.900671
Tahira Muhammad,G,"Hyde Park, Mass.",womens-basketball,2026,42.2556543,-71.1244963
Yufei Zou,F,"Tianjin, China",womens-basketball,2026,39.3032619,117.4163641
Anna Beischer,G,"San Francisco, Calif.",womens-basketball,2026,37.7879363,-122.4075201
Magda Freire,G,"Lisbon, Portugal",womens-basketball,2026,38.7077507,-9.1365919
Alexandra Eldredge,G,"McLean, Va.",womens-basketball,2026,38.9366852,-77.185843
Catherine MacDonald,F,"Lynnfield, Mass.",womens-basketball,2026,42.5389836,-71.0481084
Jacalyn Myrthil,G,"Atlanta, Ga.",womens-basketball,2026,33.7544657,-84.3898151
Emma Olausson,G,"Guilford, Conn.",womens-basketball,2026,41.2827593,-72.6816365
Maya Shifrin,G,"Lyon, France",womens-basketball,2026,45.7578137,4.8320114
Peyton Hoblock,F,"Loudonville, N.Y.",womens-basketball,2026,42.7032355,-73.7636489
Zeynep Ozel,G,"Istanbul, Turkey",womens-basketball,2026,41.006381,28.9758715
Sarah Caplice,Rower,"Toronto, Ontario",womens-rowing,2016,43.6534817,-79.3839347
Addie McKenzie,Rower,"Philadelphia, Pa.",womens-rowing,2016,39.9527237,-75.1635262
Grace Ryan,Rower,"North Attleborough, Mass.",womens-rowing,2016,41.9841334,-71.3322798
Audrey Scott,Cox,"Mahtomedi, Minn.",womens-rowing,2016,45.0696886,-92.9516037
Lilienne Sexton,Rower,"Watertown, Mass.",womens-rowing,2016,42.3652576,-71.1843234
Alexandra Stankard,Rower,"Westwood, Mass.",womens-rowing,2016,42.2186913,-71.2233829
Jackie McInerney,Rower,"Weston, Mass.",womens-rowing,2016,42.3667625,-71.3031132
Natalie Knight,Rower,"Bronxville, N.Y.",womens-rowing,2016,40.9381544,-73.8320784
Isabella St. Onge,Rower,"Bernardsville, N.J.",womens-rowing,2016,40.7186805,-74.5692273
Sophie Palmer,Rower,"Milton, Mass.",womens-rowing,2016,42.2501425,-71.065573
Maggie Stiefvater,Rower,"Pelham, N.Y.",womens-rowing,2016,40.9098215,-73.8079111
Josie Pearce,Cox,"Rossmoor, Calif.",womens-rowing,2016,33.7882498,-118.0805933
Sophia Stone,Rower,"Wellesley, Mass.",womens-rowing,2016,42.2964859,-71.2925571
Shannon Kossmann,Rower,"Santa Fe, N.M.",womens-rowing,2016,35.6876096,-105.938456
Jenna Thompson,Rower,"Pacific Palisades, CA",womens-rowing,2016,34.0480643,-118.5264706
Rebecca Thomson,Rower,"Hopkinton, N.H.",womens-rowing,2016,43.191595,-71.6748735
Ariana Wetzel,Rower,"Burien, Wash.",womens-rowing,2016,47.469918,-122.3485274
Nora Masler,Rower,"Santa Monica, Calif.",womens-rowing,2016,34.0194704,-118.491227
Jasmine Williams,Cox,"Brockton, Mass.",womens-rowing,2016,42.0834335,-71.0183787
Emma Winson,Rower,"Dallas, Texas",womens-rowing,2016,32.7762719,-96.7968559
Nitya Thakore,Cox,"Cleveland, Ohio",womens-rowing,2016,41.4996574,-81.6936772
Harriet Van Metre,Rower,"Minneapolis, Minn.",womens-rowing,2016,44.9772995,-93.2654692
Justeen Komok,Rower,"Bainbridge Island, Wash.",womens-rowing,2016,47.6515096,-122.5246791
Mary Kate Milway,Rower,"Wellesley, Mass.",womens-rowing,2016,42.2964859,-71.2925571
Anne Blackburn,Rower,"Natick, Mass.",womens-rowing,2016,42.2836393,-71.346996
Ciara Gaffney,Rower,"Toronto, Ontario",womens-rowing,2016,43.6534817,-79.3839347
Emily Carney,Rower,"Washington, D.C.",womens-rowing,2016,38.8950982,-77.0363849
Taylor Daly,Rower,"Potomac, Md.",womens-rowing,2016,39.0180508,-77.1956331
Kniya De'De',Rower,"Alexandria, La.",womens-rowing,2016,31.3119463,-92.4453558
Katie Erdos,Cox,"Harvard, Mass.",womens-rowing,2016,42.3657432,-71.1222139
Sabrina Bohrer,Rower,"Concord, Mass.",womens-rowing,2016,42.4605189,-71.3488963
Olivia Bono,Rower,"Dover, Mass.",womens-rowing,2016,42.2452466,-71.2823588
Carin Carroll,Rower,"Weybridge, United Kingdom",womens-rowing,2016,51.3727175,-0.4549297
Simone Framson,Rower,"Seattle, Wash.",womens-rowing,2016,47.6038321,-122.330062
Cara Cavanaugh,Rower,"North Andover, Mass.",womens-rowing,2016,42.7029687,-71.1309117
Rebecca Conway,Rower,"Slingerlands, N.Y.",womens-rowing,2016,42.6292455,-73.8645685
Emma Gustafson,Rower,"Provo, Utah",womens-rowing,2016,40.2337289,-111.6587085
Miranda Gish,Rower,"Sudbury, Mass.",womens-rowing,2016,42.3834278,-71.4161725
Morgan Gelber,Rower,"Woodside, N.Y.",womens-rowing,2016,40.7453798,-73.9054145
Louisa Greenburg,Rower,"Washington, D.C.",womens-rowing,2016,38.8950982,-77.0363849
Kate Griffiths,Rower,"London, England",womens-rowing,2016,51.5074456,-0.1277653
Samantha Hawley,Rower,"Manchester, Mass.",womens-rowing,2016,42.5751314,-70.7725506
Brianna Ager,Rower,"Davie, Fla.",womens-rowing,2016,26.0628665,-80.2331038
Elisabeth Fawcett,Rower,"New York, N.Y.",womens-rowing,2016,40.7127281,-74.0060152
Klara Barbarossa,Rower,"Saratoga, Calif.",womens-rowing,2016,37.2638324,-122.0230146
Julia Granito,Cox,"Pittsburgh, Pa.",womens-rowing,2016,40.4406968,-80.0025666
Jasmine Williams,Cox,"Brockton, Mass.",womens-rowing,2017,42.0834335,-71.0183787
Verity Lynch,Rower,"Groton, Mass.",womens-rowing,2017,42.6112242,-71.5745402
Nora Masler,Rower,"Santa Monica, Calif.",womens-rowing,2017,34.0194704,-118.491227
Katharine Phillips,Rower,"Wilmette, Ill.",womens-rowing,2017,42.076066,-87.7115555
Rebecca Conway,Rower,"Slingerlands, N.Y.",womens-rowing,2017,42.6292455,-73.8645685
Taylor Daly,Rower,"Potomac, Md.",womens-rowing,2017,39.0180508,-77.1956331
Anne Blackburn,Rower,"Natick, Mass.",womens-rowing,2017,42.2836393,-71.346996
Justeen Komok,Rower,"Bainbridge Island, Wash.",womens-rowing,2017,47.6515096,-122.5246791
Sophie Kostanecki,Rower,"Ross, Calif.",womens-rowing,2017,37.9624239,-122.554977
Jenna Thompson,Rower,"Pacific Palisades, CA",womens-rowing,2017,34.0480643,-118.5264706
Lilienne Sexton,Rower,"Watertown, Mass.",womens-rowing,2017,42.3652576,-71.1843234
Isabella St. Onge,Rower,"Bernardsville, N.J.",womens-rowing,2017,40.7186805,-74.5692273
Rebecca Thomson,Rower,"Hopkinton, N.H.",womens-rowing,2017,43.191595,-71.6748735
Sophie Stone,Rower,"Brookline, Mass.",womens-rowing,2017,42.332918,-71.1187829
Sophie Kamhi,Rower,"Santa Barbara, Calif.",womens-rowing,2017,34.4221319,-119.702667
Sophia Stone,Rower,"Wellesley, Mass.",womens-rowing,2017,42.2964859,-71.2925571
Maggie Stiefvater,Rower,"Pelham, N.Y.",womens-rowing,2017,40.9098215,-73.8079111
Priya Shukla,Cox,"Dover, Mass.",womens-rowing,2017,42.2452466,-71.2823588
Mikayla Hubner,Cox,"Cold Spring Harbor, N.Y.",womens-rowing,2017,40.8601065,-73.4529025
Sabrina Bohrer,Rower,"Concord, Mass.",womens-rowing,2017,42.4605189,-71.3488963
Grace Hannam,Cox,"Norwich, Vt.",womens-rowing,2017,43.7136654,-72.3081535
Katie Erdos,Cox,"Harvard, Mass.",womens-rowing,2017,42.3657432,-71.1222139
Natalie Knight,Rower,"Bronxville, N.Y.",womens-rowing,2017,40.9381544,-73.8320784
Abigail Chamberlin,Rower,"Camden, Maine",womens-rowing,2017,44.2154945,-69.0851729
McKenzie Baylis,Rower,"Tiburon, Calif.",womens-rowing,2017,37.8775332,-122.460808
Addie McKenzie,Rower,"Philadelphia, Pa.",womens-rowing,2017,39.9527237,-75.1635262
Grace Ryan,Rower,"North Attleborough, Mass.",womens-rowing,2017,41.9841334,-71.3322798
Alexandra Kent,Rower,"Toronto, Ontario",womens-rowing,2017,43.6534817,-79.3839347
Claire Campbell,Rower,"New Canaan, Conn.",womens-rowing,2017,41.146763,-73.4948446
Zoe Dinneen,Rower,"Boston, Mass.",womens-rowing,2017,42.3588336,-71.0578303
Cara Cavanaugh,Rower,"North Andover, Mass.",womens-rowing,2017,42.7029687,-71.1309117
Emilie Baxter,Rower,"Novato, Calif.",womens-rowing,2017,38.1061979,-122.5681191
Kate Griffiths,Rower,"London, England",womens-rowing,2017,51.5074456,-0.1277653
Rhea Enzian,Rower,"Vashon, Wash.",womens-rowing,2017,47.4208759,-122.4737053
Samantha Hawley,Rower,"Manchester, Mass.",womens-rowing,2017,42.5751314,-70.7725506
Ciara Gaffney,Rower,"Toronto, Ontario",womens-rowing,2017,43.6534817,-79.3839347
Francesca Governali,Rower,"Cape Elizabeth, Maine",womens-rowing,2017,43.5964405,-70.2284765
Hannah Frater,Rower,"New York, N.Y.",womens-rowing,2017,40.7127281,-74.0060152
Lily Fauver,Rower,"Bedford, N.Y.",womens-rowing,2017,41.2041304,-73.642509
Simone Framson,Rower,"Seattle, Wash.",womens-rowing,2017,47.6038321,-122.330062
Meghan Corwen,Rower,"New Rochelle, N.Y.",womens-rowing,2017,40.9115386,-73.7826363
Anne Blackburn,Rower,"Natick, Mass.",womens-rowing,2018,42.2836393,-71.346996
Grace Hannam,Cox,"Norwich, Vt.",womens-rowing,2018,43.7136654,-72.3081535
Katie Erdos,Cox,"Harvard, Mass.",womens-rowing,2018,42.3657432,-71.1222139
Anna Glasgow,Rower,"Dallas, Texas",womens-rowing,2018,32.7762719,-96.7968559
Rhea Enzian,Rower,"Vashon, Wash.",womens-rowing,2018,47.4208759,-122.4737053
Sofie Blahova,Rower,"Prague, Czech Republic",womens-rowing,2018,50.0874654,14.4212535
Emilie Baxter,Rower,"Novato, Calif.",womens-rowing,2018,38.1061979,-122.5681191
Lily Fauver,Rower,"Bedford, N.Y.",womens-rowing,2018,41.2041304,-73.642509
Mikayla Hubner,Cox,"Cold Spring Harbor, N.Y.",womens-rowing,2018,40.8601065,-73.4529025
Hannah Frater,Rower,"New York, N.Y.",womens-rowing,2018,40.7127281,-74.0060152
Rebecca Conway,Rower,"Slingerlands, N.Y.",womens-rowing,2018,42.6292455,-73.8645685
Ciara Gaffney,Rower,"Toronto, Ontario",womens-rowing,2018,43.6534817,-79.3839347
Claire Campbell,Rower,"New Canaan, Conn.",womens-rowing,2018,41.146763,-73.4948446
Aoibheann Holland,Rower,"Arlington, Mass.",womens-rowing,2018,42.4153739,-71.1564428
Meghan Corwen,Rower,"New Rochelle, N.Y.",womens-rowing,2018,40.9115386,-73.7826363
McKenzie Baylis,Rower,"Tiburon, Calif.",womens-rowing,2018,37.8775332,-122.460808
Clara Hahn,Rower,"Lake Wylie, S.C.",womens-rowing,2018,35.110422,-81.0538064
Abigail Chamberlin,Rower,"Camden, Maine",womens-rowing,2018,44.2154945,-69.0851729
Fiona Cronin,Rower,"Arlington, Va.",womens-rowing,2018,38.8769326,-77.0893094
Cara Cavanaugh,Rower,"North Andover, Mass.",womens-rowing,2018,42.7029687,-71.1309117
Molly Katarincic,Rower,"Pittsburgh, Pa.",womens-rowing,2018,40.4406968,-80.0025666
Cameron Thibault,Rower,"Greenwich, Conn.",womens-rowing,2018,41.0264862,-73.6284598
Sophie Kamhi,Rower,"Santa Barbara, Calif.",womens-rowing,2018,34.4221319,-119.702667
Maggie Stiefvater,Rower,"Pelham, N.Y.",womens-rowing,2018,40.9098215,-73.8079111
Maia Round,Rower,Keene,womens-rowing,2018,42.933597,-72.2784264
Sophia Kwon,Cox,Liberty,womens-rowing,2018,30.0856736,-94.7856262
Alexandra Kent,Rower,"Toronto, Ontario",womens-rowing,2018,43.6534817,-79.3839347
Katharine Phillips,Rower,"Wilmette, Ill.",womens-rowing,2018,42.076066,-87.7115555
Carter Nelson,Rower,"London, England",womens-rowing,2018,51.5074456,-0.1277653
Lilienne Sexton,Rower,"Watertown, Mass.",womens-rowing,2018,42.3652576,-71.1843234
Sophie Kostanecki,Rower,"Ross, Calif.",womens-rowing,2018,37.9624239,-122.554977
Mary Kate McIntyre,Rower,"Port Washington, N.Y.",womens-rowing,2018,40.8263965,-73.684993
Caitlin Lynch,Rower,"Bradenton, Fla.",womens-rowing,2018,27.4989278,-82.5748194
Ellie Urdang,Rower,"Stamford, Conn.",womens-rowing,2018,41.0534302,-73.5387341
Ashlyn Morris,Cox,"Carmel, Ind.",womens-rowing,2018,39.9784186,-86.1283681
Natalie Knight,Rower,"Bronxville, N.Y.",womens-rowing,2018,40.9381544,-73.8320784
Rebecca Thomson,Rower,"Hopkinton, N.H.",womens-rowing,2018,43.191595,-71.6748735
Verity Lynch,Rower,"Groton, Mass.",womens-rowing,2018,42.6112242,-71.5745402
Sophie Stone,Rower,"Brookline, Mass.",womens-rowing,2018,42.332918,-71.1187829
Molly Katarincic,Rower,"Pittsburgh, Pa.",womens-rowing,2019,40.4406968,-80.0025666
Justine McGuire,Rower,"Mont-Tremblant, Quebec",womens-rowing,2019,46.11588,-74.5891426
Ellie Urdang,Rower,"Stamford, Conn.",womens-rowing,2019,41.0534302,-73.5387341
Lilienne Sexton,Rower,"Watertown, Mass.",womens-rowing,2019,42.3652576,-71.1843234
Ava Koros,Rower,"Burlingame, Calif.",womens-rowing,2019,37.5780965,-122.3473099
Sophie Stone,Rower,"Brookline, Mass.",womens-rowing,2019,42.332918,-71.1187829
Julia Martin,Rower,"Laguna Beach, Calif.",womens-rowing,2019,33.5426975,-117.785366
Margaret Moreland,Rower,"San Francisco, Calif.",womens-rowing,2019,37.7879363,-122.4075201
Carter Nelson,Rower,"London, England",womens-rowing,2019,51.5074456,-0.1277653
Haley Leversedge,Rower,"Durham, N.C.",womens-rowing,2019,35.996653,-78.9018053
Maia Round,Rower,Keene,womens-rowing,2019,42.933597,-72.2784264
Samantha Sizelove,Coxswain,"Winter Garden, Fla.",womens-rowing,2019,28.5656649,-81.5856742
Allison Smith,Rower,"Soddy Daisy, Tenn.",womens-rowing,2019,35.2359025,-85.1907904
Cameron Thibault,Rower,"Greenwich, Conn.",womens-rowing,2019,41.0264862,-73.6284598
Olivia Kester,Rower,"Bronxville, N.Y.",womens-rowing,2019,40.9381544,-73.8320784
Rebecca Thomson,Rower,"Hopkinton, N.H.",womens-rowing,2019,43.191595,-71.6748735
Sophie Kamhi,Rower,"Santa Barbara, Calif.",womens-rowing,2019,34.4221319,-119.702667
Caitlin Lynch,Rower,"Bradenton, Fla.",womens-rowing,2019,27.4989278,-82.5748194
Eliana Ornelas,Rower,"Reno, Nev.",womens-rowing,2019,39.5261788,-119.812658
Abigail Hyun,Coxswain,"New York, N.Y.",womens-rowing,2019,40.7127281,-74.0060152
Sophie Inkster,Rower,"Healdsburg, Calif.",womens-rowing,2019,38.6106812,-122.870138
Meghan Corwen,Rower,"New Rochelle, N.Y.",womens-rowing,2019,40.9115386,-73.7826363
Fiona Cronin,Rower,"Arlington, Va.",womens-rowing,2019,38.8769326,-77.0893094
Audrey Adamchak,Rower,"Davis, Calif.",womens-rowing,2019,38.5435526,-121.739005
Lucy Handy,Rower,"Providence, R.I.",womens-rowing,2019,41.8239891,-71.4128343
Anne Blackburn,Rower,"Natick, Mass.",womens-rowing,2019,42.2836393,-71.346996
Sofie Blahova,Rower,"Prague, Czech Republic",womens-rowing,2019,50.0874654,14.4212535
Mikayla Hubner,Coxswain,"Cold Spring Harbor, N.Y.",womens-rowing,2019,40.8601065,-73.4529025
Hanna Davis,Rower,"Summit, N.J.",womens-rowing,2019,40.7182356,-74.3592296
Rhea Enzian,Rower,"Vashon, Wash.",womens-rowing,2019,47.4208759,-122.4737053
Jessie Duckworth,Rower,"Manhattan Beach, Calif.",womens-rowing,2019,33.8872777,-118.4104324
Madeleine Grussing,Rower,"London, England",womens-rowing,2019,51.5074456,-0.1277653
Hannah Frater,Rower,"New York, N.Y.",womens-rowing,2019,40.7127281,-74.0060152
Anna Glasgow,Rower,"Dallas, Texas",womens-rowing,2019,32.7762719,-96.7968559
MacKenzie Guynn,Rower,"Chicago, Ill.",womens-rowing,2019,41.8755616,-87.6244212
Bryanna Entwistle,Rower,Singapore,womens-rowing,2019,1.357107,103.8194992
Clara Hahn,Rower,"Lake Wylie, S.C.",womens-rowing,2019,35.110422,-81.0538064
Aoibheann Holland,Rower,"Arlington, Mass.",womens-rowing,2019,42.4153739,-71.1564428
Emilie Baxter,Rower,"Novato, Calif.",womens-rowing,2019,38.1061979,-122.5681191
Katie Erdos,Coxswain,"Harvard, Mass.",womens-rowing,2019,42.3657432,-71.1222139
Lily Fauver,Rower,"Bedford, N.Y.",womens-rowing,2019,41.2041304,-73.642509
Justine McGuire,Rower,"Mont-Tremblant, Quebec",womens-rowing,2020,46.11588,-74.5891426
Grace Mensi,Rower,"Katonah, N.Y.",womens-rowing,2020,41.2558715,-73.6847453
Julia Martin,Rower,"Laguna Beach, Calif.",womens-rowing,2020,33.5426975,-117.785366
Anna Brause,Rower,"Larchmont, N.Y.",womens-rowing,2020,40.9278769,-73.7517983
Isabelle Lewitt,Rower,"London, England",womens-rowing,2020,51.5074456,-0.1277653
Ava Koros,Rower,"Burlingame, Calif.",womens-rowing,2020,37.5780965,-122.3473099
Haley Leversedge,Rower,"Durham, N.C.",womens-rowing,2020,35.996653,-78.9018053
Caitlin Lynch,Rower,"Bradenton, Fla.",womens-rowing,2020,27.4989278,-82.5748194
Margaret Moreland,Rower,"San Francisco, Calif.",womens-rowing,2020,37.7879363,-122.4075201
Lillian Leimkuhler,Rower,"Haddonfield, N.J.",womens-rowing,2020,39.8915022,-75.0376707
Carter Nelson,Rower,"London, England",womens-rowing,2020,51.5074456,-0.1277653
Emma Troost,Rower,"Detroit, Mich.",womens-rowing,2020,42.3315509,-83.0466403
Allison Smith,Rower,"Soddy Daisy, Tenn.",womens-rowing,2020,35.2359025,-85.1907904
Maia Round,Rower,Keene,womens-rowing,2020,42.933597,-72.2784264
Eliana Ornelas,Rower,"Reno, Nev.",womens-rowing,2020,39.5261788,-119.812658
Katharine Phillips,Rower,"Wilmette, Ill.",womens-rowing,2020,42.076066,-87.7115555
Sophie Stone,Rower,"Brookline, Mass.",womens-rowing,2020,42.332918,-71.1187829
Cameron Thibault,Rower,"Greenwich, Conn.",womens-rowing,2020,41.0264862,-73.6284598
Christine Wu,Rower,"Basking Ridge, N.J.",womens-rowing,2020,40.7064088,-74.5492725
Olivia Kester,Rower,"Bronxville, N.Y.",womens-rowing,2020,40.9381544,-73.8320784
Samantha Sizelove,Coxswain,"Winter Garden, Fla.",womens-rowing,2020,28.5656649,-81.5856742
Ellie Urdang,Rower,"Stamford, Conn.",womens-rowing,2020,41.0534302,-73.5387341
Jenna Martin,Rower,"Wayland, Mass.",womens-rowing,2020,42.3632063,-71.3606721
Hanna Davis,Rower,"Summit, N.J.",womens-rowing,2020,40.7182356,-74.3592296
MacKenzie Guynn,Rower,"Chicago, Ill.",womens-rowing,2020,41.8755616,-87.6244212
Fiona Cronin,Rower,"Arlington, Va.",womens-rowing,2020,38.8769326,-77.0893094
Audrey Craighead,Rower,"South Salem, N.Y.",womens-rowing,2020,41.2738221,-73.5561711
Meghan Corwen,Rower,"New Rochelle, N.Y.",womens-rowing,2020,40.9115386,-73.7826363
Abigail Chamberlin,Rower,"Camden, Maine",womens-rowing,2020,44.2154945,-69.0851729
Diana Bates,Rower,"New York, N.Y.",womens-rowing,2020,40.7127281,-74.0060152
Sophie Kamhi,Rower,"Santa Barbara, Calif.",womens-rowing,2020,34.4221319,-119.702667
Rhea Enzian,Rower,"Vashon, Wash.",womens-rowing,2020,47.4208759,-122.4737053
Bryanna Entwistle,Rower,Singapore,womens-rowing,2020,1.357107,103.8194992
Jessie Duckworth,Rower,"Manhattan Beach, Calif.",womens-rowing,2020,33.8872777,-118.4104324
Lily Fauver,Rower,"Bedford, N.Y.",womens-rowing,2020,41.2041304,-73.642509
Katherine Figura,Rower,"Wilmette, Ill.",womens-rowing,2020,42.076066,-87.7115555
Abigail Hyun,Coxswain,"New York, N.Y.",womens-rowing,2020,40.7127281,-74.0060152
Clara Hahn,Rower,"Lake Wylie, S.C.",womens-rowing,2020,35.110422,-81.0538064
Madeleine Grussing,Rower,"London, England",womens-rowing,2020,51.5074456,-0.1277653
Peyton Bond,Rower,"Wayne, Pa.",womens-rowing,2020,41.6264414,-75.3045103
Anna Glasgow,Rower,"Dallas, Texas",womens-rowing,2020,32.7762719,-96.7968559
Lucy Handy,Rower,"Providence, R.I.",womens-rowing,2020,41.8239891,-71.4128343
Sophie Inkster,Rower,"Healdsburg, Calif.",womens-rowing,2020,38.6106812,-122.870138
Hannah Frater,Rower,"New York, N.Y.",womens-rowing,2020,40.7127281,-74.0060152
Mikayla Hubner,Coxswain,"Cold Spring Harbor, N.Y.",womens-rowing,2020,40.8601065,-73.4529025
Molly Katarincic,Rower,"Pittsburgh, Pa.",womens-rowing,2020,40.4406968,-80.0025666
Emilie Baxter,Rower,"Novato, Calif.",womens-rowing,2020,38.1061979,-122.5681191
Margaret Moreland,Rower,"San Francisco, Calif.",womens-rowing,2021,37.7879363,-122.4075201
Carter Nelson,Rower,"London, England",womens-rowing,2021,51.5074456,-0.1277653
Cece Plass,Rower,"Sarasota, Fla.",womens-rowing,2021,27.3365805,-82.5308545
Maia Round,Rower,Keene,womens-rowing,2021,42.933597,-72.2784264
Georgia Alexander,Rower,"Victoria, British Columbia",womens-rowing,2021,48.4283182,-123.364953
Ulla Libre,Rower,"Alta, Utah",womens-rowing,2021,40.5904037,-111.635216
Samantha Paisley,Rower,"Salt Late City, Utah",womens-rowing,2021,40.7596198,-111.886797
Julia Martin,Rower,"Laguna Beach, Calif.",womens-rowing,2021,33.5426975,-117.785366
Grace McInerney,Coxswain,"La Jolla, Calif.",womens-rowing,2021,32.8458529,-117.2575702
Caitlin Lynch,Rower,"Bradenton, Fla.",womens-rowing,2021,27.4989278,-82.5748194
Justine McGuire,Rower,"Mont-Tremblant, Quebec",womens-rowing,2021,46.11588,-74.5891426
Isabelle Lewitt,Coxswain,"London, England",womens-rowing,2021,51.5074456,-0.1277653
Jenna Martin,Rower,"Wayland, Mass.",womens-rowing,2021,42.3632063,-71.3606721
Emma Troost,Rower,"Detroit, Mich.",womens-rowing,2021,42.3315509,-83.0466403
Ellie Urdang,Rower,"Stamford, Conn.",womens-rowing,2021,41.0534302,-73.5387341
Christine Wu,Rower,"Basking Ridge, N.J.",womens-rowing,2021,40.7064088,-74.5492725
Junqing Yan,Row,"Shanghai, China",womens-rowing,2021,31.2312707,121.4700152
Arianna Stamatoyannopoulos,,"Seattle, Wash.",womens-rowing,2021,47.6038321,-122.330062
Maja Tellander,Rower,"Wellesley, Mass.",womens-rowing,2021,42.2964859,-71.2925571
Haley Leversedge,Rower,"Durham, N.C.",womens-rowing,2021,35.996653,-78.9018053
Katherine Figura,Rower,"Wilmette, Ill.",womens-rowing,2021,42.076066,-87.7115555
Emma Hochberg,Rower,"Scarsdale, N.Y.",womens-rowing,2021,40.9885221,-73.8085608
Cameron Thibault,Rower,"Greenwich, Conn.",womens-rowing,2021,41.0264862,-73.6284598
Jessie Duckworth,Rower,"Manhattan Beach, Calif.",womens-rowing,2021,33.8872777,-118.4104324
Daisy Dundas,Rower,"Salt Point, N.Y.",womens-rowing,2021,41.8046512,-73.7903622
Anna Glasgow,Rower,"Dallas, Texas",womens-rowing,2021,32.7762719,-96.7968559
Lillian Leimkuhler,Rower,"Haddonfield, N.J.",womens-rowing,2021,39.8915022,-75.0376707
Ava Koros,Rower,"Burlingame, Calif.",womens-rowing,2021,37.5780965,-122.3473099
Audrey Craighead,Rower,"South Salem, N.Y.",womens-rowing,2021,41.2738221,-73.5561711
Fiona Cronin,Rower,"Arlington, Va.",womens-rowing,2021,38.8769326,-77.0893094
Sonya Danchak,Rower,"Westport, Conn.",womens-rowing,2021,41.1414855,-73.3578955
Hanna Davis,Rower,"Summit, N.J.",womens-rowing,2021,40.7182356,-74.3592296
Anna Brause,Rower,"Larchmont, N.Y.",womens-rowing,2021,40.9278769,-73.7517983
Allison Smith,Rower,"Soddy Daisy, Tenn.",womens-rowing,2021,35.2359025,-85.1907904
Olivia Chin,Cox,"Montvale, N.J.",womens-rowing,2021,41.0407563,-74.0288633
Diana Bates,Rower,"New York, N.Y.",womens-rowing,2021,40.7127281,-74.0060152
Lucy Handy,Rower,"Providence, R.I.",womens-rowing,2021,41.8239891,-71.4128343
Sophie Inkster,Rower,"Healdsburg, Calif.",womens-rowing,2021,38.6106812,-122.870138
Aarushi Jain,Coxswain,"Hicksville, N.Y.",womens-rowing,2021,40.7695303,-73.5293246
Molly Katarincic,Rower,"Pittsburgh, Pa.",womens-rowing,2021,40.4406968,-80.0025666
Morgan Kendall,Rower,"Dover, Mass.",womens-rowing,2021,42.2452466,-71.2823588
Olivia Kester,Rower,"Bronxville, N.Y.",womens-rowing,2021,40.9381544,-73.8320784
Madeleine Grussing,Rower,"London, England",womens-rowing,2021,51.5074456,-0.1277653
Clara Hahn,Rower,"Lake Wylie, S.C.",womens-rowing,2021,35.110422,-81.0538064
Kat Lynch,,"Ridgefield, Conn.",womens-rowing,2021,41.2814842,-73.4981792
Grace McInerney,Coxswain,"La Jolla, Calif.",womens-rowing,2022,32.8458529,-117.2575702
Justine McGuire,Rower,"Mont-Tremblant, Quebec",womens-rowing,2022,46.11588,-74.5891426
Haley Leversedge,Rower,"Durham, N.C.",womens-rowing,2022,35.996653,-78.9018053
Aarushi Jain,Coxswain,"Hicksville, N.Y.",womens-rowing,2022,40.7695303,-73.5293246
Carly McAleer,Rower,"Park City, Utah",womens-rowing,2022,40.6460921,-111.4979963
Kat Lynch,Rower,"Ridgefield, Conn.",womens-rowing,2022,41.2814842,-73.4981792
Emma Hochberg,Rower,"Scarsdale, N.Y.",womens-rowing,2022,40.9885221,-73.8085608
Samantha Paisley,Rower,"Salt Late City, Utah",womens-rowing,2022,40.7596198,-111.886797
Ava Koros,Rower,"Burlingame, Calif.",womens-rowing,2022,37.5780965,-122.3473099
Olivia Chin,Coxswain,"Montvale, N.J.",womens-rowing,2022,41.0407563,-74.0288633
Allison Smith,Rower,"Soddy Daisy, Tenn.",womens-rowing,2022,35.2359025,-85.1907904
Alexa Schlembach,Rower,"Ocean View, N.J.",womens-rowing,2022,39.1914735,-74.732029
Emma Borchers,Rower,"Basalt, Colo.",womens-rowing,2022,39.3688731,-107.032824
Emma Troost,Rower,"Detroit, Mich.",womens-rowing,2022,42.3315509,-83.0466403
Margaret Moreland,Rower,"San Francisco, Calif.",womens-rowing,2022,37.7879363,-122.4075201
Charlotte Pulkkinen,Rower,"Bronxville, N.Y.",womens-rowing,2022,40.9381544,-73.8320784
Cece Plass,Rower,"Sarasota, Fla.",womens-rowing,2022,27.3365805,-82.5308545
Daisy Dundas,Rower,"Salt Point, N.Y.",womens-rowing,2022,41.8046512,-73.7903622
Arianna Stamatoyannopoulos,Rower,"Seattle, Wash.",womens-rowing,2022,47.6038321,-122.330062
Maja Tellander,Rower,"Wellesley, Mass.",womens-rowing,2022,42.2964859,-71.2925571
Sonya Danchak,Rower,"Westport, Conn.",womens-rowing,2022,41.1414855,-73.3578955
Annabelle Hermey,Rower,"Boonton Township, N.J.",womens-rowing,2022,40.9314543,-74.4291549
Lucy Handy,Rower,"Providence, R.I.",womens-rowing,2022,41.8239891,-71.4128343
Lillian Leimkuhler,Rower,"Haddonfield, N.J.",womens-rowing,2022,39.8915022,-75.0376707
Diana Bates,Rower,"New York, N.Y.",womens-rowing,2022,40.7127281,-74.0060152
Maia Crichlow,Rower,"Brooklyn, N.Y.",womens-rowing,2022,40.6526006,-73.9497211
Christine Wu,Rower,"Basking Ridge, N.J.",womens-rowing,2022,40.7064088,-74.5492725
Marlene Lauter,Rower,"Kleinmachnow, Germany",womens-rowing,2022,52.4064167,13.2236601
Georgia Alexander,Rower,"Victoria, British Columbia",womens-rowing,2022,48.4283182,-123.364953
Amaya Bonn,Coxswain,"Evanston, Ill.",womens-rowing,2022,42.0470043,-87.6846053
Áine Ley,Rower,"Wayland, Mass.",womens-rowing,2022,42.3632063,-71.3606721
Annika Colberg,Rower,"Anchorage, Alaska",womens-rowing,2022,61.2163129,-149.894852
Jenna Martin,Rower,"Wayland, Mass.",womens-rowing,2022,42.3632063,-71.3606721
Claire Labovitz,Rower,"Rye, N.Y.",womens-rowing,2022,40.9821371,-73.6840902
Madeleine Grussing,Rower,"London, England",womens-rowing,2022,51.5074456,-0.1277653
Lauren Yam,Rower,"New York, N.Y.",womens-rowing,2022,40.7127281,-74.0060152
Lily Chabica,Rower,"Maple Grove, Minn.",womens-rowing,2022,45.0984983,-93.4419222
Morgan Kendall,Rower,"Dover, Mass.",womens-rowing,2022,42.2452466,-71.2823588
Katherine Figura,Rower,"Wilmette, Ill.",womens-rowing,2022,42.076066,-87.7115555
Audrey Craighead,Rower,"South Salem, N.Y.",womens-rowing,2022,41.2738221,-73.5561711
Sophie Inkster,Rower,"Healdsburg, Calif.",womens-rowing,2022,38.6106812,-122.870138
Jessie Duckworth,Rower,"Manhattan Beach, Calif.",womens-rowing,2022,33.8872777,-118.4104324
Hanna Davis,Rower,"Summit, N.J.",womens-rowing,2022,40.7182356,-74.3592296
Marin Clare Hadley,Coxswain,"Milton, Ga.",womens-rowing,2022,34.1134001,-84.2693745
Carly McAleer,Rower,"Park City, Utah",womens-rowing,2023,40.6460921,-111.4979963
Alex Ba,Rower,"Los Angeles, Calif.",womens-rowing,2023,34.0536909,-118.242766
Olivia Chin,Coxswain,"Montvale, N.J.",womens-rowing,2023,41.0407563,-74.0288633
Jinny Diop,Rower,"Carbondale, Colo.",womens-rowing,2023,39.4005647,-107.2112407
Lillian Leimkuhler,Rower,"Haddonfield, N.J.",womens-rowing,2023,39.8915022,-75.0376707
Caroline Phipps,Rower,"Woodside, Calif.",womens-rowing,2023,37.4280637,-122.2507435
Emma Borchers,Rower,"Basalt, Colo.",womens-rowing,2023,39.3688731,-107.032824
Grace McInerney,Coxswain,"La Jolla, Calif.",womens-rowing,2023,32.8458529,-117.2575702
Jillian Martin,Rower,"Wayland, Mass.",womens-rowing,2023,42.3632063,-71.3606721
Katherine Figura,Rower,"Wilmette, Ill.",womens-rowing,2023,42.076066,-87.7115555
Lily Chabica,Rower,"Maple Grove, Minn.",womens-rowing,2023,45.0984983,-93.4419222
Sonya Danchak,Rower,"Westport, Conn.",womens-rowing,2023,41.1414855,-73.3578955
Samantha Paisley,Rower,"Salt Late City, Utah",womens-rowing,2023,40.7596198,-111.886797
Audrey Craighead,Rower,"South Salem, N.Y.",womens-rowing,2023,41.2738221,-73.5561711
Jenna Martin,Rower,"Wayland, Mass.",womens-rowing,2023,42.3632063,-71.3606721
Claire Labovitz,Rower,"Rye, N.Y.",womens-rowing,2023,40.9821371,-73.6840902
Sasha Anderson,Rower,"Halifax, Nova Scotia",womens-rowing,2023,44.648618,-63.5859487
Isabella Ginsburg,Rower,"Hong Kong, China",womens-rowing,2023,22.2818333,114.1582831
Sofia Tyler,Rower,"London, England",womens-rowing,2023,51.5074456,-0.1277653
Amaya Bonn,Coxswain,"Evanston, Ill.",womens-rowing,2023,42.0470043,-87.6846053
Annika Colberg,Rower,"Anchorage, Alaska",womens-rowing,2023,61.2163129,-149.894852
Emma Hochberg,Rower,"Scarsdale, N.Y.",womens-rowing,2023,40.9885221,-73.8085608
Annabelle Hermey,Rower,"Boonton Township, N.J.",womens-rowing,2023,40.9314543,-74.4291549
Daisy Dundas,Rower,"Salt Point, N.Y.",womens-rowing,2023,41.8046512,-73.7903622
Madi Shaer,Coxswain,"Needham, Mass.",womens-rowing,2023,42.2802645,-71.2360624
Marin Clare Hadley,Coxswain,"Milton, Ga.",womens-rowing,2023,34.1134001,-84.2693745
Mack Pawlus,Rower,"Andover, Mass.",womens-rowing,2023,42.65717,-71.1408776
Maia Crichlow,Rower,"Brooklyn, N.Y.",womens-rowing,2023,40.6526006,-73.9497211
Morgan Kendall,Rower,"Dover, Mass.",womens-rowing,2023,42.2452466,-71.2823588
Aarushi Jain,Coxswain,"Hicksville, N.Y.",womens-rowing,2023,40.7695303,-73.5293246
Diana Bates,Rower,"New York, N.Y.",womens-rowing,2023,40.7127281,-74.0060152
Lis Madigan,Rower,"Rye, N.Y.",womens-rowing,2023,40.9821371,-73.6840902
Marlene Lauter,Rower,"Kleinmachnow, Germany",womens-rowing,2023,52.4064167,13.2236601
Arianna Stamatoyannopoulos,Rower,"Seattle, Wash.",womens-rowing,2023,47.6038321,-122.330062
Christine Wu,Rower,"Basking Ridge, N.J.",womens-rowing,2023,40.7064088,-74.5492725
Maya Alpert,Rower,"San Anselmo, Calif.",womens-rowing,2023,37.9744323,-122.561503
Haley Leversedge,Rower,"Durham, N.C.",womens-rowing,2023,35.996653,-78.9018053
Áine Ley,Rower,"Wayland, Mass.",womens-rowing,2023,42.3632063,-71.3606721
Kat Lynch,Rower,"Ridgefield, Conn.",womens-rowing,2023,41.2814842,-73.4981792
Alexa Schlembach,Rower,"Ocean View, N.J.",womens-rowing,2023,39.1914735,-74.732029
Olivia Hochberg,Rower,"Brookline, Mass.",womens-rowing,2023,42.332918,-71.1187829
Maja Tellander,Rower,"Wellesley, Mass.",womens-rowing,2023,42.2964859,-71.2925571
Emma Troost,Rower,"Detroit, Mich.",womens-rowing,2023,42.3315509,-83.0466403
Charlotte Pulkkinen,Rower,"Bronxville, N.Y.",womens-rowing,2023,40.9381544,-73.8320784
Dora Parivodic,Rower,"Belgrade, Serbia",womens-rowing,2023,44.8153318,20.4456588
Cece Plass,Rower,"Sarasota, Fla.",womens-rowing,2023,27.3365805,-82.5308545
Neha Rishi,Rower,"Palo Alto, Calif.",womens-rowing,2023,37.4443293,-122.1598465
Shrishti Tandon,Rower,"Esher, England",womens-rowing,2023,51.3693938,-0.365415
Mack Pawlus,Rower,"Andover, Mass.",womens-rowing,2024,42.65717,-71.1408776
Carly McAleer,Rower,"Park City, Utah",womens-rowing,2024,40.6460921,-111.4979963
Dimitra Papaioannou,Rower,"Ioannina, Greece",womens-rowing,2024,39.6639818,20.8522784
Maja Tellander,Rower,"Wellesley, Mass.",womens-rowing,2024,42.2964859,-71.2925571
Samantha Paisley,Rower,"Salt Late City, Utah",womens-rowing,2024,40.7596198,-111.886797
Jenna Martin,Rower,"Wayland, Mass.",womens-rowing,2024,42.3632063,-71.3606721
Ashley Rohloff,Rower,"Robbinsville, N.J.",womens-rowing,2024,40.2162828,-74.619833
Jillian Martin,Rower,"Wayland, Mass.",womens-rowing,2024,42.3632063,-71.3606721
Kat Lynch,Rower,"Ridgefield, Conn.",womens-rowing,2024,41.2814842,-73.4981792
Dora Parivodic,Rower,"Belgrade, Serbia",womens-rowing,2024,44.8153318,20.4456588
Olivia Chin,Coxswain,"Montvale, N.J.",womens-rowing,2024,41.0407563,-74.0288633
Arianna Stamatoyannopoulos,Rower,"Seattle, Wash.",womens-rowing,2024,47.6038321,-122.330062
Amaya Bonn,Coxswain,"Evanston, Ill.",womens-rowing,2024,42.0470043,-87.6846053
Caroline Phipps,Rower,"Woodside, Calif.",womens-rowing,2024,37.4280637,-122.2507435
Claire Labovitz,Rower,"Rye, N.Y.",womens-rowing,2024,40.9821371,-73.6840902
Alexa Schlembach,Rower,"Ocean View, N.J.",womens-rowing,2024,39.1914735,-74.732029
Áine Ley,Rower,"Wayland, Mass.",womens-rowing,2024,42.3632063,-71.3606721
Charlotte Pulkkinen,Rower,"Bronxville, N.Y.",womens-rowing,2024,40.9381544,-73.8320784
Madi Shaer,Coxswain,"Needham, Mass.",womens-rowing,2024,42.2802645,-71.2360624
Phelan Bryant,Rower,"Greenwich, Conn.",womens-rowing,2024,41.0264862,-73.6284598
Cece Plass,Rower,"Sarasota, Fla.",womens-rowing,2024,27.3365805,-82.5308545
Nina Kieserman,Rower,"Seattle, Wash.",womens-rowing,2024,47.6038321,-122.330062
Sofia Tyler,Rower,"London, England",womens-rowing,2024,51.5074456,-0.1277653
Marin Clare Hadley,Coxswain,"Milton, Ga.",womens-rowing,2024,34.1134001,-84.2693745
Annika Nelson,Rower,"Darien, Conn.",womens-rowing,2024,41.0787079,-73.4692873
Sydney Grogean,Rower,"Woodbury, Conn.",womens-rowing,2024,41.5445404,-73.2090025
Marlene Lauter,Rower,"Kleinmachnow, Germany",womens-rowing,2024,52.4064167,13.2236601
Annika Colberg,Rower,"Anchorage, Alaska",womens-rowing,2024,61.2163129,-149.894852
Frances Lewis,Rower,"Chicago, Ill.",womens-rowing,2024,41.8755616,-87.6244212
Emma Hochberg,Rower,"Scarsdale, N.Y.",womens-rowing,2024,40.9885221,-73.8085608
Danika Branddorff,Rower,"Anchorage, Alaska",womens-rowing,2024,61.2163129,-149.894852
Olivia Hochberg,Rower,"Brookline, Mass.",womens-rowing,2024,42.332918,-71.1187829
Emma Borchers,Rower,"Basalt, Colo.",womens-rowing,2024,39.3688731,-107.032824
Sasha Anderson,Rower,"Halifax, Nova Scotia",womens-rowing,2024,44.648618,-63.5859487
Lis Madigan,Rower,"Rye, N.Y.",womens-rowing,2024,40.9821371,-73.6840902
Sonya Danchak,Rower,"Westport, Conn.",womens-rowing,2024,41.1414855,-73.3578955
Daisy Dundas,Rower,"Salt Point, N.Y.",womens-rowing,2024,41.8046512,-73.7903622
Maya Alpert,Rower,"San Anselmo, Calif.",womens-rowing,2024,37.9744323,-122.561503
Morgan Kendall,Rower,"Dover, Mass.",womens-rowing,2024,42.2452466,-71.2823588
Taj Delaet-Jagerson,,"Portola Valley, Calif.",womens-rowing,2024,37.3736298,-122.219047
Leah Cho-Carrier,,"Washington, D.C.",womens-rowing,2024,38.8950982,-77.0363849
Jinny Diop,Rower,"Carbondale, Colo.",womens-rowing,2024,39.4005647,-107.2112407
Caroline Krantz,Rower,"Darien, Conn.",womens-rowing,2024,41.0787079,-73.4692873
Shrishti Tandon,Rower,"Esher, England",womens-rowing,2024,51.3693938,-0.365415
Grace McInerney,Coxswain,"La Jolla, Calif.",womens-rowing,2024,32.8458529,-117.2575702
Alice Stapley,Rower,"Oxford, England",womens-rowing,2024,51.7520131,-1.2578499
Annabelle Hermey,Rower,"Boonton Township, N.J.",womens-rowing,2024,40.9314543,-74.4291549
Aarushi Jain,Coxswain,"Hicksville, N.Y.",womens-rowing,2024,40.7695303,-73.5293246
Hannah Clemens,,"Westport, Conn.",womens-rowing,2024,41.1414855,-73.3578955
Alex Ba,Rower,"Los Angeles, Calif.",womens-rowing,2024,34.0536909,-118.242766
Ella Dowley,Rower,"McLean, Va.",womens-rowing,2024,38.9366852,-77.185843
Neha Rishi,Rower,"Palo Alto, Calif.",womens-rowing,2024,37.4443293,-122.1598465
Isabella Ginsburg,Rower,"Hong Kong, China",womens-rowing,2024,22.2818333,114.1582831
Lily Chabica,Rower,"Maple Grove, Minn.",womens-rowing,2024,45.0984983,-93.4419222
Caroline Phipps,Rower,"Woodside, Calif.",womens-rowing,2025,37.4280637,-122.2507435
Annabelle Hermey,Rower,"Boonton Township, N.J.",womens-rowing,2025,40.9314543,-74.4291549
Cate Hamilton,Rower,"Newton, Mass.",womens-rowing,2025,42.3300435,-71.194862
Rachel Rampat,,"San Antonio, Texas",womens-rowing,2025,29.4246002,-98.4951405
Áine Ley,Rower,"Wayland, Mass.",womens-rowing,2025,42.3632063,-71.3606721
Carly McAleer,Rower,"Park City, Utah",womens-rowing,2025,40.6460921,-111.4979963
Caitlin Wain,Rower,"Tauranga, New Zealand",womens-rowing,2025,-37.6859006,176.167505
Tatum Lowe,Starboard/Port,"Pacific Palisades, Calif.",womens-rowing,2025,34.0480643,-118.5264706
Sasha Anderson,Rower,"Halifax, Nova Scotia",womens-rowing,2025,44.648618,-63.5859487
Nina Kieserman,Rower,"Seattle, Wash.",womens-rowing,2025,47.6038321,-122.330062
Frances Lewis,Rower,"Chicago, Ill.",womens-rowing,2025,41.8755616,-87.6244212
Jillian Martin,Rower,"Wayland, Mass.",womens-rowing,2025,42.3632063,-71.3606721
Leah Cho-Carrier,,"Washington, D.C.",womens-rowing,2025,38.8950982,-77.0363849
Mary Smith-Montross,,"Barrington, R.I.",womens-rowing,2025,41.7407661,-71.3084633
Shelby Feikes,,"Las Vegas, Nev.",womens-rowing,2025,36.1674263,-115.1484131
Claire Labovitz,Rower,"Rye, N.Y.",womens-rowing,2025,40.9821371,-73.6840902
Sydney Grogean,Rower,"Woodbury, Conn.",womens-rowing,2025,41.5445404,-73.2090025
Polina Kontorovich,,"Newton, Mass.",womens-rowing,2025,42.3300435,-71.194862
Taj Delaet-Jagerson,,"Portola Valley, Calif.",womens-rowing,2025,37.3736298,-122.219047
Olivia Hochberg,Rower,"Brookline, Mass.",womens-rowing,2025,42.332918,-71.1187829
Lis Madigan,Rower,"Rye, N.Y.",womens-rowing,2025,40.9821371,-73.6840902
Caroline Krantz,Rower,"Darien, Conn.",womens-rowing,2025,41.0787079,-73.4692873
Dimitra Papaioannou,Rower,"Ioannina, Greece",womens-rowing,2025,39.6639818,20.8522784
Neve Gelatt,Rower,"Kenmore, Wash.",womens-rowing,2025,47.7596715,-122.2496367
Mack Pawlus,Rower,"Andover, Mass.",womens-rowing,2025,42.65717,-71.1408776
Annika Nelson,Starboard,"Darien, Conn.",womens-rowing,2025,41.0787079,-73.4692873
Murphy Hoefer,Rower,"Fort Worth, Texas",womens-rowing,2025,32.753177,-97.3327459
Madi Shaer,Coxswain,"Needham, Mass.",womens-rowing,2025,42.2802645,-71.2360624
Sofia Tyler,Rower,"London, England",womens-rowing,2025,51.5074456,-0.1277653
Alice Stapley,Rower,"Oxford, England",womens-rowing,2025,51.7520131,-1.2578499
Maya Torres-Panzer,Rower,"Rochester, N.Y.",womens-rowing,2025,43.157285,-77.615214
Annika Colberg,Rower,"Anchorage, Alaska",womens-rowing,2025,61.2163129,-149.894852
Lily Chabica,Rower,"Maple Grove, Minn.",womens-rowing,2025,45.0984983,-93.4419222
Alex Ba,Rower,"Los Angeles, Calif.",womens-rowing,2025,34.0536909,-118.242766
Phelan Bryant,Rower,"Greenwich, Conn.",womens-rowing,2025,41.0264862,-73.6284598
Hannah Clemens,,"Westport, Conn.",womens-rowing,2025,41.1414855,-73.3578955
Isabella Janczewski,,"Toronto, Ont.",womens-rowing,2025,43.6534817,-79.3839347
Alexa Schlembach,Rower,"Ocean View, N.J.",womens-rowing,2025,39.1914735,-74.732029
Olivia Cabrera,Cox,"Rye, N.Y.",womens-rowing,2025,40.9821371,-73.6840902
Isabella Ginsburg,Rower,"Hong Kong, China",womens-rowing,2025,22.2818333,114.1582831
Neha Rishi,Rower,"Palo Alto, Calif.",womens-rowing,2025,37.4443293,-122.1598465
Jinny Diop,Rower,"Carbondale, Colo.",womens-rowing,2025,39.4005647,-107.2112407
Ella Dowley,Rower,"McLean, Va.",womens-rowing,2025,38.9366852,-77.185843
Amaya Bonn,Coxswain,"Evanston, Ill.",womens-rowing,2025,42.0470043,-87.6846053
Emma Borchers,Rower,"Basalt, Colo.",womens-rowing,2025,39.3688731,-107.032824
Jane Rathbun,,"Rocky River, Ohio",womens-rowing,2025,41.4756031,-81.8393034
Marin Clare Hadley,Coxswain,"Milton, Ga.",womens-rowing,2025,34.1134001,-84.2693745
Kate Rice,,"Cambridge, Mass.",womens-rowing,2025,42.3656347,-71.1040018
Danika Branddorff,Rower,"Anchorage, Alaska",womens-rowing,2025,61.2163129,-149.894852
Shrishti Tandon,Rower,"Esher, England",womens-rowing,2025,51.3693938,-0.365415
Kate Greene,Rower,"Chicago, Ill.",womens-rowing,2025,41.8755616,-87.6244212
Marlene Lauter,Rower,"Kleinmachnow, Germany",womens-rowing,2025,52.4064167,13.2236601
Sora Yu,,"Westport, Conn.",womens-rowing,2025,41.1414855,-73.3578955
Ashley Rohloff,Rower,"Robbinsville, N.J.",womens-rowing,2025,40.2162828,-74.619833
Charlotte Pulkkinen,Rower,"Bronxville, N.Y.",womens-rowing,2025,40.9381544,-73.8320784
Jane Rathbun,,"Rocky River, Ohio",womens-rowing,2026,41.4756031,-81.8393034
Caroline Phipps,Rower,"Woodside, Calif.",womens-rowing,2026,37.4280637,-122.2507435
Mack Pawlus,Rower,"Andover, Mass.",womens-rowing,2026,42.65717,-71.1408776
Dimitra Papaioannou,Rower,"Ioannina, Greece",womens-rowing,2026,39.6639818,20.8522784
Tatum Lowe,Starboard/Port,"Pacific Palisades, Calif.",womens-rowing,2026,34.0480643,-118.5264706
Annika Nelson,Starboard,"Darien, Conn.",womens-rowing,2026,41.0787079,-73.4692873
Lis Madigan,Rower,"Rye, N.Y.",womens-rowing,2026,40.9821371,-73.6840902
Alice Stapley,Rower,"Oxford, England",womens-rowing,2026,51.7520131,-1.2578499
Neha Rishi,Rower,"Palo Alto, Calif.",womens-rowing,2026,37.4443293,-122.1598465
Ashley Rohloff,Rower,"Robbinsville, N.J.",womens-rowing,2026,40.2162828,-74.619833
Madi Shaer,Coxswain,"Needham, Mass.",womens-rowing,2026,42.2802645,-71.2360624
Mary Smith-Montross,,"Barrington, R.I.",womens-rowing,2026,41.7407661,-71.3084633
Shrishti Tandon,Rower,"Esher, England",womens-rowing,2026,51.3693938,-0.365415
Maya Torres-Panzer,Rower,"Rochester, N.Y.",womens-rowing,2026,43.157285,-77.615214
Sofia Tyler,Rower,"London, England",womens-rowing,2026,51.5074456,-0.1277653
Caitlin Wain,Rower,"Tauranga, New Zealand",womens-rowing,2026,-37.6859006,176.167505
Kate Rice,,"Cambridge, Mass.",womens-rowing,2026,42.3656347,-71.1040018
Frances Lewis,Rower,"Chicago, Ill.",womens-rowing,2026,41.8755616,-87.6244212
Neve Gelatt,Rower,"Kenmore, Wash.",womens-rowing,2026,47.7596715,-122.2496367
Polina Kontorovich,,"Newton, Mass.",womens-rowing,2026,42.3300435,-71.194862
Sora Yu,,"Westport, Conn.",womens-rowing,2026,41.1414855,-73.3578955
Sasha Anderson,Rower,"Halifax, Nova Scotia",womens-rowing,2026,44.648618,-63.5859487
Alex Ba,Rower,"Los Angeles, Calif.",womens-rowing,2026,34.0536909,-118.242766
Phelan Bryant,Rower,"Greenwich, Conn.",womens-rowing,2026,41.0264862,-73.6284598
Olivia Cabrera,Cox,"Rye, N.Y.",womens-rowing,2026,40.9821371,-73.6840902
Leah Cho-Carrier,,"Washington, D.C.",womens-rowing,2026,38.8950982,-77.0363849
Hannah Clemens,,"Westport, Conn.",womens-rowing,2026,41.1414855,-73.3578955
Taj Delaet-Jagerson,,"Portola Valley, Calif.",womens-rowing,2026,37.3736298,-122.219047
Ella Dowley,Rower,"McLean, Va.",womens-rowing,2026,38.9366852,-77.185843
Caroline Krantz,Rower,"Darien, Conn.",womens-rowing,2026,41.0787079,-73.4692873
Shelby Feikes,,"Las Vegas, Nev.",womens-rowing,2026,36.1674263,-115.1484131
Isabella Ginsburg,Rower,"Hong Kong, China",womens-rowing,2026,22.2818333,114.1582831
Kate Greene,Rower,"Chicago, Ill.",womens-rowing,2026,41.8755616,-87.6244212
Sydney Grogean,Rower,"Woodbury, Conn.",womens-rowing,2026,41.5445404,-73.2090025
Cate Hamilton,Rower,"Newton, Mass.",womens-rowing,2026,42.3300435,-71.194862
Annabelle Hermey,Rower,"Boonton Township, N.J.",womens-rowing,2026,40.9314543,-74.4291549
Olivia Hochberg,Rower,"Brookline, Mass.",womens-rowing,2026,42.332918,-71.1187829
Murphy Hoefer,Rower,"Fort Worth, Texas",womens-rowing,2026,32.753177,-97.3327459
Isabella Janczewski,,"Toronto, Ont.",womens-rowing,2026,43.6534817,-79.3839347
EllaMae Fitzgerald,,"Savannah, Ga.",womens-rowing,2026,32.0790074,-81.0921335
Cameron Pfaffle,AWTC,"Bronx, N.Y.",equestrian,2016,40.8466508,-73.8785937
Meghan Poth,INF/F,"Coto de Caza, Calif.",equestrian,2016,33.6013399,-117.5856235
Meg Rauner,NF/F,"Chicago, Ill.",equestrian,2016,41.8755616,-87.6244212
Cristiana Salvatori,AWTC,"Baltimore, Md.",equestrian,2016,39.2908816,-76.610759
Charlotte Johnstone,WT,"Skowhegan, Maine",equestrian,2016,44.7558635,-69.6656301
Suehayla Mohieldin,INF/F,"Bethesda, Md.",equestrian,2016,38.9812726,-77.1233587
Alexa Tucker,BWTC,"Centreville, Va.",equestrian,2016,38.837613,-77.4347283
Sophie Lenihan,NF/F,"Hingham, Mass.",equestrian,2016,42.2417669,-70.8897676
Holly Langley,WT,"Portland, Ore.",equestrian,2016,45.5202471,-122.674194
Sophie King,AWTC,"Newton, Mass.",equestrian,2016,42.3300435,-71.194862
Elle MacAlpine,AWTC,"Rye Beach, N.H.",equestrian,2016,42.9772866,-70.7696039
Erin McCarthy-Keeler,NF/F,"Anchorage, Alaska",equestrian,2016,61.2163129,-149.894852
Lilly Higgins,INF/F,"Summit, N.J.",equestrian,2016,40.7182356,-74.3592296
Nathalie Ferneau,AWTC,"Canaan, N.H.",equestrian,2016,43.6465313,-72.0119915
Storey Dyer Kloman,NF/F,"Lenox, Mass.",equestrian,2016,42.3568223,-73.2850851
Catherine Conway,NF/F,"Potomac, Md.",equestrian,2016,39.0180508,-77.1956331
Meaghan Haugh,INF/F,"Bedford, N.H.",equestrian,2016,42.9464737,-71.5159015
Staci Mannella,IF/NF,"Randolph, N.J.",equestrian,2016,40.844265,-74.5857218
Sarah Cohen,AWTC,"Dix Hills, N.Y.",equestrian,2016,40.802847,-73.3371556
Alexandria Chen,BWTC,"Katy, Texas",equestrian,2016,29.7857853,-95.8243956
Olivia Champ,NF/F,"La Canada, Calif.",equestrian,2016,33.7301661,-117.7638553
Claire Bick,NF/F,"Polson, Mont.",equestrian,2016,47.6905295,-114.163761
Meghan Poth,NF/IF,"Coto de Caza, Calif.",equestrian,2017,33.6013399,-117.5856235
Margot Putnam,WT,"Mount Kisco, N.Y.",equestrian,2017,41.2042616,-73.7270761
Emily Slusher,PL,"Portland,  Ore.",equestrian,2017,45.5202471,-122.674194
Alexa Tucker,BWTC,"Centreville, Va.",equestrian,2017,38.837613,-77.4347283
Olivia Champ,of/of,"La Canada, Calif.",equestrian,2017,33.7301661,-117.7638553
Yelyzaveta Begunova,AWTC,"Ottawa, Ontario",equestrian,2017,45.4208777,-75.6901106
Sophie Lenihan,of/of,"Hingham, Mass.",equestrian,2017,42.2417669,-70.8897676
Nathalie Ferneau,Novice,"Canaan, N.H.",equestrian,2017,43.6465313,-72.0119915
Sophia Kocher,BWTC,"Dover, Mass.",equestrian,2017,42.2452466,-71.2823588
Elle MacAlpine,Novice,"Rye Beach, N.H.",equestrian,2017,42.9772866,-70.7696039
Staci Mannella,IF/NF,"Randolph, N.J.",equestrian,2017,40.844265,-74.5857218
Shira Hornstein,PL,"Westwood, Mass.",equestrian,2017,42.2186913,-71.2233829
Holly Langley,BWTC,"Portland, Ore.",equestrian,2017,45.5202471,-122.674194
Anna Dodson,WT,"Portland, Ore.",equestrian,2017,45.5202471,-122.674194
Mahalia Dalmage,NF/F,"Chicago, Ill.",equestrian,2017,41.8755616,-87.6244212
Nancy Curtis,NF/F,"Seattle, Wash.",equestrian,2017,47.6038321,-122.330062
Sarah Cohen,IF/NF,"Dix Hills, N.Y.",equestrian,2017,40.802847,-73.3371556
Alexandria Chen,WT,"Katy, Texas",equestrian,2017,29.7857853,-95.8243956
Cameron Pfaffle,Novice,"Bronx, N.Y.",equestrian,2017,40.8466508,-73.8785937
Claire Bick,OF/NF,"Polson, Mont.",equestrian,2017,47.6905295,-114.163761
Erin McCarthy-Keeler,Inter,"Anchorage, Alaska",equestrian,2017,61.2163129,-149.894852
Lilly Higgins,of/of,"Summit, N.J.",equestrian,2017,40.7182356,-74.3592296
Teaghan Callaway,BWTC,"Lake Villa, Ill.",equestrian,2017,42.4169651,-88.0739708
Suehayla Mohieldin,AWTC,"Bethesda, Md.",equestrian,2017,38.9812726,-77.1233587
Nancy Curtis,NF/F,"Seattle, Wash.",equestrian,2018,47.6038321,-122.330062
Meghan Poth,IF/IF,"Coto de Caza, Calif.",equestrian,2018,33.6013399,-117.5856235
Maria Roodnitsky,WT,"West Des Moines, Iowa",equestrian,2018,41.5644476,-93.7594059
Sophia Arana,BWTC,"Miami, Fla.",equestrian,2018,25.7741566,-80.1935973
Alexa Tucker,BWTC,"Centreville, Va.",equestrian,2018,38.837613,-77.4347283
Claire Azar,OF,"Bethesda, Md.",equestrian,2018,38.9812726,-77.1233587
Olivia Champ,of/of,"La Canada, Calif.",equestrian,2018,33.7301661,-117.7638553
Alexandria Chen,WT,"Katy, Texas",equestrian,2018,29.7857853,-95.8243956
Yelyzaveta Begunova,AWTC,"Ottawa, Ontario",equestrian,2018,45.4208777,-75.6901106
Tori Bergstein,NF/NF,"Charlotte, Vt.",equestrian,2018,44.3105141,-73.2531419
Teaghan Callaway,AWTC,"Lake Villa, Ill.",equestrian,2018,42.4169651,-88.0739708
Elizabeth Carroll,BWTC,"Newington, N.H.",equestrian,2018,43.100482,-70.834351
Smidge the Dog,Guide,"Randolph, N.J",equestrian,2018,40.844265,-74.5857218
Sophie Lenihan,of/of,"Hingham, Mass.",equestrian,2018,42.2417669,-70.8897676
Emily Slusher,IF/IF,"Portland,  Ore.",equestrian,2018,45.5202471,-122.674194
Suehayla Mohieldin,NF/NF,"Bethesda, Md.",equestrian,2018,38.9812726,-77.1233587
Sophie Kylander,AWTC,"Hingham, Mass.",equestrian,2018,42.2417669,-70.8897676
Georgina Davis,NF/NF,"Oyster Bay, N.Y.",equestrian,2018,40.7696568,-73.4998608
Erin McCarthy-Keeler,Inter,"Anchorage, Alaska",equestrian,2018,61.2163129,-149.894852
Hailey Holm,OF/IF,"Seattle, Wash.",equestrian,2018,47.6038321,-122.330062
Staci Mannella,IF/NF,"Randolph, N.J.",equestrian,2018,40.844265,-74.5857218
Lilly Higgins,of/of,"Summit, N.J.",equestrian,2018,40.7182356,-74.3592296
Anna Dodson,WT,"Portland, Ore.",equestrian,2018,45.5202471,-122.674194
Leah Johnson,AWTC,"Kenai, Alaska",equestrian,2018,60.5544444,-151.258333
Sabrina Jain,IF/NF,"Atherton, Calif.",equestrian,2018,37.453773,-122.2058272
Shira Hornstein,RD,"Westwood, Mass.",equestrian,2018,42.2186913,-71.2233829
Sophia Kocher,AWTC,"Dover, Mass.",equestrian,2018,42.2452466,-71.2823588
Kate Kucharczuk,Intro,"Bryn Mawr, Pa.",equestrian,2019,40.0238245,-75.3173407
Sabrina Jain,IF/NF,"Atherton, Calif.",equestrian,2019,37.453773,-122.2058272
Anna Sandell,IF,"Palo Alto, Calif.",equestrian,2019,37.4443293,-122.1598465
Tamy Gomez-Ortigoza,Intro,"Mexico City, Mexico",equestrian,2019,19.3207722,-99.1514678
Gemma Tung,LF,"Brookline, Mass.",equestrian,2019,42.332918,-71.1187829
Alexa Tucker,AWTC,"Centreville, Va.",equestrian,2019,38.837613,-77.4347283
Meghan Poth,IF/IF,"Coto de Caza, Calif.",equestrian,2019,33.6013399,-117.5856235
Sophie Lenihan,of/of,"Hingham, Mass.",equestrian,2019,42.2417669,-70.8897676
Sophie Kylander,AWTC,"Hingham, Mass.",equestrian,2019,42.2417669,-70.8897676
Lona Girardin,N,"Maui, Hawaii",equestrian,2019,20.8029568,-156.3106833
Leah Branstetter,LF/LF,"Pittsburgh, Pa.",equestrian,2019,40.4406968,-80.0025666
Teaghan Callaway,AWTC,"Lake Villa, Ill.",equestrian,2019,42.4169651,-88.0739708
Nancy Curtis,NF/F,"Seattle, Wash.",equestrian,2019,47.6038321,-122.330062
Melody Fu,PN,"Mountain Lakes, N.J.",equestrian,2019,40.8948212,-74.4329314
Tori Bergstein,NF/NF,"Charlotte, Vt.",equestrian,2019,44.3105141,-73.2531419
Shira Hornstein,RD,"Westwood, Mass.",equestrian,2019,42.2186913,-71.2233829
Sophia Arana,BWTC,"Miami, Fla.",equestrian,2019,25.7741566,-80.1935973
Claire Azar,OF,"Bethesda, Md.",equestrian,2019,38.9812726,-77.1233587
Yelyzaveta Begunova,AWTC,"Ottawa, Ontario",equestrian,2019,45.4208777,-75.6901106
Margot Luria,,"Gates Mills, Ohio",equestrian,2020,41.5181147,-81.4039538
Tamy Gomez-Ortigoza,Intro,"Mexico City, Mexico",equestrian,2020,19.3207722,-99.1514678
Sophie Kylander,LF/LF,"Hingham, Mass.",equestrian,2020,42.2417669,-70.8897676
Kate Kucharczuk,Intro,"Bryn Mawr, Pa.",equestrian,2020,40.0238245,-75.3173407
Sophia Kocher,AWTC,"Dover, Mass.",equestrian,2020,42.2452466,-71.2823588
Gemma Tung,LF,"Brookline, Mass.",equestrian,2020,42.332918,-71.1187829
Emily Slusher,,"Portland,  Ore.",equestrian,2020,45.5202471,-122.674194
Anna Sandell,IF,"Palo Alto, Calif.",equestrian,2020,37.4443293,-122.1598465
Sophie Pelzer,,"Yarrow Point, Wash.",equestrian,2020,47.64621,-122.2173461
Sabrina Jain,IF/NF,"Atherton, Calif.",equestrian,2020,37.453773,-122.2058272
Yelyzaveta Begunova,AWTC,"Ottawa, Ontario",equestrian,2020,45.4208777,-75.6901106
Tori Bergstein,IF/IF,"Charlotte, Vt.",equestrian,2020,44.3105141,-73.2531419
Nancy Curtis,IF/LF,"Seattle, Wash.",equestrian,2020,47.6038321,-122.330062
Claire Azar,OF,"Bethesda, Md.",equestrian,2020,38.9812726,-77.1233587
Lona Girardin,N,"Maui, Hawaii",equestrian,2020,20.8029568,-156.3106833
Sophia Arana,N,"Miami, Fla.",equestrian,2020,25.7741566,-80.1935973
Rachel Freer,,"Rolling Hills Estates, Calif.",equestrian,2020,33.7877943,-118.3581284
Melody Fu,PN,"Mountain Lakes, N.J.",equestrian,2020,40.8948212,-74.4329314
Teaghan Callaway,N,"Lake Villa, Ill.",equestrian,2020,42.4169651,-88.0739708
Leah Branstetter,LF/LF,"Pittsburgh, Pa.",equestrian,2020,40.4406968,-80.0025666
Shira Hornstein,IF/LF,"Westwood, Mass.",equestrian,2020,42.2186913,-71.2233829
Sophie Kylander,LF/LF,"Hingham, Mass.",equestrian,2021,42.2417669,-70.8897676
Erica Dunne,,"Chappaqua, N.Y.",equestrian,2021,41.157284,-73.7676998
Leah Branstetter,LF/LF,"Pittsburgh, Pa.",equestrian,2021,40.4406968,-80.0025666
Ellie Brown,,"Dallas, Texas",equestrian,2021,32.7762719,-96.7968559
Sabrina Jain,IF/NF,"Atherton, Calif.",equestrian,2021,37.453773,-122.2058272
Isabelle Lin,,"Lexington, Ky.",equestrian,2021,38.0464066,-84.4970393
Gemma Tung,LF,"Brookline, Mass.",equestrian,2021,42.332918,-71.1187829
Sophia Arana,N,"Miami, Fla.",equestrian,2021,25.7741566,-80.1935973
Chloe Terestchenko,,"New York, N.Y.",equestrian,2021,40.7127281,-74.0060152
Sophie Pelzer,,"Yarrow Point, Wash.",equestrian,2021,47.64621,-122.2173461
Grace Silverman,,"Menlo Park, Calif.",equestrian,2021,37.4519671,-122.177992
Tori Bergstein,IF/IF,"Charlotte, Vt.",equestrian,2021,44.3105141,-73.2531419
Rachel Freer,,"Rolling Hills Estates, Calif.",equestrian,2021,33.7877943,-118.3581284
Lona Girardin,N,"Maui, Hawaii",equestrian,2021,20.8029568,-156.3106833
Melody Fu,PN,"Mountain Lakes, N.J.",equestrian,2021,40.8948212,-74.4329314
Margot Luria,,"Gates Mills, Ohio",equestrian,2021,41.5181147,-81.4039538
Claire Azar,OF,"Bethesda, Md.",equestrian,2021,38.9812726,-77.1233587
Grace Silverman,,"Menlo Park, Calif.",equestrian,2022,37.4519671,-122.177992
Gemma Tung,,"Brookline, Mass.",equestrian,2022,42.332918,-71.1187829
Margot Luria,,"Gates Mills, Ohio",equestrian,2022,41.5181147,-81.4039538
Chloe Terestchenko,,"New York, N.Y.",equestrian,2022,40.7127281,-74.0060152
Alexa Strauss,,"Little Rock, Ark.",equestrian,2022,34.7465071,-92.2896267
Leah Branstetter,,"Pittsburgh, Pa.",equestrian,2022,40.4406968,-80.0025666
Lona Girardin,,"Maui, Hawaii",equestrian,2022,20.8029568,-156.3106833
Erica Dunne,,"Chappaqua, N.Y.",equestrian,2022,41.157284,-73.7676998
Isabelle Lin,,"Lexington, Ky.",equestrian,2022,38.0464066,-84.4970393
Ellie Brown,,"Dallas, Texas",equestrian,2022,32.7762719,-96.7968559
Melody Fu,,"Mountain Lakes, N.J.",equestrian,2022,40.8948212,-74.4329314
Claire Azar,,"Bethesda, Md.",equestrian,2022,38.9812726,-77.1233587
Jordan Rodgers,,"Silver Spring, Md.",equestrian,2022,38.9997621,-77.0240371
Rachel Freer,,"Rolling Hills Estates, Calif.",equestrian,2022,33.7877943,-118.3581284
Sophie Pelzer,,"Yarrow Point, Wash.",equestrian,2022,47.64621,-122.2173461
Grace Silverman,,"Menlo Park, Calif.",equestrian,2023,37.4519671,-122.177992
Ellie Brown,,"Dallas, Texas",equestrian,2023,32.7762719,-96.7968559
Alexa Strauss,,"Little Rock, Ark.",equestrian,2023,34.7465071,-92.2896267
Abby Niles,,"Sherborn, Mass.",equestrian,2023,42.2397842,-71.3701417
Margot Luria,,"Gates Mills, Ohio",equestrian,2023,41.5181147,-81.4039538
Samantha Takacs,,"Lebanon, N.J.",equestrian,2023,40.6417683,-74.8359987
Chloe Terestchenko,,"New York, N.Y.",equestrian,2023,40.7127281,-74.0060152
Jordan Rodgers,,"Silver Spring, Md.",equestrian,2023,38.9997621,-77.0240371
Riley Dickman,,"San Francisco, Calif.",equestrian,2023,37.7879363,-122.4075201
Rachel Freer,,"Rolling Hills Estates, Calif.",equestrian,2023,33.7877943,-118.3581284
Isabelle Lin,,"Lexington, Ky.",equestrian,2023,38.0464066,-84.4970393
Erica Dunne,,"Chappaqua, N.Y.",equestrian,2023,41.157284,-73.7676998
Mary Haferd,,"Cambridge, Mass.",equestrian,2023,42.3656347,-71.1040018
Cassidy Exner,,"Goffstown, N.H.",equestrian,2023,43.020445,-71.600257
Olivia Hochberg,,"Brookline, Mass.",equestrian,2023,42.332918,-71.1187829
Kileigh Van Ness,,"Ringwood, N.J.",equestrian,2024,41.113429,-74.2454254
Chloe Terestchenko,,"New York, N.Y.",equestrian,2024,40.7127281,-74.0060152
Samantha Takacs,,"Lebanon, N.J.",equestrian,2024,40.6417683,-74.8359987
Alexa Strauss,,"Little Rock, Ark.",equestrian,2024,34.7465071,-92.2896267
Elise Stephens,,"Whitefish Bay, Wisc.",equestrian,2024,43.1185591,-87.906804
Grace Silverman,,"Menlo Park, Calif.",equestrian,2024,37.4519671,-122.177992
May Lawson,,"Sheridan, Wyo.",equestrian,2024,44.7947537,-106.8222688
Ellie Brown,,"Dallas, Texas",equestrian,2024,32.7762719,-96.7968559
Olivia Hochberg,,"Brookline, Mass.",equestrian,2024,42.332918,-71.1187829
Mary Haferd,,"Cambridge, Mass.",equestrian,2024,42.3656347,-71.1040018
Cassidy Exner,,"Goffstown, N.H.",equestrian,2024,43.020445,-71.600257
Erica Dunne,,"Chappaqua, N.Y.",equestrian,2024,41.157284,-73.7676998
Isabelle Lin,,"Lexington, Ky.",equestrian,2024,38.0464066,-84.4970393
Jordan Rodgers,,"Silver Spring, Md.",equestrian,2024,38.9997621,-77.0240371
Riley Dickman,,"San Francisco, Calif.",equestrian,2024,37.7879363,-122.4075201
Kileigh Van Ness,,"Ringwood, N.J.",equestrian,2025,41.113429,-74.2454254
Lucinda Exner,,"Goffstown, N.H.",equestrian,2025,43.020445,-71.600257
Mary Haferd,,"Cambridge, Mass.",equestrian,2025,42.3656347,-71.1040018
Camilla Jerng,,"Woodside, Calif.",equestrian,2025,37.4280637,-122.2507435
Olivia Hochberg,,"Brookline, Mass.",equestrian,2025,42.332918,-71.1187829
Cassidy Exner,,"Goffstown, N.H.",equestrian,2025,43.020445,-71.600257
Jordan Rodgers,,"Silver Spring, Md.",equestrian,2025,38.9997621,-77.0240371
Grace Russo,,"Pasadena, Calif.",equestrian,2025,34.1476507,-118.144155
Alexa Strauss,,"Little Rock, Ark.",equestrian,2025,34.7465071,-92.2896267
Kileigh Van Ness,,"Ringwood, N.J.",equestrian,2026,41.113429,-74.2454254
Cassidy Exner,,"Goffstown, N.H.",equestrian,2026,43.020445,-71.600257
Lucinda Exner,,"Goffstown, N.H.",equestrian,2026,43.020445,-71.600257
Mary Haferd,,"Cambridge, Mass.",equestrian,2026,42.3656347,-71.1040018
Olivia Hochberg,,"Brookline, Mass.",equestrian,2026,42.332918,-71.1187829
Camilla Jerng,,"Woodside, Calif.",equestrian,2026,37.4280637,-122.2507435
Susanna Locklear,,"Exmore, VA",equestrian,2026,37.5318069,-75.8229914
Grace Russo,,"Pasadena, Calif.",equestrian,2026,34.1476507,-118.144155
Ellie Sadrian,,"Summit, N.J.",equestrian,2026,40.7182356,-74.3592296
Mia Thomasson,,"Huntsville, Alabama",equestrian,2026,34.729847,-86.5859011
James Hickok,GK,"Westport, Conn.",mens-soccer,2016,41.1414855,-73.3578955
Ricardo Gomez,D,"Doral, Fla.",mens-soccer,2016,25.8195424,-80.3553302
Alexander Marsh,M,"Plantation, Fla.",mens-soccer,2016,26.1275862,-80.2331036
Babacar Gadiaga,MF,"M'Bour, Senegal",mens-soccer,2016,14.4207396,-16.971484
Emmanuel Arteaga,M,"Escondido, Calif.",mens-soccer,2016,33.1216751,-117.0814849
Eduvie Ikoba,F,"Bettendorf, Iowa",mens-soccer,2016,41.5253792,-90.5098639
Wyatt Omsberg,D,"Scarborough, Maine",mens-soccer,2016,43.5899737,-70.3346065
Matt Greer,MF/F,"Chadds Ford, Pa.",mens-soccer,2016,39.872027,-75.5914213
Braden Salvati,MF/D,"Del Mar, Calif.",mens-soccer,2016,32.9594891,-117.2653146
James Handal,MF,"Malibu, Calif.",mens-soccer,2016,34.035591,-118.689423
Yima Asom,F/MF,"Fairview, Texas",mens-soccer,2016,33.1578325,-96.6318301
Devin Pierre,D,"White Plains, N.Y.",mens-soccer,2016,41.0339862,-73.7629097
Justin Donawa,MF,"Sandys, Bermuda",mens-soccer,2016,32.3005142,-64.8697448
Henry Stusnick,GK,"Chatham, N.J.",mens-soccer,2016,40.7409242,-74.3836711
Noah Paravicini,MF,"Petaluma, Calif.",mens-soccer,2016,38.2325829,-122.636465
Nick Ford,M,"Ann Arbor, Mich.",mens-soccer,2016,42.2813722,-83.7484616
Amadu Kunateh,MF,"Lynn, Mass.",mens-soccer,2016,42.466763,-70.9494939
Jordan McNair,D,"Westport, Conn.",mens-soccer,2016,41.1414855,-73.3578955
Zach Kalk,MF,"North York, Ontario",mens-soccer,2016,43.7543217,-79.4491057
Max Lurie,GK,"South Orange, N.J.",mens-soccer,2016,40.7474966,-74.2635376
Tyler Dowse,D/MF,"Senoia, Ga.",mens-soccer,2016,33.3011663,-84.5540046
Brendan Barth,M,"Hanover, N.H.",mens-soccer,2016,43.7023545,-72.2892164
Will Chisholm,F,"Atherton, Calif.",mens-soccer,2016,37.453773,-122.2058272
Matt Danilack,MF,"Rockville, Md.",mens-soccer,2016,39.0817985,-77.1516844
Henry Baldwin,D,"Poulsbo, Wash.",mens-soccer,2016,47.7391366,-122.63928
Max Heffron,F/D,"Brooksville, N.Y.",mens-soccer,2016,44.3953548,-68.7105833
Jesse Scanlon,D,"Southampton, N.Y.",mens-soccer,2016,40.8842482,-72.3897131
Henry Stusnick,GK,"Chatham, N.J.",mens-soccer,2017,40.7409242,-74.3836711
Braden Salvati,MF/D,"Del Mar, Calif.",mens-soccer,2017,32.9594891,-117.2653146
Wyatt Omsberg,D,"Scarborough, Maine",mens-soccer,2017,43.5899737,-70.3346065
Henry Baldwin,D,"Poulsbo, Wash.",mens-soccer,2017,47.7391366,-122.63928
Noah Paravicini,MF,"Petaluma, Calif.",mens-soccer,2017,38.2325829,-122.636465
Max Lurie,GK,"South Orange, N.J.",mens-soccer,2017,40.7474966,-74.2635376
Max Heffron,F/D,"Brooksville, N.Y.",mens-soccer,2017,44.3953548,-68.7105833
Zach Kalk,MF,"North York, Ontario",mens-soccer,2017,43.7543217,-79.4491057
Yima Asom,F/MF,"Fairview, Texas",mens-soccer,2017,33.1578325,-96.6318301
Jesse Scanlon,D,"Southampton, N.Y.",mens-soccer,2017,40.8842482,-72.3897131
Amadu Kunateh,MF,"Lynn, Mass.",mens-soccer,2017,42.466763,-70.9494939
Steven Hadley,MF,"North Caldwell, N.J.",mens-soccer,2017,40.8648215,-74.2582027
Eduvie Ikoba,F,"Bettendorf, Iowa",mens-soccer,2017,41.5253792,-90.5098639
Justin Donawa,MF,"Sandys, Bermuda",mens-soccer,2017,32.3005142,-64.8697448
Jordan McNair,D,"Westport, Conn.",mens-soccer,2017,41.1414855,-73.3578955
Matthew Ranieri,D,"Natick, Mass.",mens-soccer,2017,42.2836393,-71.346996
Kota Sakurai,MF,"Yokohama, Japan",mens-soccer,2017,35.4503381,139.6343802
Will Chisholm,F,"Atherton, Calif.",mens-soccer,2017,37.453773,-122.2058272
Tiger Graham,F,"Paoli, Pa.",mens-soccer,2017,40.0405675,-75.4927891
Aaron Schwartz,GK,"Berwyn, Pa.",mens-soccer,2017,40.0477701,-75.4421325
Christopher Palacios,GK,"Arlington, Va.",mens-soccer,2017,38.8769326,-77.0893094
Tyler Dowse,D/MF,"Senoia, Ga.",mens-soccer,2017,33.3011663,-84.5540046
Kennedy Davis,MF,"Birmingham, Ala.",mens-soccer,2017,33.5206824,-86.8024326
Matt Danilack,MF,"Rockville, Md.",mens-soccer,2017,39.0817985,-77.1516844
Babacar Gadiaga,MF,"M'Bour, Senegal",mens-soccer,2017,14.4207396,-16.971484
Patrick Murphy,F,"Los Angeles, Calif.",mens-soccer,2017,34.0536909,-118.242766
Dawson McCartney,MF,"Voorhees, N.J.",mens-soccer,2017,39.8512162,-74.9619779
Aron Rudich,MF,"Los Alamitos, Calif.",mens-soccer,2017,33.8038865,-118.0772433
Henry Stusnick,GK,"Chatham, N.J.",mens-soccer,2018,40.7409242,-74.3836711
Alex Budnik,GK,"Arlington Heights, Ill.",mens-soccer,2018,42.0811563,-87.9802164
Max Lurie,GK,"South Orange, N.J.",mens-soccer,2018,40.7474966,-74.2635376
Braden Salvati,MF/D,"Del Mar, Calif.",mens-soccer,2018,32.9594891,-117.2653146
Matthew Ranieri,D,"Natick, Mass.",mens-soccer,2018,42.2836393,-71.346996
Noah Paravicini,MF,"Petaluma, Calif.",mens-soccer,2018,38.2325829,-122.636465
Henry Baldwin,D,"Poulsbo, Wash.",mens-soccer,2018,47.7391366,-122.63928
Max Heffron,F/D,"Brooksville, N.Y.",mens-soccer,2018,44.3953548,-68.7105833
Eduvie Ikoba,F,"Bettendorf, Iowa",mens-soccer,2018,41.5253792,-90.5098639
Matt Pickering,D,"Heathfield, England",mens-soccer,2018,50.9717443,0.2517025
Yima Asom,F/MF,"Fairview, Texas",mens-soccer,2018,33.1578325,-96.6318301
Ahria Simons,D,"Pembroke, Bermuda",mens-soccer,2018,32.3016221,-64.7900055
Babacar Gadiaga,MF,"M'Bour, Senegal",mens-soccer,2018,14.4207396,-16.971484
Dawson McCartney,MF,"Voorhees, N.J.",mens-soccer,2018,39.8512162,-74.9619779
Amadu Kunateh,MF,"Lynn, Mass.",mens-soccer,2018,42.466763,-70.9494939
Justin Donawa,MF,"Sandys, Bermuda",mens-soccer,2018,32.3005142,-64.8697448
Kota Sakurai,MF,"Yokohama, Japan",mens-soccer,2018,35.4503381,139.6343802
Zach Kalk,MF,"North York, Ontario",mens-soccer,2018,43.7543217,-79.4491057
Garrett Scott,D,"Dallas, Texas",mens-soccer,2018,32.7762719,-96.7968559
Mothibi Penn-Kekana,D,"London, England",mens-soccer,2018,51.5074456,-0.1277653
Will Chisholm,F,"Atherton, Calif.",mens-soccer,2018,37.453773,-122.2058272
Ohad Yahalom,MF,"Brookline, Mass.",mens-soccer,2018,42.332918,-71.1187829
Tiger Graham,F,"Paoli, Pa.",mens-soccer,2018,40.0405675,-75.4927891
Jonny Nierenberg,D/MF,"Sand Point, N.Y.",mens-soccer,2018,44.3064415,-73.9812121
Christopher Palacios,GK,"Arlington, Va.",mens-soccer,2018,38.8769326,-77.0893094
Kennedy Davis,MF,"Birmingham, Ala.",mens-soccer,2018,33.5206824,-86.8024326
Steven Hadley,MF,"North Caldwell, N.J.",mens-soccer,2018,40.8648215,-74.2582027
Jordan Bailon,D,"Armonk, N.Y.",mens-soccer,2018,41.132973,-73.7126064
Aaron Schwartz,GK,"Berwyn, Pa.",mens-soccer,2018,40.0477701,-75.4421325
Patrick Murphy,F,"Los Angeles, Calif.",mens-soccer,2018,34.0536909,-118.242766
Jordan McNair,D,"Westport, Conn.",mens-soccer,2018,41.1414855,-73.3578955
Aron Rudich,MF,"Los Alamitos, Calif.",mens-soccer,2018,33.8038865,-118.0772433
Jesse Scanlon,D,"Southampton, N.Y.",mens-soccer,2018,40.8842482,-72.3897131
Alex Budnik,GK,"Arlington Heights, Ill.",mens-soccer,2019,42.0811563,-87.9802164
Henry Stusnick,GK,"Chatham, N.J.",mens-soccer,2019,40.7409242,-74.3836711
Braden Salvati,MF/D,"Del Mar, Calif.",mens-soccer,2019,32.9594891,-117.2653146
Matthew Ranieri,D,"Natick, Mass.",mens-soccer,2019,42.2836393,-71.346996
Clayton Molter,F,"Manhattan Beach, Calif.",mens-soccer,2019,33.8872777,-118.4104324
Henry Baldwin,D,"Poulsbo, Wash.",mens-soccer,2019,47.7391366,-122.63928
Pedro Campos,MF,"Sao Paulo, Brazil",mens-soccer,2019,-23.5506507,-46.6333824
Alex van Schalkwyk,F,"Cape Town, South Africa.",mens-soccer,2019,-33.9288301,18.4172197
Garrett Socas,MF,"Mclean, Va.",mens-soccer,2019,38.9366852,-77.185843
Ahria Simons,D,"Pembroke, Bermuda",mens-soccer,2019,32.3016221,-64.7900055
Jack Casey,MF,"Tampa, Fla.",mens-soccer,2019,27.9449854,-82.4583107
Matt Pickering,D,"Heathfield, England",mens-soccer,2019,50.9717443,0.2517025
Garrett Scott,D,"Dallas, Texas",mens-soccer,2019,32.7762719,-96.7968559
Dawson McCartney,MF,"Voorhees, N.J.",mens-soccer,2019,39.8512162,-74.9619779
Jesse Scanlon,MF,"Southampton, N.Y.",mens-soccer,2019,40.8842482,-72.3897131
Kota Sakurai,MF,"Yokohama, Japan",mens-soccer,2019,35.4503381,139.6343802
Brian Kot,MF,Hong Kong,mens-soccer,2019,22.2818333,114.1582831
Mothibi Penn-Kekana,D,"London, England",mens-soccer,2019,51.5074456,-0.1277653
Will Chisholm,F,"Atherton, Calif.",mens-soccer,2019,37.453773,-122.2058272
Ohad Yahalom,MF,"Brookline, Mass.",mens-soccer,2019,42.332918,-71.1187829
Tiger Graham,F,"Paoli, Pa.",mens-soccer,2019,40.0405675,-75.4927891
George Altirs,F,"Saddle River, N.J.",mens-soccer,2019,41.0317637,-74.1020866
Christopher Palacios,GK,"Arlington, Va.",mens-soccer,2019,38.8769326,-77.0893094
Kennedy Davis,MF,"Birmingham, Ala.",mens-soccer,2019,33.5206824,-86.8024326
David Alino,F,"Stratford, Conn.",mens-soccer,2019,41.1923646,-73.1304917
Eric Sachleben,MF,"San Francisco, Calif.",mens-soccer,2019,37.7879363,-122.4075201
Patrick Murphy,F,"Los Angeles, Calif.",mens-soccer,2019,34.0536909,-118.242766
Jordan Bailon,D,"Armonk, N.Y.",mens-soccer,2019,41.132973,-73.7126064
Aaron Schwartz,MF/D,"Berwyn, Pa.",mens-soccer,2019,40.0477701,-75.4421325
Zach Kalk,MF,"North York, Ontario",mens-soccer,2019,43.7543217,-79.4491057
Aron Rudich,MF,"Los Alamitos, Calif.",mens-soccer,2019,33.8038865,-118.0772433
Steven Hadley,MF,"North Caldwell, N.J.",mens-soccer,2019,40.8648215,-74.2582027
David Alino,F,"Stratford, Conn.",mens-soccer,2020,41.1923646,-73.1304917
Tom Collins,MF,"Willingdon, England",mens-soccer,2020,50.8004213,0.2501166
Quentin Chisholm,F/MF,"Atherton, Calif.",mens-soccer,2020,37.453773,-122.2058272
Clayton Molter,F,"Manhattan Beach, Calif.",mens-soccer,2020,33.8872777,-118.4104324
Kasper Karlsson,MF,"Stockholm, Sweden",mens-soccer,2020,59.3251172,18.0710935
Alex Budnik,GK,"Arlington Heights, Ill.",mens-soccer,2020,42.0811563,-87.9802164
Matthew Ranieri,D,"Natick, Mass.",mens-soccer,2020,42.2836393,-71.346996
Ahria Simons,D,"Pembroke, Bermuda",mens-soccer,2020,32.3016221,-64.7900055
Garrett Socas,MF,"Mclean, Va.",mens-soccer,2020,38.9366852,-77.185843
Kota Sakurai,MF,"Yokohama, Japan",mens-soccer,2020,35.4503381,139.6343802
Dawson McCartney,MF,"Voorhees, N.J.",mens-soccer,2020,39.8512162,-74.9619779
Alex van Schalkwyk,F,"Cape Town, South Africa.",mens-soccer,2020,-33.9288301,18.4172197
Brian Kot,MF,Hong Kong,mens-soccer,2020,22.2818333,114.1582831
Pedro Campos,MF,"Sao Paulo, Brazil",mens-soccer,2020,-23.5506507,-46.6333824
Matt Pickering,D,"Heathfield, England",mens-soccer,2020,50.9717443,0.2517025
Daniel Coons,D,"Upper Arlington, Ohio",mens-soccer,2020,40.0073887,-83.0581647
Christopher Palacios,GK,"Arlington, Va.",mens-soccer,2020,38.8769326,-77.0893094
Kennedy Davis,MF,"Birmingham, Ala.",mens-soccer,2020,33.5206824,-86.8024326
Cade Keesling,MF,"Woodbury, Minn.",mens-soccer,2020,44.919896,-92.9339449
Tiger Graham,F,"Paoli, Pa.",mens-soccer,2020,40.0405675,-75.4927891
Jordan Bailon,D,"Armonk, N.Y.",mens-soccer,2020,41.132973,-73.7126064
Mothibi Penn-Kekana,D,"London, England",mens-soccer,2020,51.5074456,-0.1277653
Ohad Yahalom,MF,"Brookline, Mass.",mens-soccer,2020,42.332918,-71.1187829
Aaron Schwartz,MF/D,"Berwyn, Pa.",mens-soccer,2020,40.0477701,-75.4421325
Patrick Murphy,F,"Los Angeles, Calif.",mens-soccer,2020,34.0536909,-118.242766
Eric Sachleben,MF,"San Francisco, Calif.",mens-soccer,2020,37.7879363,-122.4075201
Orrett Maine,MF,"Atlanta, Ga.",mens-soccer,2020,33.7544657,-84.3898151
Aron Rudich,MF,"Los Alamitos, Calif.",mens-soccer,2020,33.8038865,-118.0772433
Steven Hadley,MF,"North Caldwell, N.J.",mens-soccer,2020,40.8648215,-74.2582027
Garrett Scott,D,"Dallas, Texas",mens-soccer,2020,32.7762719,-96.7968559
George Altirs,F,"Saddle River, N.J.",mens-soccer,2020,41.0317637,-74.1020866
Daniel Coons,D,"Upper Arlington, Ohio",mens-soccer,2021,40.0073887,-83.0581647
Dylan Buchanan,GK,"Marietta, Ga.",mens-soccer,2021,33.952845,-84.5496054
Costi Christodoulou,GK,"Gauteng, South Africa",mens-soccer,2021,-25.9363439,28.0813105
Louis Weisdorf,D,"Copenhagen, Denmark",mens-soccer,2021,55.6867243,12.5700724
Ben Jenkins,MF,"Newburyport, Mass.",mens-soccer,2021,42.8116592,-70.8719271
Clayton Molter,F,"Manhattan Beach, Calif.",mens-soccer,2021,33.8872777,-118.4104324
Alex Budnik,GK,"Arlington Heights, Ill.",mens-soccer,2021,42.0811563,-87.9802164
Pedro Campos,MF,"Sao Paulo, Brazil",mens-soccer,2021,-23.5506507,-46.6333824
Ahria Simons,D,"Pembroke, Bermuda",mens-soccer,2021,32.3016221,-64.7900055
Kristian Feed,MF,"Sandnes, Norway",mens-soccer,2021,58.9831321,6.394641
Alex van Schalkwyk,F,"Cape Town, South Africa.",mens-soccer,2021,-33.9288301,18.4172197
Andrew Ellis,MF,"Minneapolis, Minn.",mens-soccer,2021,44.9772995,-93.2654692
David Alino,F,"Stratford, Conn.",mens-soccer,2021,41.1923646,-73.1304917
Garrett Socas,MF,"Mclean, Va.",mens-soccer,2021,38.9366852,-77.185843
Kasper Karlsson,MF,"Stockholm, Sweden",mens-soccer,2021,59.3251172,18.0710935
Phineas Callahan,MF,"Norwalk, Conn.",mens-soccer,2021,41.1175966,-73.4078968
Jonathan Preston,MF,"Brentwood, Tenn.",mens-soccer,2021,36.0325687,-86.7825235
Orrett Maine,MF,"Atlanta, Ga.",mens-soccer,2021,33.7544657,-84.3898151
Jordan Bailon,D,"Armonk, N.Y.",mens-soccer,2021,41.132973,-73.7126064
Mothibi Penn-Kekana,D,"London, England",mens-soccer,2021,51.5074456,-0.1277653
Cade Keesling,MF,"Woodbury, Minn.",mens-soccer,2021,44.919896,-92.9339449
Ohad Yahalom,MF,"Brookline, Mass.",mens-soccer,2021,42.332918,-71.1187829
Tom Collins,MF,"Willingdon, England",mens-soccer,2021,50.8004213,0.2501166
Trevor Gee,MF,"Charlotte, N.C.",mens-soccer,2021,35.2272086,-80.8430827
George Altirs,F,"Saddle River, N.J.",mens-soccer,2021,41.0317637,-74.1020866
Matt Pickering,D,"Heathfield, England",mens-soccer,2021,50.9717443,0.2517025
David Mysiuk,D,"Bourbonnais, Ill.",mens-soccer,2021,41.1639309,-87.8839693
Garrett Scott,D,"Dallas, Texas",mens-soccer,2021,32.7762719,-96.7968559
Quentin Chisholm,F/MF,"Atherton, Calif.",mens-soccer,2021,37.453773,-122.2058272
Eric Sachleben,MF,"San Francisco, Calif.",mens-soccer,2021,37.7879363,-122.4075201
Patrick Murphy,F,"Los Angeles, Calif.",mens-soccer,2021,34.0536909,-118.242766
Louis Weisdorf,D,"Copenhagen, Denmark",mens-soccer,2022,55.6867243,12.5700724
Ben Jenkins,MF,"Newburyport, Mass.",mens-soccer,2022,42.8116592,-70.8719271
Daniel Coons,D,"Upper Arlington, Ohio",mens-soccer,2022,40.0073887,-83.0581647
Pedro Campos,MF,"Sao Paulo, Brazil",mens-soccer,2022,-23.5506507,-46.6333824
Andrew Ellis,MF,"Minneapolis, Minn.",mens-soccer,2022,44.9772995,-93.2654692
Kasper Karlsson,MF,"Stockholm, Sweden",mens-soccer,2022,59.3251172,18.0710935
Dylan Buchanan,GK,"Marietta, Ga.",mens-soccer,2022,33.952845,-84.5496054
Garrett Socas,MF,"Mclean, Va.",mens-soccer,2022,38.9366852,-77.185843
David Alino,F,"Stratford, Conn.",mens-soccer,2022,41.1923646,-73.1304917
Garrett Scott,D,"Dallas, Texas",mens-soccer,2022,32.7762719,-96.7968559
Phineas Callahan,MF,"Norwalk, Conn.",mens-soccer,2022,41.1175966,-73.4078968
Alex van Schalkwyk,F,"Cape Town, South Africa.",mens-soccer,2022,-33.9288301,18.4172197
Ethan McNab,GK,"Geneva, Switzerland",mens-soccer,2022,46.2017559,6.1466014
Costi Christodoulou,GK,"Gauteng, South Africa",mens-soccer,2022,-25.9363439,28.0813105
Oskar Magnusson,MF,"Reykjavík, Iceland",mens-soccer,2022,64.145981,-21.9422367
Matt McPherson,GK,"Denver, Colo.",mens-soccer,2022,39.7392364,-104.984862
Cade Keesling,MF,"Woodbury, Minn.",mens-soccer,2022,44.919896,-92.9339449
George Altirs,F,"Saddle River, N.J.",mens-soccer,2022,41.0317637,-74.1020866
Sam Fenton,D,"Mount Laurel, N.J.",mens-soccer,2022,39.934002,-74.8909988
Trevor Gee,MF,"Charlotte, N.C.",mens-soccer,2022,35.2272086,-80.8430827
David Mysiuk,D,"Bourbonnais, Ill.",mens-soccer,2022,41.1639309,-87.8839693
James Wilson,F,"Toronto, Ontario",mens-soccer,2022,43.6534817,-79.3839347
Eric Sachleben,MF,"San Francisco, Calif.",mens-soccer,2022,37.7879363,-122.4075201
Tom Collins,MF,"Willingdon, England",mens-soccer,2022,50.8004213,0.2501166
Orrett Maine,MF,"Atlanta, Ga.",mens-soccer,2022,33.7544657,-84.3898151
Raul Vargas,MF,"Atenas, Costa Rica",mens-soccer,2022,9.9794934,-84.3990263
Sebastián Mañón,D,"Santo Domingo, Dominican Republic",mens-soccer,2022,18.4713858,-69.8918436
Fallou Ndiaye,F,"New York, N.Y.",mens-soccer,2022,40.7127281,-74.0060152
Jonathan Preston,MF,"Brentwood, Tenn.",mens-soccer,2022,36.0325687,-86.7825235
Kristian Feed,MF,"Sandnes, Norway",mens-soccer,2022,58.9831321,6.394641
Daniel Coons,D,"Upper Arlington, Ohio",mens-soccer,2023,40.0073887,-83.0581647
Alexis Huneau,D,"Paris, France",mens-soccer,2023,48.8534951,2.3483915
Vasilis Moiras,F,"Agios Stefanos, Athens, Greece",mens-soccer,2023,38.1410051,23.8575845
Douglas Arveskär,F,"Stockholm, Sweden",mens-soccer,2023,59.3251172,18.0710935
Oskar Magnusson,M,"Reykjavík, Iceland",mens-soccer,2023,64.145981,-21.9422367
Costi Christodoulou,GK,"Gauteng, South Africa",mens-soccer,2023,-25.9363439,28.0813105
Fallou Ndiaye,F,"New York, N.Y.",mens-soccer,2023,40.7127281,-74.0060152
Trenton Blake,F,"Tallahassee, Fla.",mens-soccer,2023,30.4380832,-84.2809332
James Wilson,F,"Toronto, Ontario",mens-soccer,2023,43.6534817,-79.3839347
Kristian Feed,M,"Sandnes, Norway",mens-soccer,2023,58.9831321,6.394641
Phineas Callahan,M,"Norwalk, Conn.",mens-soccer,2023,41.1175966,-73.4078968
Ben Jenkins,M,"Newburyport, Mass.",mens-soccer,2023,42.8116592,-70.8719271
Dylan Buchanan,GK,"Marietta, Ga.",mens-soccer,2023,33.952845,-84.5496054
Andrew Ellis,M,"Minneapolis, Minn.",mens-soccer,2023,44.9772995,-93.2654692
Jonathan Preston,M,"Brentwood, Tenn.",mens-soccer,2023,36.0325687,-86.7825235
Will Lulka,F,"New York, N.Y.",mens-soccer,2023,40.7127281,-74.0060152
Cameron Brayne,F,"London, England",mens-soccer,2023,51.5074456,-0.1277653
Sam Fenton,D,"Mount Laurel, N.J.",mens-soccer,2023,39.934002,-74.8909988
Trevor Gee,M,"Charlotte, N.C.",mens-soccer,2023,35.2272086,-80.8430827
Raul Vargas,M,"Atenas, Costa Rica",mens-soccer,2023,9.9794934,-84.3990263
Aidan Curtis,F,"Chappaqua, N.Y.",mens-soccer,2023,41.157284,-73.7676998
Cade Keesling,M,"Woodbury, Minn.",mens-soccer,2023,44.919896,-92.9339449
Matt McPherson,GK,"Denver, Colo.",mens-soccer,2023,39.7392364,-104.984862
Sebastián Mañón,D,"Santo Domingo, Dominican Republic",mens-soccer,2023,18.4713858,-69.8918436
Orrett Maine,M,"Atlanta, Ga.",mens-soccer,2023,33.7544657,-84.3898151
David Mysiuk,D,"Bourbonnais, Ill.",mens-soccer,2023,41.1639309,-87.8839693
Tom Collins,M,"Willingdon, England",mens-soccer,2023,50.8004213,0.2501166
Nick Kashambuzi,,"Jersey City, N.J.",mens-soccer,2024,40.7215682,-74.047455
Trenton Blake,F,"Tallahassee, Fla.",mens-soccer,2024,30.4380832,-84.2809332
Ben Jenkins,M,"Newburyport, Mass.",mens-soccer,2024,42.8116592,-70.8719271
Dylan Buchanan,GK,"Marietta, Ga.",mens-soccer,2024,33.952845,-84.5496054
Panagiotis Karagiorgis,D,"Larnaca, Cyprus",mens-soccer,2024,34.9236095,33.6236184
Andrew Ellis,M,"Minneapolis, Minn.",mens-soccer,2024,44.9772995,-93.2654692
Alexis Huneau,D,"Paris, France",mens-soccer,2024,48.8534951,2.3483915
Symeon Hadjigeorgiou,M,"Nicosia, Cyprus",mens-soccer,2024,35.1746503,33.3638783
Vasilis Moiras,F,"Agios Stefanos, Athens, Greece",mens-soccer,2024,38.1410051,23.8575845
Douglas Arveskär,F,"Stockholm, Sweden",mens-soccer,2024,59.3251172,18.0710935
Kristian Feed,M,"Sandnes, Norway",mens-soccer,2024,58.9831321,6.394641
Phineas Callahan,M/F,"Norwalk, Conn.",mens-soccer,2024,41.1175966,-73.4078968
Costi Christodoulou,GK,"Gauteng, South Africa",mens-soccer,2024,-25.9363439,28.0813105
Konstantinos Dellas,GK,"Thrakomakedones, Athens, Greece",mens-soccer,2024,38.1294473,23.7573686
Marios Tziortzis,F,"Larnaca, Cyprus",mens-soccer,2024,34.9236095,33.6236184
Oskar Magnusson,M,"Reykjavík, Iceland",mens-soccer,2024,64.145981,-21.9422367
Sebastián Mañón,D,"Santo Domingo, Dominican Republic",mens-soccer,2024,18.4713858,-69.8918436
Fallou Ndiaye,F,"New York, N.Y.",mens-soccer,2024,40.7127281,-74.0060152
Raphael Oppong Owusu,M,"Sunyani, Ghana",mens-soccer,2024,7.3384389,-2.3309226
Cameron Brayne,F,"London, England",mens-soccer,2024,51.5074456,-0.1277653
Matt McPherson,GK,"Denver, Colo.",mens-soccer,2024,39.7392364,-104.984862
Will Lulka,F,"New York, N.Y.",mens-soccer,2024,40.7127281,-74.0060152
Sam Fenton,D,"Mount Laurel, N.J.",mens-soccer,2024,39.934002,-74.8909988
James Wilson,F,"Toronto, Ontario",mens-soccer,2024,43.6534817,-79.3839347
Raul Vargas,M,"Atenas, Costa Rica",mens-soccer,2024,9.9794934,-84.3990263
Orrett Maine,M/D,"Atlanta, Ga.",mens-soccer,2024,33.7544657,-84.3898151
David Mysiuk,D,"Bourbonnais, Ill.",mens-soccer,2024,41.1639309,-87.8839693
Jonathan Preston,M/D,"Brentwood, Tenn.",mens-soccer,2024,36.0325687,-86.7825235
Eidur Baldvinsson,F,"Garðabær, Iceland",mens-soccer,2024,64.0880255,-21.9193961
Noah Sams,F,"Tampa, Fla.",mens-soccer,2025,27.9449854,-82.4583107
Panagiotis Karagiorgis,D,"Larnaca, Cyprus",mens-soccer,2025,34.9236095,33.6236184
Symeon Hadjigeorgiou,M,"Nicosia, Cyprus",mens-soccer,2025,35.1746503,33.3638783
Nick Kashambuzi,M,"Jersey City, N.J.",mens-soccer,2025,40.7215682,-74.047455
Daniel Carey-Evans,D,"Cambridge, United Kingdom",mens-soccer,2025,52.1975846,0.1391537
Trenton Blake,F,"Tallahassee, Fla.",mens-soccer,2025,30.4380832,-84.2809332
Konstantinos Dellas,GK,"Thrakomakedones, Athens, Greece",mens-soccer,2025,38.1294473,23.7573686
Olly Spicer,M,"Buckinghamshire, England",mens-soccer,2025,51.840894,-0.8998074
TJ Jeffreys,GK,"Naples, Fla.",mens-soccer,2025,26.1421976,-81.7942944
Vasilis Moiras,F,"Agios Stefanos, Athens, Greece",mens-soccer,2025,38.1410051,23.8575845
Alexis Huneau,D,"Paris, France",mens-soccer,2025,48.8534951,2.3483915
Marios Tziortzis,F,"Larnaca, Cyprus",mens-soccer,2025,34.9236095,33.6236184
Benny Rolla-Mullis,D,"Ann Arbor, Mich.",mens-soccer,2025,42.2813722,-83.7484616
Douglas Arveskär,F,"Stockholm, Sweden",mens-soccer,2025,59.3251172,18.0710935
Oskar Magnusson,M,"Reykjavík, Iceland",mens-soccer,2025,64.145981,-21.9422367
Raphael Oppong Owusu,M,"Sunyani, Ghana",mens-soccer,2025,7.3384389,-2.3309226
Hudson Kohler,D,"Woodside, Calif.",mens-soccer,2025,37.4280637,-122.2507435
Raul Vargas,M,"Atenas, Costa Rica",mens-soccer,2025,9.9794934,-84.3990263
Will Lulka,F,"New York, N.Y.",mens-soccer,2025,40.7127281,-74.0060152
Ben Bilden,F,"New Canaan, Conn.",mens-soccer,2025,41.146763,-73.4948446
Cameron Brayne,M,"London, England",mens-soccer,2025,51.5074456,-0.1277653
Sam Fenton,D,"Mount Laurel, N.J.",mens-soccer,2025,39.934002,-74.8909988
Sebastián Mañón,D,"Santo Domingo, Dominican Republic",mens-soccer,2025,18.4713858,-69.8918436
Milo Peters,M,"Dubai, United Arab Emirates",mens-soccer,2025,25.0742823,55.1885624
Eidur Baldvinsson,F,"Garðabær, Iceland",mens-soccer,2025,64.0880255,-21.9193961
Matt McPherson,GK,"Denver, Colo.",mens-soccer,2025,39.7392364,-104.984862
James Wilson,F,"Toronto, Ontario",mens-soccer,2025,43.6534817,-79.3839347
Bo Robbins,M,"Nashville, Tenn.",mens-soccer,2026,36.1622767,-86.7742984
Darryl Hage,CB,"Pittsfield, Mass.",mens-soccer,2026,42.4484778,-73.2541069
Eli Granda,M,"Salisbury, Mass.",mens-soccer,2026,42.8418855,-70.8602328
Eidur Baldvinsson,F,"Garðabær, Iceland",mens-soccer,2026,64.0880255,-21.9193961
Raphael Oppong Owusu,M,"Sunyani, Ghana",mens-soccer,2026,7.3384389,-2.3309226
Milo Peters,M,"Dubai, United Arab Emirates",mens-soccer,2026,25.0742823,55.1885624
Hudson Kohler,D,"Woodside, Calif.",mens-soccer,2026,37.4280637,-122.2507435
Will Lulka,F,"New York, N.Y.",mens-soccer,2026,40.7127281,-74.0060152
Owen Anderson,F,"Parker, Colo.",mens-soccer,2026,39.5184514,-104.7612638
Nicholas Greer,C/RB,"York, Pa.",mens-soccer,2026,39.962493,-76.7276989
Noah Sams,F,"Tampa, Fla.",mens-soccer,2026,27.9449854,-82.4583107
Cameron Brayne,M,"London, England",mens-soccer,2026,51.5074456,-0.1277653
Benny Rolla-Mullis,D,"Ann Arbor, Mich.",mens-soccer,2026,42.2813722,-83.7484616
Symeon Hadjigeorgiou,M,"Nicosia, Cyprus",mens-soccer,2026,35.1746503,33.3638783
Trenton Blake,F,"Tallahassee, Fla.",mens-soccer,2026,30.4380832,-84.2809332
Vasilis Moiras,F,"Agios Stefanos, Athens, Greece",mens-soccer,2026,38.1410051,23.8575845
Douglas Arveskär,F,"Stockholm, Sweden",mens-soccer,2026,59.3251172,18.0710935
Olly Spicer,M,"Buckinghamshire, England",mens-soccer,2026,51.840894,-0.8998074
Ben Bilden,F,"New Canaan, Conn.",mens-soccer,2026,41.146763,-73.4948446
Panagiotis Karagiorgis,D,"Larnaca, Cyprus",mens-soccer,2026,34.9236095,33.6236184
Nick Kashambuzi,M,"Jersey City, N.J.",mens-soccer,2026,40.7215682,-74.047455
Daniel Carey-Evans,D,"Cambridge, United Kingdom",mens-soccer,2026,52.1975846,0.1391537
Alexis Huneau,D,"Paris, France",mens-soccer,2026,48.8534951,2.3483915
Konstantinos Dellas,GK,"Thrakomakedones, Athens, Greece",mens-soccer,2026,38.1294473,23.7573686
TJ Jeffreys,GK,"Naples, Fla.",mens-soccer,2026,26.1421976,-81.7942944
Nicholas Brown,GK,"Winter Garden, Fla.",mens-soccer,2026,28.5656649,-81.5856742
Marios Tziortzis,F,"Larnaca, Cyprus",mens-soccer,2026,34.9236095,33.6236184
Mason Wegener,DISTANCE,"Eugene, Ore.",mens-cross-country,2016,44.0505054,-123.0950506
Dominic Carrese,DISTANCE,"Colorado Springs, Colo.",mens-cross-country,2016,38.8339578,-104.825348
Pat Gregory,DISTANCE,"Louisville, Ky.",mens-cross-country,2016,38.2542376,-85.759407
Quinn Cooney,DISTANCE,"Chelmsford, Mass.",mens-cross-country,2016,42.5968617,-71.3517602
Sean Laverty,DISTANCE,"Cumberland, R.I.",mens-cross-country,2016,41.9667656,-71.4328363
Nat Adams,DISTANCE,"Lexington, Mass.",mens-cross-country,2016,42.4473175,-71.2245003
Miles Irish,DISTANCE,"Palos Verdes Estates, Calif.",mens-cross-country,2016,33.7872386,-118.401813
Kyle Dotterrer,DISTANCE,"Traverse City, Mich.",mens-cross-country,2016,44.7606481,-85.6165976
Everest Crawford,DISTANCE,"Gloucester, Mass.",mens-cross-country,2016,42.6153595,-70.6624608
Julian Heninger,DISTANCE,"Lake Oswego, Ore.",mens-cross-country,2016,45.4206749,-122.670649
Connor Clark,DISTANCE,"Mill Valley, Calif.",mens-cross-country,2016,37.9060368,-122.5449763
Sander Kushen,DISTANCE,"Coto de Caza, Calif.",mens-cross-country,2016,33.6013399,-117.5856235
Reed Horton,DISTANCE,"San Francisco, Calif.",mens-cross-country,2016,37.7879363,-122.4075201
Alex Montague,DISTANCE,"Newton, Mass.",mens-cross-country,2016,42.3300435,-71.194862
Benjamin Szuhaj,DISTANCE,"Glenside, Pa.",mens-cross-country,2016,40.103196,-75.1515534
Matt Herzig,DISTANCE,"Weston, Mass.",mens-cross-country,2016,42.3667625,-71.3031132
Michael Schlichting,DISTANCE,"Newton, Mass.",mens-cross-country,2016,42.3300435,-71.194862
Daniel Salas,DISTANCE,"Winter Park, Fla.",mens-cross-country,2016,28.5977707,-81.3510264
Marco Pompilj,DISTANCE,"New York, N.Y.",mens-cross-country,2016,40.7127281,-74.0060152
Ryan Painter,DISTANCE,"Stevenson Ranch, Calif.",mens-cross-country,2016,34.3947903,-118.5885327
Ben Roberts,DISTANCE,"Davis, Calif.",mens-cross-country,2016,38.5435526,-121.739005
Will Shafer,DISTANCE,"New Gloucester, Maine",mens-cross-country,2016,43.9632491,-70.2814344
Dom Repucci,DISTANCE,"Hopkinton, N.H.",mens-cross-country,2016,43.191595,-71.6748735
Henry Raymond,DISTANCE,"Fort Collins, Colo.",mens-cross-country,2016,40.5871782,-105.0770113
Tim Zepf,DISTANCE,"Londonderry, N.H.",mens-cross-country,2017,42.8650869,-71.3739532
Dom Repucci,DISTANCE,"Hopkinton, N.H.",mens-cross-country,2017,43.191595,-71.6748735
Marco Pompilj,DISTANCE,"New York, N.Y.",mens-cross-country,2017,40.7127281,-74.0060152
Henry Raymond,DISTANCE,"Fort Collins, Colo.",mens-cross-country,2017,40.5871782,-105.0770113
Benjamin Szuhaj,DISTANCE,"Glenside, Pa.",mens-cross-country,2017,40.103196,-75.1515534
Will Shafer,DISTANCE,"New Gloucester, Maine",mens-cross-country,2017,43.9632491,-70.2814344
Samuel Morton,DISTANCE,"Larchmont, N.Y.",mens-cross-country,2017,40.9278769,-73.7517983
Griffin Mackey,DISTANCE,"Sewickley, Pa.",mens-cross-country,2017,40.5403417,-80.1805269
William Phinney,MD,"Basking Ridge, N.J.",mens-cross-country,2017,40.7064088,-74.5492725
Benjamin Matejka,DISTANCE,"Wellesley, Mass.",mens-cross-country,2017,42.2964859,-71.2925571
Patrick O'Brien,DISTANCE,"Durham, N.H.",mens-cross-country,2017,43.1214141,-70.9177186
Michael Thurston,DISTANCE,"Ridgewood, N.J.",mens-cross-country,2017,40.9796683,-74.1194403
Owen Ritz,DISTANCE,"Meadowbrook, Pa.",mens-cross-country,2017,40.1113073,-75.0925035
Miles Irish,DISTANCE,"Palos Verdes Estates, Calif.",mens-cross-country,2017,33.7872386,-118.401813
Alex Montague,DISTANCE,"Newton, Mass.",mens-cross-country,2017,42.3300435,-71.194862
Gregory Crowley,DISTANCE,"Scarsdale, N.Y.",mens-cross-country,2017,40.9885221,-73.8085608
Nicholas Feffer,DISTANCE,"Boalsburg, Pa.",mens-cross-country,2017,40.7763607,-77.7829777
Kyle Dotterrer,DISTANCE,"Traverse City, Mich.",mens-cross-country,2017,44.7606481,-85.6165976
Quinn Cooney,DISTANCE,"Chelmsford, Mass.",mens-cross-country,2017,42.5968617,-71.3517602
Sean Laverty,DISTANCE,"Cumberland, R.I.",mens-cross-country,2017,41.9667656,-71.4328363
Reed Horton,DISTANCE,"San Francisco, Calif.",mens-cross-country,2017,37.7879363,-122.4075201
Dominic Carrese,DISTANCE,"Colorado Springs, Colo.",mens-cross-country,2017,38.8339578,-104.825348
Pat Gregory,DISTANCE,"Louisville, Ky.",mens-cross-country,2017,38.2542376,-85.759407
Brian Mass,DISTANCE,"Perkasie, Pa.",mens-cross-country,2017,40.372048,-75.292676
Sander Kushen,DISTANCE,"Coto de Caza, Calif.",mens-cross-country,2017,33.6013399,-117.5856235
Gregory Crowley,Distance,"Scarsdale, N.Y.",mens-cross-country,2018,40.9885221,-73.8085608
Quinn Cooney,Distance,"Chelmsford, Mass.",mens-cross-country,2018,42.5968617,-71.3517602
Nicholas Feffer,Distance,"Boalsburg, Pa.",mens-cross-country,2018,40.7763607,-77.7829777
William Eaton,Distance,"Portland, Ore.",mens-cross-country,2018,45.5202471,-122.674194
Marco Pompilj,Distance,"New York, N.Y.",mens-cross-country,2018,40.7127281,-74.0060152
Thomas Lingard,Distance,"Cambridge, Mass.",mens-cross-country,2018,42.3656347,-71.1040018
Reed Horton,Distance,"San Francisco, Calif.",mens-cross-country,2018,37.7879363,-122.4075201
Liam Jamieson,Distance,"Santa Monica, Calif.",mens-cross-country,2018,34.0194704,-118.491227
Julien Hinz,Distance,"New York, N.Y.",mens-cross-country,2018,40.7127281,-74.0060152
Sean Laverty,Distance,"Cumberland, R.I.",mens-cross-country,2018,41.9667656,-71.4328363
Sander Kushen,Distance,"Coto de Caza, Calif.",mens-cross-country,2018,33.6013399,-117.5856235
Griffin Mackey,Distance,"Sewickley, Pa.",mens-cross-country,2018,40.5403417,-80.1805269
Brian Mass,Distance,"Perkasie, Pa.",mens-cross-country,2018,40.372048,-75.292676
Patrick O'Brien,Distance,"Durham, N.H.",mens-cross-country,2018,43.1214141,-70.9177186
Christian Myers,Distance,"Westport, Conn.",mens-cross-country,2018,41.1414855,-73.3578955
Henry Raymond,Distance,"Fort Collins, Colo.",mens-cross-country,2018,40.5871782,-105.0770113
Samuel Morton,Distance,"Larchmont, N.Y.",mens-cross-country,2018,40.9278769,-73.7517983
Benjamin Matejka,Distance,"Wellesley, Mass.",mens-cross-country,2018,42.2964859,-71.2925571
Jason Wang,Distance,"Honolulu, Hawaii",mens-cross-country,2018,21.304547,-157.855676
Owen Ritz,Distance,"Meadowbrook, Pa.",mens-cross-country,2018,40.1113073,-75.0925035
Dom Repucci,Distance,"Hopkinton, N.H.",mens-cross-country,2018,43.191595,-71.6748735
Andrew Thompson,Distance,"Trumbull, Conn.",mens-cross-country,2018,41.2428742,-73.2006687
Benjamin Szuhaj,Distance,"Glenside, Pa.",mens-cross-country,2018,40.103196,-75.1515534
Christian Myers,Distance,"Westport, Conn.",mens-cross-country,2019,41.1414855,-73.3578955
Julien Hinz,Distance,"New York, N.Y.",mens-cross-country,2019,40.7127281,-74.0060152
Henry Raymond,Distance,"Fort Collins, Colo.",mens-cross-country,2019,40.5871782,-105.0770113
Jacob Winslow,Distance,"Stratham, N.H.",mens-cross-country,2019,43.0244129,-70.9122808
Owen Ritz,Distance,"Meadowbrook, Pa.",mens-cross-country,2019,40.1113073,-75.0925035
Samuel Morton,Distance,"Larchmont, N.Y.",mens-cross-country,2019,40.9278769,-73.7517983
Jason Wang,Distance,"Honolulu, Hawaii",mens-cross-country,2019,21.304547,-157.855676
Andrew Thompson,Distance,"Trumbull, Conn.",mens-cross-country,2019,41.2428742,-73.2006687
Jonathan Reid,Distance,"Bradenton, Fla.",mens-cross-country,2019,27.4989278,-82.5748194
Dom Repucci,Distance,"Hopkinton, N.H.",mens-cross-country,2019,43.191595,-71.6748735
Isaac Weber,Distance,"Indianapolis, Ind.",mens-cross-country,2019,39.7683331,-86.1583502
Benjamin Matejka,Distance,"Wellesley, Mass.",mens-cross-country,2019,42.2964859,-71.2925571
Eric Gibson,Distance,"Annapolis, Md.",mens-cross-country,2019,38.9786401,-76.492786
Thomas Lingard,Distance,"Cambridge, Mass.",mens-cross-country,2019,42.3656347,-71.1040018
Brian Mass,Distance,"Perkasie, Pa.",mens-cross-country,2019,40.372048,-75.292676
Nicholas Feffer,Distance,"Boalsburg, Pa.",mens-cross-country,2019,40.7763607,-77.7829777
William Eaton,Distance,"Portland, Ore.",mens-cross-country,2019,45.5202471,-122.674194
Gregory Crowley,Distance,"Scarsdale, N.Y.",mens-cross-country,2019,40.9885221,-73.8085608
Trey Cormier,Distance,"West Hartford, Conn.",mens-cross-country,2019,41.7620447,-72.7420399
Quinn Cooney,Distance,"Chelmsford, Mass.",mens-cross-country,2019,42.5968617,-71.3517602
Patrick O'Brien,Distance,"Durham, N.H.",mens-cross-country,2019,43.1214141,-70.9177186
James Lawrence,Distance,"Wayne, Pa.",mens-cross-country,2019,41.6264414,-75.3045103
Will Baginski,Distance,"Ridgewood, N.J.",mens-cross-country,2019,40.9796683,-74.1194403
Reed Horton,Distance,"San Francisco, Calif.",mens-cross-country,2019,37.7879363,-122.4075201
Liam Jamieson,Distance,"Santa Monica, Calif.",mens-cross-country,2019,34.0194704,-118.491227
Brendan Balthis,Distance,"Newark, Del.",mens-cross-country,2019,39.6828358,-75.7515682
Sean Laverty,Distance,"Cumberland, R.I.",mens-cross-country,2019,41.9667656,-71.4328363
Aidan Robinson,Mid-Dist./XC,"Onalaska, Wis.",mens-cross-country,2020,43.8830606,-91.2343539
Jason Wang,Distance,"Honolulu, Hawaii",mens-cross-country,2020,21.304547,-157.855676
Jacob Winslow,Distance,"Stratham, N.H.",mens-cross-country,2020,43.0244129,-70.9122808
Owen Ritz,Distance(C),"Meadowbrook, Pa.",mens-cross-country,2020,40.1113073,-75.0925035
Patrick O'Brien,Distance,"Durham, N.H.",mens-cross-country,2020,43.1214141,-70.9177186
Isaac Weber,Distance,"Indianapolis, Ind.",mens-cross-country,2020,39.7683331,-86.1583502
Declan O'Scannlain,Dist./XC,"Portland, Ore.",mens-cross-country,2020,45.5202471,-122.674194
Christian Myers,Distance,"Westport, Conn.",mens-cross-country,2020,41.1414855,-73.3578955
Jonathan Reid,Distance,"Bradenton, Fla.",mens-cross-country,2020,27.4989278,-82.5748194
Andrew Thompson,Distance,"Trumbull, Conn.",mens-cross-country,2020,41.2428742,-73.2006687
Samuel Morton,Distance,"Larchmont, N.Y.",mens-cross-country,2020,40.9278769,-73.7517983
Thomas Lingard,Distance,"Cambridge, Mass.",mens-cross-country,2020,42.3656347,-71.1040018
David Moore,Dist./XC,"Auckland, New Zealand",mens-cross-country,2020,-36.852095,174.7631803
Jason Norris,Dist./XC,"Wellesley, Mass.",mens-cross-country,2020,42.2964859,-71.2925571
Brian Mass,Distance,"Perkasie, Pa.",mens-cross-country,2020,40.372048,-75.292676
William Eaton,Distance,"Portland, Ore.",mens-cross-country,2020,45.5202471,-122.674194
Brendan Balthis,Distance,"Newark, Del.",mens-cross-country,2020,39.6828358,-75.7515682
Benjamin Matejka,Distance(C),"Wellesley, Mass.",mens-cross-country,2020,42.2964859,-71.2925571
Liam Jamieson,Distance,"Santa Monica, Calif.",mens-cross-country,2020,34.0194704,-118.491227
Trey Cormier,Distance,"West Hartford, Conn.",mens-cross-country,2020,41.7620447,-72.7420399
Julien Hinz,Distance,"New York, N.Y.",mens-cross-country,2020,40.7127281,-74.0060152
Gregory Crowley,Distance,"Scarsdale, N.Y.",mens-cross-country,2020,40.9885221,-73.8085608
Will Baginski,Distance,"Ridgewood, N.J.",mens-cross-country,2020,40.9796683,-74.1194403
Nicholas Feffer,Distance,"Boalsburg, Pa.",mens-cross-country,2020,40.7763607,-77.7829777
Will Daley,Dist./XC,"Denver, Colo.",mens-cross-country,2020,39.7392364,-104.984862
Eric Gibson,Distance,"Annapolis, Md.",mens-cross-country,2020,38.9786401,-76.492786
Colin Donnelly,Dist./XC,"Hampton, N.H.",mens-cross-country,2020,42.9417199,-70.8378746
Will Chaffin,Dist./XC,"Carlisle, Mass.",mens-cross-country,2020,42.5292605,-71.3495035
James Lawrence,Distance,"Wayne, Pa.",mens-cross-country,2020,41.6264414,-75.3045103
Albert Velikonja,Dist.,"Montreal, Quebec",mens-cross-country,2021,45.5031824,-73.5698065
Will Chaffin,Dist./XC,"Carlisle, Mass.",mens-cross-country,2021,42.5292605,-71.3495035
Jonathan Reid,Distance,"Bradenton, Fla.",mens-cross-country,2021,27.4989278,-82.5748194
Seth Weprin,,"Dallas, Texas",mens-cross-country,2021,32.7762719,-96.7968559
Jason Wang,Distance,"Honolulu, Hawaii",mens-cross-country,2021,21.304547,-157.855676
Thomas Lingard,Distance,"Cambridge, Mass.",mens-cross-country,2021,42.3656347,-71.1040018
Jake Lotreck,Dist.,"Rockville, Conn.",mens-cross-country,2021,41.8655808,-72.4559661
Ben Williams,,"Jackson, Wyo.",mens-cross-country,2021,43.479965,-110.761815
William Eaton,Distance,"Portland, Ore.",mens-cross-country,2021,45.5202471,-122.674194
Colin Donnelly,Dist./XC,"Hampton, N.H.",mens-cross-country,2021,42.9417199,-70.8378746
Christian Myers,Distance,"Westport, Conn.",mens-cross-country,2021,41.1414855,-73.3578955
Maclean Hadden,Dist.,"Boston, Mass.",mens-cross-country,2021,42.3588336,-71.0578303
Jacob Winslow,Distance,"Stratham, N.H.",mens-cross-country,2021,43.0244129,-70.9122808
Andrew Thompson,Distance,"Trumbull, Conn.",mens-cross-country,2021,41.2428742,-73.2006687
Liam Jamieson,Distance,"Santa Monica, Calif.",mens-cross-country,2021,34.0194704,-118.491227
Samuel Morton,Distance,"Larchmont, N.Y.",mens-cross-country,2021,40.9278769,-73.7517983
Alexander Craig,Dist.,"Mattapoisett, Mass.",mens-cross-country,2021,41.6580466,-70.8135195
Will Daley,Dist./XC,"Denver, Colo.",mens-cross-country,2021,39.7392364,-104.984862
Trey Cormier,Distance,"West Hartford, Conn.",mens-cross-country,2021,41.7620447,-72.7420399
Alejandro Rincon,Dist.,"Glastonbury, Conn.",mens-cross-country,2021,41.7123218,-72.608146
Jason Norris,Dist./XC,"Wellesley, Mass.",mens-cross-country,2021,42.2964859,-71.2925571
David Moore,Dist./XC,"Auckland, New Zealand",mens-cross-country,2021,-36.852095,174.7631803
Declan O'Scannlain,Dist./XC,"Portland, Ore.",mens-cross-country,2021,45.5202471,-122.674194
Eric Gibson,Distance,"Annapolis, Md.",mens-cross-country,2021,38.9786401,-76.492786
Jake Lotreck,Dist.,"Rockville, Conn.",mens-cross-country,2022,41.8655808,-72.4559661
Christian Myers,Distance,"Westport, Conn.",mens-cross-country,2022,41.1414855,-73.3578955
Jonathan Reid,Distance,"Bradenton, Fla.",mens-cross-country,2022,27.4989278,-82.5748194
Jacob Winslow,Distance,"Stratham, N.H.",mens-cross-country,2022,43.0244129,-70.9122808
Andrew Thompson,Distance,"Trumbull, Conn.",mens-cross-country,2022,41.2428742,-73.2006687
Colin Donnelly,Dist./XC,"Hampton, N.H.",mens-cross-country,2022,42.9417199,-70.8378746
Eric Sankey,Dist.,"Boulder, Colo.",mens-cross-country,2022,40.0149856,-105.270545
Jason Wang,Distance,"Honolulu, Hawaii",mens-cross-country,2022,21.304547,-157.855676
Declan O'Scannlain,Dist./XC,"Portland, Ore.",mens-cross-country,2022,45.5202471,-122.674194
Maclean Hadden,Dist.,"Boston, Mass.",mens-cross-country,2022,42.3588336,-71.0578303
Albert Velikonja,Dist.,"Montreal, Quebec",mens-cross-country,2022,45.5031824,-73.5698065
Evan Bork,Dist.,"Lakewood, Ohio",mens-cross-country,2022,41.4819932,-81.7981908
Will Daley,Dist./XC,"Denver, Colo.",mens-cross-country,2022,39.7392364,-104.984862
Seth Weprin,Dist.,"Dallas, Texas",mens-cross-country,2022,32.7762719,-96.7968559
David Moore,Dist./XC,"Auckland, New Zealand",mens-cross-country,2022,-36.852095,174.7631803
Eric Gibson,Distance,"Annapolis, Md.",mens-cross-country,2022,38.9786401,-76.492786
Trey Cormier,Distance,"West Hartford, Conn.",mens-cross-country,2022,41.7620447,-72.7420399
Ben Williams,Dist.,"Jackson, Wyo.",mens-cross-country,2022,43.479965,-110.761815
Jason Norris,Dist./XC,"Wellesley, Mass.",mens-cross-country,2022,42.2964859,-71.2925571
Alexander Craig,Dist.,"Mattapoisett, Mass.",mens-cross-country,2022,41.6580466,-70.8135195
Will Chaffin,Dist./XC,"Carlisle, Mass.",mens-cross-country,2022,42.5292605,-71.3495035
James Lawrence,Distance,"Wayne, Pa.",mens-cross-country,2022,41.6264414,-75.3045103
Liam Jamieson,Distance,"Santa Monica, Calif.",mens-cross-country,2022,34.0194704,-118.491227
Albert Velikonja,Dist.,"Montreal, Quebec",mens-cross-country,2023,45.5031824,-73.5698065
Will Daley,Dist./XC,"Denver, Colo.",mens-cross-country,2023,39.7392364,-104.984862
Maclean Hadden,Dist.,"Boston, Mass.",mens-cross-country,2023,42.3588336,-71.0578303
Ayush Saran,Dist.,"Princeton, N.J.",mens-cross-country,2023,40.3496953,-74.6597376
Tyler Schill,Dist.,"Cinnaminson, N.J.",mens-cross-country,2023,40.0166151,-74.9999754
Eric Sankey,Dist.,"Boulder, Colo.",mens-cross-country,2023,40.0149856,-105.270545
Alexander Craig,Dist.,"Mattapoisett, Mass.",mens-cross-country,2023,41.6580466,-70.8135195
Ben Williams,Dist.,"Jackson, Wyo.",mens-cross-country,2023,43.479965,-110.761815
David Appleton,Dist.,"Mattapoisett, Mass.",mens-cross-country,2023,41.6580466,-70.8135195
Ashton Bange,Dist.,"Corning, N.Y.",mens-cross-country,2023,42.1435257,-77.0543408
Patrick Dowd,Dist.,"New Orleans, La.",mens-cross-country,2023,29.9574657,-90.0629493
Declan O'Scannlain,Dist./XC,"Portland, Ore.",mens-cross-country,2023,45.5202471,-122.674194
James Lawrence,Dist.,"Wayne, Pa.",mens-cross-country,2023,41.6264414,-75.3045103
Ayush Saran,Dist.,"Princeton, N.J.",mens-cross-country,2024,40.3496953,-74.6597376
Albert Velikonja,Dist.,"Montreal, Quebec",mens-cross-country,2024,45.5031824,-73.5698065
David Jiang,Dist.,"Toronto, Canada",mens-cross-country,2024,43.6534817,-79.3839347
Ben Williams,Dist.,"Jackson, Wyo.",mens-cross-country,2024,43.479965,-110.761815
Baker Pashea,,"St. Louis, Mo.",mens-cross-country,2024,38.6254063,-90.190009
Tyler Schill,Dist.,"Cinnaminson, N.J.",mens-cross-country,2024,40.0166151,-74.9999754
Max Miller,Dist.,"Prosper, Tex.",mens-cross-country,2024,33.2371585,-96.7977048
Eric Sankey,Dist.,"Boulder, Colo.",mens-cross-country,2024,40.0149856,-105.270545
Noe Kemper,Dist.,"Boise, Ida.",mens-cross-country,2024,43.6166163,-116.200886
Keion Grieve,Dist.,"Jefferson City, Mo.",mens-cross-country,2024,38.577359,-92.1724265
Ashton Bange,Dist.,"Corning, N.Y.",mens-cross-country,2024,42.1435257,-77.0543408
DJ Matusz,,"Scarsdale, N.Y.",mens-cross-country,2024,40.9885221,-73.8085608
Asher Beck,Dist.,"Cos Cob, CT",mens-cross-country,2024,41.0510193,-73.5919491
Patrick Dowd,Dist.,"New Orleans, La.",mens-cross-country,2024,29.9574657,-90.0629493
Alexander Craig,Dist.,"Mattapoisett, Mass.",mens-cross-country,2024,41.6580466,-70.8135195
Connor Foley,Dist.,"Kingston, United Kingdom",mens-cross-country,2024,52.1791855,-0.0321477
Maclean Hadden,Dist.,"Boston, Mass.",mens-cross-country,2024,42.3588336,-71.0578303
Eli Engelman,Dist.,"Bryn Mawr, Pa.",mens-cross-country,2025,40.0238245,-75.3173407
Foster Laird,Dist.,"Homewood, Ala.",mens-cross-country,2025,33.4737098,-86.8084509
Noe Kemper,Dist.,"Boise, Ida.",mens-cross-country,2025,43.6166163,-116.200886
Eric Sankey,Dist.,"Boulder, Colo.",mens-cross-country,2025,40.0149856,-105.270545
Baker Pashea,Dist.,"St. Louis, Mo.",mens-cross-country,2025,38.6254063,-90.190009
Max Miller,Dist.,"Prosper, Tex.",mens-cross-country,2025,33.2371585,-96.7977048
David Jiang,Dist.,"Toronto, Canada",mens-cross-country,2025,43.6534817,-79.3839347
Matthew Kmecz,Dist.,"Toronto, Ontario, Canada",mens-cross-country,2025,43.6534817,-79.3839347
Patrick Dowd,Dist.,"New Orleans, La.",mens-cross-country,2025,29.9574657,-90.0629493
Evan Bork,Dist.,"Lakewood, Ohio",mens-cross-country,2025,41.4819932,-81.7981908
Ashton Bange,Dist.,"Corning, N.Y.",mens-cross-country,2025,42.1435257,-77.0543408
Connor Foley,Dist.,"Kingston, United Kingdom",mens-cross-country,2025,52.1791855,-0.0321477
Andrew Burr,Dist.,"El Dorado Hills, Calif.",mens-cross-country,2025,38.6827365,-121.0536827
Callahan Fielder,Dist.,"Nashville, Tenn.",mens-cross-country,2025,36.1622767,-86.7742984
Asher Beck,Dist.,"Cos Cob, CT",mens-cross-country,2025,41.0510193,-73.5919491
Rory Gaan,Dist.,"Hoffman Estates, Ill.",mens-cross-country,2025,42.0427256,-88.0792782
Greg McGrath,Dist.,"Boston, Mass.",mens-cross-country,2026,42.3588336,-71.0578303
Sam Laverdiere,Dist.,"Litchfield, Maine",mens-cross-country,2026,44.1544363,-69.9465458
Noe Kemper,Dist.,"Boise, Ida.",mens-cross-country,2026,43.6166163,-116.200886
James Gurley,Dist.,"Louisville, Ky.",mens-cross-country,2026,38.2542376,-85.759407
Rory Gaan,Dist.,"Hoffman Estates, Ill.",mens-cross-country,2026,42.0427256,-88.0792782
Andrew Burr,Dist.,"El Dorado Hills, Calif.",mens-cross-country,2026,38.6827365,-121.0536827
Callahan Fielder,Dist.,"Nashville, Tenn.",mens-cross-country,2026,36.1622767,-86.7742984
Eli Engelman,Dist.,"Bryn Mawr, Pa.",mens-cross-country,2026,40.0238245,-75.3173407
Victor Delgado,Dist.,"Cortlandt Manor, NY",mens-cross-country,2026,41.2815783,-73.7131153
Ashton Bange,Dist.,"Corning, N.Y.",mens-cross-country,2026,42.1435257,-77.0543408
Connor Foley,Dist.,"Kingston, United Kingdom",mens-cross-country,2026,52.1791855,-0.0321477
Riley Griffin,,"Providence, R.I.",mens-golf,2016,41.8239891,-71.4128343
Scott Jaster,,"Bryn Mawr, Pa.",mens-golf,2016,40.0238245,-75.3173407
Ian Kelsey,,"Deerfield, Ill.",mens-golf,2016,42.1711365,-87.8445119
Jeff Lang,,"Lexington, Mass.",mens-golf,2016,42.4473175,-71.2245003
John Lazor,,"Westwood, Mass.",mens-golf,2016,42.2186913,-71.2233829
Reed Russ,,"Dallas, Texas",mens-golf,2016,32.7762719,-96.7968559
Edric Wung,,"McLean, Va.",mens-golf,2016,38.9366852,-77.185843
Sean Fahey,,"Villanova, Pa.",mens-golf,2016,40.0411671,-75.3310527
Will Bednarz,,"Larkspur, Calif.",mens-golf,2016,37.9340915,-122.5352539
Jason Liu,,"Windsor, Conn.",mens-golf,2017,41.8525984,-72.6437022
Will Bednarz,,"Larkspur, Calif.",mens-golf,2017,37.9340915,-122.5352539
Ian Kelsey,,"Deerfield, Ill.",mens-golf,2017,42.1711365,-87.8445119
John Lazor,,"Westwood, Mass.",mens-golf,2017,42.2186913,-71.2233829
Riley Griffin,,"Providence, R.I.",mens-golf,2017,41.8239891,-71.4128343
Edric Wung,,"McLean, Va.",mens-golf,2017,38.9366852,-77.185843
Reed Russ,,"Dallas, Texas",mens-golf,2017,32.7762719,-96.7968559
James Turner,,"Gloucester, Mass.",mens-golf,2017,42.6153595,-70.6624608
Sam Ohno,,"Ponte Vedra Beach, Fla.",mens-golf,2017,30.2396865,-81.3856384
John Lazor,,"Westwood, Mass.",mens-golf,2018,42.2186913,-71.2233829
Will Bednarz,,"Larkspur, Calif.",mens-golf,2018,37.9340915,-122.5352539
Riley Griffin,,"Providence, R.I.",mens-golf,2018,41.8239891,-71.4128343
Jason Liu,,"Windsor, Conn.",mens-golf,2018,41.8525984,-72.6437022
Sam Ohno,,"Ponte Vedra Beach, Fla.",mens-golf,2018,30.2396865,-81.3856384
Charles Petrie,,"Stamford, Lincolnshire, England",mens-golf,2018,52.6519973,-0.4804579
Reed Russ,,"Dallas, Texas",mens-golf,2018,32.7762719,-96.7968559
Mark Turner,,"Gloucester, Mass.",mens-golf,2018,42.6153595,-70.6624608
James Turner,,"Gloucester, Mass.",mens-golf,2018,42.6153595,-70.6624608
Mark Turner,,"Gloucester, Mass.",mens-golf,2019,42.6153595,-70.6624608
James Turner,,"Gloucester, Mass.",mens-golf,2019,42.6153595,-70.6624608
Charles Petrie,,"Stamford, Lincolnshire, England",mens-golf,2019,52.6519973,-0.4804579
Sam Ohno,,"Ponte Vedra Beach, Fla.",mens-golf,2019,30.2396865,-81.3856384
Eli Thrasher,,"McLean, Va.",mens-golf,2019,38.9366852,-77.185843
Riley Griffin,,"Providence, R.I.",mens-golf,2019,41.8239891,-71.4128343
Jason Chen,,"San Jose, Calif.",mens-golf,2019,37.3361663,-121.890591
Will Bednarz,,"Larkspur, Calif.",mens-golf,2019,37.9340915,-122.5352539
Jason Liu,,"Windsor, Conn.",mens-golf,2019,41.8525984,-72.6437022
Alex Gu,,"Darien, Conn.",mens-golf,2020,41.0787079,-73.4692873
Jason Chen,,"San Jose, Calif.",mens-golf,2020,37.3361663,-121.890591
Jason Liu,,"Windsor, Conn.",mens-golf,2020,41.8525984,-72.6437022
Sam Ohno,,"Ponte Vedra Beach, Fla.",mens-golf,2020,30.2396865,-81.3856384
Charles Petrie,,"Stamford, Lincolnshire, England",mens-golf,2020,52.6519973,-0.4804579
Eli Thrasher,,"McLean, Va.",mens-golf,2020,38.9366852,-77.185843
James Turner,,"Gloucester, Mass.",mens-golf,2020,42.6153595,-70.6624608
Mark Turner,,"Gloucester, Mass.",mens-golf,2020,42.6153595,-70.6624608
Charlie Baker,,"Wayne, Pa.",mens-golf,2021,41.6264414,-75.3045103
James Turner,,"Gloucester, Mass.",mens-golf,2021,42.6153595,-70.6624608
Eli Thrasher,,"McLean, Va.",mens-golf,2021,38.9366852,-77.185843
Charles Petrie,,"Stamford, Lincolnshire, England",mens-golf,2021,52.6519973,-0.4804579
Jason Liu,,"Windsor, Conn.",mens-golf,2021,41.8525984,-72.6437022
Mark Turner,,"Gloucester, Mass.",mens-golf,2021,42.6153595,-70.6624608
Eli Kimche,,"Park City, Utah",mens-golf,2021,40.6460921,-111.4979963
Alex Gu,,"Darien, Conn.",mens-golf,2021,41.0787079,-73.4692873
Jason Chen,,"San Jose, Calif.",mens-golf,2021,37.3361663,-121.890591
Justin Lee,,"Los Angeles, Calif.",mens-golf,2021,34.0536909,-118.242766
Mark Turner,,"Gloucester, Mass.",mens-golf,2022,42.6153595,-70.6624608
Cameron Keith,,"Alamo, Calif.",mens-golf,2022,37.8551351,-122.0066891
Alex Gu,,"Darien, Conn.",mens-golf,2022,41.0787079,-73.4692873
Justin Lee,,"Los Angeles, Calif.",mens-golf,2022,34.0536909,-118.242766
Eli Kimche,,"Park City, Utah",mens-golf,2022,40.6460921,-111.4979963
Eli Thrasher,,"McLean, Va.",mens-golf,2022,38.9366852,-77.185843
Charles Petrie,,"Stamford, Lincolnshire, England",mens-golf,2022,52.6519973,-0.4804579
Aaron Zhang,,"Lake Mary, Fla.",mens-golf,2022,28.7562749,-81.322093
Charlie Baker,,"Wayne, Pa.",mens-golf,2022,41.6264414,-75.3045103
Fin Szafnauer,,"Oxford, England",mens-golf,2022,51.7520131,-1.2578499
Jason Chen,,"San Jose, Calif.",mens-golf,2022,37.3361663,-121.890591
Fin Szafnauer,,"Oxford, England",mens-golf,2023,51.7520131,-1.2578499
Charlie Baker,,"Wayne, Pa.",mens-golf,2023,41.6264414,-75.3045103
Tyler Brand,,"Richmond, Va.",mens-golf,2023,37.5385087,-77.43428
Aaron Zhang,,"Lake Mary, Fla.",mens-golf,2023,28.7562749,-81.322093
Alex Gu,,"Darien, Conn.",mens-golf,2023,41.0787079,-73.4692873
Cameron Keith,,"Alamo, Calif.",mens-golf,2023,37.8551351,-122.0066891
Eli Kimche,,"Park City, Utah",mens-golf,2023,40.6460921,-111.4979963
Justin Lee,,"Los Angeles, Calif.",mens-golf,2023,34.0536909,-118.242766
Ian Davis,,"Makanda, Ill.",mens-golf,2023,37.6175093,-89.2090592
Tyler Brand,,"Richmond, Va.",mens-golf,2024,37.5385087,-77.43428
Alex Gu,,"Darien, Conn.",mens-golf,2024,41.0787079,-73.4692873
Cameron Keith,,"Alamo, Calif.",mens-golf,2024,37.8551351,-122.0066891
Colin Keith,,"Alamo, Calif.",mens-golf,2024,37.8551351,-122.0066891
Eli Kimche,,"Park City, Utah",mens-golf,2024,40.6460921,-111.4979963
Justin Lee,,"Los Angeles, Calif.",mens-golf,2024,34.0536909,-118.242766
Fin Szafnauer,,"Oxford, England",mens-golf,2024,51.7520131,-1.2578499
Aaron Zhang,,"Lake Mary, Fla.",mens-golf,2024,28.7562749,-81.322093
Ian Davis,,"Makanda, Ill.",mens-golf,2024,37.6175093,-89.2090592
Cameron Keith,,"Alamo, Calif.",mens-golf,2025,37.8551351,-122.0066891
Tyler Brand,,"Richmond, Va.",mens-golf,2025,37.5385087,-77.43428
Ian Davis,,"Makanda, Ill.",mens-golf,2025,37.6175093,-89.2090592
Luke Harper,,"Dallas, Texas",mens-golf,2025,32.7762719,-96.7968559
Benjamin Wang,,"San Ramon, Calif.",mens-golf,2025,37.7648021,-121.9544387
Colin Keith,,"Alamo, Calif.",mens-golf,2025,37.8551351,-122.0066891
Fin Szafnauer,,"Oxford, England",mens-golf,2025,51.7520131,-1.2578499
Aaron Zhang,,"Lake Mary, Fla.",mens-golf,2025,28.7562749,-81.322093
Benjamin Wang,,"San Ramon, Calif.",mens-golf,2026,37.7648021,-121.9544387
Tyler Brand,,"Richmond, Va.",mens-golf,2026,37.5385087,-77.43428
Chris Chang,,"Danville, Calif.",mens-golf,2026,37.8225892,-122.0008254
Ian Davis,,"Makanda, Ill.",mens-golf,2026,37.6175093,-89.2090592
Luke Harper,,"Dallas, Texas",mens-golf,2026,32.7762719,-96.7968559
Colin Keith,,"Alamo, Calif.",mens-golf,2026,37.8551351,-122.0066891
Jordan Takai,,"Honolulu, Hawaii",mens-golf,2026,21.304547,-157.855676
Jack Korzelius,M,"Purchase, N.Y.",mens-lacrosse,2016,41.0405953,-73.7144803
Timmy Burke,D,"Syosset, N.Y.",mens-lacrosse,2016,40.814858,-73.5017966
Austin Meacham,D,"West Harrison, N.Y.",mens-lacrosse,2016,41.0389178,-73.747579
Matt Parker,D,"Barrington, R.I.",mens-lacrosse,2016,41.7407661,-71.3084633
James Sullivan,D,"Moorpark, Calif.",mens-lacrosse,2016,34.285558,-118.8820414
Matt Tanenblatt,A,"Atlanta, Ga.",mens-lacrosse,2016,33.7544657,-84.3898151
Landon McKenzie,D,"Washington, D.C.",mens-lacrosse,2016,38.8950982,-77.0363849
Albie Austin,D,"Berwyn, Pa.",mens-lacrosse,2016,40.0477701,-75.4421325
Griffin Miller,GK,"Merrick, N.Y.",mens-lacrosse,2016,40.6523325,-73.5512469
Jack Richardson,M,"Sayville, N.Y.",mens-lacrosse,2016,40.745349,-73.0885161
Cormac Dugan,A/M,"Washington, D.C.",mens-lacrosse,2016,38.8950982,-77.0363849
Jase Davis,D,"Stafford, Va.",mens-lacrosse,2016,38.4167265,-77.4579783
Tyler Haskell,M,"Severna Park, Md.",mens-lacrosse,2016,39.0826193,-76.5719676
Bo Forsen,D,"Carstairs, Alberta",mens-lacrosse,2016,51.5671164,-114.0976147
Kyle Clampitt,D,"Bloomsbury, N.J.",mens-lacrosse,2016,40.6539892,-75.0865619
Chris Bacotti,M,"Massapequa Park, N.Y.",mens-lacrosse,2016,40.6803785,-73.4551241
George Christopher,GK,"Bethesda, Md.",mens-lacrosse,2016,38.9812726,-77.1233587
Will Randell,M,"Port Chester, N.Y.",mens-lacrosse,2016,41.0017643,-73.6656834
Liam O'Connell,M,"Suffern, N.Y.",mens-lacrosse,2016,41.1151372,-74.1493948
Wiley Osborne,A,"Woodside, Calif.",mens-lacrosse,2016,37.4280637,-122.2507435
Ben Martin,A,"Arlington, Va.",mens-lacrosse,2016,38.8769326,-77.0893094
Steve Satterthwaite,D,"Downingtown, Pa.",mens-lacrosse,2016,40.0064958,-75.7032742
Jack Connolly,M,"Wellesley, Mass.",mens-lacrosse,2016,42.2964859,-71.2925571
David Gallagher,A,"Downingtown, Pa.",mens-lacrosse,2016,40.0064958,-75.7032742
Harlan Smart,M,"Sudbury, Mass.",mens-lacrosse,2016,42.3834278,-71.4161725
Cameron Nolting,M,"South Burlington, Vt.",mens-lacrosse,2016,44.4642957,-73.176273
Willis Bocock,M,"Charlottesville, Va.",mens-lacrosse,2016,38.029306,-78.4766781
David Marshall,A,"Cazenovia, N.Y.",mens-lacrosse,2016,42.9300668,-75.8526969
Jack Forrest,M,"Purcellville, Va.",mens-lacrosse,2016,39.1367039,-77.714845
Dylan Key,M,"Short Hills, N.J.",mens-lacrosse,2016,40.7381585,-74.3377392
Evan Key,A,"Short Hills, N.J.",mens-lacrosse,2016,40.7381585,-74.3377392
Harrison Lane,A,"Hingham, Mass.",mens-lacrosse,2016,42.2417669,-70.8897676
Richie Loftus,A,"Dallas, Texas",mens-lacrosse,2016,32.7762719,-96.7968559
Tucker Brown,M,"Greenwich, Conn.",mens-lacrosse,2016,41.0264862,-73.6284598
Tyler Haskell,M,"Severna Park, Md.",mens-lacrosse,2017,39.0826193,-76.5719676
Jack Richardson,D,"Sayville, N.Y.",mens-lacrosse,2017,40.745349,-73.0885161
Matt Erfle,D,"West Chester, Pa.",mens-lacrosse,2017,39.9597389,-75.6044609
James Sullivan,D,"Moorpark, Calif.",mens-lacrosse,2017,34.285558,-118.8820414
Jimmy Heidt,A,"Greenwich, Conn.",mens-lacrosse,2017,41.0264862,-73.6284598
Matt Parker,D,"Barrington, R.I.",mens-lacrosse,2017,41.7407661,-71.3084633
Will Gibeley,D,"Boxford, Mass.",mens-lacrosse,2017,42.6605844,-70.9971204
Evan Key,A,"Short Hills, N.J.",mens-lacrosse,2017,40.7381585,-74.3377392
Willis Bocock,M,"Charlottesville, Va.",mens-lacrosse,2017,38.029306,-78.4766781
Matt Tanenblatt,A,"Atlanta, Ga.",mens-lacrosse,2017,33.7544657,-84.3898151
Kellen Paradine,D,"Greenlawn, N.Y.",mens-lacrosse,2017,40.8608685,-73.3633136
Landon McKenzie,D,"Washington, D.C.",mens-lacrosse,2017,38.8950982,-77.0363849
Kyle Clampitt,D,"Bloomsbury, N.J.",mens-lacrosse,2017,40.6539892,-75.0865619
Jase Davis,D,"Stafford, Va.",mens-lacrosse,2017,38.4167265,-77.4579783
Albie Austin,D,"Berwyn, Pa.",mens-lacrosse,2017,40.0477701,-75.4421325
Austin Meacham,D,"West Harrison, N.Y.",mens-lacrosse,2017,41.0389178,-73.747579
William Stonestreet,M,"Weston, Mass.",mens-lacrosse,2017,42.3667625,-71.3031132
Alex Burnley,GK,"Amherst, N.H.",mens-lacrosse,2017,42.8642874,-71.6252484
George Christopher,GK,"Bethesda, Md.",mens-lacrosse,2017,38.9812726,-77.1233587
Liam O'Connell,M,"Suffern, N.Y.",mens-lacrosse,2017,41.1151372,-74.1493948
Westy McLaughlin,A,"Radnor, Pa.",mens-lacrosse,2017,40.0448619,-75.3594728
Parker Joyce,A,"Wellesley, Mass.",mens-lacrosse,2017,42.2964859,-71.2925571
Will Randell,M,"Port Chester, N.Y.",mens-lacrosse,2017,41.0017643,-73.6656834
Mike Connolly,M,"Wellesley, Mass.",mens-lacrosse,2017,42.2964859,-71.2925571
Richie Loftus,A,"Dallas, Texas",mens-lacrosse,2017,32.7762719,-96.7968559
Steve Satterthwaite,D,"Downingtown, Pa.",mens-lacrosse,2017,40.0064958,-75.7032742
Harlan Smart,M,"Sudbury, Mass.",mens-lacrosse,2017,42.3834278,-71.4161725
George Prince,A,"Bradenton, Fla.",mens-lacrosse,2017,27.4989278,-82.5748194
Chris Bacotti,M,"Massapequa Park, N.Y.",mens-lacrosse,2017,40.6803785,-73.4551241
Tucker Brown,M,"Greenwich, Conn.",mens-lacrosse,2017,41.0264862,-73.6284598
Ben Martin,A,"Arlington, Va.",mens-lacrosse,2017,38.8769326,-77.0893094
David Gallagher,A,"Downingtown, Pa.",mens-lacrosse,2017,40.0064958,-75.7032742
Trevor Ballantyne,M,"Hopkinton, Mass.",mens-lacrosse,2017,42.2288875,-71.5196439
Jack Korzelius,M,"Purchase, N.Y.",mens-lacrosse,2017,41.0405953,-73.7144803
Matt Paul,A,"Weston, Mass.",mens-lacrosse,2017,42.3667625,-71.3031132
Harrison Lane,A,"Hingham, Mass.",mens-lacrosse,2017,42.2417669,-70.8897676
Jack Forrest,M,"Purcellville, Va.",mens-lacrosse,2017,39.1367039,-77.714845
Kiernan Gunn,M,"Garden City, N.Y.",mens-lacrosse,2017,40.7266477,-73.6343052
David Marshall,A,"Cazenovia, N.Y.",mens-lacrosse,2017,42.9300668,-75.8526969
Peter Rizzotti,LSM,"Sudbury, Mass.",mens-lacrosse,2018,42.3834278,-71.4161725
Greyson Ergenbright,M,"South Riding, Va.",mens-lacrosse,2018,38.9125645,-77.5109911
Liam O'Connell,M,"Suffern, N.Y.",mens-lacrosse,2018,41.1151372,-74.1493948
Tucker Brown,M,"Greenwich, Conn.",mens-lacrosse,2018,41.0264862,-73.6284598
William Stonestreet,M,"Weston, Mass.",mens-lacrosse,2018,42.3667625,-71.3031132
Peter Chabot,M,"Rye, N.Y.",mens-lacrosse,2018,40.9821371,-73.6840902
Chris Bacotti,M,"Massapequa Park, N.Y.",mens-lacrosse,2018,40.6803785,-73.4551241
Harlan Smart,M,"Sudbury, Mass.",mens-lacrosse,2018,42.3834278,-71.4161725
Foster Burnley,D,"Amherst, N.H.",mens-lacrosse,2018,42.8642874,-71.6252484
Kiernan Gunn,M,"Garden City, N.Y.",mens-lacrosse,2018,40.7266477,-73.6343052
Jack Schifino,GK,"Tampa, Fla.",mens-lacrosse,2018,27.9449854,-82.4583107
Will Randell,M,"Port Chester, N.Y.",mens-lacrosse,2018,41.0017643,-73.6656834
Jimmy Heidt,A/M,"Greenwich, Conn.",mens-lacrosse,2018,41.0264862,-73.6284598
Parker Joyce,A,"Wellesley, Mass.",mens-lacrosse,2018,42.2964859,-71.2925571
David Marshall,A,"Cazenovia, N.Y.",mens-lacrosse,2018,42.9300668,-75.8526969
Westy McLaughlin,A,"Radnor, Pa.",mens-lacrosse,2018,40.0448619,-75.3594728
Cormac Zachar,M,"Concord, Mass.",mens-lacrosse,2018,42.4605189,-71.3488963
Colin Prince,A/M,"Bradenton, Fla.",mens-lacrosse,2018,27.4989278,-82.5748194
Alex Burnley,GK,"Amherst, N.H.",mens-lacrosse,2018,42.8642874,-71.6252484
Trevor Ballantyne,M,"Hopkinton, Mass.",mens-lacrosse,2018,42.2288875,-71.5196439
Nate Koidahl,M,"Seattle, Wash.",mens-lacrosse,2018,47.6038321,-122.330062
Jack Forrest,M,"Purcellville, Va.",mens-lacrosse,2018,39.1367039,-77.714845
Ben Martin,A,"Arlington, Va.",mens-lacrosse,2018,38.8769326,-77.0893094
Kellen Paradine,D,"Greenlawn, N.Y.",mens-lacrosse,2018,40.8608685,-73.3633136
Kyle Clampitt,D,"Bloomsbury, N.J.",mens-lacrosse,2018,40.6539892,-75.0865619
Daniel Hincks,GK,"Newtonville, Mass.",mens-lacrosse,2018,42.3507339,-71.207021
Henry Stites,M,"Louisville, Ky.",mens-lacrosse,2018,38.2542376,-85.759407
David Gallagher,A,"Downingtown, Pa.",mens-lacrosse,2018,40.0064958,-75.7032742
Mike Connolly,M,"Wellesley, Mass.",mens-lacrosse,2018,42.2964859,-71.2925571
Austin Meacham,D,"West Harrison, N.Y.",mens-lacrosse,2018,41.0389178,-73.747579
Jack Richardson,D,"Sayville, N.Y.",mens-lacrosse,2018,40.745349,-73.0885161
Spencer Warezak,M,"Grosse Point, Mich.",mens-lacrosse,2018,47.085022,-88.4838816
Will Gibeley,D,"Boxford, Mass.",mens-lacrosse,2018,42.6605844,-70.9971204
Landon McKenzie,D,"Washington, D.C.",mens-lacrosse,2018,38.8950982,-77.0363849
Tyler Haskell,M,"Severna Park, Md.",mens-lacrosse,2018,39.0826193,-76.5719676
Matt Erfle,D,"West Chester, Pa.",mens-lacrosse,2018,39.9597389,-75.6044609
George Prince,A,"Bradenton, Fla.",mens-lacrosse,2018,27.4989278,-82.5748194
Drake Schaffner,D/LSM,"Ashburn, Va.",mens-lacrosse,2018,39.029784,-77.4744148
Andrew Cave,M,"Bethesda, Md.",mens-lacrosse,2018,38.9812726,-77.1233587
George Christopher,GK,"Bethesda, Md.",mens-lacrosse,2018,38.9812726,-77.1233587
Matt Paul,A,"Weston, Mass.",mens-lacrosse,2018,42.3667625,-71.3031132
James Sullivan,D,"Moorpark, Calif.",mens-lacrosse,2018,34.285558,-118.8820414
Albie Austin,D,"Berwyn, Pa.",mens-lacrosse,2018,40.0477701,-75.4421325
Jackson McGinley,LSM,"Lake Oswego, Ore.",mens-lacrosse,2019,45.4206749,-122.670649
James Sullivan,D,"Moorpark, Calif.",mens-lacrosse,2019,34.285558,-118.8820414
Jack Richardson,D,"Sayville, N.Y.",mens-lacrosse,2019,40.745349,-73.0885161
Andrew Cave,M,"Bethesda, Md.",mens-lacrosse,2019,38.9812726,-77.1233587
Will Gibeley,D,"Boxford, Mass.",mens-lacrosse,2019,42.6605844,-70.9971204
Jack Schifino,GK,"Tampa, Fla.",mens-lacrosse,2019,27.9449854,-82.4583107
Nate Koidahl,M,"Seattle, Wash.",mens-lacrosse,2019,47.6038321,-122.330062
Andrew Johnston,D,"Potomac, Md.",mens-lacrosse,2019,39.0180508,-77.1956331
Brendon Gallagher,LSM,"Olney, Md.",mens-lacrosse,2019,39.1469872,-77.0722227
Matt Erfle,D,"West Chester, Pa.",mens-lacrosse,2019,39.9597389,-75.6044609
Spencer Warezak,M,"Grosse Point, Mich.",mens-lacrosse,2019,47.085022,-88.4838816
Brett Gallagher,M,"Olney, Md.",mens-lacrosse,2019,39.1469872,-77.0722227
Michael Killion,M,"McLean, Va.",mens-lacrosse,2019,38.9366852,-77.185843
Kellen Paradine,D,"Greenlawn, N.Y.",mens-lacrosse,2019,40.8608685,-73.3633136
Albie Austin,D,"Berwyn, Pa.",mens-lacrosse,2019,40.0477701,-75.4421325
Jimmy Heidt,A/M,"Greenwich, Conn.",mens-lacrosse,2019,41.0264862,-73.6284598
Colin Prince,A/M,"Bradenton, Fla.",mens-lacrosse,2019,27.4989278,-82.5748194
William Stonestreet,M,"Weston, Mass.",mens-lacrosse,2019,42.3667625,-71.3031132
Jack Forrest,M,"Purcellville, Va.",mens-lacrosse,2019,39.1367039,-77.714845
Reece Lagerquist,D,"Scarborough, Maine",mens-lacrosse,2019,43.5899737,-70.3346065
Harlan Smart,M,"Sudbury, Mass.",mens-lacrosse,2019,42.3834278,-71.4161725
Parker Joyce,A,"Wellesley, Mass.",mens-lacrosse,2019,42.2964859,-71.2925571
Alex Burnley,GK,"Amherst, N.H.",mens-lacrosse,2019,42.8642874,-71.6252484
Kyle Clampitt,D,"Bloomsbury, N.J.",mens-lacrosse,2019,40.6539892,-75.0865619
Daniel Hincks,GK,"Newtonville, Mass.",mens-lacrosse,2019,42.3507339,-71.207021
Mike Connolly,M,"Wellesley, Mass.",mens-lacrosse,2019,42.2964859,-71.2925571
Greyson Ergenbright,M,"South Riding, Va.",mens-lacrosse,2019,38.9125645,-77.5109911
Westy McLaughlin,A,"Radnor, Pa.",mens-lacrosse,2019,40.0448619,-75.3594728
Kiernan Gunn,M,"Garden City, N.Y.",mens-lacrosse,2019,40.7266477,-73.6343052
George Prince,A,"Bradenton, Fla.",mens-lacrosse,2019,27.4989278,-82.5748194
Matt Paul,A,"Weston, Mass.",mens-lacrosse,2019,42.3667625,-71.3031132
Ben Martin,A,"Arlington, Va.",mens-lacrosse,2019,38.8769326,-77.0893094
Foster Burnley,D,"Amherst, N.H.",mens-lacrosse,2019,42.8642874,-71.6252484
Cormac Zachar,M,"Concord, Mass.",mens-lacrosse,2019,42.4605189,-71.3488963
TJ Bryan,Faceoff,"Cortlandt Manor, N.Y.",mens-lacrosse,2019,41.2815783,-73.7131153
Tommy Rogan,A,"Merrick, N.Y.",mens-lacrosse,2019,40.6523325,-73.5512469
David Gallagher,A,"Downingtown, Pa.",mens-lacrosse,2019,40.0064958,-75.7032742
Trevor Ballantyne,M,"Hopkinton, Mass.",mens-lacrosse,2019,42.2288875,-71.5196439
Mitchell Myers,Faceoff,"Huntington Beach, Calif.",mens-lacrosse,2019,33.6783336,-118.000016
Peter Chabot,M,"Rye, N.Y.",mens-lacrosse,2019,40.9821371,-73.6840902
Henry Stites,M,"Louisville, Ky.",mens-lacrosse,2019,38.2542376,-85.759407
Peter Rizzotti,LSM,"Sudbury, Mass.",mens-lacrosse,2019,42.3834278,-71.4161725
Chris Bacotti,M,"Massapequa Park, N.Y.",mens-lacrosse,2019,40.6803785,-73.4551241
George Christopher,GK,"Bethesda, Md.",mens-lacrosse,2019,38.9812726,-77.1233587
Liam O'Connell,M,"Suffern, N.Y.",mens-lacrosse,2019,41.1151372,-74.1493948
Payton St. Geme,A,"San Francisco, Calif.",mens-lacrosse,2019,37.7879363,-122.4075201
Jimmy Heidt,A/M,"Greenwich, Conn.",mens-lacrosse,2020,41.0264862,-73.6284598
Jackson McGinley,LSM,"Lake Oswego, Ore.",mens-lacrosse,2020,45.4206749,-122.670649
Nate Koidahl,M,"Seattle, Wash.",mens-lacrosse,2020,47.6038321,-122.330062
William Stonestreet,M,"Weston, Mass.",mens-lacrosse,2020,42.3667625,-71.3031132
Brendon Gallagher,LSM,"Olney, Md.",mens-lacrosse,2020,39.1469872,-77.0722227
Andrew Cave,M,"Bethesda, Md.",mens-lacrosse,2020,38.9812726,-77.1233587
Andrew Johnston,D,"Potomac, Md.",mens-lacrosse,2020,39.0180508,-77.1956331
Jack Cooleen,D,"Princeton, N.J.",mens-lacrosse,2020,40.3496953,-74.6597376
Henry Bonnie,A,"San Francisco, Calif.",mens-lacrosse,2020,37.7879363,-122.4075201
Will Gibeley,D,"Boxford, Mass.",mens-lacrosse,2020,42.6605844,-70.9971204
Michael Mauricio,A,"Westport, Conn.",mens-lacrosse,2020,41.1414855,-73.3578955
Lenox Huh,A/M,"Palo Alto, Calif.",mens-lacrosse,2020,37.4443293,-122.1598465
Spencer Warezak,M,"Grosse Point, Mich.",mens-lacrosse,2020,47.085022,-88.4838816
Ben DiGiovanni,M,"Pittsford, N.Y.",mens-lacrosse,2020,43.090959,-77.515298
TJ Bryan,Faceoff,"Cortlandt Manor, N.Y.",mens-lacrosse,2020,41.2815783,-73.7131153
Daniel Hincks,GK,"Newtonville, Mass.",mens-lacrosse,2020,42.3507339,-71.207021
Reece Lagerquist,D,"Scarborough, Maine",mens-lacrosse,2020,43.5899737,-70.3346065
Jack Schifino,GK,"Tampa, Fla.",mens-lacrosse,2020,27.9449854,-82.4583107
Kellen Paradine,D,"Greenlawn, N.Y.",mens-lacrosse,2020,40.8608685,-73.3633136
Nate Davis,A,"Bronxville, N.Y.",mens-lacrosse,2020,40.9381544,-73.8320784
Cooper Higgins,M,"Atlanta, Ga.",mens-lacrosse,2020,33.7544657,-84.3898151
Peter Rizzotti,LSM,"Sudbury, Mass.",mens-lacrosse,2020,42.3834278,-71.4161725
Matt Paul,A,"Weston, Mass.",mens-lacrosse,2020,42.3667625,-71.3031132
Brett Gallagher,M,"Olney, Md.",mens-lacrosse,2020,39.1469872,-77.0722227
George Prince,A,"Bradenton, Fla.",mens-lacrosse,2020,27.4989278,-82.5748194
Kiernan Gunn,M,"Garden City, N.Y.",mens-lacrosse,2020,40.7266477,-73.6343052
Foster Burnley,D,"Amherst, N.H.",mens-lacrosse,2020,42.8642874,-71.6252484
Tucker Hamlin,M,"Westlake, Texas",mens-lacrosse,2020,32.991226,-97.1943701
Greyson Ergenbright,M,"South Riding, Va.",mens-lacrosse,2020,38.9125645,-77.5109911
Mike Connolly,M,"Wellesley, Mass.",mens-lacrosse,2020,42.2964859,-71.2925571
Alex Burnley,GK,"Amherst, N.H.",mens-lacrosse,2020,42.8642874,-71.6252484
Matt Erfle,D,"West Chester, Pa.",mens-lacrosse,2020,39.9597389,-75.6044609
Cormac Zachar,M,"Concord, Mass.",mens-lacrosse,2020,42.4605189,-71.3488963
Westy McLaughlin,A,"Radnor, Pa.",mens-lacrosse,2020,40.0448619,-75.3594728
Tommy Rogan,A,"Merrick, N.Y.",mens-lacrosse,2020,40.6523325,-73.5512469
Henry Stites,M,"Louisville, Ky.",mens-lacrosse,2020,38.2542376,-85.759407
Mitchell Myers,Faceoff,"Huntington Beach, Calif.",mens-lacrosse,2020,33.6783336,-118.000016
Trevor Ballantyne,M,"Hopkinton, Mass.",mens-lacrosse,2020,42.2288875,-71.5196439
Colin Prince,A/M,"Bradenton, Fla.",mens-lacrosse,2020,27.4989278,-82.5748194
Blake Brookes,D,"Boston, Mass.",mens-lacrosse,2020,42.3588336,-71.0578303
Payton St. Geme,A,"San Francisco, Calif.",mens-lacrosse,2020,37.7879363,-122.4075201
Parker Joyce,A,"Wellesley, Mass.",mens-lacrosse,2020,42.2964859,-71.2925571
Peter Lapina,A,"Manhasset, N.Y.",mens-lacrosse,2020,40.786702,-73.6967338
Hunter Binney,GK,"Carlsbad, Calif.",mens-lacrosse,2020,33.1352045,-117.329126
Griffin O'Neil,D,"Providence, R.I.",mens-lacrosse,2021,41.8239891,-71.4128343
Colin McGill,A,"Devon, Pa.",mens-lacrosse,2021,40.0473603,-75.4229511
Logan Tucker,Faceoff,"Greenwich, Conn.",mens-lacrosse,2021,41.0264862,-73.6284598
Andrew Cave,M,"Bethesda, Md.",mens-lacrosse,2021,38.9812726,-77.1233587
Henry Stites,M,"Louisville, Ky.",mens-lacrosse,2021,38.2542376,-85.759407
Tyler Ford,A,"Oakville, Ontario",mens-lacrosse,2021,43.447436,-79.666672
Andrew Johnston,D,"Potomac, Md.",mens-lacrosse,2021,39.0180508,-77.1956331
Brendon Gallagher,LSM,"Olney, Md.",mens-lacrosse,2021,39.1469872,-77.0722227
Jackson McGinley,LSM,"Lake Oswego, Ore.",mens-lacrosse,2021,45.4206749,-122.670649
Matt Paul,A,"Weston, Mass.",mens-lacrosse,2021,42.3667625,-71.3031132
Cooper Higgins,M,"Atlanta, Ga.",mens-lacrosse,2021,33.7544657,-84.3898151
Vincent Gandolfo,Faceoff,"Lloyd Harbor, N.Y.",mens-lacrosse,2021,40.9034315,-73.4598432
Holden Deck,M,"Toronto, Ontario",mens-lacrosse,2021,43.6534817,-79.3839347
Reece Lagerquist,D,"Scarborough, Maine",mens-lacrosse,2021,43.5899737,-70.3346065
Ben DiGiovanni,M,"Pittsford, N.Y.",mens-lacrosse,2021,43.090959,-77.515298
Mason Morel,GK,"Atlanta, Ga.",mens-lacrosse,2021,33.7544657,-84.3898151
Spencer Warezak,M,"Grosse Point, Mich.",mens-lacrosse,2021,47.085022,-88.4838816
Tucker Hamlin,M,"Westlake, Texas",mens-lacrosse,2021,32.991226,-97.1943701
Jack Cooleen,D,"Princeton, N.J.",mens-lacrosse,2021,40.3496953,-74.6597376
Nate Davis,A,"Bronxville, N.Y.",mens-lacrosse,2021,40.9381544,-73.8320784
TJ Bryan,Faceoff,"Cortlandt Manor, N.Y.",mens-lacrosse,2021,41.2815783,-73.7131153
Michael Mauricio,A,"Westport, Conn.",mens-lacrosse,2021,41.1414855,-73.3578955
Greyson Ergenbright,M,"South Riding, Va.",mens-lacrosse,2021,38.9125645,-77.5109911
Quintin Campbell,M,"Haverford, Pa.",mens-lacrosse,2021,40.0129191,-75.2966948
George Prince,A,"Bradenton, Fla.",mens-lacrosse,2021,27.4989278,-82.5748194
Hunter Binney,GK,"Carlsbad, Calif.",mens-lacrosse,2021,33.1352045,-117.329126
Foster Burnley,D,"Amherst, N.H.",mens-lacrosse,2021,42.8642874,-71.6252484
Lenox Huh,A/M,"Palo Alto, Calif.",mens-lacrosse,2021,37.4443293,-122.1598465
Peter Lapina,A,"Manhasset, N.Y.",mens-lacrosse,2021,40.786702,-73.6967338
Brett Gallagher,M,"Olney, Md.",mens-lacrosse,2021,39.1469872,-77.0722227
Blake Brookes,D,"Boston, Mass.",mens-lacrosse,2021,42.3588336,-71.0578303
Daniel Hincks,GK,"Newtonville, Mass.",mens-lacrosse,2021,42.3507339,-71.207021
Colin Niehaus,M,"San Francisco, Calif.",mens-lacrosse,2021,37.7879363,-122.4075201
Peter Rizzotti,D,"Sudbury, Mass.",mens-lacrosse,2021,42.3834278,-71.4161725
Brandon Ventarola,M,"Mount Sinai, N.Y.",mens-lacrosse,2021,40.941066,-73.0194555
Tommy Rogan,A,"Merrick, N.Y.",mens-lacrosse,2021,40.6523325,-73.5512469
Quinn Moore,M,"Montclair, N.J.",mens-lacrosse,2021,40.8164458,-74.2210643
Cam Hitchcock,D,"Carmel, Ind.",mens-lacrosse,2021,39.9784186,-86.1283681
Joe Azelby,LSM,"Sammamish, Wash.",mens-lacrosse,2021,47.6017554,-122.0416844
Colin Prince,A/M,"Bradenton, Fla.",mens-lacrosse,2021,27.4989278,-82.5748194
Henry Bonnie,A,"San Francisco, Calif.",mens-lacrosse,2021,37.7879363,-122.4075201
Payton St. Geme,A,"San Francisco, Calif.",mens-lacrosse,2021,37.7879363,-122.4075201
Mitchell Myers,Faceoff,"Huntington Beach, Calif.",mens-lacrosse,2021,33.6783336,-118.000016
Kellen Seeley,M,"Avon, Conn.",mens-lacrosse,2022,41.8098209,-72.8306541
Zak Oehlerking,A,"Hughesville, Md.",mens-lacrosse,2022,38.537151,-76.7856046
Thomas Vandenberg,M,"Salt Lake City, Utah",mens-lacrosse,2022,40.7596198,-111.886797
Quintin Campbell,M,"Haverford, Pa.",mens-lacrosse,2022,40.0129191,-75.2966948
Nate Davis,A,"Bronxville, N.Y.",mens-lacrosse,2022,40.9381544,-73.8320784
Logan Tucker,FO/M,"Greenwich, Conn.",mens-lacrosse,2022,41.0264862,-73.6284598
Lenox Huh,A/M,"Palo Alto, Calif.",mens-lacrosse,2022,37.4443293,-122.1598465
Andrew Johnston,D,"Potomac, Md.",mens-lacrosse,2022,39.0180508,-77.1956331
Hunter Binney,GK,"Carlsbad, Calif.",mens-lacrosse,2022,33.1352045,-117.329126
Jack Cooleen,D,"Princeton, N.J.",mens-lacrosse,2022,40.3496953,-74.6597376
TJ Bryan,Faceoff,"Cortlandt Manor, N.Y.",mens-lacrosse,2022,41.2815783,-73.7131153
Emmett Paradine,M,"Hickory, N.C.",mens-lacrosse,2022,35.7333312,-81.3442915
Max LaTorre,D,"Far Hills, N.J.",mens-lacrosse,2022,40.684268,-74.6357148
Cooper Higgins,M,"Atlanta, Ga.",mens-lacrosse,2022,33.7544657,-84.3898151
Michael Mauricio,A,"Westport, Conn.",mens-lacrosse,2022,41.1414855,-73.3578955
Holden Deck,M,"Toronto, Ontario",mens-lacrosse,2022,43.6534817,-79.3839347
Mason Morel,G,"Atlanta, Ga.",mens-lacrosse,2022,33.7544657,-84.3898151
Brett Gallagher,M,"Olney, Md.",mens-lacrosse,2022,39.1469872,-77.0722227
Reece Lagerquist,D,"Scarborough, Maine",mens-lacrosse,2022,43.5899737,-70.3346065
Brendon Gallagher,LSM,"Olney, Md.",mens-lacrosse,2022,39.1469872,-77.0722227
Brandon Ventarola,M,"Mount Sinai, N.Y.",mens-lacrosse,2022,40.941066,-73.0194555
Ben DiGiovanni,M,"Pittsford, N.Y.",mens-lacrosse,2022,43.090959,-77.515298
Peter Lapina,A,"Manhasset, N.Y.",mens-lacrosse,2022,40.786702,-73.6967338
Jackson McGinley,LSM,"Lake Oswego, Ore.",mens-lacrosse,2022,45.4206749,-122.670649
Quinn Moore,M,"Montclair, N.J.",mens-lacrosse,2022,40.8164458,-74.2210643
Colin McGill,A,"Devon, Pa.",mens-lacrosse,2022,40.0473603,-75.4229511
Thomas Goguen,D,"Weston, Mass.",mens-lacrosse,2022,42.3667625,-71.3031132
Sam Cooper,G,"Rancho Santa Fe, Calif.",mens-lacrosse,2022,33.0242314,-117.1979781
Blake Brookes,D,"Boston, Mass.",mens-lacrosse,2022,42.3588336,-71.0578303
Vincent Gandolfo,Faceoff,"Lloyd Harbor, N.Y.",mens-lacrosse,2022,40.9034315,-73.4598432
Tommy Rogan,A,"Merrick, N.Y.",mens-lacrosse,2022,40.6523325,-73.5512469
Colin Niehaus,M,"San Francisco, Calif.",mens-lacrosse,2022,37.7879363,-122.4075201
Peter Rizzotti,D,"Sudbury, Mass.",mens-lacrosse,2022,42.3834278,-71.4161725
Cam Hitchcock,D,"Carmel, Ind.",mens-lacrosse,2022,39.9784186,-86.1283681
Tyler Ford,A,"Oakville, Ontario",mens-lacrosse,2022,43.447436,-79.666672
Cameron Brown,M,"Chevy Chase, Md.",mens-lacrosse,2022,38.9813699,-77.0849245
Henry Bonnie,A,"San Francisco, Calif.",mens-lacrosse,2022,37.7879363,-122.4075201
Griffin O'Neil,D,"Providence, R.I.",mens-lacrosse,2022,41.8239891,-71.4128343
Jesse Phelan,D,"Syosset, N.Y.",mens-lacrosse,2022,40.814858,-73.5017966
Mitchell Myers,Faceoff,"Huntington Beach, Calif.",mens-lacrosse,2022,33.6783336,-118.000016
Payton St. Geme,M,"San Francisco, Calif.",mens-lacrosse,2022,37.7879363,-122.4075201
Hopper Zappitello,A,"Portland, Ore.",mens-lacrosse,2022,45.5202471,-122.674194
Joe Azelby,LSM,"Sammamish, Wash.",mens-lacrosse,2022,47.6017554,-122.0416844
Tommy Rogan,A,"Merrick, N.Y.",mens-lacrosse,2023,40.6523325,-73.5512469
Elliott Fee,A,"Portland, Ore.",mens-lacrosse,2023,45.5202471,-122.674194
Quinn Moore,M,"Montclair, N.J.",mens-lacrosse,2023,40.8164458,-74.2210643
Eli Goldstein,M,"Weston, Mass.",mens-lacrosse,2023,42.3667625,-71.3031132
Hopper Zappitello,A,"Portland, Ore.",mens-lacrosse,2023,45.5202471,-122.674194
Jesse Phelan,D,"Syosset, N.Y.",mens-lacrosse,2023,40.814858,-73.5017966
Peter Lapina,A,"Manhasset, N.Y.",mens-lacrosse,2023,40.786702,-73.6967338
Thomas Goguen,D,"Weston, Mass.",mens-lacrosse,2023,42.3667625,-71.3031132
Cameron Brown,M,"Chevy Chase, Md.",mens-lacrosse,2023,38.9813699,-77.0849245
Cam Hitchcock,D,"Carmel, Ind.",mens-lacrosse,2023,39.9784186,-86.1283681
Evan Busby,Faceoff,"Fenton, Mich.",mens-lacrosse,2023,42.7978061,-83.7049498
Sam Cooper,G,"Rancho Santa Fe, Calif.",mens-lacrosse,2023,33.0242314,-117.1979781
Tyler Ford,A,"Oakville, Ontario",mens-lacrosse,2023,43.447436,-79.666672
Ryan Williamson,G,"Canton, Mass.",mens-lacrosse,2023,42.1584324,-71.1447732
Joe Azelby,LSM,"Sammamish, Wash.",mens-lacrosse,2023,47.6017554,-122.0416844
Andrew Klis,D,"Davie, Fla.",mens-lacrosse,2023,26.0628665,-80.2331038
Payton St. Geme,M,"San Francisco, Calif.",mens-lacrosse,2023,37.7879363,-122.4075201
Will Cohen,LSM/D,"Bethesda, Md.",mens-lacrosse,2023,38.9812726,-77.1233587
Mitchell Myers,Faceoff,"Huntington Beach, Calif.",mens-lacrosse,2023,33.6783336,-118.000016
Colin McGill,A,"Devon, Pa.",mens-lacrosse,2023,40.0473603,-75.4229511
Brandon Ventarola,M,"Mount Sinai, N.Y.",mens-lacrosse,2023,40.941066,-73.0194555
Henry Bonnie,A,"San Francisco, Calif.",mens-lacrosse,2023,37.7879363,-122.4075201
Emmett Paradine,M,"Hickory, N.C.",mens-lacrosse,2023,35.7333312,-81.3442915
Griffin Ellis,M/A,"Redding, Conn.",mens-lacrosse,2023,41.3029342,-73.3833661
Sean McMahon,M,"Collingwood, Ontario",mens-lacrosse,2023,44.5027226,-80.2172379
Holden Deck,M,"Toronto, Ontario",mens-lacrosse,2023,43.6534817,-79.3839347
Collin Kuester,G,"Manhasset, N.Y.",mens-lacrosse,2023,40.786702,-73.6967338
Michael Mauricio,A,"Westport, Conn.",mens-lacrosse,2023,41.1414855,-73.3578955
Zak Oehlerking,A,"Hughesville, Md.",mens-lacrosse,2023,38.537151,-76.7856046
Mason Morel,G,"Atlanta, Ga.",mens-lacrosse,2023,33.7544657,-84.3898151
Logan Tucker,M,"Greenwich, Conn.",mens-lacrosse,2023,41.0264862,-73.6284598
Colin Niehaus,M,"San Francisco, Calif.",mens-lacrosse,2023,37.7879363,-122.4075201
Luke Lowery,LSM/D,"Ponte Vedra, Fla.",mens-lacrosse,2023,30.2396865,-81.3856384
Max LaTorre,D,"Far Hills, N.J.",mens-lacrosse,2023,40.684268,-74.6357148
Vincent Gandolfo,Faceoff,"Lloyd Harbor, N.Y.",mens-lacrosse,2023,40.9034315,-73.4598432
Thomas Vandenberg,M,"Salt Lake City, Utah",mens-lacrosse,2023,40.7596198,-111.886797
Ben DiGiovanni,M,"Pittsford, N.Y.",mens-lacrosse,2023,43.090959,-77.515298
Quintin Campbell,M,"Haverford, Pa.",mens-lacrosse,2023,40.0129191,-75.2966948
Jack Cooleen,D,"Princeton, N.J.",mens-lacrosse,2023,40.3496953,-74.6597376
Nate Davis,A,"Bronxville, N.Y.",mens-lacrosse,2023,40.9381544,-73.8320784
Griffin O'Neil,D,"Providence, R.I.",mens-lacrosse,2023,41.8239891,-71.4128343
Cooper Higgins,M,"Atlanta, Ga.",mens-lacrosse,2023,33.7544657,-84.3898151
Andrew Johnston,D,"Potomac, Md.",mens-lacrosse,2023,39.0180508,-77.1956331
Vincent Gandolfo,Faceoff,"Lloyd Harbor, N.Y.",mens-lacrosse,2024,40.9034315,-73.4598432
Ben DiGiovanni,M,"Pittsford, N.Y.",mens-lacrosse,2024,43.090959,-77.515298
Holden Deck,M,"Toronto, Ontario",mens-lacrosse,2024,43.6534817,-79.3839347
David Sullivan,D,"Medfield, Mass.",mens-lacrosse,2024,42.1865609,-71.30546
Thomas Vandenberg,M,"Salt Lake City, Utah",mens-lacrosse,2024,40.7596198,-111.886797
Will Cohen,LSM/D,"Bethesda, Md.",mens-lacrosse,2024,38.9812726,-77.1233587
Campbell Florence,D,"Locust Valley, N.Y.",mens-lacrosse,2024,40.8775225,-73.5723052
Quinn Stankovits,M,"Rumson, N.J.",mens-lacrosse,2024,40.372054,-73.9990269
Harrison Keith,M,"Fairfield, Conn.",mens-lacrosse,2024,41.1412078,-73.2637258
Emmett Paradine,M,"Hickory, N.C.",mens-lacrosse,2024,35.7333312,-81.3442915
Griffin Ellis,A,"Redding, Conn.",mens-lacrosse,2024,41.3029342,-73.3833661
Mason Morel,G,"Atlanta, Ga.",mens-lacrosse,2024,33.7544657,-84.3898151
Quintin Campbell,M,"Haverford, Pa.",mens-lacrosse,2024,40.0129191,-75.2966948
Sean McMahon,M,"Collingwood, Ontario",mens-lacrosse,2024,44.5027226,-80.2172379
Griffin O'Neil,D,"Providence, R.I.",mens-lacrosse,2024,41.8239891,-71.4128343
Spencer Reagan,FO,"Salt Lake City, Utah",mens-lacrosse,2024,40.7596198,-111.886797
Christian Noriega,G,"Tampa, Fla.",mens-lacrosse,2024,27.9449854,-82.4583107
Nate Davis,A,"Bronxville, N.Y.",mens-lacrosse,2024,40.9381544,-73.8320784
Marco Dzamba,M,"Boonton Township, N.J.",mens-lacrosse,2024,40.9314543,-74.4291549
Colin Fagan,M,"Rancho Santa Fe, Calif.",mens-lacrosse,2024,33.0242314,-117.1979781
Luke Lowery,LSM/D,"Ponte Vedra, Fla.",mens-lacrosse,2024,30.2396865,-81.3856384
Evan Busby,Faceoff,"Fenton, Mich.",mens-lacrosse,2024,42.7978061,-83.7049498
Tyler Juhlin,A,"Kinnelon, N.J.",mens-lacrosse,2024,41.0017644,-74.367096
Joe Azelby,LSM,"Sammamish, Wash.",mens-lacrosse,2024,47.6017554,-122.0416844
Elliott Fee,A,"Portland, Ore.",mens-lacrosse,2024,45.5202471,-122.674194
Thomas Goguen,D,"Weston, Mass.",mens-lacrosse,2024,42.3667625,-71.3031132
Colin McGill,A,"Devon, Pa.",mens-lacrosse,2024,40.0473603,-75.4229511
Tyler Ford,A,"Oakville, Ontario",mens-lacrosse,2024,43.447436,-79.666672
Quinn Moore,M,"Montclair, N.J.",mens-lacrosse,2024,40.8164458,-74.2210643
Julian Navab,M,"New York, N.Y.",mens-lacrosse,2024,40.7127281,-74.0060152
Eli Goldstein,M,"Weston, Mass.",mens-lacrosse,2024,42.3667625,-71.3031132
Jesse Phelan,D,"Syosset, N.Y.",mens-lacrosse,2024,40.814858,-73.5017966
Jackson Monte,A,"Fairport, N.Y.",mens-lacrosse,2024,43.0993,-77.443014
Kevin Bryan,G,"Cortlandt Manor, N.Y.",mens-lacrosse,2024,41.2815783,-73.7131153
Jack Mulholland,D,"Manhasset, N.Y.",mens-lacrosse,2024,40.786702,-73.6967338
Hopper Zappitello,A,"Portland, Ore.",mens-lacrosse,2024,45.5202471,-122.674194
Cam Hitchcock,D,"Carmel, Ind.",mens-lacrosse,2024,39.9784186,-86.1283681
Brandon Ventarola,M,"Mount Sinai, N.Y.",mens-lacrosse,2024,40.941066,-73.0194555
William Stahl,M,"Newport Beach, Calif.",mens-lacrosse,2024,33.6170092,-117.9294401
Ryan Williamson,G,"Canton, Mass.",mens-lacrosse,2024,42.1584324,-71.1447732
Andrew Klis,D,"Davie, Fla.",mens-lacrosse,2024,26.0628665,-80.2331038
Thomas Power,A,"Englewood, Colo.",mens-lacrosse,2024,39.6482059,-104.9879641
Alex Jessey,A,"Charlotte, N.C.",mens-lacrosse,2024,35.2272086,-80.8430827
Emmett Paradine,M,"Hickory, N.C.",mens-lacrosse,2025,35.7333312,-81.3442915
George Hawley,D,"Fairfield, Conn.",mens-lacrosse,2025,41.1412078,-73.2637258
Gavin Parks,M,"Rochester, N.Y.",mens-lacrosse,2025,43.157285,-77.615214
Will Cohen,LSM/D,"Bethesda, Md.",mens-lacrosse,2025,38.9812726,-77.1233587
Colin Fagan,M,"Rancho Santa Fe, Calif.",mens-lacrosse,2025,33.0242314,-117.1979781
Griffin Ellis,A,"Redding, Conn.",mens-lacrosse,2025,41.3029342,-73.3833661
Jesse Phelan,D,"Syosset, N.Y.",mens-lacrosse,2025,40.814858,-73.5017966
Julian Navab,M,"New York, N.Y.",mens-lacrosse,2025,40.7127281,-74.0060152
Marco Dzamba,M,"Boonton Township, N.J.",mens-lacrosse,2025,40.9314543,-74.4291549
Nick Moore,M,"Acton, Mass.",mens-lacrosse,2025,42.4850931,-71.43284
Dylan Baumgarth,FO,"Northport, N.Y.",mens-lacrosse,2025,40.9009595,-73.343167
Alex Jessey,A,"Charlotte, N.C.",mens-lacrosse,2025,35.2272086,-80.8430827
Kevin Bryan,G,"Cortlandt Manor, N.Y.",mens-lacrosse,2025,41.2815783,-73.7131153
Luke Lowery,LSM/D,"Ponte Vedra, Fla.",mens-lacrosse,2025,30.2396865,-81.3856384
Thomas Vandenberg,M,"Salt Lake City, Utah",mens-lacrosse,2025,40.7596198,-111.886797
Sean McMahon,M,"Collingwood, Ontario",mens-lacrosse,2025,44.5027226,-80.2172379
Christian Noriega,G,"Tampa, Fla.",mens-lacrosse,2025,27.9449854,-82.4583107
Gordie Leary,M,"Longmeadow, Mass.",mens-lacrosse,2025,42.0504498,-72.5824639
Zach Bye,A,"Greenwich, Conn.",mens-lacrosse,2025,41.0264862,-73.6284598
David Sullivan,D,"Medfield, Mass.",mens-lacrosse,2025,42.1865609,-71.30546
William Stahl,M,"Newport Beach, Calif.",mens-lacrosse,2025,33.6170092,-117.9294401
Jack Mulholland,D,"Manhasset, N.Y.",mens-lacrosse,2025,40.786702,-73.6967338
Ryan Williamson,G,"Canton, Mass.",mens-lacrosse,2025,42.1584324,-71.1447732
Elliott Fee,A,"Portland, Ore.",mens-lacrosse,2025,45.5202471,-122.674194
Evan Busby,Faceoff,"Fenton, Mich.",mens-lacrosse,2025,42.7978061,-83.7049498
Spencer Reagan,FO,"Salt Lake City, Utah",mens-lacrosse,2025,40.7596198,-111.886797
John Stenberg,M,"Hingham, Mass.",mens-lacrosse,2025,42.2417669,-70.8897676
Eli Goldstein,M,"Weston, Mass.",mens-lacrosse,2025,42.3667625,-71.3031132
Stu Gates,A,"Mill Valley, Calif.",mens-lacrosse,2025,37.9060368,-122.5449763
Max Becker,G,"Waltham, Mass.",mens-lacrosse,2025,42.3762385,-71.2355644
Campbell Florence,D,"Locust Valley, N.Y.",mens-lacrosse,2025,40.8775225,-73.5723052
Kevin Graff,A,"Bloomington, Minn.",mens-lacrosse,2025,44.8322405,-93.3204872
Quinn Stankovits,M,"Rumson, N.J.",mens-lacrosse,2025,40.372054,-73.9990269
Thomas Power,A,"Englewood, Colo.",mens-lacrosse,2025,39.6482059,-104.9879641
Tyler Juhlin,A,"Kinnelon, N.J.",mens-lacrosse,2025,41.0017644,-74.367096
Matthew Scheible,LSM,"Jackson, Wyo.",mens-lacrosse,2025,43.479965,-110.761815
Hopper Zappitello,A,"Portland, Ore.",mens-lacrosse,2025,45.5202471,-122.674194
Frank Argilagos,D,"Rumson, N.J.",mens-lacrosse,2025,40.372054,-73.9990269
Mitchell Monte,A/M,"Fairport, N.Y.",mens-lacrosse,2025,43.0993,-77.443014
Thomas Goguen,D,"Weston, Mass.",mens-lacrosse,2025,42.3667625,-71.3031132
Jackson Monte,A,"Fairport, N.Y.",mens-lacrosse,2025,43.0993,-77.443014
K.J. Edwards,M,"Rochester, N.Y.",mens-lacrosse,2025,43.157285,-77.615214
Max Voigt,A,"Chatham, N.J.",mens-lacrosse,2025,40.7409242,-74.3836711
Kristen Hinckley,D,"Bryn Mawr, Pa.",womens-lacrosse,2016,40.0238245,-75.3173407
Elizabeth Jacobs,A,"Princeton, N.J.",womens-lacrosse,2016,40.3496953,-74.6597376
Campbell Brewer,A,"Richmond, Va.",womens-lacrosse,2016,37.5385087,-77.43428
Kiera Vrindten,GK,"Warren, N.J.",womens-lacrosse,2016,40.8602222,-74.9720493
Sarah Ross,A,"Cranford, N.J.",womens-lacrosse,2016,40.656539,-74.3035794
Lindsay Frumer,D,"Wayne, Pa.",womens-lacrosse,2016,41.6264414,-75.3045103
Lauren D'Amico,D,"Westfield, N.J.",womens-lacrosse,2016,40.651726,-74.3483059
Katie Bourque,M,"Ridgewood, N.J.",womens-lacrosse,2016,40.9796683,-74.1194403
Katie O'Neill,M,"Garden City, N.J.",womens-lacrosse,2016,39.7726143,-75.0704492
Kristen Maiorano,M,"Chatham, N.J.",womens-lacrosse,2016,40.7409242,-74.3836711
Ellie Carson,M,"Alexandria, Va.",womens-lacrosse,2016,38.8051095,-77.0470229
Sophie Davidson,M,"Alexandria, Va.",womens-lacrosse,2016,38.8051095,-77.0470229
Kelly Dolan,A,"Barrington, R.I.",womens-lacrosse,2016,41.7407661,-71.3084633
Elizabeth Mastrio,M,"Wilbraham, Mass.",womens-lacrosse,2016,42.1223378,-72.4313151
Larson Bennett,M,"Providence, R.I.",womens-lacrosse,2016,41.8239891,-71.4128343
Kellen D'Alleva,A,"Manhasset, N.Y.",womens-lacrosse,2016,40.786702,-73.6967338
Charlotte Wahle,GK,"Duxbury, Mass.",womens-lacrosse,2016,42.0417695,-70.672259
Kathryn Giroux,M,"Summit, N.J.",womens-lacrosse,2016,40.7182356,-74.3592296
Kierra Sweeney,A,"Oakton, Va.",womens-lacrosse,2016,38.896795,-77.2987377
Courtney Weisse,A,"Westfield, N.J.",womens-lacrosse,2016,40.651726,-74.3483059
Kate White,D,"Villanova, Pa.",womens-lacrosse,2016,40.0411671,-75.3310527
Taryn Deck,M,"Wayne, Pa.",womens-lacrosse,2016,41.6264414,-75.3045103
Polly Carter,A,"Concord, N.H.",womens-lacrosse,2016,43.207178,-71.537476
Lauren Maiorano,M,"Chatham, N.J.",womens-lacrosse,2016,40.7409242,-74.3836711
Natalee Palmer,M,"Charlotte, N.C.",womens-lacrosse,2016,35.2272086,-80.8430827
Ellie Bennett,D,"Darien, Conn.",womens-lacrosse,2016,41.0787079,-73.4692873
Isabel Taben,M,"New Canaan, Conn.",womens-lacrosse,2016,41.146763,-73.4948446
Blake Hamblett,D,"Wayne, Pa.",womens-lacrosse,2016,41.6264414,-75.3045103
Tori Chanenchuk,M,"Newton, Mass.",womens-lacrosse,2016,42.3300435,-71.194862
Sophia Turchetta,M,"Harvard, Mass.",womens-lacrosse,2016,42.3657432,-71.1222139
Cara DePippo,A,"Manhasset, N.Y.",womens-lacrosse,2016,40.786702,-73.6967338
Sarah Ross,A,"Cranford, N.J.",womens-lacrosse,2017,40.656539,-74.3035794
Katie Bourque,M,"Ridgewood, N.J.",womens-lacrosse,2017,40.9796683,-74.1194403
Katie O'Neill,M,"Garden City, N.J.",womens-lacrosse,2017,39.7726143,-75.0704492
Kierra Sweeney,A,"Oakton, Va.",womens-lacrosse,2017,38.896795,-77.2987377
Kristen Maiorano,D,"Chatham, N.J.",womens-lacrosse,2017,40.7409242,-74.3836711
Lindsay Frumer,D,"Wayne, Pa.",womens-lacrosse,2017,41.6264414,-75.3045103
Katie Forman,GK,"Olney, Md.",womens-lacrosse,2017,39.1469872,-77.0722227
Kiera Vrindten,GK,"Warren, N.J.",womens-lacrosse,2017,40.8602222,-74.9720493
Hailey Ricciardi,D,"Ridgewood, N.J.",womens-lacrosse,2017,40.9796683,-74.1194403
Lauren D'Amico,D,"Westfield, N.J.",womens-lacrosse,2017,40.651726,-74.3483059
Michelle Yu,A,"Oyster Bay, N.Y.",womens-lacrosse,2017,40.7696568,-73.4998608
Veta Mayer,M,"Providence, R.I.",womens-lacrosse,2017,41.8239891,-71.4128343
Tori Chanenchuk,A,"Newton, Mass.",womens-lacrosse,2017,42.3300435,-71.194862
Kellen D'Alleva,A,"Manhasset, N.Y.",womens-lacrosse,2017,40.786702,-73.6967338
Charlotte Wahle,GK,"Duxbury, Mass.",womens-lacrosse,2017,42.0417695,-70.672259
Cara DePippo,A,"Manhasset, N.Y.",womens-lacrosse,2017,40.786702,-73.6967338
Ellie Carson,A,"Alexandria, Va.",womens-lacrosse,2017,38.8051095,-77.0470229
Riley Ricciardi,D,"Ridgewood, N.J.",womens-lacrosse,2017,40.9796683,-74.1194403
Campbell Brewer,A,"Richmond, Va.",womens-lacrosse,2017,37.5385087,-77.43428
Kathryn Giroux,M,"Summit, N.J.",womens-lacrosse,2017,40.7182356,-74.3592296
Ellie Bennett,D,"Darien, Conn.",womens-lacrosse,2017,41.0787079,-73.4692873
Schuyler Bixby,A,"Chatham, N.J.",womens-lacrosse,2017,40.7409242,-74.3836711
Natalee Palmer,M/D,"Charlotte, N.C.",womens-lacrosse,2017,35.2272086,-80.8430827
Larson Bennett,M,"Providence, R.I.",womens-lacrosse,2017,41.8239891,-71.4128343
Isabel Taben,A,"New Canaan, Conn.",womens-lacrosse,2017,41.146763,-73.4948446
Elizabeth Mastrio,M,"Wilbraham, Mass.",womens-lacrosse,2017,42.1223378,-72.4313151
Emma Lesko,M/D,"Darien, Conn.",womens-lacrosse,2017,41.0787079,-73.4692873
Elizabeth Jacobs,A,"Princeton, N.J.",womens-lacrosse,2017,40.3496953,-74.6597376
Polly Carter,D,"Concord, N.H.",womens-lacrosse,2017,43.207178,-71.537476
Sophie Davidson,M,"Alexandria, Va.",womens-lacrosse,2017,38.8051095,-77.0470229
Gabrielle McCarthy,M,"Sudbury, Mass.",womens-lacrosse,2017,42.3834278,-71.4161725
Kate White,D,"Villanova, Pa.",womens-lacrosse,2017,40.0411671,-75.3310527
Claire Marshall,M,"New Canaan, Conn.",womens-lacrosse,2017,41.146763,-73.4948446
Sophia Turchetta,M,"Harvard, Mass.",womens-lacrosse,2017,42.3657432,-71.1222139
Riley Ricciardi,D,"Ridgewood, N.J.",womens-lacrosse,2018,40.9796683,-74.1194403
Kathryn Giroux,M,"Summit, N.J.",womens-lacrosse,2018,40.7182356,-74.3592296
Jazmyne Ward,M,"Sherwood Park, Alberta",womens-lacrosse,2018,53.5256963,-113.296631
Campbell Brewer,A,"Richmond, Va.",womens-lacrosse,2018,37.5385087,-77.43428
Sophia Turchetta,M,"Harvard, Mass.",womens-lacrosse,2018,42.3657432,-71.1222139
Tori Chanenchuk,A,"Newton, Mass.",womens-lacrosse,2018,42.3300435,-71.194862
Emma Lesko,M,"Darien, Conn.",womens-lacrosse,2018,41.0787079,-73.4692873
Emma Macaione,D,"Wayne, Pa.",womens-lacrosse,2018,41.6264414,-75.3045103
Elizabeth Mastrio,M,"Wilbraham, Mass.",womens-lacrosse,2018,42.1223378,-72.4313151
Natalee Palmer,D,"Charlotte, N.C.",womens-lacrosse,2018,35.2272086,-80.8430827
Schuyler Bixby,A,"Chatham, N.J.",womens-lacrosse,2018,40.7409242,-74.3836711
Kate White,D,"Villanova, Pa.",womens-lacrosse,2018,40.0411671,-75.3310527
Maggie O'Gorman,A,"Riverside, Conn.",womens-lacrosse,2018,41.0314897,-73.5833604
Anna Griffith,M,"Timonium, Md.",womens-lacrosse,2018,39.4475075,-76.5974223
Adrie Luster,M,"Wellesley, Mass.",womens-lacrosse,2018,42.2964859,-71.2925571
Claire Marshall,M,"New Canaan, Conn.",womens-lacrosse,2018,41.146763,-73.4948446
Polly Carter,D,"Concord, N.H.",womens-lacrosse,2018,43.207178,-71.537476
Katie Forman,GK,"Olney, Md.",womens-lacrosse,2018,39.1469872,-77.0722227
Charlotte Wahle,GK,"Duxbury, Mass.",womens-lacrosse,2018,42.0417695,-70.672259
Kellen D'Alleva,A,"Manhasset, N.Y.",womens-lacrosse,2018,40.786702,-73.6967338
Michelle Yu,A,"Oyster Bay, N.Y.",womens-lacrosse,2018,40.7696568,-73.4998608
Kate Bennett,D,"Newtown, Pa.",womens-lacrosse,2018,40.2294046,-74.9365329
Kierra Sweeney,A,"Oakton, Va.",womens-lacrosse,2018,38.896795,-77.2987377
Kiera Vrindten,GK,"Warren, N.J.",womens-lacrosse,2018,40.8602222,-74.9720493
Gabrielle McCarthy,M,"Sudbury, Mass.",womens-lacrosse,2018,42.3834278,-71.4161725
Becca Wade,GK,"Hampstead, Md.",womens-lacrosse,2018,39.6028444,-76.8534845
Ellie Carson,A,"Alexandria, Va.",womens-lacrosse,2018,38.8051095,-77.0470229
Kristen Maiorano,D,"Chatham, N.J.",womens-lacrosse,2018,40.7409242,-74.3836711
Katie Bourque,M,"Ridgewood, N.J.",womens-lacrosse,2018,40.9796683,-74.1194403
Sophie Skallerud,D,"Edina, Minn.",womens-lacrosse,2018,44.8897027,-93.3501222
Veta Mayer,M,"Providence, R.I.",womens-lacrosse,2018,41.8239891,-71.4128343
Lauren D'Amico,D,"Westfield, N.J.",womens-lacrosse,2018,40.651726,-74.3483059
Jenn Wendelken,A,"Charlottesville, Va.",womens-lacrosse,2018,38.029306,-78.4766781
Hailey Ricciardi,D,"Ridgewood, N.J.",womens-lacrosse,2018,40.9796683,-74.1194403
Lindsay Frumer,D,"Wayne, Pa.",womens-lacrosse,2018,41.6264414,-75.3045103
Sarah Ross,A,"Cranford, N.J.",womens-lacrosse,2018,40.656539,-74.3035794
Katie Bourque,A/M,"Ridgewood, N.J.",womens-lacrosse,2019,40.9796683,-74.1194403
Lucy Murray,A,"Wilmette, Ill.",womens-lacrosse,2019,42.076066,-87.7115555
Nina Nesselbush,M,"Penfield, N.Y.",womens-lacrosse,2019,43.1301133,-77.4759588
Veta Mayer,M,"Providence, R.I.",womens-lacrosse,2019,41.8239891,-71.4128343
Sophie Skallerud,D,"Edina, Minn.",womens-lacrosse,2019,44.8897027,-93.3501222
Peyton Smith,A,"Los Alamitos, Calif.",womens-lacrosse,2019,33.8038865,-118.0772433
Jev Ward,D/M,"Sherwood Park, Alberta",womens-lacrosse,2019,53.5256963,-113.296631
Mimi Lazore,A,"Hogansburg, N.Y.",womens-lacrosse,2019,44.9739364,-74.6632416
Riley Ricciardi,D,"Ridgewood, N.J.",womens-lacrosse,2019,40.9796683,-74.1194403
Becca Wade,GK,"Hampstead, Md.",womens-lacrosse,2019,39.6028444,-76.8534845
Sarah Ross,A,"Cranford, N.J.",womens-lacrosse,2019,40.656539,-74.3035794
Ellie Carson,A,"Alexandria, Va.",womens-lacrosse,2019,38.8051095,-77.0470229
Katie Elders,M,"Darien, Conn.",womens-lacrosse,2019,41.0787079,-73.4692873
Michelle Yu,A,"Oyster Bay, N.Y.",womens-lacrosse,2019,40.7696568,-73.4998608
Emma Lesko,D,"Darien, Conn.",womens-lacrosse,2019,41.0787079,-73.4692873
Tori Chanenchuk,A,"Newton, Mass.",womens-lacrosse,2019,42.3300435,-71.194862
Kiera Vrindten,GK,"Warren, N.J.",womens-lacrosse,2019,40.8602222,-74.9720493
Amy Shohet,GK,"Buzzards Bay, Mass.",womens-lacrosse,2019,41.7452589,-70.6154965
Jazmyne Ward,M,"Sherwood Park, Alberta",womens-lacrosse,2019,53.5256963,-113.296631
Kate White,D,"Villanova, Pa.",womens-lacrosse,2019,40.0411671,-75.3310527
Schuyler Bixby,A,"Chatham, N.J.",womens-lacrosse,2019,40.7409242,-74.3836711
Natalee Palmer,D,"Charlotte, N.C.",womens-lacrosse,2019,35.2272086,-80.8430827
Anna Griffith,M,"Timonium, Md.",womens-lacrosse,2019,39.4475075,-76.5974223
Polly Carter,D,"Concord, N.H.",womens-lacrosse,2019,43.207178,-71.537476
Claire Marshall,M,"New Canaan, Conn.",womens-lacrosse,2019,41.146763,-73.4948446
Gabrielle McCarthy,D,"Sudbury, Mass.",womens-lacrosse,2019,42.3834278,-71.4161725
Jenn Wendelken,A,"Charlottesville, Va.",womens-lacrosse,2019,38.029306,-78.4766781
Nieve Donegan,D/M,"New City, N.Y.",womens-lacrosse,2019,41.1509835,-73.9897782
Adrie Luster,M,"Wellesley, Mass.",womens-lacrosse,2019,42.2964859,-71.2925571
Lauren Lake,M,"South Orange, N.J.",womens-lacrosse,2019,40.7474966,-74.2635376
Maggie O'Gorman,M,"Riverside, Conn.",womens-lacrosse,2019,41.0314897,-73.5833604
Hailey Ricciardi,D,"Ridgewood, N.J.",womens-lacrosse,2019,40.9796683,-74.1194403
Emma Macaione,D,"Wayne, Pa.",womens-lacrosse,2019,41.6264414,-75.3045103
Sophia Turchetta,A/M,"Harvard, Mass.",womens-lacrosse,2019,42.3657432,-71.1222139
Peyton Smith,A,"Los Alamitos, Calif.",womens-lacrosse,2020,33.8038865,-118.0772433
Jev Ward,D/M,"Sherwood Park, Alberta",womens-lacrosse,2020,53.5256963,-113.296631
Nina Nesselbush,M,"Penfield, N.Y.",womens-lacrosse,2020,43.1301133,-77.4759588
Becca Wade,GK,"Hampstead, Md.",womens-lacrosse,2020,39.6028444,-76.8534845
Sophie Skallerud,D,"Edina, Minn.",womens-lacrosse,2020,44.8897027,-93.3501222
Jenna Donohue,A,"South Salem, N.Y.",womens-lacrosse,2020,41.2738221,-73.5561711
Lucy Murray,A,"Wilmette, Ill.",womens-lacrosse,2020,42.076066,-87.7115555
Emma Macaione,D,"Wayne, Pa.",womens-lacrosse,2020,41.6264414,-75.3045103
Tamer Luzi,GK,"Chatham, N.J.",womens-lacrosse,2020,40.7409242,-74.3836711
Riley Ricciardi,D,"Ridgewood, N.J.",womens-lacrosse,2020,40.9796683,-74.1194403
Amy Shohet,GK,"Buzzards Bay, Mass.",womens-lacrosse,2020,41.7452589,-70.6154965
Gabrielle McCarthy,D,"Sudbury, Mass.",womens-lacrosse,2020,42.3834278,-71.4161725
Annika Begley,M,"Morristown, N.J.",womens-lacrosse,2020,40.7970382,-74.4809868
Isabella Godsick,M,"Hunting Valley, Ohio",womens-lacrosse,2020,41.489219,-81.401781
Veta Mayer,M,"Providence, R.I.",womens-lacrosse,2020,41.8239891,-71.4128343
Hailey Ricciardi,D,"Ridgewood, N.J.",womens-lacrosse,2020,40.9796683,-74.1194403
Emma Lesko,D,"Darien, Conn.",womens-lacrosse,2020,41.0787079,-73.4692873
Rosie McCarthy,A/M,"Washington, D.C.",womens-lacrosse,2020,38.8950982,-77.0363849
Megan Lynch,M/D,"Bethesda, Md.",womens-lacrosse,2020,38.9812726,-77.1233587
Claire Marshall,M,"New Canaan, Conn.",womens-lacrosse,2020,41.146763,-73.4948446
Adrie Luster,M,"Wellesley, Mass.",womens-lacrosse,2020,42.2964859,-71.2925571
Maggie O'Gorman,M,"Riverside, Conn.",womens-lacrosse,2020,41.0314897,-73.5833604
Jenn Wendelken,A,"Charlottesville, Va.",womens-lacrosse,2020,38.029306,-78.4766781
Schuyler Bixby,A,"Chatham, N.J.",womens-lacrosse,2020,40.7409242,-74.3836711
Nieve Donegan,D/M,"New City, N.Y.",womens-lacrosse,2020,41.1509835,-73.9897782
Sophia Franco,M,"Scarsdale, N.Y.",womens-lacrosse,2020,40.9885221,-73.8085608
Anna Griffith,M,"Timonium, Md.",womens-lacrosse,2020,39.4475075,-76.5974223
Victoria Norchi,M,"Natick, Mass.",womens-lacrosse,2020,42.2836393,-71.346996
Michelle Yu,A,"Oyster Bay, N.Y.",womens-lacrosse,2020,40.7696568,-73.4998608
Julia Mastrio,M,"Wilbraham, Mass.",womens-lacrosse,2020,42.1223378,-72.4313151
Katie Elders,M,"Darien, Conn.",womens-lacrosse,2020,41.0787079,-73.4692873
Lauren Lake,M,"South Orange, N.J.",womens-lacrosse,2020,40.7474966,-74.2635376
Jazmyne Ward,M,"Sherwood Park, Alberta",womens-lacrosse,2020,53.5256963,-113.296631
Mimi Lazore,A,"Hogansburg, N.Y.",womens-lacrosse,2020,44.9739364,-74.6632416
Reed Cole,M,"Marblehead, Mass.",womens-lacrosse,2020,42.500096,-70.8578253
Jenna Donohue,A,"South Salem, N.Y.",womens-lacrosse,2021,41.2738221,-73.5561711
Isabella Godsick,M,"Hunting Valley, Ohio",womens-lacrosse,2021,41.489219,-81.401781
Lucy Murray,A,"Wilmette, Ill.",womens-lacrosse,2021,42.076066,-87.7115555
Gisele Todd,G,"Massena, N.Y.",womens-lacrosse,2021,44.9300823,-74.8922422
Nina Nesselbush,M,"Penfield, N.Y.",womens-lacrosse,2021,43.1301133,-77.4759588
Jev Ward,D/M,"Sherwood Park, Alberta",womens-lacrosse,2021,53.5256963,-113.296631
Haley Riabov,D,"Chatham, N.J.",womens-lacrosse,2021,40.7409242,-74.3836711
Katina Christensen,M,"Houston, Texas",womens-lacrosse,2021,29.7589382,-95.3676974
Tamer Luzi,GK,"Chatham, N.J.",womens-lacrosse,2021,40.7409242,-74.3836711
Anna Griffith,M,"Timonium, Md.",womens-lacrosse,2021,39.4475075,-76.5974223
Sophia Franco,M,"Scarsdale, N.Y.",womens-lacrosse,2021,40.9885221,-73.8085608
Annika Begley,M,"Morristown, N.J.",womens-lacrosse,2021,40.7970382,-74.4809868
Reed Cole,M,"Marblehead, Mass.",womens-lacrosse,2021,42.500096,-70.8578253
Meriwether Florence,D,"Locust Valley, N.Y.",womens-lacrosse,2021,40.8775225,-73.5723052
Maggie O'Gorman,M,"Riverside, Conn.",womens-lacrosse,2021,41.0314897,-73.5833604
Mimi Lazore,A,"Hogansburg, N.Y.",womens-lacrosse,2021,44.9739364,-74.6632416
Callie Riabov,M,"Chatham, N.J.",womens-lacrosse,2021,40.7409242,-74.3836711
Emma Macaione,D,"Wayne, Pa.",womens-lacrosse,2021,41.6264414,-75.3045103
Katie Elders,M,"Darien, Conn.",womens-lacrosse,2021,41.0787079,-73.4692873
Victoria Norchi,M,"Natick, Mass.",womens-lacrosse,2021,42.2836393,-71.346996
Boo DeWitt,A,"Orinda, Calif.",womens-lacrosse,2021,37.8771476,-122.1796888
Margaret Maruszewski,M,"Darien, Conn.",womens-lacrosse,2021,41.0787079,-73.4692873
Nieve Donegan,D/M,"New City, N.Y.",womens-lacrosse,2021,41.1509835,-73.9897782
Adrie Luster,M,"Wellesley, Mass.",womens-lacrosse,2021,42.2964859,-71.2925571
Maja Desmond,M,"Wellesley, Mass.",womens-lacrosse,2021,42.2964859,-71.2925571
Jazmyne Ward,M,"Sherwood Park, Alberta",womens-lacrosse,2021,53.5256963,-113.296631
Megan Lynch,M/D,"Bethesda, Md.",womens-lacrosse,2021,38.9812726,-77.1233587
Becca Wade,GK,"Hampstead, Md.",womens-lacrosse,2021,39.6028444,-76.8534845
Amy Shohet,GK,"Buzzards Bay, Mass.",womens-lacrosse,2021,41.7452589,-70.6154965
Rosie McCarthy,A/M,"Washington, D.C.",womens-lacrosse,2021,38.8950982,-77.0363849
Kourtney Bobb,D,"Baldwin, N.Y.",womens-lacrosse,2021,40.6534835,-73.6113502
Julia Mastrio,M,"Wilbraham, Mass.",womens-lacrosse,2021,42.1223378,-72.4313151
Jenna Donohue,A,"South Salem, N.Y.",womens-lacrosse,2022,41.2738221,-73.5561711
Amy Shohet,G,"Buzzards Bay, Mass.",womens-lacrosse,2022,41.7452589,-70.6154965
Isabella Godsick,D,"Hunting Valley, Ohio",womens-lacrosse,2022,41.489219,-81.401781
Maya Kendall,M,"Denver, Colo.",womens-lacrosse,2022,39.7392364,-104.984862
Callie Riabov,M,"Chatham, N.J.",womens-lacrosse,2022,40.7409242,-74.3836711
Haley Riabov,M,"Chatham, N.J.",womens-lacrosse,2022,40.7409242,-74.3836711
Meriwether Florence,D,"Locust Valley, N.Y.",womens-lacrosse,2022,40.8775225,-73.5723052
Kourtney Bobb,D,"Baldwin, N.Y.",womens-lacrosse,2022,40.6534835,-73.6113502
Katina Christensen,A,"Houston, Texas",womens-lacrosse,2022,29.7589382,-95.3676974
Lucy Murray,A,"Wilmette, Ill.",womens-lacrosse,2022,42.076066,-87.7115555
Rosie McCarthy,M,"Washington, D.C.",womens-lacrosse,2022,38.8950982,-77.0363849
Nina Nesselbush,M,"Penfield, N.Y.",womens-lacrosse,2022,43.1301133,-77.4759588
Tamer Luzi,G,"Chatham, N.J.",womens-lacrosse,2022,40.7409242,-74.3836711
Jev Ward,M,"Sherwood Park, Alberta",womens-lacrosse,2022,53.5256963,-113.296631
Julia Fortier,G,"Concord, Mass.",womens-lacrosse,2022,42.4605189,-71.3488963
Sam Barlow,D,"Darien, Conn.",womens-lacrosse,2022,41.0787079,-73.4692873
Margaret Maruszewski,M,"Darien, Conn.",womens-lacrosse,2022,41.0787079,-73.4692873
Catherine Erb,A,"Shoreham, N.Y.",womens-lacrosse,2022,40.9573208,-72.9076025
Megan Lynch,M,"Bethesda, Md.",womens-lacrosse,2022,38.9812726,-77.1233587
Caroline Kendall,M,"Westwood, Mass.",womens-lacrosse,2022,42.2186913,-71.2233829
Boo DeWitt,A,"Orinda, Calif.",womens-lacrosse,2022,37.8771476,-122.1796888
Nieve Donegan,D,"New City, N.Y.",womens-lacrosse,2022,41.1509835,-73.9897782
Julia Mastrio,D,"Wilbraham, Mass.",womens-lacrosse,2022,42.1223378,-72.4313151
Reed Cole,M,"Marblehead, Mass.",womens-lacrosse,2022,42.500096,-70.8578253
Katie Elders,A,"Darien, Conn.",womens-lacrosse,2022,41.0787079,-73.4692873
Minje Kwun,A,"Dallas, Texas",womens-lacrosse,2022,32.7762719,-96.7968559
Sophia Franco,M,"Scarsdale, N.Y.",womens-lacrosse,2022,40.9885221,-73.8085608
Gisele Todd,G,"Massena, N.Y.",womens-lacrosse,2022,44.9300823,-74.8922422
Samantha Bennett,A,"Providence, R.I.",womens-lacrosse,2022,41.8239891,-71.4128343
Maja Desmond,M,"Wellesley, Mass.",womens-lacrosse,2022,42.2964859,-71.2925571
Jordan Healy,G,"Wyndmoor, Pa.",womens-lacrosse,2022,40.0853435,-75.1940207
Boo DeWitt,A,"Orinda, Calif.",womens-lacrosse,2023,37.8771476,-122.1796888
Katie Elders,A,"Darien, Conn.",womens-lacrosse,2023,41.0787079,-73.4692873
Rosie McCarthy,M,"Washington, D.C.",womens-lacrosse,2023,38.8950982,-77.0363849
Samantha Bennett,A,"Providence, R.I.",womens-lacrosse,2023,41.8239891,-71.4128343
Megan Lynch,M,"Bethesda, Md.",womens-lacrosse,2023,38.9812726,-77.1233587
Margaret Maruszewski,M,"Darien, Conn.",womens-lacrosse,2023,41.0787079,-73.4692873
Tamer Luzi,G,"Chatham, N.J.",womens-lacrosse,2023,40.7409242,-74.3836711
Caroline Kendall,M,"Westwood, Mass.",womens-lacrosse,2023,42.2186913,-71.2233829
Gisele Todd,G,"Massena, N.Y.",womens-lacrosse,2023,44.9300823,-74.8922422
Ellie Burdick,M,"Riverside, Conn.",womens-lacrosse,2023,41.0314897,-73.5833604
Reed Cole,M,"Marblehead, Mass.",womens-lacrosse,2023,42.500096,-70.8578253
Sophia Franco,D,"Scarsdale, N.Y.",womens-lacrosse,2023,40.9885221,-73.8085608
Catherine Erb,A,"Shoreham, N.Y.",womens-lacrosse,2023,40.9573208,-72.9076025
Maja Desmond,M,"Wellesley, Mass.",womens-lacrosse,2023,42.2964859,-71.2925571
Alex Maliagros,D,"Manhasset, N.Y.",womens-lacrosse,2023,40.786702,-73.6967338
Annie O'Keeffe,M,"Boston, Mass.",womens-lacrosse,2023,42.3588336,-71.0578303
Julia Mastrio,D,"Wilbraham, Mass.",womens-lacrosse,2023,42.1223378,-72.4313151
Annie Small,M,"Austin, Texas",womens-lacrosse,2023,30.2711286,-97.7436995
Julia Fortier,G,"Concord, Mass.",womens-lacrosse,2023,42.4605189,-71.3488963
Jordan Healy,G,"Wyndmoor, Pa.",womens-lacrosse,2023,40.0853435,-75.1940207
Riley Harrington,G,"Westwood, Mass.",womens-lacrosse,2023,42.2186913,-71.2233829
Katina Christensen,A,"Houston, Texas",womens-lacrosse,2023,29.7589382,-95.3676974
Nieve Donegan,D,"New City, N.Y.",womens-lacrosse,2023,41.1509835,-73.9897782
Fiona O'Keeffe,A,"Boston, Mass.",womens-lacrosse,2023,42.3588336,-71.0578303
Ellie Morrison,M,"Hopkins, Minn.",womens-lacrosse,2023,44.9243986,-93.4114487
Maya Kendall,M,"Denver, Colo.",womens-lacrosse,2023,39.7392364,-104.984862
Lucy Murray,A,"Wilmette, Ill.",womens-lacrosse,2023,42.076066,-87.7115555
Isabella Godsick,D,"Hunting Valley, Ohio",womens-lacrosse,2023,41.489219,-81.401781
Mia Puccio,M,"Pound Ridge, N.Y.",womens-lacrosse,2023,41.2087066,-73.5748483
Meriwether Florence,D,"Locust Valley, N.Y.",womens-lacrosse,2023,40.8775225,-73.5723052
Haley Riabov,M,"Chatham, N.J.",womens-lacrosse,2023,40.7409242,-74.3836711
Jenna Donohue,A,"South Salem, N.Y.",womens-lacrosse,2023,41.2738221,-73.5561711
Nina Nesselbush,M,"Penfield, N.Y.",womens-lacrosse,2023,43.1301133,-77.4759588
Maja Desmond,M,"Wellesley, Mass.",womens-lacrosse,2024,42.2964859,-71.2925571
Samantha Bennett,A,"Providence, R.I.",womens-lacrosse,2024,41.8239891,-71.4128343
Katina Christensen,A,"Houston, Texas",womens-lacrosse,2024,29.7589382,-95.3676974
Caroline Kendall,M,"Westwood, Mass.",womens-lacrosse,2024,42.2186913,-71.2233829
Haley Riabov,M,"Chatham, N.J.",womens-lacrosse,2024,40.7409242,-74.3836711
Catherine Erb,A,"Shoreham, N.Y.",womens-lacrosse,2024,40.9573208,-72.9076025
Jordan Healy,G,"Wyndmoor, Pa.",womens-lacrosse,2024,40.0853435,-75.1940207
Mia Puccio,M,"Pound Ridge, N.Y.",womens-lacrosse,2024,41.2087066,-73.5748483
Lauren Riley,M,"Summit, N.J.",womens-lacrosse,2024,40.7182356,-74.3592296
Annie Small,A,"Austin, Texas",womens-lacrosse,2024,30.2711286,-97.7436995
Julia Fortier,G,"Concord, Mass.",womens-lacrosse,2024,42.4605189,-71.3488963
Meriwether Florence,D,"Locust Valley, N.Y.",womens-lacrosse,2024,40.8775225,-73.5723052
Sage Stretch,M,"Washington, D.C.",womens-lacrosse,2024,38.8950982,-77.0363849
Madeleine Chun,D,"Manhasset, N.Y",womens-lacrosse,2024,40.786702,-73.6967338
Alex Maliagros,D,"Manhasset, N.Y.",womens-lacrosse,2024,40.786702,-73.6967338
Ellie Burdick,M,"Riverside, Conn.",womens-lacrosse,2024,41.0314897,-73.5833604
Charlotte Walter,D,"Westport, Conn.",womens-lacrosse,2024,41.1414855,-73.3578955
Riley Harrington,G,"Westwood, Mass.",womens-lacrosse,2024,42.2186913,-71.2233829
Gisele Todd,G,"Massena, N.Y.",womens-lacrosse,2024,44.9300823,-74.8922422
Kate Riley,A/M,"Summit, N.J.",womens-lacrosse,2024,40.7182356,-74.3592296
Emma Goodwin,A/M,"Philadelphia, Pa.",womens-lacrosse,2024,39.9527237,-75.1635262
Maya Kendall,M,"Denver, Colo.",womens-lacrosse,2024,39.7392364,-104.984862
Fiona O'Keeffe,A,"Boston, Mass.",womens-lacrosse,2024,42.3588336,-71.0578303
Charlotte Myers,A,"Nashville, Tenn.",womens-lacrosse,2024,36.1622767,-86.7742984
Sarah Caulkins,M,"Denver, Colo.",womens-lacrosse,2024,39.7392364,-104.984862
Boo DeWitt,M,"Orinda, Calif.",womens-lacrosse,2024,37.8771476,-122.1796888
Margaret Maruszewski,D,"Darien, Conn.",womens-lacrosse,2024,41.0787079,-73.4692873
Annie O'Keeffe,M,"Boston, Mass.",womens-lacrosse,2024,42.3588336,-71.0578303
Kathryn Norton,D,"New Canaan, Conn.",womens-lacrosse,2024,41.146763,-73.4948446
Ryan Hapgood,M,"Darien, Conn.",womens-lacrosse,2024,41.0787079,-73.4692873
Charlotte Walter,D,"Westport, Conn.",womens-lacrosse,2025,41.1414855,-73.3578955
Charlotte Myers,A,"Nashville, Tenn.",womens-lacrosse,2025,36.1622767,-86.7742984
Ryan Hapgood,M,"Darien, Conn.",womens-lacrosse,2025,41.0787079,-73.4692873
Hope Hapgood,M,"Darien, Conn.",womens-lacrosse,2025,41.0787079,-73.4692873
Emma Goodwin,A/M,"Philadelphia, Pa.",womens-lacrosse,2025,39.9527237,-75.1635262
Riley Harrington,G,"Westwood, Mass.",womens-lacrosse,2025,42.2186913,-71.2233829
Mia Puccio,M,"Pound Ridge, N.Y.",womens-lacrosse,2025,41.2087066,-73.5748483
Etta Coburn,M,"Canton, N.Y.",womens-lacrosse,2025,44.5956163,-75.1690942
Madeleine Chun,D,"Manhasset, N.Y",womens-lacrosse,2025,40.786702,-73.6967338
McLean Stokes,M,"Charlottesville, Va.",womens-lacrosse,2025,38.029306,-78.4766781
Kathryn Norton,D,"New Canaan, Conn.",womens-lacrosse,2025,41.146763,-73.4948446
Kate Riley,A/M,"Summit, N.J.",womens-lacrosse,2025,40.7182356,-74.3592296
Caroline Kendall,M,"Westwood, Mass.",womens-lacrosse,2025,42.2186913,-71.2233829
Samantha Bennett,A,"Providence, R.I.",womens-lacrosse,2025,41.8239891,-71.4128343
Ellie Burdick,M,"Riverside, Conn.",womens-lacrosse,2025,41.0314897,-73.5833604
Maya Kendall,M,"Denver, Colo.",womens-lacrosse,2025,39.7392364,-104.984862
Jordan Healy,G,"Wyndmoor, Pa.",womens-lacrosse,2025,40.0853435,-75.1940207
Avery Coleman,M,"Kensington, MD",womens-lacrosse,2025,39.0258405,-77.0750246
Ruby Lucken,G,"Golden, Colo.",womens-lacrosse,2025,39.7546349,-105.22058
Katie Barr,A,"Darien, Conn.",womens-lacrosse,2025,41.0787079,-73.4692873
Fiona O'Keeffe,A,"Boston, Mass.",womens-lacrosse,2025,42.3588336,-71.0578303
Annie Small,A,"Austin, Texas",womens-lacrosse,2025,30.2711286,-97.7436995
Mia Jensen,M,"Austin, Texas",womens-lacrosse,2025,30.2711286,-97.7436995
Caroline Haggerty,D,"Hingham, Mass.",womens-lacrosse,2025,42.2417669,-70.8897676
Catherine Erb,A,"Shoreham, N.Y.",womens-lacrosse,2025,40.9573208,-72.9076025
Sarah Caulkins,M,"Denver, Colo.",womens-lacrosse,2025,39.7392364,-104.984862
Julia Fortier,G,"Concord, Mass.",womens-lacrosse,2025,42.4605189,-71.3488963
Annie O'Keeffe,M,"Boston, Mass.",womens-lacrosse,2025,42.3588336,-71.0578303
Madeline Egan,A,"Boston, Mass.",womens-lacrosse,2025,42.3588336,-71.0578303
Lauren Riley,M,"Summit, N.J.",womens-lacrosse,2025,40.7182356,-74.3592296
Hannah Bernthal,A,"Menlo Park, Calif.",womens-lacrosse,2026,37.4519671,-122.177992
Kathryn Norton,D,"New Canaan, Conn.",womens-lacrosse,2026,41.146763,-73.4948446
Ruby Lucken,G,"Golden, Colo.",womens-lacrosse,2026,39.7546349,-105.22058
Sarah Caulkins,M,"Denver, Colo.",womens-lacrosse,2026,39.7392364,-104.984862
Charlotte Walter,M,"Westport, Conn.",womens-lacrosse,2026,41.1414855,-73.3578955
Etta Coburn,M,"Canton, N.Y.",womens-lacrosse,2026,44.5956163,-75.1690942
Ana Buckley,M,"Philadelphia, Pa.",womens-lacrosse,2026,39.9527237,-75.1635262
Anna Reger,M,"Wayne, Pa.",womens-lacrosse,2026,41.6264414,-75.3045103
Annie Small,M,"Austin, Texas",womens-lacrosse,2026,30.2711286,-97.7436995
Hannah Rubin,G,"Manhasset, N.Y.",womens-lacrosse,2026,40.786702,-73.6967338
Maureen Arendt,A,"Garden City, N.Y.",womens-lacrosse,2026,40.7266477,-73.6343052
Chloe Huang,A,"Short Hills, N.J.",womens-lacrosse,2026,40.7381585,-74.3377392
Eden Kime,G,"Austin, Texas",womens-lacrosse,2026,30.2711286,-97.7436995
Ryan Hapgood,A,"Darien, Conn.",womens-lacrosse,2026,41.0787079,-73.4692873
Riley Harrington,G,"Westwood, Mass.",womens-lacrosse,2026,42.2186913,-71.2233829
Mia Puccio,M,"Pound Ridge, N.Y.",womens-lacrosse,2026,41.2087066,-73.5748483
Madeleine Chun,D,"Manhasset, N.Y",womens-lacrosse,2026,40.786702,-73.6967338
Emma Goodwin,A,"Philadelphia, Pa.",womens-lacrosse,2026,39.9527237,-75.1635262
Maiya Boughal,M,"Remsenburg, N.Y.",womens-lacrosse,2026,40.8076955,-72.7088261
Grace Deerin,D,"Washington, D.C.",womens-lacrosse,2026,38.8950982,-77.0363849
Avery Coleman,M,"Kensington, MD",womens-lacrosse,2026,39.0258405,-77.0750246
Madeline Egan,A,"Boston, Mass.",womens-lacrosse,2026,42.3588336,-71.0578303
Lauren Riley,M,"Summit, N.J.",womens-lacrosse,2026,40.7182356,-74.3592296
Ellie Burdick,D,"Riverside, Conn.",womens-lacrosse,2026,41.0314897,-73.5833604
Fiona O'Keeffe,A,"Boston, Mass.",womens-lacrosse,2026,42.3588336,-71.0578303
Katie Pepper,D,"Burlingame, Calif.",womens-lacrosse,2026,37.5780965,-122.3473099
Maggie Keyes,A,"Belmont, Mass.",womens-lacrosse,2026,42.3959296,-71.1786655
Katie Barr,A,"Darien, Conn.",womens-lacrosse,2026,41.0787079,-73.4692873
Carly Caesar,D,"Basking Ridge, N.J.",womens-lacrosse,2026,40.7064088,-74.5492725
Mia Jensen,M,"Austin, Texas",womens-lacrosse,2026,30.2711286,-97.7436995
McLean Stokes,M,"Charlottesville, Va.",womens-lacrosse,2026,38.029306,-78.4766781
Hope Hapgood,M,"Darien, Conn.",womens-lacrosse,2026,41.0787079,-73.4692873
Charlotte Myers,A,"Nashville, Tenn.",womens-lacrosse,2026,36.1622767,-86.7742984
Annie O'Keeffe,D,"Boston, Mass.",womens-lacrosse,2026,42.3588336,-71.0578303
Kate Riley,M,"Summit, N.J.",womens-lacrosse,2026,40.7182356,-74.3592296
Caroline Haggerty,D,"Hingham, Mass.",womens-lacrosse,2026,42.2417669,-70.8897676
Matt Giegerich,,"Wyndmoor, Pa.",mens-squash,2016,40.0853435,-75.1940207
Sam Epley,,"Old Greenwich, Conn.",mens-squash,2016,41.0274237,-73.5646262
Drew Field,,"Bryn Mawr, Pa.",mens-squash,2016,40.0238245,-75.3173407
Brian Giegerich,,"Wyndmoor, Pa.",mens-squash,2016,40.0853435,-75.1940207
Nick Harrington,,"Weston, Mass.",mens-squash,2016,42.3667625,-71.3031132
Jack Harvey,,"New York, N.Y.",mens-squash,2016,40.7127281,-74.0060152
Alvin Heumann,,"Southport, Conn.",mens-squash,2016,41.1335089,-73.2880249
Leyton Johnston,,"Buffalo, N.Y.",mens-squash,2016,42.8864163,-78.8781493
Drew Monroe,,"New Canaan, Conn.",mens-squash,2016,41.146763,-73.4948446
Sean Oen,,"Princeton Jct., N.J.",mens-squash,2016,40.3159898,-74.6241189
Zach Quayle,,"Bryn Mawr, Pa.",mens-squash,2016,40.0238245,-75.3173407
Carson Spahr,,"Milton, Mass.",mens-squash,2016,42.2501425,-71.065573
Brandon De Otaduy Nam,,"Queretaro, Mexico",mens-squash,2016,20.8052225,-99.8837376
Glen Brickman,,"Greenwich, Conn.",mens-squash,2016,41.0264862,-73.6284598
Carson Spahr,,"Milton, Mass.",mens-squash,2017,42.2501425,-71.065573
Jack Harvey,,"New York, N.Y.",mens-squash,2017,40.7127281,-74.0060152
Sean Oen,,"Princeton Jct., N.J.",mens-squash,2017,40.3159898,-74.6241189
Sam Supattapone,,"Hanover, N.H.",mens-squash,2017,43.7023545,-72.2892164
Drew Monroe,,"New Canaan, Conn.",mens-squash,2017,41.146763,-73.4948446
Alvin Heumann,,"Southport, Conn.",mens-squash,2017,41.1335089,-73.2880249
Zach Quayle,,"Bryn Mawr, Pa.",mens-squash,2017,40.0238245,-75.3173407
James Bell,,"Boston, Mass.",mens-squash,2017,42.3588336,-71.0578303
Reg Anderson,,"Brookline, Mass.",mens-squash,2017,42.332918,-71.1187829
Matt Giegerich,,"Wyndmoor, Pa.",mens-squash,2017,40.0853435,-75.1940207
Brian Giegerich,,"Wyndmoor, Pa.",mens-squash,2017,40.0853435,-75.1940207
Sam Epley,,"Old Greenwich, Conn.",mens-squash,2017,41.0274237,-73.5646262
Toby Harding,,"Bristol, United Kingdom",mens-squash,2017,51.4430141,-2.5816622
Brandon De Otaduy Nam,,"Queretaro, Mexico",mens-squash,2017,20.8052225,-99.8837376
Leyton Johnston,,"Buffalo, N.Y.",mens-squash,2017,42.8864163,-78.8781493
Jack Bell,,"Wellesley, Mass.",mens-squash,2018,42.2964859,-71.2925571
James Bell,,"Boston, Mass.",mens-squash,2018,42.3588336,-71.0578303
Brandon De Otaduy Nam,,"Queretaro, Mexico",mens-squash,2018,20.8052225,-99.8837376
Max Finkelstein,,"Greenwich, Conn.",mens-squash,2018,41.0264862,-73.6284598
Sam Epley,,"Old Greenwich, Conn.",mens-squash,2018,41.0274237,-73.5646262
Reg Anderson,,"Brookline, Mass.",mens-squash,2018,42.332918,-71.1187829
Toby Harding,,"Bristol, United Kingdom",mens-squash,2018,51.4430141,-2.5816622
Leyton Johnston,,"Buffalo, N.Y.",mens-squash,2018,42.8864163,-78.8781493
Tucker Martino,,"Harrison, N.Y.",mens-squash,2018,40.9689871,-73.71263
Sean Oen,,"Princeton Jct., N.J.",mens-squash,2018,40.3159898,-74.6241189
Matt Giegerich,,"Wyndmoor, Pa.",mens-squash,2018,40.0853435,-75.1940207
Drew Monroe,,"New Canaan, Conn.",mens-squash,2018,41.146763,-73.4948446
Zach Quayle,,"Bryn Mawr, Pa.",mens-squash,2018,40.0238245,-75.3173407
Carson Spahr,,"Milton, Mass.",mens-squash,2018,42.2501425,-71.065573
Sam Supattapone,,"Hanover, N.H.",mens-squash,2018,43.7023545,-72.2892164
Sam Supattapone,,"Hanover, N.H.",mens-squash,2019,43.7023545,-72.2892164
David Rubin,,"Chestnut Hill, Mass.",mens-squash,2019,42.3234553,-71.1639439
Jason Montima,,"Stoughton, Mass.",mens-squash,2019,42.1252079,-71.1022015
Drew Monroe,,"New Canaan, Conn.",mens-squash,2019,41.146763,-73.4948446
Toby Harding,,"Bristol, United Kingdom",mens-squash,2019,51.4430141,-2.5816622
Jack Bell,,"Wellesley, Mass.",mens-squash,2019,42.2964859,-71.2925571
Tucker Martino,,"Harrison, N.Y.",mens-squash,2019,40.9689871,-73.71263
Max Finkelstein,,"Greenwich, Conn.",mens-squash,2019,41.0264862,-73.6284598
Chris Zachary,,"Summit, N.J.",mens-squash,2019,40.7182356,-74.3592296
Reg Anderson,,"Brookline, Mass.",mens-squash,2019,42.332918,-71.1187829
Lucan White,,"Belmont, Mass.",mens-squash,2019,42.3959296,-71.1786655
James Bell,,"Boston, Mass.",mens-squash,2019,42.3588336,-71.0578303
Brandon De Otaduy Nam,,"Queretaro, Mexico",mens-squash,2019,20.8052225,-99.8837376
Charlie East,,"Lutherville Timonium, Md.",mens-squash,2019,39.4184949,-76.6315807
Jack Bell,,"Wellesley, Mass.",mens-squash,2020,42.2964859,-71.2925571
Charlie East,,"Lutherville Timonium, Md.",mens-squash,2020,39.4184949,-76.6315807
Ned Gildea,,"Stevenson, Md.",mens-squash,2020,39.4102772,-76.7128314
Tucker Martino,,"Harrison, N.Y.",mens-squash,2020,40.9689871,-73.71263
Graham Joyce,,"Haverford, Pa.",mens-squash,2020,40.0129191,-75.2966948
Reg Anderson,,"Brookline, Mass.",mens-squash,2020,42.332918,-71.1187829
Charlie Mattson,,"Hobe Sound, Fla.",mens-squash,2020,27.080492,-80.139918
Max Finkelstein,,"Greenwich, Conn.",mens-squash,2020,41.0264862,-73.6284598
Jason Montima,,"Stoughton, Mass.",mens-squash,2020,42.1252079,-71.1022015
Lucan White,,"Belmont, Mass.",mens-squash,2020,42.3959296,-71.1786655
Chris Zachary,,"Summit, N.J.",mens-squash,2020,40.7182356,-74.3592296
James Bell,,"Boston, Mass.",mens-squash,2021,42.3588336,-71.0578303
Tucker Martino,,"Harrison, N.Y.",mens-squash,2021,40.9689871,-73.71263
Aryan Khandelwal,,Indore Madiya Pradesh,mens-squash,2021,22.7203616,75.8681996
Christopher Kang,,"North Bethesda, Md.",mens-squash,2021,39.04065,-77.1233873
Lucan White,,"Belmont, Mass.",mens-squash,2021,42.3959296,-71.1786655
Christian Shah,,"Villanova, Pa.",mens-squash,2021,40.0411671,-75.3310527
Sam Supattapone,,"Hanover, N.H.",mens-squash,2021,43.7023545,-72.2892164
Mac Aube,,"Rye, N.Y.",mens-squash,2021,40.9821371,-73.6840902
David Rubin,,"Chestnut Hill, Mass.",mens-squash,2021,42.3234553,-71.1639439
Charlie East,,"Lutherville Timonium, Md.",mens-squash,2021,39.4184949,-76.6315807
Quintin Campbell,,"Haverford, Pa.",mens-squash,2021,40.0129191,-75.2966948
Graham Joyce,,"Haverford, Pa.",mens-squash,2021,40.0129191,-75.2966948
Auggie Bhavsar,,"New York, N.Y.",mens-squash,2021,40.7127281,-74.0060152
Jason Montima,,"Stoughton, Mass.",mens-squash,2021,42.1252079,-71.1022015
Max Finkelstein,,"Greenwich, Conn.",mens-squash,2021,41.0264862,-73.6284598
Charlie Mattson,,"Hobe Sound, Fla.",mens-squash,2021,27.080492,-80.139918
Ned Gildea,,"Stevenson, Md.",mens-squash,2021,39.4102772,-76.7128314
Jack Bell,,"Wellesley, Mass.",mens-squash,2021,42.2964859,-71.2925571
Chris Zachary,,"Summit, N.J.",mens-squash,2021,40.7182356,-74.3592296
Auggie Bhavsar,,"New York, N.Y.",mens-squash,2022,40.7127281,-74.0060152
David Rubin,,"Chestnut Hill, Mass.",mens-squash,2022,42.3234553,-71.1639439
Christian Shah,,"Villanova, Pa.",mens-squash,2022,40.0411671,-75.3310527
Lucan White,,"Belmont, Mass.",mens-squash,2022,42.3959296,-71.1786655
Ned Gildea,,"Stevenson, Md.",mens-squash,2022,39.4102772,-76.7128314
Aryan Khandelwal,,Indore Madiya Pradesh,mens-squash,2022,22.7203616,75.8681996
Quintin Campbell,,"Haverford, Pa.",mens-squash,2022,40.0129191,-75.2966948
Graham Joyce,,"Haverford, Pa.",mens-squash,2022,40.0129191,-75.2966948
Mac Aube,,"Rye, N.Y.",mens-squash,2022,40.9821371,-73.6840902
Felix Feldman,,"San Francisco, Calif.",mens-squash,2022,37.7879363,-122.4075201
Jack Bell,,"Wellesley, Mass.",mens-squash,2022,42.2964859,-71.2925571
Rana Thakkar,,"Atlanta, Ga.",mens-squash,2022,33.7544657,-84.3898151
Christopher Kang,,"North Bethesda, Md.",mens-squash,2022,39.04065,-77.1233873
Charlie Mattson,,"Hobe Sound, Fla.",mens-squash,2022,27.080492,-80.139918
Chris Zachary,,"Summit, N.J.",mens-squash,2022,40.7182356,-74.3592296
Warren Klein,,"Greenwich, Conn.",mens-squash,2022,41.0264862,-73.6284598
Warren Klein,PL,"Greenwich, Conn.",mens-squash,2023,41.0264862,-73.6284598
Charlie Mattson,PL,"Hobe Sound, Fla.",mens-squash,2023,27.080492,-80.139918
Rohan Ray,PL,"Bangalore, India",mens-squash,2023,12.9767936,77.590082
Felix Feldman,PL,"San Francisco, Calif.",mens-squash,2023,37.7879363,-122.4075201
Quintin Campbell,PL,"Haverford, Pa.",mens-squash,2023,40.0129191,-75.2966948
Rana Thakkar,PL,"Atlanta, Ga.",mens-squash,2023,33.7544657,-84.3898151
Callan Venkatesan,PL,"San Francisco, Calif.",mens-squash,2023,37.7879363,-122.4075201
David Rubin,PL,"Chestnut Hill, Mass.",mens-squash,2023,42.3234553,-71.1639439
Ned Gildea,PL,"Stevenson, Md.",mens-squash,2023,39.4102772,-76.7128314
Christian Shah,PL,"Villanova, Pa.",mens-squash,2023,40.0411671,-75.3310527
Mac Aube,PL,"Rye, N.Y.",mens-squash,2023,40.9821371,-73.6840902
Ekam Singh,PL,"Chandigarh, India",mens-squash,2023,30.7334421,76.7797143
Brandon Wang,PL,"Millburn, N.J.",mens-squash,2024,40.7244443,-74.3069069
Callan Venkatesan,PL,"San Francisco, Calif.",mens-squash,2024,37.7879363,-122.4075201
Rana Thakkar,PL,"Atlanta, Ga.",mens-squash,2024,33.7544657,-84.3898151
Ekam Singh,PL,"Chandigarh, India",mens-squash,2024,30.7334421,76.7797143
Warren Klein,PL,"Greenwich, Conn.",mens-squash,2024,41.0264862,-73.6284598
Rohan Ray,PL,"Bangalore, India",mens-squash,2024,12.9767936,77.590082
Felix Feldman,PL,"San Francisco, Calif.",mens-squash,2024,37.7879363,-122.4075201
Quintin Campbell,PL,"Haverford, Pa.",mens-squash,2024,40.0129191,-75.2966948
Mac Aube,PL,"Rye, N.Y.",mens-squash,2024,40.9821371,-73.6840902
Christian Shah,PL,"Villanova, Pa.",mens-squash,2024,40.0411671,-75.3310527
Ethan Benstock,PL,"Wynnewood, Pa.",mens-squash,2024,40.0028514,-75.2707469
Gurshan Jolly,PL,"Palo Alto, Calif.",mens-squash,2025,37.4443293,-122.1598465
Callan Venkatesan,PL,"San Francisco, Calif.",mens-squash,2025,37.7879363,-122.4075201
Felix Feldman,PL,"San Francisco, Calif.",mens-squash,2025,37.7879363,-122.4075201
Brandon Wang,PL,"Millburn, N.J.",mens-squash,2025,40.7244443,-74.3069069
Rana Thakkar,PL,"Atlanta, Ga.",mens-squash,2025,33.7544657,-84.3898151
Ekam Singh,PL,"Chandigarh, India",mens-squash,2025,30.7334421,76.7797143
Alec McAfee,PL,"Chicago, Ill.",mens-squash,2025,41.8755616,-87.6244212
Arihant Kalamangalan Sunil,PL,"Chennai, India",mens-squash,2025,13.0800915,80.2807978
Warren Klein,PL,"Greenwich, Conn.",mens-squash,2025,41.0264862,-73.6284598
Sam Boulanger,PL,"Calgary, Alta.",mens-squash,2025,51.0456064,-114.057541
Rohan Ray,PL,"Bangalore, India",mens-squash,2025,12.9767936,77.590082
Wei Yan Tho,PL,"Bayan Lepas, Penang",mens-squash,2025,5.2948137,100.2595968
Callan Venkatesan,PL,"San Francisco, Calif.",mens-squash,2026,37.7879363,-122.4075201
Wei Yan Tho,PL,"Bayan Lepas, Penang",mens-squash,2026,5.2948137,100.2595968
Ekam Singh,PL,"Chandigarh, India",mens-squash,2026,30.7334421,76.7797143
Alec McAfee,PL,"Chicago, Ill.",mens-squash,2026,41.8755616,-87.6244212
Arihant Kalamangalan Sunil,PL,"Chennai, India",mens-squash,2026,13.0800915,80.2807978
Lucas Carlson,PL,"Old Greenwich, Conn.",mens-squash,2026,41.0274237,-73.5646262
Aryaveer Dewal,PL,"Delhi, India.",mens-squash,2026,28.6328027,77.2197713
Sam Boulanger,PL,"Calgary, Alta.",mens-squash,2026,51.0456064,-114.057541
Brandon Wang,PL,"Millburn, N.J.",mens-squash,2026,40.7244443,-74.3069069
Gurshan Jolly,PL,"Palo Alto, Calif.",mens-squash,2026,37.4443293,-122.1598465
Maggie Pionzio,Diving,"Lorton, Va.",womens-swimming-and-diving,2016,38.6946355,-77.2199931
Sophie Smith,Free/Back,"Brielle, N.J.",womens-swimming-and-diving,2016,40.1078931,-74.0565263
Caroline Poleway,Back,"New City, N.Y.",womens-swimming-and-diving,2016,41.1509835,-73.9897782
AnnClaire MacArt,Middle Distance,"Woodland, Calif.",womens-swimming-and-diving,2016,38.6786109,-121.7733285
Melanya Zaraska,Fly,"Toronto, Ontario",womens-swimming-and-diving,2016,43.6534817,-79.3839347
Taylor Yamahata,Fly/Back,"Gold River, Calif.",womens-swimming-and-diving,2016,38.6239434,-121.244024
Amber Zimmerman,IM,"Berwyn, Pa.",womens-swimming-and-diving,2016,40.0477701,-75.4421325
Amy Sun,Free,"West Vancouver, B.C.",womens-swimming-and-diving,2016,49.3311208,-123.159479
Sam Norton,Breast,"Long Lake, Minn.",womens-swimming-and-diving,2016,44.9863892,-93.5715908
Mia Newkirk,Fly/Back,"Centreville, Va.",womens-swimming-and-diving,2016,38.837613,-77.4347283
Jessica Wang,Fly/Back,"Clifton Park, N.Y.",womens-swimming-and-diving,2016,42.8630374,-73.7747623
Hayley Winter,Distance,"Grass Valley, Calif.",womens-swimming-and-diving,2016,39.2190607,-121.06292
Kaitlyn McCaw,Free/Fly,"Buraneer, Australia",womens-swimming-and-diving,2016,-34.0644603,151.1377905
Sloane Papa,Diving,"Southlake, Texas",womens-swimming-and-diving,2016,32.9412363,-97.1341783
Lydia Jabs,Diving,"Virginia Beach, Va.",womens-swimming-and-diving,2016,36.8496579,-75.9760751
Megan Crook,Free/Breast,"Fremont, Calif.",womens-swimming-and-diving,2016,37.5482697,-121.988571
Allegra Codamon,Diving,"Winthrop Harbor, Ill.",womens-swimming-and-diving,2016,42.478934,-87.8238485
Grace Herron,Fly,"Rosemount, Minn.",womens-swimming-and-diving,2016,44.7391873,-93.12611
Emily Green,Diving,"Dove Canyon, Calif.",womens-swimming-and-diving,2016,33.6316886,-117.5664362
Allison Green,Diving,"West Lafayette, Ind.",womens-swimming-and-diving,2016,40.4258686,-86.9080655
Molly Brickman,Free,"New York, N.Y.",womens-swimming-and-diving,2016,40.7127281,-74.0060152
Caroline Filan,Middle Distance,"Alpharetta, Ga.",womens-swimming-and-diving,2016,34.0755962,-84.2945964
Maddie Dunn,Free/Breast,"Greenwich, Conn.",womens-swimming-and-diving,2016,41.0264862,-73.6284598
Katie Altmayer,Fly,"Pasadena, Calif.",womens-swimming-and-diving,2016,34.1476507,-118.144155
Sarah Finlay,Backstroke,"St. Louis, Mo.",womens-swimming-and-diving,2016,38.6254063,-90.190009
Laura Barthold,Free,"Chadds Ford, Pa.",womens-swimming-and-diving,2016,39.872027,-75.5914213
Summer Martin,Free/IM,"Rutledge, Pa.",womens-swimming-and-diving,2017,39.901779,-75.3285218
Hayley Winter,Distance,"Grass Valley, Calif.",womens-swimming-and-diving,2017,39.2190607,-121.06292
Emma Wagner,Free,"Bedford, N.H.",womens-swimming-and-diving,2017,42.9464737,-71.5159015
Jessica Wang,Fly/Back,"Clifton Park, N.Y.",womens-swimming-and-diving,2017,42.8630374,-73.7747623
Mia Newkirk,Fly/Back,"Centreville, Va.",womens-swimming-and-diving,2017,38.837613,-77.4347283
Mackenzie Stumpf,IM/Breast,"Palm Harbor, Fla.",womens-swimming-and-diving,2017,28.0856815,-82.756907
Sophie Smith,Free/Back,"Brielle, N.J.",womens-swimming-and-diving,2017,40.1078931,-74.0565263
Maggie Pionzio,Diving,"Lorton, Va.",womens-swimming-and-diving,2017,38.6946355,-77.2199931
Sloane Papa,Diving,"Southlake, Texas",womens-swimming-and-diving,2017,32.9412363,-97.1341783
Sam Norton,Breast,"Long Lake, Minn.",womens-swimming-and-diving,2017,44.9863892,-93.5715908
Kenna Van Steyn,IM/Breast,"Lafayette, Calif.",womens-swimming-and-diving,2017,37.8857582,-122.1180201
Melanya Zaraska,Fly,"Toronto, Ontario",womens-swimming-and-diving,2017,43.6534817,-79.3839347
Alie Hunter,Free/Fly,"Toronto, Ontario",womens-swimming-and-diving,2017,43.6534817,-79.3839347
Caroline Poleway,Back,"New City, N.Y.",womens-swimming-and-diving,2017,41.1509835,-73.9897782
Laura Barthold,Free,"Chadds Ford, Pa.",womens-swimming-and-diving,2017,39.872027,-75.5914213
Cathleen Li,Free/Fly,"Belmont, Mass.",womens-swimming-and-diving,2017,42.3959296,-71.1786655
Katherine Cane,Free/Fly,"Orinda, Calif.",womens-swimming-and-diving,2017,37.8771476,-122.1796888
Molly Brickman,Free,"New York, N.Y.",womens-swimming-and-diving,2017,40.7127281,-74.0060152
Katie Altmayer,Fly,"Pasadena, Calif.",womens-swimming-and-diving,2017,34.1476507,-118.144155
Megan Crook,Free/Breast,"Fremont, Calif.",womens-swimming-and-diving,2017,37.5482697,-121.988571
Sarah Finlay,Backstroke,"St. Louis, Mo.",womens-swimming-and-diving,2017,38.6254063,-90.190009
Allison Green,Diving,"West Lafayette, Ind.",womens-swimming-and-diving,2017,40.4258686,-86.9080655
Grace Herron,Fly,"Rosemount, Minn.",womens-swimming-and-diving,2017,44.7391873,-93.12611
Hi'ilani Hopkins,IM,"Kailua, Hawaii",womens-swimming-and-diving,2017,19.641941,-155.996933
Maggie Deppe-Walker,IM/Breast,"Fairfax, Va.",womens-swimming-and-diving,2017,38.8462236,-77.3063733
Mia Leko,Free/Fly,"North Branford, Conn.",womens-swimming-and-diving,2018,41.3275971,-72.7673198
Laura Barthold,Free,"Chadds Ford, Pa.",womens-swimming-and-diving,2018,39.872027,-75.5914213
Molly Brickman,Free,"New York, N.Y.",womens-swimming-and-diving,2018,40.7127281,-74.0060152
Katherine Cane,Free/Fly,"Orinda, Calif.",womens-swimming-and-diving,2018,37.8771476,-122.1796888
Maggie Deppe-Walker,IM/Breast,"Fairfax, Va.",womens-swimming-and-diving,2018,38.8462236,-77.3063733
Susannah Laster,Back/IM,"Pasadena, Calif.",womens-swimming-and-diving,2018,34.1476507,-118.144155
Sarah Finlay,Backstroke,"St. Louis, Mo.",womens-swimming-and-diving,2018,38.6254063,-90.190009
Alie Hunter,Free/Fly,"Toronto, Ontario",womens-swimming-and-diving,2018,43.6534817,-79.3839347
Allison Green,Diving,"West Lafayette, Ind.",womens-swimming-and-diving,2018,40.4258686,-86.9080655
Isabella Lichen,Diving,"Rochester, Minn.",womens-swimming-and-diving,2018,44.0234387,-92.4630182
Hi'ilani Hopkins,IM,"Kailua, Hawaii",womens-swimming-and-diving,2018,19.641941,-155.996933
Grace Herron,Fly,"Rosemount, Minn.",womens-swimming-and-diving,2018,44.7391873,-93.12611
Melanya Zaraska,Fly,"Toronto, Ontario",womens-swimming-and-diving,2018,43.6534817,-79.3839347
Cathleen Li,Free/Fly,"Belmont, Mass.",womens-swimming-and-diving,2018,42.3959296,-71.1786655
Eleanor Zwart,Free/Fly/Back,"Durham, N.H.",womens-swimming-and-diving,2018,43.1214141,-70.9177186
Sarah Minnigh,Free,"Pittsford, N.Y.",womens-swimming-and-diving,2018,43.090959,-77.515298
Zoe Wortzman,Free/Fly,"Mill Valley, Calif.",womens-swimming-and-diving,2018,37.9060368,-122.5449763
Emma Wagner,Free,"Bedford, N.H.",womens-swimming-and-diving,2018,42.9464737,-71.5159015
Mackenzie Stumpf,IM/Breast,"Palm Harbor, Fla.",womens-swimming-and-diving,2018,28.0856815,-82.756907
Connie Zhang,Back/Free,"Lisle, Ill.",womens-swimming-and-diving,2018,41.801159,-88.0747687
Ashley Post,Free,"Edina, Minn.",womens-swimming-and-diving,2018,44.8897027,-93.3501222
Sloane Papa,Diving,"Southlake, Texas",womens-swimming-and-diving,2018,32.9412363,-97.1341783
Sophie Smith,Free/Back,"Brielle, N.J.",womens-swimming-and-diving,2018,40.1078931,-74.0565263
Summer Martin,Free/IM,"Rutledge, Pa.",womens-swimming-and-diving,2018,39.901779,-75.3285218
Maggie Pionzio,Diving,"Lorton, Va.",womens-swimming-and-diving,2018,38.6946355,-77.2199931
Caroline Poleway,Back,"New City, N.Y.",womens-swimming-and-diving,2018,41.1509835,-73.9897782
Kenna Van Steyn,IM/Breast,"Lafayette, Calif.",womens-swimming-and-diving,2018,37.8857582,-122.1180201
Ashley Post,Free,"Edina, Minn.",womens-swimming-and-diving,2019,44.8897027,-93.3501222
Megan Tao,Breast,"Los Gatos, Calif.",womens-swimming-and-diving,2019,37.226611,-121.9746797
Kaia Reznicek,Fly,"Boulder, Colo.",womens-swimming-and-diving,2019,40.0149856,-105.270545
Sophie Smith,Free/Back,"Brielle, N.J.",womens-swimming-and-diving,2019,40.1078931,-74.0565263
Bridget Parker,IM/Breast,"Lewis Center, Ohio",womens-swimming-and-diving,2019,40.1983958,-83.0101843
Cypress Toomey,Diving,"Los Angeles, Calif.",womens-swimming-and-diving,2019,34.0536909,-118.242766
Eleanor Zwart,Free/Fly/Back,"Durham, N.H.",womens-swimming-and-diving,2019,43.1214141,-70.9177186
Maggie Pionzio,Diving,"Lorton, Va.",womens-swimming-and-diving,2019,38.6946355,-77.2199931
Kenna Van Steyn,IM/Breast,"Lafayette, Calif.",womens-swimming-and-diving,2019,37.8857582,-122.1180201
Summer Martin,Free/IM,"Rutledge, Pa.",womens-swimming-and-diving,2019,39.901779,-75.3285218
Sarah Minnigh,Free,"Pittsford, N.Y.",womens-swimming-and-diving,2019,43.090959,-77.515298
Mia Leko,Free/Fly,"North Branford, Conn.",womens-swimming-and-diving,2019,41.3275971,-72.7673198
Christina Cianciolo,Free,"Sarasota, Fla.",womens-swimming-and-diving,2019,27.3365805,-82.5308545
Alie Hunter,Free/Fly,"Toronto, Ontario",womens-swimming-and-diving,2019,43.6534817,-79.3839347
Zoe Wortzman,Free/Fly,"Mill Valley, Calif.",womens-swimming-and-diving,2019,37.9060368,-122.5449763
Connie Zhang,Back/Free,"Lisle, Ill.",womens-swimming-and-diving,2019,41.801159,-88.0747687
Siera Daly,Breast/Fly/IM,"Weston, Conn.",womens-swimming-and-diving,2019,41.2021302,-73.3812743
Leah Johnson,Free/IM,"Brea, Calif.",womens-swimming-and-diving,2019,33.9170444,-117.888855
Sarah Finlay,Backstroke,"St. Louis, Mo.",womens-swimming-and-diving,2019,38.6254063,-90.190009
Susannah Laster,Back/IM,"Pasadena, Calif.",womens-swimming-and-diving,2019,34.1476507,-118.144155
Isabella Lichen,Diving,"Rochester, Minn.",womens-swimming-and-diving,2019,44.0234387,-92.4630182
Maggie Deppe-Walker,IM/Breast,"Fairfax, Va.",womens-swimming-and-diving,2019,38.8462236,-77.3063733
Katherine Cane,Free/Fly,"Orinda, Calif.",womens-swimming-and-diving,2019,37.8771476,-122.1796888
Zoe Moon,Back,"New York, N.Y.",womens-swimming-and-diving,2020,40.7127281,-74.0060152
Rachel Zhang,Free,"Little Rock, Ark.",womens-swimming-and-diving,2020,34.7465071,-92.2896267
Connie Zhang,Back/Free,"Lisle, Ill.",womens-swimming-and-diving,2020,41.801159,-88.0747687
Zoe Wortzman,Free/Fly,"Mill Valley, Calif.",womens-swimming-and-diving,2020,37.9060368,-122.5449763
Cypress Toomey,Diving,"Los Angeles, Calif.",womens-swimming-and-diving,2020,34.0536909,-118.242766
Megan Tao,Breast,"Los Gatos, Calif.",womens-swimming-and-diving,2020,37.226611,-121.9746797
Kaia Reznicek,Fly,"Boulder, Colo.",womens-swimming-and-diving,2020,40.0149856,-105.270545
Ashley Post,Free,"Edina, Minn.",womens-swimming-and-diving,2020,44.8897027,-93.3501222
Bridget Parker,IM/Breast,"Lewis Center, Ohio",womens-swimming-and-diving,2020,40.1983958,-83.0101843
Mia Leko,Free/Fly,"North Branford, Conn.",womens-swimming-and-diving,2020,41.3275971,-72.7673198
Isabella Lichen,Diving,"Rochester, Minn.",womens-swimming-and-diving,2020,44.0234387,-92.4630182
Eleanor Zwart,Free/Fly/Back,"Durham, N.H.",womens-swimming-and-diving,2020,43.1214141,-70.9177186
Isabelle Lewitt,Breast,"London, England",womens-swimming-and-diving,2020,51.5074456,-0.1277653
Maggie Deppe-Walker,IM/Breast,"Fairfax, Va.",womens-swimming-and-diving,2020,38.8462236,-77.3063733
Leah Johnson,Free/IM,"Brea, Calif.",womens-swimming-and-diving,2020,33.9170444,-117.888855
Alie Hunter,Free/Fly,"Toronto, Ontario",womens-swimming-and-diving,2020,43.6534817,-79.3839347
Isabella Hamlen,Back,"Hanover, N.H.",womens-swimming-and-diving,2020,43.7023545,-72.2892164
Summer Martin,Free/IM,"Rutledge, Pa.",womens-swimming-and-diving,2020,39.901779,-75.3285218
Siera Daly,Breast/Fly/IM,"Weston, Conn.",womens-swimming-and-diving,2020,41.2021302,-73.3812743
Christina Cianciolo,Free,"Sarasota, Fla.",womens-swimming-and-diving,2020,27.3365805,-82.5308545
Katherine Cane,Free/Fly,"Orinda, Calif.",womens-swimming-and-diving,2020,37.8771476,-122.1796888
Sarah Minnigh,Free,"Pittsford, N.Y.",womens-swimming-and-diving,2020,43.090959,-77.515298
Susannah Laster,Back/IM,"Pasadena, Calif.",womens-swimming-and-diving,2020,34.1476507,-118.144155
Ashley Post,Free,"Edina, Minn.",womens-swimming-and-diving,2021,44.8897027,-93.3501222
Eleanor Zwart,Free/Fly/Back,"Durham, N.H.",womens-swimming-and-diving,2021,43.1214141,-70.9177186
Rachel Zhang,Free,"Little Rock, Ark.",womens-swimming-and-diving,2021,34.7465071,-92.2896267
Connie Zhang,Back/Free,"Lisle, Ill.",womens-swimming-and-diving,2021,41.801159,-88.0747687
Hayden Barry,Free/Fly,"Grosse Pointe Park, Mich.",womens-swimming-and-diving,2021,42.3816896,-82.9313655
Mia Leko,Free/Fly,"North Branford, Conn.",womens-swimming-and-diving,2021,41.3275971,-72.7673198
Alyssa Palacios,Diving,"San Antonio, Texas",womens-swimming-and-diving,2021,29.4246002,-98.4951405
Bridget Parker,IM/Breast,"Lewis Center, Ohio",womens-swimming-and-diving,2021,40.1983958,-83.0101843
Susannah Laster,Back/IM,"Pasadena, Calif.",womens-swimming-and-diving,2021,34.1476507,-118.144155
Katherine Kramer,Back,"New Orleans, La.",womens-swimming-and-diving,2021,29.9574657,-90.0629493
Sarah Minnigh,Free,"Pittsford, N.Y.",womens-swimming-and-diving,2021,43.090959,-77.515298
Zoe Moon,Back,"New York, N.Y.",womens-swimming-and-diving,2021,40.7127281,-74.0060152
Kenna Van Steyn,IM/Breast,"Lafayette, Calif.",womens-swimming-and-diving,2021,37.8857582,-122.1180201
Sophie Wiener,Free,"Shreveport, La.",womens-swimming-and-diving,2021,32.5135356,-93.7477839
Isabella Lichen,Diving,"Rochester, Minn.",womens-swimming-and-diving,2021,44.0234387,-92.4630182
Mary Howley,Fly/Back,"Milton, Mass.",womens-swimming-and-diving,2021,42.2501425,-71.065573
Isabella Hamlen,Back,"Hanover, N.H.",womens-swimming-and-diving,2021,43.7023545,-72.2892164
Christina Cianciolo,Free,"Sarasota, Fla.",womens-swimming-and-diving,2021,27.3365805,-82.5308545
Zoe Wortzman,Free/Fly,"Mill Valley, Calif.",womens-swimming-and-diving,2021,37.9060368,-122.5449763
Lane Murray,Free/Fly,"Wyndmoor, Penn.",womens-swimming-and-diving,2022,40.0853435,-75.1940207
Alyssa Palacios,Diving,"San Antonio, Texas",womens-swimming-and-diving,2022,29.4246002,-98.4951405
Sydney Rawie,IM/Free/Back,"Austin, Texas",womens-swimming-and-diving,2022,30.2711286,-97.7436995
Rachel Zhang,Free,"Little Rock, Ark.",womens-swimming-and-diving,2022,34.7465071,-92.2896267
Sophie Wiener,Free,"Shreveport, La.",womens-swimming-and-diving,2022,32.5135356,-93.7477839
Chiara Lopach,Diving,"Denver, Colo.",womens-swimming-and-diving,2022,39.7392364,-104.984862
Mary Howley,Fly/Back,"Milton, Mass.",womens-swimming-and-diving,2022,42.2501425,-71.065573
Christina Cianciolo,Free,"Sarasota, Fla.",womens-swimming-and-diving,2022,27.3365805,-82.5308545
Hayden Barry,Free/Fly,"Grosse Pointe Park, Mich.",womens-swimming-and-diving,2022,42.3816896,-82.9313655
Alexa Kalish,Diving,"Brookline, Mass.",womens-swimming-and-diving,2022,42.332918,-71.1187829
Zoe Moon,Back,"New York, N.Y.",womens-swimming-and-diving,2022,40.7127281,-74.0060152
Carly Joerin,Free,"Tampa, Fla.",womens-swimming-and-diving,2022,27.9449854,-82.4583107
Lindsey Drumm,Fly/Free,"Hinsdale, Ill.",womens-swimming-and-diving,2022,41.8024604,-87.9299841
Julianne Jones,IM/Breast,"Boulder, Colo.",womens-swimming-and-diving,2022,40.0149856,-105.270545
Chiara Lopach,Diving,"Denver, Colo.",womens-swimming-and-diving,2023,39.7392364,-104.984862
Rachel Zhang,Free,"Little Rock, Ark.",womens-swimming-and-diving,2023,34.7465071,-92.2896267
Carinn Bethea,Distance Free,"Naples, Fla.",womens-swimming-and-diving,2023,26.1421976,-81.7942944
McLane Gmelich,IM/Free/Fly,"Rumson, N.J.",womens-swimming-and-diving,2023,40.372054,-73.9990269
Elizabeth Ann Stromberger,Free/Fly,"Austin, Texas",womens-swimming-and-diving,2023,30.2711286,-97.7436995
Zoe Moon,Back,"New York, N.Y.",womens-swimming-and-diving,2023,40.7127281,-74.0060152
Lucy Benoit,Back/IM,"West Hartford, Conn.",womens-swimming-and-diving,2023,41.7620447,-72.7420399
Jamieson Legh,Free/Back/Fly,"Lyons, Colo.",womens-swimming-and-diving,2023,40.224432,-105.270532
Lane Murray,Free/Fly,"Wyndmoor, Penn.",womens-swimming-and-diving,2023,40.0853435,-75.1940207
Emma Gao,Sprint Free,"Markham, Ontario",womens-swimming-and-diving,2023,43.8563707,-79.3376825
Sydney Rawie,IM/Free/Back,"Austin, Texas",womens-swimming-and-diving,2023,30.2711286,-97.7436995
Maggie Lambdin,Diving,"Austin, Texas",womens-swimming-and-diving,2023,30.2711286,-97.7436995
Samantha Li,Sprint Free,"Castro Valley, Calif.",womens-swimming-and-diving,2023,37.713606,-122.0715658
Carly Joerin,Free,"Tampa, Fla.",womens-swimming-and-diving,2023,27.9449854,-82.4583107
Sophie Wiener,Free,"Shreveport, La.",womens-swimming-and-diving,2023,32.5135356,-93.7477839
Claire Cornell,Diving,"San Francisco, Calif.",womens-swimming-and-diving,2023,37.7879363,-122.4075201
Alexa Kalish,Diving,"Brookline, Mass.",womens-swimming-and-diving,2023,42.332918,-71.1187829
Hayden Barry,Free/Fly,"Grosse Pointe Park, Mich.",womens-swimming-and-diving,2023,42.3816896,-82.9313655
Lindsey Drumm,Fly/Free,"Hinsdale, Ill.",womens-swimming-and-diving,2023,41.8024604,-87.9299841
Alyssa Palacios,Diving,"San Antonio, Texas",womens-swimming-and-diving,2023,29.4246002,-98.4951405
Kathy Jia,Breast/IM,"Ambler, Pa.",womens-swimming-and-diving,2023,40.1544727,-75.2221643
Vivian Mudry,Breast,"Guilford, Conn.",womens-swimming-and-diving,2023,41.2827593,-72.6816365
Sophia Brown,Sprint Free,"Vienna, Va.",womens-swimming-and-diving,2023,38.9013729,-77.2651762
Julianne Jones,IM/Breast,"Boulder, Colo.",womens-swimming-and-diving,2023,40.0149856,-105.270545
Elizabeth Ann Stromberger,Free/Fly,"Austin, Texas",womens-swimming-and-diving,2024,30.2711286,-97.7436995
Alexa Kalish,Diving,"Brookline, Mass.",womens-swimming-and-diving,2024,42.332918,-71.1187829
Sophie Wiener,Free,"Shreveport, La.",womens-swimming-and-diving,2024,32.5135356,-93.7477839
Addy Domian,Distance Free,"Englewood, Fla",womens-swimming-and-diving,2024,26.9606125,-82.3576324
Hayden Barry,Free/Fly,"Grosse Pointe Park, Mich.",womens-swimming-and-diving,2024,42.3816896,-82.9313655
Kathy Jia,Breast/IM,"Ambler, Pa.",womens-swimming-and-diving,2024,40.1544727,-75.2221643
Maria Uranga,Back,"Guadalajara, Mexico",womens-swimming-and-diving,2024,20.6720375,-103.338396
Ekin Okudur,Back/Free,"Ankara, Turkey",womens-swimming-and-diving,2024,39.9207759,32.8540497
Chiara Lopach,Diving,"Denver, Colo.",womens-swimming-and-diving,2024,39.7392364,-104.984862
Sydney Rawie,IM/Free/Back,"Austin, Texas",womens-swimming-and-diving,2024,30.2711286,-97.7436995
Alyssa Palacios,Diving,"San Antonio, Texas",womens-swimming-and-diving,2024,29.4246002,-98.4951405
Izzy Mundee,Mid & Distance Free,"New Orleans, La.",womens-swimming-and-diving,2024,29.9574657,-90.0629493
Carinn Bethea,Distance Free,"Naples, Fla.",womens-swimming-and-diving,2024,26.1421976,-81.7942944
Sasha Dauletau,Fly/Free,"Austin, Texas",womens-swimming-and-diving,2024,30.2711286,-97.7436995
Carly Joerin,Free,"Tampa, Fla.",womens-swimming-and-diving,2024,27.9449854,-82.4583107
Lindsey Drumm,Fly/Free,"Hinsdale, Ill.",womens-swimming-and-diving,2024,41.8024604,-87.9299841
McLane Gmelich,IM/Free/Fly,"Rumson, N.J.",womens-swimming-and-diving,2024,40.372054,-73.9990269
Emma Gao,Sprint Free,"Markham, Ontario",womens-swimming-and-diving,2024,43.8563707,-79.3376825
Lucy Benoit,Back/IM,"West Hartford, Conn.",womens-swimming-and-diving,2024,41.7620447,-72.7420399
Maggie Lambdin,Diving,"Austin, Texas",womens-swimming-and-diving,2024,30.2711286,-97.7436995
Samantha Li,Sprint Free,"Castro Valley, Calif.",womens-swimming-and-diving,2024,37.713606,-122.0715658
Lane Murray,Free/Fly,"Wyndmoor, Penn.",womens-swimming-and-diving,2024,40.0853435,-75.1940207
Maddie Blackwell,Sprint Free,"Walnut Creek, Calif.",womens-swimming-and-diving,2024,37.9020731,-122.0618702
Xzana Duranovich,Breast,"Windsor, Ontario",womens-swimming-and-diving,2024,42.2858536,-82.9780695
Klara Johnsson Stjernström,Diving,"Malmo, Sweden",womens-swimming-and-diving,2024,55.6052931,13.0001566
Jamieson Legh,Free/Back/Fly,"Lyons, Colo.",womens-swimming-and-diving,2024,40.224432,-105.270532
Sophia Brown,Sprint Free,"Vienna, Va.",womens-swimming-and-diving,2024,38.9013729,-77.2651762
Claire Cornell,Diving,"San Francisco, Calif.",womens-swimming-and-diving,2024,37.7879363,-122.4075201
Izzy Mundee,Mid & Distance Free,"New Orleans, La.",womens-swimming-and-diving,2025,29.9574657,-90.0629493
Alexa Kalish,Diving,"Brookline, Mass.",womens-swimming-and-diving,2025,42.332918,-71.1187829
Milly Kirkman,Diving,"Quechee, Vt.",womens-swimming-and-diving,2025,43.645213,-72.4157218
Maria Uranga,Back,"Guadalajara, Mexico",womens-swimming-and-diving,2025,20.6720375,-103.338396
Ekin Okudur,Back/Free,"Ankara, Turkey",womens-swimming-and-diving,2025,39.9207759,32.8540497
Lucy Benoit,Back/IM,"West Hartford, Conn.",womens-swimming-and-diving,2025,41.7620447,-72.7420399
Lane Murray,Free/Fly,"Wyndmoor, Penn.",womens-swimming-and-diving,2025,40.0853435,-75.1940207
Catherine Ritter,Free,"Westfield, N.J.",womens-swimming-and-diving,2025,40.651726,-74.3483059
Chiara Lopach,Diving,"Denver, Colo.",womens-swimming-and-diving,2025,39.7392364,-104.984862
Samantha Li,Sprint Free,"Castro Valley, Calif.",womens-swimming-and-diving,2025,37.713606,-122.0715658
Jamieson Legh,Free/Back/Fly,"Lyons, Colo.",womens-swimming-and-diving,2025,40.224432,-105.270532
Maggie Lambdin,Diving,"Austin, Texas",womens-swimming-and-diving,2025,30.2711286,-97.7436995
Eylul Supurgeci,Distance Free,"Antalya, Turkey",womens-swimming-and-diving,2025,36.8865728,30.7030242
Sydney Rawie,IM/Free/Back,"Austin, Texas",womens-swimming-and-diving,2025,30.2711286,-97.7436995
Klara Johnsson Stjernström,Diving,"Malmo, Sweden",womens-swimming-and-diving,2025,55.6052931,13.0001566
Elizabeth Ann Stromberger,Free/Fly,"Austin, Texas",womens-swimming-and-diving,2025,30.2711286,-97.7436995
Sophia Brown,Sprint Free,"Vienna, Va.",womens-swimming-and-diving,2025,38.9013729,-77.2651762
McLane Gmelich,IM/Free/Fly,"Rumson, N.J.",womens-swimming-and-diving,2025,40.372054,-73.9990269
Nil Helvacioglu,Free/Fly,"Istanbul, Turkey",womens-swimming-and-diving,2025,41.006381,28.9758715
Kathy Jia,Breast/IM,"Ambler, Pa.",womens-swimming-and-diving,2025,40.1544727,-75.2221643
Addy Domian,Distance Free,"Englewood, Fla",womens-swimming-and-diving,2025,26.9606125,-82.3576324
Lindsey Drumm,Fly/Free,"Hinsdale, Ill.",womens-swimming-and-diving,2025,41.8024604,-87.9299841
Carinn Bethea,Distance Free,"Naples, Fla.",womens-swimming-and-diving,2025,26.1421976,-81.7942944
Claire Cornell,Diving,"San Francisco, Calif.",womens-swimming-and-diving,2025,37.7879363,-122.4075201
Maddie Blackwell,Sprint Free,"Walnut Creek, Calif.",womens-swimming-and-diving,2025,37.9020731,-122.0618702
Xzana Duranovich,Breast,"Windsor, Ontario",womens-swimming-and-diving,2025,42.2858536,-82.9780695
Sasha Dauletau,Fly/Free,"Austin, Texas",womens-swimming-and-diving,2025,30.2711286,-97.7436995
Sophia He,Fly/IM,"Austin, Texas",womens-swimming-and-diving,2025,30.2711286,-97.7436995
Erika Ilkiu,Breast/IM,"Deerfield, Ill.",womens-swimming-and-diving,2025,42.1711365,-87.8445119
Carly Joerin,Free,"Tampa, Fla.",womens-swimming-and-diving,2025,27.9449854,-82.4583107
Sena Bozkurt,Fly/Back,"Greenwich, Conn.",womens-swimming-and-diving,2025,41.0264862,-73.6284598
Kathy Jia,Breast/IM,"Ambler, Pa.",womens-swimming-and-diving,2026,40.1544727,-75.2221643
Klara Johnsson Stjernström,Diving,"Malmo, Sweden",womens-swimming-and-diving,2026,55.6052931,13.0001566
Milly Kirkman,Diving,"Quechee, Vt.",womens-swimming-and-diving,2026,43.645213,-72.4157218
Gloria Kuang,Free,"Great Falls, Va.",womens-swimming-and-diving,2026,39.0116538,-77.3083988
Maggie Lambdin,Diving,"Austin, Texas",womens-swimming-and-diving,2026,30.2711286,-97.7436995
Izzy Mundee,Mid & Distance Free,"New Orleans, La.",womens-swimming-and-diving,2026,29.9574657,-90.0629493
Samantha Li,Sprint Free,"Castro Valley, Calif.",womens-swimming-and-diving,2026,37.713606,-122.0715658
Molly McCorriston,Free/Fly,"Seattle, Washington",womens-swimming-and-diving,2026,47.6038321,-122.330062
Ekin Okudur,Back/Free,"Ankara, Turkey",womens-swimming-and-diving,2026,39.9207759,32.8540497
Catherine Ritter,Free,"Westfield, N.J.",womens-swimming-and-diving,2026,40.651726,-74.3483059
Erika Ilkiu,Breast/IM,"Deerfield, Ill.",womens-swimming-and-diving,2026,42.1711365,-87.8445119
Jamieson Legh,Free/Back/Fly,"Lyons, Colo.",womens-swimming-and-diving,2026,40.224432,-105.270532
Nil Helvacioglu,Free/Fly,"Istanbul, Turkey",womens-swimming-and-diving,2026,41.006381,28.9758715
Elizabeth Ann Stromberger,Free/Fly,"Austin, Texas",womens-swimming-and-diving,2026,30.2711286,-97.7436995
McLane Gmelich,IM/Free/Fly,"Rumson, N.J.",womens-swimming-and-diving,2026,40.372054,-73.9990269
Lindsay Forebaugh,Fly/Free,"Western Springs, Ill.",womens-swimming-and-diving,2026,41.8096132,-87.900671
Xzana Duranovich,Breast,"Windsor, Ontario",womens-swimming-and-diving,2026,42.2858536,-82.9780695
Kate Douglas,Sprint Free/Back,"Arlington, Va.",womens-swimming-and-diving,2026,38.8769326,-77.0893094
Addy Domian,Distance Free,"Englewood, Fla",womens-swimming-and-diving,2026,26.9606125,-82.3576324
Madeline Crawford,Free,"Chatham, N.J.",womens-swimming-and-diving,2026,40.7409242,-74.3836711
Claire Cornell,Diving,"San Francisco, Calif.",womens-swimming-and-diving,2026,37.7879363,-122.4075201
Iris Burns-Trahanovsky,Diving,"Austin, Texas",womens-swimming-and-diving,2026,30.2711286,-97.7436995
Sophia Brown,Sprint Free,"Vienna, Va.",womens-swimming-and-diving,2026,38.9013729,-77.2651762
Sena Bozkurt,Fly/Back,"Greenwich, Conn.",womens-swimming-and-diving,2026,41.0264862,-73.6284598
Maddie Blackwell,Sprint Free,"Walnut Creek, Calif.",womens-swimming-and-diving,2026,37.9020731,-122.0618702
Carinn Bethea,Distance Free,"Naples, Fla.",womens-swimming-and-diving,2026,26.1421976,-81.7942944
Mena Alexandrova,Free,"Atlanta, Ga.",womens-swimming-and-diving,2026,33.7544657,-84.3898151
Sophia He,Fly/IM,"Austin, Texas",womens-swimming-and-diving,2026,30.2711286,-97.7436995
Julia Herman,PL,"Berwyn, Pa.",womens-squash,2016,40.0477701,-75.4421325
Annie Blasberg,PL,"Boston, Mass.",womens-squash,2016,42.3588336,-71.0578303
Jacqueline Barnes,PL,"Chevy Chase, Md.",womens-squash,2016,38.9813699,-77.0849245
Junnat Anwar,PL,"Boston, Mass.",womens-squash,2016,42.3588336,-71.0578303
Maddie Fraser,PL,"Brooklyn, N.Y.",womens-squash,2016,40.6526006,-73.9497211
Charis Freiman-Mendel,PL,"Santa Fe, N.M.",womens-squash,2016,35.6876096,-105.938456
Janel Gaube,PL,"Victoria, Canada",womens-squash,2016,48.4283182,-123.364953
Zainab Molani,PL,"Lake Zurich, Ill.",womens-squash,2016,42.1969689,-88.0934108
Julia Potter,PL,"Baltimore, Md.",womens-squash,2016,39.2908816,-76.610759
Emma Roberts,PL,"Wellesley, Mass.",womens-squash,2016,42.2964859,-71.2925571
Rebecca Brownell,PL,"Belmont, Mass.",womens-squash,2016,42.3959296,-71.1786655
Veronica Culhane,PL,"Brooklyn, N.Y.",womens-squash,2016,40.6526006,-73.9497211
Rebecca Brownell,PL,"Belmont, Mass.",womens-squash,2017,42.3959296,-71.1786655
Annie Blasberg,PL,"Boston, Mass.",womens-squash,2017,42.3588336,-71.0578303
Julia Potter,PL,"Baltimore, Md.",womens-squash,2017,39.2908816,-76.610759
Brynn Bank,PL,"Princeton, N.J.",womens-squash,2017,40.3496953,-74.6597376
Charis Freiman-Mendel,PL,"Santa Fe, N.M.",womens-squash,2017,35.6876096,-105.938456
Junnat Anwar,PL,"Boston, Mass.",womens-squash,2017,42.3588336,-71.0578303
Ellie Gozigian,PL,"Boston, Mass.",womens-squash,2017,42.3588336,-71.0578303
Zainab Molani,PL,"Lake Zurich, Ill.",womens-squash,2017,42.1969689,-88.0934108
Emma Roberts,PL,"Wellesley, Mass.",womens-squash,2017,42.2964859,-71.2925571
Janel Gaube,PL,"Victoria, Canada",womens-squash,2017,48.4283182,-123.364953
Julia Herman,PL,"Berwyn, Pa.",womens-squash,2017,40.0477701,-75.4421325
Sandra Reiss,PL,"Fairfield, Conn.",womens-squash,2017,41.1412078,-73.2637258
Darden Gildea,PL,"Stevenson, Md.",womens-squash,2018,39.4102772,-76.7128314
Annie Blasberg,PL,"Boston, Mass.",womens-squash,2018,42.3588336,-71.0578303
Charis Freiman-Mendel,PL,"Santa Fe, N.M.",womens-squash,2018,35.6876096,-105.938456
Brynn Bank,PL,"Princeton, N.J.",womens-squash,2018,40.3496953,-74.6597376
Junnat Anwar,PL,"Boston, Mass.",womens-squash,2018,42.3588336,-71.0578303
Julia Herman,PL,"Berwyn, Pa.",womens-squash,2018,40.0477701,-75.4421325
Ellie Gozigian,PL,"Boston, Mass.",womens-squash,2018,42.3588336,-71.0578303
Emma MacTaggart,PL,"Greenwich, Conn.",womens-squash,2018,41.0264862,-73.6284598
Jennifer Lee,PL,"San Francisco, Calif.",womens-squash,2018,37.7879363,-122.4075201
Caroline Mollenkopf,PL,"Pittsford, N.Y.",womens-squash,2018,43.090959,-77.515298
Julia Potter,PL,"Baltimore, Md.",womens-squash,2018,39.2908816,-76.610759
Nina Herman,PL,"Berwyn, Pa.",womens-squash,2018,40.0477701,-75.4421325
Sandra Reiss,PL,"Fairfield, Conn.",womens-squash,2018,41.1412078,-73.2637258
Emma Roberts,PL,"Wellesley, Mass.",womens-squash,2018,42.2964859,-71.2925571
Caroline Mollenkopf,PL,"Pittsford, N.Y.",womens-squash,2019,43.090959,-77.515298
Emma Supattapone,PL,"Hanover, N.H.",womens-squash,2019,43.7023545,-72.2892164
Sandra Reiss,PL,"Fairfield, Conn.",womens-squash,2019,41.1412078,-73.2637258
Julia Potter,PL,"Baltimore, Md.",womens-squash,2019,39.2908816,-76.610759
Neeya Patel,PL,"Atlanta, Ga.",womens-squash,2019,33.7544657,-84.3898151
Emma MacTaggart,PL,"Greenwich, Conn.",womens-squash,2019,41.0264862,-73.6284598
Nina Herman,PL,"Berwyn, Pa.",womens-squash,2019,40.0477701,-75.4421325
Olivia Gish,PL,"Hanover, N.H.",womens-squash,2019,43.7023545,-72.2892164
Darden Gildea,PL,"Stevenson, Md.",womens-squash,2019,39.4102772,-76.7128314
Jesse Brownell,PL,"Belmont, Mass.",womens-squash,2019,42.3959296,-71.1786655
Annie Blasberg,PL,"Boston, Mass.",womens-squash,2019,42.3588336,-71.0578303
Brynn Bank,PL,"Princeton, N.J.",womens-squash,2019,40.3496953,-74.6597376
Claire Aube,PL,"Rye, N.Y.",womens-squash,2019,40.9821371,-73.6840902
Junnat Anwar,PL,"Boston, Mass.",womens-squash,2019,42.3588336,-71.0578303
Ellie Gozigian,PL,"Boston, Mass.",womens-squash,2019,42.3588336,-71.0578303
Ellie Burke,PL,"Rye, N.Y.",womens-squash,2020,40.9821371,-73.6840902
Darden Gildea,PL,"Stevenson, Md.",womens-squash,2020,39.4102772,-76.7128314
Ellie Gozigian,PL,"Boston, Mass.",womens-squash,2020,42.3588336,-71.0578303
Emma MacTaggart,PL,"Greenwich, Conn.",womens-squash,2020,41.0264862,-73.6284598
Sandra Reiss,PL,"Fairfield, Conn.",womens-squash,2020,41.1412078,-73.2637258
Brynn Bank,PL,"Princeton, N.J.",womens-squash,2020,40.3496953,-74.6597376
Caroline Mollenkopf,PL,"Pittsford, N.Y.",womens-squash,2020,43.090959,-77.515298
Claire Aube,PL,"Rye, N.Y.",womens-squash,2020,40.9821371,-73.6840902
Jesse Brownell,PL,"Belmont, Mass.",womens-squash,2020,42.3959296,-71.1786655
Neeya Patel,PL,"Atlanta, Ga.",womens-squash,2020,33.7544657,-84.3898151
Emily Schuster,PL,"New Freedom, Pa.",womens-squash,2020,39.7378811,-76.7013609
Priya Verma,PL,"Valencia, Spain",womens-squash,2020,39.4697065,-0.3763353
Caroline Mollenkopf,PL,"Pittsford, N.Y.",womens-squash,2021,43.090959,-77.515298
Ellie Burke,PL,"Rye, N.Y.",womens-squash,2021,40.9821371,-73.6840902
Priya Verma,PL,"Valencia, Spain",womens-squash,2021,39.4697065,-0.3763353
Chelsea Cho,PL,"Andover, Mass.",womens-squash,2021,42.65717,-71.1408776
Darden Gildea,PL,"Stevenson, Md.",womens-squash,2021,39.4102772,-76.7128314
Claire Aube,PL,"Rye, N.Y.",womens-squash,2021,40.9821371,-73.6840902
Aubrey Lennon,PL,"Hunting Valley, Ohio",womens-squash,2021,41.489219,-81.401781
Isabella Rolfe,PL,"Greenwich, Conn.",womens-squash,2021,41.0264862,-73.6284598
Emily Schuster,PL,"New Freedom, Pa.",womens-squash,2021,39.7378811,-76.7013609
Emma Supattapone,PL,"Hanover, N.H.",womens-squash,2021,43.7023545,-72.2892164
Jesse Brownell,PL,"Belmont, Mass.",womens-squash,2021,42.3959296,-71.1786655
Emma MacTaggart,PL,"Greenwich, Conn.",womens-squash,2021,41.0264862,-73.6284598
Neeya Patel,PL,"Atlanta, Ga.",womens-squash,2021,33.7544657,-84.3898151
Priya Verma,PL,"Valencia, Spain",womens-squash,2022,39.4697065,-0.3763353
Claire Aube,PL,"Rye, N.Y.",womens-squash,2022,40.9821371,-73.6840902
Ellie Burke,PL,"Rye, N.Y.",womens-squash,2022,40.9821371,-73.6840902
Emily Schuster,PL,"New Freedom, Pa.",womens-squash,2022,39.7378811,-76.7013609
Devon Glaser,PL,"Bryn Mawr, Pa.",womens-squash,2022,40.0238245,-75.3173407
Emma Supattapone,PL,"Hanover, N.H.",womens-squash,2022,43.7023545,-72.2892164
Neeya Patel,PL,"Atlanta, Ga.",womens-squash,2022,33.7544657,-84.3898151
Callie Worth,PL,"Mill Neck, N.Y.",womens-squash,2022,40.8871175,-73.5551392
Chelsea Cho,PL,"Andover, Mass.",womens-squash,2022,42.65717,-71.1408776
Naaz Valvani,PL,"New York, N.Y.",womens-squash,2022,40.7127281,-74.0060152
Jesse Brownell,PL,"Belmont, Mass.",womens-squash,2022,42.3959296,-71.1786655
Aubrey Lennon,PL,"Hunting Valley, Ohio",womens-squash,2022,41.489219,-81.401781
Devon Glaser,PL,"Bryn Mawr, Pa.",womens-squash,2023,40.0238245,-75.3173407
Aubrey Lennon,PL,"Hunting Valley, Ohio",womens-squash,2023,41.489219,-81.401781
Ellie Burke,PL,"Rye, N.Y.",womens-squash,2023,40.9821371,-73.6840902
Chelsea Cho,PL,"Andover, Mass.",womens-squash,2023,42.65717,-71.1408776
Callie Worth,PL,"Mill Neck, N.Y.",womens-squash,2023,40.8871175,-73.5551392
Ellie Clifford,PL,"Bronxville, N.Y.",womens-squash,2023,40.9381544,-73.8320784
Priya Verma,PL,"Valencia, Spain",womens-squash,2023,39.4697065,-0.3763353
Zayna Usman,PL,"Dayton, Ohio",womens-squash,2023,39.7589478,-84.1916069
Maria Clara Ramírez,PL,"Medellín, Colombia",womens-squash,2023,6.2697324,-75.6025597
Emily Schuster,PL,"New Freedom, Pa.",womens-squash,2023,39.7378811,-76.7013609
Mary Wood,PL,"New York, N.Y.",womens-squash,2023,40.7127281,-74.0060152
Nathalie Taylor,PL,"Philadelphia, Pa.",womens-squash,2023,39.9527237,-75.1635262
Chelsea Cho,PL,"Andover, Mass.",womens-squash,2024,42.65717,-71.1408776
Maria Clara Ramírez,PL,"Medellín, Colombia",womens-squash,2024,6.2697324,-75.6025597
Zayna Usman,PL,"Dayton, Ohio",womens-squash,2024,39.7589478,-84.1916069
Aubrey Lennon,PL,"Hunting Valley, Ohio",womens-squash,2024,41.489219,-81.401781
Maya Shroff,PL,"Long Hill, N.J.",womens-squash,2024,41.113328,-74.3432744
Kriti Muthu,PL,"Houston, Texas",womens-squash,2024,29.7589382,-95.3676974
Devon Glaser,PL,"Bryn Mawr, Pa.",womens-squash,2024,40.0238245,-75.3173407
Maya Mansoor,PL,"Richmond Hill, Ontario",womens-squash,2024,43.8801166,-79.4392925
Callie Worth,PL,"Mill Neck, N.Y.",womens-squash,2024,40.8871175,-73.5551392
Ellie Clifford,PL,"Bronxville, N.Y.",womens-squash,2024,40.9381544,-73.8320784
Mary Wood,PL,"New York, N.Y.",womens-squash,2024,40.7127281,-74.0060152
Nathalie Taylor,PL,"Philadelphia, Pa.",womens-squash,2024,39.9527237,-75.1635262
Kriti Muthu,PL,"Houston, Texas",womens-squash,2025,29.7589382,-95.3676974
Callie Worth,PL,"Mill Neck, N.Y.",womens-squash,2025,40.8871175,-73.5551392
Ellie Clifford,PL,"Bronxville, N.Y.",womens-squash,2025,40.9381544,-73.8320784
Uma Patnaik,PL,"Bethesda, Md.",womens-squash,2025,38.9812726,-77.1233587
Maya Mansoor,PL,"Richmond Hill, Ontario",womens-squash,2025,43.8801166,-79.4392925
Xiang Xiang Liu,PL,"Shanghai, China",womens-squash,2025,31.2312707,121.4700152
Maya Shroff,PL,"Long Hill, N.J.",womens-squash,2025,41.113328,-74.3432744
Zayna Usman,PL,"Dayton, Ohio",womens-squash,2025,39.7589478,-84.1916069
Maria Clara Ramírez,PL,"Medellín, Colombia",womens-squash,2025,6.2697324,-75.6025597
Nathalie Taylor,PL,"Philadelphia, Pa.",womens-squash,2025,39.9527237,-75.1635262
Nathalie Taylor,PL,"Philadelphia, Pa.",womens-squash,2026,39.9527237,-75.1635262
Maya Shroff,PL,"Long Hill, N.J.",womens-squash,2026,41.113328,-74.3432744
Uma Patnaik,PL,"Bethesda, Md.",womens-squash,2026,38.9812726,-77.1233587
Denali Pannu,PL,"San Mateo, Calif.",womens-squash,2026,37.496904,-122.3330573
Xiang Xiang Liu,PL,"Shanghai, China",womens-squash,2026,31.2312707,121.4700152
Maya Mansoor,PL,"Richmond Hill, Ontario",womens-squash,2026,43.8801166,-79.4392925
Emily Coulcher-Porter,PL,"Oxford, UK.",womens-squash,2026,51.7520131,-1.2578499
Ellie Clifford,PL,"Bronxville, N.Y.",womens-squash,2026,40.9381544,-73.8320784
Zayna Usman,PL,"Dayton, Ohio",womens-squash,2026,39.7589478,-84.1916069
Kriti Muthu,PL,"Houston, Texas",womens-squash,2026,29.7589382,-95.3676974
Julia Lau,LIB,"Honolulu, Hawaii",womens-volleyball,2016,21.304547,-157.855676
Stacey Benton,S,"Phoenix, Ariz.",womens-volleyball,2016,33.4484367,-112.074141
Maddy Schoenberger,RS/D,"Corte Madera, Calif.",womens-volleyball,2016,37.9254806,-122.527475
Emily Patrick,OH,"Austin, Texas",womens-volleyball,2016,30.2711286,-97.7436995
Carly Tower,MB,"Windermere, Fla.",womens-volleyball,2016,28.4944695,-81.5345547
Catherine Shepherd,MB/RS,"Los Angeles, Calif.",womens-volleyball,2016,34.0536909,-118.242766
Danielle Glinka,OH,"Orlando, Fla.",womens-volleyball,2016,28.5421218,-81.379045
Allie Carey,RS/OH,"Fairfield, Conn.",womens-volleyball,2016,41.1412078,-73.2637258
Sara Lindquist,OH,"Mercer Island, Wash.",womens-volleyball,2016,47.5766324,-122.2276378
Lottie MacAulay,MB,"Mercer Island, Wash.",womens-volleyball,2016,47.5766324,-122.2276378
Zoe Leonard,LIB,"Hilo, Hawaii",womens-volleyball,2016,19.7073734,-155.08158
Emily Astarita,OPP,"Setauket, N.Y.",womens-volleyball,2016,40.9467545,-73.115916
Morgan Dressel,MB,"Woodside, Calif.",womens-volleyball,2016,37.4280637,-122.2507435
Jordan Cornwell,LIB,"Clements, Calif.",womens-volleyball,2016,38.1907514,-121.0882767
Sierra Lyle,RS,"Encinitas, Calif.",womens-volleyball,2016,33.0431846,-117.2849848
Samantha Bozoian,OPP,"Chino Hills, Calif.",womens-volleyball,2016,33.9926803,-117.760056
Abby Kott,MB,"Cary, N.C.",womens-volleyball,2016,35.7873617,-78.7811623
Corinne Cox,RS/S,"Duxbury, Mass.",womens-volleyball,2016,42.0417695,-70.672259
Kaira Lujan,MB,"Santa Fe, N.M.",womens-volleyball,2016,35.6876096,-105.938456
Molly Kornfeind,OH,"Pacific Palisades, Calif.",womens-volleyball,2016,34.0480643,-118.5264706
Maddy Schoenberger,RS/D,"Corte Madera, Calif.",womens-volleyball,2017,37.9254806,-122.527475
Sara Lindquist,OH,"Mercer Island, Wash.",womens-volleyball,2017,47.5766324,-122.2276378
Carly Tower,MB,"Windermere, Fla.",womens-volleyball,2017,28.4944695,-81.5345547
Allie Carey,RS/OH,"Fairfield, Conn.",womens-volleyball,2017,41.1412078,-73.2637258
Lauren Douglas,DS/L,"Pacific Palisades, Calif.",womens-volleyball,2017,34.0480643,-118.5264706
Elise Petit,OH,"Redmond, Wash.",womens-volleyball,2017,47.6694141,-122.1238767
Morgan Dressel,MB,"Woodside, Calif.",womens-volleyball,2017,37.4280637,-122.2507435
Mallen Bischoff,OH,"San Francisco, Calif.",womens-volleyball,2017,37.7879363,-122.4075201
Olympia Nagel-Caland,OH/OPP,"Los Angeles, Calif.",womens-volleyball,2017,34.0536909,-118.242766
Zoe Leonard,LIB,"Hilo, Hawaii",womens-volleyball,2017,19.7073734,-155.08158
Tori Dozier,S,"Raleigh, N.C.",womens-volleyball,2017,35.7803977,-78.6390989
Tola Akinwumi,MB,"Palos Verdes, Calif.",womens-volleyball,2017,33.7388745,-118.3976474
Leeza Poselski,RS,"Riverside, Calif.",womens-volleyball,2017,33.9824949,-117.374238
Abby Kott,MB,"Cary, N.C.",womens-volleyball,2017,35.7873617,-78.7811623
Samantha Bozoian,OPP,"Chino Hills, Calif.",womens-volleyball,2017,33.9926803,-117.760056
Corinne Cox,RS/S,"Duxbury, Mass.",womens-volleyball,2017,42.0417695,-70.672259
Lauren Douglas,DS/L,"Pacific Palisades, Calif.",womens-volleyball,2018,34.0480643,-118.5264706
Bella Hedley,OH,"Los Angeles, Calif.",womens-volleyball,2018,34.0536909,-118.242766
Mallen Bischoff,OH,"San Francisco, Calif.",womens-volleyball,2018,37.7879363,-122.4075201
Carly Tower,MB,"Windermere, Fla.",womens-volleyball,2018,28.4944695,-81.5345547
Maddy Schoenberger,RS/D,"Corte Madera, Calif.",womens-volleyball,2018,37.9254806,-122.527475
Elise Petit,OH,"Redmond, Wash.",womens-volleyball,2018,47.6694141,-122.1238767
Francesca Meldrum,MB,"New York, N.Y.",womens-volleyball,2018,40.7127281,-74.0060152
Olympia Nagel-Caland,OH/OPP,"Los Angeles, Calif.",womens-volleyball,2018,34.0536909,-118.242766
Zoe Leonard,LIB,"Hilo, Hawaii",womens-volleyball,2018,19.7073734,-155.08158
Nicole Liddle,OH,"Los Gatos, Calif.",womens-volleyball,2018,37.226611,-121.9746797
Emma Moffet,MB,"Los Angeles, Calif.",womens-volleyball,2018,34.0536909,-118.242766
Tola Akinwumi,MB,"Palos Verdes, Calif.",womens-volleyball,2018,33.7388745,-118.3976474
Jael Campbell,OH,"Palos Verdes, Calif.",womens-volleyball,2018,33.7388745,-118.3976474
Corinne Cox,RS/S,"Duxbury, Mass.",womens-volleyball,2018,42.0417695,-70.672259
Annemarie Horn,S,"Scarsdale, N.Y.",womens-volleyball,2018,40.9885221,-73.8085608
Samantha Bozoian,OPP,"Chino Hills, Calif.",womens-volleyball,2018,33.9926803,-117.760056
Abby Kott,MB,"Cary, N.C.",womens-volleyball,2018,35.7873617,-78.7811623
Taite Ryan,OH,"Winnetka, Ill.",womens-volleyball,2019,42.1080703,-87.7365286
Maddy Schoenberger,RS/D,"Corte Madera, Calif.",womens-volleyball,2019,37.9254806,-122.527475
Makenzie Arent,S,"Spring, Texas",womens-volleyball,2019,30.070979,-95.4013419
Jael Campbell,OH,"Palos Verdes, Calif.",womens-volleyball,2019,33.7388745,-118.3976474
Jojo Brown,OH,"Winter Garden, Fla.",womens-volleyball,2019,28.5656649,-81.5856742
Bella Hedley,OH,"Los Angeles, Calif.",womens-volleyball,2019,34.0536909,-118.242766
Lauren Douglas,DS/L,"Pacific Palisades, Calif.",womens-volleyball,2019,34.0480643,-118.5264706
Annemarie Horn,S,"Scarsdale, N.Y.",womens-volleyball,2019,40.9885221,-73.8085608
Grace Wiczek,OH,"Park City, Utah",womens-volleyball,2019,40.6460921,-111.4979963
Carly Tower,MB,"Windermere, Fla.",womens-volleyball,2019,28.4944695,-81.5345547
Emma Moffet,MB,"Los Angeles, Calif.",womens-volleyball,2019,34.0536909,-118.242766
Ali Silva,DS/L,"Walnut Creek, Calif.",womens-volleyball,2019,37.9020731,-122.0618702
Tola Akinwumi,MB,"Palos Verdes, Calif.",womens-volleyball,2019,33.7388745,-118.3976474
Elise Petit,OH,"Redmond, Wash.",womens-volleyball,2019,47.6694141,-122.1238767
Francesca Meldrum,MB,"New York, N.Y.",womens-volleyball,2019,40.7127281,-74.0060152
Corinne Cox,RS/S,"Duxbury, Mass.",womens-volleyball,2019,42.0417695,-70.672259
Abby Kott,MB,"Cary, N.C.",womens-volleyball,2019,35.7873617,-78.7811623
Nicole Liddle,OH,"Los Gatos, Calif.",womens-volleyball,2019,37.226611,-121.9746797
Makenzie Arent,S,"Spring, Texas",womens-volleyball,2020,30.070979,-95.4013419
Karen Murphy,S,"Nampa, Idaho",womens-volleyball,2020,43.5780381,-116.5616885
Ellie Blain,RS,"Palm Beach Gardens, Fla.",womens-volleyball,2020,26.8233946,-80.1386547
Lauren Douglas,DS/L,"Pacific Palisades, Calif.",womens-volleyball,2020,34.0480643,-118.5264706
Bella Hedley,OH,"Los Angeles, Calif.",womens-volleyball,2020,34.0536909,-118.242766
Jojo Brown,OH,"Winter Garden, Fla.",womens-volleyball,2020,28.5656649,-81.5856742
Francesca Meldrum,MB,"New York, N.Y.",womens-volleyball,2020,40.7127281,-74.0060152
Elise Petit,OH,"Redmond, Wash.",womens-volleyball,2020,47.6694141,-122.1238767
Taite Ryan,OH,"Winnetka, Ill.",womens-volleyball,2020,42.1080703,-87.7365286
Teani De Fries,RS,"Waimanalo, Hawaii",womens-volleyball,2020,21.346304,-157.7211
Amelia Gibbs,MB,"Palo Alto, Calif.",womens-volleyball,2020,37.4443293,-122.1598465
Bomi Ogunlari,RS,"Rockwall, Texas",womens-volleyball,2020,32.8923464,-96.4066987
Ali Silva,DS/L,"Walnut Creek, Calif.",womens-volleyball,2020,37.9020731,-122.0618702
Tola Akinwumi,MB,"Palos Verdes, Calif.",womens-volleyball,2020,33.7388745,-118.3976474
Natalie Grover,OH,"Menlo Park, Calif.",womens-volleyball,2020,37.4519671,-122.177992
Grace Wiczek,OH,"Park City, Utah",womens-volleyball,2020,40.6460921,-111.4979963
Nicole Liddle,OH,"Los Gatos, Calif.",womens-volleyball,2020,37.226611,-121.9746797
Emma Moffet,MB,"Los Angeles, Calif.",womens-volleyball,2020,34.0536909,-118.242766
Tasman Mullins,S/RS,"Manhattan Beach, Calif.",womens-volleyball,2021,33.8872777,-118.4104324
Karen Murphy,S,"Nampa, Idaho",womens-volleyball,2021,43.5780381,-116.5616885
Jojo Brown,OH,"Winter Garden, Fla.",womens-volleyball,2021,28.5656649,-81.5856742
Francesca Meldrum,MB,"New York, N.Y.",womens-volleyball,2021,40.7127281,-74.0060152
Makenzie Arent,S,"Spring, Texas",womens-volleyball,2021,30.070979,-95.4013419
Piper Stevens,OH/OPP,"Manhattan Beach, Calif.",womens-volleyball,2021,33.8872777,-118.4104324
Bella Hedley,DS/L,"Los Angeles, Calif.",womens-volleyball,2021,34.0536909,-118.242766
Teani De Fries,DS,"Waimanalo, Hawaii",womens-volleyball,2021,21.346304,-157.7211
Taite Ryan,OH,"Winnetka, Ill.",womens-volleyball,2021,42.1080703,-87.7365286
Ellie Blain,OH/MB/RS,"Palm Beach Gardens, Fla.",womens-volleyball,2021,26.8233946,-80.1386547
Grace Wiczek,OH,"Park City, Utah",womens-volleyball,2021,40.6460921,-111.4979963
Ali Silva,DS/L,"Walnut Creek, Calif.",womens-volleyball,2021,37.9020731,-122.0618702
Emma Engstrom,L/DS,"Danville, Calif.",womens-volleyball,2021,37.8225892,-122.0008254
Emma Moffet,MB(C),"Los Angeles, Calif.",womens-volleyball,2021,34.0536909,-118.242766
Bomi Ogunlari,MB/RS,"Rockwall, Texas",womens-volleyball,2021,32.8923464,-96.4066987
Nicole Liddle,OH,"Los Gatos, Calif.",womens-volleyball,2021,37.226611,-121.9746797
Emma Sinclair,OH,"Rockford, Ill.",womens-volleyball,2021,42.2713945,-89.093966
Natalie Grover,OH,"Menlo Park, Calif.",womens-volleyball,2021,37.4519671,-122.177992
Amelia Gibbs,MB,"Palo Alto, Calif.",womens-volleyball,2021,37.4443293,-122.1598465
Karen Murphy,S,"Nampa, Idaho",womens-volleyball,2022,43.5780381,-116.5616885
Ellie Blain,OH/MB/RS,"Palm Beach Gardens, Fla.",womens-volleyball,2022,26.8233946,-80.1386547
Taite Ryan,OH,"Winnetka, Ill.",womens-volleyball,2022,42.1080703,-87.7365286
Tasman Mullins,S/RS,"Manhattan Beach, Calif.",womens-volleyball,2022,33.8872777,-118.4104324
Jojo Brown,OH,"Winter Garden, Fla.",womens-volleyball,2022,28.5656649,-81.5856742
Emma Symon,MB,"Los Altos, Calif.",womens-volleyball,2022,37.3790629,-122.116578
Piper Stevens,OH/OPP,"Manhattan Beach, Calif.",womens-volleyball,2022,33.8872777,-118.4104324
Makenzie Arent,S,"Spring, Texas",womens-volleyball,2022,30.070979,-95.4013419
Kauany Gutz,OH,"Balneário Camboriú, Brazil",womens-volleyball,2022,-27.0075487,-48.6139259
Molly Power,MB,"Winnetka, Ill.",womens-volleyball,2022,42.1080703,-87.7365286
Grace Wiczek,OH,"Park City, Utah",womens-volleyball,2022,40.6460921,-111.4979963
Ava Roberts,MB/RS,"Mansfield, Texas",womens-volleyball,2022,32.563487,-97.1420308
Bomi Ogunlari,MB/RS,"Rockwall, Texas",womens-volleyball,2022,32.8923464,-96.4066987
Ali Silva,DS/L,"Walnut Creek, Calif.",womens-volleyball,2022,37.9020731,-122.0618702
Emma Sinclair,OH,"Rockford, Ill.",womens-volleyball,2022,42.2713945,-89.093966
Natalie Grover,OH,"Menlo Park, Calif.",womens-volleyball,2022,37.4519671,-122.177992
Emma Engstrom,L/DS,"Danville, Calif.",womens-volleyball,2022,37.8225892,-122.0008254
Amelia Gibbs,MB,"Palo Alto, Calif.",womens-volleyball,2022,37.4443293,-122.1598465
Piper Stevens,OH/OPP,"Manhattan Beach, Calif.",womens-volleyball,2023,33.8872777,-118.4104324
Ellie Blain,OH/MB/RS,"Palm Beach Gardens, Fla.",womens-volleyball,2023,26.8233946,-80.1386547
Karen Murphy,S,"Nampa, Idaho",womens-volleyball,2023,43.5780381,-116.5616885
Valia Evangeliou,OH,"Athens, Greece",womens-volleyball,2023,37.9755648,23.7348324
Emma Engstrom,L/DS,"Danville, Calif.",womens-volleyball,2023,37.8225892,-122.0008254
Emma Symon,MB,"Los Altos, Calif.",womens-volleyball,2023,37.3790629,-122.116578
Ellie Mattox,S,"Austin, Texas",womens-volleyball,2023,30.2711286,-97.7436995
Makenzie Arent,S,"Spring, Texas",womens-volleyball,2023,30.070979,-95.4013419
Kensington TeKrony,MB,"Omaha, Neb.",womens-volleyball,2023,41.2587459,-95.9383758
Molly Power,MB,"Winnetka, Ill.",womens-volleyball,2023,42.1080703,-87.7365286
Bomi Ogunlari,MB/RS,"Rockwall, Texas",womens-volleyball,2023,32.8923464,-96.4066987
Natalie Grover,OH,"Menlo Park, Calif.",womens-volleyball,2023,37.4519671,-122.177992
Ava Roberts,MB/RS,"Mansfield, Texas",womens-volleyball,2023,32.563487,-97.1420308
Emma Sinclair,OH,"Rockford, Ill.",womens-volleyball,2023,42.2713945,-89.093966
Raeli Smith,MB,"Peoria, Ariz.",womens-volleyball,2023,33.5806115,-112.237294
EllaMae Fitzgerald,L/DS,"Savannah, Ga.",womens-volleyball,2023,32.0790074,-81.0921335
Tasman Mullins,S/RS,"Manhattan Beach, Calif.",womens-volleyball,2023,33.8872777,-118.4104324
Maddie LaFata,RS,"Fayetteville, Ark.",womens-volleyball,2023,36.0625843,-94.1574328
Amelia Gibbs,MB,"Palo Alto, Calif.",womens-volleyball,2023,37.4443293,-122.1598465
Kauany Gutz,OH,"Balneário Camboriú, Brazil",womens-volleyball,2023,-27.0075487,-48.6139259
EllaMae Fitzgerald,L/DS,"Savannah, Ga.",womens-volleyball,2024,32.0790074,-81.0921335
Sophia Gagnepain,S/DS,"Wildwood, Mo.",womens-volleyball,2024,38.5806948,-90.6314374
Karen Murphy,S,"Nampa, Idaho",womens-volleyball,2024,43.5780381,-116.5616885
Kensington TeKrony,MB,"Omaha, Neb.",womens-volleyball,2024,41.2587459,-95.9383758
Irmak Makasci,OH/RS,"Istanbul, Turkey",womens-volleyball,2024,41.006381,28.9758715
Julia Gojcaj,S/DS,"Rochester, Mich.",womens-volleyball,2024,42.680588,-83.1338214
Ellie Mattox,S,"Austin, Texas",womens-volleyball,2024,30.2711286,-97.7436995
Tasman Mullins,S/RS,"Manhattan Beach, Calif.",womens-volleyball,2024,33.8872777,-118.4104324
Valia Evangeliou,OH,"Athens, Greece",womens-volleyball,2024,37.9755648,23.7348324
Molly Power,MB,"Winnetka, Ill.",womens-volleyball,2024,42.1080703,-87.7365286
Emma Engstrom,L/DS,"Danville, Calif.",womens-volleyball,2024,37.8225892,-122.0008254
Piper Stevens,OH/RS,"Manhattan Beach, Calif.",womens-volleyball,2024,33.8872777,-118.4104324
Emma Sinclair,OH/RS,"Rockford, Ill.",womens-volleyball,2024,42.2713945,-89.093966
Raeli Smith,MB,"Peoria, Ariz.",womens-volleyball,2024,33.5806115,-112.237294
Sophia Zanca,MB,"Naperville, Ill.",womens-volleyball,2024,41.7728699,-88.1479278
Emma Symon,MB,"Los Altos, Calif.",womens-volleyball,2024,37.3790629,-122.116578
Munachiso Mmuo,OH/MB/RS,"Austin, Texas",womens-volleyball,2024,30.2711286,-97.7436995
Ava Roberts,OH/RS,"Mansfield, Texas",womens-volleyball,2024,32.563487,-97.1420308
Maddie LaFata,RS,"Fayetteville, Ark.",womens-volleyball,2024,36.0625843,-94.1574328
Kauany Gutz,OH,"Balneário Camboriú, Brazil",womens-volleyball,2024,-27.0075487,-48.6139259
Julia Gojcaj,L/DS,"Rochester, Mich.",womens-volleyball,2025,42.680588,-83.1338214
Zori Brown,OH,"Pembroke Pines, Fla.",womens-volleyball,2025,26.0061943,-80.2872086
Ava Roberts,OH/RS,"Mansfield, Texas",womens-volleyball,2025,32.563487,-97.1420308
Raeli Smith,MB,"Peoria, Ariz.",womens-volleyball,2025,33.5806115,-112.237294
Ellie Mattox,S,"Austin, Texas",womens-volleyball,2025,30.2711286,-97.7436995
Sophia Gagnepain,S,"Wildwood, Mo.",womens-volleyball,2025,38.5806948,-90.6314374
Emma Symon,MB,"Los Altos, Calif.",womens-volleyball,2025,37.3790629,-122.116578
Annika Roberson,RS,"New Orleans, La.",womens-volleyball,2025,29.9574657,-90.0629493
Maddie LaFata,RS,"Fayetteville, Ark.",womens-volleyball,2025,36.0625843,-94.1574328
Elle McCreery,MB,"Phoenix, Ariz.",womens-volleyball,2025,33.4484367,-112.074141
Irmak Makasci,OH/RS,"Istanbul, Turkey",womens-volleyball,2025,41.006381,28.9758715
Molly Power,MB,"Winnetka, Ill.",womens-volleyball,2025,42.1080703,-87.7365286
Julia York,S,"Chicago, Ill.",womens-volleyball,2025,41.8755616,-87.6244212
EllaMae Fitzgerald,L,"Savannah, Ga.",womens-volleyball,2025,32.0790074,-81.0921335
Kauany Gutz,OH,"Balneário Camboriú, Brazil",womens-volleyball,2025,-27.0075487,-48.6139259
Munachiso Mmuo,OH/MB,"Austin, Texas",womens-volleyball,2025,30.2711286,-97.7436995
Sophia Zanca,MB,"Naperville, Ill.",womens-volleyball,2025,41.7728699,-88.1479278
Riley Imamura,OH/RS/MB,"Carmel, Calif.",womens-volleyball,2025,36.5552656,-121.923278
Julia York,S,"Chicago, Ill.",womens-volleyball,2026,41.8755616,-87.6244212
Sophia Zanca,MB,"Naperville, Ill.",womens-volleyball,2026,41.7728699,-88.1479278
Irmak Makasci,OH/RS,"Istanbul, Turkey",womens-volleyball,2026,41.006381,28.9758715
Maddie LaFata,RS,"Fayetteville, Ark.",womens-volleyball,2026,36.0625843,-94.1574328
Jaida Cekic,OH/OPP,"Chappaqua, N.Y.",womens-volleyball,2026,41.157284,-73.7676998
Sophia Gagnepain,S,"Wildwood, Mo.",womens-volleyball,2026,38.5806948,-90.6314374
Sloan Balsley,OH,"Atlanta, Ga.",womens-volleyball,2026,33.7544657,-84.3898151
Clementine Tebbe,MB,"Brooklyn, N.Y.",womens-volleyball,2026,40.6526006,-73.9497211
Riley Imamura,OH/RS/MB,"Carmel, Calif.",womens-volleyball,2026,36.5552656,-121.923278
Elle McCreery,MB,"Phoenix, Ariz.",womens-volleyball,2026,33.4484367,-112.074141
Zori Brown,OH,"Pembroke Pines, Fla.",womens-volleyball,2026,26.0061943,-80.2872086
Julia Gojcaj,L/DS,"Rochester, Mich.",womens-volleyball,2026,42.680588,-83.1338214
Audrey Kalorin,S,"Raleigh, N.C.",womens-volleyball,2026,35.7803977,-78.6390989
Madalin Hersman,L/DS,"Ada, Mich.",womens-volleyball,2026,42.9547136,-85.4879523
Raeli Smith,MB,"Peoria, Ariz.",womens-volleyball,2026,33.5806115,-112.237294
Annika Roberson,RS,"New Orleans, La.",womens-volleyball,2026,29.9574657,-90.0629493
Rachel Hand,Flanker,"Great Neck, N.Y.",womens-rugby,2016,40.80292,-73.7360177
Allison Tong,Hooker,"Incline Village, Nev.",womens-rugby,2016,39.2548035,-119.9537984
Casey Smerczynski,Lock,"Topsfield, Mass.",womens-rugby,2016,42.6390841,-70.9507469
Jourdin Thomas,Wing,"Rockville Centre, N.Y.",womens-rugby,2016,40.6574186,-73.6450664
Maya Perkins,Prop,"Charlotte, N.C.",womens-rugby,2016,35.2272086,-80.8430827
Jules Wheaton,Lock,"Santa Fe, N.M.",womens-rugby,2016,35.6876096,-105.938456
Danielle Ramsay,Center,"Freeport, N.Y.",womens-rugby,2016,40.6576071,-73.5835826
Alex Stendahl,Fullback,"Portland, Ore.",womens-rugby,2016,45.5202471,-122.674194
Rylee Stone,Lock,"Turner Valley, Alberta",womens-rugby,2016,50.6715813,-114.2687992
Frankie Sands,Center,"Essex, Vt.",womens-rugby,2016,44.5230418,-73.0622703
Mary Tobin,Wing,"San Diego, Calif.",womens-rugby,2016,32.7157062,-117.1638284
Kat Ramage,Scrumhalf,"Roxbury, N.J.",womens-rugby,2016,39.9787625,-74.5615924
Becca Jane Rosko,Flyhalf,"Dillon, Colo.",womens-rugby,2016,39.6302657,-106.0433023
Saba Nejad,Wing,"Waterloo, Ontario",womens-rugby,2016,43.4652699,-80.5222961
Karina Martinez,Wing,"Tucson, Ariz.",womens-rugby,2016,32.2228765,-110.974847
Ashley DuPuis,Center,"Demascus, Ore.",womens-rugby,2016,45.4220856,-122.4283111
Kalia Hunter,Flanker,"Colorado Springs, Colo.",womens-rugby,2016,38.8339578,-104.825348
Morgan McGonagle,Flanker,"Edwards, Colo.",womens-rugby,2016,39.6245455,-106.6308566
Anabel Moreno-Mendez,Prop,"Umatilla, Ore.",womens-rugby,2016,45.6416995,-118.7671122
Milla Anderson,Number 8,"Bell, Calif.",womens-rugby,2016,33.9747806,-118.1866361
Camille Johnson,Flyhalf,"Grants Pass, Ore.",womens-rugby,2016,42.4393707,-123.3272489
Puja Devi,Flanker,"Los Angeles, Calif.",womens-rugby,2016,34.0536909,-118.242766
Eva Klein,Center,"Stevenson Ranch, Calif.",womens-rugby,2016,34.3947903,-118.5885327
Alex Conway,Center,"Potomac, Md.",womens-rugby,2016,39.0180508,-77.1956331
Jules Wheaton,Lock,"Santa Fe, N.M.",womens-rugby,2017,35.6876096,-105.938456
Danielle Ramsay,Center,"Freeport, N.Y.",womens-rugby,2017,40.6576071,-73.5835826
Becca Jane Rosko,Fullback,"Dillon, Colo.",womens-rugby,2017,39.6302657,-106.0433023
Mary Tobin,Wing,"San Diego, Calif.",womens-rugby,2017,32.7157062,-117.1638284
Grace Player,Wing,"Chapman, Maine",womens-rugby,2017,46.648493,-68.16124
Marin Pennell,Flanker,"Breckenridge, Colo.",womens-rugby,2017,39.4829124,-106.0465486
Kat Ramage,Scrumhalf,"Roxbury, N.J.",womens-rugby,2017,39.9787625,-74.5615924
Olivia Marquis,Prop,"Potomac, Md.",womens-rugby,2017,39.0180508,-77.1956331
Lilly Durbin,Center,"Murrieta, Calif.",womens-rugby,2017,33.560832,-117.210656
Alex Stendahl,Fullback,"Portland, Ore.",womens-rugby,2017,45.5202471,-122.674194
Elizabeth Coleman,Forward,"Manoa, O’ahu, Hawai’i",womens-rugby,2017,21.3093848,-157.8118169
Casey Smerczynski,Lock,"Topsfield, Mass.",womens-rugby,2017,42.6390841,-70.9507469
Kathleen Mulligan,Prop,"Marshfield, Mass.",womens-rugby,2017,42.091769,-70.7055941
Ashley DuPuis,Center,"Demascus, Ore.",womens-rugby,2017,45.4220856,-122.4283111
Karina Martinez,Flanker,"Tucson, Ariz.",womens-rugby,2017,32.2228765,-110.974847
Anabel Moreno-Mendez,Prop,"Umatilla, Ore.",womens-rugby,2017,45.6416995,-118.7671122
Kiera Jackson,Center,"New Rochelle, N.Y.",womens-rugby,2017,40.9115386,-73.7826363
Alex Conway,Lock,"Potomac, Md.",womens-rugby,2017,39.0180508,-77.1956331
Camille Johnson,Flyhalf,"Grants Pass, Ore.",womens-rugby,2017,42.4393707,-123.3272489
Eva Klein,Center,"Stevenson Ranch, Calif.",womens-rugby,2017,34.3947903,-118.5885327
Idia Ihensekhien,Prop,"Milton, Ontario",womens-rugby,2017,43.513671,-79.882817
Maya Perkins,Prop,"Charlotte, N.C.",womens-rugby,2017,35.2272086,-80.8430827
Didi Niles,Hooker,"Sherborn, Mass.",womens-rugby,2017,42.2397842,-71.3701417
Allison Tong,Hooker,"Incline Village, Nev.",womens-rugby,2017,39.2548035,-119.9537984
Margot Généreux,Wing,"Westmount, Quebec",womens-rugby,2017,45.4856917,-73.596562
Milla Anderson,Lock,"Bell, Calif.",womens-rugby,2017,33.9747806,-118.1866361
Kathleen Mulligan,Prop,"Marshfield, Mass.",womens-rugby,2018,42.091769,-70.7055941
Eva Klein,Center,"Stevenson Ranch, Calif.",womens-rugby,2018,34.3947903,-118.5885327
Julia Luo,Wing,"San Diego, Calif.",womens-rugby,2018,32.7157062,-117.1638284
Olivia Marquis,Prop,"Potomac, Md.",womens-rugby,2018,39.0180508,-77.1956331
Didi Niles,Hooker/Flanker,"Sherborn, Mass.",womens-rugby,2018,42.2397842,-71.3701417
Grace Player,Wing,"Chapman, Maine",womens-rugby,2018,46.648493,-68.16124
Sophie Opler,Fullback,"Hinsdale, Ill.",womens-rugby,2018,41.8024604,-87.9299841
Marin Pennell,Flanker,"Breckenridge, Colo.",womens-rugby,2018,39.4829124,-106.0465486
Maya Perkins,Prop,"Charlotte, N.C.",womens-rugby,2018,35.2272086,-80.8430827
Emily Henrich,Center,"Orchard Park, N.Y.",womens-rugby,2018,42.7670376,-78.7435517
Margot Généreux,Wing,"Westmount, Quebec",womens-rugby,2018,45.4856917,-73.596562
Lillian Johnson,Forward,"Bellevue, Wash.",womens-rugby,2018,47.6144219,-122.192337
Yuri Oh,Wing,"Naperville, Ill.",womens-rugby,2018,41.7728699,-88.1479278
Kiera Jackson,Center,"New Rochelle, N.Y.",womens-rugby,2018,40.9115386,-73.7826363
Bailey Hand,Flyhalf/Fullback,"Salem, Ore.",womens-rugby,2018,44.9391565,-123.033121
Sophia Haley,Flanker,"Hopkins, Minn.",womens-rugby,2018,44.9243986,-93.4114487
Sarah Korb,Hooker,"Hamburg, Germany",womens-rugby,2018,53.5501721,10.0013165
Lauren Ferridge,Hooker/Prop,"Bethesda, Md.",womens-rugby,2018,38.9812726,-77.1233587
Lilly Durbin,Center,"Murrieta, Calif.",womens-rugby,2018,33.560832,-117.210656
Alex Conway,Lock,"Potomac, Md.",womens-rugby,2018,39.0180508,-77.1956331
Kristin Bitter,Flyhalf/Fullback,"San Diego, Calif.",womens-rugby,2018,32.7157062,-117.1638284
Carlicia Beam,Prop,"Memphis, Tenn.",womens-rugby,2018,35.146026,-90.0517786
Ale Ada,Scrumhalf,"Sinajana, Guam",womens-rugby,2018,13.4612716,144.7550014
Lannan Abbott,Flanker/Lock,"Colorado Springs, Colo.",womens-rugby,2018,38.8339578,-104.825348
Sophie Ragg,Center,"Wilsborough Green, England",womens-rugby,2018,51.1415683,0.8948952
Idia Ihensekhien,Prop,"Milton, Ontario",womens-rugby,2018,43.513671,-79.882817
Ariana Ramsey,Wing/Scrumhalf,"Philadelphia, Pa.",womens-rugby,2018,39.9527237,-75.1635262
Becca Jane Rosko,Fullback,"Dillon, Colo.",womens-rugby,2018,39.6302657,-106.0433023
Seven Sassano,Lock,"Decatur, Ill.",womens-rugby,2018,39.8454163,-88.9524151
Mary Tobin,Wing/Fullback,"San Diego, Calif.",womens-rugby,2018,32.7157062,-117.1638284
Joanne Wang,Fullback,"Taipei, Taiwan",womens-rugby,2018,25.0375198,121.5636796
Abigail Schill,Center,"Shorewood, Wis.",womens-rugby,2018,43.0883957,-87.8881302
Sanne Schouten,Scrumhalf,"Haarlem, The Netherlands",womens-rugby,2018,52.3837281,4.6435679
Anyoko Sewavi,Wing/Scrumhalf,"Charlotte, N.C.",womens-rugby,2018,35.2272086,-80.8430827
Allison Tong,Hooker,"Incline Village, Nev.",womens-rugby,2018,39.2548035,-119.9537984
Lily Waddell,Hooker/Flanker,"Bangor, Maine",womens-rugby,2018,44.8016255,-68.7713289
Casey Smerczynski,Lock,"Topsfield, Mass.",womens-rugby,2018,42.6390841,-70.9507469
Didi Niles,Hooker,"Sherborn, Mass.",womens-rugby,2019,42.2397842,-71.3701417
Yuri Oh,Wing,"Naperville, Ill.",womens-rugby,2019,41.7728699,-88.1479278
Marin Pennell,Hooker,"Breckenridge, Colo.",womens-rugby,2019,39.4829124,-106.0465486
Maya Perkins,Prop,"Charlotte, N.C.",womens-rugby,2019,35.2272086,-80.8430827
Grace Player,Wing,"Chapman, Maine",womens-rugby,2019,46.648493,-68.16124
Sophie Ragg,Center,"Wilsborough Green, England",womens-rugby,2019,51.1415683,0.8948952
Casey Smerczynski,Lock,"Topsfield, Mass.",womens-rugby,2019,42.6390841,-70.9507469
Ariana Ramsey,Wing,"Philadelphia, Pa.",womens-rugby,2019,39.9527237,-75.1635262
Becca Jane Rosko,Wing,"Dillon, Colo.",womens-rugby,2019,39.6302657,-106.0433023
Seven Sassano,Prop/Lock,"Decatur, Ill.",womens-rugby,2019,39.8454163,-88.9524151
Kathleen Mulligan,Prop,"Marshfield, Mass.",womens-rugby,2019,42.091769,-70.7055941
Abigail Schill,Center,"Shorewood, Wis.",womens-rugby,2019,43.0883957,-87.8881302
Allison Tong,Hooker,"Incline Village, Nev.",womens-rugby,2019,39.2548035,-119.9537984
Sarah Korb,Hooker,"Hamburg, Germany",womens-rugby,2019,53.5501721,10.0013165
Lily Waddell,Hooker,"Bangor, Maine",womens-rugby,2019,44.8016255,-68.7713289
Emily Henrich,Center,"Orchard Park, N.Y.",womens-rugby,2019,42.7670376,-78.7435517
Eva Klein,Center,"Stevenson Ranch, Calif.",womens-rugby,2019,34.3947903,-118.5885327
Lannan Abbott,Wing,"Colorado Springs, Colo.",womens-rugby,2019,38.8339578,-104.825348
Ale Ada,Scrumhalf,"Sinajana, Guam",womens-rugby,2019,13.4612716,144.7550014
Kristin Bitter,Flyhalf/Center,"San Diego, Calif.",womens-rugby,2019,32.7157062,-117.1638284
Alex Conway,Prop,"Potomac, Md.",womens-rugby,2019,39.0180508,-77.1956331
Carlicia Beam,Prop,"Memphis, Tenn.",womens-rugby,2019,35.146026,-90.0517786
Idia Ihensekhien,Prop,"Milton, Ontario",womens-rugby,2019,43.513671,-79.882817
Lauren Ferridge,Prop/Hooker,"Bethesda, Md.",womens-rugby,2019,38.9812726,-77.1233587
Margot Généreux,Wing,"Westmount, Quebec",womens-rugby,2019,45.4856917,-73.596562
Bailey Hand,Flyhalf,"Salem, Ore.",womens-rugby,2019,44.9391565,-123.033121
Sophia Haley,Hooker,"Hopkins, Minn.",womens-rugby,2019,44.9243986,-93.4114487
Lilly Durbin,Center,"Murrieta, Calif.",womens-rugby,2019,33.560832,-117.210656
Abbey Savin,Flyhalf,"Temecula, Calif.",womens-rugby,2020,33.4946353,-117.147366
Anyoko Sewavi,Wing/Scrumhalf,"Charlotte, N.C.",womens-rugby,2020,35.2272086,-80.8430827
Yuri Oh,Flanker,"Naperville, Ill.",womens-rugby,2020,41.7728699,-88.1479278
Abigail Schill,Center,"Shorewood, Wis.",womens-rugby,2020,43.0883957,-87.8881302
Ariana Ramsey,Wing/Scrumhalf,"Philadelphia, Pa.",womens-rugby,2020,39.9527237,-75.1635262
Grace Player,Wing,"Chapman, Maine",womens-rugby,2020,46.648493,-68.16124
Marin Pennell,Flanker,"Breckenridge, Colo.",womens-rugby,2020,39.4829124,-106.0465486
Anjali Pant,Scrumhalf/Wing,"Osceola, Ind.",womens-rugby,2020,41.6650487,-86.075836
Hannah Sheehy,Prop,"Kent, England",womens-rugby,2020,51.2070749,0.7210362
Sanne Schouten,Wing/Scrumhalf,"Haarlem, The Netherlands",womens-rugby,2020,52.3837281,4.6435679
Aleemah Williams,Hooker/Flanker,"Charlotte, N.C.",womens-rugby,2020,35.2272086,-80.8430827
Nyah Cordero,Flanker,"Meridian, Idaho",womens-rugby,2020,43.6086295,-116.392326
Sophie Opler,Fullback,"Hinsdale, Ill.",womens-rugby,2020,41.8024604,-87.9299841
Lilly Durbin,Center,"Murrieta, Calif.",womens-rugby,2020,33.560832,-117.210656
Margot Généreux,Wing,"Westmount, Quebec",womens-rugby,2020,45.4856917,-73.596562
Kathleen Mulligan,Prop,"Marshfield, Mass.",womens-rugby,2020,42.091769,-70.7055941
Joanne Wang,Wing,"Taipei, Taiwan",womens-rugby,2020,25.0375198,121.5636796
Isabella Huschitt,Prop/Lock,"Colgate, Wis.",womens-rugby,2020,43.1928301,-88.2067737
Kristin Bitter,Flyhalf/Fullback,"San Diego, Calif.",womens-rugby,2020,32.7157062,-117.1638284
Lillian Johnson,Forward,"Bellevue, Wash.",womens-rugby,2020,47.6144219,-122.192337
Ava Procter,Flanker/Center,"Lake Oswego, Ore.",womens-rugby,2020,45.4206749,-122.670649
Emily Henrich,Center,"Orchard Park, N.Y.",womens-rugby,2020,42.7670376,-78.7435517
Sophia Haley,Flanker,"Hopkins, Minn.",womens-rugby,2020,44.9243986,-93.4114487
Sarah Korb,Flanker,"Hamburg, Germany",womens-rugby,2020,53.5501721,10.0013165
Lauren Ferridge,Hooker,"Bethesda, Md.",womens-rugby,2020,38.9812726,-77.1233587
Carlicia Beam,Prop,"Memphis, Tenn.",womens-rugby,2020,35.146026,-90.0517786
Ale Ada,Scrumhalf,"Sinajana, Guam",womens-rugby,2020,13.4612716,144.7550014
Didi Niles,Hooker/Flanker,"Sherborn, Mass.",womens-rugby,2020,42.2397842,-71.3701417
Lannan Abbott,Flanker/Lock,"Colorado Springs, Colo.",womens-rugby,2020,38.8339578,-104.825348
Nicole Ihensekhien,Lock/Number 8,"Milton, Ontario",womens-rugby,2020,43.513671,-79.882817
Bailey Hand,Flyhalf/Fullback,"Salem, Ore.",womens-rugby,2020,44.9391565,-123.033121
Abby Kayser,Center/Fullback,"Milwaukee, Wis.",womens-rugby,2020,43.0386475,-87.9090751
Idia Ihensekhien,Prop,"Milton, Ontario",womens-rugby,2020,43.513671,-79.882817
Lily Waddell,Hooker,"Bangor, Maine",womens-rugby,2020,44.8016255,-68.7713289
Kiera Jackson,Lock,"New Rochelle, N.Y.",womens-rugby,2020,40.9115386,-73.7826363
Julia Luo,Wing,"San Diego, Calif.",womens-rugby,2020,32.7157062,-117.1638284
Sophie Ragg,Fullback,"Wilsborough Green, England",womens-rugby,2020,51.1415683,0.8948952
Seven Sassano,Prop/Lock,"Decatur, Ill.",womens-rugby,2020,39.8454163,-88.9524151
Sadie Schier,Scrumhalf/Fullback,"Eatonville, Wash.",womens-rugby,2021,46.8682516,-122.270068
Anjali Pant,Scrumhalf/Wing,"Osceola, Ind.",womens-rugby,2021,41.6650487,-86.075836
Marin Pennell,Lock/Number 8,"Breckenridge, Colo.",womens-rugby,2021,39.4829124,-106.0465486
Julia Luo,Wing,"San Diego, Calif.",womens-rugby,2021,32.7157062,-117.1638284
Lannan Abbott,Flanker,"Colorado Springs, Colo.",womens-rugby,2021,38.8339578,-104.825348
Sarah Korb,Flanker,"Hamburg, Germany",womens-rugby,2021,53.5501721,10.0013165
Abby Kayser,Center/Fullback,"Milwaukee, Wis.",womens-rugby,2021,43.0386475,-87.9090751
Yuri Oh,Flanker,"Naperville, Ill.",womens-rugby,2021,41.7728699,-88.1479278
Aleemah Williams,Hooker,"Charlotte, N.C.",womens-rugby,2021,35.2272086,-80.8430827
Lily Waddell,Hooker,"Bangor, Maine",womens-rugby,2021,44.8016255,-68.7713289
Joanne Wang,Wing,"Taipei, Taiwan",womens-rugby,2021,25.0375198,121.5636796
Ale Ada,Scrumhalf,"Sinajana, Guam",womens-rugby,2021,13.4612716,144.7550014
Abbey Savin,Flyhalf,"Temecula, Calif.",womens-rugby,2021,33.4946353,-117.147366
Abigail Schill,Center,"Shorewood, Wis.",womens-rugby,2021,43.0883957,-87.8881302
Margot Généreux,Wing,"Westmount, Quebec",womens-rugby,2021,45.4856917,-73.596562
Hannah Sheehy,Prop,"Kent, England",womens-rugby,2021,51.2070749,0.7210362
Ava Procter,Flanker/Center,"Lake Oswego, Ore.",womens-rugby,2021,45.4206749,-122.670649
Lauren Ferridge,Hooker,"Bethesda, Md.",womens-rugby,2021,38.9812726,-77.1233587
Asialeata Meni,Hooker/Center,"Cypress, Calif.",womens-rugby,2021,33.8248235,-118.0399368
Grace Player,Center/Wing,"Chapman, Maine",womens-rugby,2021,46.648493,-68.16124
Emily Henrich,Center,"Orchard Park, N.Y.",womens-rugby,2021,42.7670376,-78.7435517
Kristin Bitter,Flyhalf,"San Diego, Calif.",womens-rugby,2021,32.7157062,-117.1638284
Cassie Depner,Lock/Number 8,"Pittsburgh, Pa.",womens-rugby,2021,40.4406968,-80.0025666
Reign Jefferson,Prop,"Los Alamitos, Calif.",womens-rugby,2021,33.8038865,-118.0772433
Lillian Johnson,Lock/Number 8,"Bellevue, Wash.",womens-rugby,2021,47.6144219,-122.192337
Isabella Huschitt,Prop/Lock,"Colgate, Wis.",womens-rugby,2021,43.1928301,-88.2067737
Seven Sassano,Prop/Lock,"Decatur, Ill.",womens-rugby,2021,39.8454163,-88.9524151
Idia Ihensekhien,Prop/Number 8,"Milton, Ontario",womens-rugby,2021,43.513671,-79.882817
Bailey Hand,Fullback,"Salem, Ore.",womens-rugby,2021,44.9391565,-123.033121
Carlicia Beam,Prop,"Memphis, Tenn.",womens-rugby,2021,35.146026,-90.0517786
Sophie Ragg,Fullback,"Wilsborough Green, England",womens-rugby,2021,51.1415683,0.8948952
Kiera Jackson,Lock,"New Rochelle, N.Y.",womens-rugby,2021,40.9115386,-73.7826363
Lilly Durbin,Center,"Murrieta, Calif.",womens-rugby,2021,33.560832,-117.210656
Ariana Ramsey,Wing/Scrumhalf,"Philadelphia, Pa.",womens-rugby,2021,39.9527237,-75.1635262
Nyah Cordero,Center/Flanker,"Meridian, Idaho",womens-rugby,2021,43.6086295,-116.392326
Sophia Haley,Flanker/Number 8,"Hopkins, Minn.",womens-rugby,2021,44.9243986,-93.4114487
Josie Harrison,Prop,"Usk, Wales",womens-rugby,2021,51.7045076,-2.9026437
Allie Amerson,,"Carlton, Ore.",womens-rugby,2021,45.2942822,-123.176494
Nicole Ihensekhien,Lock/Number 8,"Milton, Ontario",womens-rugby,2021,43.513671,-79.882817
Asialeata Meni,Hooker,"Cypress, Calif.",womens-rugby,2022,33.8248235,-118.0399368
Jenna Sheldon,Center,"Breckenridge, Colo.",womens-rugby,2022,39.4829124,-106.0465486
Ariana Ramsey,Wing(C),"Philadelphia, Pa.",womens-rugby,2022,39.9527237,-75.1635262
Sophie Ragg,Center/Wing(C),"Wilsborough Green, England",womens-rugby,2022,51.1415683,0.8948952
Ava Procter,Center,"Lake Oswego, Ore.",womens-rugby,2022,45.4206749,-122.670649
Anjali Pant,Fullback,"Osceola, Ind.",womens-rugby,2022,41.6650487,-86.075836
Taylor Sadek,Scrumhalf,"Lakeville, Minn.",womens-rugby,2022,44.650051,-93.2432791
Vanessa Ortiz-Pallen,Hooker,"San Leandro, Calif.",womens-rugby,2022,37.7249296,-122.1560768
Abby Kayser,Center/Fullback,"Milwaukee, Wis.",womens-rugby,2022,43.0386475,-87.9090751
Hannah Sheehy,Flanker,"Kent, England",womens-rugby,2022,51.2070749,0.7210362
Kyla Widodo,Scrumhalf/Wing,"Jakarta, Indonesia",womens-rugby,2022,-6.1754049,106.827168
Seven Sassano,Prop,"Decatur, Ill.",womens-rugby,2022,39.8454163,-88.9524151
Hannah Maccarone,Wing,"Eagan, Minn.",womens-rugby,2022,44.818173,-93.1659179
Aleemah Williams,Flanker,"Charlotte, N.C.",womens-rugby,2022,35.2272086,-80.8430827
Li'ua Tengan,Hooker,"Honolulu, Hawaii",womens-rugby,2022,21.304547,-157.855676
Nicole Ihensekhien,Lock/Number 8,"Milton, Ontario",womens-rugby,2022,43.513671,-79.882817
Abbey Savin,Flyhalf,"Temecula, Calif.",womens-rugby,2022,33.4946353,-117.147366
Allie Amerson,Flanker,"Carlton, Ore.",womens-rugby,2022,45.2942822,-123.176494
Sadie Schier,Scrumhalf/Wing,"Eatonville, Wash.",womens-rugby,2022,46.8682516,-122.270068
Nyah Cordero,Flanker,"Meridian, Idaho",womens-rugby,2022,43.6086295,-116.392326
Sophia Haley,Flanker,"Hopkins, Minn.",womens-rugby,2022,44.9243986,-93.4114487
Maura Hough,Lock,"Wilmette, Ill.",womens-rugby,2022,42.076066,-87.7115555
Carlicia Beam,Prop,"Memphis, Tenn.",womens-rugby,2022,35.146026,-90.0517786
Simone Bautista,Flyhalf/Center,"Cypress, Calif.",womens-rugby,2022,33.8248235,-118.0399368
Cassie Depner,Lock,"Pittsburgh, Pa.",womens-rugby,2022,40.4406968,-80.0025666
Jordan Duncan,Lock/Number 8,"Fallbrook, Calif.",womens-rugby,2022,33.3663105,-117.2232672
Dylan Dunson,Wing,"Franklin, Ga.",womens-rugby,2022,34.3678347,-83.2107222
Ella Gates,Prop,"Brooklyn, N.Y.",womens-rugby,2022,40.6526006,-73.9497211
Kristin Bitter,Flyhalf/Center,"San Diego, Calif.",womens-rugby,2022,32.7157062,-117.1638284
Katelyn Walker,Wing,"Eagle, Idaho",womens-rugby,2022,43.6954424,-116.3540138
Isabella Huschitt,Lock,"Colgate, Wis.",womens-rugby,2022,43.1928301,-88.2067737
Josie Harrison,Prop/Lock,"Usk, Wales",womens-rugby,2022,51.7045076,-2.9026437
Adrienne Coleman,Lock/Flanker,"Locust Valley, N.Y.",womens-rugby,2022,40.8775225,-73.5723052
Hann Humphreys,Flanker/Lock,"Chevy Chase, Md.",womens-rugby,2022,38.9813699,-77.0849245
Lauren Ferridge,Prop/Hooker(C),"Bethesda, Md.",womens-rugby,2022,38.9812726,-77.1233587
Reign Jefferson,Prop,"Los Alamitos, Calif.",womens-rugby,2022,33.8038865,-118.0772433
Emily Henrich,Center,"Orchard Park, N.Y.",womens-rugby,2022,42.7670376,-78.7435517
Nyah Cordero,Flanker,"Meridian, Idaho",womens-rugby,2023,43.6086295,-116.392326
Ella Gates,Prop,"Brooklyn, N.Y.",womens-rugby,2023,40.6526006,-73.9497211
Abby Kayser,Center/Fullback,"Milwaukee, Wis.",womens-rugby,2023,43.0386475,-87.9090751
Taylor Sadek,Scrumhalf,"Lakeville, Minn.",womens-rugby,2023,44.650051,-93.2432791
Katie Hansen,Hooker/Flanker,"West Sacramento, Calif.",womens-rugby,2023,38.5804609,-121.530234
Arabella Cassidy,Center,"Ramona, Calif.",womens-rugby,2023,33.0472806,-116.8776005
Catriona Moreno,,"Springfield, Mass.",womens-rugby,2023,42.1018764,-72.5886727
Li'ua Tengan,Hooker,"Honolulu, Hawaii",womens-rugby,2023,21.304547,-157.855676
Katelyn Walker,Wing,"Eagle, Idaho",womens-rugby,2023,43.6954424,-116.3540138
Kyla Widodo,Scrumhalf/Wing,"Jakarta, Indonesia",womens-rugby,2023,-6.1754049,106.827168
Abbey Savin,Flyhalf,"Temecula, Calif.",womens-rugby,2023,33.4946353,-117.147366
Asialeata Meni,Hooker,"Cypress, Calif.",womens-rugby,2023,33.8248235,-118.0399368
Aleemah Williams,Flanker,"Charlotte, N.C.",womens-rugby,2023,35.2272086,-80.8430827
Kellie Miller,,"Nome, Alaska",womens-rugby,2023,64.4975098,-165.4061701
Cindy Taulava,Lock/Number 8,"San Leandro, Calif.",womens-rugby,2023,37.7249296,-122.1560768
Cassie Depner,Lock,"Pittsburgh, Pa.",womens-rugby,2023,40.4406968,-80.0025666
Allie Amerson,Flanker,"Carlton, Ore.",womens-rugby,2023,45.2942822,-123.176494
Vanessa Ortiz-Pallen,Hooker,"San Leandro, Calif.",womens-rugby,2023,37.7249296,-122.1560768
Hehea Pulotu,Center,"Laie Malo'o, Hawaii",womens-rugby,2023,21.6438449,-157.924442
Jordis Lomu,Flyhalf/Fullback,"Lehi, Utah",womens-rugby,2023,40.3881114,-111.8486019
Hannah Maccarone,Wing,"Eagan, Minn.",womens-rugby,2023,44.818173,-93.1659179
Anjali Pant,Fullback,"Osceola, Ind.",womens-rugby,2023,41.6650487,-86.075836
Josie Harrison,Prop/Lock,"Usk, Wales",womens-rugby,2023,51.7045076,-2.9026437
Sadie Schier,Scrumhalf/Wing,"Eatonville, Wash.",womens-rugby,2023,46.8682516,-122.270068
Hann Humphreys,Flanker/Lock,"Chevy Chase, Md.",womens-rugby,2023,38.9813699,-77.0849245
Jordan Duncan,Lock/Number 8,"Fallbrook, Calif.",womens-rugby,2023,33.3663105,-117.2232672
Simone Bautista,Flyhalf/Center,"Cypress, Calif.",womens-rugby,2023,33.8248235,-118.0399368
AdiLeilah Bulabalavu,Prop,"Stockton, Calif.",womens-rugby,2023,37.9577016,-121.290779
Isabella Huschitt,Lock,"Colgate, Wis.",womens-rugby,2023,43.1928301,-88.2067737
Maura Hough,Lock,"Wilmette, Ill.",womens-rugby,2023,42.076066,-87.7115555
Paola Arredondo Almeida,Wing,"Summit County, Colo.",womens-rugby,2023,39.6070951,-106.0636654
Nicole Ihensekhien,Lock/Number 8,"Milton, Ontario",womens-rugby,2023,43.513671,-79.882817
Reign Jefferson,Prop,"Los Alamitos, Calif.",womens-rugby,2023,33.8038865,-118.0772433
Dylan Dunson,Wing,"Franklin, Ga.",womens-rugby,2023,34.3678347,-83.2107222
Sadie Schier,Scrumhalf/Wing,"Eatonville, Wash.",womens-rugby,2024,46.8682516,-122.270068
Kyla Widodo,Scrumhalf/Wing,"Jakarta, Indonesia",womens-rugby,2024,-6.1754049,106.827168
Allie Amerson,Flanker,"Carlton, Ore.",womens-rugby,2024,45.2942822,-123.176494
Abbey Savin,Flyhalf,"Temecula, Calif.",womens-rugby,2024,33.4946353,-117.147366
Paola Arredondo Almeida,Wing,"Summit County, Colo.",womens-rugby,2024,39.6070951,-106.0636654
Asialeata Meni,Hooker,"Cypress, Calif.",womens-rugby,2024,33.8248235,-118.0399368
Sadie Williams,Lock,"Vancouver Island, B.C.",womens-rugby,2024,49.5929495,-125.702557
Jenna Sheldon,Flanker,"Breckenridge, Colo.",womens-rugby,2024,39.4829124,-106.0465486
Katie Hansen,Hooker/Flanker,"West Sacramento, Calif.",womens-rugby,2024,38.5804609,-121.530234
Cindy Taulava,Lock/Number 8,"San Leandro, Calif.",womens-rugby,2024,37.7249296,-122.1560768
Taylor Sadek,Scrumhalf,"Lakeville, Minn.",womens-rugby,2024,44.650051,-93.2432791
Katija Crawford,Lock/8,"Hauula, Hawaii",womens-rugby,2024,21.59497,-157.9196434
Aleemah Williams,Flanker/Wing,"Charlotte, N.C.",womens-rugby,2024,35.2272086,-80.8430827
Caroline Dolton,Center,"Trenton, Ont.",womens-rugby,2024,44.1019126,-77.57539
Vanessa Ortiz-Pallen,Hooker,"San Leandro, Calif.",womens-rugby,2024,37.7249296,-122.1560768
Josie Harrison,Prop/Lock,"Usk, Wales",womens-rugby,2024,51.7045076,-2.9026437
Catriona Moreno,Wing,"Springfield, Mass.",womens-rugby,2024,42.1018764,-72.5886727
Cassie Depner,Lock,"Pittsburgh, Pa.",womens-rugby,2024,40.4406968,-80.0025666
Annie Henrich,Center,"Orchard Park, N.Y.",womens-rugby,2024,42.7670376,-78.7435517
Jordynn LeBeau,Prop/8,"Eagle, Idaho",womens-rugby,2024,43.6954424,-116.3540138
Hehea Pulotu,Center,"Laie Malo'o, Hawaii",womens-rugby,2024,21.6438449,-157.924442
AdiLeilah Bulabalavu,Prop,"Stockton, Calif.",womens-rugby,2024,37.9577016,-121.290779
Maura Hough,Lock,"Wilmette, Ill.",womens-rugby,2024,42.076066,-87.7115555
Jordan Duncan,Lock/Number 8,"Fallbrook, Calif.",womens-rugby,2024,33.3663105,-117.2232672
Sierra Santiago,Scrumhalf/Wing,"Wake Forest, N.C.",womens-rugby,2024,35.9775697,-78.5098471
Hannah Maccarone,Wing,"Eagan, Minn.",womens-rugby,2024,44.818173,-93.1659179
Camryn Cook,Prop,"Chicago, Ill.",womens-rugby,2024,41.8755616,-87.6244212
Vasiti Turagavou,Center,"Provo, Utah",womens-rugby,2024,40.2337289,-111.6587085
Kellie Miller,Flanker,"Nome, Alaska",womens-rugby,2024,64.4975098,-165.4061701
Jordis Lomu,Flyhalf/Fullback,"Lehi, Utah",womens-rugby,2024,40.3881114,-111.8486019
Emily Skaff,,"Hopkinton, Mass.",womens-rugby,2024,42.2288875,-71.5196439
Katelyn Walker,Wing,"Eagle, Idaho",womens-rugby,2024,43.6954424,-116.3540138
Vanessa Ortiz-Pallen,Hooker,"San Leandro, Calif.",womens-rugby,2025,37.7249296,-122.1560768
Caroline Dolton,Center,"Trenton, Ont.",womens-rugby,2025,44.1019126,-77.57539
Katie Hansen,Hooker/Flanker,"West Sacramento, Calif.",womens-rugby,2025,38.5804609,-121.530234
Kiona Hill,Center,"Renton, Wash.",womens-rugby,2025,47.4799078,-122.2034496
Camryn Cook,Prop,"Chicago, Ill.",womens-rugby,2025,41.8755616,-87.6244212
Annie Henrich,Center,"Orchard Park, N.Y.",womens-rugby,2025,42.7670376,-78.7435517
Cindy Taulava,Lock/Number 8,"San Leandro, Calif.",womens-rugby,2025,37.7249296,-122.1560768
Jenna Sheldon,Flanker,"Breckenridge, Colo.",womens-rugby,2025,39.4829124,-106.0465486
Reece Moody,Prop,"Meridan, Idaho",womens-rugby,2025,43.0029794,-115.2040895
Sierra Santiago,Scrumhalf/Wing,"Wake Forest, N.C.",womens-rugby,2025,35.9775697,-78.5098471
Vasiti Turagavou,Center,"Provo, Utah",womens-rugby,2025,40.2337289,-111.6587085
Lauren Cheng,Outside Back,"Toronto, Ont.",womens-rugby,2025,43.6534817,-79.3839347
Eleanor Jacoby,,"Amherst, Mass.",womens-rugby,2025,42.3731948,-72.5198761
Abygail Lambert,Scrumhalf/Back,"Somersworth, N.H.",womens-rugby,2025,43.2625585,-70.8645872
Minna Bulloch,,"Ho Chi Minh City, Vietnam",womens-rugby,2025,10.7737261,106.7166008
Maura Hough,Lock,"Wilmette, Ill.",womens-rugby,2025,42.076066,-87.7115555
Olivia Lyman,Flanker/Lock,"Frisco, Colo.",womens-rugby,2025,39.5768577,-106.092828
Katija Crawford,Lock/8,"Hauula, Hawaii",womens-rugby,2025,21.59497,-157.9196434
Jordis Lomu,Flyhalf/Fullback,"Lehi, Utah",womens-rugby,2025,40.3881114,-111.8486019
Sadie Williams,Lock,"Vancouver Island, B.C.",womens-rugby,2025,49.5929495,-125.702557
Jordynn LeBeau,Prop/8/Hooker,"Eagle, Idaho",womens-rugby,2025,43.6954424,-116.3540138
Morgan Whelan,Lock,"West Chester, Pa.",womens-rugby,2025,39.9597389,-75.6044609
Marley Larkin,,"Salt Lake City, Utah",womens-rugby,2025,40.7596198,-111.886797
Frances Wang,,"Beijing, China",womens-rugby,2025,39.9057136,116.3912972
Katelyn Walker,Wing/Back Row,"Eagle, Idaho",womens-rugby,2025,43.6954424,-116.3540138
AdiLeilah Bulabalavu,Prop,"Stockton, Calif.",womens-rugby,2025,37.9577016,-121.290779
Taylor Sadek,Scrumhalf,"Lakeville, Minn.",womens-rugby,2025,44.650051,-93.2432791
Emily Skaff,,"Hopkinton, Mass.",womens-rugby,2025,42.2288875,-71.5196439
Jordan Duncan,Lock/Number 8,"Fallbrook, Calif.",womens-rugby,2025,33.3663105,-117.2232672
Paola Arredondo Almeida,Wing,"Summit County, Colo.",womens-rugby,2025,39.6070951,-106.0636654
Arielle Fotso,Center/Flyhalf,"Carmel, Ind.",womens-rugby,2025,39.9784186,-86.1283681
Hehea Pulotu,Center,"Laie Malo'o, Hawaii",womens-rugby,2025,21.6438449,-157.924442
Vanessa Ortiz-Pallen,Hooker,"San Leandro, Calif.",womens-rugby,2026,37.7249296,-122.1560768
Olivia Lyman,Flanker/Lock,"Frisco, Colo.",womens-rugby,2026,39.5768577,-106.092828
Sereana Matebalavu,Center/Flyhalf,"London, England",womens-rugby,2026,51.5074456,-0.1277653
Reece Moody,Prop,"Meridan, Idaho",womens-rugby,2026,43.0029794,-115.2040895
Nakato Myers,Wing,"Raleigh, N.C.",womens-rugby,2026,35.7803977,-78.6390989
Halaevalu Paea,Flanker/Number 8,"Mesa, Ariz.",womens-rugby,2026,33.4151005,-111.831455
Morgan Whelan,Lock,"West Chester, Pa.",womens-rugby,2026,39.9597389,-75.6044609
Sierra Santiago,Scrumhalf/Wing,"Wake Forest, N.C.",womens-rugby,2026,35.9775697,-78.5098471
Cindy Taulava,Lock,"San Leandro, Calif.",womens-rugby,2026,37.7249296,-122.1560768
Amaya Tolman,Fullback,"Provo, Utah",womens-rugby,2026,40.2337289,-111.6587085
Vasiti Turagavou,Center,"Provo, Utah",womens-rugby,2026,40.2337289,-111.6587085
Lucy Walker,Lock,"Denver, Colo.",womens-rugby,2026,39.7392364,-104.984862
Jordis Lomu,Flyhalf,"Lehi, Utah",womens-rugby,2026,40.3881114,-111.8486019
Hehea Pulotu,Flyhalf/Fullback,"Laie Malo'o, Hawaii",womens-rugby,2026,21.6438449,-157.924442
Jordynn LeBeau,Hooker/Number 8,"Eagle, Idaho",womens-rugby,2026,43.6954424,-116.3540138
Amelia Handysides,Prop,"Duncan, B.C.",womens-rugby,2026,48.7786872,-123.7080446
Peyton Langworthy,Flanker/Hooker,"Tonawanda, N.Y.",womens-rugby,2026,43.020679,-78.878383
Sadie Williams,Lock,"Vancouver Island, B.C.",womens-rugby,2026,49.5929495,-125.702557
Paola Arredondo Almeida,Flanker,"Summit County, Colo.",womens-rugby,2026,39.6070951,-106.0636654
AdiLeilah Bulabalavu,Prop,"Stockton, Calif.",womens-rugby,2026,37.9577016,-121.290779
Lauren Cheng,Wing Back,"Toronto, Ont.",womens-rugby,2026,43.6534817,-79.3839347
Camryn Cook,Prop,"Chicago, Ill.",womens-rugby,2026,41.8755616,-87.6244212
Katija Crawford,Lock/Flanker,"Hauula, Hawaii",womens-rugby,2026,21.59497,-157.9196434
Marley Larkin,Center,"Salt Lake City, Utah",womens-rugby,2026,40.7596198,-111.886797
Caroline Dolton,Flanker,"Trenton, Ont.",womens-rugby,2026,44.1019126,-77.57539
Arielle Fotso,Center/Flyhalf,"Carmel, Ind.",womens-rugby,2026,39.9784186,-86.1283681
Katie Hansen,Hooker/Flanker,"West Sacramento, Calif.",womens-rugby,2026,38.5804609,-121.530234
Annie Henrich,Scrumhalf,"Orchard Park, N.Y.",womens-rugby,2026,42.7670376,-78.7435517
Kiona Hill,Flanker,"Renton, Wash.",womens-rugby,2026,47.4799078,-122.2034496
Maura Hough,Lock,"Wilmette, Ill.",womens-rugby,2026,42.076066,-87.7115555
Abygail Lambert,Scrumhalf/Fullback,"Somersworth, N.H.",womens-rugby,2026,43.2625585,-70.8645872
Nolah Flynn,Scrumhalf,"Yardley, Pa.",womens-rugby,2026,40.242506,-74.8389704
Sean Sullivan,IF,"Hopedale, Mass.",baseball,2016,42.1300773,-71.5406222
Chris Burkholder,RHP,"Monrovia, Calif.",baseball,2016,34.1483499,-118.0014517
Mike Concato,RHP,"Woodbridge, Conn.",baseball,2016,41.3531983,-73.0114935
Blake Crossing,IF,"Newnan, Ga.",baseball,2016,33.3806716,-84.7996573
Matt Feinstein,OF,"Old Brookville, N.Y.",baseball,2016,40.8320441,-73.6048493
Justin Fowler,IF,"Aliso Viejo, Calif.",baseball,2016,33.5761376,-117.7258122
Tyler Fagler,RHP,"Tampa, Fla.",baseball,2016,27.9449854,-82.4583107
Michael Ketchmark,1B,"Dallas, Texas",baseball,2016,32.7762719,-96.7968559
Ben Socher,OF,"Vienna, Va.",baseball,2016,38.9013729,-77.2651762
Alec Vaules,RHP,"Pittsford, N.Y.",baseball,2016,43.090959,-77.515298
Sean McGowan,UT,"New York, N.Y.",baseball,2016,40.7127281,-74.0060152
Cole O'Connor,RHP,"Bedford, Mass.",baseball,2016,42.4917301,-71.2817947
Michael Danielak,RHP,"Mt. Prospect, Ill.",baseball,2016,42.0664167,-87.9372908
Austen Michel,RHP,"South Hamilton, Mass.",baseball,2016,42.6130398,-70.8723954
Trevor Johnson,OF,"Rye, N.Y.",baseball,2016,40.9821371,-73.6840902
Clay Chatham,RHP,"Newport Beach, Calif.",baseball,2016,33.6170092,-117.9294401
Zac Bygum,RHP,"Castaic, Calif.",baseball,2016,34.478169,-118.6361914
Steffen Torgersen,IF,"Shoreline, Wash.",baseball,2016,47.7564667,-122.3437497
Michael Calamari,1B,"Myrtle Beach, S.C.",baseball,2016,33.6956461,-78.8900409
Jack Fossand,RHP,"Woodbury, Minn.",baseball,2016,44.919896,-92.9339449
Jackson Bubala,RHP,"Chicago, Ill.",baseball,2016,41.8755616,-87.6244212
Mike Brown,OF,"Pflugerville, Texas",baseball,2016,30.4393696,-97.6200043
Marc Bachman,LHP,"Fort Collins, Colo.",baseball,2016,40.5871782,-105.0770113
Henry Eilen,OF,"Eau Claire, Wis.",baseball,2016,44.811349,-91.4984941
Michael Parsons,LHP,"Norfolk, Va.",baseball,2016,36.8493695,-76.2899539
Beau Sulser,RHP,"Santa Ysabel, Calif.",baseball,2016,33.1092099,-116.673076
Kyle Holbrook,OF/C,"Broomfield, Colo.",baseball,2016,39.9403995,-105.05208
Patrick Peterson,RHP,"Glen Ellyn, Ill.",baseball,2016,41.8775293,-88.0670118
Sam Fichthorn,RHP,"Winter Springs, Fla.",baseball,2016,28.6987317,-81.3055188
Dustin Shirley,IF,"Los Angeles, Calif.",baseball,2016,34.0536909,-118.242766
John Melody,C,"Houston, Texas",baseball,2016,29.7589382,-95.3676974
Eric Stolt,LHP,"Plymouth, Minn.",baseball,2016,45.0065149,-93.46651
Adam Gauthier,C,"Highlands Ranch, Colo.",baseball,2016,39.538565,-104.9725904
Nate Ostmo,SS,"Portland, Ore.",baseball,2016,45.5202471,-122.674194
Hayden Rappoport,OF,"West Hills, Calif.",baseball,2016,34.2032325,-118.645476
Marc Bachman,LHP,"Fort Collins, Colo.",baseball,2017,40.5871782,-105.0770113
Ubaldo Lopez,OF/1B,"Miramar, Fla.",baseball,2017,25.9873137,-80.2322706
Oliver Campbell,OF/1B,"Wilmington, Del.",baseball,2017,39.7459468,-75.546589
Jack Fossand,RHP,"Woodbury, Minn.",baseball,2017,44.919896,-92.9339449
Tyler Fagler,RHP,"Tampa, Fla.",baseball,2017,27.9449854,-82.4583107
Matt Feinstein,OF,"Old Brookville, N.Y.",baseball,2017,40.8320441,-73.6048493
Justin Fowler,IF,"Aliso Viejo, Calif.",baseball,2017,33.5761376,-117.7258122
Clay Chatham,RHP,"Newport Beach, Calif.",baseball,2017,33.6170092,-117.9294401
Cole O'Connor,RHP(C),"Bedford, Mass.",baseball,2017,42.4917301,-71.2817947
Alec Vaules,RHP,"Pittsford, N.Y.",baseball,2017,43.090959,-77.515298
Sean McGowan,UT,"New York, N.Y.",baseball,2017,40.7127281,-74.0060152
Michael Parsons,LHP,"Norfolk, Va.",baseball,2017,36.8493695,-76.2899539
Jack Schmidt,LHP,"Cooper City, Fla.",baseball,2017,26.057783,-80.2695109
Austen Michel,RHP,"South Hamilton, Mass.",baseball,2017,42.6130398,-70.8723954
Trevor Johnson,OF,"Rye, N.Y.",baseball,2017,40.9821371,-73.6840902
Carson Seymour,RHP,"Temecula, Calif.",baseball,2017,33.4946353,-117.147366
Jonah Jenkins,RHP,"Parker, Colo.",baseball,2017,39.5184514,-104.7612638
Logan Adams,C,"Knoxville, Tenn.",baseball,2017,35.9603948,-83.9210261
Mike Concato,RHP,"Woodbridge, Conn.",baseball,2017,41.3531983,-73.0114935
Steffen Torgersen,IF,"Shoreline, Wash.",baseball,2017,47.7564667,-122.3437497
Nate Ostmo,SS,"Portland, Ore.",baseball,2017,45.5202471,-122.674194
Dustin Shirley,IF(C),"Los Angeles, Calif.",baseball,2017,34.0536909,-118.242766
Patrick Peterson,RHP,"Glen Ellyn, Ill.",baseball,2017,41.8775293,-88.0670118
Kyle Holbrook,OF/C,"Broomfield, Colo.",baseball,2017,39.9403995,-105.05208
Hayden Rappoport,OF,"West Hills, Calif.",baseball,2017,34.2032325,-118.645476
Sean Sullivan,IF,"Hopedale, Mass.",baseball,2017,42.1300773,-71.5406222
Henry Eilen,OF,"Eau Claire, Wis.",baseball,2017,44.811349,-91.4984941
Sai Davuluri,RHP,"Merced, Calif.",baseball,2017,37.1641544,-120.7678602
Eric Stolt,LHP,"Plymouth, Minn.",baseball,2017,45.0065149,-93.46651
Bennett McCaskill,C,"Cardiff, Calif.",baseball,2017,33.6879703,-117.8073342
Max Hunter,LHP,"St. Louis, Mo.",baseball,2017,38.6254063,-90.190009
Michael Calamari,1B,"Myrtle Beach, S.C.",baseball,2017,33.6956461,-78.8900409
Blake Crossing,IF,"Newnan, Ga.",baseball,2017,33.3806716,-84.7996573
Sam Fichthorn,RHP,"Winter Springs, Fla.",baseball,2017,28.6987317,-81.3055188
Zac Bygum,RHP,"Castaic, Calif.",baseball,2017,34.478169,-118.6361914
Logan Adams,C,"Knoxville, Tenn.",baseball,2018,35.9603948,-83.9210261
Nate Ostmo,SS,"Portland, Ore.",baseball,2018,45.5202471,-122.674194
Nathan Skinner,RHP,"Jacksonville, Fla.",baseball,2018,30.3262247,-81.6579179
Trystan Sarcone,LHP,"Greenwich, Conn.",baseball,2018,41.0264862,-73.6284598
Blake Crossing,IF,"Newnan, Ga.",baseball,2018,33.3806716,-84.7996573
Michael Parsons,LHP,"Norfolk, Va.",baseball,2018,36.8493695,-76.2899539
Zac Bygum,RHP,"Castaic, Calif.",baseball,2018,34.478169,-118.6361914
Ben Rice,C,"Cohasset, Mass.",baseball,2018,42.2410158,-70.8035571
Sean Sullivan,2B,"Hopedale, Mass.",baseball,2018,42.1300773,-71.5406222
Michael Calamari,1B,"Myrtle Beach, S.C.",baseball,2018,33.6956461,-78.8900409
Eric Stolt,OF,"Plymouth, Minn.",baseball,2018,45.0065149,-93.46651
Sai Davuluri,RHP,"Merced, Calif.",baseball,2018,37.1641544,-120.7678602
Henry Eilen,OF,"Eau Claire, Wis.",baseball,2018,44.811349,-91.4984941
Chase Jeter,LHP,"West Hartford, Conn.",baseball,2018,41.7620447,-72.7420399
Bennett McCaskill,C,"Cardiff, Calif.",baseball,2018,33.6879703,-117.8073342
Max Hunter,LHP,"St. Louis, Mo.",baseball,2018,38.6254063,-90.190009
Justin Murray,IF/P,"Charlotte, N.C.",baseball,2018,35.2272086,-80.8430827
Alec Vaules,RHP,"Pittsford, N.Y.",baseball,2018,43.090959,-77.515298
Jonah Jenkins,RHP,"Parker, Colo.",baseball,2018,39.5184514,-104.7612638
Cole O'Connor,RHP(C),"Bedford, Mass.",baseball,2018,42.4917301,-71.2817947
Jordan Bustabad,OF,"West Palm Beach, Fla.",baseball,2018,26.715364,-80.0532942
Trevor Johnson,OF,"Rye, N.Y.",baseball,2018,40.9821371,-73.6840902
Austen Michel,RHP,"South Hamilton, Mass.",baseball,2018,42.6130398,-70.8723954
Jack Schmidt,LHP,"Cooper City, Fla.",baseball,2018,26.057783,-80.2695109
Oliver Campbell,1B,"Wilmington, Del.",baseball,2018,39.7459468,-75.546589
Ubaldo Lopez,IF,"Miramar, Fla.",baseball,2018,25.9873137,-80.2322706
Kade Kretzschmar,OF,"Carlsbad, Calif.",baseball,2018,33.1352045,-117.329126
Steffen Torgersen,IF,"Shoreline, Wash.",baseball,2018,47.7564667,-122.3437497
Tyler Fagler,RHP,"Tampa, Fla.",baseball,2018,27.9449854,-82.4583107
Cole Roland,RHP,"Duxbury, Mass.",baseball,2018,42.0417695,-70.672259
Matt Feinstein,OF(C),"Old Brookville, N.Y.",baseball,2018,40.8320441,-73.6048493
Bryce Daniel,IF,"Matthews, N.C.",baseball,2018,35.1159532,-80.7224386
Max Hunter,LHP,"St. Louis, Mo.",baseball,2019,38.6254063,-90.190009
Luke Carpenter,LHP,"Charlotte, N.C.",baseball,2019,35.2272086,-80.8430827
Austen Michel,RHP,"South Hamilton, Mass.",baseball,2019,42.6130398,-70.8723954
Oliver Campbell,1B,"Wilmington, Del.",baseball,2019,39.7459468,-75.546589
Kade Kretzschmar,OF,"Carlsbad, Calif.",baseball,2019,33.1352045,-117.329126
Jordan Bustabad,OF,"West Palm Beach, Fla.",baseball,2019,26.715364,-80.0532942
Ubaldo Lopez,1B/OF,"Miramar, Fla.",baseball,2019,25.9873137,-80.2322706
Jack Metzger,RHP,"Powell, Ohio",baseball,2019,40.1578403,-83.0751869
Connor Bertsch,IF,"West Roxbury, Mass.",baseball,2019,42.2792649,-71.1494972
Jonah Jenkins,RHP,"Parker, Colo.",baseball,2019,39.5184514,-104.7612638
Michael Parsons,LHP,"Norfolk, Va.",baseball,2019,36.8493695,-76.2899539
Trevor Johnson,OF,"Rye, N.Y.",baseball,2019,40.9821371,-73.6840902
Cole Roland,RHP,"Duxbury, Mass.",baseball,2019,42.0417695,-70.672259
Kolton Freeman,OF,"Laguna Beach, Calif.",baseball,2019,33.5426975,-117.785366
Tyler Fagler,RHP,"Tampa, Fla.",baseball,2019,27.9449854,-82.4583107
Sai Davuluri,RHP,"Merced, Calif.",baseball,2019,37.1641544,-120.7678602
James House,OF,"Houston, Texas",baseball,2019,29.7589382,-95.3676974
Ben Rice,C,"Cohasset, Mass.",baseball,2019,42.2410158,-70.8035571
Eric Stolt,OF,"Plymouth, Minn.",baseball,2019,45.0065149,-93.46651
Trystan Sarcone,LHP,"Greenwich, Conn.",baseball,2019,41.0264862,-73.6284598
Ernest Adendorff,RHP,"Moorpark, Calif.",baseball,2019,34.285558,-118.8820414
Justin Murray,IF/P,"Charlotte, N.C.",baseball,2019,35.2272086,-80.8430827
Will Shepherd,RHP,"Atlantic Beach, Fla.",baseball,2019,30.3344077,-81.398696
Kunaal Verma,RHP,"Lincoln, Mass.",baseball,2019,42.4259283,-71.3039469
Alec Vaules,RHP,"Pittsford, N.Y.",baseball,2019,43.090959,-77.515298
Nathan Skinner,RHP,"Jacksonville, Fla.",baseball,2019,30.3262247,-81.6579179
Peter O'Toole,IF,"Saratoga Springs, N.Y.",baseball,2019,43.0822315,-73.785373
Logan Adams,C,"Knoxville, Tenn.",baseball,2019,35.9603948,-83.9210261
Bryce Daniel,IF,"Matthews, N.C.",baseball,2019,35.1159532,-80.7224386
Blake Crossing,IF,"Newnan, Ga.",baseball,2019,33.3806716,-84.7996573
Michael Calamari,1B,"Myrtle Beach, S.C.",baseball,2019,33.6956461,-78.8900409
Henry Eilen,OF,"Eau Claire, Wis.",baseball,2019,44.811349,-91.4984941
Nathan Cmeyla,C,"Ashburn, Va.",baseball,2020,39.029784,-77.4744148
Oliver Campbell,1B,"Wilmington, Del.",baseball,2020,39.7459468,-75.546589
Kolton Freeman,OF,"Laguna Beach, Calif.",baseball,2020,33.5426975,-117.785366
Clark Gilmore,RHP,"Redding, Conn.",baseball,2020,41.3029342,-73.3833661
Ben Rice,C,"Cohasset, Mass.",baseball,2020,42.2410158,-70.8035571
Max Zajec,1B,"Wellesley, Mass.",baseball,2020,42.2964859,-71.2925571
Kade Kretzschmar,OF,"Carlsbad, Calif.",baseball,2020,33.1352045,-117.329126
Trevor Johnson,OF,"Rye, N.Y.",baseball,2020,40.9821371,-73.6840902
Jordan Bustabad,OF,"West Palm Beach, Fla.",baseball,2020,26.715364,-80.0532942
Kunaal Verma,RHP,"Lincoln, Mass.",baseball,2020,42.4259283,-71.3039469
Devin Milberg,LHP,"New York, N.Y.",baseball,2020,40.7127281,-74.0060152
Ubaldo Lopez,1B/OF,"Miramar, Fla.",baseball,2020,25.9873137,-80.2322706
Tyler Cortland,RHP,"Farmington, Conn.",baseball,2020,41.7198216,-72.8320435
Tyler Fagler,RHP,"Tampa, Fla.",baseball,2020,27.9449854,-82.4583107
Jack Metzger,RHP,"Powell, Ohio",baseball,2020,40.1578403,-83.0751869
Tyler Robinson,OF,"Englewood, Colo.",baseball,2020,39.6482059,-104.9879641
Max Hunter,LHP,"St. Louis, Mo.",baseball,2020,38.6254063,-90.190009
James House,OF,"Houston, Texas",baseball,2020,29.7589382,-95.3676974
Bryce Daniel,IF,"Matthews, N.C.",baseball,2020,35.1159532,-80.7224386
Justin Murray,IF/P,"Charlotte, N.C.",baseball,2020,35.2272086,-80.8430827
Connor Bertsch,IF,"West Roxbury, Mass.",baseball,2020,42.2792649,-71.1494972
Jonah Jenkins,RHP,"Parker, Colo.",baseball,2020,39.5184514,-104.7612638
Brady Chappell,RHP,"Watertown, Tenn.",baseball,2020,36.1003358,-86.1319341
Henry Eilen,OF,"Eau Claire, Wis.",baseball,2020,44.811349,-91.4984941
Logan Adams,C,"Knoxville, Tenn.",baseball,2020,35.9603948,-83.9210261
Will Shepherd,RHP,"Atlantic Beach, Fla.",baseball,2020,30.3344077,-81.398696
Nathan Skinner,RHP,"Jacksonville, Fla.",baseball,2020,30.3262247,-81.6579179
Tyler Cox,IF,"Valley Glen, Calif.",baseball,2020,34.1826379,-118.4138666
Shane Bauer,RHP,"Indianapolis, Ind.",baseball,2020,39.7683331,-86.1583502
Luke Carpenter,LHP,"Charlotte, N.C.",baseball,2020,35.2272086,-80.8430827
Trystan Sarcone,LHP,"Greenwich, Conn.",baseball,2020,41.0264862,-73.6284598
Peter O'Toole,IF,"Saratoga Springs, N.Y.",baseball,2020,43.0822315,-73.785373
Cole Roland,RHP,"Duxbury, Mass.",baseball,2020,42.0417695,-70.672259
Ryan Schwartz,OF/C,"Solon, Ohio",baseball,2020,41.3897764,-81.4412259
Matt Carey,RHP,"Summit, N.J.",baseball,2021,40.7182356,-74.3592296
Kunaal Verma,RHP,"Lincoln, Mass.",baseball,2021,42.4259283,-71.3039469
Devin Milberg,LHP,"New York, N.Y.",baseball,2021,40.7127281,-74.0060152
Connor Bertsch,IF,"West Roxbury, Mass.",baseball,2021,42.2792649,-71.1494972
Tyler Cortland,RHP,"Farmington, Conn.",baseball,2021,41.7198216,-72.8320435
Nathan Cmeyla,C,"Ashburn, Va.",baseball,2021,39.029784,-77.4744148
Jackson Hower,OF,"Erie, Pa.",baseball,2021,42.1294712,-80.0852695
Kade Kretzschmar,OF,"Carlsbad, Calif.",baseball,2021,33.1352045,-117.329126
Danny Will,LHP,"Ambler, Pa.",baseball,2021,40.1544727,-75.2221643
Jack Metzger,RHP,"Powell, Ohio",baseball,2021,40.1578403,-83.0751869
Joseph Chambers,RHP,"Roswell, Ga.",baseball,2021,34.02332,-84.360022
Max Zajec,1B,"Wellesley, Mass.",baseball,2021,42.2964859,-71.2925571
Brady Chappell,RHP,"Watertown, Tenn.",baseball,2021,36.1003358,-86.1319341
Cole Roland,RHP,"Duxbury, Mass.",baseball,2021,42.0417695,-70.672259
Luke Carpenter,LHP,"Charlotte, N.C.",baseball,2021,35.2272086,-80.8430827
Jeff Lee,LHP,"Mandeville, La.",baseball,2021,30.3582305,-90.0657477
Will Shepherd,RHP,"Atlantic Beach, Fla.",baseball,2021,30.3344077,-81.398696
Elliot Krewson,IF,"St. Louis, Mo.",baseball,2021,38.6254063,-90.190009
Clark Gilmore,RHP,"Redding, Conn.",baseball,2021,41.3029342,-73.3833661
Kolton Freeman,OF,"Laguna Beach, Calif.",baseball,2021,33.5426975,-117.785366
Justin Murray,IF/P,"Charlotte, N.C.",baseball,2021,35.2272086,-80.8430827
Bryce Daniel,IF,"Matthews, N.C.",baseball,2021,35.1159532,-80.7224386
Nathan Skinner,RHP,"Jacksonville, Fla.",baseball,2021,30.3262247,-81.6579179
James House,OF,"Houston, Texas",baseball,2021,29.7589382,-95.3676974
Peter O'Toole,IF,"Saratoga Springs, N.Y.",baseball,2021,43.0822315,-73.785373
Tyler Robinson,OF,"Englewood, Colo.",baseball,2021,39.6482059,-104.9879641
Luke Carroll,C,"Peachtree Corners, Ga.",baseball,2021,33.9701009,-84.2215869
Zackarie Casebonne,C,"Jefferson, La.",baseball,2021,29.8502657,-90.1293894
Trystan Sarcone,LHP,"Greenwich, Conn.",baseball,2021,41.0264862,-73.6284598
Tyler Cox,IF,"Valley Glen, Calif.",baseball,2021,34.1826379,-118.4138666
Ryan Schwartz,OF/C,"Solon, Ohio",baseball,2021,41.3897764,-81.4412259
Shane Bauer,RHP,"Indianapolis, Ind.",baseball,2021,39.7683331,-86.1583502
Luke Carroll,C,"Peachtree Corners, Ga.",baseball,2022,33.9701009,-84.2215869
Connor Bertsch,IF,"West Roxbury, Mass.",baseball,2022,42.2792649,-71.1494972
Mac Burke,P/IF,"Woodbridge, Conn.",baseball,2022,41.3531983,-73.0114935
Taer Rodriguez,IF,"Corona, Calif.",baseball,2022,33.8752945,-117.566444
Joseph Chambers,RHP,"Roswell, Ga.",baseball,2022,34.02332,-84.360022
Jack Metzger,RHP,"Powell, Ohio",baseball,2022,40.1578403,-83.0751869
Jackson Hower,OF,"Erie, Pa.",baseball,2022,42.1294712,-80.0852695
Max Zajec,1B,"Wellesley, Mass.",baseball,2022,42.2964859,-71.2925571
Tyler Cortland,RHP,"Farmington, Conn.",baseball,2022,41.7198216,-72.8320435
Jeff Lee,LHP,"Mandeville, La.",baseball,2022,30.3582305,-90.0657477
Nathan Cmeyla,C,"Ashburn, Va.",baseball,2022,39.029784,-77.4744148
Tyler Robinson,OF,"Englewood, Colo.",baseball,2022,39.6482059,-104.9879641
Luke Carpenter,LHP,"Charlotte, N.C.",baseball,2022,35.2272086,-80.8430827
Trystan Sarcone,LHP,"Greenwich, Conn.",baseball,2022,41.0264862,-73.6284598
Devin Milberg,LHP,"New York, N.Y.",baseball,2022,40.7127281,-74.0060152
Ivan Hoyt,IF/P,"Boerne, Texas",baseball,2022,29.7946641,-98.7319703
Elliot Krewson,IF,"St. Louis, Mo.",baseball,2022,38.6254063,-90.190009
Peter O'Toole,IF,"Saratoga Springs, N.Y.",baseball,2022,43.0822315,-73.785373
Brady Chappell,RHP,"Watertown, Tenn.",baseball,2022,36.1003358,-86.1319341
Tyler Cox,IF,"Valley Glen, Calif.",baseball,2022,34.1826379,-118.4138666
Nico Bañez,OF,"Orlando, Fla.",baseball,2022,28.5421218,-81.379045
Milo Suarez,IF,"Pinecrest, Fla.",baseball,2022,25.6670476,-80.3081074
Ryan Schwartz,OF,"Solon, Ohio",baseball,2022,41.3897764,-81.4412259
James House,OF,"Houston, Texas",baseball,2022,29.7589382,-95.3676974
Matt Carey,RHP,"Summit, N.J.",baseball,2022,40.7182356,-74.3592296
Shane Bauer,RHP,"Indianapolis, Ind.",baseball,2022,39.7683331,-86.1583502
Clark Gilmore,RHP,"Redding, Conn.",baseball,2022,41.3029342,-73.3833661
Zackarie Casebonne,C,"Jefferson, La.",baseball,2022,29.8502657,-90.1293894
Eddie Albert,RHP,"Pittsburgh, Pa.",baseball,2022,40.4406968,-80.0025666
Aidan Plummer,RHP,"Grand Blanc, Mich.",baseball,2022,42.9275277,-83.6299518
Kolton Freeman,OF,"Laguna Beach, Calif.",baseball,2022,33.5426975,-117.785366
Danny Will,LHP,"Ambler, Pa.",baseball,2022,40.1544727,-75.2221643
Joey Gizmunt,RHP,"Lynnfield, Mass.",baseball,2022,42.5389836,-71.0481084
Will Shepherd,RHP,"Atlantic Beach, Fla.",baseball,2022,30.3344077,-81.398696
Devin Milberg,LHP,"New York, N.Y.",baseball,2023,40.7127281,-74.0060152
Matt Carey,RHP,"Summit, N.J.",baseball,2023,40.7182356,-74.3592296
Elliot Krewson,IF,"St. Louis, Mo.",baseball,2023,38.6254063,-90.190009
Joseph Chambers,RHP,"Roswell, Ga.",baseball,2023,34.02332,-84.360022
Drew Koenen,RHP,"Park Ridge, Ill.",baseball,2023,42.0112329,-87.8406031
Clark Gilmore,RHP,"Redding, Conn.",baseball,2023,41.3029342,-73.3833661
A.J. DeMastrie,C,"Woodstock, Ga.",baseball,2023,34.1014112,-84.5192192
Milo Suarez,IF,"Pinecrest, Fla.",baseball,2023,25.6670476,-80.3081074
Nate Isler,P/1B,"Milton, Ga.",baseball,2023,34.1134001,-84.2693745
Eddie Albert,RHP,"Pittsburgh, Pa.",baseball,2023,40.4406968,-80.0025666
Jackson Hower,OF,"Erie, Pa.",baseball,2023,42.1294712,-80.0852695
Shane Bauer,RHP,"Indianapolis, Ind.",baseball,2023,39.7683331,-86.1583502
Mac Burke,RHP,"Woodbridge, Conn.",baseball,2023,41.3531983,-73.0114935
Luke Carroll,C,"Peachtree Corners, Ga.",baseball,2023,33.9701009,-84.2215869
Nathan Cmeyla,C,"Ashburn, Va.",baseball,2023,39.029784,-77.4744148
Camden Rush,IF,"Modesto, Calif.",baseball,2023,37.6393419,-120.9968892
Taer Rodriguez,IF,"Corona, Calif.",baseball,2023,33.8752945,-117.566444
Chris Miller,OF,"Dardanelle, Ark.",baseball,2023,35.2231408,-93.1579532
Jack Metzger,RHP,"Powell, Ohio",baseball,2023,40.1578403,-83.0751869
Jeff Lee,LHP,"Mandeville, La.",baseball,2023,30.3582305,-90.0657477
Tyler Cortland,RHP,"Farmington, Conn.",baseball,2023,41.7198216,-72.8320435
Max Zajec,1B,"Wellesley, Mass.",baseball,2023,42.2964859,-71.2925571
Ethan Brown,IF,"Waukesha, Wis.",baseball,2023,43.0622536,-88.3123889
Nico Bañez,OF,"Orlando, Fla.",baseball,2023,28.5421218,-81.379045
Marco Dumsky,RHP,"Lee's Summit, Mo.",baseball,2023,38.9107156,-94.3821295
Kolton Freeman,OF,"Laguna Beach, Calif.",baseball,2023,33.5426975,-117.785366
Brady Chappell,RHP,"Watertown, Tenn.",baseball,2023,36.1003358,-86.1319341
Tyler Robinson,OF,"Englewood, Colo.",baseball,2023,39.6482059,-104.9879641
Joey Gizmunt,RHP,"Lynnfield, Mass.",baseball,2023,42.5389836,-71.0481084
Zackarie Casebonne,C,"Jefferson, La.",baseball,2023,29.8502657,-90.1293894
Danny Will,LHP,"Ambler, Pa.",baseball,2023,40.1544727,-75.2221643
Aidan Plummer,RHP,"Grand Blanc, Mich.",baseball,2023,42.9275277,-83.6299518
Bryce Loeger,RHP,"Schaumburg, Ill.",baseball,2024,42.0333608,-88.083406
Jackson Hower,OF,"Erie, Pa.",baseball,2024,42.1294712,-80.0852695
Andrew Lombana,LHP,"South Jordan, Utah",baseball,2024,40.5584882,-111.9367107
Kyle Klaric-Schell,RHP,"Fort Myers, Fla.",baseball,2024,26.640628,-81.8723084
Taer Rodriguez,IF,"Corona, Calif.",baseball,2024,33.8752945,-117.566444
Mac Burke,RHP,"Woodbridge, Conn.",baseball,2024,41.3531983,-73.0114935
Nate Isler,P/1B,"Milton, Ga.",baseball,2024,34.1134001,-84.2693745
Danny Will,LHP,"Ambler, Pa.",baseball,2024,40.1544727,-75.2221643
Trey Sejnoha,RHP,"Brandon, S.D.",baseball,2024,43.5909294,-96.5874544
Axel Riess,CF,"Manhattan, N.Y.",baseball,2024,40.7579554,-73.9855319
Joseph Chambers,RHP,"Roswell, Ga.",baseball,2024,34.02332,-84.360022
Joey Gizmunt,RHP,"Lynnfield, Mass.",baseball,2024,42.5389836,-71.0481084
Marco Dumsky,RHP,"Lee's Summit, Mo.",baseball,2024,38.9107156,-94.3821295
Chris Miller,OF,"Dardanelle, Ark.",baseball,2024,35.2231408,-93.1579532
Ethan Brown,IF,"Waukesha, Wis.",baseball,2024,43.0622536,-88.3123889
Aidan Plummer,RHP,"Grand Blanc, Mich.",baseball,2024,42.9275277,-83.6299518
Luke Carroll,C,"Peachtree Corners, Ga.",baseball,2024,33.9701009,-84.2215869
Camden Rush,IF,"Modesto, Calif.",baseball,2024,37.6393419,-120.9968892
Tyler Sirchia,C,"Armonk, N.Y.",baseball,2024,41.132973,-73.7126064
Jeff Lee,LHP,"Mandeville, La.",baseball,2024,30.3582305,-90.0657477
Matt Carey,RHP,"Summit, N.J.",baseball,2024,40.7182356,-74.3592296
A.J. DeMastrie,C,"Woodstock, Ga.",baseball,2024,34.1014112,-84.5192192
Zackarie Casebonne,C,"Jefferson, La.",baseball,2024,29.8502657,-90.1293894
Alejandro Puig,SS,"Pembroke Pines, Fla.",baseball,2024,26.0061943,-80.2872086
Nico Bañez,OF,"Orlando, Fla.",baseball,2024,28.5421218,-81.379045
Stefan Di Corrado,IF,"Mississauga, Ont.",baseball,2024,43.5884727,-79.643658
Eddie Albert,RHP,"Pittsburgh, Pa.",baseball,2024,40.4406968,-80.0025666
Nate Kugler,RHP,"Studio City, Calif.",baseball,2024,34.1483989,-118.3961877
Elliot Krewson,IF,"St. Louis, Mo.",baseball,2024,38.6254063,-90.190009
Milo Suarez,IF,"Pinecrest, Fla.",baseball,2024,25.6670476,-80.3081074
Shane Bauer,RHP,"Indianapolis, Ind.",baseball,2024,39.7683331,-86.1583502
Mason Smith,IF,"Pittsburgh, Pa.",baseball,2025,40.4406968,-80.0025666
Henry Murray,OF,"Chicago, Ill.",baseball,2025,41.8755616,-87.6244212
Lincoln Hamid,C,"Chicago, Ill.",baseball,2025,41.8755616,-87.6244212
Tyler Sirchia,C,"Armonk, N.Y.",baseball,2025,41.132973,-73.7126064
Chris Miller,OF,"Dardanelle, Ark.",baseball,2025,35.2231408,-93.1579532
Taer Rodriguez,IF,"Corona, Calif.",baseball,2025,33.8752945,-117.566444
Marco Dumsky,RHP,"Lee's Summit, Mo.",baseball,2025,38.9107156,-94.3821295
Axel Riess,CF,"Manhattan, N.Y.",baseball,2025,40.7579554,-73.9855319
Kyle Klaric-Schell,RHP,"Fort Myers, Fla.",baseball,2025,26.640628,-81.8723084
Joey Gizmunt,RHP,"Lynnfield, Mass.",baseball,2025,42.5389836,-71.0481084
Zach Messina,RHP,"Marlboro, N.J.",baseball,2025,39.4850245,-75.3211259
Nathan Matoush,LHP,"Hillsboro, Ill.",baseball,2025,39.1609575,-89.4933899
Izzy Parsky,RHP,"Pacific Palisades, Calif.",baseball,2025,34.0480643,-118.5264706
Trey Sejnoha,RHP,"Brandon, S.D.",baseball,2025,43.5909294,-96.5874544
Eddie Albert,RHP,"Pittsburgh, Pa.",baseball,2025,40.4406968,-80.0025666
Nate Isler,RHP,"Milton, Ga.",baseball,2025,34.1134001,-84.2693745
Austin Moran,IF,"Huntersville, N.C.",baseball,2025,35.4108278,-80.8429304
Fraser Smith,RHP,"Denver, Colo.",baseball,2025,39.7392364,-104.984862
Ethan Brown,IF,"Waukesha, Wis.",baseball,2025,43.0622536,-88.3123889
Sam Andersen,IF/OF,"Toronto, Ont.",baseball,2025,43.6534817,-79.3839347
Mac Burke,RHP,"Woodbridge, Conn.",baseball,2025,41.3531983,-73.0114935
Andrew Lombana,LHP,"South Jordan, Utah",baseball,2025,40.5584882,-111.9367107
Milo Suarez,IF,"Pinecrest, Fla.",baseball,2025,25.6670476,-80.3081074
Camden Rush,IF,"Modesto, Calif.",baseball,2025,37.6393419,-120.9968892
Nico Bañez,OF,"Orlando, Fla.",baseball,2025,28.5421218,-81.379045
A.J. DeMastrie,C,"Woodstock, Ga.",baseball,2025,34.1014112,-84.5192192
Alejandro Puig,SS,"Pembroke Pines, Fla.",baseball,2025,26.0061943,-80.2872086
Bryce Loeger,RHP,"Schaumburg, Ill.",baseball,2025,42.0333608,-88.083406
Nate Kugler,RHP,"Studio City, Calif.",baseball,2025,34.1483989,-118.3961877
Aidan Plummer,RHP,"Grand Blanc, Mich.",baseball,2025,42.9275277,-83.6299518
Gus Begert,OF,"Austin, Texas",baseball,2025,30.2711286,-97.7436995
Jack Espiritu-Niswonger,C,"Boulder, Colo.",baseball,2025,40.0149856,-105.270545
Stefan Di Corrado,IF/OF,"Mississauga, Ont.",baseball,2025,43.5884727,-79.643658
Paige Clarke,Crew,"St. John, U.S. Virgin Islands",sailing,2016,18.3356013,-64.7550406
Alyssa Berger,Crew,"Dallas, Texas",sailing,2016,32.7762719,-96.7968559
Madeleine Cooney,Crew,"Winnetka, Ill.",sailing,2016,42.1080703,-87.7365286
Sophia Diserio,Crew,"New York, N.Y.",sailing,2016,40.7127281,-74.0060152
Taggart Bonham,Crew,"Atherton, Calif",sailing,2016,37.453773,-122.2058272
Duncan Williford,Skipper,"Fort Lauderdale, Fla.",sailing,2016,26.1223084,-80.1433786
Charles Lalumiere,Skipper,"Falmouth, Maine",sailing,2016,43.7219859,-70.2327055
Nate Greason,Skipper,"Bainbridge Island, WA",sailing,2016,47.6515096,-122.5246791
Pat Floyd,Skipper,"Annapolis, Md.",sailing,2016,38.9786401,-76.492786
Max Eberstadt-Beattie,Crew,"New York, N.Y.",sailing,2016,40.7127281,-74.0060152
Emma White,Skipper,"Annapolis, Md.",sailing,2016,38.9786401,-76.492786
Christopher Williford,Skipper,"Fort Lauderdale, Fla.",sailing,2016,26.1223084,-80.1433786
Mia Steck,Crew,"Wellesley, Mass.",sailing,2016,42.2964859,-71.2925571
Rebecca McElvain,Crew,"San Diego, Calif.",sailing,2016,32.7157062,-117.1638284
Sophie Kerr,Crew,"Houston, Texas",sailing,2016,29.7589382,-95.3676974
Audrey Giblin,Crew,"Monmouth Beach, N.J.",sailing,2016,40.3303883,-73.9815262
Lisa Genthner,Crew,"Nantucket, Mass.",sailing,2016,41.2844408,-70.09842
Peninah Benjamin,Crew,"Clearwater, Florida",sailing,2016,27.9658533,-82.8001026
Mary Amis,Crew,"Minneapolis, Minn.",sailing,2016,44.9772995,-93.2654692
Madeleine Walker,Crew,"Hansville, Wash.",sailing,2016,47.916723,-122.5738626
Jack McGraw,Crew,"San Diego, Calif.",sailing,2016,32.7157062,-117.1638284
Noah Simmons,Crew,"Jamestown, R.I.",sailing,2016,41.4970465,-71.3672755
Erik Weis,Skipper,"Fort Lauderdale, Fla.",sailing,2016,26.1223084,-80.1433786
Erik Weis,Helm,"Fort Lauderdale, Fla.",sailing,2017,26.1223084,-80.1433786
Michael Tellini,Helm,"San Francisco, Calif.",sailing,2017,37.7879363,-122.4075201
Noah Simmons,Crew,"Jamestown, R.I.",sailing,2017,41.4970465,-71.3672755
Max Eberstadt-Beattie,Helm,"New York, N.Y.",sailing,2017,40.7127281,-74.0060152
Josh Cherner,Crew,"Washington, D.C.",sailing,2017,38.8950982,-77.0363849
Christopher Cheng,Crew,"Avon, Conn.",sailing,2017,41.8098209,-72.8306541
Lisa Genthner,Crew,"Nantucket, Mass.",sailing,2017,41.2844408,-70.09842
Kathryn Hall,Helm,"Haverford, Pa.",sailing,2017,40.0129191,-75.2966948
Duncan Williford,Helm,"Fort Lauderdale, Fla.",sailing,2017,26.1223084,-80.1433786
Sarah Chong,Crew,"Newark, California",sailing,2017,37.5296593,-122.0402399
Christopher Williford,Helm,"Fort Lauderdale, Fla.",sailing,2017,26.1223084,-80.1433786
Emma White,Helm,"Annapolis, Md.",sailing,2017,38.9786401,-76.492786
Peninah Benjamin,Crew,"Clearwater, Florida",sailing,2017,27.9658533,-82.8001026
Kasey Rhee,Sail,"Seoul, South Korea",sailing,2017,37.5666791,126.9782914
Jack McGraw,Helm,"San Diego, Calif.",sailing,2017,32.7157062,-117.1638284
Paige Clarke,Crew,"St. John, U.S. Virgin Islands",sailing,2017,18.3356013,-64.7550406
Rebecca McElvain,Crew,"San Diego, Calif.",sailing,2017,32.7157062,-117.1638284
Sophia Diserio,Crew,"New York, N.Y.",sailing,2017,40.7127281,-74.0060152
Audrey Giblin,Helm,"Monmouth Beach, N.J.",sailing,2017,40.3303883,-73.9815262
Mary Amis,Crew,"Minneapolis, Minn.",sailing,2017,44.9772995,-93.2654692
Madeleine Walker,Crew,"Hansville, Wash.",sailing,2017,47.916723,-122.5738626
Max Clapp,Helm,"London, United Kingdom",sailing,2017,51.5074456,-0.1277653
Alyssa Berger,Crew,"Dallas, Texas",sailing,2017,32.7762719,-96.7968559
Taggart Bonham,Crew,"Atherton, Calif",sailing,2017,37.453773,-122.2058272
Eloise Burn,Crew,"Short HIlls, N.J.",sailing,2017,40.7381585,-74.3377392
Timothy Greenhouse,Helm,"Newport, R.I.",sailing,2017,41.4899827,-71.3137707
Mary Amis,Crew,"Minneapolis, Minn.",sailing,2018,44.9772995,-93.2654692
Aisling Sullivan,Crew,"Chicago, Ill.",sailing,2018,41.8755616,-87.6244212
Maddie Sharp,Crew,"Key Biscayne, Fla.",sailing,2018,25.6968351,-80.1635261
Annika Rogers,Crew,"Islesboro, Maine",sailing,2018,44.2892934,-68.9081685
Kasey Rhee,Crew,"Seoul, South Korea",sailing,2018,37.5666791,126.9782914
Emma White,Helm,"Annapolis, Md.",sailing,2018,38.9786401,-76.492786
Carlota Hopkins Guerra,Crew,"Las Palmas De Gran Canaria, Spain",sailing,2018,28.1288694,-15.4349015
Audrey Giblin,Helm,"Monmouth Beach, N.J.",sailing,2018,40.3303883,-73.9815262
Lisa Genthner,Crew,"Nantucket, Mass.",sailing,2018,41.2844408,-70.09842
Paige Clarke,Crew,"St. John, U.S. Virgin Islands",sailing,2018,18.3356013,-64.7550406
Rebecca McElvain,Crew,"San Diego, Calif.",sailing,2018,32.7157062,-117.1638284
Alyssa Berger,Crew,"Dallas, Texas",sailing,2018,32.7762719,-96.7968559
Eloise Burn,Crew,"Short HIlls, N.J.",sailing,2018,40.7381585,-74.3377392
Christopher Cheng,Crew,"Avon, Conn.",sailing,2018,41.8098209,-72.8306541
Josh Cherner,Crew,"Washington, D.C.",sailing,2018,38.8950982,-77.0363849
Max Eberstadt-Beattie,Helm,"New York, N.Y.",sailing,2018,40.7127281,-74.0060152
Ryan Goldstein,Helm,"Weston, Mass.",sailing,2018,42.3667625,-71.3031132
Timothy Greenhouse,Helm,"Newport, R.I.",sailing,2018,41.4899827,-71.3137707
Kathryn Hall,Helm,"Haverford, Pa.",sailing,2018,40.0129191,-75.2966948
Jack McGraw,Helm,"San Diego, Calif.",sailing,2018,32.7157062,-117.1638284
Noah Simmons,Helm,"Jamestown, R.I.",sailing,2018,41.4970465,-71.3672755
Michael Tellini,Helm,"San Francisco, Calif.",sailing,2018,37.7879363,-122.4075201
Christopher Williford,Helm,"Fort Lauderdale, Fla.",sailing,2018,26.1223084,-80.1433786
Cole Harris,Helm,"Rancho Santa Fe, Calif.",sailing,2018,33.0242314,-117.1979781
Max Clapp,Helm,"London, United Kingdom",sailing,2018,51.5074456,-0.1277653
Noah Simmons,Helm,"Jamestown, R.I.",sailing,2019,41.4970465,-71.3672755
Paige Clarke,Crew,"St. John, U.S. Virgin Islands",sailing,2019,18.3356013,-64.7550406
Cole Harris,Helm,"Rancho Santa Fe, Calif.",sailing,2019,33.0242314,-117.1979781
Drew Clutterbuck,Crew,"Grosse Pointe, Mich.",sailing,2019,42.3861485,-82.9118591
Payton Thompson,Helm,"Newport Beach, Calif.",sailing,2019,33.6170092,-117.9294401
Maddie Sharp,Crew,"Key Biscayne, Fla.",sailing,2019,25.6968351,-80.1635261
Nick Hurley,Helm,"New York, N.Y.",sailing,2019,40.7127281,-74.0060152
Ryan Goldstein,Helm,"Weston, Mass.",sailing,2019,42.3667625,-71.3031132
Annika Rogers,Crew,"Islesboro, Maine",sailing,2019,44.2892934,-68.9081685
Josh Cherner,Crew,"Washington, D.C.",sailing,2019,38.8950982,-77.0363849
Boyd Bragg,Helm,"Irvington, Va.",sailing,2019,37.6615287,-76.4191161
Emma Barska,Crew,"Hobe Sound, Fla.",sailing,2019,27.080492,-80.139918
Aisling Sullivan,Crew,"Chicago, Ill.",sailing,2019,41.8755616,-87.6244212
Eloise Burn,Crew,"Short HIlls, N.J.",sailing,2019,40.7381585,-74.3377392
Kasey Rhee,Crew,"Seoul, South Korea",sailing,2019,37.5666791,126.9782914
Christopher Long,Crew,"Parker, Colo.",sailing,2019,39.5184514,-104.7612638
Carlota Hopkins Guerra,Crew,"Las Palmas De Gran Canaria, Spain",sailing,2019,28.1288694,-15.4349015
Audrey Giblin,Helm,"Monmouth Beach, N.J.",sailing,2019,40.3303883,-73.9815262
Christopher Cheng,Crew,"Avon, Conn.",sailing,2019,41.8098209,-72.8306541
Kathryn Hall,Helm,"Haverford, Pa.",sailing,2019,40.0129191,-75.2966948
Martha Rand,Helm,"Ipswich, Mass.",sailing,2019,42.679273,-70.8411583
Max Clapp,Helm,"London, United Kingdom",sailing,2019,51.5074456,-0.1277653
Eliza Crocker,Helm,"New Rochelle, N.Y.",sailing,2019,40.9115386,-73.7826363
James Paul,Helm,"Darien, Conn.",sailing,2019,41.0787079,-73.4692873
Maya Nguyen,Crew,"New York, N.Y.",sailing,2020,40.7127281,-74.0060152
Christopher Cheng,Crew,"Avon, Conn.",sailing,2020,41.8098209,-72.8306541
Ryan Goldstein,Helm,"Weston, Mass.",sailing,2020,42.3667625,-71.3031132
Boyd Bragg,Helm,"Irvington, Va.",sailing,2020,37.6615287,-76.4191161
Max Clapp,Helm,"London, United Kingdom",sailing,2020,51.5074456,-0.1277653
Josh Cherner,Crew,"Washington, D.C.",sailing,2020,38.8950982,-77.0363849
James Paul,Helm,"Darien, Conn.",sailing,2020,41.0787079,-73.4692873
Christopher Long,Crew,"Parker, Colo.",sailing,2020,39.5184514,-104.7612638
Nick Hurley,Helm,"New York, N.Y.",sailing,2020,40.7127281,-74.0060152
Rob Mailley,Helm/Crew,"Washington, D.C.",sailing,2020,38.8950982,-77.0363849
Yumi Yoshiyasu,Crew,"Houston, Texas",sailing,2020,29.7589382,-95.3676974
Cole Harris,Helm,"Rancho Santa Fe, Calif.",sailing,2020,33.0242314,-117.1979781
Mike Hanrahan,Helm,"Caledon, Ontario",sailing,2020,43.8320698,-79.9066871
Drew Clutterbuck,Crew,"Grosse Pointe, Mich.",sailing,2020,42.3861485,-82.9118591
Payton Thompson,Helm,"Newport Beach, Calif.",sailing,2020,33.6170092,-117.9294401
Elise Donovan,Crew,"Arlington, Mass.",sailing,2020,42.4153739,-71.1564428
Martha Rand,Helm,"Ipswich, Mass.",sailing,2020,42.679273,-70.8411583
Annika Rogers,Crew,"Islesboro, Maine",sailing,2020,44.2892934,-68.9081685
Kasey Rhee,Crew,"Seoul, South Korea",sailing,2020,37.5666791,126.9782914
Caroline Oyster,Crew,"Honolulu, Hawaii",sailing,2020,21.304547,-157.855676
Maddie Sharp,Crew,"Key Biscayne, Fla.",sailing,2020,25.6968351,-80.1635261
Kathryn Hall,Helm,"Haverford, Pa.",sailing,2020,40.0129191,-75.2966948
Taylor Eastman,Helm,"Barnstable, Mass.",sailing,2020,41.7016936,-70.3036163
Maddie Hawkins,Skipper,"Edgewater, Md.",sailing,2020,38.9358105,-76.5530141
Eliza Crocker,Helm,"New Rochelle, N.Y.",sailing,2020,40.9115386,-73.7826363
Eloise Burn,Crew,"Short HIlls, N.J.",sailing,2020,40.7381585,-74.3377392
Emma Barska,Crew,"Hobe Sound, Fla.",sailing,2020,27.080492,-80.139918
Lynne Li,Crew,"Leawood, Kan.",sailing,2020,38.966673,-94.6169012
Carlota Hopkins Guerra,Crew,"Las Palmas De Gran Canaria, Spain",sailing,2020,28.1288694,-15.4349015
Aisling Sullivan,Crew,"Chicago, Ill.",sailing,2020,41.8755616,-87.6244212
Zoe Chen,Crew,"Lynnfield, Mass.",sailing,2020,42.5389836,-71.0481084
Griffin Lapham,Helm,"New York, N.Y.",sailing,2021,40.7127281,-74.0060152
Maddie Sharp,Crew,"Key Biscayne, Fla.",sailing,2021,25.6968351,-80.1635261
Oliver Hurwitz,Helm,"New York, N.Y.",sailing,2021,40.7127281,-74.0060152
Emma Barska,Crew,"Hobe Sound, Fla.",sailing,2021,27.080492,-80.139918
Ryan Goldstein,Helm/Crew,"Weston, Mass.",sailing,2021,42.3667625,-71.3031132
Aisling Sullivan,Crew,"Chicago, Ill.",sailing,2021,41.8755616,-87.6244212
Christopher Long,Helm/Crew,"Parker, Colo.",sailing,2021,39.5184514,-104.7612638
Rob Mailley,Helm/Crew,"Washington, D.C.",sailing,2021,38.8950982,-77.0363849
Elise Donovan,Crew,"Arlington, Mass.",sailing,2021,42.4153739,-71.1564428
Will Michels,Helm,"Riverside, Conn.",sailing,2021,41.0314897,-73.5833604
Mike Hanrahan,Helm,"Caledon, Ontario",sailing,2021,43.8320698,-79.9066871
James Paul,Helm,"Darien, Conn.",sailing,2021,41.0787079,-73.4692873
Connor Vogel,Helm,"Lutherville, Md.",sailing,2021,39.42363,-76.6209151
Eliza Crocker,Crew,"New Rochelle, N.Y.",sailing,2021,40.9115386,-73.7826363
Dagny Scannell,,"Alexandria, Va.",sailing,2021,38.8051095,-77.0470229
Eloise Burn,Crew,"Short HIlls, N.J.",sailing,2021,40.7381585,-74.3377392
Yumi Yoshiyasu,Crew,"Houston, Texas",sailing,2021,29.7589382,-95.3676974
Boyd Bragg,Helm,"Irvington, Va.",sailing,2021,37.6615287,-76.4191161
Martha Rand,Helm,"Ipswich, Mass.",sailing,2021,42.679273,-70.8411583
Caroline Oyster,Crew,"Honolulu, Hawaii",sailing,2021,21.304547,-157.855676
Maddie Hawkins,Helm,"Edgewater, Md.",sailing,2021,38.9358105,-76.5530141
Faye Benjamin,Crew,"Bronxville, N.Y.",sailing,2021,40.9381544,-73.8320784
Annika Rogers,Crew,"Islesboro, Maine",sailing,2021,44.2892934,-68.9081685
Reese Bragg,Crew,"Irvington, Va.",sailing,2021,37.6615287,-76.4191161
Madeleine Regulla,Crew,"London, England",sailing,2021,51.5074456,-0.1277653
Maya Nguyen,Crew,"New York, N.Y.",sailing,2021,40.7127281,-74.0060152
Drew Clutterbuck,Crew,"Grosse Pointe, Mich.",sailing,2021,42.3861485,-82.9118591
Lynne Li,Crew,"Leawood, Kan.",sailing,2021,38.966673,-94.6169012
Sarah Young,Helm,"Tiburon, Calif.",sailing,2021,37.8775332,-122.460808
Nick Hurley,Helm,"New York, N.Y.",sailing,2021,40.7127281,-74.0060152
Gray Hemans,Helm,"Costa Mesa, Calif.",sailing,2021,33.6633386,-117.903317
Alexandra Pierce,,"Prairie Village, Kan.",sailing,2021,38.9914109,-94.6332768
Taylor Eastman,Helm,"Barnstable, Mass.",sailing,2021,41.7016936,-70.3036163
Carlota Hopkins Guerra,Crew,"Las Palmas De Gran Canaria, Spain",sailing,2021,28.1288694,-15.4349015
Yumi Yoshiyasu,Crew,"Houston, Texas",sailing,2022,29.7589382,-95.3676974
Sudi Zhao,Crew,"Lexington, Mass.",sailing,2022,42.4473175,-71.2245003
Boyd Bragg,Helm,"Irvington, Va.",sailing,2022,37.6615287,-76.4191161
Drew Clutterbuck,Crew,"Grosse Pointe, Mich.",sailing,2022,42.3861485,-82.9118591
Caleb Cogan,,"New York, N.Y.",sailing,2022,40.7127281,-74.0060152
Ryan Goldstein,Helm/Crew,"Weston, Mass.",sailing,2022,42.3667625,-71.3031132
Will Michels,Helm,"Riverside, Conn.",sailing,2022,41.0314897,-73.5833604
Nick Hurley,Helm,"New York, N.Y.",sailing,2022,40.7127281,-74.0060152
Griffin Lapham,Helm,"New York, N.Y.",sailing,2022,40.7127281,-74.0060152
Oliver Hurwitz,Helm,"New York, N.Y.",sailing,2022,40.7127281,-74.0060152
Reese Bragg,Crew,"Irvington, Va.",sailing,2022,37.6615287,-76.4191161
Dagny Scannell,Crew,"Alexandria, Va.",sailing,2022,38.8051095,-77.0470229
Christopher Long,Helm/Crew,"Parker, Colo.",sailing,2022,39.5184514,-104.7612638
Rob Mailley,Helm/Crew,"Washington, D.C.",sailing,2022,38.8950982,-77.0363849
James Paul,Helm,"Darien, Conn.",sailing,2022,41.0787079,-73.4692873
Sarah Young,Helm,"Tiburon, Calif.",sailing,2022,37.8775332,-122.460808
Maddie Hawkins,Helm,"Edgewater, Md.",sailing,2022,38.9358105,-76.5530141
Casey Bertocchi,Crew,"Wilmette, Ill.",sailing,2022,42.076066,-87.7115555
Caroline Oyster,Crew,"Honolulu, Hawaii",sailing,2022,21.304547,-157.855676
Bella Casaretto,Helm,"Fort Lauderdale, Fl.",sailing,2022,26.1223084,-80.1433786
Catherine Chu,Crew,"Palo Alto, CA",sailing,2022,37.4443293,-122.1598465
Eliza Crocker,Crew,"New Rochelle, N.Y.",sailing,2022,40.9115386,-73.7826363
Alexandra Pierce,Crew,"Prairie Village, Kan.",sailing,2022,38.9914109,-94.6332768
Madeleine Regulla,Crew,"London, England",sailing,2022,51.5074456,-0.1277653
Taylor Eastman,Helm,"Barnstable, Mass.",sailing,2022,41.7016936,-70.3036163
Gray Hemans,Helm,"Costa Mesa, Calif.",sailing,2022,33.6633386,-117.903317
Maddie Hughes,Crew,"Miami, Fl.",sailing,2022,25.7741566,-80.1935973
Elise Donovan,Crew,"Arlington, Mass.",sailing,2022,42.4153739,-71.1564428
Faye Benjamin,Crew,"Bronxville, N.Y.",sailing,2022,40.9381544,-73.8320784
Mike Hanrahan,Helm,"Caledon, Ontario",sailing,2022,43.8320698,-79.9066871
Connor Vogel,Helm,"Lutherville, Md.",sailing,2022,39.42363,-76.6209151
Madeline Koelbel,Crew/Helm,"Duxbury, Mass.",sailing,2022,42.0417695,-70.672259
Phoebe Lee,Crew,"Edgewood, R.I.",sailing,2022,41.7814895,-71.3975555
Maya Nguyen,Crew,"New York, N.Y.",sailing,2022,40.7127281,-74.0060152
Aisling Sullivan,Crew,"Chicago, Ill.",sailing,2022,41.8755616,-87.6244212
Lilly Baker,Crew,"Annapolis, Md.",sailing,2023,38.9786401,-76.492786
Maddie Hawkins,Helm,"Edgewater, Md.",sailing,2023,38.9358105,-76.5530141
James Paul,Helm,"Darien, Conn.",sailing,2023,41.0787079,-73.4692873
Phoebe Lee,Crew,"Edgewood, R.I.",sailing,2023,41.7814895,-71.3975555
Rob Mailley,Helm/Crew,"Washington, D.C.",sailing,2023,38.8950982,-77.0363849
Faye Benjamin,Crew,"Bronxville, N.Y.",sailing,2023,40.9381544,-73.8320784
Caleigh Wiggin,Crew,"Richmond, Va.",sailing,2023,37.5385087,-77.43428
Mike Hanrahan,Helm,"Caledon, Ontario",sailing,2023,43.8320698,-79.9066871
Dagny Scannell,Crew,"Alexandria, Va.",sailing,2023,38.8051095,-77.0470229
Yumi Yoshiyasu,Crew,"Houston, Texas",sailing,2023,29.7589382,-95.3676974
Benjamin Sheppard,,"Riverside, Conn.",sailing,2023,41.0314897,-73.5833604
Ava Hurwitz,,"New York, N.Y.",sailing,2023,40.7127281,-74.0060152
Oliver Hurwitz,Helm,"New York, N.Y.",sailing,2023,40.7127281,-74.0060152
Reese Bragg,Crew,"Irvington, Va.",sailing,2023,37.6615287,-76.4191161
Madeleine Regulla,Crew,"London, England",sailing,2023,51.5074456,-0.1277653
Will Michels,Helm,"Riverside, Conn.",sailing,2023,41.0314897,-73.5833604
Bella Casaretto,Helm,"Fort Lauderdale, Fl.",sailing,2023,26.1223084,-80.1433786
Boyd Bragg,Helm,"Irvington, Va.",sailing,2023,37.6615287,-76.4191161
Ryan Satterberg,,"Santa Barbara, Calif.",sailing,2023,34.4221319,-119.702667
Vivian Heitkoetter,Crew,"Austin, Texas",sailing,2023,30.2711286,-97.7436995
Alexandra Pierce,Crew,"Prairie Village, Kan.",sailing,2023,38.9914109,-94.6332768
Sophie Menyhart,,"Marstons Mills, Mass.",sailing,2023,41.653384,-70.4132249
Sarah Young,Helm,"Tiburon, Calif.",sailing,2023,37.8775332,-122.460808
Taylor Eastman,Helm,"Barnstable, Mass.",sailing,2023,41.7016936,-70.3036163
Xander Dalke,,"Steamboat Springs, Colo.",sailing,2023,40.4848003,-106.831735
Elise Donovan,Crew,"Arlington, Mass.",sailing,2023,42.4153739,-71.1564428
Madeline Koelbel,Crew/Helm,"Duxbury, Mass.",sailing,2023,42.0417695,-70.672259
Caleb Cogan,,"New York, N.Y.",sailing,2023,40.7127281,-74.0060152
William Eggena,,"Rockport, Maine",sailing,2023,44.1875416,-69.0730466
Sudi Zhao,Crew,"Lexington, Mass.",sailing,2023,42.4473175,-71.2245003
Olivia Drulard,,"Coral Gables, Fla.",sailing,2023,25.7331105,-80.2585107
Gray Hemans,Helm,"Costa Mesa, Calif.",sailing,2023,33.6633386,-117.903317
Oliver Hurwitz,Helm,"New York, N.Y.",sailing,2024,40.7127281,-74.0060152
Chase Decker,Helm,"Newport Beach, Calif.",sailing,2024,33.6170092,-117.9294401
Will Michels,Helm,"Riverside, Conn.",sailing,2024,41.0314897,-73.5833604
Faye Benjamin,Crew,"Bronxville, N.Y.",sailing,2024,40.9381544,-73.8320784
Caleigh Wiggin,Crew,"Richmond, Va.",sailing,2024,37.5385087,-77.43428
Roxy Revel,,"Los Angeles, Calif.",sailing,2024,34.0536909,-118.242766
Sudi Zhao,Crew,"Lexington, Mass.",sailing,2024,42.4473175,-71.2245003
Benjamin Sheppard,Helm,"Riverside, Conn.",sailing,2024,41.0314897,-73.5833604
Sarah Young,Helm,"Tiburon, Calif.",sailing,2024,37.8775332,-122.460808
William Eggena,Helm,"Rockport, Maine",sailing,2024,44.1875416,-69.0730466
Charlotte West,Helm,"Scituate, Mass.",sailing,2024,42.1924492,-70.7261966
Reese Bragg,Crew,"Irvington, Va.",sailing,2024,37.6615287,-76.4191161
Lilly Baker,Crew,"Annapolis, Md.",sailing,2024,38.9786401,-76.492786
Olivia Drulard,Helm/Crew,"Coral Gables, Fla.",sailing,2024,25.7331105,-80.2585107
Ava Hurwitz,Helm,"New York, N.Y.",sailing,2024,40.7127281,-74.0060152
Bella Casaretto,Helm,"Fort Lauderdale, Fl.",sailing,2024,26.1223084,-80.1433786
Phoebe Lee,Crew,"Edgewood, R.I.",sailing,2024,41.7814895,-71.3975555
Vivian Heitkoetter,Crew,"Austin, Texas",sailing,2024,30.2711286,-97.7436995
Alexandra Pierce,Crew,"Prairie Village, Kan.",sailing,2024,38.9914109,-94.6332768
Sophie Menyhart,Crew,"Marstons Mills, Mass.",sailing,2024,41.653384,-70.4132249
Caroline Leicht,Crew,"Mamaroneck, N.Y.",sailing,2024,40.9487314,-73.7331416
Ryan Satterberg,Helm,"Santa Barbara, Calif.",sailing,2024,34.4221319,-119.702667
Madeline Koelbel,Crew/Helm,"Duxbury, Mass.",sailing,2024,42.0417695,-70.672259
Lucia Duffy,Crew,"Chicago, Ill.",sailing,2025,41.8755616,-87.6244212
Bella Casaretto,Helm,"Fort Lauderdale, Fl.",sailing,2025,26.1223084,-80.1433786
Vivian Heitkoetter,Crew,"Austin, Texas",sailing,2025,30.2711286,-97.7436995
Kathryn McGranahan,Crew,"Larchmont, N.Y.",sailing,2025,40.9278769,-73.7517983
Ryan Satterberg,Helm,"Santa Barbara, Calif.",sailing,2025,34.4221319,-119.702667
Ava Hurwitz,Helm,"New York, N.Y.",sailing,2025,40.7127281,-74.0060152
Alders Kulynych-Irvin,Skipper,"Annapolis, Md.",sailing,2025,38.9786401,-76.492786
Finn Cairns,Crew,"Minneapolis, Minn.",sailing,2025,44.9772995,-93.2654692
Abbie Deng,Crew/Helm,"Belmont, Mass.",sailing,2025,42.3959296,-71.1786655
Sudi Zhao,Crew,"Lexington, Mass.",sailing,2025,42.4473175,-71.2245003
Madeline Koelbel,Crew/Helm,"Duxbury, Mass.",sailing,2025,42.0417695,-70.672259
Harry Bryan,Helm/Crew,"Pacific Palisades, Calif.",sailing,2025,34.0480643,-118.5264706
Turner Ryon,Skipper,"Beach Haven, N.J.",sailing,2025,39.5629516,-74.2405522
Phoebe Lee,Crew,"Edgewood, R.I.",sailing,2025,41.7814895,-71.3975555
Charlotte West,Helm,"Scituate, Mass.",sailing,2025,42.1924492,-70.7261966
Olivia Drulard,Helm/Crew,"Coral Gables, Fla.",sailing,2025,25.7331105,-80.2585107
Grace Patterson,Crew,"Middletown, R.I.",sailing,2025,41.5456578,-71.2914388
William Eggena,Helm,"Rockport, Maine",sailing,2025,44.1875416,-69.0730466
Brad Kirkpatrick,Skipper,"Fairfield, Conn.",sailing,2025,41.1412078,-73.2637258
Sophie Menyhart,Crew,"Marstons Mills, Mass.",sailing,2025,41.653384,-70.4132249
Benjamin Sheppard,Helm,"Riverside, Conn.",sailing,2025,41.0314897,-73.5833604
Chase Decker,Helm,"Newport Beach, Calif.",sailing,2025,33.6170092,-117.9294401
Blake Oberbauer,,"Bel Tiburon, Calif.",sailing,2025,37.9013147,-122.4991404
Sage Evans,,"Cape Elizabeth, Maine",sailing,2025,43.5964405,-70.2284765
Lilly Baker,Crew,"Annapolis, Md.",sailing,2025,38.9786401,-76.492786
Finn Cairns,Crew,"Minneapolis, Minn.",sailing,2026,44.9772995,-93.2654692
Sage Sakowicz,Crew,"Lavallette, N.J.",sailing,2026,39.9703958,-74.0687475
Charlotte West,Helm,"Scituate, Mass.",sailing,2026,42.1924492,-70.7261966
Harry Bryan,Helm/Crew,"Pacific Palisades, Calif.",sailing,2026,34.0480643,-118.5264706
Sam de los Reyes,Helm,"Annapolis, Md.",sailing,2026,38.9786401,-76.492786
Turner Ryon,Skipper,"Beach Haven, N.J.",sailing,2026,39.5629516,-74.2405522
William Eggena,Helm,"Rockport, Maine",sailing,2026,44.1875416,-69.0730466
Brad Kirkpatrick,Skipper,"Fairfield, Conn.",sailing,2026,41.1412078,-73.2637258
Ryan Satterberg,Helm,"Santa Barbara, Calif.",sailing,2026,34.4221319,-119.702667
Chase Decker,Helm,"Newport Beach, Calif.",sailing,2026,33.6170092,-117.9294401
Grace Patterson,Crew,"Middletown, R.I.",sailing,2026,41.5456578,-71.2914388
Sophie Menyhart,Crew,"Marstons Mills, Mass.",sailing,2026,41.653384,-70.4132249
Kathryn McGranahan,Crew,"Larchmont, N.Y.",sailing,2026,40.9278769,-73.7517983
Alders Kulynych-Irvin,Skipper,"Annapolis, Md.",sailing,2026,38.9786401,-76.492786
Vivian Heitkoetter,Crew,"Austin, Texas",sailing,2026,30.2711286,-97.7436995
Sage Evans,,"Cape Elizabeth, Maine",sailing,2026,43.5964405,-70.2284765
Lucia Duffy,Crew,"Chicago, Ill.",sailing,2026,41.8755616,-87.6244212
Olivia Drulard,Helm/Crew,"Coral Gables, Fla.",sailing,2026,25.7331105,-80.2585107
Abbie Deng,Crew/Helm,"Belmont, Mass.",sailing,2026,42.3959296,-71.1786655
Anna Connolly,Crew,"Mount Pleasant, S.C.",sailing,2026,32.7927956,-79.8678322
Lilly Baker,Crew,"Annapolis, Md.",sailing,2026,38.9786401,-76.492786
Benjamin Sheppard,Helm,"Riverside, Conn.",sailing,2026,41.0314897,-73.5833604
Blake Oberbauer,,"Bel Tiburon, Calif.",sailing,2026,37.9013147,-122.4991404
Maddie Donovan,XC,"Edwards, Colo.",skiing,2016,39.6245455,-106.6308566
Stephanie Lebby,ALP,"Big Bear Lake, Calif.",skiing,2016,34.2440587,-116.91018
Meg Lane,XC,"Kilchberg, Switzerland",skiing,2016,47.3225316,8.5459483
Nicole Anderson,ALP,"Centennial, Colo.",skiing,2016,39.579155,-104.8769227
Dylan Brooks,ALP,"Mammoth Lakes, Calif.",skiing,2016,37.6432525,-118.9668509
Callan Deline,XC,"Avon, Colo.",skiing,2016,39.6342752,-106.522243
David Domonoske,ALP,"Park City, Utah",skiing,2016,40.6460921,-111.4979963
James Ferri,ALP,"Simsbury, Conn.",skiing,2016,41.8759152,-72.8012211
Gavin McEwen,XC,"Weston, Mass.",skiing,2016,42.3667625,-71.3031132
Brian McLaughlin,ALP,"Topsfield, Mass.",skiing,2016,42.6390841,-70.9507469
Zach Goldberg,XC,"Excelsior, Minn.",skiing,2016,44.9032963,-93.5663455
Brian Francis,ALP,"Menlo Park, Calif.",skiing,2016,37.4519671,-122.177992
William Morowitz,XC,"Ketchum, Idaho",skiing,2016,43.680741,-114.363662
Andrew Nadler,XC,"Chicago, Ill.",skiing,2016,41.8755616,-87.6244212
Tanguy Nef,ALP,"Geneva, Switzerland",skiing,2016,46.2017559,6.1466014
Robert Overing,ALP,"Rothesay, New Brunswick",skiing,2016,45.3886223,-65.9963384
Fabian Stocek,XC,"Jilemnice, Czech Republic",skiing,2016,50.6091761,15.5064747
Aleck Sullivan,ALP,"St. Albans, Vt.",skiing,2016,44.8107911,-73.0833607
Paolo Takagi-Atilano,XC,"Denver, Colo.",skiing,2016,39.7392364,-104.984862
Henry Tomlinson,ALP,"Marion, Mass.",skiing,2016,41.7001043,-70.7628129
Thomas Woolson,ALP,"Warren, Vt.",skiing,2016,44.1139265,-72.8555364
Sam Merrens,XC,"Norwich, Vt.",skiing,2016,43.7136654,-72.3081535
Leah Brams,XC,"Belmont, Mass.",skiing,2016,42.3959296,-71.1786655
Koby Gordon,XC,"Saxtons River, Vt.",skiing,2016,43.1387986,-72.5073793
Libby Gibson,ALP,"Jamaica, Vt.",skiing,2016,43.1001334,-72.7784018
Clay Kirwood,ALP,"Vail, Colo.",skiing,2016,39.6438028,-106.3888231
Prescott McLaughlin,ALP,"Millbrook, N.Y.",skiing,2016,41.7865038,-73.6921867
Luke Brown,XC,"St. Paul, Minn.",skiing,2016,44.9497487,-93.0931028
Moriah Wilson,ALP,"East Burke, Vt.",skiing,2016,44.5891497,-71.9405616
Jessa Fogel,XC,"Bow, N.H.",skiing,2016,43.133061,-71.549149
Abby Drach,XC,"Eden Prairie, Minn.",skiing,2016,44.8546856,-93.470786
Emily Hyde,XC,"Bend, Ore.",skiing,2016,44.0581728,-121.3153096
Lydia Blanchet,XC,"Anchorage, Alaska",skiing,2016,61.2163129,-149.894852
Magnus Bigelow,XC,"Landgrove, Vt.",skiing,2016,43.2597253,-72.8487723
Meg Currie,ALP,"Toronto, Ontario",skiing,2016,43.6534817,-79.3839347
Stephanie Currie,ALP,"Toronto, Ontario",skiing,2016,43.6534817,-79.3839347
Alexa Dlouhy,ALP,"Montreal, Quebec",skiing,2016,45.5031824,-73.5698065
Hannah Melinchuk,ALP,"Edmonton, Alberta",skiing,2016,53.5462055,-113.491241
Kelly Moore,ALP,"Ottawa, Ontario",skiing,2016,45.4208777,-75.6901106
Audrey O'Brien,ALP,"Edwards, Colo.",skiing,2016,39.6245455,-106.6308566
Foreste Peterson,ALP,"Berkeley, Calif.",skiing,2016,37.8708393,-122.272863
Cara Piske,XC,"Steamboat Springs, Colo.",skiing,2016,40.4848003,-106.831735
Allegra Scarpa,ALP,"Udin, Italy",skiing,2016,46.0634632,13.2358377
Zoe Snow,XC,"Weston, Mass.",skiing,2016,42.3667625,-71.3031132
Lauren Jortberg,XC,"Boulder, Colo.",skiing,2016,40.0149856,-105.270545
Ella Hall,XC,"Winthrop, Wash.",skiing,2016,48.4779232,-120.186195
Taryn Hunt-Smith,XC,"Anchorage, Alaska",skiing,2016,61.2163129,-149.894852
Brian Francis,ALP,"Menlo Park, Calif.",skiing,2017,37.4519671,-122.177992
Clay Kirwood,ALP,"Vail, Colo.",skiing,2017,39.6438028,-106.3888231
Kalle Wagner,ALP,"Fresno, Calif.",skiing,2017,36.7394421,-119.78483
Brian McLaughlin,ALP,"Topsfield, Mass.",skiing,2017,42.6390841,-70.9507469
Prescott McLaughlin,ALP,"Millbrook, N.Y.",skiing,2017,41.7865038,-73.6921867
Koby Gordon,XC,"Saxtons River, Vt.",skiing,2017,43.1387986,-72.5073793
Jan Ketterson,XC,"Bloomington, Minn.",skiing,2017,44.8322405,-93.3204872
James Ferri,ALP,"Simsbury, Conn.",skiing,2017,41.8759152,-72.8012211
Walker Bean,XC,"Montpelier, Vt.",skiing,2017,44.2602244,-72.5750364
Gavin McEwen,XC,"Weston, Mass.",skiing,2017,42.3667625,-71.3031132
Nicholas Krause,ALP,"Northboro, Mass.",skiing,2017,42.2691027,-71.7687675
David Domonoske,ALP,"Park City, Utah",skiing,2017,40.6460921,-111.4979963
Fedor Myagkov,ALP,"Springfield, Ore.",skiing,2017,44.0462362,-123.0220289
Tanguy Nef,ALP,"Geneva, Switzerland",skiing,2017,46.2017559,6.1466014
Aleck Sullivan,ALP,"St. Albans, Vt.",skiing,2017,44.8107911,-73.0833607
Paolo Takagi-Atilano,XC,"Denver, Colo.",skiing,2017,39.7392364,-104.984862
Thomas Woolson,ALP,"Warren, Vt.",skiing,2017,44.1139265,-72.8555364
Tyler Lee,XC,"Concord, Mass.",skiing,2017,42.4605189,-71.3488963
Luke Brown,XC,"St. Paul, Minn.",skiing,2017,44.9497487,-93.0931028
Peter Fucigna,ALP,"Hopkinton, Mass.",skiing,2017,42.2288875,-71.5196439
Adam Glueck,XC,"Hanover, N.H.",skiing,2017,43.7023545,-72.2892164
Callan Deline,XC,"Avon, Colo.",skiing,2017,39.6342752,-106.522243
Keene Morawitz,XC,"Ketchum, Idaho",skiing,2017,43.680741,-114.363662
Sofia Shomento,XC,"Bozeman, Mont.",skiing,2017,45.6794293,-111.044047
Meg Currie,ALP,"Toronto, Ontario",skiing,2017,43.6534817,-79.3839347
Zoe Snow,XC,"Weston, Mass.",skiing,2017,42.3667625,-71.3031132
Maddie Donovan,XC,"Edwards, Colo.",skiing,2017,39.6245455,-106.6308566
Emily Hyde,XC,"Bend, Ore.",skiing,2017,44.0581728,-121.3153096
Moriah Wilson,ALP,"East Burke, Vt.",skiing,2017,44.5891497,-71.9405616
Hannah Melinchuk,ALP,"Edmonton, Alberta",skiing,2017,53.5462055,-113.491241
Stephanie Lebby,ALP,"Big Bear Lake, Calif.",skiing,2017,34.2440587,-116.91018
Taryn Hunt-Smith,XC,"Anchorage, Alaska",skiing,2017,61.2163129,-149.894852
Alexa Dlouhy,ALP,"Montreal, Quebec",skiing,2017,45.5031824,-73.5698065
Lydia Blanchet,XC,"Anchorage, Alaska",skiing,2017,61.2163129,-149.894852
Kamran Husain,XC,"Fort Kent, Maine",skiing,2017,47.2559046,-68.5904597
Lauren Jortberg,XC,"Boulder, Colo.",skiing,2017,40.0149856,-105.270545
Ella Hall,XC,"Winthrop, Wash.",skiing,2017,48.4779232,-120.186195
Foreste Peterson,ALP,"Berkeley, Calif.",skiing,2017,37.8708393,-122.272863
Claire Thomas,ALP,"Salt Lake City, Utah",skiing,2017,40.7596198,-111.886797
Mikaela O'Brien,ALP,"Montreal, Quebec",skiing,2017,45.5031824,-73.5698065
Audrey O'Brien,ALP,"Edwards, Colo.",skiing,2017,39.6245455,-106.6308566
Kelly Moore,ALP,"Ottawa, Ontario",skiing,2017,45.4208777,-75.6901106
Katharine Ogden,XC,"Landgrove, Vt.",skiing,2017,43.2597253,-72.8487723
Hannah Utter,ALP,"Waitsfield, Vt.",skiing,2017,44.1926416,-72.822106
Leah Brams,XC,"Belmont, Mass.",skiing,2017,42.3959296,-71.1786655
Stephanie Currie,ALP,"Toronto, Ontario",skiing,2017,43.6534817,-79.3839347
Abby Drach,XC,"Eden Prairie, Minn.",skiing,2017,44.8546856,-93.470786
Mikaela O'Brien,ALP,"Montreal, Quebec",skiing,2018,45.5031824,-73.5698065
Alexa Dlouhy,ALP,"Montreal, Quebec",skiing,2018,45.5031824,-73.5698065
Audrey O'Brien,ALP,"Edwards, Colo.",skiing,2018,39.6245455,-106.6308566
Chelsea Moore,XC,"Aspen, Colo.",skiing,2018,39.1911128,-106.82356
Hannah Melinchuk,ALP,"Edmonton, Alberta",skiing,2018,53.5462055,-113.491241
Tricia Mangan,ALP,"Buffalo, N.Y.",skiing,2018,42.8864163,-78.8781493
Stephanie Lebby,ALP,"Big Bear Lake, Calif.",skiing,2018,34.2440587,-116.91018
Lauren Jortberg,XC,"Boulder, Colo.",skiing,2018,40.0149856,-105.270545
Taryn Hunt-Smith,XC,"Anchorage, Alaska",skiing,2018,61.2163129,-149.894852
Abby Drach,XC,"Eden Prairie, Minn.",skiing,2018,44.8546856,-93.470786
Molly Gellert,XC,"Anchorage, Alaska",skiing,2018,61.2163129,-149.894852
Emily Hyde,XC,"Bend, Ore.",skiing,2018,44.0581728,-121.3153096
Maddie Donovan,XC,"Edwards, Colo.",skiing,2018,39.6245455,-106.6308566
Stephanie Currie,ALP,"Toronto, Ontario",skiing,2018,43.6534817,-79.3839347
Leah Brams,XC,"Belmont, Mass.",skiing,2018,42.3959296,-71.1786655
Lydia Blanchet,XC,"Anchorage, Alaska",skiing,2018,61.2163129,-149.894852
Katharine Ogden,XC,"Landgrove, Vt.",skiing,2018,43.2597253,-72.8487723
Ella Hall,XC,"Winthrop, Wash.",skiing,2018,48.4779232,-120.186195
Stephanie Profitt,ALP,"Squamish, BC",skiing,2018,49.6980743,-123.155861
Sofia Shomento,XC,"Bozeman, Mont.",skiing,2018,45.6794293,-111.044047
Oliver Snow,XC,"Weston, Mass.",skiing,2018,42.3667625,-71.3031132
Rena Schwartz,XC,"Middlesex, Vt.",skiing,2018,44.2920544,-72.6780549
Kipling Weisel,ALP,"San Francisco, Calif.",skiing,2018,37.7879363,-122.4075201
Ellie Curtis,ALP,"Waitsfield, Vt.",skiing,2018,44.1926416,-72.822106
Kalle Wagner,ALP,"Fresno, Calif.",skiing,2018,36.7394421,-119.78483
Devon Toribio,ALP,"Mercer Island, Washington",skiing,2018,47.5766324,-122.2276378
Moriah Wilson,ALP,"East Burke, Vt.",skiing,2018,44.5891497,-71.9405616
Paolo Takagi-Atilano,XC,"Denver, Colo.",skiing,2018,39.7392364,-104.984862
Tanguy Nef,ALP,"Geneva, Switzerland",skiing,2018,46.2017559,6.1466014
Fedor Myagkov,ALP,"Springfield, Ore.",skiing,2018,44.0462362,-123.0220289
Keene Morawitz,XC,"Ketchum, Idaho",skiing,2018,43.680741,-114.363662
Andrew Miller,ALP,"Park City, Utah",skiing,2018,40.6460921,-111.4979963
Tyler Lee,XC,"Concord, Mass.",skiing,2018,42.4605189,-71.3488963
Jimmy Krupka,ALP,"Waitsfield, Vt.",skiing,2018,44.1926416,-72.822106
Clay Kirwood,ALP,"Vail, Colo.",skiing,2018,39.6438028,-106.3888231
Gavin McEwen,XC,"Weston, Mass.",skiing,2018,42.3667625,-71.3031132
Claire Thomas,ALP,"Salt Lake City, Utah",skiing,2018,40.7596198,-111.886797
Hannah Utter,ALP,"Waitsfield, Vt.",skiing,2018,44.1926416,-72.822106
Koby Gordon,XC,"Saxtons River, Vt.",skiing,2018,43.1387986,-72.5073793
Callie Young,XC,"Jay, Vt.",skiing,2018,44.9481252,-72.4381452
Canyon Tobin,XC,"Anchorage, Alaska",skiing,2018,61.2163129,-149.894852
Walker Bean,XC,"Montpelier, Vt.",skiing,2018,44.2602244,-72.5750364
Kamran Husain,XC,"Fort Kent, Maine",skiing,2018,47.2559046,-68.5904597
David Domonoske,ALP,"Park City, Utah",skiing,2018,40.6460921,-111.4979963
Callan Deline,XC,"Avon, Colo.",skiing,2018,39.6342752,-106.522243
James Ferri,ALP,"Simsbury, Conn.",skiing,2018,41.8759152,-72.8012211
Brian Francis,ALP,"Menlo Park, Calif.",skiing,2018,37.4519671,-122.177992
Peter Fucigna,ALP,"Hopkinton, Mass.",skiing,2018,42.2288875,-71.5196439
Adam Glueck,XC,"Hanover, N.H.",skiing,2018,43.7023545,-72.2892164
Luc Golin,XC,"Hamel, Minn.",skiing,2018,45.0409201,-93.5252362
Drew Duffy,ALP,"Warren, Vt.",skiing,2018,44.1139265,-72.8555364
Walker Bean,XC,"Montpelier, Vt.",skiing,2019,44.2602244,-72.5750364
Kipling Weisel,ALP,"San Francisco, Calif.",skiing,2019,37.7879363,-122.4075201
Luc Golin,XC,"Hamel, Minn.",skiing,2019,45.0409201,-93.5252362
Oliver Snow,XC,"Weston, Mass.",skiing,2019,42.3667625,-71.3031132
Kamran Husain,XC,"Fort Kent, Maine",skiing,2019,47.2559046,-68.5904597
Peter Fucigna,ALP,"Hopkinton, Mass.",skiing,2019,42.2288875,-71.5196439
Callie Young,XC,"Jay, Vt.",skiing,2019,44.9481252,-72.4381452
AJ Ginnis,ALP,"Vouliagmeni, Greece",skiing,2019,37.8139557,23.7821394
Gwen Wattenmaker,ALP,"Olympic Valley, Calif.",skiing,2019,39.1984156,-120.2298597
Hunter Brayton,ALP,"Waterville Valley, N.H.",skiing,2019,43.9496312,-71.5056972
Kalle Wagner,ALP,"Fresno, Calif.",skiing,2019,36.7394421,-119.78483
Cameron Wolfe,XC,"Vail, Colo.",skiing,2019,39.6438028,-106.3888231
Bri Trudeau,ALP,"East Burke, Vt.",skiing,2019,44.5891497,-71.9405616
Claire Thomas,ALP,"Salt Lake City, Utah",skiing,2019,40.7596198,-111.886797
Adam Glueck,XC,"Hanover, N.H.",skiing,2019,43.7023545,-72.2892164
Stephanie Lebby,ALP,"Big Bear Lake, Calif.",skiing,2019,34.2440587,-116.91018
James Ferri,ALP,"Simsbury, Conn.",skiing,2019,41.8759152,-72.8012211
Rena Schwartz,XC,"Middlesex, Vt.",skiing,2019,44.2920544,-72.6780549
Devon Toribio,ALP,"Mercer Island, Washington",skiing,2019,47.5766324,-122.2276378
Drew Duffy,ALP,"Warren, Vt.",skiing,2019,44.1139265,-72.8555364
David Domonoske,ALP,"Park City, Utah",skiing,2019,40.6460921,-111.4979963
Stephanie Profitt,ALP,"Squamish, BC",skiing,2019,49.6980743,-123.155861
Hannah Utter,ALP,"Waitsfield, Vt.",skiing,2019,44.1926416,-72.822106
Henrik Thorsby,ALP,"Oslo, Norway",skiing,2019,59.9133301,10.7389701
Sofia Shomento,XC,"Bozeman, Mont.",skiing,2019,45.6794293,-111.044047
Stephanie Currie,ALP,"Toronto, Ontario",skiing,2019,43.6534817,-79.3839347
Andrew Miller,ALP,"Park City, Utah",skiing,2019,40.6460921,-111.4979963
Lauren Jortberg,XC,"Boulder, Colo.",skiing,2019,40.0149856,-105.270545
Abby Drach,XC,"Eden Prairie, Minn.",skiing,2019,44.8546856,-93.470786
Mara McCollor,XC,"Plymouth, Minn.",skiing,2019,45.0065149,-93.46651
Molly Gellert,XC,"Anchorage, Alaska",skiing,2019,61.2163129,-149.894852
Mikaela O'Brien,ALP,"Montreal, Quebec",skiing,2019,45.5031824,-73.5698065
Anna Lehmann,XC,"Bondville, Vt.",skiing,2019,43.1444127,-72.8783775
Leah Brams,XC,"Belmont, Mass.",skiing,2019,42.3959296,-71.1786655
Chelsea Moore,XC,"Aspen, Colo.",skiing,2019,39.1911128,-106.82356
Tricia Mangan,ALP,"Buffalo, N.Y.",skiing,2019,42.8864163,-78.8781493
Alex Nemeth,XC,"Sartell, Minn.",skiing,2019,45.6216319,-94.2069365
Kellen Kinsella,ALP,"Vail, Colo.",skiing,2019,39.6438028,-106.3888231
Abi Jewett,ALP,"Ripton, Vt.",skiing,2019,43.9738222,-73.0337694
Nick Krause,ALP,"Northboro, Mass.",skiing,2019,42.2691027,-71.7687675
Maddie Donovan,XC,"Edwards, Colo.",skiing,2019,39.6245455,-106.6308566
Tyler Lee,XC,"Concord, Mass.",skiing,2019,42.4605189,-71.3488963
Ellie Curtis,ALP,"Waitsfield, Vt.",skiing,2019,44.1926416,-72.822106
Katharine Ogden,XC,"Landgrove, Vt.",skiing,2019,43.2597253,-72.8487723
Mara McCollor,XC,"Plymouth, Minn.",skiing,2020,45.0065149,-93.46651
Kellen Kinsella,ALP,"Vail, Colo.",skiing,2020,39.6438028,-106.3888231
Peter Fucigna,ALP,"Hopkinton, Mass.",skiing,2020,42.2288875,-71.5196439
Hannah Utter,ALP,"Waitsfield, Vt.",skiing,2020,44.1926416,-72.822106
Luc Golin,XC,"Hamel, Minn.",skiing,2020,45.0409201,-93.5252362
Adam Glueck,XC,"Hanover, N.H.",skiing,2020,43.7023545,-72.2892164
Gwen Wattenmaker,ALP,"Olympic Valley, Calif.",skiing,2020,39.1984156,-120.2298597
Sofia Shomento,XC,"Bozeman, Mont.",skiing,2020,45.6794293,-111.044047
Max Martin,ALP,"Portsmouth, N.H.",skiing,2020,43.0751306,-70.7601826
Alex Nemeth,XC,"Sartell, Minn.",skiing,2020,45.6216319,-94.2069365
Hunter Brayton,ALP,"Waterville Valley, N.H.",skiing,2020,43.9496312,-71.5056972
Claire Thomas,ALP,"Salt Lake City, Utah",skiing,2020,40.7596198,-111.886797
Oliver Snow,XC,"Weston, Mass.",skiing,2020,42.3667625,-71.3031132
Drew Duffy,ALP,"Warren, Vt.",skiing,2020,44.1139265,-72.8555364
Tyler Lee,XC,"Concord, Mass.",skiing,2020,42.4605189,-71.3488963
Walker Bean,XC,"Montpelier, Vt.",skiing,2020,44.2602244,-72.5750364
Olof Hedelin,ALP,"Saltsjobaden, Sweden",skiing,2020,59.2792775,18.3049291
Kamran Husain,XC,"Fort Kent, Maine",skiing,2020,47.2559046,-68.5904597
Lane Myshrall,XC,"Park City, Utah",skiing,2020,40.6460921,-111.4979963
Bri Trudeau,ALP,"East Burke, Vt.",skiing,2020,44.5891497,-71.9405616
Kalle Wagner,ALP,"Fresno, Calif.",skiing,2020,36.7394421,-119.78483
Chelsea Moore,XC,"Aspen, Colo.",skiing,2020,39.1911128,-106.82356
Henrik Thorsby,ALP,"Oslo, Norway",skiing,2020,59.9133301,10.7389701
Maddie Donovan,XC,"Edwards, Colo.",skiing,2020,39.6245455,-106.6308566
Molly Gellert,XC,"Anchorage, Alaska",skiing,2020,61.2163129,-149.894852
Andrew Miller,ALP,"Park City, Utah",skiing,2020,40.6460921,-111.4979963
Abi Jewett,ALP,"Ripton, Vt.",skiing,2020,43.9738222,-73.0337694
Anna Lehmann,XC,"Bondville, Vt.",skiing,2020,43.1444127,-72.8783775
Preston O'Brien,ALP,"Greenwood Village, Colo.",skiing,2020,39.6172101,-104.950814
Leah Brams,XC,"Belmont, Mass.",skiing,2020,42.3959296,-71.1786655
Mikaela O'Brien,ALP,"Montreal, Quebec",skiing,2020,45.5031824,-73.5698065
Olivia Holm,ALP,"Old Greenwich, Conn.",skiing,2020,41.0274237,-73.5646262
Rena Schwartz,XC,"Middlesex, Vt.",skiing,2020,44.2920544,-72.6780549
Stephanie Profitt,ALP,"Squamish, BC",skiing,2020,49.6980743,-123.155861
Callie Young,XC,"Jay, Vt.",skiing,2020,44.9481252,-72.4381452
Garvee Tobin,XC,"Anchorage, Alaska",skiing,2020,61.2163129,-149.894852
Stephanie Lebby,ALP,"Big Bear Lake, Calif.",skiing,2020,34.2440587,-116.91018
Cameron Wolfe,XC,"Vail, Colo.",skiing,2020,39.6438028,-106.3888231
Ellie Curtis,ALP,"Waitsfield, Vt.",skiing,2020,44.1926416,-72.822106
Maggie Druckenmiller,XC,"Fairbanks, Alaska",skiing,2020,64.837845,-147.716675
Henrik Thorsby,ALP,"Oslo, Norway",skiing,2021,59.9133301,10.7389701
Kellen Kinsella,ALP,"Vail, Colo.",skiing,2021,39.6438028,-106.3888231
Aiden Casey,XC,"Craftsbury, Vt.",skiing,2021,44.6361057,-72.3732957
Chelsea Moore,XC,"Aspen, Colo.",skiing,2021,39.1911128,-106.82356
Lane Myshrall,XC,"Park City, Utah",skiing,2021,40.6460921,-111.4979963
Cameron Wolfe,XC,"Vail, Colo.",skiing,2021,39.6438028,-106.3888231
Louis Latulippe,ALP,"Quebec City, Quebec",skiing,2021,46.8137431,-71.2084061
Hunter Brayton,ALP,"Waterville Valley, N.H.",skiing,2021,43.9496312,-71.5056972
Luke Allan,XC,"Ottawa, Ontario",skiing,2021,45.4208777,-75.6901106
Hannah Chipman,XC,"Norwich, Vt.",skiing,2021,43.7136654,-72.3081535
Preston O'Brien,ALP,"Greenwood Village, Colo.",skiing,2021,39.6172101,-104.950814
Peter Fucigna,ALP,"Hopkinton, Mass.",skiing,2021,42.2288875,-71.5196439
Luc Golin,XC,"Hamel, Minn.",skiing,2021,45.0409201,-93.5252362
Kalle Wagner,ALP,"Fresno, Calif.",skiing,2021,36.7394421,-119.78483
Jordan Simon,ALP,"Steamboat Springs, Colo.",skiing,2021,40.4848003,-106.831735
Asa Chalmers,XC,"Landgrove, Vt.",skiing,2021,43.2597253,-72.8487723
Alex Nemeth,XC,"Sartell, Minn.",skiing,2021,45.6216319,-94.2069365
Olof Hedelin,ALP,"Saltsjobaden, Sweden",skiing,2021,59.2792775,18.3049291
Adam Glueck,XC,"Hanover, N.H.",skiing,2021,43.7023545,-72.2892164
Oliver Snow,XC,"Weston, Mass.",skiing,2021,42.3667625,-71.3031132
Mikaela O'Brien,ALP,"Montreal, Quebec",skiing,2021,45.5031824,-73.5698065
Claire Thomas,ALP,"Salt Lake City, Utah",skiing,2021,40.7596198,-111.886797
Bri Trudeau,ALP,"East Burke, Vt.",skiing,2021,44.5891497,-71.9405616
Olivia Holm,ALP,"Old Greenwich, Conn.",skiing,2021,41.0274237,-73.5646262
Anna Lehmann,XC,"Bondville, Vt.",skiing,2021,43.1444127,-72.8783775
Callie Young,XC,"Jay, Vt.",skiing,2021,44.9481252,-72.4381452
Nina Seemann,XC,"Wheelock, Vt.",skiing,2021,44.5877555,-72.0834638
Rena Schwartz,XC,"Middlesex, Vt.",skiing,2021,44.2920544,-72.6780549
Stephanie Profitt,ALP,"Squamish, BC",skiing,2021,49.6980743,-123.155861
Mara McCollor,XC,"Plymouth, Minn.",skiing,2021,45.0065149,-93.46651
Ellie Curtis,ALP,"Waitsfield, Vt.",skiing,2021,44.1926416,-72.822106
Hannah Utter,ALP,"Waitsfield, Vt.",skiing,2021,44.1926416,-72.822106
Max Martin,ALP,"Portsmouth, N.H.",skiing,2021,43.0751306,-70.7601826
Carly Elsinger,ALP,"Richmond, Vt.",skiing,2021,44.4052143,-72.9930745
Jasmine Drolet,XC,"Rossland, British Columbia",skiing,2021,49.0778179,-117.7997859
Maggie Druckenmiller,XC,"Fairbanks, Alaska",skiing,2021,64.837845,-147.716675
Molly Gellert,XC,"Anchorage, Alaska",skiing,2021,61.2163129,-149.894852
Gwen Wattenmaker,ALP,"Olympic Valley, Calif.",skiing,2021,39.1984156,-120.2298597
Garvee Tobin,XC,"Anchorage, Alaska",skiing,2021,61.2163129,-149.894852
Emma Reeder,XC,"Avon, Colo.",skiing,2021,39.6342752,-106.522243
Wally Magill,XC,"Steamboat Springs, Colo.",skiing,2021,40.4848003,-106.831735
Tatum Witter,XC,"Anchorage, Alaska",skiing,2021,61.2163129,-149.894852
Oliver Morgan,ALP,"Hanover, N.H.",skiing,2021,43.7023545,-72.2892164
John Steel Hagenbuch,XC,"Ketchum, Idaho",skiing,2022,43.680741,-114.363662
Preston O'Brien,ALP,"Greenwood Village, Colo.",skiing,2022,39.6172101,-104.950814
Dan Gillis,ALP,"East Burke, Vt.",skiing,2022,44.5891497,-71.9405616
Oliver Morgan,ALP,"Hanover, N.H.",skiing,2022,43.7023545,-72.2892164
Louis Latulippe,ALP,"Quebec City, Quebec",skiing,2022,46.8137431,-71.2084061
Max Martin,ALP,"Portsmouth, N.H.",skiing,2022,43.0751306,-70.7601826
Wally Magill,XC,"Steamboat Springs, Colo.",skiing,2022,40.4848003,-106.831735
Aiden Casey,XC,"Craftsbury, Vt.",skiing,2022,44.6361057,-72.3732957
Asa Chalmers,XC,"Landgrove, Vt.",skiing,2022,43.2597253,-72.8487723
Olof Hedelin,ALP,"Saltsjobaden, Sweden",skiing,2022,59.2792775,18.3049291
Cameron Wolfe,XC,"Vail, Colo.",skiing,2022,39.6438028,-106.3888231
Lane Myshrall,XC,"Park City, Utah",skiing,2022,40.6460921,-111.4979963
Henrik Thorsby,ALP,"Oslo, Norway",skiing,2022,59.9133301,10.7389701
Alex Nemeth,XC,"Sartell, Minn.",skiing,2022,45.6216319,-94.2069365
Cooper Puckett,ALP,"Steamboat Springs, Colo.",skiing,2022,40.4848003,-106.831735
Oscar Zimmer,ALP,"Oslo, Norway",skiing,2022,59.9133301,10.7389701
Jordan Simon,ALP,"Steamboat Springs, Colo.",skiing,2022,40.4848003,-106.831735
Luc Golin,XC,"Hamel, Minn.",skiing,2022,45.0409201,-93.5252362
Kellen Kinsella,ALP,"Vail, Colo.",skiing,2022,39.6438028,-106.3888231
Jack Lange,XC,"Lyme, N.H.",skiing,2022,43.8103534,-72.1551022
Bri Trudeau,ALP,"East Burke, Vt.",skiing,2022,44.5891497,-71.9405616
Emma Resnick,ALP,"Vail, Colo.",skiing,2022,39.6438028,-106.3888231
Alexa Elliff,ALP,"London, England",skiing,2022,51.5074456,-0.1277653
Cooper Camp,XC,"Minneapolis, Minn.",skiing,2022,44.9772995,-93.2654692
Emma Reeder,XC,"Avon, Colo.",skiing,2022,39.6342752,-106.522243
Olivia Holm,ALP,"Old Greenwich, Conn.",skiing,2022,41.0274237,-73.5646262
Jasmine Drolet,XC,"Rossland, British Columbia",skiing,2022,49.0778179,-117.7997859
Hannah Chipman,XC,"Norwich, Vt.",skiing,2022,43.7136654,-72.3081535
Anja Grover,XC,"Hailey, Idaho",skiing,2022,43.519629,-114.315325
Allie Resnick,ALP,"Vail, Colo.",skiing,2022,39.6438028,-106.3888231
Carly Elsinger,ALP,"Richmond, Vt.",skiing,2022,44.4052143,-72.9930745
Hunter Brayton,ALP,"Waterville Valley, N.H.",skiing,2022,43.9496312,-71.5056972
Sammi Trudeau,ALP,"East Burke, Vt.",skiing,2022,44.5891497,-71.9405616
Tatum Witter,XC,"Anchorage, Alaska",skiing,2022,61.2163129,-149.894852
Ava Thurston,XC,"Waterbury, Vt.",skiing,2022,44.3379214,-72.7563801
Gwen Wattenmaker,ALP,"Olympic Valley, Calif.",skiing,2022,39.1984156,-120.2298597
Garvee Tobin,XC,"Anchorage, Alaska",skiing,2022,61.2163129,-149.894852
Luke Allan,XC,"Ottawa, Ontario",skiing,2022,45.4208777,-75.6901106
Nina Seemann,XC,"Wheelock, Vt.",skiing,2022,44.5877555,-72.0834638
Grace Zanni,XC,"Steamboat Springs, Colo.",skiing,2022,40.4848003,-106.831735
Riley Grosdidier,ALP,"Wenatchee, Wash.",skiing,2022,47.4234599,-120.310349
Emma Reynolds,ALP,"Sudbury, Mass.",skiing,2023,42.3834278,-71.4161725
Mary Bocock,ALP,"Salt Lake City, Utah",skiing,2023,40.7596198,-111.886797
Olivia Holm,ALP(C),"Old Greenwich, Conn.",skiing,2023,41.0274237,-73.5646262
Sammi Trudeau,ALP,"East Burke, Vt.",skiing,2023,44.5891497,-71.9405616
Emma Reeder,XC(C),"Avon, Colo.",skiing,2023,39.6342752,-106.522243
Evie Walton,XC,"Concord, Mass.",skiing,2023,42.4605189,-71.3488963
Garvee Tobin,XC,"Anchorage, Alaska",skiing,2023,61.2163129,-149.894852
Hannah Chipman,XC,"Norwich, Vt.",skiing,2023,43.7136654,-72.3081535
Emma Resnick,ALP,"Vail, Colo.",skiing,2023,39.6438028,-106.3888231
Nina Seemann,XC,"Wheelock, Vt.",skiing,2023,44.5877555,-72.0834638
Tatum Witter,XC,"Anchorage, Alaska",skiing,2023,61.2163129,-149.894852
Carly Elsinger,ALP,"Richmond, Vt.",skiing,2023,44.4052143,-72.9930745
Izzy Washburn,ALP,"Steamboat Springs, Colo.",skiing,2023,40.4848003,-106.831735
Ava Thurston,XC,"Waterbury, Vt.",skiing,2023,44.3379214,-72.7563801
Grace Zanni,XC,"Steamboat Springs, Colo.",skiing,2023,40.4848003,-106.831735
Anja Grover,XC,"Hailey, Idaho",skiing,2023,43.519629,-114.315325
Amelia Tucker,XC,"Weston, Mass.",skiing,2023,42.3667625,-71.3031132
Gwen Wattenmaker,ALP,"Olympic Valley, Calif.",skiing,2023,39.1984156,-120.2298597
Allie Resnick,ALP,"Vail, Colo.",skiing,2023,39.6438028,-106.3888231
Riley Grosdidier,ALP,"Wenatchee, Wash.",skiing,2023,47.4234599,-120.310349
Jasmine Drolet,XC,"Rossland, British Columbia",skiing,2023,49.0778179,-117.7997859
Adele Horning,XC,"Leadville, Colo.",skiing,2023,39.2508229,-106.2925238
Alexa Elliff,ALP,"London, England",skiing,2023,51.5074456,-0.1277653
Heming Sola,ALP,"Summerland, British Columbia",skiing,2023,49.6,-119.666667
Dustin Hay,XC,"North Vancouver, British Columbia",skiing,2023,49.3206294,-123.0737925
Preston O'Brien,ALP(C),"Greenwood Village, Colo.",skiing,2023,39.6172101,-104.950814
Wally Magill,XC,"Steamboat Springs, Colo.",skiing,2023,40.4848003,-106.831735
Zoe Zimmermann,ALP,"Gilford, N.H.",skiing,2023,43.54805,-71.407013
John Steel Hagenbuch,XC,"Ketchum, Idaho",skiing,2023,43.680741,-114.363662
Aaron Power,XC,"Anchorage, Alaska",skiing,2023,61.2163129,-149.894852
Olof Hedelin,ALP,"Saltsjobaden, Sweden",skiing,2023,59.2792775,18.3049291
Oliver Morgan,ALP,"Hanover, N.H.",skiing,2023,43.7023545,-72.2892164
Oscar Zimmer,ALP,"Oslo, Norway",skiing,2023,59.9133301,10.7389701
Cameron Wolfe,XC(C),"Vail, Colo.",skiing,2023,39.6438028,-106.3888231
Jack Lange,XC,"Lyme, N.H.",skiing,2023,43.8103534,-72.1551022
Louis Latulippe,ALP,"Quebec City, Quebec",skiing,2023,46.8137431,-71.2084061
Cooper Camp,XC,"Minneapolis, Minn.",skiing,2023,44.9772995,-93.2654692
Jordan Simon,ALP,"Steamboat Springs, Colo.",skiing,2023,40.4848003,-106.831735
Aiden Casey,XC,"Craftsbury, Vt.",skiing,2023,44.6361057,-72.3732957
Max Martin,ALP,"Portsmouth, N.H.",skiing,2023,43.0751306,-70.7601826
Benny Brown,ALP,"Park City, Utah",skiing,2023,40.6460921,-111.4979963
Asa Chalmers,XC,"Landgrove, Vt.",skiing,2023,43.2597253,-72.8487723
Luke Allan,XC(C),"Ottawa, Ontario",skiing,2023,45.4208777,-75.6901106
Dan Gillis,ALP,"East Burke, Vt.",skiing,2023,44.5891497,-71.9405616
Lane Myshrall,XC,"Park City, Utah",skiing,2023,40.6460921,-111.4979963
Asa Chalmers,XC,"Landgrove, Vt.",skiing,2024,43.2597253,-72.8487723
Heming Sola,ALP,"Summerland, British Columbia",skiing,2024,49.6,-119.666667
Cooper Camp,XC,"Minneapolis, Minn.",skiing,2024,44.9772995,-93.2654692
John Steel Hagenbuch,XC,"Ketchum, Idaho",skiing,2024,43.680741,-114.363662
Zoe Zimmermann,ALP,"Gilford, N.H.",skiing,2024,43.54805,-71.407013
Dan Gillis,ALP,"East Burke, Vt.",skiing,2024,44.5891497,-71.9405616
Louis Latulippe,ALP,"Quebec City, Quebec",skiing,2024,46.8137431,-71.2084061
Henry Magill,XC,"Steamboat Springs, Colo.",skiing,2024,40.4848003,-106.831735
Benny Brown,ALP,"Park City, Utah",skiing,2024,40.6460921,-111.4979963
Philip Lundquist,ALP,"Saltsjöbaden, Sweden",skiing,2024,59.2792775,18.3049291
Jordan Simon,ALP,"Steamboat Springs, Colo.",skiing,2024,40.4848003,-106.831735
Luke Allan,XC(C),"Ottawa, Ontario",skiing,2024,45.4208777,-75.6901106
Aaron Power,XC,"Anchorage, Alaska",skiing,2024,61.2163129,-149.894852
Oscar Zimmer,ALP,"Oslo, Norway",skiing,2024,59.9133301,10.7389701
Grace Zanni,XC,"Steamboat Springs, Colo.",skiing,2024,40.4848003,-106.831735
Jack Lange,XC,"Lyme, N.H.",skiing,2024,43.8103534,-72.1551022
Dustin Hay,XC,"North Vancouver, British Columbia",skiing,2024,49.3206294,-123.0737925
Oliver Morgan,ALP,"Hanover, N.H.",skiing,2024,43.7023545,-72.2892164
Wally Magill,XC,"Steamboat Springs, Colo.",skiing,2024,40.4848003,-106.831735
Aidan Jacobus,XC,"Bend, Ore.",skiing,2024,44.0581728,-121.3153096
Aiden Casey,XC,"Craftsbury, Vt.",skiing,2024,44.6361057,-72.3732957
Calum Langmuir,ALP,"Nethy Bridge, Scotland",skiing,2024,57.2649841,-3.6575274
Ella Snyder,ALP,"Silverthorne, Colo.",skiing,2024,39.6317896,-106.0752294
Stella Johansson,ALP,"Aspen, Colo.",skiing,2024,39.1911128,-106.82356
Ava Thurston,XC,"Waterbury, Vt.",skiing,2024,44.3379214,-72.7563801
Riley Grosdidier,ALP,"Wenatchee, Wash.",skiing,2024,47.4234599,-120.310349
Virginia Cobb,XC,"Westford, Vt.",skiing,2024,44.6119901,-73.0088889
Izzy Washburn,ALP,"Steamboat Springs, Colo.",skiing,2024,40.4848003,-106.831735
Jasmine Drolet,XC,"Rossland, British Columbia",skiing,2024,49.0778179,-117.7997859
Noémie Longchamps,ALP,"Montreal, Quebec",skiing,2024,45.5031824,-73.5698065
Allie Resnick,ALP,"Vail, Colo.",skiing,2024,39.6438028,-106.3888231
Anja Grover,XC,"Hailey, Idaho",skiing,2024,43.519629,-114.315325
Emma Reeder,XC(C),"Avon, Colo.",skiing,2024,39.6342752,-106.522243
Maeve Ingelfinger,XC,"Whitefish, Mont.",skiing,2024,48.4108018,-114.334624
Tatum Witter,XC,"Anchorage, Alaska",skiing,2024,61.2163129,-149.894852
Alexa Elliff,ALP,"London, England",skiing,2024,51.5074456,-0.1277653
Carly Elsinger,ALP,"Richmond, Vt.",skiing,2024,44.4052143,-72.9930745
Emma Resnick,ALP,"Vail, Colo.",skiing,2024,39.6438028,-106.3888231
Emma Reynolds,ALP,"Sudbury, Mass.",skiing,2024,42.3834278,-71.4161725
Hannah Chipman,XC,"Norwich, Vt.",skiing,2024,43.7136654,-72.3081535
Adele Horning,XC,"Leadville, Colo.",skiing,2024,39.2508229,-106.2925238
Amelia Tucker,XC,"Weston, Mass.",skiing,2024,42.3667625,-71.3031132
Sammi Trudeau,ALP,"East Burke, Vt.",skiing,2024,44.5891497,-71.9405616
Nina Seemann,XC,"Wheelock, Vt.",skiing,2024,44.5877555,-72.0834638
Evie Walton,XC,"Concord, Mass.",skiing,2024,42.4605189,-71.3488963
Zoe Zimmermann,ALP,"Gilford, N.H.",skiing,2025,43.54805,-71.407013
Benny Brown,ALP,"Park City, Utah",skiing,2025,40.6460921,-111.4979963
Micah Bruner,XC,"Londonderry, Vt.",skiing,2025,43.193006,-72.8150391
Cooper Camp,XC,"Minneapolis, Minn.",skiing,2025,44.9772995,-93.2654692
Sammi Trudeau,ALP,"East Burke, Vt.",skiing,2025,44.5891497,-71.9405616
John Steel Hagenbuch,XC,"Ketchum, Idaho",skiing,2025,43.680741,-114.363662
Grace Zanni,XC,"Steamboat Springs, Colo.",skiing,2025,40.4848003,-106.831735
Ella Snyder,ALP,"Silverthorne, Colo.",skiing,2025,39.6317896,-106.0752294
Heming Sola,ALP,"Summerland, British Columbia",skiing,2025,49.6,-119.666667
Ava Schneider,XC,"Middlebury, Vt.",skiing,2025,44.014299,-73.167229
Jack Lange,XC,"Lyme, N.H.",skiing,2025,43.8103534,-72.1551022
Calum Langmuir,ALP,"Nethy Bridge, Scotland",skiing,2025,57.2649841,-3.6575274
Dustin Hay,XC,"North Vancouver, British Columbia",skiing,2025,49.3206294,-123.0737925
Louis de Pourtales,ALP,"Oxford, United Kingdom",skiing,2025,51.7520131,-1.2578499
Noémie Longchamps,ALP,"Montreal, Quebec",skiing,2025,45.5031824,-73.5698065
Evie Walton,XC,"Concord, Mass.",skiing,2025,42.4605189,-71.3488963
Aidan Jacobus,XC,"Bend, Ore.",skiing,2025,44.0581728,-121.3153096
Dan Gillis,ALP,"East Burke, Vt.",skiing,2025,44.5891497,-71.9405616
Amelia Tucker,XC,"Weston, Mass.",skiing,2025,42.3667625,-71.3031132
Emma Reynolds,ALP,"Sudbury, Mass.",skiing,2025,42.3834278,-71.4161725
Henry Magill,XC,"Steamboat Springs, Colo.",skiing,2025,40.4848003,-106.831735
Anja Grover,XC,"Hailey, Idaho",skiing,2025,43.519629,-114.315325
Sawyer Reed,ALP,"Hingham, Mass.",skiing,2025,42.2417669,-70.8897676
Alexa Elliff,ALP,"London, England",skiing,2025,51.5074456,-0.1277653
Carly Elsinger,ALP,"Richmond, Vt.",skiing,2025,44.4052143,-72.9930745
Annie Frohlich,ALP,"Seattle, Wash.",skiing,2025,47.6038321,-122.330062
Riley Grosdidier,ALP,"Wenatchee, Wash.",skiing,2025,47.4234599,-120.310349
Adele Horning,XC,"Leadville, Colo.",skiing,2025,39.2508229,-106.2925238
Maeve Ingelfinger,XC,"Whitefish, Mont.",skiing,2025,48.4108018,-114.334624
Virginia Cobb,XC,"Westford, Vt.",skiing,2025,44.6119901,-73.0088889
Philip Lundquist,ALP,"Saltsjöbaden, Sweden",skiing,2025,59.2792775,18.3049291
Aaron Power,XC,"Anchorage, Alaska",skiing,2025,61.2163129,-149.894852
Caroline Menna,XC,"Leavenworth, Wash.",skiing,2025,47.5969138,-120.661081
Emma Resnick,ALP,"Vail, Colo.",skiing,2025,39.6438028,-106.3888231
Helen Townley,XC,"Minneapolis, Minn.",skiing,2025,44.9772995,-93.2654692
Oscar Zimmer,ALP,"Oslo, Norway",skiing,2025,59.9133301,10.7389701
Tory Hoffman,XC,"Park City, Utah",skiing,2025,40.6460921,-111.4979963
Stella Johansson,ALP,"Aspen, Colo.",skiing,2025,39.1911128,-106.82356
Beatrice May,ALP,"East Burke, Vt.",skiing,2025,44.5891497,-71.9405616
Izzy Washburn,ALP,"Steamboat Springs, Colo.",skiing,2025,40.4848003,-106.831735
Ava Thurston,XC,"Waterbury, Vt.",skiing,2025,44.3379214,-72.7563801
Emma Alter,Cox,"Glencoe, Ill.",mens-rowing,2016,42.1350268,-87.7581188
George Atkins,Rower,"Saxtons River, Vt.",mens-rowing,2016,43.1387986,-72.5073793
William Berkowitz,Rower,"New York, N.Y.",mens-rowing,2016,40.7127281,-74.0060152
Morgan Bronson,Rower,"Bradford, Mass.",mens-rowing,2016,42.7652102,-71.0760878
Oliver Bub,Rower,"Westport, Conn.",mens-rowing,2016,41.1414855,-73.3578955
Brendan Caldwell,Rower,Washington D.C.,mens-rowing,2016,38.8950982,-77.0363849
Charlie Lebens,Rower,"Chesterfield, Mo.",mens-rowing,2016,38.6581764,-90.5680617
Nevin Cunningham,Rower,"Evanston, Ill.",mens-rowing,2016,42.0470043,-87.6846053
Brendan Caltavuturo,Rower,"Ridgewood, N.J.",mens-rowing,2016,40.9796683,-74.1194403
Emma Cooper,Cox,"Sonoma, Calif.",mens-rowing,2016,38.5110803,-122.8473388
Tommy Kiernan,Rower,"Arlington, Va.",mens-rowing,2016,38.8769326,-77.0893094
Austin Heye,Rower,"Belmont, Mass.",mens-rowing,2016,42.3959296,-71.1786655
Kevin He,Cox,"Niantic, Conn.",mens-rowing,2016,41.3211295,-72.193583
Luke Hudspeth,Rower,"Dallas, Texas",mens-rowing,2016,32.7762719,-96.7968559
Spencer Furey,Rower,"Far Hills, N.J.",mens-rowing,2016,40.684268,-74.6357148
Christian Frey,Rower,"Malvern, Pa.",mens-rowing,2016,40.036202,-75.5138959
Liam Davidson,Rower,"Shrewsbury, Mass.",mens-rowing,2016,42.2960187,-71.71351
Wes Gordon,Rower,"New York, N.Y.",mens-rowing,2016,40.7127281,-74.0060152
Trevor Knight,Rower,"Maple Plain, Minn.",mens-rowing,2016,45.0071851,-93.6557945
Joseph Carleo,Rower,"Newton Highlands, Mass.",mens-rowing,2016,42.322587,-71.2052721
Mark Levinson,Rower,"Larkspur, Calif.",mens-rowing,2016,37.9340915,-122.5352539
Jake Rauh,Cox,"Andover, Mass.",mens-rowing,2016,42.65717,-71.1408776
Ryan O'Hanlon,Rower,"Wellesley, Mass.",mens-rowing,2016,42.2964859,-71.2925571
Cameron O'Reilly,Cox,"Cambridge, Mass.",mens-rowing,2016,42.3656347,-71.1040018
Scott Ortlip,Rower,"Charlotte, N.C.",mens-rowing,2016,35.2272086,-80.8430827
Annika Park,Cox,"Singapore, Singapore",mens-rowing,2016,1.2899175,103.8519072
Luka Pejanovic,Rower,"Belgrade, Serbia",mens-rowing,2016,44.8153318,20.4456588
Henry Sanford,Rower,"Amherst, Mass.",mens-rowing,2016,42.3731948,-72.5198761
Jon Scott,Rower,"Detroit, Mich.",mens-rowing,2016,42.3315509,-83.0466403
Avery Salumbides,Cox,"Los Angeles, Calif.",mens-rowing,2016,34.0536909,-118.242766
Albert Mitchell,Rower,"London, United Kingdom",mens-rowing,2016,51.5074456,-0.1277653
Sean White,Rower,"Chicago, Ill.",mens-rowing,2016,41.8755616,-87.6244212
Marc Sevastopoulo,Rower,"New York, N.Y.",mens-rowing,2016,40.7127281,-74.0060152
Andrew Wright,Rower,"Marietta, Ga.",mens-rowing,2016,33.952845,-84.5496054
Ben Wisdom,Rower,"Ridgefield, Conn.",mens-rowing,2016,41.2814842,-73.4981792
Noah Van Dyke,Rower,"North Grosvendorale, Conn.",mens-rowing,2016,41.9856531,-71.8986833
Mitchell Tevis,Rower,"Atherton, Calif.",mens-rowing,2016,37.453773,-122.2058272
Jordan Siegal,Rower,"Media, Pa.",mens-rowing,2016,39.9167783,-75.387693
Morgan Bronson,Rower,"Bradford, Mass.",mens-rowing,2017,42.7652102,-71.0760878
Oliver Bub,Rower,"Westport, Conn.",mens-rowing,2017,41.1414855,-73.3578955
Brendan Caltavuturo,Rower,"Ridgewood, N.J.",mens-rowing,2017,40.9796683,-74.1194403
Emma Alter,Cox,"Glencoe, Ill.",mens-rowing,2017,42.1350268,-87.7581188
Gustav Arvidsson,Rower,"Helsingborg, Sweden",mens-rowing,2017,56.0442098,12.703706
Clayton Kiyonaga,Rower,"Rhoadesville, Va.",mens-rowing,2017,38.27176,-77.9335981
Noah Van Dyke,Rower,"North Grosvendorale, Conn.",mens-rowing,2017,41.9856531,-71.8986833
Luke Hudspeth,Rower,"Dallas, Texas",mens-rowing,2017,32.7762719,-96.7968559
Joseph Carleo,Rower,"Newton Highlands, Mass.",mens-rowing,2017,42.322587,-71.2052721
Caleb Edmundson,Rower,"Greenwich, Conn.",mens-rowing,2017,41.0264862,-73.6284598
Emma Cooper,Cox,"Sonoma, Calif.",mens-rowing,2017,38.5110803,-122.8473388
Wes Gordon,Rower,"New York, N.Y.",mens-rowing,2017,40.7127281,-74.0060152
Seth Chatterton,Rower,"Santa Clara, Calif.",mens-rowing,2017,37.2333253,-121.6846349
Joseph Hajjar,Rower,"Lexington, Mass.",mens-rowing,2017,42.4473175,-71.2245003
Paul Gralla,Rower,"Hamburg, Germany",mens-rowing,2017,53.5501721,10.0013165
Evan Dwinell,Rower,"Tallahassee, Fla.",mens-rowing,2017,30.4380832,-84.2809332
Liam Davidson,Rower,"Shrewsbury, Mass.",mens-rowing,2017,42.2960187,-71.71351
Christian Frey,Rower,"Malvern, Pa.",mens-rowing,2017,40.036202,-75.5138959
Bogdan Belincevic,Rower,Belgrade-Novi Beograd,mens-rowing,2017,44.8133048,20.4183382
George Atkins,Rower,"Saxtons River, Vt.",mens-rowing,2017,43.1387986,-72.5073793
Will Sanford,Rower,"Amherst, Mass.",mens-rowing,2017,42.3731948,-72.5198761
William Berkowitz,Rower,"New York, N.Y.",mens-rowing,2017,40.7127281,-74.0060152
Mark Levinson,Rower,"Larkspur, Calif.",mens-rowing,2017,37.9340915,-122.5352539
Matus Petrovsky,Rower,"Bratislava, Slovakia",mens-rowing,2017,48.1435026,17.1082867
Jake Rauh,Cox,"Andover, Mass.",mens-rowing,2017,42.65717,-71.1408776
Avery Salumbides,Cox,"Los Angeles, Calif.",mens-rowing,2017,34.0536909,-118.242766
Dan Kramer,Rower,"Concord, Mass.",mens-rowing,2017,42.4605189,-71.3488963
Austin Heye,Rower,"Belmont, Mass.",mens-rowing,2017,42.3959296,-71.1786655
Kevin He,Cox,"Niantic, Conn.",mens-rowing,2017,41.3211295,-72.193583
Liam Keane,Rower,"Victoria, British Columbia",mens-rowing,2017,48.4283182,-123.364953
Annika Park,Cox,"Singapore, Singapore",mens-rowing,2017,1.2899175,103.8519072
Henry Sanford,Rower,"Amherst, Mass.",mens-rowing,2017,42.3731948,-72.5198761
Charlie Lebens,Rower,"Chesterfield, Mo.",mens-rowing,2017,38.6581764,-90.5680617
Jon Scott,Rower,"Detroit, Mich.",mens-rowing,2017,42.3315509,-83.0466403
Sean White,Rower,"Chicago, Ill.",mens-rowing,2017,41.8755616,-87.6244212
Christopher Wright,Rower,"Lafayette, Calif.",mens-rowing,2017,37.8857582,-122.1180201
Ben Wisdom,Rower,"Ridgefield, Conn.",mens-rowing,2017,41.2814842,-73.4981792
Albert Mitchell,Rower,"London, United Kingdom",mens-rowing,2017,51.5074456,-0.1277653
Jordan Siegal,Rower,"Media, Pa.",mens-rowing,2017,39.9167783,-75.387693
Marc Sevastopoulo,Rower,"New York, N.Y.",mens-rowing,2017,40.7127281,-74.0060152
Mitchell Tevis,Rower,"Atherton, Calif.",mens-rowing,2017,37.453773,-122.2058272
Harrison Taylor,Rower,"Portsmouth, N.H.",mens-rowing,2017,43.0751306,-70.7601826
Wes Gordon,Rower,"New York, N.Y.",mens-rowing,2018,40.7127281,-74.0060152
George Atkins,Rower,"Saxtons River, Vt.",mens-rowing,2018,43.1387986,-72.5073793
Bogdan Belincevic,Rower,Belgrade-Novi Beograd,mens-rowing,2018,44.8133048,20.4183382
William Berkowitz,Rower,"New York, N.Y.",mens-rowing,2018,40.7127281,-74.0060152
Max Bessler,Rower,"Tacoma, Wash.",mens-rowing,2018,47.2455013,-122.438329
Arihant Chadda,Cox,"Bethesda, Md.",mens-rowing,2018,38.9812726,-77.1233587
Seth Chatterton,Rower,"Santa Clara, Calif.",mens-rowing,2018,37.2333253,-121.6846349
Oliver Bub,Rower,"Westport, Conn.",mens-rowing,2018,41.1414855,-73.3578955
Brendan Caltavuturo,Rower,"Ridgewood, N.J.",mens-rowing,2018,40.9796683,-74.1194403
Joseph Carleo,Rower,"Newton Highlands, Mass.",mens-rowing,2018,42.322587,-71.2052721
Kane Hall,Rower,"Narragansett, R.I.",mens-rowing,2018,41.4325574,-71.4579836
Liam Davidson,Rower,"Shrewsbury, Mass.",mens-rowing,2018,42.2960187,-71.71351
Michael Green,Rower,"Columbia, Md.",mens-rowing,2018,39.1938429,-76.8646092
Gustav Arvidsson,Rower,"Helsingborg, Sweden",mens-rowing,2018,56.0442098,12.703706
Bryce Golbus,Rower,"Hopkins, Minn.",mens-rowing,2018,44.9243986,-93.4114487
Theodore Friedman,Rower,"Springfield, N.J.",mens-rowing,2018,40.7109107,-74.3099398
Paul Gralla,Rower,"Hamburg, Germany",mens-rowing,2018,53.5501721,10.0013165
Elisabeth Fawcett,Cox,"New York, N.Y.",mens-rowing,2018,40.7127281,-74.0060152
Gus Emmett,Rower,"Hawthorn, Australia",mens-rowing,2018,-37.8244246,145.0317207
Emma Cooper,Cox,"Sonoma, Calif.",mens-rowing,2018,38.5110803,-122.8473388
Evan Dwinell,Rower,"Tallahassee, Fla.",mens-rowing,2018,30.4380832,-84.2809332
Christian Franck,Rower,"Philadelphia, Pa.",mens-rowing,2018,39.9527237,-75.1635262
Joseph Hajjar,Rower,"Lexington, Mass.",mens-rowing,2018,42.4473175,-71.2245003
Caleb Edmundson,Rower,"Greenwich, Conn.",mens-rowing,2018,41.0264862,-73.6284598
Cooper Harrison,Rower,"Huntsville, Utah",mens-rowing,2018,41.2610084,-111.7688329
Andrew Wright,Rower,"Atlanta, Ga.",mens-rowing,2018,33.7544657,-84.3898151
Richie Santry,Rower,"Arlington, Va.",mens-rowing,2018,38.8769326,-77.0893094
Liam Keane,Rower,"Victoria, British Columbia",mens-rowing,2018,48.4283182,-123.364953
Clayton Kiyonaga,Rower,"Rhoadesville, Va.",mens-rowing,2018,38.27176,-77.9335981
David Kogan,Rower,"Larkspur, Calif.",mens-rowing,2018,37.9340915,-122.5352539
Dan Kramer,Rower,"Concord, Mass.",mens-rowing,2018,42.4605189,-71.3488963
Albert Mitchell,Rower,"London, United Kingdom",mens-rowing,2018,51.5074456,-0.1277653
Matus Petrovsky,Rower,"Bratislava, Slovakia",mens-rowing,2018,48.1435026,17.1082867
Alexander Lehr,Rower,"Concord, Mass.",mens-rowing,2018,42.4605189,-71.3488963
Mark Levinson,Rower,"Larkspur, Calif.",mens-rowing,2018,37.9340915,-122.5352539
Kevin He,Cox,"Niantic, Conn.",mens-rowing,2018,41.3211295,-72.193583
Sean Mannion,Rower,"Belmont, Mass.",mens-rowing,2018,42.3959296,-71.1786655
Harrison Taylor,Rower,"Portsmouth, N.H.",mens-rowing,2018,43.0751306,-70.7601826
Henry Sanford,Rower,"Amherst, Mass.",mens-rowing,2018,42.3731948,-72.5198761
Avery Salumbides,Cox,"Los Angeles, Calif.",mens-rowing,2018,34.0536909,-118.242766
Daniel Perez,Rower,"Fort Lauderdale, Fla.",mens-rowing,2018,26.1223084,-80.1433786
Sean White,Rower,"Chicago, Ill.",mens-rowing,2018,41.8755616,-87.6244212
Mitchell Tevis,Rower,"Atherton, Calif.",mens-rowing,2018,37.453773,-122.2058272
Isaac Spokes,Rower,"Baltimore, Md.",mens-rowing,2018,39.2908816,-76.610759
Marc Sevastopoulo,Rower,"New York, N.Y.",mens-rowing,2018,40.7127281,-74.0060152
Luke Hudspeth,Rower,"Dallas, Texas",mens-rowing,2018,32.7762719,-96.7968559
Will Sanford,Rower,"Amherst, Mass.",mens-rowing,2018,42.3731948,-72.5198761
Theodore Friedman,Rower,"Springfield, N.J.",mens-rowing,2019,40.7109107,-74.3099398
Bogdan Belincevic,Rower,Belgrade-Novi Beograd,mens-rowing,2019,44.8133048,20.4183382
William Berkowitz,Rower,"New York, N.Y.",mens-rowing,2019,40.7127281,-74.0060152
Max Bessler,Rower,"Tacoma, Wash.",mens-rowing,2019,47.2455013,-122.438329
Maxwell Blum,Rower,"Las Vegas, Nev.",mens-rowing,2019,36.1674263,-115.1484131
Oliver Bub,Rower,"Westport, Conn.",mens-rowing,2019,41.1414855,-73.3578955
Brendan Caltavuturo,Rower,"Ridgewood, N.J.",mens-rowing,2019,40.9796683,-74.1194403
Joseph Carleo,Rower,"Newton Highlands, Mass.",mens-rowing,2019,42.322587,-71.2052721
Max Deering,Rower,"Richmond, UK",mens-rowing,2019,51.4405529,-0.3076394
Jacob Hudgins,Rower,"Andover, Mass.",mens-rowing,2019,42.65717,-71.1408776
Robert Pare,Rower,"Bedford, Mass.",mens-rowing,2019,42.4917301,-71.2817947
Felix Rawlinson,Rower,"Moreton-in-Marsh, UK",mens-rowing,2019,51.9906413,-1.7023018
Paul Gralla,Rower,"Hamburg, Germany",mens-rowing,2019,53.5501721,10.0013165
David Edington,Rower,"Portland, Ore.",mens-rowing,2019,45.5202471,-122.674194
Kane Hall,Rower,"Narragansett, R.I.",mens-rowing,2019,41.4325574,-71.4579836
Evan Dwinell,Rower,"Tallahassee, Fla.",mens-rowing,2019,30.4380832,-84.2809332
Joseph Hajjar,Rower,"Lexington, Mass.",mens-rowing,2019,42.4473175,-71.2245003
Wes Gordon,Rower,"New York, N.Y.",mens-rowing,2019,40.7127281,-74.0060152
Michael Green,Rower,"Columbia, Md.",mens-rowing,2019,39.1938429,-76.8646092
Elisabeth Fawcett,Cox,"New York, N.Y.",mens-rowing,2019,40.7127281,-74.0060152
Christian Franck,Rower,"Philadelphia, Pa.",mens-rowing,2019,39.9527237,-75.1635262
Gus Emmett,Rower,"Hawthorn, Australia",mens-rowing,2019,-37.8244246,145.0317207
Gustav Arvidsson,Rower,"Helsingborg, Sweden",mens-rowing,2019,56.0442098,12.703706
Bryce Golbus,Rower,"Hopkins, Minn.",mens-rowing,2019,44.9243986,-93.4114487
Caleb Edmundson,Rower,"Greenwich, Conn.",mens-rowing,2019,41.0264862,-73.6284598
Cooper Harrison,Rower,"Huntsville, Utah",mens-rowing,2019,41.2610084,-111.7688329
Reagan Readinger,Cox,"London, England",mens-rowing,2019,51.5074456,-0.1277653
Liam Keane,Rower,"Victoria, British Columbia",mens-rowing,2019,48.4283182,-123.364953
Isaac Spokes,Rower,"Baltimore, Md.",mens-rowing,2019,39.2908816,-76.610759
David Kogan,Rower,"Larkspur, Calif.",mens-rowing,2019,37.9340915,-122.5352539
Dan Kramer,Rower,"Concord, Mass.",mens-rowing,2019,42.4605189,-71.3488963
Oscar Lee,Rower,"Roswell, Ga.",mens-rowing,2019,34.02332,-84.360022
Alexander Lehr,Rower,"Concord, Mass.",mens-rowing,2019,42.4605189,-71.3488963
Mark Levinson,Rower,"Larkspur, Calif.",mens-rowing,2019,37.9340915,-122.5352539
Henry Lowe,Rower,"Pacific Palisades, Calif.",mens-rowing,2019,34.0480643,-118.5264706
Sean Mannion,Rower,"Belmont, Mass.",mens-rowing,2019,42.3959296,-71.1786655
Nico Salazar,Rower,"Ridgefield, Conn.",mens-rowing,2019,41.2814842,-73.4981792
Arihant Chadda,Cox,"Bethesda, Md.",mens-rowing,2019,38.9812726,-77.1233587
Emma Cooper,Cox,"Sonoma, Calif.",mens-rowing,2019,38.5110803,-122.8473388
Liam Davidson,Rower,"Shrewsbury, Mass.",mens-rowing,2019,42.2960187,-71.71351
Richie Santry,Rower,"Arlington, Va.",mens-rowing,2019,38.8769326,-77.0893094
Will Sanford,Rower,"Amherst, Mass.",mens-rowing,2019,42.3731948,-72.5198761
Avery Salumbides,Cox,"Los Angeles, Calif.",mens-rowing,2019,34.0536909,-118.242766
Clayton Kiyonaga,Rower,"Rhoadesville, Va.",mens-rowing,2019,38.27176,-77.9335981
Harrison Taylor,Rower,"Portsmouth, N.H.",mens-rowing,2019,43.0751306,-70.7601826
Amy Zaretsky,Cox,"Brooklyn, N.Y.",mens-rowing,2019,40.6526006,-73.9497211
William Schultz,Rower,"Evanston, Ill.",mens-rowing,2019,42.0470043,-87.6846053
Marc Sevastopoulo,Rower,"New York, N.Y.",mens-rowing,2019,40.7127281,-74.0060152
Christian Sauer,Rower,"Delmar, N.Y.",mens-rowing,2019,42.6251239,-73.8381351
Alex Robertson,Rower,"Center Ossipee, N.H.",mens-rowing,2019,43.7550527,-71.1528506
Ben Wisdom,Rower,"Ridgefield, Conn.",mens-rowing,2019,41.2814842,-73.4981792
Max Deering,Rower,"Richmond, UK",mens-rowing,2020,51.4405529,-0.3076394
Jessna Brar,Cox,"Chandigarh, India",mens-rowing,2020,30.7334421,76.7797143
Gabe Kotsonis,Rower,"Newton, Mass.",mens-rowing,2020,42.3300435,-71.194862
David Edington,Rower,"Portland, Ore.",mens-rowing,2020,45.5202471,-122.674194
Bogdan Belincevic,Rower,Belgrade-Novi Beograd,mens-rowing,2020,44.8133048,20.4183382
Arihant Chadda,Cox,"Bethesda, Md.",mens-rowing,2020,38.9812726,-77.1233587
William Bender,Rower,"Norwich, Vt.",mens-rowing,2020,43.7136654,-72.3081535
Evan Dwinell,Rower,"Tallahassee, Fla.",mens-rowing,2020,30.4380832,-84.2809332
Ryan Boyle,Rower,"Dallas, Texas",mens-rowing,2020,32.7762719,-96.7968559
Gus Emmett,Rower,"Hawthorn, Australia",mens-rowing,2020,-37.8244246,145.0317207
Caleb Edmundson,Rower,"Greenwich, Conn.",mens-rowing,2020,41.0264862,-73.6284598
Dan Kramer,Rower,"Concord, Mass.",mens-rowing,2020,42.4605189,-71.3488963
Paul Gralla,Rower,"Hamburg, Germany",mens-rowing,2020,53.5501721,10.0013165
Max Bessler,Rower,"Tacoma, Wash.",mens-rowing,2020,47.2455013,-122.438329
Carsten Carey,Rower,"Sunderland, Mass.",mens-rowing,2020,42.4636924,-72.5805642
Teddy Danziger,Rower,"Lincoln, Mass.",mens-rowing,2020,42.4259283,-71.3039469
Gustav Arvidsson,Rower,"Helsingborg, Sweden",mens-rowing,2020,56.0442098,12.703706
Clayton Kiyonaga,Rower,"Rhoadesville, Va.",mens-rowing,2020,38.27176,-77.9335981
Joseph Hajjar,Rower,"Lexington, Mass.",mens-rowing,2020,42.4473175,-71.2245003
Liam Keane,Rower,"Victoria, British Columbia",mens-rowing,2020,48.4283182,-123.364953
Miller Hawkesby,Rower,"Auckland, New Zealand",mens-rowing,2020,-36.852095,174.7631803
Cooper Harrison,Rower,"Huntsville, Utah",mens-rowing,2020,41.2610084,-111.7688329
Christian Franck,Rower,"Philadelphia, Pa.",mens-rowing,2020,39.9527237,-75.1635262
Colin Glew,Rower,"Wilmette, Ill.",mens-rowing,2020,42.076066,-87.7115555
Harry Grigorian,Rower,"Bethesda, Md.",mens-rowing,2020,38.9812726,-77.1233587
Michael Green,Rower,"Columbia, Md.",mens-rowing,2020,39.1938429,-76.8646092
Maxwell Blum,Rower,"Las Vegas, Nev.",mens-rowing,2020,36.1674263,-115.1484131
Kane Hall,Rower,"Narragansett, R.I.",mens-rowing,2020,41.4325574,-71.4579836
David Kogan,Rower,"Larkspur, Calif.",mens-rowing,2020,37.9340915,-122.5352539
Bryce Golbus,Rower,"Hopkins, Minn.",mens-rowing,2020,44.9243986,-93.4114487
Jacob Hudgins,Rower,"Andover, Mass.",mens-rowing,2020,42.65717,-71.1408776
Wes Gordon,Rower,"New York, N.Y.",mens-rowing,2020,40.7127281,-74.0060152
Will Kalikman,Rower,"San Francisco, Calif.",mens-rowing,2020,37.7879363,-122.4075201
Ben Wisdom,Rower,"Ridgefield, Conn.",mens-rowing,2020,41.2814842,-73.4981792
Andre Quintiliani,Rower,"West Chester, Pa.",mens-rowing,2020,39.9597389,-75.6044609
William Schultz,Rower,"Evanston, Ill.",mens-rowing,2020,42.0470043,-87.6846053
Oscar Lee,Rower,"Roswell, Ga.",mens-rowing,2020,34.02332,-84.360022
Felix Rawlinson,Rower,"Moreton-in-Marsh, UK",mens-rowing,2020,51.9906413,-1.7023018
Sam Rothschild,Rower,"London, England",mens-rowing,2020,51.5074456,-0.1277653
Theory Millar,Rower,"Topanga, Calif.",mens-rowing,2020,34.0675866,-118.595672
Billy Lockhart,Rower,"Dallas, Texas",mens-rowing,2020,32.7762719,-96.7968559
Ned Rae Smith,Rower,"East Sussex, England",mens-rowing,2020,50.9404266,0.3699978
Sean Mannion,Rower,"Belmont, Mass.",mens-rowing,2020,42.3959296,-71.1786655
Alex Robertson,Rower,"Center Ossipee, N.H.",mens-rowing,2020,43.7550527,-71.1528506
Reagan Readinger,Cox,"London, England",mens-rowing,2020,51.5074456,-0.1277653
Mark Levinson,Rower,"Larkspur, Calif.",mens-rowing,2020,37.9340915,-122.5352539
Anthony Wang,Rower,"Dallas, Texas",mens-rowing,2020,32.7762719,-96.7968559
Sam Lorgen,Rower,"Oslo, Norway",mens-rowing,2020,59.9133301,10.7389701
Adin McAuliffe,Rower,"West Palm Beach, Fla.",mens-rowing,2020,26.715364,-80.0532942
Luke Marshall,Rower,"Buckinghamshire, England",mens-rowing,2020,51.840894,-0.8998074
Alexander Lehr,Rower,"Concord, Mass.",mens-rowing,2020,42.4605189,-71.3488963
Robert Pare,Rower,"Bedford, Mass.",mens-rowing,2020,42.4917301,-71.2817947
Harrison Taylor,Rower,"Portsmouth, N.H.",mens-rowing,2020,43.0751306,-70.7601826
Amy Zaretsky,Cox,"Brooklyn, N.Y.",mens-rowing,2020,40.6526006,-73.9497211
Henry Lowe,Rower,"Pacific Palisades, Calif.",mens-rowing,2020,34.0480643,-118.5264706
Cooper Tuckerman,Rower,"Bozeman, Mont.",mens-rowing,2020,45.6794293,-111.044047
Addison Textor,Rower,"Jupiter, Fla.",mens-rowing,2020,26.9342246,-80.0942087
Will Sanford,Rower,"Amherst, Mass.",mens-rowing,2020,42.3731948,-72.5198761
Chris Stich,Rower,"Old Greenwich, Conn.",mens-rowing,2020,41.0274237,-73.5646262
Isaac Spokes,Rower,"Baltimore, Md.",mens-rowing,2020,39.2908816,-76.610759
Christian Sauer,Rower,"Delmar, N.Y.",mens-rowing,2020,42.6251239,-73.8381351
Jack Taylor,Rower,"Chicago, Ill.",mens-rowing,2020,41.8755616,-87.6244212
Nico Salazar,Rower,"Ridgefield, Conn.",mens-rowing,2020,41.2814842,-73.4981792
Richie Santry,Rower,"Arlington, Va.",mens-rowing,2020,38.8769326,-77.0893094
Stephen Bacas,Rower,"Arlington, Va.",mens-rowing,2021,38.8769326,-77.0893094
Max Bessler,Rower,"Tacoma, Wash.",mens-rowing,2021,47.2455013,-122.438329
Kane Hall,Rower,"Narragansett, R.I.",mens-rowing,2021,41.4325574,-71.4579836
Max Deering,Rower,"Richmond, UK",mens-rowing,2021,51.4405529,-0.3076394
Michael Curry,Rower,"Dallas, Texas",mens-rowing,2021,32.7762719,-96.7968559
Harry Beesley-Gilman,Rower,"Arlington, Va.",mens-rowing,2021,38.8769326,-77.0893094
Jessna Brar,Cox,"Chandigarh, India",mens-rowing,2021,30.7334421,76.7797143
Gustav Arvidsson,Rower,"Helsingborg, Sweden",mens-rowing,2021,56.0442098,12.703706
Evan Dwinell,Rower,"Tallahassee, Fla.",mens-rowing,2021,30.4380832,-84.2809332
Ryan Boyle,Rower,"Dallas, Texas",mens-rowing,2021,32.7762719,-96.7968559
Christian Franck,Rower,"Philadelphia, Pa.",mens-rowing,2021,39.9527237,-75.1635262
William Bender,Rower,"Norwich, Vt.",mens-rowing,2021,43.7136654,-72.3081535
Teddy Danziger,Rower,"Lincoln, Mass.",mens-rowing,2021,42.4259283,-71.3039469
Cooper Harrison,Rower,"Huntsville, Utah",mens-rowing,2021,41.2610084,-111.7688329
David Edington,Rower,"Portland, Ore.",mens-rowing,2021,45.5202471,-122.674194
James Isles,Rower,"Melbourne, Australia",mens-rowing,2021,-37.8142454,144.9631732
Colin Glew,Rower,"Wilmette, Ill.",mens-rowing,2021,42.076066,-87.7115555
Miller Hawkesby,Rower,"Auckland, New Zealand",mens-rowing,2021,-36.852095,174.7631803
Sammy Houdaigui,Rower,"McLean, Va.",mens-rowing,2021,38.9366852,-77.185843
Jacob Hudgins,Rower,"Andover, Mass.",mens-rowing,2021,42.65717,-71.1408776
Jasper Gleeson,Rower,"Portland, Ore.",mens-rowing,2021,45.5202471,-122.674194
Caleb Edmundson,Rower,"Greenwich, Conn.",mens-rowing,2021,41.0264862,-73.6284598
Gus Emmett,Rower,"Hawthorn, Australia",mens-rowing,2021,-37.8244246,145.0317207
Bryce Golbus,Rower,"Hopkins, Minn.",mens-rowing,2021,44.9243986,-93.4114487
Joseph Hajjar,Rower(C),"Lexington, Mass.",mens-rowing,2021,42.4473175,-71.2245003
Robert Pare,Rower,"Bedford, Mass.",mens-rowing,2021,42.4917301,-71.2817947
Henry Irwin,Rower,"Washington, D.C.",mens-rowing,2021,38.8950982,-77.0363849
Carsten Carey,Rower,"Sunderland, Mass.",mens-rowing,2021,42.4636924,-72.5805642
Felix Rawlinson,Rower,"Moreton-in-Marsh, UK",mens-rowing,2021,51.9906413,-1.7023018
Clayton Kiyonaga,Rower,"Rhoadesville, Va.",mens-rowing,2021,38.27176,-77.9335981
William Delaney,,"Sydney, Australia",mens-rowing,2021,-33.8698439,151.2082848
Alexander Lehr,Rower,"Concord, Mass.",mens-rowing,2021,42.4605189,-71.3488963
Isaac Spokes,Rower,"Baltimore, Md.",mens-rowing,2021,39.2908816,-76.610759
Luke Marshall,Rower,"Buckinghamshire, England",mens-rowing,2021,51.840894,-0.8998074
Henry Lowe,Rower,"Pacific Palisades, Calif.",mens-rowing,2021,34.0480643,-118.5264706
David Kogan,Rower,"Larkspur, Calif.",mens-rowing,2021,37.9340915,-122.5352539
Sam Lorgen,Rower,"Oslo, Norway",mens-rowing,2021,59.9133301,10.7389701
Liam Keane,Rower(C),"Victoria, British Columbia",mens-rowing,2021,48.4283182,-123.364953
Billy Lockhart,Rower,"Dallas, Texas",mens-rowing,2021,32.7762719,-96.7968559
Julian Thomas,Rower,"New Hope, Pa.",mens-rowing,2021,40.3642728,-74.9512785
Oscar Lee,Rower,"Roswell, Ga.",mens-rowing,2021,34.02332,-84.360022
Sean Mannion,Rower,"Belmont, Mass.",mens-rowing,2021,42.3959296,-71.1786655
Christian Sauer,Rower,"Delmar, N.Y.",mens-rowing,2021,42.6251239,-73.8381351
Ned Rae Smith,Rower,"East Sussex, England",mens-rowing,2021,50.9404266,0.3699978
Miles Hudgins,Rower,"Gloucester, Mass.",mens-rowing,2021,42.6153595,-70.6624608
Munroe Robinson,Rower,"Black Mountain, N.C.",mens-rowing,2021,35.6176544,-82.3205791
Pia Alexander,Cox,"Bethesda, Md.",mens-rowing,2021,38.9812726,-77.1233587
Conor Shaheen,Rower,"Kensington, Md.",mens-rowing,2021,39.0258405,-77.0750246
Will Kalikman,Rower,"San Francisco, Calif.",mens-rowing,2021,37.7879363,-122.4075201
Alex Robertson,Rower,"Center Ossipee, N.H.",mens-rowing,2021,43.7550527,-71.1528506
Nathan Thompson,Rower,"Trappe, Md.",mens-rowing,2021,38.6584506,-76.0579956
William Schultz,Rower,"Evanston, Ill.",mens-rowing,2021,42.0470043,-87.6846053
Sam Rothschild,Rower,"London, England",mens-rowing,2021,51.5074456,-0.1277653
Richie Santry,Rower,"Arlington, Va.",mens-rowing,2021,38.8769326,-77.0893094
Harrison Taylor,Rower,"Portsmouth, N.H.",mens-rowing,2021,43.0751306,-70.7601826
Jack Taylor,Rower,"Chicago, Ill.",mens-rowing,2021,41.8755616,-87.6244212
Ryan Boyle,Rower,"Dallas, Texas",mens-rowing,2022,32.7762719,-96.7968559
Francesco Dembinski,Rower,"Craryville, N.Y.",mens-rowing,2022,42.1748115,-73.5828976
Teddy Danziger,Rower,"Lincoln, Mass.",mens-rowing,2022,42.4259283,-71.3039469
Jessna Brar,Coxswain,"Chandigarh, India",mens-rowing,2022,30.7334421,76.7797143
Jacob Hudgins,Rower,"Andover, Mass.",mens-rowing,2022,42.65717,-71.1408776
Carsten Carey,Rower,"Sunderland, Mass.",mens-rowing,2022,42.4636924,-72.5805642
Harry Beesley-Gilman,Rower,"Arlington, Va.",mens-rowing,2022,38.8769326,-77.0893094
Ellie Anderson,Coxswain,St. Petersburg,mens-rowing,2022,59.9606739,30.1586551
William Delaney,Rower,"Sydney, Australia",mens-rowing,2022,-33.8698439,151.2082848
Christian Franck,Rower,"Philadelphia, Pa.",mens-rowing,2022,39.9527237,-75.1635262
Miles Hudgins,Rower,"Gloucester, Mass.",mens-rowing,2022,42.6153595,-70.6624608
Cooper Harrison,Rower,"Huntsville, Utah",mens-rowing,2022,41.2610084,-111.7688329
Ollie Ellis,Rower,"London, England",mens-rowing,2022,51.5074456,-0.1277653
JJ Dubois,Rower,"Gainesville, Fla.",mens-rowing,2022,29.6519684,-82.3249846
Asa Dow,Rower,"Sitka, Alaska",mens-rowing,2022,57.4086082,-135.4596206
Sammy Houdaigui,Coxswain,"McLean, Va.",mens-rowing,2022,38.9366852,-77.185843
Thomas Harrison,Rower,"New York, N.Y.",mens-rowing,2022,40.7127281,-74.0060152
Kane Hall,Rower,"Narragansett, R.I.",mens-rowing,2022,41.4325574,-71.4579836
Max Deering,Rower,"Richmond, UK",mens-rowing,2022,51.4405529,-0.3076394
Jasper Gleeson,Rower,"Portland, Ore.",mens-rowing,2022,45.5202471,-122.674194
David Edington,Rower,"Portland, Ore.",mens-rowing,2022,45.5202471,-122.674194
Colin Glew,Rower,"Wilmette, Ill.",mens-rowing,2022,42.076066,-87.7115555
Pia Alexander,Coxswain,"Bethesda, Md.",mens-rowing,2022,38.9812726,-77.1233587
William Bender,Rower,"Norwich, Vt.",mens-rowing,2022,43.7136654,-72.3081535
Michael Curry,Rower,"Dallas, Texas",mens-rowing,2022,32.7762719,-96.7968559
Stephen Bacas,Rower,"Arlington, Va.",mens-rowing,2022,38.8769326,-77.0893094
Luke Marshall,Rower,"Buckinghamshire, England",mens-rowing,2022,51.840894,-0.8998074
Sean Mannion,Rower,"Belmont, Mass.",mens-rowing,2022,42.3959296,-71.1786655
Oscar Lee,Rower,"Roswell, Ga.",mens-rowing,2022,34.02332,-84.360022
Felix Rawlinson,Rower,"Moreton-in-Marsh, UK",mens-rowing,2022,51.9906413,-1.7023018
Albie Oliver,Rower,"London, England",mens-rowing,2022,51.5074456,-0.1277653
Matt Marks,Rower,"Bedford, N.H.",mens-rowing,2022,42.9464737,-71.5159015
James Isles,Rower,"Melbourne, Australia",mens-rowing,2022,-37.8142454,144.9631732
Alex Robertson,Rower,"Center Ossipee, N.H.",mens-rowing,2022,43.7550527,-71.1528506
Billy Lockhart,Rower,"Dallas, Texas",mens-rowing,2022,32.7762719,-96.7968559
Ned Rae Smith,Rower,"East Sussex, England",mens-rowing,2022,50.9404266,0.3699978
Nathan Thompson,Rower,"Trappe, Md.",mens-rowing,2022,38.6584506,-76.0579956
Will Kalikman,Rower,"San Francisco, Calif.",mens-rowing,2022,37.7879363,-122.4075201
Isaac Spokes,Rower,"Baltimore, Md.",mens-rowing,2022,39.2908816,-76.610759
Nirav Tomasi,Rower,"London, England",mens-rowing,2022,51.5074456,-0.1277653
Joseph Laroski,Coxswain,"Bethesda, Md.",mens-rowing,2022,38.9812726,-77.1233587
Will Roesler,Rower,"Oakland, Calif.",mens-rowing,2022,37.8044557,-122.271356
Munroe Robinson,Rower,"Black Mountain, N.C.",mens-rowing,2022,35.6176544,-82.3205791
Guy Jones,Rower,"London, England",mens-rowing,2022,51.5074456,-0.1277653
Stephen Warming,Rower,"Newton, Mass.",mens-rowing,2022,42.3300435,-71.194862
Tom Thomas,Rower,"Leer, Germany",mens-rowing,2022,53.2049511,7.4595298
Henry Lowe,Rower,"Pacific Palisades, Calif.",mens-rowing,2022,34.0480643,-118.5264706
Jack Taylor,Rower,"Chicago, Ill.",mens-rowing,2022,41.8755616,-87.6244212
Conor Shaheen,Coxswain,"Kensington, Md.",mens-rowing,2022,39.0258405,-77.0750246
Sam Rothschild,Rower,"London, England",mens-rowing,2022,51.5074456,-0.1277653
Julian Thomas,Rower,"New Hope, Pa.",mens-rowing,2022,40.3642728,-74.9512785
Robert Pare,Rower,"Bedford, Mass.",mens-rowing,2022,42.4917301,-71.2817947
Pia Alexander,Coxswain,"Bethesda, Md.",mens-rowing,2023,38.9812726,-77.1233587
James Frederikson,Rower,"Sydney, Australia",mens-rowing,2023,-33.8698439,151.2082848
William Bender,Rower,"Norwich, Vt.",mens-rowing,2023,43.7136654,-72.3081535
Michael Bobo,Rower,"Wellesley, Mass.",mens-rowing,2023,42.2964859,-71.2925571
Ryan Boyle,Rower,"Dallas, Texas",mens-rowing,2023,32.7762719,-96.7968559
Jessna Brar,Cox,"Chandigarh, India",mens-rowing,2023,30.7334421,76.7797143
Carsten Carey,Rower,"Sunderland, Mass.",mens-rowing,2023,42.4636924,-72.5805642
Michael Curry,Rower,"Dallas, Texas",mens-rowing,2023,32.7762719,-96.7968559
Teddy Danziger,Rower,"Lincoln, Mass.",mens-rowing,2023,42.4259283,-71.3039469
William Delaney,Rower,"Sydney, Australia",mens-rowing,2023,-33.8698439,151.2082848
Francesco Dembinski,Rower,"Craryville, N.Y.",mens-rowing,2023,42.1748115,-73.5828976
Asa Dow,Rower,"Sitka, Alaska",mens-rowing,2023,57.4086082,-135.4596206
David Edington,Rower,"Portland, Ore.",mens-rowing,2023,45.5202471,-122.674194
JJ Dubois,Rower,"Gainesville, Fla.",mens-rowing,2023,29.6519684,-82.3249846
Colin Glew,Rower,"Wilmette, Ill.",mens-rowing,2023,42.076066,-87.7115555
Miles Hudgins,Rower,"Gloucester, Mass.",mens-rowing,2023,42.6153595,-70.6624608
Guy Jones,Rower,"London, England",mens-rowing,2023,51.5074456,-0.1277653
Ellie Anderson,Coxswain,St. Petersburg,mens-rowing,2023,59.9606739,30.1586551
Jasper Gleeson,Rower,"Portland, Ore.",mens-rowing,2023,45.5202471,-122.674194
Ollie Ellis,Rower,"London, England",mens-rowing,2023,51.5074456,-0.1277653
Thomas Harrison,Rower,"New York, N.Y.",mens-rowing,2023,40.7127281,-74.0060152
James Isles,Rower,"Melbourne, Australia",mens-rowing,2023,-37.8142454,144.9631732
Sammy Houdaigui,Coxswain,"McLean, Va.",mens-rowing,2023,38.9366852,-77.185843
Matthew Johnston,Rower,"Macclesfield, England",mens-rowing,2023,53.2606635,-2.1255158
Jacob Hudgins,Rower,"Andover, Mass.",mens-rowing,2023,42.65717,-71.1408776
Will Kalikman,Rower,"San Francisco, Calif.",mens-rowing,2023,37.7879363,-122.4075201
Jack Stephenson,Rower,"London, England",mens-rowing,2023,51.5074456,-0.1277653
Isaac Lawrence,Rower,"Baltimore, Md.",mens-rowing,2023,39.2908816,-76.610759
Billy Lockhart,Rower,"Dallas, Texas",mens-rowing,2023,32.7762719,-96.7968559
Matt Marks,Rower,"Bedford, N.H.",mens-rowing,2023,42.9464737,-71.5159015
Luke Marshall,Rower,"Buckinghamshire, England",mens-rowing,2023,51.840894,-0.8998074
Fred Mulford,Rower,"North Potomac, Md.",mens-rowing,2023,39.0985183,-77.2377429
Albie Oliver,Rower,"London, England",mens-rowing,2023,51.5074456,-0.1277653
Ned Rae Smith,Rower,"East Sussex, England",mens-rowing,2023,50.9404266,0.3699978
Felix Rawlinson,Rower,"Moreton-in-Marsh, UK",mens-rowing,2023,51.9906413,-1.7023018
Alex Robertson,Rower,"Center Ossipee, N.H.",mens-rowing,2023,43.7550527,-71.1528506
Munroe Robinson,Rower,"Black Mountain, N.C.",mens-rowing,2023,35.6176544,-82.3205791
Paul Waxman,Rower,"Bethesda, Md.",mens-rowing,2023,38.9812726,-77.1233587
Sam Rothschild,Rower,"London, England",mens-rowing,2023,51.5074456,-0.1277653
Will Roesler,Rower,"Oakland, Calif.",mens-rowing,2023,37.8044557,-122.271356
Tom Thomas,Rower,"Leer, Germany",mens-rowing,2023,53.2049511,7.4595298
James Wlodarczak,Rower,"New York, N.Y.",mens-rowing,2023,40.7127281,-74.0060152
Stephen Warming,Rower,"Newton, Mass.",mens-rowing,2023,42.3300435,-71.194862
Jack Taylor,Rower,"Chicago, Ill.",mens-rowing,2023,41.8755616,-87.6244212
Auggie Laster,Rower,"Newport Beach, Calif.",mens-rowing,2023,33.6170092,-117.9294401
Julian Thomas,Rower,"New Hope, Pa.",mens-rowing,2023,40.3642728,-74.9512785
Conor Shaheen,Coxswain,"Kensington, Md.",mens-rowing,2023,39.0258405,-77.0750246
Nirav Tomasi,Rower,"London, England",mens-rowing,2023,51.5074456,-0.1277653
Skyler Rockmael,Rower,"Berkeley, Calif.",mens-rowing,2023,37.8708393,-122.272863
Pia Alexander,Coxswain,"Bethesda, Md.",mens-rowing,2024,38.9812726,-77.1233587
Isaiah Harrison,Rower,"Coeur d'Alene, Idaho",mens-rowing,2024,47.6742994,-116.7811531
Ollie Ellis,Rower,"London, England",mens-rowing,2024,51.5074456,-0.1277653
Henry Cooper,Rower,"Seattle, Wash.",mens-rowing,2024,47.6038321,-122.330062
Michael Curry,Rower,"Dallas, Texas",mens-rowing,2024,32.7762719,-96.7968559
James Driscoll,Rower,Lynnfield Mass.,mens-rowing,2024,42.5389836,-71.0481084
JJ Dubois,Rower,"Gainesville, Fla.",mens-rowing,2024,29.6519684,-82.3249846
William Delaney,Rower,"Sydney, Australia",mens-rowing,2024,-33.8698439,151.2082848
Francesco Dembinski,Rower,"Craryville, N.Y.",mens-rowing,2024,42.1748115,-73.5828976
Asa Dow,Rower,"Sitka, Alaska",mens-rowing,2024,57.4086082,-135.4596206
Matthew Johnston,Rower,"Macclesfield, England",mens-rowing,2024,53.2606635,-2.1255158
Kyle Fox,Rower,"Winnetka, Ill.",mens-rowing,2024,42.1080703,-87.7365286
Anais Joubert,Cox,"Alexandria, Va.",mens-rowing,2024,38.8051095,-77.0470229
Miles Hudgins,Rower,"Gloucester, Mass.",mens-rowing,2024,42.6153595,-70.6624608
Sammy Houdaigui,Coxswain,"McLean, Va.",mens-rowing,2024,38.9366852,-77.185843
James Isles,Rower,"Melbourne, Australia",mens-rowing,2024,-37.8142454,144.9631732
Isaac Lawrence,Rower,"Baltimore, Md.",mens-rowing,2024,39.2908816,-76.610759
James Frederikson,Rower,"Sydney, Australia",mens-rowing,2024,-33.8698439,151.2082848
Jasper Gleeson,Rower,"Portland, Ore.",mens-rowing,2024,45.5202471,-122.674194
William Fuller,Rower,"Williamsburg, Va.",mens-rowing,2024,37.2712497,-76.700035
Benjamin Lee,Rower,"Oakland, Calif.",mens-rowing,2024,37.8044557,-122.271356
Thomas Harrison,Rower,"New York, N.Y.",mens-rowing,2024,40.7127281,-74.0060152
Guy Jones,Rower,"London, England",mens-rowing,2024,51.5074456,-0.1277653
Skyler Rockmael,Cox,"Berkeley, Calif.",mens-rowing,2024,37.8708393,-122.272863
Áron Kalmár,Rower,"Szolnok, Hungary",mens-rowing,2024,47.1753833,20.1946279
William Bender,Rower,"Norwich, Vt.",mens-rowing,2024,43.7136654,-72.3081535
Auggie Laster,Rower,"Newport Beach, Calif.",mens-rowing,2024,33.6170092,-117.9294401
Stephen Warming,Rower,"Newton, Mass.",mens-rowing,2024,42.3300435,-71.194862
Nirav Tomasi,Rower,"London, England",mens-rowing,2024,51.5074456,-0.1277653
Matt Marks,Rower,"Bedford, N.H.",mens-rowing,2024,42.9464737,-71.5159015
Lucas Maroney,Rower,"Welland, Ont.",mens-rowing,2024,42.9922181,-79.2484192
Munroe Robinson,Rower,"Black Mountain, N.C.",mens-rowing,2024,35.6176544,-82.3205791
Will Roesler,Rower,"Oakland, Calif.",mens-rowing,2024,37.8044557,-122.271356
Evan McDermid,Rower,"London, England",mens-rowing,2024,51.5074456,-0.1277653
Fred Mulford,Rower,"North Potomac, Md.",mens-rowing,2024,39.0985183,-77.2377429
Wesley Walker,Rower,"Charlotte, N.C.",mens-rowing,2024,35.2272086,-80.8430827
Albie Oliver,Rower,"London, England",mens-rowing,2024,51.5074456,-0.1277653
Joseph Laroski,Rower,"Bethesda, Md.",mens-rowing,2024,38.9812726,-77.1233587
Jack Stephenson,Rower,"London, England",mens-rowing,2024,51.5074456,-0.1277653
Carsten Carey,Rower,"Sunderland, Mass.",mens-rowing,2024,42.4636924,-72.5805642
James Wlodarczak,Rower,"New York, N.Y.",mens-rowing,2024,40.7127281,-74.0060152
Paul Waxman,Rower,"Bethesda, Md.",mens-rowing,2024,38.9812726,-77.1233587
Conor Shaheen,Coxswain,"Kensington, Md.",mens-rowing,2024,39.0258405,-77.0750246
Luke Taylor,Rower,"Andover, Mass.",mens-rowing,2024,42.65717,-71.1408776
Tom Thomas,Rower,"Leer, Germany",mens-rowing,2024,53.2049511,7.4595298
Julian Thomas,Rower,"New Hope, Pa.",mens-rowing,2024,40.3642728,-74.9512785
Michael Bobo,Rower,"Wellesley, Mass.",mens-rowing,2024,42.2964859,-71.2925571
James Driscoll,Rower,Lynnfield Mass.,mens-rowing,2025,42.5389836,-71.0481084
JJ Dubois,Rower,"Gainesville, Fla.",mens-rowing,2025,29.6519684,-82.3249846
Huck Jagerson,,"Portola Valley, Calif.",mens-rowing,2025,37.3736298,-122.219047
Jack Kastner,Rower,"Wellesley, Mass.",mens-rowing,2025,42.2964859,-71.2925571
Auggie Laster,Rower,"Newport Beach, Calif.",mens-rowing,2025,33.6170092,-117.9294401
Payton Cramer,Rower,"Orlando, Fla.",mens-rowing,2025,28.5421218,-81.379045
William Delaney,Rower,"Sydney, Australia",mens-rowing,2025,-33.8698439,151.2082848
Francesco Dembinski,Rower,"Craryville, N.Y.",mens-rowing,2025,42.1748115,-73.5828976
Julia DiMiceli,Cox,"Westport, Conn.",mens-rowing,2025,41.1414855,-73.3578955
Asa Dow,Rower,"Sitka, Alaska",mens-rowing,2025,57.4086082,-135.4596206
Kyle Fox,Rower,"Winnetka, Ill.",mens-rowing,2025,42.1080703,-87.7365286
Isaiah Harrison,Rower,"Coeur d'Alene, Idaho",mens-rowing,2025,47.6742994,-116.7811531
William Fuller,Rower,"Williamsburg, Va.",mens-rowing,2025,37.2712497,-76.700035
James Frederikson,Rower,"Sydney, Australia",mens-rowing,2025,-33.8698439,151.2082848
Anais Joubert,Cox,"Alexandria, Va.",mens-rowing,2025,38.8051095,-77.0470229
Guy Jones,Rower,"London, England",mens-rowing,2025,51.5074456,-0.1277653
Matthew Johnston,Rower,"Macclesfield, England",mens-rowing,2025,53.2606635,-2.1255158
Henry Cooper,Rower,"Seattle, Wash.",mens-rowing,2025,47.6038321,-122.330062
Drew Holevac,Cox,"Eaton Rapids, Mich.",mens-rowing,2025,42.5092039,-84.655814
Hector Harvey,Port,"Oxford, England",mens-rowing,2025,51.7520131,-1.2578499
Thomas Harrison,Rower,"New York, N.Y.",mens-rowing,2025,40.7127281,-74.0060152
Michael Bobo,Rower,"Wellesley, Mass.",mens-rowing,2025,42.2964859,-71.2925571
Joseph Laroski,Rower,"Bethesda, Md.",mens-rowing,2025,38.9812726,-77.1233587
Ollie Ellis,Rower,"London, England",mens-rowing,2025,51.5074456,-0.1277653
Áron Kalmár,Rower,"Szolnok, Hungary",mens-rowing,2025,47.1753833,20.1946279
Benjamin Lee,Rower,"Oakland, Calif.",mens-rowing,2025,37.8044557,-122.271356
Hugh Ryan,,"Sausalito, Calif.",mens-rowing,2025,37.8590272,-122.485469
Skyler Rockmael,Cox,"Berkeley, Calif.",mens-rowing,2025,37.8708393,-122.272863
Stephen Warming,Rower,"Newton, Mass.",mens-rowing,2025,42.3300435,-71.194862
Isaac Lawrence,Rower,"Baltimore, Md.",mens-rowing,2025,39.2908816,-76.610759
Lucas Maroney,Rower,"Welland, Ont.",mens-rowing,2025,42.9922181,-79.2484192
Evan McDermid,Rower,"London, England",mens-rowing,2025,51.5074456,-0.1277653
Francis McGrath,Rower,"Chalfont, Pa.",mens-rowing,2025,40.2869695,-75.2087721
Fred Mulford,Rower,"North Potomac, Md.",mens-rowing,2025,39.0985183,-77.2377429
Henrik Neuspiel,Rower,"Ottawa, Canada",mens-rowing,2025,45.4208777,-75.6901106
Albie Oliver,Rower,"London, England",mens-rowing,2025,51.5074456,-0.1277653
Jack Stephenson,Rower,"London, England",mens-rowing,2025,51.5074456,-0.1277653
Will Roesler,Rower,"Oakland, Calif.",mens-rowing,2025,37.8044557,-122.271356
Tom Thomas,Rower,"Leer, Germany",mens-rowing,2025,53.2049511,7.4595298
James Wlodarczak,Rower,"New York, N.Y.",mens-rowing,2025,40.7127281,-74.0060152
Gaspard Wenger,Rower,"Oxford, U.K.",mens-rowing,2025,38.3071348,-121.6207888
Paul Waxman,Rower,"Bethesda, Md.",mens-rowing,2025,38.9812726,-77.1233587
Orlando Watson,Rower,"Oyster Bay, N.Y.",mens-rowing,2025,40.7696568,-73.4998608
Matt Marks,Rower,"Bedford, N.H.",mens-rowing,2025,42.9464737,-71.5159015
Will Walton,,"Concord, Mass.",mens-rowing,2025,42.4605189,-71.3488963
Wesley Walker,Rower,"Charlotte, N.C.",mens-rowing,2025,35.2272086,-80.8430827
Gabe Umlas,,"Weston, Mass.",mens-rowing,2025,42.3667625,-71.3031132
Nirav Tomasi,Rower,"London, England",mens-rowing,2025,51.5074456,-0.1277653
Luke Taylor,Rower,"Andover, Mass.",mens-rowing,2025,42.65717,-71.1408776
Lucas Maroney,Rower,"Welland, Ont.",mens-rowing,2026,42.9922181,-79.2484192
Evan McDermid,Rower,"London, England",mens-rowing,2026,51.5074456,-0.1277653
Francis McGrath,Rower,"Chalfont, Pa.",mens-rowing,2026,40.2869695,-75.2087721
Fred Mulford,Rower,"North Potomac, Md.",mens-rowing,2026,39.0985183,-77.2377429
Henrik Neuspiel,Rower,"Ottawa, Canada",mens-rowing,2026,45.4208777,-75.6901106
Skyler Rockmael,Cox,"Berkeley, Calif.",mens-rowing,2026,37.8708393,-122.272863
Hugh Ryan,,"Sausalito, Calif.",mens-rowing,2026,37.8590272,-122.485469
Will Walton,,"Concord, Mass.",mens-rowing,2026,42.4605189,-71.3488963
Jack Stephenson,Rower,"London, England",mens-rowing,2026,51.5074456,-0.1277653
Luke Taylor,Rower,"Andover, Mass.",mens-rowing,2026,42.65717,-71.1408776
Wesley Walker,Rower,"Charlotte, N.C.",mens-rowing,2026,35.2272086,-80.8430827
Orlando Watson,Rower,"Oyster Bay, N.Y.",mens-rowing,2026,40.7696568,-73.4998608
Paul Waxman,Rower,"Bethesda, Md.",mens-rowing,2026,38.9812726,-77.1233587
Gaspard Wenger,Rower,"Oxford, U.K.",mens-rowing,2026,38.3071348,-121.6207888
James Wlodarczak,Rower,"New York, N.Y.",mens-rowing,2026,40.7127281,-74.0060152
Benjamin Lee,Rower,"Oakland, Calif.",mens-rowing,2026,37.8044557,-122.271356
Isaac Lawrence,Rower,"Baltimore, Md.",mens-rowing,2026,39.2908816,-76.610759
Michael Bobo,Rower,"Wellesley, Mass.",mens-rowing,2026,42.2964859,-71.2925571
Henry Cooper,Rower,"Seattle, Wash.",mens-rowing,2026,47.6038321,-122.330062
Payton Cramer,Rower,"Orlando, Fla.",mens-rowing,2026,28.5421218,-81.379045
Julia DiMiceli,Cox,"Westport, Conn.",mens-rowing,2026,41.1414855,-73.3578955
James Driscoll,Rower,Lynnfield Mass.,mens-rowing,2026,42.5389836,-71.0481084
Kyle Fox,Rower,"Winnetka, Ill.",mens-rowing,2026,42.1080703,-87.7365286
James Frederikson,Rower,"Sydney, Australia",mens-rowing,2026,-33.8698439,151.2082848
William Fuller,Rower,"Williamsburg, Va.",mens-rowing,2026,37.2712497,-76.700035
Isaiah Harrison,Rower,"Coeur d'Alene, Idaho",mens-rowing,2026,47.6742994,-116.7811531
Drew Holevac,Cox,"Eaton Rapids, Mich.",mens-rowing,2026,42.5092039,-84.655814
Huck Jagerson,,"Portola Valley, Calif.",mens-rowing,2026,37.3736298,-122.219047
Matthew Johnston,Rower,"Macclesfield, England",mens-rowing,2026,53.2606635,-2.1255158
Anais Joubert,Cox,"Alexandria, Va.",mens-rowing,2026,38.8051095,-77.0470229
Áron Kalmár,Rower,"Szolnok, Hungary",mens-rowing,2026,47.1753833,20.1946279
Jack Kastner,Rower,"Wellesley, Mass.",mens-rowing,2026,42.2964859,-71.2925571
Auggie Laster,Rower,"Newport Beach, Calif.",mens-rowing,2026,33.6170092,-117.9294401
Lloyd May,Sprints,"Johannesburg, South Africa",mens-track-and-field,2016,-26.205,28.049722
Parker Johnson,Hurdles,"Bellaire, Texas",mens-track-and-field,2016,29.7057858,-95.4588299
Jules Hislop,Sp/HH,"Roselle, N.J.",mens-track-and-field,2016,40.6527033,-74.2579418
Matt Herzig,Dist./XC,"Weston, Mass.",mens-track-and-field,2016,42.3667625,-71.3031132
Julian Heninger,Dist./XC,"Lake Oswego, Ore.",mens-track-and-field,2016,45.4206749,-122.670649
Pat Gregory,Dist./XC,"Louisville, Ky.",mens-track-and-field,2016,38.2542376,-85.759407
Guy Green,Sprints,"Waltham, Mass.",mens-track-and-field,2016,42.3762385,-71.2355644
Phillip Gomez,Sprints,"Glen Ridge, N.J.",mens-track-and-field,2016,40.805378,-74.2037566
Sander Kushen,Dist./XC,"Coto de Caza, Calif.",mens-track-and-field,2016,33.6013399,-117.5856235
Jack Kerin,MD,"Franklin Lakes, N.J.",mens-track-and-field,2016,41.0167639,-74.2057012
Timothy Brennan,Ham/Discus,"Cranbury, N.J.",mens-track-and-field,2016,40.3133907,-74.5201927
Peter Geithner,Dist./XC,"Larchmont, N.Y.",mens-track-and-field,2016,40.9278769,-73.7517983
Reed Horton,Dist./XC,"San Francisco, Calif.",mens-track-and-field,2016,37.7879363,-122.4075201
Alex Frye,HJ/Multi,"New Albany, Ohio",mens-track-and-field,2016,40.0811745,-82.8087864
Myles Holt,Sprints,"Natick, Mass.",mens-track-and-field,2016,42.2836393,-71.346996
Kyle Dotterrer,Dist./XC,"Traverse City, Mich.",mens-track-and-field,2016,44.7606481,-85.6165976
Justin Donawa,TJ,"Sandys, Bermuda",mens-track-and-field,2016,32.3005142,-64.8697448
Adam Couitt,Jumps,"Berkley, Mass.",mens-track-and-field,2016,41.8459347,-71.0828222
Max Cosculluela,PV,"The Woodlands, Texas",mens-track-and-field,2016,30.1734194,-95.504686
Quinn Cooney,Dist./XC,"Chelmsford, Mass.",mens-track-and-field,2016,42.5968617,-71.3517602
Ben Colello,Multi,"Sudbury, Mass.",mens-track-and-field,2016,42.3834278,-71.4161725
Trevor Colby,MD,"Meredith, N.H.",mens-track-and-field,2016,43.6567546,-71.5011718
Connor Clark,Dist./XC,"Mill Valley, Calif.",mens-track-and-field,2016,37.9060368,-122.5449763
Dominic Carrese,Dist./XC,"Colorado Springs, Colo.",mens-track-and-field,2016,38.8339578,-104.825348
Amos Cariati,Sprints,"Providence, R.I.",mens-track-and-field,2016,41.8239891,-71.4128343
Cole Andrus,Throws,"Cle Elum, Wash.",mens-track-and-field,2016,47.1952417,-120.940063
Nat Adams,Dist./XC,"Lexington, Mass.",mens-track-and-field,2016,42.4473175,-71.2245003
Alec Eschholz,Hurdles,"Richmond, Vt.",mens-track-and-field,2016,44.4052143,-72.9930745
Sean Laverty,MD/XC,"Cumberland, R.I.",mens-track-and-field,2016,41.9667656,-71.4328363
Miles Irish,Dist./XC,"Palos Verdes Estates, Calif.",mens-track-and-field,2016,33.7872386,-118.401813
Lucas Ribeiro,Throws,"Belmont, Mass.",mens-track-and-field,2016,42.3959296,-71.1786655
Hendric Tronsson,Jumps,"Berlin, Germany",mens-track-and-field,2016,52.5173885,13.3951309
Matthew Sindelar,Jumps,"New Bremen, Ohio",mens-track-and-field,2016,40.4369919,-84.3796729
Samuel Siegel,PV,"Demarest, N.J.",mens-track-and-field,2016,40.9573205,-73.9634708
Will Shafer,Dist./XC,"New Gloucester, Maine",mens-track-and-field,2016,43.9632491,-70.2814344
Jesse Scanlon,Jumps,"Southampton, N.Y.",mens-track-and-field,2016,40.8842482,-72.3897131
Daniel Salas,Dist./XC,"Winter Park, Fla.",mens-track-and-field,2016,28.5977707,-81.3510264
Nico Robinson,Multi,"Stanford, Calif.",mens-track-and-field,2016,37.4265407,-122.1703055
Jack Leonovicz,Throws,"Brookfield, Wis.",mens-track-and-field,2016,43.0615578,-88.1260678
Parker Whims,HJ/Multi,"Saratoga, Calif.",mens-track-and-field,2016,37.2638324,-122.0230146
Ethan Ruh,Throws,"Omaha, Neb.",mens-track-and-field,2016,41.2587459,-95.9383758
Michael Thurston,MD,"Ridgewood, N.J.",mens-track-and-field,2016,40.9796683,-74.1194403
Mason Wegener,Dist./XC,"Eugene, Ore.",mens-track-and-field,2016,44.0505054,-123.0950506
Simpson Tanner,Sprints,"Nashville, Tenn.",mens-track-and-field,2016,36.1622767,-86.7742984
Benjamin Szuhaj,Dist./XC,"Glenside, Pa.",mens-track-and-field,2016,40.103196,-75.1515534
Ben Roberts,Dist./XC,"Davis, Calif.",mens-track-and-field,2016,38.5435526,-121.739005
Alex Montague,Dist./XC,"Newton, Mass.",mens-track-and-field,2016,42.3300435,-71.194862
Corey Muggler,Jumps,"Holland, Pa.",mens-track-and-field,2016,40.1728871,-74.9926688
Shawn Ohazuruike,Hurdles,"Newark, N.J.",mens-track-and-field,2016,40.735657,-74.1723667
Ben Ose,Multi,"Eden Prairie, Minn.",mens-track-and-field,2016,44.8546856,-93.470786
Ryan Painter,Dist./XC,"Stevenson Ranch, Calif.",mens-track-and-field,2016,34.3947903,-118.5885327
Colin Minor,Throws,"Southport, N.C.",mens-track-and-field,2016,33.921563,-78.0202677
Zachary Plante,Sprints,"Menlo Park, Calif.",mens-track-and-field,2016,37.4519671,-122.177992
Marco Pompilj,Dist./XC,"New York, N.Y.",mens-track-and-field,2016,40.7127281,-74.0060152
Henry Raymond,Dist./XC,"Fort Collins, Colo.",mens-track-and-field,2016,40.5871782,-105.0770113
Dom Repucci,Dist./XC,"Hopkinton, N.H.",mens-track-and-field,2016,43.191595,-71.6748735
James Rhodes,Sprints,"Pearland, Tex.",mens-track-and-field,2016,29.5639758,-95.2864299
Matus Petrovsky,Multi,"Bratislava, Slovakia",mens-track-and-field,2016,48.1435026,17.1082867
Jesse Scanlon,Jumps,"Southampton, N.Y.",mens-track-and-field,2017,40.8842482,-72.3897131
Simpson Tanner,MD,"Nashville, Tenn.",mens-track-and-field,2017,36.1622767,-86.7742984
Henry Raymond,Dist./XC,"Fort Collins, Colo.",mens-track-and-field,2017,40.5871782,-105.0770113
Kyle Dotterrer,Dist./XC,"Traverse City, Mich.",mens-track-and-field,2017,44.7606481,-85.6165976
Justin Donawa,TJ,"Sandys, Bermuda",mens-track-and-field,2017,32.3005142,-64.8697448
Ben Ose,Multi,"Eden Prairie, Minn.",mens-track-and-field,2017,44.8546856,-93.470786
Lloyd May,Sprints,"Johannesburg, South Africa",mens-track-and-field,2017,-26.205,28.049722
Adam Couitt,Sprints,"Berkley, Mass.",mens-track-and-field,2017,41.8459347,-71.0828222
Samuel Morton,Dist./XC,"Larchmont, N.Y.",mens-track-and-field,2017,40.9278769,-73.7517983
Parker Whims,Javelin,"Saratoga, Calif.",mens-track-and-field,2017,37.2638324,-122.0230146
Marco Pompilj,Dist./XC,"New York, N.Y.",mens-track-and-field,2017,40.7127281,-74.0060152
Seth Walter,Throws,"Longboat Key, Fla.",mens-track-and-field,2017,27.4125417,-82.6589881
Donovan Spearman,Sprints,"Gardena, Calif.",mens-track-and-field,2017,33.8815601,-118.2935879
Will Shafer,Dist./XC,"New Gloucester, Maine",mens-track-and-field,2017,43.9632491,-70.2814344
Samuel Siegel,PV,"Demarest, N.J.",mens-track-and-field,2017,40.9573205,-73.9634708
Ethan Ruh,Throws,"Omaha, Neb.",mens-track-and-field,2017,41.2587459,-95.9383758
Michael Thurston,MD,"Ridgewood, N.J.",mens-track-and-field,2017,40.9796683,-74.1194403
Matthew Sindelar,Jumps,"New Bremen, Ohio",mens-track-and-field,2017,40.4369919,-84.3796729
Dom Repucci,Dist./XC,"Hopkinton, N.H.",mens-track-and-field,2017,43.191595,-71.6748735
Benjamin Szuhaj,Dist./XC,"Glenside, Pa.",mens-track-and-field,2017,40.103196,-75.1515534
Alex Montague,Dist./XC,"Newton, Mass.",mens-track-and-field,2017,42.3300435,-71.194862
Tim Zepf,MD/XC,"Londonderry, N.H.",mens-track-and-field,2017,42.8650869,-71.3739532
DeWayne Terry Jr.,Jumps,"Miami, Fla.",mens-track-and-field,2017,25.7741566,-80.1935973
Lucas Ribeiro,Throws,"Belmont, Mass.",mens-track-and-field,2017,42.3959296,-71.1786655
Zachary Plante,Sprints,"Menlo Park, Calif.",mens-track-and-field,2017,37.4519671,-122.177992
Colin Minor,Throws,"Southport, N.C.",mens-track-and-field,2017,33.921563,-78.0202677
Cole Andrus,Throws,"Cle Elum, Wash.",mens-track-and-field,2017,47.1952417,-120.940063
Quinn Cooney,Dist./XC,"Chelmsford, Mass.",mens-track-and-field,2017,42.5968617,-71.3517602
Nicholas Feffer,Dist./XC,"Boalsburg, Pa.",mens-track-and-field,2017,40.7763607,-77.7829777
Owen Ritz,Dist./XC,"Meadowbrook, Pa.",mens-track-and-field,2017,40.1113073,-75.0925035
Ben Colello,Multi,"Sudbury, Mass.",mens-track-and-field,2017,42.3834278,-71.4161725
William Phinney,MD/XC,"Basking Ridge, N.J.",mens-track-and-field,2017,40.7064088,-74.5492725
Patrick O'Brien,Dist./XC,"Durham, N.H.",mens-track-and-field,2017,43.1214141,-70.9177186
Gregory Crowley,Dist./XC,"Scarsdale, N.Y.",mens-track-and-field,2017,40.9885221,-73.8085608
Trevor Colby,MD,"Meredith, N.H.",mens-track-and-field,2017,43.6567546,-71.5011718
Shawn Ohazuruike,Hurdles,"Newark, N.J.",mens-track-and-field,2017,40.735657,-74.1723667
Alec Eschholz,Hurdles,"Richmond, Vt.",mens-track-and-field,2017,44.4052143,-72.9930745
Sean Laverty,MD/XC,"Cumberland, R.I.",mens-track-and-field,2017,41.9667656,-71.4328363
Jack Leonovicz,Throws,"Brookfield, Wis.",mens-track-and-field,2017,43.0615578,-88.1260678
Max Frye,Dist./XC,"New Albany, Ohio",mens-track-and-field,2017,40.0811745,-82.8087864
Benjamin Matejka,Dist./XC,"Wellesley, Mass.",mens-track-and-field,2017,42.2964859,-71.2925571
Reed Horton,Dist./XC,"San Francisco, Calif.",mens-track-and-field,2017,37.7879363,-122.4075201
Miles Irish,Dist./XC,"Palos Verdes Estates, Calif.",mens-track-and-field,2017,33.7872386,-118.401813
Parker Johnson,Hurdles,"Bellaire, Texas",mens-track-and-field,2017,29.7057858,-95.4588299
Amos Cariati,Sprints,"Providence, R.I.",mens-track-and-field,2017,41.8239891,-71.4128343
Brian Mass,Dist./XC,"Perkasie, Pa.",mens-track-and-field,2017,40.372048,-75.292676
Jack Kerin,MD,"Franklin Lakes, N.J.",mens-track-and-field,2017,41.0167639,-74.2057012
Sander Kushen,Dist./XC,"Coto de Caza, Calif.",mens-track-and-field,2017,33.6013399,-117.5856235
MJ Farber,Sprints,"Shelton, Conn.",mens-track-and-field,2017,41.3164856,-73.0931641
Myles Holt,Sprints,"Natick, Mass.",mens-track-and-field,2017,42.2836393,-71.346996
Pat Gregory,Dist./XC,"Louisville, Ky.",mens-track-and-field,2017,38.2542376,-85.759407
Masaki Aerts,Sprints,"Warren, N.J.",mens-track-and-field,2017,40.8602222,-74.9720493
Griffin Mackey,Dist./XC,"Sewickley, Pa.",mens-track-and-field,2017,40.5403417,-80.1805269
Corbin Mayes,PV,"Fort Collins, Colo.",mens-track-and-field,2017,40.5871782,-105.0770113
Skylar Widman,Spr,"Shoreline, Wash.",mens-track-and-field,2018,47.7564667,-122.3437497
Ryan Cashman,Jumps,"Belle Mead, N.J.",mens-track-and-field,2018,40.4667713,-74.6607144
Parker Whims,Javelin,"Saratoga, Calif.",mens-track-and-field,2018,37.2638324,-122.0230146
Jack Leonovicz,Throws,"Brookfield, Wis.",mens-track-and-field,2018,43.0615578,-88.1260678
Seth Walter,Throws,"Longboat Key, Fla.",mens-track-and-field,2018,27.4125417,-82.6589881
Sean Laverty,Dist./XC,"Cumberland, R.I.",mens-track-and-field,2018,41.9667656,-71.4328363
Sander Kushen,Dist./XC,"Coto de Caza, Calif.",mens-track-and-field,2018,33.6013399,-117.5856235
Julien Hinz,Dist./XC,"New York, N.Y.",mens-track-and-field,2018,40.7127281,-74.0060152
Reed Horton,Dist./XC,"San Francisco, Calif.",mens-track-and-field,2018,37.7879363,-122.4075201
Liam Jamieson,Dist./XC,"Santa Monica, Calif.",mens-track-and-field,2018,34.0194704,-118.491227
Parker Johnson,Hurdles,"Bellaire, Texas",mens-track-and-field,2018,29.7057858,-95.4588299
Trevor Colby,MD,"Meredith, N.H.",mens-track-and-field,2018,43.6567546,-71.5011718
William Eaton,Dist./XC,"Portland, Ore.",mens-track-and-field,2018,45.5202471,-122.674194
Alec Eschholz,Hurdles,"Richmond, Vt.",mens-track-and-field,2018,44.4052143,-72.9930745
Samuel Morton,Dist./XC,"Larchmont, N.Y.",mens-track-and-field,2018,40.9278769,-73.7517983
Cole Andrus,Throws,"Cle Elum, Wash.",mens-track-and-field,2018,47.1952417,-120.940063
Quinn Cooney,Dist./XC,"Chelmsford, Mass.",mens-track-and-field,2018,42.5968617,-71.3517602
Ethan Ruh,Throws,"Omaha, Neb.",mens-track-and-field,2018,41.2587459,-95.9383758
Tim Zepf,MD/XC,"Londonderry, N.H.",mens-track-and-field,2018,42.8650869,-71.3739532
Jason Wang,Dist./XC,"Honolulu, Hawaii",mens-track-and-field,2018,21.304547,-157.855676
Myles Schreck,Throws,"Winter Springs, Fla.",mens-track-and-field,2018,28.6987317,-81.3055188
Ahria Simons,Jumps,"Pembroke, Bermuda",mens-track-and-field,2018,32.3016221,-64.7900055
Gregory Crowley,Distance,"Scarsdale, N.Y.",mens-track-and-field,2018,40.9885221,-73.8085608
Thomas Lingard,Dist./XC,"Cambridge, Mass.",mens-track-and-field,2018,42.3656347,-71.1040018
Will Marx,Sprints,"Houston, Texas",mens-track-and-field,2018,29.7589382,-95.3676974
Brian Mass,Dist./XC,"Perkasie, Pa.",mens-track-and-field,2018,40.372048,-75.292676
Myles Holt,Sprints,"Natick, Mass.",mens-track-and-field,2018,42.2836393,-71.346996
Patrick O'Brien,Dist./XC,"Durham, N.H.",mens-track-and-field,2018,43.1214141,-70.9177186
Drew Palermo,Throws,"Rochester, N.Y.",mens-track-and-field,2018,43.157285,-77.615214
Benjamin Matejka,Dist./XC,"Wellesley, Mass.",mens-track-and-field,2018,42.2964859,-71.2925571
Owen Ritz,Dist./XC,"Meadowbrook, Pa.",mens-track-and-field,2018,40.1113073,-75.0925035
Michael Thurston,MD,"Ridgewood, N.J.",mens-track-and-field,2018,40.9796683,-74.1194403
Andrew Thompson,Dist./XC,"Trumbull, Conn.",mens-track-and-field,2018,41.2428742,-73.2006687
Samuel Siegel,Pole Vault,"Demarest, N.J.",mens-track-and-field,2018,40.9573205,-73.9634708
Donovan Spearman,Sprints,"Gardena, Calif.",mens-track-and-field,2018,33.8815601,-118.2935879
Benjamin Szuhaj,Dist./XC,"Glenside, Pa.",mens-track-and-field,2018,40.103196,-75.1515534
Marco Pompilj,Dist./XC,"New York, N.Y.",mens-track-and-field,2018,40.7127281,-74.0060152
Simpson Tanner,MD,"Nashville, Tenn.",mens-track-and-field,2018,36.1622767,-86.7742984
Corbin Mayes,Pole Vault,"Fort Collins, Colo.",mens-track-and-field,2018,40.5871782,-105.0770113
Dom Repucci,Dist./XC,"Hopkinton, N.H.",mens-track-and-field,2018,43.191595,-71.6748735
Lucas Ribeiro,Throws,"Belmont, Mass.",mens-track-and-field,2018,42.3959296,-71.1786655
Max Frye,Hurdles,"New Albany, Ohio",mens-track-and-field,2018,40.0811745,-82.8087864
Ben Ose,Multis,"Eden Prairie, Minn.",mens-track-and-field,2018,44.8546856,-93.470786
Isaac Weber,Dist./XC,"Indianapolis, Ind.",mens-track-and-field,2018,39.7683331,-86.1583502
Christian Myers,Dist./XC,"Westport, Conn.",mens-track-and-field,2018,41.1414855,-73.3578955
MJ Farber,Sprints,"Shelton, Conn.",mens-track-and-field,2018,41.3164856,-73.0931641
Henry Raymond,Dist./XC,"Fort Collins, Colo.",mens-track-and-field,2018,40.5871782,-105.0770113
Shawn Ohazuruike,Hurdles,"Newark, N.J.",mens-track-and-field,2018,40.735657,-74.1723667
Charles Wade,Sprints,"St. Charles, Il.",mens-track-and-field,2018,41.9139808,-88.3128183
Nicholas Feffer,Dist./XC,"Boalsburg, Pa.",mens-track-and-field,2018,40.7763607,-77.7829777
Jonathan Reid,Dist.-XC,"Bradenton, Fla.",mens-track-and-field,2019,27.4989278,-82.5748194
Quinn Cooney,Dist./XC,"Chelmsford, Mass.",mens-track-and-field,2019,42.5968617,-71.3517602
Dom Repucci,Dist./XC,"Hopkinton, N.H.",mens-track-and-field,2019,43.191595,-71.6748735
Max Frye,Hurdles(C),"New Albany, Ohio",mens-track-and-field,2019,40.0811745,-82.8087864
Owen Ritz,Dist./XC,"Meadowbrook, Pa.",mens-track-and-field,2019,40.1113073,-75.0925035
Cole Andrus,Throws,"Cle Elum, Wash.",mens-track-and-field,2019,47.1952417,-120.940063
Tim Zepf,MD/XC(C),"Londonderry, N.H.",mens-track-and-field,2019,42.8650869,-71.3739532
Corbin Mayes,Pole Vault,"Fort Collins, Colo.",mens-track-and-field,2019,40.5871782,-105.0770113
Christian Myers,Dist./XC,"Westport, Conn.",mens-track-and-field,2019,41.1414855,-73.3578955
Shawn Ohazuruike,Hurdles,"Newark, N.J.",mens-track-and-field,2019,40.735657,-74.1723667
Henry Raymond,Dist./XC,"Fort Collins, Colo.",mens-track-and-field,2019,40.5871782,-105.0770113
Myles Schreck,Throws,"Winter Springs, Fla.",mens-track-and-field,2019,28.6987317,-81.3055188
Donovan Spearman,Sprints,"Gardena, Calif.",mens-track-and-field,2019,33.8815601,-118.2935879
Andrew Thompson,Dist./XC,"Trumbull, Conn.",mens-track-and-field,2019,41.2428742,-73.2006687
Charles Wade,Sprints,"St. Charles, Il.",mens-track-and-field,2019,41.9139808,-88.3128183
Jason Wang,Dist./XC,"Honolulu, Hawaii",mens-track-and-field,2019,21.304547,-157.855676
Isaac Weber,Dist./XC,"Indianapolis, Ind.",mens-track-and-field,2019,39.7683331,-86.1583502
Seth Weprin,MD/Dist.,"Dallas, Texas",mens-track-and-field,2019,32.7762719,-96.7968559
Jacob Winslow,Dist.-XC,"Stratham, N.H.",mens-track-and-field,2019,43.0244129,-70.9122808
Will Marx,Sprints,"Houston, Texas",mens-track-and-field,2019,29.7589382,-95.3676974
Brian Mass,Dist./XC,"Perkasie, Pa.",mens-track-and-field,2019,40.372048,-75.292676
Ethan Ruh,Throws(C),"Omaha, Neb.",mens-track-and-field,2019,41.2587459,-95.9383758
Nils Wildberg,Jumps,"Princeton, N.J.",mens-track-and-field,2019,40.3496953,-74.6597376
Connor Luck,Multis,"Oceanside, Calif.",mens-track-and-field,2019,33.1958696,-117.379483
Ryan Cashman,Multis,"Belle Mead, N.J.",mens-track-and-field,2019,40.4667713,-74.6607144
Samuel Morton,Dist./XC,"Larchmont, N.Y.",mens-track-and-field,2019,40.9278769,-73.7517983
Will Baginski,Dist.-XC,"Ridgewood, N.J.",mens-track-and-field,2019,40.9796683,-74.1194403
Patrick O'Brien,Dist./XC,"Durham, N.H.",mens-track-and-field,2019,43.1214141,-70.9177186
Jake Dalton,Throws,"Andover, Mass.",mens-track-and-field,2019,42.65717,-71.1408776
Drew Palermo,Throws,"Rochester, N.Y.",mens-track-and-field,2019,43.157285,-77.615214
William Eaton,Dist./XC,"Portland, Ore.",mens-track-and-field,2019,45.5202471,-122.674194
Ahria Simons,Jumps,"Pembroke, Bermuda",mens-track-and-field,2019,32.3016221,-64.7900055
Myles Epstein,Sprints,"Chestnut Hill, Mass.",mens-track-and-field,2019,42.3234553,-71.1639439
MJ Farber,Sprints,"Shelton, Conn.",mens-track-and-field,2019,41.3164856,-73.0931641
Brendan Balthis,Dist.-XC,"Newark, Del.",mens-track-and-field,2019,39.6828358,-75.7515682
Trevor Colby,MD,"Meredith, N.H.",mens-track-and-field,2019,43.6567546,-71.5011718
Trey Cormier,Dist.-XC,"West Hartford, Conn.",mens-track-and-field,2019,41.7620447,-72.7420399
Gregory Crowley,Distance,"Scarsdale, N.Y.",mens-track-and-field,2019,40.9885221,-73.8085608
Benjamin Matejka,Dist./XC,"Wellesley, Mass.",mens-track-and-field,2019,42.2964859,-71.2925571
Julian Martelly,Sprints,"New York, N.Y.",mens-track-and-field,2019,40.7127281,-74.0060152
Nicholas Feffer,Dist./XC,"Boalsburg, Pa.",mens-track-and-field,2019,40.7763607,-77.7829777
Brendan Loftus,Throws,"Little Silver, N.J.",mens-track-and-field,2019,40.3367769,-74.0470837
Thomas Lingard,Dist./XC,"Cambridge, Mass.",mens-track-and-field,2019,42.3656347,-71.1040018
Cade Lewis,Sprints,"Sidney, Neb.",mens-track-and-field,2019,41.1448682,-102.9767382
James Lawrence,Dist.-XC,"Wayne, Pa.",mens-track-and-field,2019,41.6264414,-75.3045103
Liam Jamieson,Dist./XC,"Santa Monica, Calif.",mens-track-and-field,2019,34.0194704,-118.491227
Sean Laverty,Dist./XC,"Cumberland, R.I.",mens-track-and-field,2019,41.9667656,-71.4328363
Reed Horton,Dist./XC,"San Francisco, Calif.",mens-track-and-field,2019,37.7879363,-122.4075201
Myles Holt,Sprints,"Natick, Mass.",mens-track-and-field,2019,42.2836393,-71.346996
Julien Hinz,Dist./XC,"New York, N.Y.",mens-track-and-field,2019,40.7127281,-74.0060152
Eric Gibson,Dist.-XC,"Annapolis, Md.",mens-track-and-field,2019,38.9786401,-76.492786
Jack Leonovicz,Throws,"Brookfield, Wis.",mens-track-and-field,2019,43.0615578,-88.1260678
Samuel Morton,Dist./XC,"Larchmont, N.Y.",mens-track-and-field,2020,40.9278769,-73.7517983
Corbin Mayes,Pole Vault,"Fort Collins, Colo.",mens-track-and-field,2020,40.5871782,-105.0770113
Jonathan Reid,Dist.-XC,"Bradenton, Fla.",mens-track-and-field,2020,27.4989278,-82.5748194
Declan O'Scannlain,Dist./XC,"Portland, Ore.",mens-track-and-field,2020,45.5202471,-122.674194
Drew Palermo,Throws,"Rochester, N.Y.",mens-track-and-field,2020,43.157285,-77.615214
Christian Myers,Dist./XC,"Westport, Conn.",mens-track-and-field,2020,41.1414855,-73.3578955
Jason Norris,Dist./XC,"Wellesley, Mass.",mens-track-and-field,2020,42.2964859,-71.2925571
David Moore,Dist./XC,"Auckland, New Zealand",mens-track-and-field,2020,-36.852095,174.7631803
Owen Ritz,Dist./XC(C),"Meadowbrook, Pa.",mens-track-and-field,2020,40.1113073,-75.0925035
Myles Schreck,Throws(C),"Winter Springs, Fla.",mens-track-and-field,2020,28.6987317,-81.3055188
Justin Stevens,Hurdles,"Huntington, N.Y.",mens-track-and-field,2020,40.868154,-73.425676
Patrick O'Brien,Dist./XC,"Durham, N.H.",mens-track-and-field,2020,43.1214141,-70.9177186
Benjamin Matejka,Dist./XC(C),"Wellesley, Mass.",mens-track-and-field,2020,42.2964859,-71.2925571
Charles Wade,Sprints,"St. Charles, Il.",mens-track-and-field,2020,41.9139808,-88.3128183
Will Marx,Sprints,"Houston, Texas",mens-track-and-field,2020,29.7589382,-95.3676974
Connor Luck,Multis,"Oceanside, Calif.",mens-track-and-field,2020,33.1958696,-117.379483
Andrew Thompson,Dist./XC,"Trumbull, Conn.",mens-track-and-field,2020,41.2428742,-73.2006687
Nils Wildberg,Jumps,"Princeton, N.J.",mens-track-and-field,2020,40.3496953,-74.6597376
Michael Walkosz,Sprints,"Mokena, Ill.",mens-track-and-field,2020,41.5261437,-87.8892189
Isaac Weber,Dist./XC,"Indianapolis, Ind.",mens-track-and-field,2020,39.7683331,-86.1583502
Ahria Simons,Jumps,"Pembroke, Bermuda",mens-track-and-field,2020,32.3016221,-64.7900055
Seth Weprin,MD/Dist.,"Dallas, Texas",mens-track-and-field,2020,32.7762719,-96.7968559
Jason Wang,Dist./XC,"Honolulu, Hawaii",mens-track-and-field,2020,21.304547,-157.855676
Jacob Winslow,Dist.-XC,"Stratham, N.H.",mens-track-and-field,2020,43.0244129,-70.9122808
Brian Mass,Dist./XC,"Perkasie, Pa.",mens-track-and-field,2020,40.372048,-75.292676
James Lawrence,Dist.-XC,"Wayne, Pa.",mens-track-and-field,2020,41.6264414,-75.3045103
Donovan Spearman,Sprints,"Gardena, Calif.",mens-track-and-field,2020,33.8815601,-118.2935879
Aidan Robinson,Mid-Dist./XC,"Onalaska, Wis.",mens-track-and-field,2020,43.8830606,-91.2343539
Max Frye,Hurdles(C),"New Albany, Ohio",mens-track-and-field,2020,40.0811745,-82.8087864
Will Daley,Dist./XC,"Denver, Colo.",mens-track-and-field,2020,39.7392364,-104.984862
Jacob Fishler,Throws,"Syosset, N.Y.",mens-track-and-field,2020,40.814858,-73.5017966
Rahul Batlanki,Jumps,"Flower Mound, Texas",mens-track-and-field,2020,33.0283854,-97.0867203
Ryan Cashman,Multis,"Belle Mead, N.J.",mens-track-and-field,2020,40.4667713,-74.6607144
Gregory Crowley,Distance,"Scarsdale, N.Y.",mens-track-and-field,2020,40.9885221,-73.8085608
William Eaton,Dist./XC,"Portland, Ore.",mens-track-and-field,2020,45.5202471,-122.674194
Jake Dalton,Throws,"Andover, Mass.",mens-track-and-field,2020,42.65717,-71.1408776
Julian Martelly,Sprints,"New York, N.Y.",mens-track-and-field,2020,40.7127281,-74.0060152
MJ Farber,Sprints,"Shelton, Conn.",mens-track-and-field,2020,41.3164856,-73.0931641
Derek Elsholz,Throws,"Cave Creek, Ariz.",mens-track-and-field,2020,33.8333333,-111.950833
Will Chaffin,Dist./XC,"Carlisle, Mass.",mens-track-and-field,2020,42.5292605,-71.3495035
Trey Cormier,Dist.-XC,"West Hartford, Conn.",mens-track-and-field,2020,41.7620447,-72.7420399
Colin Donnelly,Dist./XC,"Hampton, N.H.",mens-track-and-field,2020,42.9417199,-70.8378746
Michael Gabriel,Throws,"Schaghticoke, N.Y.",mens-track-and-field,2020,42.8944113,-73.5872328
Brendan Balthis,Dist.-XC,"Newark, Del.",mens-track-and-field,2020,39.6828358,-75.7515682
Will Baginski,Dist.-XC,"Ridgewood, N.J.",mens-track-and-field,2020,40.9796683,-74.1194403
Julien Hinz,Dist./XC,"New York, N.Y.",mens-track-and-field,2020,40.7127281,-74.0060152
Myles Epstein,Sprints,"Chestnut Hill, Mass.",mens-track-and-field,2020,42.3234553,-71.1639439
Liam Jamieson,Dist./XC,"Santa Monica, Calif.",mens-track-and-field,2020,34.0194704,-118.491227
Thomas Lingard,Dist./XC,"Cambridge, Mass.",mens-track-and-field,2020,42.3656347,-71.1040018
Tim Zepf,MD/XC(C),"Londonderry, N.H.",mens-track-and-field,2020,42.8650869,-71.3739532
Brendan Loftus,Throws,"Little Silver, N.J.",mens-track-and-field,2020,40.3367769,-74.0470837
Cade Lewis,Sprints,"Sidney, Neb.",mens-track-and-field,2020,41.1448682,-102.9767382
Nicholas Feffer,Dist./XC,"Boalsburg, Pa.",mens-track-and-field,2020,40.7763607,-77.7829777
Eric Gibson,Dist.-XC,"Annapolis, Md.",mens-track-and-field,2020,38.9786401,-76.492786
Ethan Hughes,Multis,"San Diego, Calif.",mens-track-and-field,2020,32.7157062,-117.1638284
Derek Elsholz,Throws,"Cave Creek, Ariz.",mens-track-and-field,2021,33.8333333,-111.950833
Colin Donnelly,Distance,"Hampton, N.H.",mens-track-and-field,2021,42.9417199,-70.8378746
Jason Norris,Distance,"Wellesley, Mass.",mens-track-and-field,2021,42.2964859,-71.2925571
Declan O'Scannlain,Distance,"Portland, Ore.",mens-track-and-field,2021,45.5202471,-122.674194
Ben Pable,Throws,"Waukegan, Ill.",mens-track-and-field,2021,42.3602273,-87.8318164
Karl-Oskar Pajus,Multis,"Tallinn, Estonia",mens-track-and-field,2021,59.437242,24.7572693
Drew Palermo,Throws,"Rochester, N.Y.",mens-track-and-field,2021,43.157285,-77.615214
Justin Stevens,Hurdles,"Huntington, N.Y.",mens-track-and-field,2021,40.868154,-73.425676
Andrew Thompson,Distance,"Trumbull, Conn.",mens-track-and-field,2021,41.2428742,-73.2006687
David Moore,Distance,"Auckland, New Zealand",mens-track-and-field,2021,-36.852095,174.7631803
Isaac Weber,Distance,"Indianapolis, Ind.",mens-track-and-field,2021,39.7683331,-86.1583502
Will Marx,Sprints,"Houston, Texas",mens-track-and-field,2021,29.7589382,-95.3676974
Seth Weprin,Middle Distance,"Dallas, Texas",mens-track-and-field,2021,32.7762719,-96.7968559
Ben Williams,Distance,"Jackson, Wyo.",mens-track-and-field,2021,43.479965,-110.761815
Nils Wildberg,Jumps,"Princeton, N.J.",mens-track-and-field,2021,40.3496953,-74.6597376
Albert Velikonja,Distance,"Montreal, Quebec",mens-track-and-field,2021,45.5031824,-73.5698065
Samuel Morton,Distance,"Larchmont, N.Y.",mens-track-and-field,2021,40.9278769,-73.7517983
Myles Schreck,Throws(C),"Winter Springs, Fla.",mens-track-and-field,2021,28.6987317,-81.3055188
Christian Myers,Distance,"Westport, Conn.",mens-track-and-field,2021,41.1414855,-73.3578955
DJ Matusz,Middle Distance,"Scarsdale, N.Y.",mens-track-and-field,2021,40.9885221,-73.8085608
Michael Walkosz,Sprints,"Mokena, Ill.",mens-track-and-field,2021,41.5261437,-87.8892189
David Appleton,Middle Distance,"Mattapoisett, Mass.",mens-track-and-field,2021,41.6580466,-70.8135195
Jacob Winslow,Distance,"Stratham, N.H.",mens-track-and-field,2021,43.0244129,-70.9122808
Jason Wang,Distance,"Honolulu, Hawaii",mens-track-and-field,2021,21.304547,-157.855676
Matt Krogh,Throws,"Stevenson Ranch, Calif.",mens-track-and-field,2021,34.3947903,-118.5885327
Aidan Robinson,Middle Distance,"Onalaska, Wis.",mens-track-and-field,2021,43.8830606,-91.2343539
Rahul Batlanki,Jumps,"Flower Mound, Texas",mens-track-and-field,2021,33.0283854,-97.0867203
Eric Gibson,Distance,"Annapolis, Md.",mens-track-and-field,2021,38.9786401,-76.492786
Mason Childers,Middle Distance,"Ellettsville, Ind.",mens-track-and-field,2021,39.2339348,-86.6250008
Trey Cormier,Distance,"West Hartford, Conn.",mens-track-and-field,2021,41.7620447,-72.7420399
Alexander Craig,Distance,"Mattapoisett, Mass.",mens-track-and-field,2021,41.6580466,-70.8135195
Will Daley,Distance,"Denver, Colo.",mens-track-and-field,2021,39.7392364,-104.984862
Jake Dalton,Throws,"Andover, Mass.",mens-track-and-field,2021,42.65717,-71.1408776
Cade Lewis,Sprints,"Sidney, Neb.",mens-track-and-field,2021,41.1448682,-102.9767382
Michael Gabriel,Throws,"Schaghticoke, N.Y.",mens-track-and-field,2021,42.8944113,-73.5872328
Jacob Fishler,Throws,"Syosset, N.Y.",mens-track-and-field,2021,40.814858,-73.5017966
Alejandro Rincon,Distance,"Glastonbury, Conn.",mens-track-and-field,2021,41.7123218,-72.608146
Thomas Lingard,Distance(C),"Cambridge, Mass.",mens-track-and-field,2021,42.3656347,-71.1040018
Jonathan Reid,Distance,"Bradenton, Fla.",mens-track-and-field,2021,27.4989278,-82.5748194
Ryan Cashman,Multis(C),"Belle Mead, N.J.",mens-track-and-field,2021,40.4667713,-74.6607144
Ethan Hughes,Multis,"San Diego, Calif.",mens-track-and-field,2021,32.7157062,-117.1638284
Maclean Hadden,Distance,"Boston, Mass.",mens-track-and-field,2021,42.3588336,-71.0578303
Julien Hinz,Distance,"New York, N.Y.",mens-track-and-field,2021,40.7127281,-74.0060152
Liam Jamieson,Distance,"Santa Monica, Calif.",mens-track-and-field,2021,34.0194704,-118.491227
Myles Epstein,Sprints,"Chestnut Hill, Mass.",mens-track-and-field,2021,42.3234553,-71.1639439
Connor Luck,Multis,"Oceanside, Calif.",mens-track-and-field,2021,33.1958696,-117.379483
Jake Lotreck,Distance,"Rockville, Conn.",mens-track-and-field,2021,41.8655808,-72.4559661
Will Chaffin,Distance,"Carlisle, Mass.",mens-track-and-field,2021,42.5292605,-71.3495035
James Lawrence,Distance,"Wayne, Pa.",mens-track-and-field,2021,41.6264414,-75.3045103
Colton McMaster,Throws,"Astoria, Ore.",mens-track-and-field,2022,46.1882007,-123.8319802
Aidan Robinson,Middle Distance,"Onalaska, Wis.",mens-track-and-field,2022,43.8830606,-91.2343539
Jason Norris,Distance,"Wellesley, Mass.",mens-track-and-field,2022,42.2964859,-71.2925571
Yomi Babalola,Throws,"Riverbank, Calif.",mens-track-and-field,2022,37.7360396,-120.9354895
Ben Pable,Throws,"Waukegan, Ill.",mens-track-and-field,2022,42.3602273,-87.8318164
Eric Sankey,Distance,"Boulder, Colo.",mens-track-and-field,2022,40.0149856,-105.270545
Maclean Hadden,Distance,"Boston, Mass.",mens-track-and-field,2022,42.3588336,-71.0578303
Julien Hinz,Distance,"New York, N.Y.",mens-track-and-field,2022,40.7127281,-74.0060152
Alexander Craig,Distance,"Mattapoisett, Mass.",mens-track-and-field,2022,41.6580466,-70.8135195
Jacob Winslow,Distance,"Stratham, N.H.",mens-track-and-field,2022,43.0244129,-70.9122808
Andrew Thompson,Distance,"Trumbull, Conn.",mens-track-and-field,2022,41.2428742,-73.2006687
Sam Starrs,Pole Vault,"Ijamsville, Md.",mens-track-and-field,2022,39.3603809,-77.3227621
Isaac Weber,Distance,"Indianapolis, Ind.",mens-track-and-field,2022,39.7683331,-86.1583502
Seth Weprin,Middle Distance,"Dallas, Texas",mens-track-and-field,2022,32.7762719,-96.7968559
Liam Murray,Sprints,"Boise, Idaho",mens-track-and-field,2022,43.6166163,-116.200886
Albert Velikonja,Distance,"Montreal, Quebec",mens-track-and-field,2022,45.5031824,-73.5698065
Will Daley,Distance(C),"Denver, Colo.",mens-track-and-field,2022,39.7392364,-104.984862
Christian Myers,Distance,"Westport, Conn.",mens-track-and-field,2022,41.1414855,-73.3578955
Mason Childers,Middle Distance,"Ellettsville, Ind.",mens-track-and-field,2022,39.2339348,-86.6250008
Declan O'Scannlain,Distance,"Portland, Ore.",mens-track-and-field,2022,45.5202471,-122.674194
Eric Gibson,Distance,"Annapolis, Md.",mens-track-and-field,2022,38.9786401,-76.492786
Ben Williams,Distance,"Jackson, Wyo.",mens-track-and-field,2022,43.479965,-110.761815
J'Voughnn Blake,Middle Distance,"Kingston, Jamaica",mens-track-and-field,2022,17.9712148,-76.7928128
Jason Wang,Distance,"Honolulu, Hawaii",mens-track-and-field,2022,21.304547,-157.855676
Baker Pashea,Middle Distance,"St. Louis, Mo.",mens-track-and-field,2022,38.6254063,-90.190009
Jonathan Reid,Distance,"Bradenton, Fla.",mens-track-and-field,2022,27.4989278,-82.5748194
Nils Wildberg,Jumps,"Princeton, N.J.",mens-track-and-field,2022,40.3496953,-74.6597376
Jake Dalton,Throws,"Andover, Mass.",mens-track-and-field,2022,42.65717,-71.1408776
David Appleton,Middle Distance,"Mattapoisett, Mass.",mens-track-and-field,2022,41.6580466,-70.8135195
Myles Epstein,Sprints,"Chestnut Hill, Mass.",mens-track-and-field,2022,42.3234553,-71.1639439
Joaquin Deprez,Middle Distance,"Corrales, N.M.",mens-track-and-field,2022,35.2382346,-106.6069727
David Adams,Pole Vault,"Port Washington, Ohio",mens-track-and-field,2022,40.328124,-81.5206731
Matt Krogh,Throws,"Stevenson Ranch, Calif.",mens-track-and-field,2022,34.3947903,-118.5885327
Colin Donnelly,Distance,"Hampton, N.H.",mens-track-and-field,2022,42.9417199,-70.8378746
Derek Elsholz,Throws,"Cave Creek, Ariz.",mens-track-and-field,2022,33.8333333,-111.950833
Max Klein,Throws,"Newton, Mass.",mens-track-and-field,2022,42.3300435,-71.194862
Michael Gabriel,Throws,"Schaghticoke, N.Y.",mens-track-and-field,2022,42.8944113,-73.5872328
James Lawrence,Distance,"Wayne, Pa.",mens-track-and-field,2022,41.6264414,-75.3045103
Rahul Batlanki,Jumps(C),"Flower Mound, Texas",mens-track-and-field,2022,33.0283854,-97.0867203
DJ Matusz,Middle Distance,"Scarsdale, N.Y.",mens-track-and-field,2022,40.9885221,-73.8085608
Karl-Oskar Pajus,Multis(C),"Tallinn, Estonia",mens-track-and-field,2022,59.437242,24.7572693
Ethan Hughes,Multis,"San Diego, Calif.",mens-track-and-field,2022,32.7157062,-117.1638284
Albert Velikonja,Distance,"Montreal, Quebec",mens-track-and-field,2023,45.5031824,-73.5698065
Alexander Craig,Distance,"Mattapoisett, Mass.",mens-track-and-field,2023,41.6580466,-70.8135195
Ashton Bange,Distance,"Corning, N.Y.",mens-track-and-field,2023,42.1435257,-77.0543408
Rahul Batlanki,Jumps,"Flower Mound, Texas",mens-track-and-field,2023,33.0283854,-97.0867203
J'Voughnn Blake,Middle Distance,"Kingston, Jamaica",mens-track-and-field,2023,17.9712148,-76.7928128
Baker Pashea,Middle Distance,"St. Louis, Mo.",mens-track-and-field,2023,38.6254063,-90.190009
Will Chaffin,Distance,"Carlisle, Mass.",mens-track-and-field,2023,42.5292605,-71.3495035
Maclean Hadden,Distance,"Boston, Mass.",mens-track-and-field,2023,42.3588336,-71.0578303
Patrick Dowd,Distance,"New Orleans, La.",mens-track-and-field,2023,29.9574657,-90.0629493
Michael Gabriel,Throws,"Schaghticoke, N.Y.",mens-track-and-field,2023,42.8944113,-73.5872328
Declan O'Scannlain,Distance,"Portland, Ore.",mens-track-and-field,2023,45.5202471,-122.674194
Ethan Hughes,Multis,"San Diego, Calif.",mens-track-and-field,2023,32.7157062,-117.1638284
Derek Elsholz,Throws,"Cave Creek, Ariz.",mens-track-and-field,2023,33.8333333,-111.950833
Sam Starrs,Pole Vault,"Ijamsville, Md.",mens-track-and-field,2023,39.3603809,-77.3227621
David Adams,Pole Vault,"Port Washington, Ohio",mens-track-and-field,2023,40.328124,-81.5206731
Jack Intihar,Multis,"Crozet, Va.",mens-track-and-field,2023,38.065017,-78.690893
Ben Pable,Throws,"Waukegan, Ill.",mens-track-and-field,2023,42.3602273,-87.8318164
DJ Matusz,Middle Distance(C),"Scarsdale, N.Y.",mens-track-and-field,2023,40.9885221,-73.8085608
Joaquin Deprez,Middle Distance,"Corrales, N.M.",mens-track-and-field,2023,35.2382346,-106.6069727
David Appleton,Middle Distance,"Mattapoisett, Mass.",mens-track-and-field,2023,41.6580466,-70.8135195
Adrien Jacobs,Sprints,"Durham, N.C.",mens-track-and-field,2023,35.996653,-78.9018053
Evan Bork,,"Lakewood, Ohio",mens-track-and-field,2023,41.4819932,-81.7981908
Eric Sankey,Distance,"Boulder, Colo.",mens-track-and-field,2023,40.0149856,-105.270545
Tyler Schill,Distance,"Cinnaminson, N.J.",mens-track-and-field,2023,40.0166151,-74.9999754
Ben Williams,Distance,"Jackson, Wyo.",mens-track-and-field,2023,43.479965,-110.761815
Karl-Oskar Pajus,Multis(C),"Tallinn, Estonia",mens-track-and-field,2023,59.437242,24.7572693
Colton McMaster,Throws,"Astoria, Ore.",mens-track-and-field,2023,46.1882007,-123.8319802
Jason Norris,Distance,"Wellesley, Mass.",mens-track-and-field,2023,42.2964859,-71.2925571
Roy Leibovitz,Jumps,"Tel-Aviv, Israel",mens-track-and-field,2023,32.0852997,34.7818064
Mason Childers,Middle Distance(C),"Ellettsville, Ind.",mens-track-and-field,2023,39.2339348,-86.6250008
James Lawrence,Distance,"Wayne, Pa.",mens-track-and-field,2023,41.6264414,-75.3045103
Max Klein,Throws,"Newton, Mass.",mens-track-and-field,2023,42.3300435,-71.194862
Will Daley,Distance,"Denver, Colo.",mens-track-and-field,2023,39.7392364,-104.984862
Liam Murray,Sprints,"Boise, Idaho",mens-track-and-field,2023,43.6166163,-116.200886
Reese Spence,Sprints,"Jonesboro, Ga.",mens-track-and-field,2023,33.5215013,-84.3538128
David Walker,Throws,"New Haven, Conn.",mens-track-and-field,2023,41.3082138,-72.9250518
Bryce Thomas,Sprints,"Hayward, Calif.",mens-track-and-field,2023,37.6688205,-122.080796
Ayush Saran,Distance,"Princeton, N.J.",mens-track-and-field,2023,40.3496953,-74.6597376
Patrick Dowd,Distance,"New Orleans, La.",mens-track-and-field,2024,29.9574657,-90.0629493
Tyler Schill,Distance,"Cinnaminson, N.J.",mens-track-and-field,2024,40.0166151,-74.9999754
Ayush Saran,Distance,"Princeton, N.J.",mens-track-and-field,2024,40.3496953,-74.6597376
Max Klein,Throws,"Newton, Mass.",mens-track-and-field,2024,42.3300435,-71.194862
Alexander Craig,Distance,"Mattapoisett, Mass.",mens-track-and-field,2024,41.6580466,-70.8135195
Liam Murray,Sprints,"Boise, Idaho",mens-track-and-field,2024,43.6166163,-116.200886
Colton McMaster,Throws,"Astoria, Ore.",mens-track-and-field,2024,46.1882007,-123.8319802
Maclean Hadden,Distance,"Boston, Mass.",mens-track-and-field,2024,42.3588336,-71.0578303
Ashton Bange,Distance,"Corning, N.Y.",mens-track-and-field,2024,42.1435257,-77.0543408
Max Miller,Distance,"Prosper, Texas",mens-track-and-field,2024,33.2371585,-96.7977048
DJ Matusz,Middle Distance(C),"Scarsdale, N.Y.",mens-track-and-field,2024,40.9885221,-73.8085608
Roy Leibovitz,Jumps,"Tel-Aviv, Israel",mens-track-and-field,2024,32.0852997,34.7818064
Noe Kemper,Middle Distance,"Boise, Idaho",mens-track-and-field,2024,43.6166163,-116.200886
Winston Morgan,Sprinter,"Mississauga, Ontario, Canada",mens-track-and-field,2024,43.5884727,-79.643658
Bryce Thomas,Sprints,"Hayward, Calif.",mens-track-and-field,2024,37.6688205,-122.080796
Joaquin Deprez,Middle Distance,"Corrales, N.M.",mens-track-and-field,2024,35.2382346,-106.6069727
Baker Pashea,Middle Distance,"St. Louis, Mo.",mens-track-and-field,2024,38.6254063,-90.190009
Ivan Ochoa Lynch,Throws,"Bloomington, Indiana",mens-track-and-field,2024,39.1670396,-86.5342881
Jack Inglis,Multis,"Bethlehem, Pa.",mens-track-and-field,2024,-1.45056,-48.4682453
Jack Intihar,Multis,"Crozet, Va.",mens-track-and-field,2024,38.065017,-78.690893
Sam Puana,Sprints,"Englewood, Colo.",mens-track-and-field,2024,39.6482059,-104.9879641
Albert Velikonja,Distance,"Montreal, Quebec",mens-track-and-field,2024,45.5031824,-73.5698065
Eric Sankey,Distance,"Boulder, Colo.",mens-track-and-field,2024,40.0149856,-105.270545
Bradford Chosewood,Throws,"Cornelia, Ga.",mens-track-and-field,2024,34.5114883,-83.5271166
Keion Grieve,Mid Distance,"Jefferson City, Mo.",mens-track-and-field,2024,38.577359,-92.1724265
Michael Bueker,Middle Distance,"Wellesley, MA",mens-track-and-field,2024,42.2964859,-71.2925571
Mason Childers,Middle Distance(C),"Ellettsville, Ind.",mens-track-and-field,2024,39.2339348,-86.6250008
Sam Starrs,Pole Vault,"Ijamsville, Md.",mens-track-and-field,2024,39.3603809,-77.3227621
Painter Richards-Baker,Hurdler/Sprinter,"Hillsborough, NC",mens-track-and-field,2024,36.075382,-79.0993958
Evan Bork,,"Lakewood, Ohio",mens-track-and-field,2024,41.4819932,-81.7981908
Yomi Babalola,Throws,"Riverbank, Calif.",mens-track-and-field,2024,37.7360396,-120.9354895
David Adams,Pole Vault,"Port Washington, Ohio",mens-track-and-field,2024,40.328124,-81.5206731
David Jiang,Distance,"Toronto, Canada",mens-track-and-field,2024,43.6534817,-79.3839347
Adrien Jacobs,Sprints,"Durham, N.C.",mens-track-and-field,2024,35.996653,-78.9018053
J'Voughnn Blake,Middle Distance,"Kingston, Jamaica",mens-track-and-field,2024,17.9712148,-76.7928128
Asher Beck,Distance,"Greenwich, Conn.",mens-track-and-field,2024,41.0264862,-73.6284598
Connor Foley,Middle Distance,"Kingston, United Kingdom",mens-track-and-field,2024,52.1791855,-0.0321477
Ben Williams,Distance,"Jackson, Wyo.",mens-track-and-field,2024,43.479965,-110.761815
Colton McMaster,Throws,"Astoria, Ore.",mens-track-and-field,2025,46.1882007,-123.8319802
Foster Laird,Distance,"Homewood, Ala.",mens-track-and-field,2025,33.4737098,-86.8084509
Winston Morgan,Sprinter,"Mississauga, Ontario, Canada",mens-track-and-field,2025,43.5884727,-79.643658
Matthew Kmecz,Distance,"Toronto, Ontario, Canada",mens-track-and-field,2025,43.6534817,-79.3839347
Liam Murray,Sprints,"Boise, Idaho",mens-track-and-field,2025,43.6166163,-116.200886
Max Klein,Throws,"Newton, Mass.",mens-track-and-field,2025,42.3300435,-71.194862
Callahan Fielder,Distance,"Nashville, Tenn.",mens-track-and-field,2025,36.1622767,-86.7742984
Bryce Thomas,Sprints,"Hayward, Calif.",mens-track-and-field,2025,37.6688205,-122.080796
Keion Grieve,Mid Distance,"Jefferson City, Mo.",mens-track-and-field,2025,38.577359,-92.1724265
Eric Sankey,Distance,"Boulder, Colo.",mens-track-and-field,2025,40.0149856,-105.270545
Jack Intihar,Multis,"Crozet, Va.",mens-track-and-field,2025,38.065017,-78.690893
Henning Ehn,Hurdles,"Njurunda, Sweden",mens-track-and-field,2025,62.2373632,17.4632778
Roy Leibovitz,Jumps,"Tel-Aviv, Israel",mens-track-and-field,2025,32.0852997,34.7818064
Patrick Dowd,Distance,"New Orleans, La.",mens-track-and-field,2025,29.9574657,-90.0629493
Adrien Jacobs,Sprints,"Durham, N.C.",mens-track-and-field,2025,35.996653,-78.9018053
David Jiang,Distance,"Toronto, Canada",mens-track-and-field,2025,43.6534817,-79.3839347
Noe Kemper,Middle Distance,"Boise, Idaho",mens-track-and-field,2025,43.6166163,-116.200886
Jack Inglis,Multis,"Bethlehem, Pa.",mens-track-and-field,2025,-1.45056,-48.4682453
Bradford Chosewood,Throws,"Cornelia, Ga.",mens-track-and-field,2025,34.5114883,-83.5271166
Jack Tan,Pole Vault,"Raleigh, N.C.",mens-track-and-field,2025,35.7803977,-78.6390989
Richard Rozkydalek,Middle Distance,"Prague, Czechia",mens-track-and-field,2025,50.0874654,14.4212535
Rory Gaan,Distance,"Hoffman Estates, Ill.",mens-track-and-field,2025,42.0427256,-88.0792782
Michael Bueker,Middle Distance,"Wellesley, MA",mens-track-and-field,2025,42.2964859,-71.2925571
Andrew Burr,Distance,"El Dorado Hills, Calif.",mens-track-and-field,2025,38.6827365,-121.0536827
Yomi Babalola,Throws,"Riverbank, Calif.",mens-track-and-field,2025,37.7360396,-120.9354895
Jack Rousseau,Sprints,"Louisville, Ky.",mens-track-and-field,2025,38.2542376,-85.759407
Ashton Bange,Distance,"Corning, N.Y.",mens-track-and-field,2025,42.1435257,-77.0543408
J'Voughnn Blake,Middle Distance,"Kingston, Jamaica",mens-track-and-field,2025,17.9712148,-76.7928128
David Adams,Pole Vault,"Port Washington, Ohio",mens-track-and-field,2025,40.328124,-81.5206731
Mitchell Kisgen,Sprints/Hurdles,"Natick, Mass.",mens-track-and-field,2025,42.2836393,-71.346996
Connor Foley,Middle Distance,"Kingston, United Kingdom",mens-track-and-field,2025,52.1791855,-0.0321477
Baker Pashea,,"St. Louis, Mo.",mens-track-and-field,2025,38.6254063,-90.190009
Asher Beck,Distance,"Greenwich, Conn.",mens-track-and-field,2025,41.0264862,-73.6284598
Ivan Ochoa Lynch,Throws,"Bloomington, Indiana",mens-track-and-field,2025,39.1670396,-86.5342881
Sam Puana,Sprints,"Englewood, Colo.",mens-track-and-field,2025,39.6482059,-104.9879641
Eli Engelman,Distance,"Bryn Mawr, Pa.",mens-track-and-field,2025,40.0238245,-75.3173407
George Sullivan,Throws,"Princeton, N.J.",mens-track-and-field,2025,40.3496953,-74.6597376
Sam Starrs,Pole Vault,"Ijamsville, Md.",mens-track-and-field,2025,39.3603809,-77.3227621
Brett Seeley-Hacker,Butterfly,"Windham, N.H.",mens-swimming-and-diving,2016,42.8006441,-71.304229
Timo Vaimann,Breast,"P?rnu, Estonia",mens-swimming-and-diving,2016,58.3870659,24.5026059
Will Belmont,Free/Fly,"Riverside, Conn.",mens-swimming-and-diving,2016,41.0314897,-73.5833604
Ethan Cook,Sprint,"Warsaw, Ind.",mens-swimming-and-diving,2016,41.2381017,-85.8530544
James Thompson,Free,"Tracy, Calif.",mens-swimming-and-diving,2016,37.7385507,-121.420139
Tang-E Tan,Back,"Baltimore, Md.",mens-swimming-and-diving,2016,39.2908816,-76.610759
Henry Senkfor,Back/IM,"Pepper Pike, Ohio",mens-swimming-and-diving,2016,41.478387,-81.46373
Robert Purvis,Butterfly,"Mt. Kisco, N.Y.",mens-swimming-and-diving,2016,41.2042616,-73.7270761
Dorian Allen,Sprint Free/Fly,"Maplewood, N.J.",mens-swimming-and-diving,2016,40.7312123,-74.2734808
Paul Cane,Back,"Orinda, Calif.",mens-swimming-and-diving,2016,37.8771476,-122.1796888
Jack Cardwell,Sprint,"Madison, Wis.",mens-swimming-and-diving,2016,43.07469,-89.3841663
Tony Shen,Middle Distance,"Pleasanton, Calif.",mens-swimming-and-diving,2016,37.6624312,-121.8746789
Jorge Siwady,Free,"San Pedro Sula, Cortes",mens-swimming-and-diving,2016,15.5053546,-88.0250839
Taylor Clough,Diving,"La Jolla, Calif.",mens-swimming-and-diving,2016,32.8458529,-117.2575702
Joby Bernstein,Distance,"Larchmont, N.Y.",mens-swimming-and-diving,2016,40.9278769,-73.7517983
Iain Edmundson,Breast,"Greenwich, Conn.",mens-swimming-and-diving,2016,41.0264862,-73.6284598
Jack Long,Free,"Bayonne, N.J.",mens-swimming-and-diving,2016,40.6687141,-74.1143091
AJ Krok,Diving,"Westfield, Ind.",mens-swimming-and-diving,2016,40.0428151,-86.1274888
James Flood,Breast,"Chevy Chase, Md.",mens-swimming-and-diving,2016,38.9813699,-77.0849245
Delaney Hall,Free,"Garden City, N.Y.",mens-swimming-and-diving,2016,40.7266477,-73.6343052
John Hall,Middle Distance,"Little Silver, N.J.",mens-swimming-and-diving,2016,40.3367769,-74.0470837
Carter Jacobsen,Free,"Seattle, Wash.",mens-swimming-and-diving,2016,47.6038321,-122.330062
Patrick Kang,Breast,"Calabasas, Calif.",mens-swimming-and-diving,2016,34.1446643,-118.644097
Bruno Korbar,Free/Fly,"Grad Zagreb, Croatia",mens-swimming-and-diving,2016,45.8130967,15.9772795
Ray Neistat,Diving,"Newington, Conn.",mens-swimming-and-diving,2016,41.6978777,-72.7237063
Josh Hendell,Distance,"Scarsdale, N.Y.",mens-swimming-and-diving,2016,40.9885221,-73.8085608
David Harmon,Free/Fly,"Severna Park, Md.",mens-swimming-and-diving,2016,39.0826193,-76.5719676
Henry Patrick,Free,"Warrenton, Va.",mens-swimming-and-diving,2016,38.7135498,-77.795367
Tony Shen,Middle Distance,"Pleasanton, Calif.",mens-swimming-and-diving,2017,37.6624312,-121.8746789
Stas Van Genderen,Free,"Cape Coral, Fla.",mens-swimming-and-diving,2017,26.5625742,-81.9438802
Tang-E Tan,Back,"Baltimore, Md.",mens-swimming-and-diving,2017,39.2908816,-76.610759
Justin Sodokoff,Diving,"Greenwich, Conn.",mens-swimming-and-diving,2017,41.0264862,-73.6284598
Matt Luciano,Fly/Back,"Mountain Lakes, N.J.",mens-swimming-and-diving,2017,40.8948212,-74.4329314
Gabriel Mathews,Free,"New York, N.Y.",mens-swimming-and-diving,2017,40.7127281,-74.0060152
John Hall,Middle Distance,"Little Silver, N.J.",mens-swimming-and-diving,2017,40.3367769,-74.0470837
Henry Patrick,Free,"Warrenton, Va.",mens-swimming-and-diving,2017,38.7135498,-77.795367
Robert Purvis,Butterfly,"Mt. Kisco, N.Y.",mens-swimming-and-diving,2017,41.2042616,-73.7270761
Josh Hendell,Distance,"Scarsdale, N.Y.",mens-swimming-and-diving,2017,40.9885221,-73.8085608
Carter Jacobsen,Free,"Seattle, Wash.",mens-swimming-and-diving,2017,47.6038321,-122.330062
Brandon Liao,Free,"Suffield, Conn.",mens-swimming-and-diving,2017,41.9816944,-72.6506604
Bruno Korbar,Free/Fly,"Grad Zagreb, Croatia",mens-swimming-and-diving,2017,45.8130967,15.9772795
AJ Krok,Diving,"Westfield, Ind.",mens-swimming-and-diving,2017,40.0428151,-86.1274888
Ray Neistat,Diving,"Newington, Conn.",mens-swimming-and-diving,2017,41.6978777,-72.7237063
Delaney Hall,Free,"Garden City, N.Y.",mens-swimming-and-diving,2017,40.7266477,-73.6343052
Paul Cane,Back,"Orinda, Calif.",mens-swimming-and-diving,2017,37.8771476,-122.1796888
Jack Cardwell,Sprint,"Madison, Wis.",mens-swimming-and-diving,2017,43.07469,-89.3841663
Ethan Cook,Sprint,"Warsaw, Ind.",mens-swimming-and-diving,2017,41.2381017,-85.8530544
Iain Edmundson,Breast,"Greenwich, Conn.",mens-swimming-and-diving,2017,41.0264862,-73.6284598
JP Mortenson,Fly/Back,"Pacific Palisades, Calif.",mens-swimming-and-diving,2017,34.0480643,-118.5264706
Connor LaMastra,Fly/IM,"Atlanta, Ga.",mens-swimming-and-diving,2017,33.7544657,-84.3898151
Zach Browne,Sprint,"Richmond, Va.",mens-swimming-and-diving,2017,37.5385087,-77.43428
Brett Seeley-Hacker,Butterfly,"Windham, N.H.",mens-swimming-and-diving,2017,42.8006441,-71.304229
Henry Senkfor,Back/IM,"Pepper Pike, Ohio",mens-swimming-and-diving,2017,41.478387,-81.46373
Patrick Kang,Breast,"Calabasas, Calif.",mens-swimming-and-diving,2017,34.1446643,-118.644097
Parker Hershberger,Breast/Free,"Carmel, Ind.",mens-swimming-and-diving,2018,39.9784186,-86.1283681
AJ Krok,Diving,"Westfield, Ind.",mens-swimming-and-diving,2018,40.0428151,-86.1274888
Connor LaMastra,Fly/IM,"Atlanta, Ga.",mens-swimming-and-diving,2018,33.7544657,-84.3898151
Gabriel Mathews,Free,"New York, N.Y.",mens-swimming-and-diving,2018,40.7127281,-74.0060152
Maxwell Jones,Breast/IM,"San Antonio, Texas",mens-swimming-and-diving,2018,29.4246002,-98.4951405
Carter Jacobsen,Free,"Seattle, Wash.",mens-swimming-and-diving,2018,47.6038321,-122.330062
Dylan Chan,Back/Fly,"Flushing, N.Y.",mens-swimming-and-diving,2018,40.7654301,-73.8174291
Paul Cane,Back,"Orinda, Calif.",mens-swimming-and-diving,2018,37.8771476,-122.1796888
Iain Edmundson,Breast,"Greenwich, Conn.",mens-swimming-and-diving,2018,41.0264862,-73.6284598
Zach Browne,Sprint,"Richmond, Va.",mens-swimming-and-diving,2018,37.5385087,-77.43428
Matt Degtyar,Free/Fly/Back,"Winter Park, Fla.",mens-swimming-and-diving,2018,28.5977707,-81.3510264
Ethan Cook,Sprint,"Warsaw, Ind.",mens-swimming-and-diving,2018,41.2381017,-85.8530544
Brandon Liao,Free,"Suffield, Conn.",mens-swimming-and-diving,2018,41.9816944,-72.6506604
John Hall,Middle Distance,"Little Silver, N.J.",mens-swimming-and-diving,2018,40.3367769,-74.0470837
Luke Rohlen,Free/Fly,"Atherton, Calif.",mens-swimming-and-diving,2018,37.453773,-122.2058272
Robert Purvis,Fly,"Mt. Kisco, N.Y.",mens-swimming-and-diving,2018,41.2042616,-73.7270761
Stas Van Genderen,Free,"Cape Coral, Fla.",mens-swimming-and-diving,2018,26.5625742,-81.9438802
Matt Luciano,Fly/Back,"Mountain Lakes, N.J.",mens-swimming-and-diving,2018,40.8948212,-74.4329314
Tang-E Tan,Back,"Baltimore, Md.",mens-swimming-and-diving,2018,39.2908816,-76.610759
Justin Sodokoff,Diving,"Greenwich, Conn.",mens-swimming-and-diving,2018,41.0264862,-73.6284598
Connor Richmond,Breast/IM,"Kingwood, Texas",mens-swimming-and-diving,2018,30.0497077,-95.1846301
Ethan Moon,Free/Fly,"Dunwoody, Ga.",mens-swimming-and-diving,2018,33.9463786,-84.3342686
Hugh McKenzie,Breast/IM,"Brookline, Mass.",mens-swimming-and-diving,2018,42.332918,-71.1187829
Joe Moll,Back/IM,"Lititz, Pa.",mens-swimming-and-diving,2018,40.1571324,-76.307162
Ray Neistat,Diving,"Newington, Conn.",mens-swimming-and-diving,2018,41.6978777,-72.7237063
Henry Patrick,Free,"Warrenton, Va.",mens-swimming-and-diving,2018,38.7135498,-77.795367
JP Mortenson,Fly/Back,"Pacific Palisades, Calif.",mens-swimming-and-diving,2018,34.0480643,-118.5264706
Connor Bishop,Sprint,"Toledo, Ohio",mens-swimming-and-diving,2019,41.6529143,-83.5378173
Alec Kong,Breast,"Moraga, Calif.",mens-swimming-and-diving,2019,37.834897,-122.12883
Jonathan Hu,Diving,"Stamford, Conn.",mens-swimming-and-diving,2019,41.0534302,-73.5387341
Brandon Liao,Free,"Suffield, Conn.",mens-swimming-and-diving,2019,41.9816944,-72.6506604
Charlie Palsho,Breast/IM,"Weston, Conn.",mens-swimming-and-diving,2019,41.2021302,-73.3812743
Stas Van Genderen,Free,"Cape Coral, Fla.",mens-swimming-and-diving,2019,26.5625742,-81.9438802
Connor Richmond,Breast/IM,"Kingwood, Texas",mens-swimming-and-diving,2019,30.0497077,-95.1846301
Kyle Schubert,Diving,"Basking Ridge, N.J.",mens-swimming-and-diving,2019,40.7064088,-74.5492725
Justin Sodokoff,Diving,"Greenwich, Conn.",mens-swimming-and-diving,2019,41.0264862,-73.6284598
Hugh McKenzie,Breast/IM,"Brookline, Mass.",mens-swimming-and-diving,2019,42.332918,-71.1187829
Matt Luciano,Fly/Back,"Mountain Lakes, N.J.",mens-swimming-and-diving,2019,40.8948212,-74.4329314
Ray Neistat,Diving,"Newington, Conn.",mens-swimming-and-diving,2019,41.6978777,-72.7237063
Connor LaMastra,Fly/IM,"Atlanta, Ga.",mens-swimming-and-diving,2019,33.7544657,-84.3898151
Joe Moll,Back/IM,"Lititz, Pa.",mens-swimming-and-diving,2019,40.1571324,-76.307162
Landon Armstrong,Sprint,"Southlake, Texas",mens-swimming-and-diving,2019,32.9412363,-97.1341783
Ethan Moon,Free/Fly,"Dunwoody, Ga.",mens-swimming-and-diving,2019,33.9463786,-84.3342686
Tim Park,Free/Fly/IM,"Closter, N.J.",mens-swimming-and-diving,2019,40.9731536,-73.9615262
Tang-E Tan,Back,"Baltimore, Md.",mens-swimming-and-diving,2019,39.2908816,-76.610759
Andrew Vorobev,Back,"Highland Park, Ill.",mens-swimming-and-diving,2019,42.1836719,-87.7993245
Dylan Chan,Back/Fly,"Flushing, N.Y.",mens-swimming-and-diving,2019,40.7654301,-73.8174291
John Hall,Middle Distance,"Little Silver, N.J.",mens-swimming-and-diving,2019,40.3367769,-74.0470837
Noah Hensley,Back,"Cary, N.C.",mens-swimming-and-diving,2019,35.7873617,-78.7811623
Parker Hershberger,Breast/Free,"Carmel, Ind.",mens-swimming-and-diving,2019,39.9784186,-86.1283681
Ethan Banks,Free,"Cleveland, Ohio",mens-swimming-and-diving,2019,41.4996574,-81.6936772
Maxwell Jones,Breast/IM,"San Antonio, Texas",mens-swimming-and-diving,2019,29.4246002,-98.4951405
Tim Cushman,Back,"Bronxville, N.Y.",mens-swimming-and-diving,2019,40.9381544,-73.8320784
Brandon Liao,Breast/Free,"Suffield, Conn.",mens-swimming-and-diving,2020,41.9816944,-72.6506604
Jonathan Hu,Diving,"Stamford, Conn.",mens-swimming-and-diving,2020,41.0534302,-73.5387341
Noah Hensley,Back,"Cary, N.C.",mens-swimming-and-diving,2020,35.7873617,-78.7811623
Tim Cushman,Back,"Bronxville, N.Y.",mens-swimming-and-diving,2020,40.9381544,-73.8320784
Andrew Vorobev,Back,"Highland Park, Ill.",mens-swimming-and-diving,2020,42.1836719,-87.7993245
Luke Rohlen,Free/Fly,"Atherton, Calif.",mens-swimming-and-diving,2020,37.453773,-122.2058272
Kyle Schubert,Diving,"Basking Ridge, N.J.",mens-swimming-and-diving,2020,40.7064088,-74.5492725
Justin Sodokoff,Diving,"Greenwich, Conn.",mens-swimming-and-diving,2020,41.0264862,-73.6284598
Stas Van Genderen,Free,"Cape Coral, Fla.",mens-swimming-and-diving,2020,26.5625742,-81.9438802
Steven Mendley,Sprint,"Potomac, Md.",mens-swimming-and-diving,2020,39.0180508,-77.1956331
Connor Richmond,Breast/IM,"Kingwood, Texas",mens-swimming-and-diving,2020,30.0497077,-95.1846301
Ethan Moon,Free/Fly,"Dunwoody, Ga.",mens-swimming-and-diving,2020,33.9463786,-84.3342686
Parker Hershberger,Breast/Free,"Carmel, Ind.",mens-swimming-and-diving,2020,39.9784186,-86.1283681
Joseph Hurle,Back,"Upper Saddle River, N.J.",mens-swimming-and-diving,2020,41.0585352,-74.0984769
Alec Kong,Breast,"Moraga, Calif.",mens-swimming-and-diving,2020,37.834897,-122.12883
Charlie Palsho,Breast/IM,"Weston, Conn.",mens-swimming-and-diving,2020,41.2021302,-73.3812743
Tim Park,Free/Fly/IM,"Closter, N.J.",mens-swimming-and-diving,2020,40.9731536,-73.9615262
Joe Moll,Back/IM,"Lititz, Pa.",mens-swimming-and-diving,2020,40.1571324,-76.307162
Hugh McKenzie,Breast/IM,"Brookline, Mass.",mens-swimming-and-diving,2020,42.332918,-71.1187829
Grant Dator,Breast,"East Greenwich, R.I.",mens-swimming-and-diving,2020,41.6603788,-71.4558911
Maxwell Jones,Breast/IM,"San Antonio, Texas",mens-swimming-and-diving,2020,29.4246002,-98.4951405
Federico Cigolot,Diving,"Udine, Italy",mens-swimming-and-diving,2020,46.0634632,13.2358377
Dylan Chan,Back/Fly,"Flushing, N.Y.",mens-swimming-and-diving,2020,40.7654301,-73.8174291
Connor Bishop,Free,"Toledo, Ohio",mens-swimming-and-diving,2020,41.6529143,-83.5378173
Ethan Banks,Free,"Cleveland, Ohio",mens-swimming-and-diving,2020,41.4996574,-81.6936772
Matt Luciano,Fly/Back,"Mountain Lakes, N.J.",mens-swimming-and-diving,2020,40.8948212,-74.4329314
Landon Armstrong,Free,"Southlake, Texas",mens-swimming-and-diving,2020,32.9412363,-97.1341783
Alexander Ye,IM,"Greenwich, Conn.",mens-swimming-and-diving,2021,41.0264862,-73.6284598
Matt Molloy,Free/IM,"Naples, Fla.",mens-swimming-and-diving,2021,26.1421976,-81.7942944
Connor Bishop,Free,"Toledo, Ohio",mens-swimming-and-diving,2021,41.6529143,-83.5378173
Isaac Weigel,Free/IM,"Iowa City, Iowa",mens-swimming-and-diving,2021,41.6612561,-91.5299106
Grant Dator,Breast,"East Greenwich, R.I.",mens-swimming-and-diving,2021,41.6603788,-71.4558911
Chris Hall,Fly/Free,"Little Silver, N.J.",mens-swimming-and-diving,2021,40.3367769,-74.0470837
Parker Hershberger,Breast/Free,"Carmel, Ind.",mens-swimming-and-diving,2021,39.9784186,-86.1283681
Hugh McKenzie,Breast/IM,"Brookline, Mass.",mens-swimming-and-diving,2021,42.332918,-71.1187829
Tim Park,Free/Fly/IM,"Closter, N.J.",mens-swimming-and-diving,2021,40.9731536,-73.9615262
Jonathan Hu,Diving,"Stamford, Conn.",mens-swimming-and-diving,2021,41.0534302,-73.5387341
Dylan Chan,Back/Fly,"Flushing, N.Y.",mens-swimming-and-diving,2021,40.7654301,-73.8174291
Alec Kong,Breast,"Moraga, Calif.",mens-swimming-and-diving,2021,37.834897,-122.12883
Connor Richmond,Breast/IM,"Kingwood, Texas",mens-swimming-and-diving,2021,30.0497077,-95.1846301
Jason Rickenbacher,Diving,"South Windsor, Conn.",mens-swimming-and-diving,2021,41.8352395,-72.5562712
Joe Moll,Back/IM,"Lititz, Pa.",mens-swimming-and-diving,2021,40.1571324,-76.307162
Kyle Schubert,Diving,"Basking Ridge, N.J.",mens-swimming-and-diving,2021,40.7064088,-74.5492725
Taka Khoo,Back/Breast,"Studio City, Calif.",mens-swimming-and-diving,2021,34.1483989,-118.3961877
Joseph Hurle,Back,"Upper Saddle River, N.J.",mens-swimming-and-diving,2021,41.0585352,-74.0984769
Tim Cushman,Back,"Bronxville, N.Y.",mens-swimming-and-diving,2021,40.9381544,-73.8320784
Kevin Ren,Breast/IM,"La Verne, Calif.",mens-swimming-and-diving,2022,34.1008426,-117.7678355
Tim Park,Free/Fly/IM,"Closter, N.J.",mens-swimming-and-diving,2022,40.9731536,-73.9615262
Grant Dator,Breast,"East Greenwich, R.I.",mens-swimming-and-diving,2022,41.6603788,-71.4558911
Taka Khoo,Back/Breast,"Studio City, Calif.",mens-swimming-and-diving,2022,34.1483989,-118.3961877
Eddy Chen,Breast,"Cheshire, Conn.",mens-swimming-and-diving,2022,41.4989355,-72.9009925
Kyle Schubert,Diving,"Basking Ridge, N.J.",mens-swimming-and-diving,2022,40.7064088,-74.5492725
Adam Ladman,Free/Back,"Carlsbad, Calif.",mens-swimming-and-diving,2022,33.1352045,-117.329126
Everett Tai,Diving,"El Dorado Hills, Calif.",mens-swimming-and-diving,2022,38.6827365,-121.0536827
Aryeh Lesch,Diving,"Evanston, Ill.",mens-swimming-and-diving,2022,42.0470043,-87.6846053
Tim Cushman,Free,"Bronxville, N.Y.",mens-swimming-and-diving,2022,40.9381544,-73.8320784
Alexander Ye,IM,"Greenwich, Conn.",mens-swimming-and-diving,2022,41.0264862,-73.6284598
Landon Him,Fly/Back/IM,"Berkley, Mass.",mens-swimming-and-diving,2022,41.8459347,-71.0828222
Chris Hall,Fly/Free,"Little Silver, N.J.",mens-swimming-and-diving,2022,40.3367769,-74.0470837
Connor Bishop,Free,"Toledo, Ohio",mens-swimming-and-diving,2022,41.6529143,-83.5378173
Mason King,Diving,"Wauwatosa, Wis.",mens-swimming-and-diving,2022,43.0494122,-88.0079271
Joe Moll,Back/IM,"Lititz, Pa.",mens-swimming-and-diving,2022,40.1571324,-76.307162
Yan Dvoretskiy,Free,"Salt Lake City, Utah",mens-swimming-and-diving,2022,40.7596198,-111.886797
Alec Kong,Breast,"Moraga, Calif.",mens-swimming-and-diving,2022,37.834897,-122.12883
Josh Wolfson,IM/Breast,"Potomac, Md.",mens-swimming-and-diving,2022,39.0180508,-77.1956331
Colton Rasmussen,Free,"Naples, Fla.",mens-swimming-and-diving,2022,26.1421976,-81.7942944
Matt Molloy,Free/IM,"Naples, Fla.",mens-swimming-and-diving,2023,26.1421976,-81.7942944
Isaac Weigel,Free/IM,"Iowa City, Iowa",mens-swimming-and-diving,2023,41.6612561,-91.5299106
Alexander Ye,IM,"Greenwich, Conn.",mens-swimming-and-diving,2023,41.0264862,-73.6284598
Mason King,Diving,"Wauwatosa, Wis.",mens-swimming-and-diving,2023,43.0494122,-88.0079271
Yan Dvoretskiy,Free,"Salt Lake City, Utah",mens-swimming-and-diving,2023,40.7596198,-111.886797
Adam Ladman,Free/Back,"Carlsbad, Calif.",mens-swimming-and-diving,2023,33.1352045,-117.329126
William McClelland,Free/Fly,"Barrington, R.I.",mens-swimming-and-diving,2023,41.7407661,-71.3084633
Tommy Erwin,Distance Free/Back,"San Antonio, Texas",mens-swimming-and-diving,2023,29.4246002,-98.4951405
Chris Hall,Fly/Free,"Little Silver, N.J.",mens-swimming-and-diving,2023,40.3367769,-74.0470837
Landon Him,Fly/Back/IM,"Berkley, Mass.",mens-swimming-and-diving,2023,41.8459347,-71.0828222
Tim Park,Free/Fly/IM,"Closter, N.J.",mens-swimming-and-diving,2023,40.9731536,-73.9615262
Grant Dator,Breast,"East Greenwich, R.I.",mens-swimming-and-diving,2023,41.6603788,-71.4558911
Taka Khoo,Back/Breast,"Studio City, Calif.",mens-swimming-and-diving,2023,34.1483989,-118.3961877
Eddy Chen,Breast,"Cheshire, Conn.",mens-swimming-and-diving,2023,41.4989355,-72.9009925
Logan Pack,Free/Back/Fly,"Katy, Texas",mens-swimming-and-diving,2023,29.7857853,-95.8243956
Xavier Orlic,Distance Free,"Washington, D.C.",mens-swimming-and-diving,2023,38.8950982,-77.0363849
David Ji,Breast,"Horsham, Pa.",mens-swimming-and-diving,2023,40.1842455,-75.1390524
Everett Tai,Diving,"El Dorado Hills, Calif.",mens-swimming-and-diving,2023,38.6827365,-121.0536827
Kevin Ren,Breast/IM,"La Verne, Calif.",mens-swimming-and-diving,2023,34.1008426,-117.7678355
Reed Wallace,Back/IM/Free,"West Des Moines, Iowa",mens-swimming-and-diving,2023,41.5644476,-93.7594059
Ian Stewart,Free/Back,"San Antonio, Texas",mens-swimming-and-diving,2023,29.4246002,-98.4951405
Colton Rasmussen,Free,"Naples, Fla.",mens-swimming-and-diving,2023,26.1421976,-81.7942944
Andy Peterson,Fly/Back,"Denver, Colo.",mens-swimming-and-diving,2023,39.7392364,-104.984862
Kyle Schubert,Diving,"Basking Ridge, N.J.",mens-swimming-and-diving,2023,40.7064088,-74.5492725
Aryeh Lesch,Diving,"Evanston, Ill.",mens-swimming-and-diving,2023,42.0470043,-87.6846053
William McClelland,Free/Fly,"Barrington, R.I.",mens-swimming-and-diving,2024,41.7407661,-71.3084633
Reed Wallace,Back/IM/Free,"West Des Moines, Iowa",mens-swimming-and-diving,2024,41.5644476,-93.7594059
Jagger Stachtiaris,Fly/Back/IM,"New York, New York",mens-swimming-and-diving,2024,40.7127281,-74.0060152
Isaac Weigel,Free/IM,"Iowa City, Iowa",mens-swimming-and-diving,2024,41.6612561,-91.5299106
Mason King,Diving,"Wauwatosa, Wis.",mens-swimming-and-diving,2024,43.0494122,-88.0079271
Colton Rasmussen,Free,"Naples, Fla.",mens-swimming-and-diving,2024,26.1421976,-81.7942944
Alexander Ye,IM,"Greenwich, Conn.",mens-swimming-and-diving,2024,41.0264862,-73.6284598
Jacob Turner,IM/Breast,"Richardson, Texas",mens-swimming-and-diving,2024,32.9481789,-96.7297206
Eddy Chen,Breast,"Cheshire, Conn.",mens-swimming-and-diving,2024,41.4989355,-72.9009925
Ian Stewart,Free/Back,"San Antonio, Texas",mens-swimming-and-diving,2024,29.4246002,-98.4951405
Logan Pack,Free/Back/Fly,"Katy, Texas",mens-swimming-and-diving,2024,29.7857853,-95.8243956
Aryeh Lesch,Diving,"Evanston, Ill.",mens-swimming-and-diving,2024,42.0470043,-87.6846053
Ronan Fahey,Distance Free,"Dublin, Ireland",mens-swimming-and-diving,2024,53.3493795,-6.2605593
Brandon Lee,Breast,"Irvine, Calif.",mens-swimming-and-diving,2024,33.6856969,-117.825981
McCoy Lyman,Diving,"Atlanta, Ga.",mens-swimming-and-diving,2024,33.7544657,-84.3898151
Everett Tai,Diving,"El Dorado Hills, Calif.",mens-swimming-and-diving,2024,38.6827365,-121.0536827
Dean Gustavson,Sprint Free,"Mill Valley, Calif.",mens-swimming-and-diving,2024,37.9060368,-122.5449763
Yan Dvoretskiy,Free,"Salt Lake City, Utah",mens-swimming-and-diving,2024,40.7596198,-111.886797
Xavier Orlic,Distance Free,"Washington, D.C.",mens-swimming-and-diving,2024,38.8950982,-77.0363849
Tommy Erwin,Distance Free/Back,"San Antonio, Texas",mens-swimming-and-diving,2024,29.4246002,-98.4951405
Andy Peterson,Fly/Back,"Denver, Colo.",mens-swimming-and-diving,2024,39.7392364,-104.984862
Aiden Sandvig,Fly,"Los Alamitos, Calif.",mens-swimming-and-diving,2024,33.8038865,-118.0772433
Ian Stewart,Free/Back,"San Antonio, Texas",mens-swimming-and-diving,2025,29.4246002,-98.4951405
William McClelland,Free/Fly,"Barrington, R.I.",mens-swimming-and-diving,2025,41.7407661,-71.3084633
Aiden Sandvig,Fly,"Los Alamitos, Calif.",mens-swimming-and-diving,2025,33.8038865,-118.0772433
Everett Tai,Diving,"El Dorado Hills, Calif.",mens-swimming-and-diving,2025,38.6827365,-121.0536827
Jacob Turner,IM/Breast,"Richardson, Texas",mens-swimming-and-diving,2025,32.9481789,-96.7297206
Yan Dvoretskiy,Free,"Salt Lake City, Utah",mens-swimming-and-diving,2025,40.7596198,-111.886797
Xavier Orlic,Distance Free,"Washington, D.C.",mens-swimming-and-diving,2025,38.8950982,-77.0363849
Isaac Weigel,Free/IM,"Iowa City, Iowa",mens-swimming-and-diving,2025,41.6612561,-91.5299106
Reed Wallace,Back/IM/Free,"West Des Moines, Iowa",mens-swimming-and-diving,2025,41.5644476,-93.7594059
Logan Pack,Free/Back/Fly,"Katy, Texas",mens-swimming-and-diving,2025,29.7857853,-95.8243956
Jagger Stachtiaris,Fly/Back/IM,"New York, New York",mens-swimming-and-diving,2025,40.7127281,-74.0060152
Colton Rasmussen,Free,"Naples, Fla.",mens-swimming-and-diving,2025,26.1421976,-81.7942944
Michael Solomon,Diving,"Lafayette, Calif.",mens-swimming-and-diving,2025,37.8857582,-122.1180201
Andy Peterson,Fly/Back,"Denver, Colo.",mens-swimming-and-diving,2025,39.7392364,-104.984862
Aryeh Lesch,Diving,"Evanston, Ill.",mens-swimming-and-diving,2025,42.0470043,-87.6846053
David Gal,IM/Fly,"Budapest, Hungary",mens-swimming-and-diving,2025,47.481849,19.1449053
McCoy Lyman,Diving,"Atlanta, Ga.",mens-swimming-and-diving,2025,33.7544657,-84.3898151
Dean Gustavson,Sprint Free,"Mill Valley, Calif.",mens-swimming-and-diving,2025,37.9060368,-122.5449763
Mason King,Diving,"Wauwatosa, Wis.",mens-swimming-and-diving,2025,43.0494122,-88.0079271
Tommy Erwin,Distance Free/Back,"San Antonio, Texas",mens-swimming-and-diving,2025,29.4246002,-98.4951405
Adam Man,Diving,"Belmont, Calif.",mens-swimming-and-diving,2025,37.5164926,-122.2941914
Brandon Lee,Breast,"Irvine, Calif.",mens-swimming-and-diving,2025,33.6856969,-117.825981
Andrew Chou,Fly/Back/IM,"Oak Ridge, Tenn.",mens-swimming-and-diving,2025,36.0103562,-84.2696449
Eddy Chen,Breast,"Cheshire, Conn.",mens-swimming-and-diving,2025,41.4989355,-72.9009925
David Kushnirsky,Breast,"Hewlett, N.Y.",mens-swimming-and-diving,2025,40.641438,-73.6929671
Jihoon Jung,Breast/IM/Fly,"Fishers, Ind.",mens-swimming-and-diving,2025,39.9555928,-86.0138729
Ronan Fahey,Distance Free,"Dublin, Ireland",mens-swimming-and-diving,2025,53.3493795,-6.2605593
Alexander Menshutkin,Free,"Seattle, Washington",mens-swimming-and-diving,2026,47.6038321,-122.330062
Jacob Turner,IM/Breast,"Richardson, Texas",mens-swimming-and-diving,2026,32.9481789,-96.7297206
Ian Stewart,Free/Back,"San Antonio, Texas",mens-swimming-and-diving,2026,29.4246002,-98.4951405
Jagger Stachtiaris,Fly/Back/IM,"New York, New York",mens-swimming-and-diving,2026,40.7127281,-74.0060152
Michael Solomon,Diving,"Lafayette, Calif.",mens-swimming-and-diving,2026,37.8857582,-122.1180201
Aiden Sandvig,Fly,"Los Alamitos, Calif.",mens-swimming-and-diving,2026,33.8038865,-118.0772433
Andy Peterson,Fly/Back,"Denver, Colo.",mens-swimming-and-diving,2026,39.7392364,-104.984862
Logan Pack,Free/Back/Fly,"Katy, Texas",mens-swimming-and-diving,2026,29.7857853,-95.8243956
Xavier Orlic,Distance Free,"Washington, D.C.",mens-swimming-and-diving,2026,38.8950982,-77.0363849
William McClelland,Free/Fly,"Barrington, R.I.",mens-swimming-and-diving,2026,41.7407661,-71.3084633
Ronan Fahey,Distance Free,"Dublin, Ireland",mens-swimming-and-diving,2026,53.3493795,-6.2605593
McCoy Lyman,Diving,"Atlanta, Ga.",mens-swimming-and-diving,2026,33.7544657,-84.3898151
David Kushnirsky,Breast,"Hewlett, N.Y.",mens-swimming-and-diving,2026,40.641438,-73.6929671
Zhao Kaideng,,"Shanghai, China",mens-swimming-and-diving,2026,31.2312707,121.4700152
Jihoon Jung,Breast/IM/Fly,"Fishers, Ind.",mens-swimming-and-diving,2026,39.9555928,-86.0138729
David Gal,IM/Fly,"Budapest, Hungary",mens-swimming-and-diving,2026,47.481849,19.1449053
Tommy Erwin,Distance Free/Back,"San Antonio, Texas",mens-swimming-and-diving,2026,29.4246002,-98.4951405
Andrew Chou,Fly/Back/IM,"Oak Ridge, Tenn.",mens-swimming-and-diving,2026,36.0103562,-84.2696449
John David Chen,IM,"Richmond, Va.",mens-swimming-and-diving,2026,37.5385087,-77.43428
Eddy Chen,Breast,"Cheshire, Conn.",mens-swimming-and-diving,2026,41.4989355,-72.9009925
Reed Wallace,Back/IM/Free,"West Des Moines, Iowa",mens-swimming-and-diving,2026,41.5644476,-93.7594059
Adam Man,Diving,"Belmont, Calif.",mens-swimming-and-diving,2026,37.5164926,-122.2941914
Ellen Pattinson,MF/D,"Seattle, Wash.",womens-soccer,2016,47.6038321,-122.330062
Chloe Conacher,D,"Ross, Calif.",womens-soccer,2016,37.9624239,-122.554977
Sally Sandoval,F,"Simsbury, Conn.",womens-soccer,2016,41.8759152,-72.8012211
Piper Curtis,D,"Andover, Mass.",womens-soccer,2016,42.65717,-71.1408776
Alyssa Neuberger,MF,"Germantown, Tenn.",womens-soccer,2016,35.0867577,-89.8100858
Zoe Boocock,MF,"Alexandria, Va.",womens-soccer,2016,38.8051095,-77.0470229
Lorna McElrath,GK,"Oakland, Calif.",womens-soccer,2016,37.8044557,-122.271356
Remy Borinsky,MF,"Warren, N.J.",womens-soccer,2016,40.8602222,-74.9720493
Charlotte Esty,F,"Newbury, Mass.",womens-soccer,2016,42.7664975,-70.8458022
Gia Parker,MF,"Amherst, Mass.",womens-soccer,2016,42.3731948,-72.5198761
Jaclyn Engel,MF,"Macomb, Mich.",womens-soccer,2016,42.6741189,-82.902901
Hayley Snyder,MF/D,"Montclair, N.J.",womens-soccer,2016,40.8164458,-74.2210643
Lauren Lucas,MF/F,"East Charlotte, N.C.",womens-soccer,2016,35.2165335,-80.784083
Zoe Enright,F,"Hillsborough, Calif.",womens-soccer,2016,37.557252,-122.362529
Hayley Soriano,MF/F,"Bridgewater, N.J.",womens-soccer,2016,40.5598127,-74.5517146
Sherine Collins,D,"Clovis, Calif.",womens-soccer,2016,36.8252277,-119.7029194
Zainab Bakrin,F,"Rochester, N.Y.",womens-soccer,2016,43.157285,-77.615214
Lindsay Knutson,MF/D,"Wilton, Conn.",womens-soccer,2016,41.1953739,-73.4378988
Mollie McGorisk,F,"Wixom, Mich.",womens-soccer,2016,42.5246873,-83.5363637
Holly Patterson,MF,"Hamilton, New Zealand",womens-soccer,2016,-37.7878809,175.281788
Meredith Gurnee,MF/D,"Orlando, Fla.",womens-soccer,2016,28.5421218,-81.379045
Casey Cousineau,GK,"Altadena, Calif.",womens-soccer,2016,34.1928193,-118.1374663
Lillian Raffetto,D,"San Diego, Calif.",womens-soccer,2016,32.7157062,-117.1638284
Brittany Champagne,MF/D,"Suffield, Conn.",womens-soccer,2016,41.9816944,-72.6506604
Bianca Ribi,F,"Calgary, Alberta",womens-soccer,2016,51.0456064,-114.057541
Julia Fissore-O'Leary,D,"Amherst, Mass.",womens-soccer,2016,42.3731948,-72.5198761
Jessica Lukas,F/D,"Commack, N.Y.",womens-soccer,2016,40.8393515,-73.2858994
Hayley Soriano,MF/F,"Bridgewater, N.J.",womens-soccer,2017,40.5598127,-74.5517146
Lorna McElrath,GK,"Oakland, Calif.",womens-soccer,2017,37.8044557,-122.271356
Alyssa Neuberger,MF,"Germantown, Tenn.",womens-soccer,2017,35.0867577,-89.8100858
Claire Trop,D,"Seattle, Wash.",womens-soccer,2017,47.6038321,-122.330062
Bianca Ribi,F,"Calgary, Alberta",womens-soccer,2017,51.0456064,-114.057541
Zainab Bakrin,F,"Rochester, N.Y.",womens-soccer,2017,43.157285,-77.615214
Remy Borinsky,MF,"Warren, N.J.",womens-soccer,2017,40.8602222,-74.9720493
Zoe Enright,F,"Hillsborough, Calif.",womens-soccer,2017,37.557252,-122.362529
Charlotte Esty,F,"Newbury, Mass.",womens-soccer,2017,42.7664975,-70.8458022
Gia Parker,MF,"Amherst, Mass.",womens-soccer,2017,42.3731948,-72.5198761
Zoe Boocock,MF,"Alexandria, Va.",womens-soccer,2017,38.8051095,-77.0470229
Chloe Conacher,D,"Ross, Calif.",womens-soccer,2017,37.9624239,-122.554977
Ellen Pattinson,MF/D,"Seattle, Wash.",womens-soccer,2017,47.6038321,-122.330062
Bonnie Shea,D,"Atlanta, Ga.",womens-soccer,2017,33.7544657,-84.3898151
Brittany Champagne,MF/D,"Suffield, Conn.",womens-soccer,2017,41.9816944,-72.6506604
Mariel Gordon,GK,"Dallas, Texas",womens-soccer,2017,32.7762719,-96.7968559
Sally Sandoval,F,"Simsbury, Conn.",womens-soccer,2017,41.8759152,-72.8012211
Lauren Lucas,MF/F,"East Charlotte, N.C.",womens-soccer,2017,35.2165335,-80.784083
Avery Schuldt,F,"Wilmette, Ill.",womens-soccer,2017,42.076066,-87.7115555
Lindsay Knutson,MF/D,"Wilton, Conn.",womens-soccer,2017,41.1953739,-73.4378988
Erin Kawakami,MF,"Palos Verdes Estates, Calif.",womens-soccer,2017,33.7872386,-118.401813
Lorna MacFarlane,MF,"Wynnewood, Pa.",womens-soccer,2017,40.0028514,-75.2707469
Taylor Olson,MF,"Kirkland, Wash.",womens-soccer,2017,47.6765382,-122.2070775
Mollie McGorisk,F,"Wixom, Mich.",womens-soccer,2017,42.5246873,-83.5363637
Jaclyn Engel,MF,"Macomb, Mich.",womens-soccer,2017,42.6741189,-82.902901
Kat Grgic,D,"Mississauga, Ontario",womens-soccer,2018,43.5884727,-79.643658
Ellen Pattinson,MF/D,"Seattle, Wash.",womens-soccer,2018,47.6038321,-122.330062
Mollie McGorisk,F,"Wixom, Mich.",womens-soccer,2018,42.5246873,-83.5363637
Lorna MacFarlane,MF,"Wynnewood, Pa.",womens-soccer,2018,40.0028514,-75.2707469
Alyssa Neuberger,MF,"Germantown, Tenn.",womens-soccer,2018,35.0867577,-89.8100858
Zoe Boocock,MF,"Alexandria, Va.",womens-soccer,2018,38.8051095,-77.0470229
Mariel Gordon,GK,"Dallas, Texas",womens-soccer,2018,32.7762719,-96.7968559
Hayley Soriano,MF/F,"Bridgewater, N.J.",womens-soccer,2018,40.5598127,-74.5517146
Michael Guptill,MF/F,"Huntington Beach, Calif.",womens-soccer,2018,33.6783336,-118.000016
Erin Kawakami,MF,"Palos Verdes Estates, Calif.",womens-soccer,2018,33.7872386,-118.401813
Sally Sandoval,F,"Simsbury, Conn.",womens-soccer,2018,41.8759152,-72.8012211
Lauren Lucas,MF/F,"East Charlotte, N.C.",womens-soccer,2018,35.2165335,-80.784083
Remy Borinsky,MF,"Warren, N.J.",womens-soccer,2018,40.8602222,-74.9720493
Avery Schuldt,F,"Wilmette, Ill.",womens-soccer,2018,42.076066,-87.7115555
Zoe Enright,F,"Hillsborough, Calif.",womens-soccer,2018,37.557252,-122.362529
Lorna McElrath,GK,"Oakland, Calif.",womens-soccer,2018,37.8044557,-122.271356
Grace Rorke,MF/D,"Philadelphia, Pa.",womens-soccer,2018,39.9527237,-75.1635262
Maddie Mills,MF/F,"Milton, Mass.",womens-soccer,2018,42.2501425,-71.065573
Taylor Olson,MF,"Kirkland, Wash.",womens-soccer,2018,47.6765382,-122.2070775
Mist Grönvold,D/M,"Reykjavik, Iceland",womens-soccer,2018,64.145981,-21.9422367
Charlotte Esty,F,"Newbury, Mass.",womens-soccer,2018,42.7664975,-70.8458022
Tracey Mills,MF/F,"Vienna, Va.",womens-soccer,2018,38.9013729,-77.2651762
Bonnie Shea,D,"Atlanta, Ga.",womens-soccer,2018,33.7544657,-84.3898151
Chloe Conacher,D,"Ross, Calif.",womens-soccer,2018,37.9624239,-122.554977
Izzy Glennon,F,"Sea Cliff, N.Y.",womens-soccer,2018,40.849566,-73.6471225
Jaclyn Engel,MF,"Macomb, Mich.",womens-soccer,2018,42.6741189,-82.902901
Zoe Enright,F,"Hillsborough, Calif.",womens-soccer,2019,37.557252,-122.362529
Isabella Villaflor,MF,"Mississauga, Ontario",womens-soccer,2019,43.5884727,-79.643658
Zoe Boocock,MF,"Alexandria, Va.",womens-soccer,2019,38.8051095,-77.0470229
Alyssa Neuberger,MF,"Germantown, Tenn.",womens-soccer,2019,35.0867577,-89.8100858
Izzy Glennon,F,"Sea Cliff, N.Y.",womens-soccer,2019,40.849566,-73.6471225
Bonnie Shea,D,"Atlanta, Ga.",womens-soccer,2019,33.7544657,-84.3898151
Mist Grönvold,D/MF,"Reykjavik, Iceland",womens-soccer,2019,64.145981,-21.9422367
Charlotte Cyr,GK,"Wethersfield, Conn.",womens-soccer,2019,41.7142665,-72.6525922
Tracey Mills,MF/F,"Vienna, Va.",womens-soccer,2019,38.9013729,-77.2651762
Kat Grgic,D,"Mississauga, Ontario",womens-soccer,2019,43.5884727,-79.643658
Charlotte Esty,F,"Newbury, Mass.",womens-soccer,2019,42.7664975,-70.8458022
Grace Rorke,MF/D,"Philadelphia, Pa.",womens-soccer,2019,39.9527237,-75.1635262
Ellie Geier,F,"Hinsdale, Ill.",womens-soccer,2019,41.8024604,-87.9299841
Lorna McElrath,GK,"Oakland, Calif.",womens-soccer,2019,37.8044557,-122.271356
Hayley Soriano,MF/F,"Bridgewater, N.J.",womens-soccer,2019,40.5598127,-74.5517146
Erin Kawakami,MF,"Palos Verdes Estates, Calif.",womens-soccer,2019,33.7872386,-118.401813
Lorna MacFarlane,MF,"Wynnewood, Pa.",womens-soccer,2019,40.0028514,-75.2707469
Mollie McGorisk,F,"Wixom, Mich.",womens-soccer,2019,42.5246873,-83.5363637
Maddie Mills,MF/F,"Milton, Mass.",womens-soccer,2019,42.2501425,-71.065573
Mariel Gordon,GK,"Dallas, Texas",womens-soccer,2019,32.7762719,-96.7968559
Sophie Pinnie,D,"Glen Mills, Pa.",womens-soccer,2019,39.919698,-75.4904323
Avery Schuldt,F,"Wilmette, Ill.",womens-soccer,2019,42.076066,-87.7115555
Michael Guptill,MF/F,"Huntington Beach, Calif.",womens-soccer,2019,33.6783336,-118.000016
Juliet Moncho,F,"Edmond, Okla.",womens-soccer,2019,35.6571367,-97.4649038
Allie Winstanley,F,"Concord, Mass.",womens-soccer,2019,42.4605189,-71.3488963
Taylor Olson,MF,"Kirkland, Wash.",womens-soccer,2019,47.6765382,-122.2070775
Relly Ladner,D,"Wayne, Pa.",womens-soccer,2019,41.6264414,-75.3045103
Emily Hardy,GK,"Boxford, Mass.",womens-soccer,2020,42.6605844,-70.9971204
Charlotte Cyr,GK,"Wethersfield, Conn.",womens-soccer,2020,41.7142665,-72.6525922
Grace Rorke,MF/D,"Philadelphia, Pa.",womens-soccer,2020,39.9527237,-75.1635262
Ellie Geier,F,"Hinsdale, Ill.",womens-soccer,2020,41.8024604,-87.9299841
Kat Grgic,D,"Mississauga, Ontario",womens-soccer,2020,43.5884727,-79.643658
Carly Retterer,F,"Menlo Park, Calif.",womens-soccer,2020,37.4519671,-122.177992
Tracey Mills,MF/F,"Vienna, Va.",womens-soccer,2020,38.9013729,-77.2651762
Isabella Villaflor,MF,"Mississauga, Ontario",womens-soccer,2020,43.5884727,-79.643658
Izzy Glennon,F,"Sea Cliff, N.Y.",womens-soccer,2020,40.849566,-73.6471225
Aspen Anderson,F/MF,"Boulder, Colo.",womens-soccer,2020,40.0149856,-105.270545
Taylor Olson,MF,"Kirkland, Wash.",womens-soccer,2020,47.6765382,-122.2070775
Grace Faulkner,D,"Barrington, R.I.",womens-soccer,2020,41.7407661,-71.3084633
Daisy Granholm,F/MF,"Southwest Harbor, Maine",womens-soccer,2020,44.2797546,-68.3259069
Taylor Williams,D,"Franklin Park, N.J.",womens-soccer,2020,40.0251117,-74.9079445
Mariel Gordon,GK,"Dallas, Texas",womens-soccer,2020,32.7762719,-96.7968559
Allie Winstanley,F,"Concord, Mass.",womens-soccer,2020,42.4605189,-71.3488963
Relly Ladner,D,"Wayne, Pa.",womens-soccer,2020,41.6264414,-75.3045103
Lorna MacFarlane,MF,"Wynnewood, Pa.",womens-soccer,2020,40.0028514,-75.2707469
Juliet Moncho,F,"Edmond, Okla.",womens-soccer,2020,35.6571367,-97.4649038
Michael Guptill,MF/F,"Huntington Beach, Calif.",womens-soccer,2020,33.6783336,-118.000016
Erin Kawakami,MF,"Palos Verdes Estates, Calif.",womens-soccer,2020,33.7872386,-118.401813
Mist Grönvold,D/MF,"Reykjavik, Iceland",womens-soccer,2020,64.145981,-21.9422367
Avery Schuldt,F,"Wilmette, Ill.",womens-soccer,2020,42.076066,-87.7115555
Sophie Pinnie,D,"Glen Mills, Pa.",womens-soccer,2020,39.919698,-75.4904323
Maddie Mills,MF/F,"Milton, Mass.",womens-soccer,2020,42.2501425,-71.065573
Bonnie Shea,D,"Atlanta, Ga.",womens-soccer,2020,33.7544657,-84.3898151
Dasa Hase,F,"Manchester, Mass.",womens-soccer,2021,42.5751314,-70.7725506
Carly Retterer,F,"Menlo Park, Calif.",womens-soccer,2021,37.4519671,-122.177992
Ally Connors,GK,"Bethesda, Md.",womens-soccer,2021,38.9812726,-77.1233587
Aspen Anderson,F/MF,"Boulder, Colo.",womens-soccer,2021,40.0149856,-105.270545
Ella Russ,MF/F,"Auckland, New Zealand",womens-soccer,2021,-36.852095,174.7631803
Hannah Curtin,F,"Winchester, Mass.",womens-soccer,2021,42.4523178,-71.1369982
Danielle Burke,MF/F,"Arlington, Va.",womens-soccer,2021,38.8769326,-77.0893094
Sydney Brown,MF,"Pacific Palisades, Calif.",womens-soccer,2021,34.0480643,-118.5264706
Taylor Williams,D,"Franklin Park, N.J.",womens-soccer,2021,40.0251117,-74.9079445
Charlotte Cyr,GK,"Wethersfield, Conn.",womens-soccer,2021,41.7142665,-72.6525922
Emily Hardy,GK,"Boxford, Mass.",womens-soccer,2021,42.6605844,-70.9971204
Isabella Villaflor,MF,"Mississauga, Ontario",womens-soccer,2021,43.5884727,-79.643658
Maddie Mills,MF/F,"Milton, Mass.",womens-soccer,2021,42.2501425,-71.065573
Grace Faulkner,D,"Barrington, R.I.",womens-soccer,2021,41.7407661,-71.3084633
Izzy Glennon,F,"Sea Cliff, N.Y.",womens-soccer,2021,40.849566,-73.6471225
Aleena Seales,MF,"Las Vegas, Nev.",womens-soccer,2021,36.1674263,-115.1484131
Mist Grönvold,D/MF,"Reykjavik, Iceland",womens-soccer,2021,64.145981,-21.9422367
Sophie Pinnie,D,"Glen Mills, Pa.",womens-soccer,2021,39.919698,-75.4904323
Michael Guptill,MF/F,"Huntington Beach, Calif.",womens-soccer,2021,33.6783336,-118.000016
Juliet Moncho,F,"Edmond, Okla.",womens-soccer,2021,35.6571367,-97.4649038
Erin Kawakami,MF,"Palos Verdes Estates, Calif.",womens-soccer,2021,33.7872386,-118.401813
Allie Winstanley,F,"Concord, Mass.",womens-soccer,2021,42.4605189,-71.3488963
Kellie Sutton,MF,"Leesburg, Va.",womens-soccer,2021,39.1154506,-77.5645607
Grace Rorke,MF/D,"Philadelphia, Pa.",womens-soccer,2021,39.9527237,-75.1635262
Relly Ladner,D,"Wayne, Pa.",womens-soccer,2021,41.6264414,-75.3045103
Tracey Mills,MF/F,"Vienna, Va.",womens-soccer,2021,38.9013729,-77.2651762
Daisy Granholm,F/MF,"Southwest Harbor, Maine",womens-soccer,2021,44.2797546,-68.3259069
Kat Grgic,D,"Mississauga, Ontario",womens-soccer,2021,43.5884727,-79.643658
Hannah Curtin,F,"Winchester, Mass.",womens-soccer,2022,42.4523178,-71.1369982
Grace Martin,D,"Flower Mound, Texas",womens-soccer,2022,33.0283854,-97.0867203
Dasa Hase,F,"Manchester, Mass.",womens-soccer,2022,42.5751314,-70.7725506
Sonoma Adams,D,"Northport, N.Y.",womens-soccer,2022,40.9009595,-73.343167
Mary Lundregan,M,"Fairfield, Conn.",womens-soccer,2022,41.1412078,-73.2637258
Aspen Anderson,F/M,"Boulder, Colo.",womens-soccer,2022,40.0149856,-105.270545
Danielle Burke,M/F,"Arlington, Va.",womens-soccer,2022,38.8769326,-77.0893094
Carly Retterer,F,"Menlo Park, Calif.",womens-soccer,2022,37.4519671,-122.177992
Ella Russ,M/F,"Auckland, New Zealand",womens-soccer,2022,-36.852095,174.7631803
Relly Ladner,D,"Wayne, Pa.",womens-soccer,2022,41.6264414,-75.3045103
Daisy Granholm,F/M,"Southwest Harbor, Maine",womens-soccer,2022,44.2797546,-68.3259069
Emily Hardy,GK,"Boxford, Mass.",womens-soccer,2022,42.6605844,-70.9971204
Jaidyn Curry,F,"Lorton, Va.",womens-soccer,2022,38.6946355,-77.2199931
Juliet Moncho,F,"Edmond, Okla.",womens-soccer,2022,35.6571367,-97.4649038
Sydney Brown,M,"Pacific Palisades, Calif.",womens-soccer,2022,34.0480643,-118.5264706
Taylor Williams,D,"Franklin Park, N.J.",womens-soccer,2022,40.0251117,-74.9079445
Kellie Sutton,M,"Leesburg, Va.",womens-soccer,2022,39.1154506,-77.5645607
Ally Connors,GK,"Bethesda, Md.",womens-soccer,2022,38.9812726,-77.1233587
Charlotte Cyr,GK,"Wethersfield, Conn.",womens-soccer,2022,41.7142665,-72.6525922
Sophie Pinnie,D,"Glen Mills, Pa.",womens-soccer,2022,39.919698,-75.4904323
Audrey Marin,F,"Woodbridge, Conn.",womens-soccer,2022,41.3531983,-73.0114935
Allie Winstanley,F,"Concord, Mass.",womens-soccer,2022,42.4605189,-71.3488963
Aleena Seales,M,"Las Vegas, Nev.",womens-soccer,2022,36.1674263,-115.1484131
Isabella Villaflor,M,"Mississauga, Ontario",womens-soccer,2022,43.5884727,-79.643658
Grace Faulkner,D,"Barrington, R.I.",womens-soccer,2022,41.7407661,-71.3084633
Hailey Rorick,M,"Chesapeake, Va.",womens-soccer,2022,36.7168315,-76.2494453
Sonoma Adams,D,"Northport, N.Y.",womens-soccer,2023,40.9009595,-73.343167
Audrey Marin,F,"Woodbridge, Conn.",womens-soccer,2023,41.3531983,-73.0114935
Ally Connors,GK,"Bethesda, Md.",womens-soccer,2023,38.9812726,-77.1233587
Taylor Williams,D,"Franklin Park, N.J.",womens-soccer,2023,40.0251117,-74.9079445
Grace Martin,D,"Flower Mound, Texas",womens-soccer,2023,33.0283854,-97.0867203
Carly Retterer,F,"Menlo Park, Calif.",womens-soccer,2023,37.4519671,-122.177992
Aleena Seales,M,"Las Vegas, Nev.",womens-soccer,2023,36.1674263,-115.1484131
Juliet Moncho,D,"Edmond, Okla.",womens-soccer,2023,35.6571367,-97.4649038
Sydney Brown,M,"Pacific Palisades, Calif.",womens-soccer,2023,34.0480643,-118.5264706
Mary Lundregan,M,"Fairfield, Conn.",womens-soccer,2023,41.1412078,-73.2637258
Daisy Granholm,F/M,"Southwest Harbor, Maine",womens-soccer,2023,44.2797546,-68.3259069
Kellie Sutton,M,"Leesburg, Va.",womens-soccer,2023,39.1154506,-77.5645607
Aspen Anderson,F/M,"Boulder, Colo.",womens-soccer,2023,40.0149856,-105.270545
Gillian Doogan,F,"Carlsbad, Calif.",womens-soccer,2023,33.1352045,-117.329126
Jaidyn Curry,F,"Lorton, Va.",womens-soccer,2023,38.6946355,-77.2199931
Ola Goebel,GK,"Evanston, Ill.",womens-soccer,2023,42.0470043,-87.6846053
Dasa Hase,F,"Manchester, Mass.",womens-soccer,2023,42.5751314,-70.7725506
Frankie Valverde,M,"Grafton, Mass.",womens-soccer,2023,42.2063399,-71.6853877
Ellie Davidson,D,"San Diego, Calif.",womens-soccer,2023,32.7157062,-117.1638284
Danielle Burke,M/F,"Arlington, Va.",womens-soccer,2023,38.8769326,-77.0893094
Kate Ryan,D,"Dallas, Texas",womens-soccer,2023,32.7762719,-96.7968559
Grace Faulkner,D,"Barrington, R.I.",womens-soccer,2023,41.7407661,-71.3084633
Ella Russ,M/F,"Auckland, New Zealand",womens-soccer,2023,-36.852095,174.7631803
Hailey Rorick,M,"Chesapeake, Va.",womens-soccer,2023,36.7168315,-76.2494453
Emily Hardy,GK,"Boxford, Mass.",womens-soccer,2023,42.6605844,-70.9971204
Hannah Curtin,F,"Winchester, Mass.",womens-soccer,2023,42.4523178,-71.1369982
Dasa Hase,F,"Manchester, Mass.",womens-soccer,2024,42.5751314,-70.7725506
Sonoma Adams,D,"Northport, N.Y.",womens-soccer,2024,40.9009595,-73.343167
Ella Russ,M/F,"Auckland, New Zealand",womens-soccer,2024,-36.852095,174.7631803
Hailey Rorick,M,"Chesapeake, Va.",womens-soccer,2024,36.7168315,-76.2494453
Danielle Burke,M/F,"Arlington, Va.",womens-soccer,2024,38.8769326,-77.0893094
Grace Faulkner,D,"Barrington, R.I.",womens-soccer,2024,41.7407661,-71.3084633
Emily Garrard,F,"Atlanta, Ga",womens-soccer,2024,33.7544657,-84.3898151
Emmanuella Frimpomaa,F,"Techiman, Ghana",womens-soccer,2024,7.584971,-1.936401
Hannah Curtin,F,"Winchester, Mass.",womens-soccer,2024,42.4523178,-71.1369982
Ellie Davidson,D,"San Diego, Calif.",womens-soccer,2024,32.7157062,-117.1638284
Emily Hardy,GK,"Boxford, Mass.",womens-soccer,2024,42.6605844,-70.9971204
Audrey Marin,F,"Woodbridge, Conn.",womens-soccer,2024,41.3531983,-73.0114935
Ola Goebel,GK,"Evanston, Ill.",womens-soccer,2024,42.0470043,-87.6846053
Kate Ryan,D,"Dallas, Texas",womens-soccer,2024,32.7762719,-96.7968559
Sarah Shelburne,M,"Houston, Tex.",womens-soccer,2024,29.7589382,-95.3676974
Daisy Granholm,F/M,"Southwest Harbor, Maine",womens-soccer,2024,44.2797546,-68.3259069
Aleena Seales,M,"Las Vegas, Nev.",womens-soccer,2024,36.1674263,-115.1484131
Jaidyn Curry,F,"Lorton, Va.",womens-soccer,2024,38.6946355,-77.2199931
Lourdes Lauterborn,M,"Phoenix, Ari.",womens-soccer,2024,33.4484367,-112.074141
Ally Connors,GK,"Bethesda, Md.",womens-soccer,2024,38.9812726,-77.1233587
Sydney Brown,M,"Pacific Palisades, Calif.",womens-soccer,2024,34.0480643,-118.5264706
Gillian Doogan,F,"Carlsbad, Calif.",womens-soccer,2024,33.1352045,-117.329126
Kellie Sutton,M,"Leesburg, Va.",womens-soccer,2024,39.1154506,-77.5645607
Grace Martin,D,"Flower Mound, Texas",womens-soccer,2024,33.0283854,-97.0867203
Carly Retterer,F,"Menlo Park, Calif.",womens-soccer,2024,37.4519671,-122.177992
Abby Reger,F,"Wayne, Penn.",womens-soccer,2024,40.3291135,-79.6432817
Mary Lundregan,M,"Fairfield, Conn.",womens-soccer,2024,41.1412078,-73.2637258
Mary Katherine Daly,GK,"Cary, N.C.",womens-soccer,2024,35.7873617,-78.7811623
Taylor Williams,D,"Franklin Park, N.J.",womens-soccer,2024,40.0251117,-74.9079445
Frankie Valverde,M,"Grafton, Mass.",womens-soccer,2024,42.2063399,-71.6853877
Blake Fox,D,"Sarasota, Fla.",womens-soccer,2024,27.3365805,-82.5308545
Madyson Yu,M,"Orinda, Calif.",womens-soccer,2025,37.8771476,-122.1796888
Mary Katherine Daly,GK,"Cary, N.C.",womens-soccer,2025,35.7873617,-78.7811623
Hailey Rorick,M,"Chesapeake, Va.",womens-soccer,2025,36.7168315,-76.2494453
Ola Goebel,GK,"Evanston, Ill.",womens-soccer,2025,42.0470043,-87.6846053
Addison Ball,M,"Englewood, Colo.",womens-soccer,2025,39.6482059,-104.9879641
Sarah Shelburne,M,"Houston, Tex.",womens-soccer,2025,29.7589382,-95.3676974
Emmanuella Frimpomaa,F,"Techiman, Ghana",womens-soccer,2025,7.584971,-1.936401
Mary Lundregan,M,"Fairfield, Conn.",womens-soccer,2025,41.1412078,-73.2637258
Stephanie Lathrop,F,"Dayton, Md.",womens-soccer,2025,39.2392725,-76.9866438
Ellie Davidson,D,"San Diego, Calif.",womens-soccer,2025,32.7157062,-117.1638284
Paige Knoth,GK,"Naples, Fla.",womens-soccer,2025,26.1421976,-81.7942944
Sonoma Adams,D,"Northport, N.Y.",womens-soccer,2025,40.9009595,-73.343167
Michal Cagungun,F,"Phoenix, Ariz.",womens-soccer,2025,33.4484367,-112.074141
Frankie Valverde,M,"Grafton, Mass.",womens-soccer,2025,42.2063399,-71.6853877
Nele Janek,GK,"Dreieich, Germany",womens-soccer,2025,50.011974,8.7123912
Anna Leschly,D,"Brookline, Mass.",womens-soccer,2025,42.332918,-71.1187829
Nadia Young,M,"Oakland, Calif.",womens-soccer,2025,37.8044557,-122.271356
Grace Martin,D,"Flower Mound, Texas",womens-soccer,2025,33.0283854,-97.0867203
Lourdes Lauterborn,M,"Phoenix, Ari.",womens-soccer,2025,33.4484367,-112.074141
Maeve Theobald,F,"Milton, Mass.",womens-soccer,2025,42.2501425,-71.065573
Jaidyn Curry,F,"Lorton, Va.",womens-soccer,2025,38.6946355,-77.2199931
Lykke Ihrfelt,M,"Saltsjöbaden, Sweden",womens-soccer,2025,59.2792775,18.3049291
Audrey Marin,F,"Woodbridge, Conn.",womens-soccer,2025,41.3531983,-73.0114935
Abby Reger,F,"Wayne, Penn.",womens-soccer,2025,40.3291135,-79.6432817
Kate Ryan,D,"Dallas, Texas",womens-soccer,2025,32.7762719,-96.7968559
Blake Fox,D,"Sarasota, Fla.",womens-soccer,2025,27.3365805,-82.5308545
Kellie Sutton,M,"Leesburg, Va.",womens-soccer,2025,39.1154506,-77.5645607
Michal Cagungun,F,"Phoenix, Ariz.",womens-soccer,2026,33.4484367,-112.074141
Tasha Udebhulu,F,"Guildford, England",womens-soccer,2026,51.2356068,-0.5732063
Klara Schotte,D,"Uppsala, Sweden",womens-soccer,2026,59.8586126,17.6387436
Gaby Dimmock,M,"Luton, England",womens-soccer,2026,51.891073,-0.4230304
Harper Hudepohl,M,"Atlanta, Ga.",womens-soccer,2026,33.7544657,-84.3898151
Paige Knoth,GK,"Naples, Fla.",womens-soccer,2026,26.1421976,-81.7942944
Anna Gominiak,M,"Madison, N.J.",womens-soccer,2026,40.7598227,-74.417097
Madyson Yu,M,"Orinda, Calif.",womens-soccer,2026,37.8771476,-122.1796888
Addison Ball,M,"Englewood, Colo.",womens-soccer,2026,39.6482059,-104.9879641
Ola Goebel,GK,"Evanston, Ill.",womens-soccer,2026,42.0470043,-87.6846053
Emmanuella Frimpomaa,F,"Techiman, Ghana",womens-soccer,2026,7.584971,-1.936401
Ellie Davidson,D,"San Diego, Calif.",womens-soccer,2026,32.7157062,-117.1638284
Sarah Shelburne,M,"Houston, Tex.",womens-soccer,2026,29.7589382,-95.3676974
Lykke Ihrfelt,M,"Saltsjöbaden, Sweden",womens-soccer,2026,59.2792775,18.3049291
Stephanie Lathrop,F,"Dayton, Md.",womens-soccer,2026,39.2392725,-76.9866438
Frankie Valverde,M,"Grafton, Mass.",womens-soccer,2026,42.2063399,-71.6853877
Nadia Young,M,"Oakland, Calif.",womens-soccer,2026,37.8044557,-122.271356
Maeve Theobald,F,"Milton, Mass.",womens-soccer,2026,42.2501425,-71.065573
Madison Rose,F,"Annapolis, Md.",womens-soccer,2026,38.9786401,-76.492786
Kate Ryan,D,"Dallas, Texas",womens-soccer,2026,32.7762719,-96.7968559
Abby Reger,F,"Wayne, Penn.",womens-soccer,2026,40.3291135,-79.6432817
Anna Leschly,D,"Brookline, Mass.",womens-soccer,2026,42.332918,-71.1187829
Emma Loparco,D,"Avon, Conn.",womens-soccer,2026,41.8098209,-72.8306541
Lourdes Lauterborn,M,"Phoenix, Ari.",womens-soccer,2026,33.4484367,-112.074141
Blake Fox,D,"Sarasota, Fla.",womens-soccer,2026,27.3365805,-82.5308545
Mary Katherine Daly,GK,"Cary, N.C.",womens-soccer,2026,35.7873617,-78.7811623
Catalina Gomez-Velez,GK,"Saunderstown, RI",womens-soccer,2026,41.5078795,-71.4245004
Lily Morse,F,"Ponte Vedra Beach, Fla.",womens-soccer,2026,30.2396865,-81.3856384
Heather Zezzo,F,"Jamison, Pa.",field-hockey,2016,40.2548297,-75.0893372
Paige Duffy,GK,"Prides Crossing, Mass.",field-hockey,2016,42.5598175,-70.8244921
Katie Persin,D/M,"Bethlehem, Pa.",field-hockey,2016,-1.45056,-48.4682453
Sarah Tabeek,M,"Quincy, Mass.",field-hockey,2016,42.2509914,-71.0037374
Jessica Valvano,D,"Millersville, Md.",field-hockey,2016,39.0595542,-76.6480219
Maggie Sherin,F,"Weston, Conn.",field-hockey,2016,41.2021302,-73.3812743
Joanne Nazareth,M,"Wilton, Conn.",field-hockey,2016,41.1953739,-73.4378988
Morgan Philie,D,"West Friendship, Md.",field-hockey,2016,39.3034518,-76.9537905
Carmen Braceras,F/M,"Concord, Mass.",field-hockey,2016,42.4605189,-71.3488963
Hailey Valerio,GK,"Glen Mills, Pa.",field-hockey,2016,39.919698,-75.4904323
Jocelyn Wulf,F,"Herndon, Va.",field-hockey,2016,38.9695316,-77.3859479
Amrit Ahluwalia,D,"Newtown, Pa.",field-hockey,2016,40.2294046,-74.9365329
Bee Hollyer,D,"North Vancouver, B.C.",field-hockey,2016,49.3206294,-123.0737925
Evie Bird,M,"Towson, Md.",field-hockey,2016,39.3964591,-76.6148148
Charlie Plumb,GK,"Sag Harbor, N.Y.",field-hockey,2016,40.9978727,-72.2922292
Anna Ewasechko,M,"Calgary, Alberta",field-hockey,2016,51.0456064,-114.057541
Katie Spanos,F,"Hummelstown, Pa.",field-hockey,2016,40.2653927,-76.7082778
Maddie Donahue,D,"Hummelstown, Pa.",field-hockey,2016,40.2653927,-76.7082778
Carmen Braceras,F/M,"Concord, Mass.",field-hockey,2017,42.4605189,-71.3488963
Hailey Valerio,GK,"Glen Mills, Pa.",field-hockey,2017,39.919698,-75.4904323
Emily Wechsler,GK,"Dallas, Texas",field-hockey,2017,32.7762719,-96.7968559
Katie Persin,D/M,"Bethlehem, Pa.",field-hockey,2017,-1.45056,-48.4682453
Sarah Tabeek,M,"Quincy, Mass.",field-hockey,2017,42.2509914,-71.0037374
Morgan Philie,D,"West Friendship, Md.",field-hockey,2017,39.3034518,-76.9537905
Jocelyn Wulf,F,"Herndon, Va.",field-hockey,2017,38.9695316,-77.3859479
Jensen Palmer,M,"Hampton, N.H.",field-hockey,2017,42.9417199,-70.8378746
Lia Constantine,F,"Fredericksburg, Va.",field-hockey,2017,38.3001159,-77.4571472
Jessica Valvano,D,"Millersville, Md.",field-hockey,2017,39.0595542,-76.6480219
Katie Spanos,F,"Hummelstown, Pa.",field-hockey,2017,40.2653927,-76.7082778
Maddie Donahue,D,"Hummelstown, Pa.",field-hockey,2017,40.2653927,-76.7082778
Bee Hollyer,D,"North Vancouver, B.C.",field-hockey,2017,49.3206294,-123.0737925
Isabel Perez de Ayala,M,"Madrid, Spain",field-hockey,2017,40.416782,-3.703507
Evie Bird,M,"Towson, Md.",field-hockey,2017,39.3964591,-76.6148148
Anna Ewasechko,M,"Calgary, Alberta",field-hockey,2017,51.0456064,-114.057541
Gemma Bautista,F,"Brisbane, Australia",field-hockey,2017,-27.4689623,153.0235009
Tatum Schultz,F,"Bellingham, Mass.",field-hockey,2017,42.0869493,-71.4746436
Taylor Hantman,M,"Cherry Hills, Colo.",field-hockey,2017,39.6416544,-104.959425
Kira Koehler,F,"Macungie, Pa.",field-hockey,2017,40.5159304,-75.5551858
Amrit Ahluwalia,D,"Newtown, Pa.",field-hockey,2017,40.2294046,-74.9365329
Katie Spanos,F,"Hummelstown, Pa.",field-hockey,2018,40.2653927,-76.7082778
Katie Persin,D/M,"Bethlehem, Pa.",field-hockey,2018,-1.45056,-48.4682453
Jocelyn Wulf,F,"Herndon, Va.",field-hockey,2018,38.9695316,-77.3859479
Amrit Ahluwalia,D,"Newtown, Pa.",field-hockey,2018,40.2294046,-74.9365329
Carmen Braceras,F/M,"Concord, Mass.",field-hockey,2018,42.4605189,-71.3488963
Lia Constantine,F,"Fredericksburg, Va.",field-hockey,2018,38.3001159,-77.4571472
Tatum Schultz,F,"Bellingham, Mass.",field-hockey,2018,42.0869493,-71.4746436
Maddie Donahue,D,"Hummelstown, Pa.",field-hockey,2018,40.2653927,-76.7082778
Kira Koehler,F,"Macungie, Pa.",field-hockey,2018,40.5159304,-75.5551858
Cecelia Monnin,M/D,"Charlotte, N.C.",field-hockey,2018,35.2272086,-80.8430827
Taylor Hantman,M,"Cherry Hills, Colo.",field-hockey,2018,39.6416544,-104.959425
Sara Falkson,D,"Dedham, Mass.",field-hockey,2018,42.2481895,-71.1734418
Evie Bird,M,"Towson, Md.",field-hockey,2018,39.3964591,-76.6148148
Jensen Palmer,M,"Hampton, N.H.",field-hockey,2018,42.9417199,-70.8378746
Gracyn Campbell,F,"Larchmont, N.Y.",field-hockey,2018,40.9278769,-73.7517983
Jessica Valvano,D,"Millersville, Md.",field-hockey,2018,39.0595542,-76.6480219
Hailey Valerio,GK,"Glen Mills, Pa.",field-hockey,2018,39.919698,-75.4904323
Gemma Bautista,F,"Brisbane, Australia",field-hockey,2018,-27.4689623,153.0235009
Isabella Santucci,GK,"Rye, N.Y.",field-hockey,2018,40.9821371,-73.6840902
Bee Hollyer,D,"North Vancouver, B.C.",field-hockey,2018,49.3206294,-123.0737925
Gracyn Campbell,F,"Larchmont, N.Y.",field-hockey,2019,40.9278769,-73.7517983
Lia Constantine,F,"Fredericksburg, Va.",field-hockey,2019,38.3001159,-77.4571472
Meg Barnes,M,"Lawrenceville, N.J.",field-hockey,2019,40.3009876,-74.7373728
Jensen Palmer,D,"Hampton, N.H.",field-hockey,2019,42.9417199,-70.8378746
Katie Persin,M,"Bethlehem, Pa.",field-hockey,2019,-1.45056,-48.4682453
Myah Pease,D,"Charlotte, N.C.",field-hockey,2019,35.2272086,-80.8430827
Isabella Santucci,GK,"Rye, N.Y.",field-hockey,2019,40.9821371,-73.6840902
Cecelia Monnin,M/D,"Charlotte, N.C.",field-hockey,2019,35.2272086,-80.8430827
Sara Falkson,D,"Dedham, Mass.",field-hockey,2019,42.2481895,-71.1734418
Hatley Post,GK,"Houston, Texas",field-hockey,2019,29.7589382,-95.3676974
Kira Koehler,F,"Macungie, Pa.",field-hockey,2019,40.5159304,-75.5551858
Jocelyn Wulf,F,"Herndon, Va.",field-hockey,2019,38.9695316,-77.3859479
Holley Cromwell,F,"Virginia Beach, Va.",field-hockey,2019,36.8496579,-75.9760751
Maddie Donahue,M/D,"Hummelstown, Pa.",field-hockey,2019,40.2653927,-76.7082778
Tatum Schultz,F,"Bellingham, Mass.",field-hockey,2019,42.0869493,-71.4746436
Carmen Braceras,F/M,"Concord, Mass.",field-hockey,2019,42.4605189,-71.3488963
Katie Spanos,F,"Hummelstown, Pa.",field-hockey,2019,40.2653927,-76.7082778
Amélie Perrier,M,"Houston, Texas",field-hockey,2019,29.7589382,-95.3676974
Taylor Hantman,M,"Cherry Hills, Colo.",field-hockey,2019,39.6416544,-104.959425
Bee Hollyer,D,"North Vancouver, B.C.",field-hockey,2019,49.3206294,-123.0737925
Lauren Devletian,D,"Exton, Pa.",field-hockey,2019,40.0299755,-75.6290436
Jensen Palmer,D,"Hampton, N.H.",field-hockey,2020,42.9417199,-70.8378746
Meg Barnes,M,"Lawrenceville, N.J.",field-hockey,2020,40.3009876,-74.7373728
Cecelia Monnin,M/D,"Charlotte, N.C.",field-hockey,2020,35.2272086,-80.8430827
Amélie Perrier,M,"Houston, Texas",field-hockey,2020,29.7589382,-95.3676974
Lia Constantine,F,"Fredericksburg, Va.",field-hockey,2020,38.3001159,-77.4571472
Hatley Post,GK,"Houston, Texas",field-hockey,2020,29.7589382,-95.3676974
Isabella Santucci,GK,"Rye, N.Y.",field-hockey,2020,40.9821371,-73.6840902
Sara Falkson,D,"Dedham, Mass.",field-hockey,2020,42.2481895,-71.1734418
Gracyn Campbell,F,"Larchmont, N.Y.",field-hockey,2020,40.9278769,-73.7517983
Caroline Carr,F,"St. Louis, Mo.",field-hockey,2020,38.6254063,-90.190009
Taylor Hantman,M,"Cherry Hills, Colo.",field-hockey,2020,39.6416544,-104.959425
Lila Browne,F,"Del Mar, California",field-hockey,2020,32.9594891,-117.2653146
Holley Cromwell,F,"Virginia Beach, Va.",field-hockey,2020,36.8496579,-75.9760751
Lauren Devletian,D,"Exton, Pa.",field-hockey,2020,40.0299755,-75.6290436
Rory Williamson,D/M,"Flourtown, Pa.",field-hockey,2020,40.1030852,-75.2042283
Myah Pease,D,"Charlotte, N.C.",field-hockey,2020,35.2272086,-80.8430827
Kira Koehler,F,"Macungie, Pa.",field-hockey,2020,40.5159304,-75.5551858
Tatum Schultz,F,"Bellingham, Mass.",field-hockey,2020,42.0869493,-71.4746436
Bronwyn Bird,M,"West Vancouver, British Columbia",field-hockey,2020,49.3311208,-123.159479
Bee Hollyer,D,"North Vancouver, B.C.",field-hockey,2020,49.3206294,-123.0737925
Payton Altman,M/F,"Hillsborough, N.J.",field-hockey,2020,40.5052296,-74.6732941
Piper Edwards,D,"Houston, Texas",field-hockey,2021,29.7589382,-95.3676974
Lila Browne,F,"Del Mar, California",field-hockey,2021,32.9594891,-117.2653146
Emilia Callahan,D/M,"Dallas, Texas",field-hockey,2021,32.7762719,-96.7968559
Gracyn Campbell,F,"Larchmont, N.Y.",field-hockey,2021,40.9278769,-73.7517983
Sara Falkson,D,"Dedham, Mass.",field-hockey,2021,42.2481895,-71.1734418
Carolina Escribano Caceres,D/M,"Amstelveen, Netherlands",field-hockey,2021,52.3028209,4.8596844
Lauren Devletian,D,"Exton, Pa.",field-hockey,2021,40.0299755,-75.6290436
Myah Pease,D,"Charlotte, N.C.",field-hockey,2021,35.2272086,-80.8430827
Payton Altman,M/F,"Hillsborough, N.J.",field-hockey,2021,40.5052296,-74.6732941
Hatley Post,GK,"Houston, Texas",field-hockey,2021,29.7589382,-95.3676974
Cecelia Monnin,M/D,"Charlotte, N.C.",field-hockey,2021,35.2272086,-80.8430827
Rory Williamson,D/M,"Flourtown, Pa.",field-hockey,2021,40.1030852,-75.2042283
Meg Barnes,M,"Lawrenceville, N.J.",field-hockey,2021,40.3009876,-74.7373728
Amélie Perrier,M,"Houston, Texas",field-hockey,2021,29.7589382,-95.3676974
Bee Hollyer,D,"North Vancouver, B.C.",field-hockey,2021,49.3206294,-123.0737925
Caroline Carr,F,"St. Louis, Mo.",field-hockey,2021,38.6254063,-90.190009
Bronwyn Bird,M,"West Vancouver, British Columbia",field-hockey,2021,49.3311208,-123.159479
Helen Young,M,"Houston, Texas",field-hockey,2021,29.7589382,-95.3676974
Holley Cromwell,F,"Virginia Beach, Va.",field-hockey,2021,36.8496579,-75.9760751
Gabriela Braceras,F/M,"Concord, Mass.",field-hockey,2021,42.4605189,-71.3488963
Isabella Santucci,GK,"Rye, N.Y.",field-hockey,2021,40.9821371,-73.6840902
Piper Edwards,D,"Houston, Texas",field-hockey,2022,29.7589382,-95.3676974
Helen Young,D,"Houston, Texas",field-hockey,2022,29.7589382,-95.3676974
Emilia Callahan,F,"Dallas, Texas",field-hockey,2022,32.7762719,-96.7968559
Hatley Post,GK,"Houston, Texas",field-hockey,2022,29.7589382,-95.3676974
Florentina Terra,M,"Montevideo, Uruguay",field-hockey,2022,-34.9058916,-56.1913095
Ava Carlson,GK,"Collingswood, N.J.",field-hockey,2022,39.9181686,-75.071284
Carolina Escribano Caceres,D,"Amstelveen, Netherlands",field-hockey,2022,52.3028209,4.8596844
Meg Barnes,M,"Lawrenceville, N.J.",field-hockey,2022,40.3009876,-74.7373728
Zoe Schaffer,F,"Austin, Texas",field-hockey,2022,30.2711286,-97.7436995
Amélie Perrier,F,"Houston, Texas",field-hockey,2022,29.7589382,-95.3676974
Gabriela Braceras,F,"Concord, Mass.",field-hockey,2022,42.4605189,-71.3488963
Olivia Galiotos,D,"Virginia Beach, Va.",field-hockey,2022,36.8496579,-75.9760751
Holley Cromwell,F,"Virginia Beach, Va.",field-hockey,2022,36.8496579,-75.9760751
Caroline Carr,F,"St. Louis, Mo.",field-hockey,2022,38.6254063,-90.190009
Boau-Lilly Shepherd,F,"Walton-on-Thames, England",field-hockey,2022,51.3856837,-0.419814
Rory Williamson,D,"Flourtown, Pa.",field-hockey,2022,40.1030852,-75.2042283
Myah Pease,D,"Charlotte, N.C.",field-hockey,2022,35.2272086,-80.8430827
Lauren Devletian,D,"Exton, Pa.",field-hockey,2022,40.0299755,-75.6290436
Bronwyn Bird,M,"West Vancouver, British Columbia",field-hockey,2022,49.3311208,-123.159479
Payton Altman,F,"Hillsborough, N.J.",field-hockey,2022,40.5052296,-74.6732941
Lila Browne,M,"Del Mar, California",field-hockey,2022,32.9594891,-117.2653146
Caroline Carr,F,"St. Louis, Mo.",field-hockey,2023,38.6254063,-90.190009
Raina Johns,M/D,"Darien, Conn.",field-hockey,2023,41.0787079,-73.4692873
Bronwyn Bird,M,"West Vancouver, British Columbia",field-hockey,2023,49.3311208,-123.159479
Helen Young,D,"Houston, Texas",field-hockey,2023,29.7589382,-95.3676974
Rory Williamson,D,"Flourtown, Pa.",field-hockey,2023,40.1030852,-75.2042283
Olivia Galiotos,D,"Virginia Beach, Va.",field-hockey,2023,36.8496579,-75.9760751
Boau-Lilly Shepherd,F,"Walton-on-Thames, England",field-hockey,2023,51.3856837,-0.419814
Emilia Callahan,F,"Dallas, Texas",field-hockey,2023,32.7762719,-96.7968559
Ava Carlson,GK,"Collingswood, N.J.",field-hockey,2023,39.9181686,-75.071284
Carolina Escribano Caceres,D,"Amstelveen, Netherlands",field-hockey,2023,52.3028209,4.8596844
Zoe Schaffer,F,"Austin, Texas",field-hockey,2023,30.2711286,-97.7436995
Gabriela Braceras,F,"Concord, Mass.",field-hockey,2023,42.4605189,-71.3488963
Lucia Campaño,M,"Buenos Aires, Argentina",field-hockey,2023,-34.6095579,-58.3887904
Lila Browne,M,"Del Mar, California",field-hockey,2023,32.9594891,-117.2653146
Payton Altman,F,"Hillsborough, N.J.",field-hockey,2023,40.5052296,-74.6732941
McLaine Leik,D/M,"Chicago, Ill.",field-hockey,2023,41.8755616,-87.6244212
Alex Sewell,M/F,"London, England",field-hockey,2023,51.5074456,-0.1277653
Meg Barnes,M,"Lawrenceville, N.J.",field-hockey,2023,40.3009876,-74.7373728
Florentina Terra,M,"Montevideo, Uruguay",field-hockey,2023,-34.9058916,-56.1913095
Kylie McKinley,GK,"Great Falls, Va.",field-hockey,2023,39.0116538,-77.3083988
Emma Reynolds,M,"Sudbury, Mass.",field-hockey,2023,42.3834278,-71.4161725
Ella Bowman,D/M,"Aldeburgh, England",field-hockey,2023,52.1523814,1.6015691
Riley Dumigan,F,"Oklahoma City, Okla.",field-hockey,2023,35.4729886,-97.5170536
Piper Edwards,D,"Houston, Texas",field-hockey,2023,29.7589382,-95.3676974
Isabel Andrews,GK,"Malvern, Pa.",field-hockey,2024,40.036202,-75.5138959
Lucia Campaño,M,"Buenos Aires, Argentina",field-hockey,2024,-34.6095579,-58.3887904
Emilia Callahan,F,"Dallas, Texas",field-hockey,2024,32.7762719,-96.7968559
Piper Edwards,D,"Houston, Texas",field-hockey,2024,29.7589382,-95.3676974
Boau-Lilly Shepherd,F,"Walton-on-Thames, England",field-hockey,2024,51.3856837,-0.419814
McLaine Leik,D/M,"Chicago, Ill.",field-hockey,2024,41.8755616,-87.6244212
Ava Carlson,GK,"Collingswood, N.J.",field-hockey,2024,39.9181686,-75.071284
Ruby Walsh,D,"Cork, Ireland",field-hockey,2024,51.8985136,-8.4726423
Alex Sewell,M/F,"London, England",field-hockey,2024,51.5074456,-0.1277653
Zoe Schaffer,F,"Austin, Texas",field-hockey,2024,30.2711286,-97.7436995
Florentina Terra,M,"Montevideo, Uruguay",field-hockey,2024,-34.9058916,-56.1913095
Carolina Escribano Caceres,D,"Amstelveen, Netherlands",field-hockey,2024,52.3028209,4.8596844
Megan Spear,M,"Virginia, Beach, Va.",field-hockey,2024,36.7159724,-76.0935474
Riley Dumigan,F,"Oklahoma City, Okla.",field-hockey,2024,35.4729886,-97.5170536
Ally Brosie,F,"New Vernon, N.J.",field-hockey,2024,40.7369265,-74.4823693
Amelie Luessmann,F,"Frankfurt, Germany",field-hockey,2024,50.1106444,8.6820917
Helen Young,D,"Houston, Texas",field-hockey,2024,29.7589382,-95.3676974
Raina Johns,M/D,"Darien, Conn.",field-hockey,2024,41.0787079,-73.4692873
Olivia Galiotos,D,"Virginia Beach, Va.",field-hockey,2024,36.8496579,-75.9760751
Kylie McKinley,GK,"Great Falls, Va.",field-hockey,2024,39.0116538,-77.3083988
Katherina Cohen,D,"Bueno Aires, Argentina",field-hockey,2024,-36.2800072,-62.544593
Gabriela Braceras,F,"Concord, Mass.",field-hockey,2024,42.4605189,-71.3488963
Ella Bowman,D/M,"Aldeburgh, England",field-hockey,2024,52.1523814,1.6015691
Ally Brosie,M,"New Vernon, N.J.",field-hockey,2025,40.7369265,-74.4823693
Lilly Venezia,F,"North Caldwell, N.J.",field-hockey,2025,40.8648215,-74.2582027
Ella Bowman,D,"Aldeburgh, England",field-hockey,2025,52.1523814,1.6015691
Ava Russo,D,"Roseland, N.J.",field-hockey,2025,40.8206555,-74.2937595
Olivia Galiotos,M,"Virginia Beach, Va.",field-hockey,2025,36.8496579,-75.9760751
Ruby Walsh,D,"Cork, Ireland",field-hockey,2025,51.8985136,-8.4726423
Isabel Andrews,GK,"Malvern, Pa.",field-hockey,2025,40.036202,-75.5138959
Maria Ariza Solans,F/D,"Castelldefels, Spain",field-hockey,2025,41.2861022,1.9824173
Alex Sewell,F,"London, England",field-hockey,2025,51.5074456,-0.1277653
Amelie Luessmann,F,"Frankfurt, Germany",field-hockey,2025,50.1106444,8.6820917
Gemma Franco,F,"Chicago, Ill.",field-hockey,2025,41.8755616,-87.6244212
Katherina Cohen,D,"Bueno Aires, Argentina",field-hockey,2025,-36.2800072,-62.544593
Madeline Windsor,D,"Hobart, Australia",field-hockey,2025,-42.8825088,147.3281233
Raina Johns,D,"Darien, Conn.",field-hockey,2025,41.0787079,-73.4692873
Lucia Campaño,M,"Buenos Aires, Argentina",field-hockey,2025,-34.6095579,-58.3887904
Boau-Lilly Shepherd,F,"Walton-on-Thames, England",field-hockey,2025,51.3856837,-0.419814
Megan Spear,M,"Virginia, Beach, Va.",field-hockey,2025,36.7159724,-76.0935474
Zoe Schaffer,F,"Austin, Texas",field-hockey,2025,30.2711286,-97.7436995
Georgia Thornton,M,"Belfast, Northern Ireland",field-hockey,2025,54.596391,-5.9301829
Riley Dumigan,F,"Oklahoma City, Okla.",field-hockey,2025,35.4729886,-97.5170536
Kylie McKinley,GK,"Great Falls, Va.",field-hockey,2025,39.0116538,-77.3083988
McLaine Leik,D/M,"Chicago, Ill.",field-hockey,2025,41.8755616,-87.6244212
Ava Carlson,GK,"Collingswood, N.J.",field-hockey,2025,39.9181686,-75.071284
Florentina Terra,M,"Montevideo, Uruguay",field-hockey,2025,-34.9058916,-56.1913095
Cookie Motroni,D,"Short Hills, N.J.",field-hockey,2026,40.7381585,-74.3377392
Lucia Campaño,M,"Buenos Aires, Argentina",field-hockey,2026,-34.6095579,-58.3887904
Madeline Windsor,D,"Hobart, Australia",field-hockey,2026,-42.8825088,147.3281233
Isabel Andrews,GK,"Malvern, Pa.",field-hockey,2026,40.036202,-75.5138959
Maria Ariza Solans,F/M,"Castelldefels, Spain",field-hockey,2026,41.2861022,1.9824173
Ava Russo,D,"Roseland, N.J.",field-hockey,2026,40.8206555,-74.2937595
Alex Sewell,F,"London, England",field-hockey,2026,51.5074456,-0.1277653
Julie Seth,GK,"Washington, D.C.",field-hockey,2026,38.8950982,-77.0363849
Ella Bowman,M/D,"Aldeburgh, England",field-hockey,2026,52.1523814,1.6015691
Ruby Walsh,D,"Cork, Ireland",field-hockey,2026,51.8985136,-8.4726423
Lucy Langlands,F,"Glasglow, Scotland",field-hockey,2026,55.861155,-4.2501687
Riley Dumigan,M/F,"Oklahoma City, Okla.",field-hockey,2026,35.4729886,-97.5170536
Katherina Cohen,D,"Bueno Aires, Argentina",field-hockey,2026,-36.2800072,-62.544593
Clara Fonseca,M,"Santiago, Chile",field-hockey,2026,-33.4376995,-70.6510671
Georgia Thornton,M,"Belfast, Northern Ireland",field-hockey,2026,54.596391,-5.9301829
Amelie Luessmann,F,"Frankfurt, Germany",field-hockey,2026,50.1106444,8.6820917
Lilly Venezia,F,"North Caldwell, N.J.",field-hockey,2026,40.8648215,-74.2582027
Ally Brosie,M,"New Vernon, N.J.",field-hockey,2026,40.7369265,-74.4823693
Gemma Franco,M/F,"Chicago, Ill.",field-hockey,2026,41.8755616,-87.6244212
Raina Johns,D,"Darien, Conn.",field-hockey,2026,41.0787079,-73.4692873
Kylie McKinley,GK,"Great Falls, Va.",field-hockey,2026,39.0116538,-77.3083988
McLaine Leik,F,"Chicago, Ill.",field-hockey,2026,41.8755616,-87.6244212
Eliza Martin,F,"Louisville, Ky.",field-hockey,2026,38.2542376,-85.759407
Annalisa Crowe,MD-XC,"Atherton, Calif.",womens-track-and-field,2016,37.453773,-122.2058272
Abby Livingston,Dist.-XC,"Barrington, R.I.",womens-track-and-field,2016,41.7407661,-71.3084633
Colleen McManus,Spr,"Mendota Heights, Minn.",womens-track-and-field,2016,44.8835768,-93.1382749
Leigh Moffett,Dist.-XC,"Friant, Calif.",womens-track-and-field,2016,36.983858,-119.7134624
Moriah Morton,Jav,"Lebanon, N.H.",womens-track-and-field,2016,43.643032,-72.251587
Bridget O'Neill,Dist.-XC,"Oakville, Ontario",womens-track-and-field,2016,43.447436,-79.666672
Danielle Okonta,Hurdles,"Marietta, Ga.",womens-track-and-field,2016,33.952845,-84.5496054
Angela Ortlieb,Dist.-XC,"Escondido, Calif.",womens-track-and-field,2016,33.1216751,-117.0814849
Jacqueline Perron-Smith,Spr,"Westmouth, Quebec",womens-track-and-field,2016,45.4856917,-73.596562
Lyndsi Ross-Trevor,Jumps,"Maplewood, N.J.",womens-track-and-field,2016,40.7312123,-74.2734808
Cha'Mia Rothwell,Jump/Hurd,"Durham, N.C.",womens-track-and-field,2016,35.996653,-78.9018053
Miranda Lawson,Multi,"Toronto, Ont.",womens-track-and-field,2016,43.6534817,-79.3839347
Julia Stevenson,Dist.-XC,"Tarrytown, N.Y.",womens-track-and-field,2016,41.0762077,-73.8587461
Lauren Sapone,Dist.-XC,"Shrewsbury, N.J.",womens-track-and-field,2016,40.3295547,-74.0615285
Catherine Rozalski,PV,"Kearny, N.J.",womens-track-and-field,2016,40.7684342,-74.1454214
Olivia Lantz,Dist.-XC,"Manchester, Mass.",womens-track-and-field,2016,42.5751314,-70.7725506
Mary Sieredzinski,Multi,"St. John's, Fla.",womens-track-and-field,2016,30.2875933,-81.4127268
Grace Thompson,Dist.-XC,"West Vancouver, British Columbia",womens-track-and-field,2016,49.3311208,-123.159479
Katy Sprout,Spr/HH,"Tolland, Conn.",womens-track-and-field,2016,41.8700166,-72.3677153
Julia Valenti,PV,"North Reading, Mass.",womens-track-and-field,2016,42.5750939,-71.0786653
Olivia Wiener,Spr/Jav,"Westport, Conn.",womens-track-and-field,2016,41.1414855,-73.3578955
Helen Schlachtenhaufen,Dist.-XC,"Lake Forest, Ill.",womens-track-and-field,2016,42.2586461,-87.8407055
Maya Jarostchuk,MD,"Acton, Mass.",womens-track-and-field,2016,42.4850931,-71.43284
Diana Vizza,Dist.-XC,"Glen Head, N.Y.",womens-track-and-field,2016,40.8433525,-73.6257512
Meg Tuthill,MD-XC,"Southold, N.Y.",womens-track-and-field,2016,41.067221,-72.4408007
Alexa Jennings,Dist.-XC,"Dayton, Ohio",womens-track-and-field,2016,39.7589478,-84.1916069
Jazz Van Loon,Jumps,"Little Silver, N.J.",womens-track-and-field,2016,40.3367769,-74.0470837
Eliza Dekker,Dist.-XC,"Durham, N.C.",womens-track-and-field,2016,35.996653,-78.9018053
Bea Goodyear,Spr/HH,"Pittsburgh, Pa.",womens-track-and-field,2016,40.4406968,-80.0025666
Jennie Cunningham,Dist.-XC,"Southern Pines, N.C.",womens-track-and-field,2016,35.1740471,-79.3922539
Marissa Evans,Spr,"Rockaway, N.J.",womens-track-and-field,2016,40.9013539,-74.5138157
Alexandra Collins,Dis/SP,"Cave Creek, Ariz.",womens-track-and-field,2016,33.8333333,-111.950833
Anna Clark,Dist.-XC,"Saxtons River, Vt.",womens-track-and-field,2016,43.1387986,-72.5073793
Lauren Archer,MD-XC,"Miami, Fla.",womens-track-and-field,2016,25.7741566,-80.1935973
Lillian Anderson,Dist.-XC,"Asheville, N.C.",womens-track-and-field,2016,35.595363,-82.5508407
Allison Anderson,Dist.-XC,"Toronto, Ontario",womens-track-and-field,2016,43.6534817,-79.3839347
Amelia Ali,Dis/SP,"Bensalem, Pa.",womens-track-and-field,2016,40.1045549,-74.951279
Sade Akinfe,Jumps,"Oswego, Ill.",womens-track-and-field,2016,41.6834778,-88.3525714
Georgia Fear,Dist.-XC,"London, England",womens-track-and-field,2016,51.5074456,-0.1277653
Shanthi Hiremath,Jumps,"Midlothian, Va.",womens-track-and-field,2016,37.486806,-77.6473195
Jamie Fenton,Spr,"Albuquerque, N.M.",womens-track-and-field,2016,35.0841034,-106.650985
Kayla Gilding,Spr/Jump,"South Burlington, Vt.",womens-track-and-field,2016,44.4642957,-73.176273
Bridget Douglas,Throws,"Branchburg, N.J.",womens-track-and-field,2016,40.5688245,-74.7002714
Bridget Flynn,Dist.-XC,"Margate City, N.J.",womens-track-and-field,2016,39.327894,-74.5034858
Nicole Deblasio,Spr,"Lebanon, N.J.",womens-track-and-field,2016,40.6417683,-74.8359987
Aliyah Gallup,MD,"Springfield, Ore.",womens-track-and-field,2016,44.0462362,-123.0220289
Ellie Gonzalez,Dist.-XC,"Baltimore, Md.",womens-track-and-field,2016,39.2908816,-76.610759
Maria Garman,Multi,"Scituate, Mass.",womens-track-and-field,2016,42.1924492,-70.7261966
Meghan Grela,Dist.-XC,"Weston, Mass.",womens-track-and-field,2016,42.3667625,-71.3031132
Claire Dougherty,MD-XC,"Mt. Lebanon, Pa.",womens-track-and-field,2016,40.3765,-80.0508
Allison Frantz,Multi,"Pointe-Claire, Quebec",womens-track-and-field,2016,45.4566767,-73.8067442
Abby Feeney,Multi-Hurd,"The Woodlands, Texas",womens-track-and-field,2016,30.1734194,-95.504686
Bridget O'Neill,Dist.-XC,"Oakville, Ontario",womens-track-and-field,2017,43.447436,-79.666672
Camille Landon,Jumps,"Bozeman, Mont.",womens-track-and-field,2017,45.6794293,-111.044047
Jacqueline Perron-Smith,Spr,"Westmouth, Quebec",womens-track-and-field,2017,45.4856917,-73.596562
Colleen McManus,Spr,"Mendota Heights, Minn.",womens-track-and-field,2017,44.8835768,-93.1382749
Catherine Rozalski,PV,"Kearny, N.J.",womens-track-and-field,2017,40.7684342,-74.1454214
Leigh Moffett,Dist.-XC,"Friant, Calif.",womens-track-and-field,2017,36.983858,-119.7134624
Lily Lockhart,Throws,"Delta, Colo.",womens-track-and-field,2017,38.8368777,-107.8568294
Lauren Sapone,Dist.-XC,"Shrewsbury, N.J.",womens-track-and-field,2017,40.3295547,-74.0615285
Kathryn Laskoski,Spr,"Goshen, N.Y.",womens-track-and-field,2017,41.4021497,-74.3242129
Angela Ortlieb,Dist.-XC,"Escondido, Calif.",womens-track-and-field,2017,33.1216751,-117.0814849
Lyndsi Ross-Trevor,Jumps,"Maplewood, N.J.",womens-track-and-field,2017,40.7312123,-74.2734808
Caroline Walter,Spr,"Bemus, N.Y.",womens-track-and-field,2017,42.1593392,-79.3922893
Cha'Mia Rothwell,Jump/Hurd,"Durham, N.C.",womens-track-and-field,2017,35.996653,-78.9018053
Abby Livingston,Dist.-XC,"Barrington, R.I.",womens-track-and-field,2017,41.7407661,-71.3084633
Grace Thompson,Dist.-XC,"West Vancouver, British Columbia",womens-track-and-field,2017,49.3311208,-123.159479
Julianna Thomson,Throws,"Conestogo, Ontario",womens-track-and-field,2017,43.5412599,-80.5048699
Samantha Stevens,Throws,"Shelton, Conn.",womens-track-and-field,2017,41.3164856,-73.0931641
Julia Stevenson,Dist.-XC,"Tarrytown, N.Y.",womens-track-and-field,2017,41.0762077,-73.8587461
Meg Tuthill,MD-XC,"Southold, N.Y.",womens-track-and-field,2017,41.067221,-72.4408007
Julia Valenti,PV,"North Reading, Mass.",womens-track-and-field,2017,42.5750939,-71.0786653
Olivia Wiener,Throws,"Westport, Conn.",womens-track-and-field,2017,41.1414855,-73.3578955
Olivia Lantz,Dist.-XC,"Manchester, Mass.",womens-track-and-field,2017,42.5751314,-70.7725506
Diana Vizza,Dist.-XC,"Glen Head, N.Y.",womens-track-and-field,2017,40.8433525,-73.6257512
Danielle Okonta,Hurdles,"Marietta, Ga.",womens-track-and-field,2017,33.952845,-84.5496054
Gretta Pickett,Multi,"Anchorage, Alaska",womens-track-and-field,2017,61.2163129,-149.894852
Glennis Murphy,Dist.-XC,"Larkspur, Calif.",womens-track-and-field,2017,37.9340915,-122.5352539
Lillian Anderson,Dist.-XC,"Asheville, N.C.",womens-track-and-field,2017,35.595363,-82.5508407
Amelia Ali,Throws,"Bensalem, Pa.",womens-track-and-field,2017,40.1045549,-74.951279
Anna DiMarcello,Dist.-XC,"Asbury, N.J.",womens-track-and-field,2017,40.701916,-75.0135459
Shanthi Hiremath,Jumps,"Midlothian, Va.",womens-track-and-field,2017,37.486806,-77.6473195
Anna Clark,Dist.-XC,"Saxtons River, Vt.",womens-track-and-field,2017,43.1387986,-72.5073793
Sade Akinfe,Jumps,"Oswego, Ill.",womens-track-and-field,2017,41.6834778,-88.3525714
Nicole Deblasio,Spr,"Lebanon, N.J.",womens-track-and-field,2017,40.6417683,-74.8359987
Abigail Brazil,Dist.-XC,"Jackson, Wy.",womens-track-and-field,2017,43.479965,-110.761815
Alexa Jennings,Dist.-XC,"Dayton, Ohio",womens-track-and-field,2017,39.7589478,-84.1916069
Lauren Archer,MD-XC,"Miami, Fla.",womens-track-and-field,2017,25.7741566,-80.1935973
Rachel Ludwikowski,Dist.-XC,"Montebello, N.Y.",womens-track-and-field,2017,41.1359287,-74.118477
Allison Anderson,Dist.-XC,"Toronto, Ontario",womens-track-and-field,2017,43.6534817,-79.3839347
Annalisa Crowe,MD-XC,"Atherton, Calif.",womens-track-and-field,2017,37.453773,-122.2058272
Eliza Dekker,Dist.-XC,"Durham, N.C.",womens-track-and-field,2017,35.996653,-78.9018053
Brooke Brunet,PV,"Gray, La.",womens-track-and-field,2017,29.6867175,-90.781302
Alexandra Collins,Throws,"Cave Creek, Ariz.",womens-track-and-field,2017,33.8333333,-111.950833
Ella Ketchum,Dist.-XC,"Brooklyn, N.Y.",womens-track-and-field,2017,40.6526006,-73.9497211
Bridget Flynn,Dist.-XC,"Margate City, N.J.",womens-track-and-field,2017,39.327894,-74.5034858
Allison Frantz,Multi,"Pointe-Claire, Quebec",womens-track-and-field,2017,45.4566767,-73.8067442
Bridget Douglas,Throws,"Branchburg, N.J.",womens-track-and-field,2017,40.5688245,-74.7002714
Georgia Fear,Dist.-XC,"London, England",womens-track-and-field,2017,51.5074456,-0.1277653
Maria Garman,Multi,"Scituate, Mass.",womens-track-and-field,2017,42.1924492,-70.7261966
Kayla Gilding,Spr,"South Burlington, Vt.",womens-track-and-field,2017,44.4642957,-73.176273
Olivia Goodwin,Jumps,"Morrisville, N.C.",womens-track-and-field,2017,35.824341,-78.8300321
Claire Dougherty,MD-XC,"Mt. Lebanon, Pa.",womens-track-and-field,2017,40.3765,-80.0508
Isabelle Giordano,MD-XC,"Hopkinton, Mass.",womens-track-and-field,2017,42.2288875,-71.5196439
Ellie Gonzalez,Dist.-XC,"Baltimore, Md.",womens-track-and-field,2017,39.2908816,-76.610759
Claire Dougherty,MD-XC,"Mt. Lebanon, Pa.",womens-track-and-field,2018,40.3765,-80.0508
Rachel Donner,Throws,"East Aurora, N.Y.",womens-track-and-field,2018,42.7689141,-78.6177611
Olivia Goodwin,Jumps,"Morrisville, N.C.",womens-track-and-field,2018,35.824341,-78.8300321
Shanthi Hiremath,Jumps,"Midlothian, Va.",womens-track-and-field,2018,37.486806,-77.6473195
Georgia Fear,Dist.-XC,"London, England",womens-track-and-field,2018,51.5074456,-0.1277653
Breanna Glover,Dist.-XC,"Ravensdale, Wash.",womens-track-and-field,2018,47.3558961,-121.9848707
Soleil Gaylord,Dist.-XC,"Telluride, Colo.",womens-track-and-field,2018,37.9374939,-107.812285
Maria Garman,Multis,"Scituate, Mass.",womens-track-and-field,2018,42.1924492,-70.7261966
Alexandra Collins,Throws,"Cave Creek, Ariz.",womens-track-and-field,2018,33.8333333,-111.950833
Eliza Dekker,Dist.-XC,"Durham, N.C.",womens-track-and-field,2018,35.996653,-78.9018053
Arianna Gragg,Jumps,"Lafayette, Calif.",womens-track-and-field,2018,37.8857582,-122.1180201
Nicole Deblasio,Sprints,"Lebanon, N.J.",womens-track-and-field,2018,40.6417683,-74.8359987
Amelia Ali,Throws,"Bensalem, Pa.",womens-track-and-field,2018,40.1045549,-74.951279
Annalisa Crowe,MD-XC,"Atherton, Calif.",womens-track-and-field,2018,37.453773,-122.2058272
Kayla Gilding,Sprints,"South Burlington, Vt.",womens-track-and-field,2018,44.4642957,-73.176273
Anna Clark,Dist.-XC,"Saxtons River, Vt.",womens-track-and-field,2018,43.1387986,-72.5073793
Brooke Brunet,Pole Vault,"Gray, La.",womens-track-and-field,2018,29.6867175,-90.781302
Mallory Barnes,Sprints,"Aliso Viejo, Calif.",womens-track-and-field,2018,33.5761376,-117.7258122
Isabella Chao,Dist.-XC,"Lafayette, Calif.",womens-track-and-field,2018,37.8857582,-122.1180201
Abigail Brazil,Dist.-XC,"Jackson, Wy.",womens-track-and-field,2018,43.479965,-110.761815
Abigail Burke,Jumps/Sprints,"Riverside, Calif.",womens-track-and-field,2018,33.9824949,-117.374238
Lauren Archer,MD-XC,"Miami, Fla.",womens-track-and-field,2018,25.7741566,-80.1935973
Kennedy Gochenour,Throws,"Logan, Iowa",womens-track-and-field,2018,41.6432257,-95.7894213
Zoe Dainton,Jumps/Multis,"Hingham, Mass.",womens-track-and-field,2018,42.2417669,-70.8897676
Lillian Anderson,Dist.-XC,"Asheville, N.C.",womens-track-and-field,2018,35.595363,-82.5508407
Sade Akinfe,Jumps,"Oswego, Ill.",womens-track-and-field,2018,41.6834778,-88.3525714
Gabriela Fasanelli,Multis,"Ponte Vedra Beach, Fla.",womens-track-and-field,2018,30.2396865,-81.3856384
Isabelle Giordano,MD-XC,"Hopkinton, Mass.",womens-track-and-field,2018,42.2288875,-71.5196439
Anna DiMarcello,Dist.-XC,"Asbury, N.J.",womens-track-and-field,2018,40.701916,-75.0135459
Julia Stevenson,Dist.-XC,"Tarrytown, N.Y.",womens-track-and-field,2018,41.0762077,-73.8587461
Samantha Stevens,Throws,"Shelton, Conn.",womens-track-and-field,2018,41.3164856,-73.0931641
Jacqueline Perron-Smith,Sprints,"Westmouth, Quebec",womens-track-and-field,2018,45.4856917,-73.596562
Caroline Walter,Sprints,"Bemus, N.Y.",womens-track-and-field,2018,42.1593392,-79.3922893
Angela Ortlieb,Dist.-XC,"Escondido, Calif.",womens-track-and-field,2018,33.1216751,-117.0814849
Olivia Wiener,Javelin,"Westport, Conn.",womens-track-and-field,2018,41.1414855,-73.3578955
Meg Tuthill,MD-XC,"Southold, N.Y.",womens-track-and-field,2018,41.067221,-72.4408007
Julianna Thomson,Throws,"Conestogo, Ontario",womens-track-and-field,2018,43.5412599,-80.5048699
Grace Thompson,Dist.-XC,"West Vancouver, British Columbia",womens-track-and-field,2018,49.3311208,-123.159479
Catherine Rozalski,Pole Vault,"Kearny, N.J.",womens-track-and-field,2018,40.7684342,-74.1454214
Lauren Sapone,Dist.-XC,"Shrewsbury, N.J.",womens-track-and-field,2018,40.3295547,-74.0615285
Veronica Winham,Dist.-XC,"Pukalani, Hawaii",womens-track-and-field,2018,20.8355938,-156.336124
Cha'Mia Rothwell,Jump/Hurdles,"Durham, N.C.",womens-track-and-field,2018,35.996653,-78.9018053
Edie Wilson,Sprints,"Halfax, Nova Scotia",womens-track-and-field,2018,44.648618,-63.5859487
Diana Vizza,Dist.-XC,"Glen Head, N.Y.",womens-track-and-field,2018,40.8433525,-73.6257512
Julia Valenti,Pole Vault,"North Reading, Mass.",womens-track-and-field,2018,42.5750939,-71.0786653
Danielle Okonta,Hurdles,"Marietta, Ga.",womens-track-and-field,2018,33.952845,-84.5496054
Rachel Ludwikowski,Dist.-XC,"Montebello, N.Y.",womens-track-and-field,2018,41.1359287,-74.118477
Kathryn Laskoski,Sprints,"Goshen, N.Y.",womens-track-and-field,2018,41.4021497,-74.3242129
Madaket Nobili,Dist.-XC,"Eastham, Mass.",womens-track-and-field,2018,41.8305937,-69.9740491
Lily Lockhart,Throws,"Delta, Colo.",womens-track-and-field,2018,38.8368777,-107.8568294
Glennis Murphy,Dist.-XC,"Larkspur, Calif.",womens-track-and-field,2018,37.9340915,-122.5352539
MaryGrace Rittler,Dist.-XC,"Glenside, Pa,",womens-track-and-field,2018,40.103196,-75.1515534
Anoush Krafian,Multis,"Belmont, Mass.",womens-track-and-field,2018,42.3959296,-71.1786655
Alexa Jennings,Dist.-XC,"Dayton, Ohio",womens-track-and-field,2018,39.7589478,-84.1916069
Olivia Lantz,Dist.-XC,"Manchester, Mass.",womens-track-and-field,2018,42.5751314,-70.7725506
Ella Ketchum,Dist.-XC,"Brooklyn, N.Y.",womens-track-and-field,2018,40.6526006,-73.9497211
Camille Landon,Jumps,"Bozeman, Mont.",womens-track-and-field,2018,45.6794293,-111.044047
Danielle Okonta,Hurdles,"Marietta, Ga.",womens-track-and-field,2019,33.952845,-84.5496054
Diana Vizza,Dist.-XC,"Glen Head, N.Y.",womens-track-and-field,2019,40.8433525,-73.6257512
Anya Hirschfeld,Dist.-XC,"Seattle, Wash.",womens-track-and-field,2019,47.6038321,-122.330062
Glennis Murphy,Dist.-XC,"Larkspur, Calif.",womens-track-and-field,2019,37.9340915,-122.5352539
Cha'Mia Rothwell,Jump/Hurdles(C),"Durham, N.C.",womens-track-and-field,2019,35.996653,-78.9018053
Lauren Ross,Jumps,"Mill Valley, Calif.",womens-track-and-field,2019,37.9060368,-122.5449763
MaryGrace Rittler,Dist.-XC,"Glenside, Pa,",womens-track-and-field,2019,40.103196,-75.1515534
Julia Robitaille,Dist.-XC,"Manchester, N.H.",womens-track-and-field,2019,42.9956397,-71.4547891
Michelle Quinn,Sprints,"Yorba Linda, Calif.",womens-track-and-field,2019,33.8901096,-117.8249705
Claudia Lane,Dist.-XC,"Malibu, Calif.",womens-track-and-field,2019,34.035591,-118.689423
Rachel Ludwikowski,Dist.-XC,"Montebello, N.Y.",womens-track-and-field,2019,41.1359287,-74.118477
Julianna Thomson,Throws,"Conestogo, Ontario",womens-track-and-field,2019,43.5412599,-80.5048699
Samantha Stevens,Throws,"Shelton, Conn.",womens-track-and-field,2019,41.3164856,-73.0931641
Veronica Winham,Dist.-XC,"Pukalani, Hawaii",womens-track-and-field,2019,20.8355938,-156.336124
Lily Lockhart,Throws,"Delta, Colo.",womens-track-and-field,2019,38.8368777,-107.8568294
Corinne Robitaille,Dist.-XC,"Manchester, N.H.",womens-track-and-field,2019,42.9956397,-71.4547891
Lauren Sapone,Dist.-XC(C),"Shrewsbury, N.J.",womens-track-and-field,2019,40.3295547,-74.0615285
Jamie Tatum,Throws,"Houston, Texas",womens-track-and-field,2019,29.7589382,-95.3676974
Edie Wilson,Sprints,"Halfax, Nova Scotia",womens-track-and-field,2019,44.648618,-63.5859487
Caroline Walter,Sprints,"Bemus, N.Y.",womens-track-and-field,2019,42.1593392,-79.3922893
Ella Ketchum,Dist.-XC,"Brooklyn, N.Y.",womens-track-and-field,2019,40.6526006,-73.9497211
Emily Sun,Jumps,"San Juan Capistrano, Calif.",womens-track-and-field,2019,33.5016932,-117.6625509
Camille Landon,Jumps,"Bozeman, Mont.",womens-track-and-field,2019,45.6794293,-111.044047
Julia Stevenson,Dist.-XC,"Tarrytown, N.Y.",womens-track-and-field,2019,41.0762077,-73.8587461
Madaket Nobili,Dist.-XC,"Eastham, Mass.",womens-track-and-field,2019,41.8305937,-69.9740491
Kathryn Laskoski,Sprints,"Goshen, N.Y.",womens-track-and-field,2019,41.4021497,-74.3242129
Anoush Krafian,Multis,"Belmont, Mass.",womens-track-and-field,2019,42.3959296,-71.1786655
Julia Valenti,Pole Vault,"North Reading, Mass.",womens-track-and-field,2019,42.5750939,-71.0786653
Abigail Brazil,Dist.-XC,"Jackson, Wy.",womens-track-and-field,2019,43.479965,-110.761815
Sade Akinfe,Jumps,"Oswego, Ill.",womens-track-and-field,2019,41.6834778,-88.3525714
Isabella Chao,Dist.-XC,"Lafayette, Calif.",womens-track-and-field,2019,37.8857582,-122.1180201
Shanthi Hiremath,Jumps,"Midlothian, Va.",womens-track-and-field,2019,37.486806,-77.6473195
Sarah Adams,Sprints,"Wyckoff, N.J.",womens-track-and-field,2019,41.0095417,-74.1729222
Steph Finley,Dist.-XC,"Portland, Ore.",womens-track-and-field,2019,45.5202471,-122.674194
Anna DiMarcello,Dist.-XC,"Asbury, N.J.",womens-track-and-field,2019,40.701916,-75.0135459
Abigail Burke,Jumps/Sprints,"Riverside, Calif.",womens-track-and-field,2019,33.9824949,-117.374238
Macenna Hansen,Dist.-XC,"Bellevue, Wash.",womens-track-and-field,2019,47.6144219,-122.192337
Meg Tuthill,MD-XC,"Southold, N.Y.",womens-track-and-field,2019,41.067221,-72.4408007
Brooke Brunet,Pole Vault,"Gray, La.",womens-track-and-field,2019,29.6867175,-90.781302
Annalisa Crowe,MD-XC,"Atherton, Calif.",womens-track-and-field,2019,37.453773,-122.2058272
Olivia Goodwin,Jumps,"Morrisville, N.C.",womens-track-and-field,2019,35.824341,-78.8300321
Lauren Archer,MD-XC,"Miami, Fla.",womens-track-and-field,2019,25.7741566,-80.1935973
Gabriela Fasanelli,Multis,"Ponte Vedra Beach, Fla.",womens-track-and-field,2019,30.2396865,-81.3856384
Arianna Gragg,Multi,"Lafayette, Calif.",womens-track-and-field,2019,37.8857582,-122.1180201
Mallory Barnes,Sprints,"Aliso Viejo, Calif.",womens-track-and-field,2019,33.5761376,-117.7258122
Zoe Dainton,Jumps/Multis,"Hingham, Mass.",womens-track-and-field,2019,42.2417669,-70.8897676
Breanna Glover,Dist.-XC,"Ravensdale, Wash.",womens-track-and-field,2019,47.3558961,-121.9848707
Samantha Ford,Dist.-XC,"Toronto, Ontario",womens-track-and-field,2019,43.6534817,-79.3839347
Georgia Fear,Dist.-XC,"London, England",womens-track-and-field,2019,51.5074456,-0.1277653
Julia Fenerty,MD,"Franklin, Mass.",womens-track-and-field,2019,42.5896205,-72.6110645
Claire Dougherty,MD-XC(C),"Mt. Lebanon, Pa.",womens-track-and-field,2019,40.3765,-80.0508
Emma Cunningham,Jumps,"Ramsey, N.J.",womens-track-and-field,2019,41.0573188,-74.1409771
Tennison Brady-Steen,Throws,"Happy Valley, Ore.",womens-track-and-field,2019,45.428679,-122.497174
Isabelle Giordano,MD-XC,"Hopkinton, Mass.",womens-track-and-field,2019,42.2288875,-71.5196439
Sara Fragione,MD,"Methuen, Mass.",womens-track-and-field,2019,42.7262016,-71.1908924
Annie Jackson,Mid-Dist./XC,"Dorchester, Mass.",womens-track-and-field,2020,42.2973205,-71.0744952
Camille Landon,Jumps,"Bozeman, Mont.",womens-track-and-field,2020,45.6794293,-111.044047
Kathryn Laskoski,Sprints,"Goshen, N.Y.",womens-track-and-field,2020,41.4021497,-74.3242129
Emily Levonas,Mid-Dist./XC,"Holmdel, N.J.",womens-track-and-field,2020,40.3451095,-74.1840322
Lily Lockhart,Throws,"Delta, Colo.",womens-track-and-field,2020,38.8368777,-107.8568294
Rachel Ludwikowski,Dist./XC,"Montebello, N.Y.",womens-track-and-field,2020,41.1359287,-74.118477
MaryGrace Rittler,Dist./XC,"Glenside, Pa,",womens-track-and-field,2020,40.103196,-75.1515534
Glennis Murphy,Dist./XC,"Larkspur, Calif.",womens-track-and-field,2020,37.9340915,-122.5352539
Madaket Nobili,Dist./XC.-XC,"Eastham, Mass.",womens-track-and-field,2020,41.8305937,-69.9740491
Bridget McNally,Jumps/Multis,"Sparta, N.J.",womens-track-and-field,2020,41.0401567,-74.6310081
Anya Hirschfeld,Dist./XC,"Seattle, Wash.",womens-track-and-field,2020,47.6038321,-122.330062
Jamie Tatum,Throws,"Houston, Texas",womens-track-and-field,2020,29.7589382,-95.3676974
Edie Wilson,Sprints,"Halfax, Nova Scotia",womens-track-and-field,2020,44.648618,-63.5859487
Julia Robitaille,Dist./XC,"Manchester, N.H.",womens-track-and-field,2020,42.9956397,-71.4547891
Lauren Ross,Jumps,"Mill Valley, Calif.",womens-track-and-field,2020,37.9060368,-122.5449763
Willa Shannon,Hurdles,"Richmond, Va.",womens-track-and-field,2020,37.5385087,-77.43428
Anoush Krafian,Multis,"Belmont, Mass.",womens-track-and-field,2020,42.3959296,-71.1786655
Corinne Robitaille,Dist./XC,"Manchester, N.H.",womens-track-and-field,2020,42.9956397,-71.4547891
Samantha Stevens,Throws,"Shelton, Conn.",womens-track-and-field,2020,41.3164856,-73.0931641
Natalie Shapiro,Dist./XC,"Morganville, N.J.",womens-track-and-field,2020,40.3410515,-74.2970515
Caroline Walter,Sprints,"Bemus, N.Y.",womens-track-and-field,2020,42.1593392,-79.3922893
Chloe Taylor,Jumps/Multis,"Frisco, Texas",womens-track-and-field,2020,33.1505998,-96.8238183
Lauren Godwin,Jumps/Multis,"Sheridan, Ark.",womens-track-and-field,2020,34.3100971,-92.4013484
Michelle Quinn,Sprints,"Yorba Linda, Calif.",womens-track-and-field,2020,33.8901096,-117.8249705
Sarah Adams,Sprints,"Wyckoff, N.J.",womens-track-and-field,2020,41.0095417,-74.1729222
Abigail Brazil,Dist.-XC,"Jackson, Wy.",womens-track-and-field,2020,43.479965,-110.761815
Brooke Brunet,Pole Vault,"Gray, La.",womens-track-and-field,2020,29.6867175,-90.781302
Madyson Buchalski,Throws,"Rochester, N.H.",womens-track-and-field,2020,43.3050758,-70.9753978
Abigail Burke,Jumps/Sprints,"Riverside, Calif.",womens-track-and-field,2020,33.9824949,-117.374238
Zoe Chafouleas,Throws,"Storrs, Conn.",womens-track-and-field,2020,41.8085955,-72.2512807
Tennison Brady-Steen,Throws,"Happy Valley, Ore.",womens-track-and-field,2020,45.428679,-122.497174
Julia Csorba,Hurdles,"Westfield, N.J.",womens-track-and-field,2020,40.651726,-74.3483059
Cori Hoffer,Sprints,"Huntington Beach, Calif.",womens-track-and-field,2020,33.6783336,-118.000016
Steph Finley,Dist./XC,"Portland, Ore.",womens-track-and-field,2020,45.5202471,-122.674194
Isabella Chao,Dist./XC,"Lafayette, Calif.",womens-track-and-field,2020,37.8857582,-122.1180201
Zoe Dainton,Jumps/Multis,"Hingham, Mass.",womens-track-and-field,2020,42.2417669,-70.8897676
Gabriela Fasanelli,Multis,"Ponte Vedra Beach, Fla.",womens-track-and-field,2020,30.2396865,-81.3856384
Veronica Winham,Dist./XC,"Pukalani, Hawaii",womens-track-and-field,2020,20.8355938,-156.336124
Samantha Ford,Dist./XC,"Toronto, Ontario",womens-track-and-field,2020,43.6534817,-79.3839347
Emma Cunningham,Jumps,"Ramsey, N.J.",womens-track-and-field,2020,41.0573188,-74.1409771
Sara Fragione,MD,"Methuen, Mass.",womens-track-and-field,2020,42.7262016,-71.1908924
Julia Fenerty,MD,"Franklin, Mass.",womens-track-and-field,2020,42.5896205,-72.6110645
Breanna Glover,Dist./XC,"Ravensdale, Wash.",womens-track-and-field,2020,47.3558961,-121.9848707
Isabelle Giordano,Dist./XC,"Hopkinton, Mass.",womens-track-and-field,2020,42.2288875,-71.5196439
Macenna Hansen,Dist./XC,"Bellevue, Wash.",womens-track-and-field,2020,47.6144219,-122.192337
Arianna Gragg,Multi,"Lafayette, Calif.",womens-track-and-field,2020,37.8857582,-122.1180201
Olivia Goodwin,Jumps,"Morrisville, N.C.",womens-track-and-field,2020,35.824341,-78.8300321
Danielle Pringle,Sprints,"Dallas, Texas",womens-track-and-field,2021,32.7762719,-96.7968559
Anoush Krafian,Multis(C),"Belmont, Mass.",womens-track-and-field,2021,42.3959296,-71.1786655
Emily Levonas,Middle Distance,"Holmdel, N.J.",womens-track-and-field,2021,40.3451095,-74.1840322
Madaket Nobili,Distance(C),"Eastham, Mass.",womens-track-and-field,2021,41.8305937,-69.9740491
Glennis Murphy,Distance,"Larkspur, Calif.",womens-track-and-field,2021,37.9340915,-122.5352539
Lily Lockhart,Throws,"Delta, Colo.",womens-track-and-field,2021,38.8368777,-107.8568294
Bridget McNally,Jumps/Sprints,"Sparta, N.J.",womens-track-and-field,2021,41.0401567,-74.6310081
Michelle Quinn,Sprints,"Yorba Linda, Calif.",womens-track-and-field,2021,33.8901096,-117.8249705
Madeleine Locher,Distance,"Ventura, Calif.",womens-track-and-field,2021,34.4458248,-119.0779359
Caroline Livingston,Middle Distance,"Barrington, R.I.",womens-track-and-field,2021,41.7407661,-71.3084633
Julia Reglewski,Throws,"Round Lake, Ill.",womens-track-and-field,2021,42.353355,-88.0934145
Emma Cunningham,Jumps,"Ramsey, N.J.",womens-track-and-field,2021,41.0573188,-74.1409771
Sarah Adams,Sprints,"Wyckoff, N.J.",womens-track-and-field,2021,41.0095417,-74.1729222
Anya Hirschfeld,Distance,"Seattle, Wash.",womens-track-and-field,2021,47.6038321,-122.330062
Veronica Winham,Distance,"Pukalani, Hawaii",womens-track-and-field,2021,20.8355938,-156.336124
Payton Weiner,Distance,"Haddonfield, N.J.",womens-track-and-field,2021,39.8915022,-75.0376707
Ellie Tymorek,Distance,"Boca Raton, Fla.",womens-track-and-field,2021,26.3586885,-80.0830984
Chloe Taylor,Jumps/Multis,"Frisco, Texas",womens-track-and-field,2021,33.1505998,-96.8238183
Julia Csorba,Hurdles,"Westfield, N.J.",womens-track-and-field,2021,40.651726,-74.3483059
Emma Kerimo,Distance,"Concord, Mass.",womens-track-and-field,2021,42.4605189,-71.3488963
Julia Robitaille,Distance,"Manchester, N.H.",womens-track-and-field,2021,42.9956397,-71.4547891
Corinne Robitaille,Distance,"Manchester, N.H.",womens-track-and-field,2021,42.9956397,-71.4547891
MaryGrace Rittler,Distance,"Glenside, Pa,",womens-track-and-field,2021,40.103196,-75.1515534
Jamie Tatum,Throws,"Houston, Texas",womens-track-and-field,2021,29.7589382,-95.3676974
Annie Jackson,Middle Distance,"Dorchester, Mass.",womens-track-and-field,2021,42.2973205,-71.0744952
Natalie Shapiro,Distance,"Morganville, N.J.",womens-track-and-field,2021,40.3410515,-74.2970515
Samantha Ford,Distance,"Toronto, Ontario",womens-track-and-field,2021,43.6534817,-79.3839347
Sara Fragione,Middle Distance,"Methuen, Mass.",womens-track-and-field,2021,42.7262016,-71.1908924
Bella Pietrasiewicz,Middle Distance,"Norton, Mass.",womens-track-and-field,2021,41.9670616,-71.1875071
Anna Banovac,Middle Distance,"Brentwood, Tenn.",womens-track-and-field,2021,36.0325687,-86.7825235
Zoe Chafouleas,Throws,"Storrs, Conn.",womens-track-and-field,2021,41.8085955,-72.2512807
Isabella Chao,Distance,"Lafayette, Calif.",womens-track-and-field,2021,37.8857582,-122.1180201
Maya Bryson,Sprints/Hurdles,"Anaheim, Calif.",womens-track-and-field,2021,33.8347516,-117.911732
Madyson Buchalski,Throws,"Rochester, N.H.",womens-track-and-field,2021,43.3050758,-70.9753978
Abigail Brazil,Distance,"Jackson, Wy.",womens-track-and-field,2021,43.479965,-110.761815
Tennison Brady-Steen,Throws,"Happy Valley, Ore.",womens-track-and-field,2021,45.428679,-122.497174
Maeve Conneely,Jumps,"Naperville, Ill.",womens-track-and-field,2021,41.7728699,-88.1479278
Perside Ebengo Yolou,Jumps,"Abilene, Texas",womens-track-and-field,2021,32.44645,-99.7475905
Macenna Hansen,Distance,"Bellevue, Wash.",womens-track-and-field,2021,47.6144219,-122.192337
Evie Cohen,Distance,"San Francisco, Calif.",womens-track-and-field,2021,37.7879363,-122.4075201
Uhuru Hashimoto,Middle Distance,"Ellensburg, Wash.",womens-track-and-field,2021,46.9970635,-120.545122
Fiona Akilo Stawarz,Throws,"South Portland, Maine",womens-track-and-field,2021,43.6382443,-70.2529189
Jenin Obeidat,Jumps,"Mercer Island, Wash.",womens-track-and-field,2021,47.5766324,-122.2276378
Joy Enaohwo,Sprints,"Union, N.J.",womens-track-and-field,2021,40.6652251,-74.3045277
Gabriela Fasanelli,Multis,"Ponte Vedra Beach, Fla.",womens-track-and-field,2021,30.2396865,-81.3856384
Julia Fenerty,Middle Distance,"Franklin, Mass.",womens-track-and-field,2021,42.5896205,-72.6110645
Steph Finley,Distance,"Portland, Ore.",womens-track-and-field,2021,45.5202471,-122.674194
Maya Grudman,Jumps,"Carlsbad, Calif.",womens-track-and-field,2021,33.1352045,-117.329126
Ryan Davi,Middle Distance,"Bernardsville, N.J.",womens-track-and-field,2021,40.7186805,-74.5692273
Breanna Glover,Distance,"Ravensdale, Wash.",womens-track-and-field,2021,47.3558961,-121.9848707
Lauren Godwin,Jumps/Multis,"Sheridan, Ark.",womens-track-and-field,2021,34.3100971,-92.4013484
Arianna Gragg,Sprints/Hurdles(C),"Lafayette, Calif.",womens-track-and-field,2021,37.8857582,-122.1180201
Cori Hoffer,Sprints,"Huntington Beach, Calif.",womens-track-and-field,2021,33.6783336,-118.000016
Tennison Brady-Steen,Throws,"Happy Valley, Ore.",womens-track-and-field,2022,45.428679,-122.497174
Bella Pietrasiewicz,Middle Distance,"Norton, Mass.",womens-track-and-field,2022,41.9670616,-71.1875071
Emma Kerimo,Distance,"Concord, Mass.",womens-track-and-field,2022,42.4605189,-71.3488963
Jenin Obeidat,Jumps,"Mercer Island, Wash.",womens-track-and-field,2022,47.5766324,-122.2276378
Emily Levonas,Middle Distance,"Holmdel, N.J.",womens-track-and-field,2022,40.3451095,-74.1840322
Bridget McNally,Jumps/Sprints,"Sparta, N.J.",womens-track-and-field,2022,41.0401567,-74.6310081
Olivia O'Connor,Throws,"New Haven, Conn.",womens-track-and-field,2022,41.3082138,-72.9250518
Shelby Richmond,Sprints,"Thousand Oaks, Calif.",womens-track-and-field,2022,34.1705609,-118.8375937
Madeleine Locher,Distance,"Ventura, Calif.",womens-track-and-field,2022,34.4458248,-119.0779359
Michelle Quinn,Sprints(C),"Yorba Linda, Calif.",womens-track-and-field,2022,33.8901096,-117.8249705
Victoria Laberge,Jumper,"Blaine, Minn.",womens-track-and-field,2022,45.1607987,-93.2349489
Julia Reglewski,Throws,"Round Lake, Ill.",womens-track-and-field,2022,42.353355,-88.0934145
Andie Murray,Middle Distance,"Allentown, N.J.",womens-track-and-field,2022,40.1778887,-74.5834887
Steph Finley,Distance,"Portland, Ore.",womens-track-and-field,2022,45.5202471,-122.674194
Caroline Livingston,Middle Distance,"Barrington, R.I.",womens-track-and-field,2022,41.7407661,-71.3084633
Payton Weiner,Distance,"Haddonfield, N.J.",womens-track-and-field,2022,39.8915022,-75.0376707
Ellie Tymorek,Distance,"Boca Raton, Fla.",womens-track-and-field,2022,26.3586885,-80.0830984
Corinne Robitaille,Distance,"Manchester, N.H.",womens-track-and-field,2022,42.9956397,-71.4547891
Joy Enaohwo,Sprints,"Union, N.J.",womens-track-and-field,2022,40.6652251,-74.3045277
Daniela Ruelas Lomeli,Hurdles,"Pismo Beach, Calif.",womens-track-and-field,2022,35.1427436,-120.641288
Julia Robitaille,Distance,"Manchester, N.H.",womens-track-and-field,2022,42.9956397,-71.4547891
Jamie Tatum,Throws,"Houston, Texas",womens-track-and-field,2022,29.7589382,-95.3676974
Katherine Strong,Distance,"McLean, Va.",womens-track-and-field,2022,38.9366852,-77.185843
Jada Jones,Sprints,"Rock Hill, S.C.",womens-track-and-field,2022,34.9248667,-81.0250784
Annie Jackson,Middle Distance,"Dorchester, Mass.",womens-track-and-field,2022,42.2973205,-71.0744952
Emma Cunningham,Jumps(C),"Ramsey, N.J.",womens-track-and-field,2022,41.0573188,-74.1409771
Anya Hirschfeld,Distance,"Seattle, Wash.",womens-track-and-field,2022,47.6038321,-122.330062
Autumn Clark,Throws,"Peachtree Corners, Ga.",womens-track-and-field,2022,33.9701009,-84.2215869
Mia Balestra,Multis,"Key Biscayne, Fla.",womens-track-and-field,2022,25.6968351,-80.1635261
Corinne Ahern,Throws,"Newbury, Mass.",womens-track-and-field,2022,42.7664975,-70.8458022
Natalie Shapiro,Distance,"Morganville, N.J.",womens-track-and-field,2022,40.3410515,-74.2970515
Anna Banovac,Middle Distance,"Brentwood, Tenn.",womens-track-and-field,2022,36.0325687,-86.7825235
Zoe Chafouleas,Throws,"Storrs, Conn.",womens-track-and-field,2022,41.8085955,-72.2512807
Mariella Schweitzer,Hurdles,"Redding, Conn.",womens-track-and-field,2022,41.3029342,-73.3833661
Maya Bryson,Sprints/Hurdles,"Anaheim, Calif.",womens-track-and-field,2022,33.8347516,-117.911732
Maeve Conneely,Jumps,"Naperville, Ill.",womens-track-and-field,2022,41.7728699,-88.1479278
Evie Cohen,Distance,"San Francisco, Calif.",womens-track-and-field,2022,37.7879363,-122.4075201
Sofia Abrego,Distance,"Porter Ranch, Calif.",womens-track-and-field,2022,34.2818164,-118.5612714
Chloe Taylor,Jumps/Multis,"Frisco, Texas",womens-track-and-field,2022,33.1505998,-96.8238183
Madyson Buchalski,Throws,"Rochester, N.H.",womens-track-and-field,2022,43.3050758,-70.9753978
Mia Compton-Engle,Distance,"Shaker Heights, Ohio",womens-track-and-field,2022,41.4739419,-81.5370671
Esme Huh,Distance,"Birmingham, Ala.",womens-track-and-field,2022,33.5206824,-86.8024326
Sara Fragione,Middle Distance,"Methuen, Mass.",womens-track-and-field,2022,42.7262016,-71.1908924
Julia Fenerty,Middle Distance(C),"Franklin, Mass.",womens-track-and-field,2022,42.5896205,-72.6110645
Ryan Davi,Middle Distance,"Bernardsville, N.J.",womens-track-and-field,2022,40.7186805,-74.5692273
Perside Ebengo Yolou,Jumps,"Abilene, Texas",womens-track-and-field,2022,32.44645,-99.7475905
Maya Grudman,Jumps,"Carlsbad, Calif.",womens-track-and-field,2022,33.1352045,-117.329126
Jaidyn Curry,Sprints,"Lorton, Va.",womens-track-and-field,2022,38.6946355,-77.2199931
Breanna Glover,Distance,"Ravensdale, Wash.",womens-track-and-field,2022,47.3558961,-121.9848707
Lauren Godwin,Jumps/Multis,"Sheridan, Ark.",womens-track-and-field,2022,34.3100971,-92.4013484
Gabriela Fasanelli,Multis,"Ponte Vedra Beach, Fla.",womens-track-and-field,2022,30.2396865,-81.3856384
Macenna Hansen,Distance,"Bellevue, Wash.",womens-track-and-field,2022,47.6144219,-122.192337
Esme Huh,Distance,"Birmingham, Ala.",womens-track-and-field,2023,33.5206824,-86.8024326
Annie Jackson,Middle Distance(C),"Dorchester, Mass.",womens-track-and-field,2023,42.2973205,-71.0744952
Maeve Conneely,Jumps,"Naperville, Ill.",womens-track-and-field,2023,41.7728699,-88.1479278
Payton Weiner,Distance,"Haddonfield, N.J.",womens-track-and-field,2023,39.8915022,-75.0376707
Lauren Godwin,Jumps/Multis,"Sheridan, Ark.",womens-track-and-field,2023,34.3100971,-92.4013484
Maya Bryson,Sprints/Hurdles,"Anaheim, Calif.",womens-track-and-field,2023,33.8347516,-117.911732
Perside Ebengo Yolou,Jumps,"Abilene, Texas",womens-track-and-field,2023,32.44645,-99.7475905
Sofia Abrego,Distance,"Porter Ranch, Calif.",womens-track-and-field,2023,34.2818164,-118.5612714
Anna Banovac,Middle Distance,"Brentwood, Tenn.",womens-track-and-field,2023,36.0325687,-86.7825235
Megan Judd,Jumps,"Coppell, Texas",womens-track-and-field,2023,32.9552598,-97.0155703
Emily Levonas,Middle Distance,"Holmdel, N.J.",womens-track-and-field,2023,40.3451095,-74.1840322
Kylee Bennett,Throws,"Narragansett, R.I.",womens-track-and-field,2023,41.4325574,-71.4579836
Madyson Buchalski,Throws,"Rochester, N.H.",womens-track-and-field,2023,43.3050758,-70.9753978
Daniela Ruelas Lomeli,Hurdles,"Pismo Beach, Calif.",womens-track-and-field,2023,35.1427436,-120.641288
Autumn Clark,Throws,"Peachtree Corners, Ga.",womens-track-and-field,2023,33.9701009,-84.2215869
Caroline Livingston,Middle Distance,"Barrington, R.I.",womens-track-and-field,2023,41.7407661,-71.3084633
Mia Compton-Engle,Distance,"Shaker Heights, Ohio",womens-track-and-field,2023,41.4739419,-81.5370671
Zoe Chafouleas,Throws,"Storrs, Conn.",womens-track-and-field,2023,41.8085955,-72.2512807
Evie Cohen,Distance,"San Francisco, Calif.",womens-track-and-field,2023,37.7879363,-122.4075201
Erin Karas,Distance,"Columbus, Ohio",womens-track-and-field,2023,39.9622601,-83.0007065
Olivia Jelsma,Multis,"Nashville, Tenn.",womens-track-and-field,2023,36.1622767,-86.7742984
Joy Enaohwo,Sprints,"Union, N.J.",womens-track-and-field,2023,40.6652251,-74.3045277
Jada Jones,Sprints,"Rock Hill, S.C.",womens-track-and-field,2023,34.9248667,-81.0250784
Danielle Johnson,Hurdles,"Humble, Texas",womens-track-and-field,2023,29.9988312,-95.2621553
Maya Grudman,Jumps,"Carlsbad, Calif.",womens-track-and-field,2023,33.1352045,-117.329126
Andie Murray,Middle Distance,"Allentown, N.J.",womens-track-and-field,2023,40.1778887,-74.5834887
Julia Reglewski,Throws(C),"Round Lake, Ill.",womens-track-and-field,2023,42.353355,-88.0934145
Olivia O'Connor,Throws,"New Haven, Conn.",womens-track-and-field,2023,41.3082138,-72.9250518
Cate Schelly,Throws,"Fort Collins, Colo.",womens-track-and-field,2023,40.5871782,-105.0770113
Mariella Schweitzer,Hurdles,"Redding, Conn.",womens-track-and-field,2023,41.3029342,-73.3833661
Natalie Shapiro,Distance,"Morganville, N.J.",womens-track-and-field,2023,40.3410515,-74.2970515
Sarah Slowikowski,Throws,"Demarest, N.J.",womens-track-and-field,2023,40.9573205,-73.9634708
Shelby Richmond,Sprints,"Thousand Oaks, Calif.",womens-track-and-field,2023,34.1705609,-118.8375937
Katherine Strong,Distance,"McLean, Va.",womens-track-and-field,2023,38.9366852,-77.185843
Madeleine Locher,Distance,"Ventura, Calif.",womens-track-and-field,2023,34.4458248,-119.0779359
Winnie Stone,Jumps,"Minnetonka, Minn.",womens-track-and-field,2023,44.9405086,-93.4638936
Jenin Obeidat,Jumps,"Mercer Island, Wash.",womens-track-and-field,2023,47.5766324,-122.2276378
Chloe Taylor,Jumps/Multis,"Frisco, Texas",womens-track-and-field,2023,33.1505998,-96.8238183
Victoria Laberge,Jumper,"Blaine, Minn.",womens-track-and-field,2023,45.1607987,-93.2349489
Bridget McNally,Jumps/Sprints(C),"Sparta, N.J.",womens-track-and-field,2023,41.0401567,-74.6310081
Ellie Tymorek,Distance,"Boca Raton, Fla.",womens-track-and-field,2023,26.3586885,-80.0830984
Chayse Raymond,Sprints,"Arlington, Va.",womens-track-and-field,2023,38.8769326,-77.0893094
Emma Kerimo,Distance,"Concord, Mass.",womens-track-and-field,2023,42.4605189,-71.3488963
Ryan Davi,Middle Distance,"Bernardsville, N.J.",womens-track-and-field,2023,40.7186805,-74.5692273
Nicole Lipieta,Distance,"Woolwich, N.J.",womens-track-and-field,2023,39.7381913,-75.3253882
Julia Pye,Mid-Distance,"Doylestown, Pa.",womens-track-and-field,2023,40.3100446,-75.1304588
Danielle Pringle,Sprints,"Dallas, Texas",womens-track-and-field,2023,32.7762719,-96.7968559
Bella Pietrasiewicz,Middle Distance,"Norton, Mass.",womens-track-and-field,2023,41.9670616,-71.1875071
Claire McDonald,Distance,"Bend, Ore.",womens-track-and-field,2023,44.0581728,-121.3153096
Ellison Weiner,Jumps,"Weston, Conn.",womens-track-and-field,2023,41.2021302,-73.3812743
Hannah Kaercher,Distance,"Fayetteville, N.Y.",womens-track-and-field,2023,43.0297887,-76.0043643
Shelby Richmond,Sprints,"Thousand Oaks, Calif.",womens-track-and-field,2024,34.1705609,-118.8375937
Jenin Obeidat,Jumps,"Mercer Island, Wash.",womens-track-and-field,2024,47.5766324,-122.2276378
Julia Pye,Mid-Distance,"Doylestown, Pa.",womens-track-and-field,2024,40.3100446,-75.1304588
Annie Pflaum,Distance Distance,"Portola Valley, Calif.",womens-track-and-field,2024,37.3736298,-122.219047
Caroline Livingston,Middle Distance,"Barrington, R.I.",womens-track-and-field,2024,41.7407661,-71.3084633
Žaneta Pivcová,Thrower,"Kardasova Recice, Czech Republic",womens-track-and-field,2024,49.1847779,14.8531546
Andie Murray,Middle Distance,"Allentown, N.J.",womens-track-and-field,2024,40.1778887,-74.5834887
Chayse Raymond,Sprints,"Arlington, Va.",womens-track-and-field,2024,38.8769326,-77.0893094
Emmy Thornton,Middle Distance,"Belfast, Northern Ireland",womens-track-and-field,2024,54.596391,-5.9301829
Mia Compton-Engle,Distance,"Shaker Heights, Ohio",womens-track-and-field,2024,41.4739419,-81.5370671
Maeve Conneely,Jumps,"Naperville, Ill.",womens-track-and-field,2024,41.7728699,-88.1479278
Sarah Slowikowski,Throws,"Demarest, N.J.",womens-track-and-field,2024,40.9573205,-73.9634708
Katherine Strong,Distance,"McLean, Va.",womens-track-and-field,2024,38.9366852,-77.185843
Brooke White,Jumps,"Barnet, VT",womens-track-and-field,2024,44.2966923,-72.0495301
Payton Weiner,Distance,"Haddonfield, N.J.",womens-track-and-field,2024,39.8915022,-75.0376707
Mariella Schweitzer,Hurdles,"Redding, Conn.",womens-track-and-field,2024,41.3029342,-73.3833661
Perside Ebengo Yolou,Jumps,"Abilene, Texas",womens-track-and-field,2024,32.44645,-99.7475905
Cate Schelly,Throws,"Fort Collins, Colo.",womens-track-and-field,2024,40.5871782,-105.0770113
Ellie Tymorek,Distance,"Boca Raton, Fla.",womens-track-and-field,2024,26.3586885,-80.0830984
Claire McDonald,Distance,"Bend, Ore.",womens-track-and-field,2024,44.0581728,-121.3153096
Veronika Ŝímová,Sprinter,"Brno, Czech Republic",womens-track-and-field,2024,49.1922443,16.6113382
Ellison Weiner,Jumps,"Weston, Conn.",womens-track-and-field,2024,41.2021302,-73.3812743
Winnie Stone,Jumps,"Minnetonka, Minn.",womens-track-and-field,2024,44.9405086,-93.4638936
Charlotte DiRocco,Multis,"Carlisle, Mass.",womens-track-and-field,2024,42.5292605,-71.3495035
Bella Pietrasiewicz,Middle Distance,"Norton, Mass.",womens-track-and-field,2024,41.9670616,-71.1875071
Anna Banovac,Middle Distance,"Brentwood, Tenn.",womens-track-and-field,2024,36.0325687,-86.7825235
Madeleine Locher,Distance,"Ventura, Calif.",womens-track-and-field,2024,34.4458248,-119.0779359
Daniela Ruelas Lomeli,Hurdles,"Pismo Beach, Calif.",womens-track-and-field,2024,35.1427436,-120.641288
Evie Cohen,Distance,"San Francisco, Calif.",womens-track-and-field,2024,37.7879363,-122.4075201
Autumn Clark,Throws,"Peachtree Corners, Ga.",womens-track-and-field,2024,33.9701009,-84.2215869
Olivia O'Connor,Throws,"New Haven, Conn.",womens-track-and-field,2024,41.3082138,-72.9250518
Kylee Bennett,Throws,"Narragansett, R.I.",womens-track-and-field,2024,41.4325574,-71.4579836
Esme Daplyn,Mid-Distance/Distance,"Greenwich, Conn.",womens-track-and-field,2024,41.0264862,-73.6284598
Maya Bryson,Sprints/Hurdles,"Anaheim, Calif.",womens-track-and-field,2024,33.8347516,-117.911732
Erin Karas,Distance,"Columbus, Ohio",womens-track-and-field,2024,39.9622601,-83.0007065
Maya Pacarro,Multis,"Kaneohe, Hawaii",womens-track-and-field,2024,21.418555,-157.804184
Danielle Pringle,Sprints,"Dallas, Texas",womens-track-and-field,2024,32.7762719,-96.7968559
Corinne Ahern,Throws,"Newbury, Mass.",womens-track-and-field,2024,42.7664975,-70.8458022
Danielle Johnson,Hurdles,"Humble, Texas",womens-track-and-field,2024,29.9988312,-95.2621553
Olivia Jelsma,Multis,"Nashville, Tenn.",womens-track-and-field,2024,36.1622767,-86.7742984
Viktoriya Emelianova,Throws,"Union, Kentucky",womens-track-and-field,2024,37.637247,-87.958036
Emma Kerimo,Distance,"Concord, Mass.",womens-track-and-field,2024,42.4605189,-71.3488963
Megan Judd,Jumps,"Coppell, Texas",womens-track-and-field,2024,32.9552598,-97.0155703
Esme Huh,Distance,"Birmingham, Ala.",womens-track-and-field,2024,33.5206824,-86.8024326
Victoria Laberge,Jumper,"Blaine, Minn.",womens-track-and-field,2024,45.1607987,-93.2349489
Jada Jones,Sprints,"Rock Hill, S.C.",womens-track-and-field,2024,34.9248667,-81.0250784
Maya Grudman,Jumps,"Carlsbad, Calif.",womens-track-and-field,2024,33.1352045,-117.329126
Madeline Kaufman,Pole Vault,"Eden Prairie, Minn.",womens-track-and-field,2024,44.8546856,-93.470786
Nicole Lipieta,Distance,"Woolwich, N.J.",womens-track-and-field,2024,39.7381913,-75.3253882
Hannah Kaercher,Distance,"Fayetteville, N.Y.",womens-track-and-field,2024,43.0297887,-76.0043643
Abby Kerrins,Middle Distance,"Charlotte, N.C.",womens-track-and-field,2025,35.2272086,-80.8430827
Žaneta Pivcová,Thrower,"Kardasova Recice, Czech Republic",womens-track-and-field,2025,49.1847779,14.8531546
Katie Kelly,Pole Vault,"Ponte Vedra Beach, Fla.",womens-track-and-field,2025,30.2396865,-81.3856384
Nicole Lipieta,Distance,"Woolwich, N.J.",womens-track-and-field,2025,39.7381913,-75.3253882
Erin Karas,Distance,"Columbus, Ohio",womens-track-and-field,2025,39.9622601,-83.0007065
Maura O’Scannlain,Distance,"Portland, Ore.",womens-track-and-field,2025,45.5202471,-122.674194
Emmy Thornton,Middle Distance,"Belfast, Northern Ireland",womens-track-and-field,2025,54.596391,-5.9301829
Maya Pacarro,Jumps,"Kaneohe, Hawaii",womens-track-and-field,2025,21.418555,-157.804184
Faith Ferguson,Throws,"Redding, Calif.",womens-track-and-field,2025,40.5863563,-122.391675
Daniela Ruelas Lomeli,Hurdles,"Pismo Beach, Calif.",womens-track-and-field,2025,35.1427436,-120.641288
Sarah Slowikowski,Throws,"Demarest, N.J.",womens-track-and-field,2025,40.9573205,-73.9634708
Sophie Spelman,Distance,"Fairfield, Conn.",womens-track-and-field,2025,41.1412078,-73.2637258
Ellison Weiner,Jumps,"Weston, Conn.",womens-track-and-field,2025,41.2021302,-73.3812743
Katherine Strong,Distance,"McLean, Va.",womens-track-and-field,2025,38.9366852,-77.185843
Megan Judd,Jumps,"Coppell, Texas",womens-track-and-field,2025,32.9552598,-97.0155703
Veronika Ŝímová,Sprinter,"Brno, Czech Republic",womens-track-and-field,2025,49.1922443,16.6113382
Annie Pflaum,Distance Distance,"Portola Valley, Calif.",womens-track-and-field,2025,37.3736298,-122.219047
Cate Schelly,Throws,"Fort Collins, Colo.",womens-track-and-field,2025,40.5871782,-105.0770113
Maddie Romaine,Distance,"Wheaton, Ill.",womens-track-and-field,2025,41.8646959,-88.1101709
Meghan Prior,Throws,"Arlington, Mass.",womens-track-and-field,2025,42.4153739,-71.1564428
Mariella Schweitzer,Hurdles,"Redding, Conn.",womens-track-and-field,2025,41.3029342,-73.3833661
Viktoriya Emelianova,Throws,"Union, Kentucky",womens-track-and-field,2025,37.637247,-87.958036
Mia Compton-Engle,Distance,"Shaker Heights, Ohio",womens-track-and-field,2025,41.4739419,-81.5370671
Andie Murray,Middle Distance,"Allentown, N.J.",womens-track-and-field,2025,40.1778887,-74.5834887
Rebeka Žibritová,Hurdles,"Kolarovo, Slovakia",womens-track-and-field,2025,47.9182347,17.9966591
Claire McDonald,Distance,"Bend, Ore.",womens-track-and-field,2025,44.0581728,-121.3153096
Evie Woodrow,Pole Vault,"Charlottesville, Va.",womens-track-and-field,2025,38.029306,-78.4766781
Tessa Zima,Distance,"Gig Harbor, Wash.",womens-track-and-field,2025,47.3259697,-122.5878659
Julia Pye,Mid-Distance,"Doylestown, Pa.",womens-track-and-field,2025,40.3100446,-75.1304588
Virginia Averyt,,"Birmingham, Ala.",womens-track-and-field,2025,33.5206824,-86.8024326
Winnie Stone,Jumps,"Minnetonka, Minn.",womens-track-and-field,2025,44.9405086,-93.4638936
Siena Bateman,Jumps,"San Diego, Calif.",womens-track-and-field,2025,32.7157062,-117.1638284
Imogen Brown,Sprints,"Tiburon, Calif.",womens-track-and-field,2025,37.8775332,-122.460808
Danielle Johnson,Hurdles,"Humble, Texas",womens-track-and-field,2025,29.9988312,-95.2621553
Jada Jones,Sprints,"Rock Hill, S.C.",womens-track-and-field,2025,34.9248667,-81.0250784
Madeline Kaufman,Pole Vault,"Eden Prairie, Minn.",womens-track-and-field,2025,44.8546856,-93.470786
Esme Daplyn,Mid-Distance/Distance,"Greenwich, Conn.",womens-track-and-field,2025,41.0264862,-73.6284598
Autumn Clark,Throws,"Peachtree Corners, Ga.",womens-track-and-field,2025,33.9701009,-84.2215869
Hannah Kaercher,Distance,"Fayetteville, N.Y.",womens-track-and-field,2025,43.0297887,-76.0043643
Esme Huh,Distance,"Birmingham, Ala.",womens-track-and-field,2025,33.5206824,-86.8024326
Annamaria Bacchetta,Distance,"Nashville, Tenn.",womens-track-and-field,2025,36.1622767,-86.7742984
Charlotte DiRocco,Multis,"Carlisle, Mass.",womens-track-and-field,2025,42.5292605,-71.3495035
Lindsey Kerrins,Middle Distance,"Charlotte, N.C.",womens-track-and-field,2025,35.2272086,-80.8430827
Jonathan Lu,Rower,"Coral Springs, Fla.",rowing,2016,26.271192,-80.2706044
Evan Wetzel,Rower,"Waukesha, Wis.",rowing,2016,43.0622536,-88.3123889
Robert Van Voorhis,Rower,"Oak Brook, Ill.",rowing,2016,41.8327126,-87.9484125
John Witherspoon,Rower,"Alameda, Calif.",rowing,2016,37.6090291,-121.899142
Mark Widerschein,Rower,"Dublin, Ohio",rowing,2016,40.0996009,-83.1135563
Joel Weng,Rower,"Madison, Wis.",rowing,2016,43.07469,-89.3841663
Sean Oh,Rower,"Cerritos, Calif.",rowing,2016,33.8644291,-118.0539323
David White,Rower,"Arlington, Va.",rowing,2016,38.8769326,-77.0893094
David Tramonte,Rower,"Peabody, Mass.",rowing,2016,42.5258965,-70.9272446
Sam Lee,Rower,"Turlock, Calif.",rowing,2016,37.4946568,-120.8465941
Evan Honnold,Rower,"Washington, D.C.",rowing,2016,38.8950982,-77.0363849
Cortland Weatherley-White,Rower,"New York, N.Y.",rowing,2016,40.7127281,-74.0060152
Robert Powell,Rower,"Gainesville, Fla.",rowing,2016,29.6519684,-82.3249846
Michael Guadagno,Rower,"Long Branch, N.J.",rowing,2016,40.3042778,-73.9923596
Benjamin Adler,Rower,"Harrison, N.Y.",rowing,2016,40.9689871,-73.71263
Kelsey Biddle,Cox,"Burlingame, Calif.",rowing,2016,37.5780965,-122.3473099
Jeffrey Gao,Rower,"San Diego, Calif.",rowing,2016,32.7157062,-117.1638284
Jason Auh,Rower,"Scottsdale, Ariz.",rowing,2016,33.4942189,-111.926018
Kiana Outen,Cox,"Marlborough, Mass.",rowing,2016,42.3468589,-71.5525188
Ian Brackbill,Rower,"Reading, Penn.",rowing,2016,40.335345,-75.9279495
Alexander Abate,Rower,"Ponte Vedra Beach, Fla.",rowing,2016,30.2396865,-81.3856384
Eliza Hoffman,Cox,"Thetford Center, Vt.",rowing,2016,43.8286805,-72.2462023
Seamus Hall,Rower,"New York, N.Y.",rowing,2016,40.7127281,-74.0060152
Will Allan,Rower,"Southampton, N.Y.",rowing,2016,40.8842482,-72.3897131
Walter Banfield,Rower,"Wake, Va.",rowing,2016,37.5681925,-76.4291138
Nikol Oydanich,Cox,"New York, N.Y.",rowing,2016,40.7127281,-74.0060152
Benjamin Adler,Rower,"Harrison, N.Y.",rowing,2017,40.9689871,-73.71263
Robert Van Voorhis,Rower,"Oak Brook, Ill.",rowing,2017,41.8327126,-87.9484125
David Tramonte,Rower,"Peabody, Mass.",rowing,2017,42.5258965,-70.9272446
Sam Lee,Rower,"Turlock, Calif.",rowing,2017,37.4946568,-120.8465941
Jeffrey Gao,Rower,"San Diego, Calif.",rowing,2017,32.7157062,-117.1638284
Will Allan,Rower,"Southampton, N.Y.",rowing,2017,40.8842482,-72.3897131
Ian Brackbill,Rower,"Reading, Penn.",rowing,2017,40.335345,-75.9279495
Kiana Outen,Cox,"Marlborough, Mass.",rowing,2017,42.3468589,-71.5525188
Michael Guadagno,Rower,"Long Branch, N.J.",rowing,2017,40.3042778,-73.9923596
Alain Carles,Rower,"Miami, Fla.",rowing,2018,25.7741566,-80.1935973
Niranjan Ramasekaran,Cox,"Atlanta, Ga.",rowing,2018,33.7544657,-84.3898151
Kyle Ziemer,Rower,"Saint Paul, Minn.",rowing,2018,44.9497487,-93.0931028
Conrad Crans,Rower,"Camden, Maine",rowing,2018,44.2154945,-69.0851729
Sean Ward,Rower,"Downingtown, Pa.",rowing,2018,40.0064958,-75.7032742
John Fulton,Rower,"Lancaster, Pa.",rowing,2018,40.0379958,-76.3056707
Liz Michel,Cox,"Dallas, Texas",rowing,2018,32.7762719,-96.7968559
Carl Harris,Rower,"Manchester, N.H.",rowing,2018,42.9956397,-71.4547891
Chase Penhallurick,Rower,"Providence, R.I.",rowing,2018,41.8239891,-71.4128343
Jack Costello,Rower,"Malvern, Pa.",rowing,2018,40.036202,-75.5138959
Will Kaufman,Rower,"Boulder, Colo.",rowing,2018,40.0149856,-105.270545
Chris Jun,Rower,"Lexington, Mass.",rowing,2018,42.4473175,-71.2245003
Jimmy Cronin,Rower,"Rye, N.Y.",rowing,2018,40.9821371,-73.6840902
Matthew Ix,Rower,"Berwyn, Pa.",rowing,2018,40.0477701,-75.4421325
Connor O'Leary,Rower,"Freehold, N.J.",rowing,2018,40.2601096,-74.2737573
Gabe Kotsonis,Rower,"Newton, Mass.",rowing,2018,42.3300435,-71.194862
Iain Sheerin,Rower,"Milton, Mass.",rowing,2018,42.2501425,-71.065573
Jack Nassau,Rower,"Woodcliff Lake, N.J.",rowing,2018,41.0234304,-74.0665297
Jonathan Lu,Rower,"Miami, Fla.",rowing,2018,25.7741566,-80.1935973
Max Marchiony,Rower,"Weston, Mass.",rowing,2018,42.3667625,-71.3031132
John Martin,Rower,"Laguna Beach, Calif.",rowing,2018,33.5426975,-117.785366
Frederick Polak,Rower,"Greenwich, Conn.",rowing,2018,41.0264862,-73.6284598
Jason McFadden,Rower,"Gaithersburg, Md.",rowing,2018,39.1399187,-77.1929215
Andre Quintiliani,Rower,"West Chester, Pa.",rowing,2018,39.9597389,-75.6044609
Henry Cawthorne,Rower,"South Yorkshire, United Kingdom",rowing,2018,53.4815334,-1.3810422
Cooper Tuckerman,Rower,"Bozeman, Mont.",rowing,2018,45.6794293,-111.044047
Sophie Kwon,Cox,"Plano, Texas",rowing,2018,33.0136764,-96.6925096
Christopher Duan,Rower,"Hillsborough, Calif.",rowing,2018,37.557252,-122.362529
JP Passot,Rower,"Mill Valley, Calif.",rowing,2018,37.9060368,-122.5449763
Alexis Vannett,Cox,"Fargo, N.D.",rowing,2018,46.877229,-96.789821
Jack Stone,Rower,"Providence, R.I.",rowing,2019,41.8239891,-71.4128343
Peter Ammons,Rower,"Denver, Colo.",rowing,2019,39.7392364,-104.984862
Nina Vogel,Cox,"Pacific Palisades, Calif.",rowing,2019,34.0480643,-118.5264706
Max Marchiony,Rower,"Weston, Mass.",rowing,2019,42.3667625,-71.3031132
Nathaniel Kramer,Rower,"New Orleans, La.",rowing,2019,29.9574657,-90.0629493
Kyle Ziemer,Rower,"Saint Paul, Minn.",rowing,2019,44.9497487,-93.0931028
Gabe Kotsonis,Rower,"Newton, Mass.",rowing,2019,42.3300435,-71.194862
Jack Nassau,Rower,"Woodcliff Lake, N.J.",rowing,2019,41.0234304,-74.0665297
Iain Sheerin,Rower,"Milton, Mass.",rowing,2019,42.2501425,-71.065573
Andre Quintiliani,Rower,"West Chester, Pa.",rowing,2019,39.9597389,-75.6044609
Chase Penhallurick,Rower,"Providence, R.I.",rowing,2019,41.8239891,-71.4128343
JP Passot,Rower,"Mill Valley, Calif.",rowing,2019,37.9060368,-122.5449763
Alexis Vannett,Cox,"Fargo, N.D.",rowing,2019,46.877229,-96.789821
Cooper Tuckerman,Rower,"Bozeman, Mont.",rowing,2019,45.6794293,-111.044047
Chris Stich,Rower,"Old Greenwich, Conn.",rowing,2019,41.0274237,-73.5646262
Eamon Hanley,Rower,"Manhasset, N.Y.",rowing,2019,40.786702,-73.6967338
Jamie Corbus,Rower,"San Francisco, Calif.",rowing,2019,37.7879363,-122.4075201
Conrad Crans,Rower,"Camden, Maine",rowing,2019,44.2154945,-69.0851729
Alain Carles,Rower,"Miami, Fla.",rowing,2019,25.7741566,-80.1935973
Peter Chow,Cox,"Hanover, N.H.",rowing,2019,43.7023545,-72.2892164
Chris Jun,Rower,"Lexington, Mass.",rowing,2019,42.4473175,-71.2245003
Sean Ward,Rower,"Downingtown, Pa.",rowing,2019,40.0064958,-75.7032742
Will Kaufman,Rower,"Boulder, Colo.",rowing,2019,40.0149856,-105.270545
Jack Costello,Rower,"Malvern, Pa.",rowing,2019,40.036202,-75.5138959
Christopher Duan,Rower,"Hillsborough, Calif.",rowing,2019,37.557252,-122.362529
John Fulton,Rower,"Lancaster, Pa.",rowing,2019,40.0379958,-76.3056707
Anthony Wang,Rower,"Dallas, Texas",rowing,2019,32.7762719,-96.7968559
Harry Grigorian,Rower,"Bethesda, Md.",rowing,2019,38.9812726,-77.1233587
Carl Harris,Rower,"Manchester, N.H.",rowing,2019,42.9956397,-71.4547891
Matthew Ix,Rower,"Berwyn, Pa.",rowing,2019,40.0477701,-75.4421325
JP Passot,Rower,"Mill Valley, Calif.",rowing,2020,37.9060368,-122.5449763
Andre Quintiliani,Rower,"West Chester, Pa.",rowing,2020,39.9597389,-75.6044609
Nicholas Schab,Rower,"Atlanta, Ga.",rowing,2020,33.7544657,-84.3898151
Iain Sheerin,Rower,"Milton, Mass.",rowing,2020,42.2501425,-71.065573
Cooper Tuckerman,Rower,"Bozeman, Mont.",rowing,2020,45.6794293,-111.044047
Nina Vogel,Cox,"Pacific Palisades, Calif.",rowing,2020,34.0480643,-118.5264706
Anthony Wang,Rower,"Dallas, Texas",rowing,2020,32.7762719,-96.7968559
Sean Ward,Rower,"Downingtown, Pa.",rowing,2020,40.0064958,-75.7032742
Kyle Ziemer,Rower,"Saint Paul, Minn.",rowing,2020,44.9497487,-93.0931028
Chris Stich,Rower,"Old Greenwich, Conn.",rowing,2020,41.0274237,-73.5646262
Jack Nassau,Rower,"Woodcliff Lake, N.J.",rowing,2020,41.0234304,-74.0665297
Jack Stone,Rower,"Providence, R.I.",rowing,2020,41.8239891,-71.4128343
Gabe Kotsonis,Rower,"Newton, Mass.",rowing,2020,42.3300435,-71.194862
Chris Jun,Rower,"Lexington, Mass.",rowing,2020,42.4473175,-71.2245003
Max Marchiony,Rower,"Weston, Mass.",rowing,2020,42.3667625,-71.3031132
Will Kaufman,Rower,"Boulder, Colo.",rowing,2020,40.0149856,-105.270545
Eamon Hanley,Rower,"Manhasset, N.Y.",rowing,2020,40.786702,-73.6967338
Harry Grigorian,Rower,"Bethesda, Md.",rowing,2020,38.9812726,-77.1233587
Christopher Duan,Rower,"Hillsborough, Calif.",rowing,2020,37.557252,-122.362529
Conrad Crans,Rower,"Camden, Maine",rowing,2020,44.2154945,-69.0851729
Jamie Corbus,Rower,"San Francisco, Calif.",rowing,2020,37.7879363,-122.4075201
Benjamin Aronson,Rower,"Melbourne Beach, Fla.",rowing,2020,28.0684067,-80.5607951
Samuel Miller,Rower,"San Rafael, Calif.",rowing,2020,37.9747795,-122.5316686
Nathaniel Kramer,Rower,"New Orleans, La.",rowing,2020,29.9574657,-90.0629493
Jack Costello,Rower,"Malvern, Pa.",rowing,2020,40.036202,-75.5138959
Adam Alto,Rower,"Boston, Mass.",rowing,2021,42.3588336,-71.0578303
Zachary Nelson-Marois,Rower,"Dover, N.H.",rowing,2021,43.1981117,-70.8739761
Brendan Chia,Rower,"Princeton, N.J.",rowing,2021,40.3496953,-74.6597376
Maia Crichlow,,"Brooklyn, N.Y.",rowing,2021,40.6526006,-73.9497211
Gabe Kotsonis,Rower,"Newton, Mass.",rowing,2021,42.3300435,-71.194862
Andre Quintiliani,Rower,"West Chester, Pa.",rowing,2021,39.9597389,-75.6044609
Spencer Mancuso,Rower,"Littleton, Colo.",rowing,2021,39.613321,-105.016649
Adin McAuliffe,Rower,"North Palm Beach, Fla.",rowing,2021,26.8237944,-80.0559266
Max Marchiony,Rower,"Weston, Mass.",rowing,2021,42.3667625,-71.3031132
Thomas Wang,Rower,"Downingtown, Pa.",rowing,2021,40.0064958,-75.7032742
Nathaniel Kramer,Rower,"New Orleans, La.",rowing,2021,29.9574657,-90.0629493
Chris Stich,Rower,"Old Greenwich, Conn.",rowing,2021,41.0274237,-73.5646262
Erik Chen,Rower,"Beijing, China",rowing,2021,39.9057136,116.3912972
Ethan Swergold,Rower,"Mill Valley, Calif.",rowing,2021,37.9060368,-122.5449763
Ryan Tripp,Rower,"Piedmont, Calif.",rowing,2021,37.8243715,-122.231635
Max Miracle,Rower,"Annandale, Va.",rowing,2021,38.838703,-77.1951755
Anthony Wang,Rower,"Dallas, Texas",rowing,2021,32.7762719,-96.7968559
Jack Stone,Rower,"Providence, R.I.",rowing,2021,41.8239891,-71.4128343
Luis Lutfi,Rower,"North Miami, Fla.",rowing,2021,25.8900949,-80.1867138
Cooper Tuckerman,Rower,"Bozeman, Mont.",rowing,2021,45.6794293,-111.044047
Thaddeus Howe,Rower,"Newton Centre, Mass.",rowing,2021,42.3300309,-71.1948774
Nathan Smith,Rower,"Waban, Mass.",rowing,2021,42.3258563,-71.2306431
Samuel Miller,Rower,"San Rafael, Calif.",rowing,2021,37.9747795,-122.5316686
Reagan Readinger,Cox,"London, England",rowing,2021,51.5074456,-0.1277653
Peter Ammons,Rower,"Denver, Colo.",rowing,2021,39.7392364,-104.984862
Chris Jun,Rower,"Lexington, Mass.",rowing,2021,42.4473175,-71.2245003
Jamie Corbus,Rower,"San Francisco, Calif.",rowing,2021,37.7879363,-122.4075201
Jack Costello,Rower,"Malvern, Pa.",rowing,2021,40.036202,-75.5138959
Conrad Crans,Rower,"Camden, Maine",rowing,2021,44.2154945,-69.0851729
Rafael Carrillo Mancilla Jr.,Rower,"The Woodlands,TX",rowing,2021,30.1734194,-95.504686
Harry Grigorian,Rower,"Bethesda, Md.",rowing,2021,38.9812726,-77.1233587
Raselas Dessalegn,Rower,"Snellville, Ga.",rowing,2021,33.857328,-84.0199108
Benjamin Aronson,Rower,"Melbourne Beach, Fla.",rowing,2021,28.0684067,-80.5607951
Foster Drost,Rower,"Ankeny, Iowa",rowing,2021,41.7320796,-93.605092
Wyatt Ellison,Rower,"Wayland, Mass.",rowing,2021,42.3632063,-71.3606721
Stanley Gao,Rower,"Chestnut Hill, Mass.",rowing,2021,42.3234553,-71.1639439
Lawson Greene,Rower,"Knoxville, Tenn.",rowing,2021,35.9603948,-83.9210261
Peyton Gordon,,"Washington, D.C.",rowing,2021,38.8950982,-77.0363849
Sawyer Hall,Rower,"Rochester, N.Y.",rowing,2021,43.157285,-77.615214
Thomas Barrett,Row,"Orlando, Fla.",rowing,2022,28.5421218,-81.379045
Adin McAuliffe,Rower,"North Palm Beach, Fla.",rowing,2022,26.8237944,-80.0559266
Stanley Gao,Rower,"Chestnut Hill, Mass.",rowing,2022,42.3234553,-71.1639439
Benjamin Aronson,Rower,"Melbourne Beach, Fla.",rowing,2022,28.0684067,-80.5607951
Peyton Gordon,Cox,"Washington, D.C.",rowing,2022,38.8950982,-77.0363849
Jack Stone,Rower,"Providence, R.I.",rowing,2022,41.8239891,-71.4128343
Ryan Tripp,Rower,"Piedmont, Calif.",rowing,2022,37.8243715,-122.231635
Jamie Corbus,Rower,"San Francisco, Calif.",rowing,2022,37.7879363,-122.4075201
Maia Crichlow,Cox,"Brooklyn, N.Y.",rowing,2022,40.6526006,-73.9497211
Oliver Shapiro,Rower,"Brookline, Mass.",rowing,2022,42.332918,-71.1187829
Foster Drost,Rower,"Ankeny, Iowa",rowing,2022,41.7320796,-93.605092
Max Miracle,Rower,"Annandale, Va.",rowing,2022,38.838703,-77.1951755
Spencer Mancuso,Rower,"Littleton, Colo.",rowing,2022,39.613321,-105.016649
Luke Crotty,,"Lafayette, Colo.",rowing,2022,39.9935959,-105.089705
Max Konzerowsky,Cox,"Darien, Conn.",rowing,2022,41.0787079,-73.4692873
Thaddeus Howe,Rower,"Newton Centre, Mass.",rowing,2022,42.3300309,-71.1948774
Sawyer Hall,Rower,"Rochester, N.Y.",rowing,2022,43.157285,-77.615214
Wyatt Ellison,Rower,"Wayland, Mass.",rowing,2022,42.3632063,-71.3606721
Max Marchiony,Rower,"Weston, Mass.",rowing,2022,42.3667625,-71.3031132
Nathan Smith,Rower,"Waban, Mass.",rowing,2022,42.3258563,-71.2306431
Mihir Singh,,"Carlisle, Mass.",rowing,2022,42.5292605,-71.3495035
Samuel Miller,Rower,"San Rafael, Calif.",rowing,2022,37.9747795,-122.5316686
Alex Cocquyt,Row,"Redwood City, Calif.",rowing,2022,37.4863239,-122.232523
Samuel Terry,Rower,"Bedford, N.Y.",rowing,2022,41.2041304,-73.642509
Jack Schwartz,,"Park City, Utah",rowing,2022,40.6460921,-111.4979963
Jack Costello,Rower,"Malvern, Pa.",rowing,2022,40.036202,-75.5138959
Brendan Chia,Rower,"Princeton, N.J.",rowing,2022,40.3496953,-74.6597376
Rafael Carrillo Mancilla Jr.,Rower,"The Woodlands,TX",rowing,2022,30.1734194,-95.504686
Laura Yam,,"New York, N.Y.",rowing,2022,40.7127281,-74.0060152
Shaamil Shaw Alem,Row,Sishya School,rowing,2022,12.7263015,77.8145241
Andre Quintiliani,Rower,"West Chester, Pa.",rowing,2022,39.9597389,-75.6044609
Adam Alto,Rower,"Boston, Mass.",rowing,2022,42.3588336,-71.0578303
Samantha Sizelove,Cox,"Winter Garden, Fla.",rowing,2022,28.5656649,-81.5856742
Michael Oddo,,"Cross River, N.Y.",rowing,2022,41.2644176,-73.6701448
Nathaniel Kramer,Rower,"New Orleans, La.",rowing,2022,29.9574657,-90.0629493
Samuel Welsh,Rower,"Montclair, N.J.",rowing,2022,40.8164458,-74.2210643
Ethan Swergold,Rower,"Mill Valley, Calif.",rowing,2022,37.9060368,-122.5449763
Thomas Wang,Rower,"Downingtown, Pa.",rowing,2022,40.0064958,-75.7032742
Anthony Wang,Rower,"Dallas, Texas",rowing,2022,32.7762719,-96.7968559
Cooper Tuckerman,,"Bozeman, Mont.",rowing,2022,45.6794293,-111.044047
Haris Polychronopoulos,Rower,"London, England",rowing,2022,51.5074456,-0.1277653
Chris Stich,Rower,"Old Greenwich, Conn.",rowing,2022,41.0274237,-73.5646262
Alex Ward,Rower,"Alameda, Calif.",rowing,2022,37.6090291,-121.899142
Brendan Chia,Rower,"Princeton, N.J.",rowing,2023,40.3496953,-74.6597376
Benjamin Aronson,Rower,"Melbourne Beach, Fla.",rowing,2023,28.0684067,-80.5607951
Ryan Tripp,Rower,"Piedmont, Calif.",rowing,2023,37.8243715,-122.231635
Sawyer Hall,Rower,"Rochester, N.Y.",rowing,2023,43.157285,-77.615214
Chris Stich,Rower,"Old Greenwich, Conn.",rowing,2023,41.0274237,-73.5646262
Laura Yam,Cox,"New York, N.Y.",rowing,2023,40.7127281,-74.0060152
Ethan Swergold,Rower,"Mill Valley, Calif.",rowing,2023,37.9060368,-122.5449763
Jack Stone,Rower,"Providence, R.I.",rowing,2023,41.8239891,-71.4128343
Katherine Kramer,,"New Orleans, La.",rowing,2023,29.9574657,-90.0629493
Samuel Terry,Rower,"Bedford, N.Y.",rowing,2023,41.2041304,-73.642509
Jonas Thieme,Rower,"San Jose, Calif.",rowing,2023,37.3361663,-121.890591
Michael Oddo,Rower,"Cross River, N.Y.",rowing,2023,41.2644176,-73.6701448
Jack Schwartz,,"Park City, Utah",rowing,2023,40.6460921,-111.4979963
Adin McAuliffe,Rower,"North Palm Beach, Fla.",rowing,2023,26.8237944,-80.0559266
Henry Bedell,Rower,"Arlington, Va.",rowing,2023,38.8769326,-77.0893094
Oliver Shapiro,Rower,"Brookline, Mass.",rowing,2023,42.332918,-71.1187829
Valentin Wang-Norderud,,"Oslo, Norway",rowing,2023,59.9133301,10.7389701
Samuel Welsh,Rower,"Montclair, N.J.",rowing,2023,40.8164458,-74.2210643
Adam Alto,Rower,"Boston, Mass.",rowing,2023,42.3588336,-71.0578303
Alex Ward,Rower,"Alameda, Calif.",rowing,2023,37.6090291,-121.899142
Bradley Edington,Rower,"Portland, Ore.",rowing,2023,45.5202471,-122.674194
Alex Cocquyt,Row,"Redwood City, Calif.",rowing,2023,37.4863239,-122.232523
Ben Cavanagh,Rower,"New Canaan, Conn.",rowing,2023,41.146763,-73.4948446
Max Konzerowsky,Cox,"Darien, Conn.",rowing,2023,41.0787079,-73.4692873
Grayson Lee,Rower,"Los Angeles, Calif.",rowing,2023,34.0536909,-118.242766
Haris Polychronopoulos,Rower,"London, England",rowing,2023,51.5074456,-0.1277653
Alex Ward,Rower,"Alameda, Calif.",rowing,2024,37.6090291,-121.899142
Samuel Terry,Rower,"Bedford, N.Y.",rowing,2024,41.2041304,-73.642509
Haris Polychronopoulos,Rower,"London, England",rowing,2024,51.5074456,-0.1277653
Grayson Lee,Rower,"Los Angeles, Calif.",rowing,2024,34.0536909,-118.242766
Ryan Tripp,Rower,"Piedmont, Calif.",rowing,2024,37.8243715,-122.231635
Grey Graham,Rower,"Malvern, Pa.",rowing,2024,40.036202,-75.5138959
Colby Soutter,Rower,"Charlestown, Mass.",rowing,2024,42.3778749,-71.0619957
Oliver Shapiro,Rower,"Brookline, Mass.",rowing,2024,42.332918,-71.1187829
Douglas Spear,Rower,"Greenville, S.C.",rowing,2024,34.851354,-82.3984882
Inigo Shorrock,Rower,"Hereford, U.K.",rowing,2024,34.820934,-102.3880091
Jonas Thieme,Rower,"San Jose, Calif.",rowing,2024,37.3361663,-121.890591
Valentin Wang-Norderud,,"Oslo, Norway",rowing,2024,59.9133301,10.7389701
Laura Yam,Cox,"New York, N.Y.",rowing,2024,40.7127281,-74.0060152
Jack Schwartz,Rower,"Park City, Utah",rowing,2024,40.6460921,-111.4979963
Katherine Kramer,Cox,"New Orleans, La.",rowing,2024,29.9574657,-90.0629493
Thomas Barrett,Row,"Orlando, Fla.",rowing,2024,28.5421218,-81.379045
Wyatt Ellison,Rower,"Wayland, Mass.",rowing,2024,42.3632063,-71.3606721
Max Konzerowsky,Cox,"Darien, Conn.",rowing,2024,41.0787079,-73.4692873
Samuel Welsh,Rower,"Montclair, N.J.",rowing,2024,40.8164458,-74.2210643
Adam Alto,Rower,"Boston, Mass.",rowing,2024,42.3588336,-71.0578303
Ben Cavanagh,Rower,"New Canaan, Conn.",rowing,2024,41.146763,-73.4948446
Brendan Chia,Rower,"Princeton, N.J.",rowing,2024,40.3496953,-74.6597376
Alex Cocquyt,Row,"Redwood City, Calif.",rowing,2024,37.4863239,-122.232523
Henry Bedell,Rower,"Arlington, Va.",rowing,2024,38.8769326,-77.0893094
Michael Oddo,Rower,"Cross River, N.Y.",rowing,2024,41.2644176,-73.6701448
Bradley Edington,Rower,"Portland, Ore.",rowing,2024,45.5202471,-122.674194
Cosmo Hondrogen,Rower,"Alameda, Calif.",rowing,2024,37.6090291,-121.899142
Cosmo Hondrogen,Rower,"Alameda, Calif.",rowing,2025,37.6090291,-121.899142
Theodore Engelman,Rower,"Bryn Mawr, Pa.",rowing,2025,40.0238245,-75.3173407
Douglas Spear,Coxswain,"Greenville, S.C.",rowing,2025,34.851354,-82.3984882
Max Konzerowsky,Cox,"Darien, Conn.",rowing,2025,41.0787079,-73.4692873
John Egge,Rower,"Arlington, Va.",rowing,2025,38.8769326,-77.0893094
Inigo Shorrock,Rower,"Hereford, U.K.",rowing,2025,34.820934,-102.3880091
Tagg Clark,,"Seattle, Wash.",rowing,2025,47.6038321,-122.330062
Abigail Galton,,"Weston, Mass.",rowing,2025,42.3667625,-71.3031132
Grayson Lee,Rower,"Los Angeles, Calif.",rowing,2025,34.0536909,-118.242766
Grey Graham,Rower,"Malvern, Pa.",rowing,2025,40.036202,-75.5138959
Valentin Wang-Norderud,,"Oslo, Norway",rowing,2025,59.9133301,10.7389701
Luke Olson,,"Madison, Wis.",rowing,2025,43.07469,-89.3841663
Spencer Salhanick,,"Andover, Mass.",rowing,2025,42.65717,-71.1408776
Bradley Edington,Rower,"Portland, Ore.",rowing,2025,45.5202471,-122.674194
Alex Cocquyt,Row,"Redwood City, Calif.",rowing,2025,37.4863239,-122.232523
Jonas Thieme,Rower,"San Jose, Calif.",rowing,2025,37.3361663,-121.890591
Gil Cavalieros,Rower,"Newton, Mass.",rowing,2025,42.3300435,-71.194862
Oliver Shapiro,Rower,"Brookline, Mass.",rowing,2025,42.332918,-71.1187829
Arya Goyal,,"Scarsdale, N.Y.",rowing,2025,40.9885221,-73.8085608
Samuel Terry,Rower,"Bedford, N.Y.",rowing,2025,41.2041304,-73.642509
Colby Soutter,Rower,"Charlestown, Mass.",rowing,2025,42.3778749,-71.0619957
Samuel Welsh,Rower,"Montclair, N.J.",rowing,2025,40.8164458,-74.2210643
Bryce Ostermiller,,"Salt Lake City, Utah",rowing,2025,40.7596198,-111.886797
Henry Winkler,Starboard,"Park City, Utah",rowing,2025,40.6460921,-111.4979963
Henry Bedell,Rower,"Arlington, Va.",rowing,2025,38.8769326,-77.0893094
Haris Polychronopoulos,Rower,"London, England",rowing,2025,51.5074456,-0.1277653
Bryce Ostermiller,,"Salt Lake City, Utah",rowing,2026,40.7596198,-111.886797
Inigo Shorrock,Rower,"Hereford, U.K.",rowing,2026,34.820934,-102.3880091
Douglas Spear,Coxswain,"Greenville, S.C.",rowing,2026,34.851354,-82.3984882
Jonas Thieme,Rower,"San Jose, Calif.",rowing,2026,37.3361663,-121.890591
Henry Winkler,Starboard,"Park City, Utah",rowing,2026,40.6460921,-111.4979963
Luke Olson,,"Madison, Wis.",rowing,2026,43.07469,-89.3841663
Colby Soutter,Rower,"Charlestown, Mass.",rowing,2026,42.3778749,-71.0619957
Bradley Edington,Rower,"Portland, Ore.",rowing,2026,45.5202471,-122.674194
Cosmo Hondrogen,Rower,"Alameda, Calif.",rowing,2026,37.6090291,-121.899142
Grey Graham,Rower,"Malvern, Pa.",rowing,2026,40.036202,-75.5138959
Theodore Engelman,Rower,"Bryn Mawr, Pa.",rowing,2026,40.0238245,-75.3173407
John Egge,Rower,"Arlington, Va.",rowing,2026,38.8769326,-77.0893094
Gil Cavalieros,Rower,"Newton, Mass.",rowing,2026,42.3300435,-71.194862
Henry Bedell,Rower,"Arlington, Va.",rowing,2026,38.8769326,-77.0893094
Hunter Hagdorn,WR,"Manvel, Texas",football,2016,29.4664706,-95.355714
Ben Hagaman,OL,"Nashville, Tenn.",football,2016,36.1622767,-86.7742984
John Lass,OL,"Cherry Hill, N.J.",football,2016,39.9348351,-75.0307264
Phil Berton,OL,"Oak Park, Ill.",football,2016,41.8878145,-87.7887615
Justin Call,OL,"Colorado Springs, Colo.",football,2016,38.8339578,-104.825348
Mike Langman,OL,"Naperville, Ill.",football,2016,41.7728699,-88.1479278
Peter Eggert,OL,"Lake Forest, Calif.",football,2016,33.6469261,-117.6859213
Garrett Strohmaier,OL,"Elk Grove, Calif.",football,2016,38.4087993,-121.3716178
Hamilton Day,OL,"Shady Side, Md.",football,2016,38.8313945,-76.5193293
Seth Simmer,DT,"Powder Springs, Ga.",football,2016,33.8595492,-84.683824
Jack Friedman,OL,"Ellicott City, Md.",football,2016,39.2757359,-76.8317417
Zach Davis,OL,"Lake Havasu, Ariz.",football,2016,34.4105067,-114.2908721
Patrick Kilcommons,OL,"Berwyn, Ill.",football,2016,41.8505874,-87.7936685
John Kilcommons,OL,"Berwyn, Ill.",football,2016,41.8505874,-87.7936685
Jack Anderson,OL,"Palo Alto, Calif.",football,2016,37.4443293,-122.1598465
Jordan McGriff,DT,"Willingboro, N.J.",football,2016,40.0289423,-74.8808221
T.J. Simpson,DE,"Tampa, Fla.",football,2016,27.9449854,-82.4583107
Ben Culmer,OL,"Vienna, Va.",football,2016,38.9013729,-77.2651762
Anders Peterson,OL,"Leesburg, Va.",football,2016,39.1154506,-77.5645607
Jeremiah Douchee,DE,"Chicago, Ill.",football,2016,41.8755616,-87.6244212
Michael Warren,DL,"Maple Grove, Minn.",football,2016,45.0984983,-93.4419222
Ian Hanselman,LB,"Manheim, Pa.",football,2016,40.1637359,-76.3952429
Andrew Yohe,OL,"Apollo, Pa.",football,2016,40.5826289,-79.5670341
David Emanuels,LB,"Mercer Island, Wash.",football,2016,47.5766324,-122.2276378
Nigel Alexander,LB,"Orlando, Fla.",football,2016,28.5421218,-81.379045
Eric Meile,LB,"Ramsey, N.J.",football,2016,41.0573188,-74.1409771
Alex McCrory,LB,"Springfield, Ohio",football,2016,39.9234046,-83.810138
Jake Moen,LB,"Gilroy, Calif.",football,2016,37.0065078,-121.5631723
Dave Morrison,OL,"Latham, N.Y.",football,2016,42.7436135,-73.7458456
Brian Fordon,LB,"Frankfort, Ill.",football,2016,41.4979467,-87.8495946
Cameron Skaff,TE,"Haymarket, Va.",football,2016,38.8121398,-77.6368038
Houston Brown,WR,"The Woodlands, Texas",football,2016,30.1734194,-95.504686
Kalil Washington,DE,"Robinson, Texas",football,2016,31.4676687,-97.1147226
Zach Sammartino,OL,"Pittsburgh, Pa.",football,2016,40.4406968,-80.0025666
Justin Porter,CB,"Pembroke Pines, Fla.",football,2016,26.0061943,-80.2872086
Arthur Kaslow,LB,"Calabasas, Calif.",football,2016,34.1446643,-118.644097
Kamana Hobbs,DB,"Honolulu, Hawaii",football,2016,21.304547,-157.855676
Gage Guerra,OL,"Corona, Calif.",football,2016,33.8752945,-117.566444
Colton Forster,LB,"Napa, Calif.",football,2016,38.4898675,-122.3218414
Rocco Di Leo,DL,"Elmhurst, Ill.",football,2016,41.8994745,-87.9403418
Marcus Berg,RB,"Minneapolis, Minn.",football,2016,44.9772995,-93.2654692
David Chalmers,DE,"Leesburg, Va.",football,2016,39.1154506,-77.5645607
Jake Young,DL,"Avon Lake, Ohio",football,2016,41.510033,-82.0185895
Nick Tomkins,DL,"Matawan, N.J.",football,2016,40.41483,-74.2295891
Charlie Pontarelli,DL,"Glenview, Ill.",football,2016,42.0700662,-87.8114044
Jackson Perry,DL,"Las Vegas, Nev.",football,2016,36.1674263,-115.1484131
Brandon Cooper,DE,"Grand Prairie, Texas",football,2016,32.7459645,-96.9977846
Brennan Cascarano,DL,"Glenview, Ill.",football,2016,42.0700662,-87.8114044
Zach Husain,DL,"Evanston, Ill.",football,2016,42.0470043,-87.6846053
Davaron Stockman,DL,"LaPlace, La.",football,2016,30.0771675,-90.485784
Niko Lalos,DE,"Akron, Ohio",football,2016,41.083064,-81.518485
Stephen Johnston,TE,"Potomac, Md.",football,2016,39.0180508,-77.1956331
Zack Hawkins,WR,"Rockville, Md.",football,2016,39.0817985,-77.1516844
Cam Poole,TE,"Buford, Ga.",football,2016,34.1206564,-84.0043513
Charles Mack,WR,"Woodbridge, Va.",football,2016,38.636447,-77.2676335
Blake Orvis,TE,"Orlando, Fla.",football,2016,28.5421218,-81.379045
Joseph Cook,WR,"Monrovia, Calif.",football,2016,34.1483499,-118.0014517
Drew Hunnicutt,WR,"Argyle, Texas",football,2016,33.110156,-97.1797576
Jon Marc Carrier,WR,"Lutz, Fla.",football,2016,28.1300994,-82.4591842
Andrew Lemkuil,LB,"West Hartford, Conn.",football,2016,41.7620447,-72.7420399
Matt Kaskey,OL,"Winnetka, Ill.",football,2016,42.1080703,-87.7365286
Jack Traynor,LB,"Lake Forest, Ill.",football,2016,42.2586461,-87.8407055
Drew Estrada,WR,"Argyle, Texas",football,2016,33.110156,-97.1797576
Abrm McQuarters,RB,"Tulsa, Okla.",football,2016,36.1563122,-95.9927516
Jarius Brown,DB,"Lauderhill, Fla.",football,2016,26.1403635,-80.2133808
K.J. Booze,WR,"Spiro, Okla.",football,2016,35.2412073,-94.619944
Bun Straton,DB,"Honolulu, Hawaii",football,2016,21.304547,-157.855676
Rashaad Cooper,RB,"Tracy, Calif.",football,2016,37.7385507,-121.420139
Brandon Hester,WR,"El Cajon, Calif.",football,2016,32.7947731,-116.962526
Darryl Mobley,QB,"Danville, Calif.",football,2016,37.8225892,-122.0008254
Darius George,DB,"Lauderhill, Fla.",football,2016,26.1403635,-80.2133808
Jake Pallotta,QB,"Canton, Ohio",football,2016,40.7985464,-81.3749508
Josh Davis,WR,"Los Angeles, Calif.",football,2016,34.0536909,-118.242766
Emmanuel Soto,WR,"Davie, Fla.",football,2016,26.0628665,-80.2331038
David Smith,K/P,"Montreal, Quebec",football,2016,45.5031824,-73.5698065
Micah Croom,DB,"Cerritos, Calif.",football,2016,33.8644291,-118.0539323
Jared Gerbino,QB,"Rush, N.Y.",football,2016,42.9958962,-77.6455564
Harry Kraft,QB,"Chestnut Hill, Mass.",football,2016,42.3234553,-71.1639439
Jack Heneghan,QB,"Atherton, Calif.",football,2016,37.453773,-122.2058272
J.J. Jefferies,LB,"Fresno, Calif.",football,2016,36.7394421,-119.78483
Cole Douglas,QB,"Irmo, S.C.",football,2016,34.0884689,-81.1802101
Folarin Orimolade,LB,"Burtonsville, Md.",football,2016,39.1096795,-76.9304928
Dylan Mellor,WR,"Purcellville, Va.",football,2016,39.1367039,-77.714845
Colin Boit,S,"Sammamish, Wash.",football,2016,47.6017554,-122.0416844
John Katzman,K/P,"Paradise Valley, Ariz.",football,2016,33.5324295,-111.9505123
Charlie Miller,DB,"Shoreview, Minn.",football,2016,45.0722056,-93.1282878
Emory Thompson,WR,"Lexington, Ky.",football,2016,38.0464066,-84.4970393
Kyran McKinney-Crudden,S,"Glastonbury, Conn.",football,2016,41.7123218,-72.608146
Grant Jaffe,LS,"Laguna Hills, Calif.",football,2016,33.5948758,-117.6882067
Ross Wood,S,"Roswell, Ga.",football,2016,34.02332,-84.360022
Miles Smith,RB,"Alpharetta, Ga.",football,2016,34.0755962,-84.2945964
Danny McManus,DB,"Mendota Heights, Minn.",football,2016,44.8835768,-93.1382749
Rivers Cahee,DB,"Lafayette, La.",football,2016,30.2262187,-92.0178202
Nick Peart,DB,"Plantation, Fla.",football,2016,26.1275862,-80.2331036
Tanner Aiono,OL,"Bonita, Calif.",football,2016,32.6649141,-117.0170334
Davis Brief,K/P,"Warwick, N.Y.",football,2016,41.256483,-74.3598755
Matthew Shearin,RB,"El Cajon, Calif.",football,2016,32.7947731,-116.962526
Ryan Roegge,DB,"Marietta, Ga.",football,2016,33.952845,-84.5496054
Lucas Bavaro,DB,"Boxford, Mass.",football,2016,42.6605844,-70.9971204
Alex Gakenheimer,K,"Charlotte, N.C.",football,2016,35.2272086,-80.8430827
Ben Kepley,P,"Charlotte, N.C.",football,2016,35.2272086,-80.8430827
Tucker Spears,TE,"Dakota Dunes, S.D.",football,2016,42.4904114,-96.4922517
Graydon Peterson,LS,"Whitefish Bay, Wis.",football,2016,43.1185591,-87.906804
Connor Rempel,TE,"Monmouth Beach, N.J.",football,2016,40.3303883,-73.9815262
Harrison Farber,LB,"Cresskill, N.J.",football,2016,40.9414874,-73.9593041
Jimmy Knight,LB,"Greenwich, Conn.",football,2016,41.0264862,-73.6284598
Nathan Nuñez,LB,"Amherst, Ohio",football,2016,41.3978217,-82.2223775
Ross Andreasik,LB,"Glen Ellyn, Ill.",football,2016,41.8775293,-88.0670118
Vito Penza,RB,"Youngstown, Ohio",football,2016,41.1035786,-80.6520161
Jimmy McHugh,DE,"Moorestown, N.J.",football,2016,39.9670569,-74.9426677
Caylin Parker,RB,"Belle Chasse, La.",football,2016,29.844148,-90.0140042
Ryder Stone,RB,"Calgary, Alberta",football,2016,51.0456064,-114.057541
Jordan Argilagos,RB,"Lawrenceville, Ga.",football,2016,33.9566391,-83.9890066
T.A. Addison,DB,"New Orleans, La.",football,2016,29.9574657,-90.0629493
Justin Edwards,LB,"Lawrenceville, Ga.",football,2016,33.9566391,-83.9890066
Jack Katzman,P,"Paradise Valley, Ariz.",football,2016,33.5324295,-111.9505123
Brock Bacon,LB,"Dallas, Texas",football,2016,32.7762719,-96.7968559
Michael Gordon,DB,"Marietta, Ga.",football,2016,33.952845,-84.5496054
Scott Lloyd,WR,"Fullerton, Calif.",football,2016,33.8708215,-117.929416
Isiah Swann,DB,"Queen Creek, Ariz.",football,2016,33.2483858,-111.634158
D.J. Avery,DB,"Douglasville, Ga.",football,2016,33.7514966,-84.7477136
Jordan McGriff,DT,"Willingboro, N.J.",football,2017,40.0289423,-74.8808221
Evan Hecimovich,OL,"Lisle, Ill.",football,2017,41.801159,-88.0747687
Anders Peterson,OL,"Leesburg, Va.",football,2017,39.1154506,-77.5645607
Ben Culmer,OL,"Vienna, Va.",football,2017,38.9013729,-77.2651762
Jack Anderson,OL,"Palo Alto, Calif.",football,2017,37.4443293,-122.1598465
Jake Guidone,OL,"East Walpole, Mass.",football,2017,42.1611967,-71.2164608
Patrick Kilcommons,OL,"Berwyn, Ill.",football,2017,41.8505874,-87.7936685
Seth Walter,DE,"Longboat Key, Fla.",football,2017,27.4125417,-82.6589881
Gage Guerra,OL,"Corona, Calif.",football,2017,33.8752945,-117.566444
Sean Dowling,OL,"Alexandria, Va.",football,2017,38.8051095,-77.0470229
Arthur Kaslow,LB,"Calabasas, Calif.",football,2017,34.1446643,-118.644097
John Kilcommons,OL,"Berwyn, Ill.",football,2017,41.8505874,-87.7936685
Tanner Aiono,OL,"Bonita, Calif.",football,2017,32.6649141,-117.0170334
Tanner Cross,LB,"Fort Smith, Ark.",football,2017,35.3880338,-94.4265011
Andrew Yohe,OL,"Apollo, Pa.",football,2017,40.5826289,-79.5670341
Grant Jaffe,LS,"Laguna Hills, Calif.",football,2017,33.5948758,-117.6882067
Eric Meile,LB,"Ramsey, N.J.",football,2017,41.0573188,-74.1409771
Ross Andreasik,LB,"Glen Ellyn, Ill.",football,2017,41.8775293,-88.0670118
Jake Moen,LB,"Gilroy, Calif.",football,2017,37.0065078,-121.5631723
Andrew Lemkuil,LB,"West Hartford, Conn.",football,2017,41.7620447,-72.7420399
Jack Traynor,LB,"Lake Forest, Ill.",football,2017,42.2586461,-87.8407055
Zach Sammartino,OL,"Pittsburgh, Pa.",football,2017,40.4406968,-80.0025666
Tommy Ciesla,DT,"Naperville, Ill.",football,2017,41.7728699,-88.1479278
Davis Brief,P,"Warwick, N.Y.",football,2017,41.256483,-74.3598755
Holden Wilmsen,TE,"St. Louis, Mo.",football,2017,38.6254063,-90.190009
David Emanuels,LB,"Mercer Island, Wash.",football,2017,47.5766324,-122.2276378
Hunter Ziegelmeyer,OL,"Fort Wright, Ky.",football,2017,39.0517272,-84.5341096
Ian Hanselman,LB,"Manheim, Pa.",football,2017,40.1637359,-76.3952429
Justin Call,OL,"Colorado Springs, Colo.",football,2017,38.8339578,-104.825348
Cam Poole,TE,"Buford, Ga.",football,2017,34.1206564,-84.0043513
John Lass,OL,"Cherry Hill, N.J.",football,2017,39.9348351,-75.0307264
T.J. Simpson,DE,"Tampa, Fla.",football,2017,27.9449854,-82.4583107
Kalil Washington,DE,"Robinson, Texas",football,2017,31.4676687,-97.1147226
Seth Simmer,DT,"Powder Springs, Ga.",football,2017,33.8595492,-84.683824
David Chalmers,DE,"Leesburg, Va.",football,2017,39.1154506,-77.5645607
Nate Boone,DE,"Mishawaka, Ind.",football,2017,41.6611642,-86.1807031
Nick Tomkins,DL,"Matawan, N.J.",football,2017,40.41483,-74.2295891
Charlie Pontarelli,DL,"Glenview, Ill.",football,2017,42.0700662,-87.8114044
J.J. Jefferies,LB,"Fresno, Calif.",football,2017,36.7394421,-119.78483
Jackson Yost,DT,"Mill Creek, Wash.",football,2017,47.8577455,-122.2210628
Brennan Cascarano,DL,"Glenview, Ill.",football,2017,42.0700662,-87.8114044
Rocco Di Leo,DL,"Elmhurst, Ill.",football,2017,41.8994745,-87.9403418
Davaron Stockman,DL,"LaPlace, La.",football,2017,30.0771675,-90.485784
Niko Lalos,DE,"Akron, Ohio",football,2017,41.083064,-81.518485
Stephen Johnston,TE,"Potomac, Md.",football,2017,39.0180508,-77.1956331
Zack Hawkins,WR,"Rockville, Md.",football,2017,39.0817985,-77.1516844
Charles Mack,WR,"Woodbridge, Va.",football,2017,38.636447,-77.2676335
Caleb Martin,LB,"Jesup, Ga.",football,2017,31.6074365,-81.8853924
Scott Lloyd,WR,"Fullerton, Calif.",football,2017,33.8708215,-117.929416
Joseph Cook,WR,"Monrovia, Calif.",football,2017,34.1483499,-118.0014517
Drew Hunnicutt,WR,"Argyle, Texas",football,2017,33.110156,-97.1797576
Brandon Hester,WR,"El Cajon, Calif.",football,2017,32.7947731,-116.962526
Masaki Aerts,WR,"Warren, N.J.",football,2017,40.8602222,-74.9720493
Cameron Skaff,TE,"Haymarket, Va.",football,2017,38.8121398,-77.6368038
Donald Carty,OL,"Dallas, Texas",football,2017,32.7762719,-96.7968559
Matt Kaskey,OL,"Winnetka, Ill.",football,2017,42.1080703,-87.7365286
Ben Hagaman,OL,"Nashville, Tenn.",football,2017,36.1622767,-86.7742984
Phil Berton,OL,"Oak Park, Ill.",football,2017,41.8878145,-87.7887615
Jeremiah Douchee,DE,"Chicago, Ill.",football,2017,41.8755616,-87.6244212
Ryan Roegge,DB,"Marietta, Ga.",football,2017,33.952845,-84.5496054
Nathan Nuñez,LB,"Amherst, Ohio",football,2017,41.3978217,-82.2223775
Kalle Wagner,K,"Fresno, Calif.",football,2017,36.7394421,-119.78483
Darryl Mobley,WR,"Danville, Calif.",football,2017,37.8225892,-122.0008254
Darius George,DB,"Lauderhill, Fla.",football,2017,26.1403635,-80.2133808
Jake Pallotta,QB,"Canton, Ohio",football,2017,40.7985464,-81.3749508
Mac Battle,LB,"Meridianville, Ala.",football,2017,34.8703223,-86.5713609
Clay Kirwood,K,"Vail, Colo.",football,2017,39.6438028,-106.3888231
David Smith,K,"Montreal, Quebec",football,2017,45.5031824,-73.5698065
Thomas Hennessy,LB,"Lewiston, Minn.",football,2017,43.9846785,-91.8695909
Derek Kyler,QB,"DeKalb, Ill.",football,2017,41.8903447,-88.7713953
Harrison Herskowitz,S,"Miami, Fla.",football,2017,25.7741566,-80.1935973
Micah Croom,DB,"Cerritos, Calif.",football,2017,33.8644291,-118.0539323
Naeem Morgan,LB,"Middlesex, N.J.",football,2017,40.4279708,-74.3963102
Samuel Laurent,WR,"Attleboro, Mass.",football,2017,41.9439695,-71.2804301
Jared Gerbino,QB,"Rush, N.Y.",football,2017,42.9958962,-77.6455564
Jack Heneghan,QB,"Atherton, Calif.",football,2017,37.453773,-122.2058272
Jayden Minchew,S,"Springdale, Ark.",football,2017,36.1867442,-94.1288142
Cole Douglas,QB,"Irmo, S.C.",football,2017,34.0884689,-81.1802101
Nigel Alexander,LB,"Orlando, Fla.",football,2017,28.5421218,-81.379045
Dylan Mellor,WR,"Purcellville, Va.",football,2017,39.1367039,-77.714845
Colin Boit,S,"Sammamish, Wash.",football,2017,47.6017554,-122.0416844
Jimmy Fitzgerald,QB,"Champaign, Ill.",football,2017,40.1164841,-88.2430932
Jackson Perry,DL,"Las Vegas, Nev.",football,2017,36.1674263,-115.1484131
Emory Thompson,WR,"Lexington, Ky.",football,2017,38.0464066,-84.4970393
Kyran McKinney-Crudden,S,"Glastonbury, Conn.",football,2017,41.7123218,-72.608146
Danny McManus,DB,"Mendota Heights, Minn.",football,2017,44.8835768,-93.1382749
Tucker Spears,TE,"Dakota Dunes, S.D.",football,2017,42.4904114,-96.4922517
Matthew Shearin,RB,"El Cajon, Calif.",football,2017,32.7947731,-116.962526
Rashaad Cooper,RB,"Tracy, Calif.",football,2017,37.7385507,-121.420139
Hunter Hagdorn,WR,"Manvel, Texas",football,2017,29.4664706,-95.355714
Ethan Maenza,RB,"Wexford, Pa.",football,2017,40.6264561,-80.055891
Bun Straton,DB,"Honolulu, Hawaii",football,2017,21.304547,-157.855676
Connor Rempel,TE,"Monmouth Beach, N.J.",football,2017,40.3303883,-73.9815262
Harrison Farber,LB,"Cresskill, N.J.",football,2017,40.9414874,-73.9593041
Jimmy Knight,LB,"Greenwich, Conn.",football,2017,41.0264862,-73.6284598
Jimmy McHugh,DE,"Moorestown, N.J.",football,2017,39.9670569,-74.9426677
Vito Penza,RB,"Youngstown, Ohio",football,2017,41.1035786,-80.6520161
Colton Forster,LB,"Napa, Calif.",football,2017,38.4898675,-122.3218414
Michael Gordon,DB,"Marietta, Ga.",football,2017,33.952845,-84.5496054
Hamilton Day,TE,"Shady Side, Md.",football,2017,38.8313945,-76.5193293
Dakari Falconer,RB,"Somerset, N.J.",football,2017,40.5675084,-74.6189556
Jack Katzman,P,"Paradise Valley, Ariz.",football,2017,33.5324295,-111.9505123
D.J. Avery,DB,"Douglasville, Ga.",football,2017,33.7514966,-84.7477136
T.A. Addison,DB,"New Orleans, La.",football,2017,29.9574657,-90.0629493
Justin Edwards,LB,"Lawrenceville, Ga.",football,2017,33.9566391,-83.9890066
J.J. Jones III,TE,"Tracy, Calif.",football,2017,37.7385507,-121.420139
Darren Stanley,CB,"Conway, S.C.",football,2017,33.8360035,-79.0478143
Ryder Stone,RB,"Calgary, Alberta",football,2017,51.0456064,-114.057541
DeWayne Terry Jr.,CB,"Miami, Fla.",football,2017,25.7741566,-80.1935973
Jarius Brown,DB,"Lauderhill, Fla.",football,2017,26.1403635,-80.2133808
Isiah Swann,DB,"Queen Creek, Ariz.",football,2017,33.2483858,-111.634158
Kamana Hobbs,WR,"Honolulu, Hawaii",football,2017,21.304547,-157.855676
Drew Estrada,WR,"Argyle, Texas",football,2017,33.110156,-97.1797576
Miles Smith,RB,"Alpharetta, Ga.",football,2017,34.0755962,-84.2945964
Nick Peart,DB,"Plantation, Fla.",football,2017,26.1275862,-80.2331036
Niko Mermigas,S,"Wexford, Pa.",football,2017,40.6264561,-80.055891
Elijah Roth,WR,"Malibu, Calif.",football,2017,34.035591,-118.689423
Caylin Parker,RB,"Belle Chasse, La.",football,2017,29.844148,-90.0140042
Ross Wood,S,"Roswell, Ga.",football,2017,34.02332,-84.360022
Calvin Atkeson,OL,"Raleigh, N.C.",football,2018,35.7803977,-78.6390989
Alex Schmidt,DL,"Perkasie, Pa.",football,2018,40.372048,-75.292676
Ben Culmer,OL,"Vienna, Va.",football,2018,38.9013729,-77.2651762
John Paul Flores,OL,"Arlington, Texas",football,2018,32.7355816,-97.1071186
John Kilcommons,OL,"Berwyn, Ill.",football,2018,41.8505874,-87.7936685
Luca Di Leo,DL,"Elmhurst, Ill.",football,2018,41.8994745,-87.9403418
Tommy Ciesla,DT,"Naperville, Ill.",football,2018,41.7728699,-88.1479278
Griff Lehman,OL,"Pottstown, Pa.",football,2018,40.2452976,-75.6496424
Sean Dowling,OL,"Alexandria, Va.",football,2018,38.8051095,-77.0470229
Jake Guidone,OL,"East Walpole, Mass.",football,2018,42.1611967,-71.2164608
David Emanuels,LB,"Mercer Island, Wash.",football,2018,47.5766324,-122.2276378
Patrick Kilcommons,OL,"Berwyn, Ill.",football,2018,41.8505874,-87.7936685
Evan Hecimovich,OL,"Lisle, Ill.",football,2018,41.801159,-88.0747687
Colton Forster,LB,"Napa, Calif.",football,2018,38.4898675,-122.3218414
Andrew Lemkuil,LB,"West Hartford, Conn.",football,2018,41.7620447,-72.7420399
Andrew Yohe,OL,"Apollo, Pa.",football,2018,40.5826289,-79.5670341
Grant Jaffe,LS,"Laguna Hills, Calif.",football,2018,33.5948758,-117.6882067
Ross Andreasik,LB,"Glen Ellyn, Ill.",football,2018,41.8775293,-88.0670118
Jake Moen,LB,"Gilroy, Calif.",football,2018,37.0065078,-121.5631723
Tanner Cross,LB,"Fort Smith, Ark.",football,2018,35.3880338,-94.4265011
Thomas Hennessy,LB,"Lewiston, Minn.",football,2018,43.9846785,-91.8695909
Jack Traynor,LB,"Lake Forest, Ill.",football,2018,42.2586461,-87.8407055
Mick Reese,DL,"Buford, Ga.",football,2018,34.1206564,-84.0043513
Zach Sammartino,OL,"Pittsburgh, Pa.",football,2018,40.4406968,-80.0025666
Jalen Mackie,LB,"Miramar, Fla.",football,2018,25.9873137,-80.2322706
Andrew Paxton,OL,"South Lyon, Mich.",football,2018,42.4606345,-83.6514547
Tanner Aiono,OL,"Bonita, Calif.",football,2018,32.6649141,-117.0170334
Phil Berton,OL,"Oak Park, Ill.",football,2018,41.8878145,-87.7887615
Holden Wilmsen,TE,"St. Louis, Mo.",football,2018,38.6254063,-90.190009
Anders Peterson,OL,"Leesburg, Va.",football,2018,39.1154506,-77.5645607
Arthur Kaslow,LB,"Calabasas, Calif.",football,2018,34.1446643,-118.644097
Chase Krivickas,LB,"Winchester, Mass.",football,2018,42.4523178,-71.1369982
Max Telemaque,DT,"Jersey City, N.J.",football,2018,40.7215682,-74.047455
T.A. Addison,DB,"New Orleans, La.",football,2018,29.9574657,-90.0629493
David Chalmers,DT,"Leesburg, Va.",football,2018,39.1154506,-77.5645607
Nate Boone,DE,"Mishawaka, Ind.",football,2018,41.6611642,-86.1807031
Jordan McGriff,DT,"Willingboro, N.J.",football,2018,40.0289423,-74.8808221
Seth Simmer,DT,"Powder Springs, Ga.",football,2018,33.8595492,-84.683824
J.J. Jefferies,TE,"Fresno, Calif.",football,2018,36.7394421,-119.78483
Jackson Yost,DT,"Mill Creek, Wash.",football,2018,47.8577455,-122.2210628
Bobby Jefferson,DL,"Cincinnati, Ohio",football,2018,39.1012809,-84.5127405
John Lass,OL,"Cherry Hill, N.J.",football,2018,39.9348351,-75.0307264
Rocco Di Leo,DL,"Elmhurst, Ill.",football,2018,41.8994745,-87.9403418
Niko Lalos,DE,"Akron, Ohio",football,2018,41.083064,-81.518485
Samuel Laurent,WR,"Attleboro, Mass.",football,2018,41.9439695,-71.2804301
J.J. Jones III,TE,"Tracy, Calif.",football,2018,37.7385507,-121.420139
Chris Sykes,WR,"Kapolei, Hawaii",football,2018,21.344828,-158.063333
Scott Lloyd,WR,"Fullerton, Calif.",football,2018,33.8708215,-117.929416
Devin Powell,WR,"Waxhaw, N.C.",football,2018,34.9248125,-80.7440174
Drew Hunnicutt,WR,"Argyle, Texas",football,2018,33.110156,-97.1797576
Brandon Hester,WR,"El Cajon, Calif.",football,2018,32.7947731,-116.962526
Masaki Aerts,WR,"Warren, N.J.",football,2018,40.8602222,-74.9720493
Ben Keeter,TE,"Bellevue, Wash.",football,2018,47.6144219,-122.192337
Donald Carty,OL,"Dallas, Texas",football,2018,32.7762719,-96.7968559
Matt Kaskey,OL,"Winnetka, Ill.",football,2018,42.1080703,-87.7365286
Tobi Adedara,DL,"Elgin, Ill.",football,2018,42.03726,-88.2810994
T.J. Simpson,DE,"Tampa, Fla.",football,2018,27.9449854,-82.4583107
Seth Walter,DE,"Longboat Key, Fla.",football,2018,27.4125417,-82.6589881
Nathan Nuñez,LB,"Amherst, Ohio",football,2018,41.3978217,-82.2223775
Josh Betts,DB,"Bradenton, Fla.",football,2018,27.4989278,-82.5748194
Davis Brief,P,"Warwick, N.Y.",football,2018,41.256483,-74.3598755
R.J. Brandon,WR,"Williamsville, N.Y.",football,2018,42.9637836,-78.7377258
Jake Pallotta,QB,"Canton, Ohio",football,2018,40.7985464,-81.3749508
Jack Katzman,P,"Paradise Valley, Ariz.",football,2018,33.5324295,-111.9505123
Harry Kraft,QB,"Chestnut Hill, Mass.",football,2018,42.3234553,-71.1639439
Isaiah Johnson,DB,"Beverly Hills, Mich.",football,2018,42.5226219,-83.241357
Carson Reich,LB,"Spring, Texas",football,2018,30.070979,-95.4013419
Derek Kyler,QB,"DeKalb, Ill.",football,2018,41.8903447,-88.7713953
Micah Croom,DB,"Cerritos, Calif.",football,2018,33.8644291,-118.0539323
Jared Gerbino,QB,"Rush, N.Y.",football,2018,42.9958962,-77.6455564
Matthew Shearin,RB,"El Cajon, Calif.",football,2018,32.7947731,-116.962526
Ryan Roegge,DB,"Marietta, Ga.",football,2018,33.952845,-84.5496054
Jake Allen,QB,"Fort Lauderdale, Fla.",football,2018,26.1223084,-80.1433786
Cole Douglas,QB,"Irmo, S.C.",football,2018,34.0884689,-81.1802101
Nigel Alexander,LB,"Orlando, Fla.",football,2018,28.5421218,-81.379045
Joe Heffernan,LB,"Brookfield, Wis.",football,2018,43.0615578,-88.1260678
Dylan Mellor,WR,"Purcellville, Va.",football,2018,39.1367039,-77.714845
DeWayne Terry Jr.,CB,"Miami, Fla.",football,2018,25.7741566,-80.1935973
Connor Davis,PK,"Ocala, Fla.",football,2018,29.1871986,-82.1400923
Max McIntosh,WR,"Jersey City, N.J.",football,2018,40.7215682,-74.047455
Jackson Perry,DL,"Las Vegas, Nev.",football,2018,36.1674263,-115.1484131
Drew Estrada,WR,"Argyle, Texas",football,2018,33.110156,-97.1797576
Kellen Love,WR,"Chicago, Ill.",football,2018,41.8755616,-87.6244212
D.J. Avery,DB,"Douglasville, Ga.",football,2018,33.7514966,-84.7477136
Hunter Hagdorn,WR,"Manvel, Texas",football,2018,29.4664706,-95.355714
C.J. Lyons,DB,"Clinton, Md.",football,2018,38.7522607,-76.8969155
Keegan McHugh,RB,"Forest Hill, Md.",football,2018,39.5851063,-76.387739
Kyran McKinney-Crudden,NB(C),"Glastonbury, Conn.",football,2018,41.7123218,-72.608146
Bun Straton,DB,"Honolulu, Hawaii",football,2018,21.304547,-157.855676
Rashaad Cooper,RB,"Tracy, Calif.",football,2018,37.7385507,-121.420139
Robbie Mangas,TE,"Chantilly, Va.",football,2018,38.885219,-77.4486772
Harrison Farber,LB,"Cresskill, N.J.",football,2018,40.9414874,-73.9593041
Joe Kramer,TE,"Westwood, N.J.",football,2018,40.9912087,-74.0326395
Jimmy McHugh,DE,"Moorestown, N.J.",football,2018,39.9670569,-74.9426677
Robert Crockett III,DB,"Miami, Fla.",football,2018,25.7741566,-80.1935973
Vito Penza,RB,"Youngstown, Ohio",football,2018,41.1035786,-80.6520161
Hamilton Day,TE,"Shady Side, Md.",football,2018,38.8313945,-76.5193293
Landon McDermott,DB,"Fairview, Texas",football,2018,33.1578325,-96.6318301
Michael Gordon,DB,"Marietta, Ga.",football,2018,33.952845,-84.5496054
Dakari Falconer,RB,"Somerset, N.J.",football,2018,40.5675084,-74.6189556
John Pupel,DB,"Traverse City, Mich.",football,2018,44.7606481,-85.6165976
Zack Bair,RB,"Rumson, N.J.",football,2018,40.372054,-73.9990269
Connor Rempel,TE,"Monmouth Beach, N.J.",football,2018,40.3303883,-73.9815262
Ethan Maenza,WR,"Wexford, Pa.",football,2018,40.6264561,-80.055891
Naeem Morgan,LB,"Middlesex, N.J.",football,2018,40.4279708,-74.3963102
Niko Mermigas,S,"Wexford, Pa.",football,2018,40.6264561,-80.055891
Kamana Hobbs,WR,"Honolulu, Hawaii",football,2018,21.304547,-157.855676
Isiah Swann,CB,"Queen Creek, Ariz.",football,2018,33.2483858,-111.634158
Caleb Martin,LB,"Jesup, Ga.",football,2018,31.6074365,-81.8853924
Harrison Herskowitz,S,"Miami, Fla.",football,2018,25.7741566,-80.1935973
Darren Stanley,CB,"Conway, S.C.",football,2018,33.8360035,-79.0478143
Miles Smith,RB,"Alpharetta, Ga.",football,2018,34.0755962,-84.2945964
Nick Peart,DB,"Plantation, Fla.",football,2018,26.1275862,-80.2331036
Mac Battle,LB,"Meridianville, Ala.",football,2018,34.8703223,-86.5713609
Caylin Parker,RB,"Belle Chasse, La.",football,2018,29.844148,-90.0140042
Kalle Wagner,PK,"Fresno, Calif.",football,2018,36.7394421,-119.78483
Justin Porter,CB,"Pembroke Pines, Fla.",football,2018,26.0061943,-80.2872086
Evan Hecimovich,OL,"Lisle, Ill.",football,2019,41.801159,-88.0747687
John High,DL,"Montvale, N.J.",football,2019,41.0407563,-74.0288633
Ben Culmer,OL,"Vienna, Va.",football,2019,38.9013729,-77.2651762
John Paul Flores,OL,"Arlington, Texas",football,2019,32.7355816,-97.1071186
Calvin Atkeson,OL,"Raleigh, N.C.",football,2019,35.7803977,-78.6390989
Griff Lehman,OL,"Pottstown, Pa.",football,2019,40.2452976,-75.6496424
Max Telemaque,DT,"Jersey City, N.J.",football,2019,40.7215682,-74.047455
Tanner Aiono,OL,"Bonita, Calif.",football,2019,32.6649141,-117.0170334
Adam Will,OL,"Reisterstown, Md.",football,2019,39.4695489,-76.8294213
Michael Flores,OL,"Arlington, Texas",football,2019,32.7355816,-97.1071186
Jaylin Rainey,DL,"Memphis, Tenn.",football,2019,35.146026,-90.0517786
Tanner Cross,LB,"Fort Smith, Ark.",football,2019,35.3880338,-94.4265011
Charles Looes,DL,"Hillsdale, N.J.",football,2019,41.0025975,-74.0404175
Grant Jaffe,LS,"Laguna Hills, Calif.",football,2019,33.5948758,-117.6882067
Ross Andreasik,LB,"Glen Ellyn, Ill.",football,2019,41.8775293,-88.0670118
Colton Forster,LB,"Napa, Calif.",football,2019,38.4898675,-122.3218414
Shane Cokes,DL,"Dayton, Ohio",football,2019,39.7589478,-84.1916069
Thomas Hennessy,LB,"Lewiston, Minn.",football,2019,43.9846785,-91.8695909
Jack Traynor,LB(C),"Lake Forest, Ill.",football,2019,42.2586461,-87.8407055
Zach Sammartino,OL,"Pittsburgh, Pa.",football,2019,40.4406968,-80.0025666
Jalen Mackie,LB,"Miramar, Fla.",football,2019,25.9873137,-80.2322706
Zach Drescher,P/K,"Hinsdale, Ill.",football,2019,41.8024604,-87.9299841
Hank Knez,DL,"Glen Ellyn, Ill.",football,2019,41.8775293,-88.0670118
Mick Reese,DL,"Buford, Ga.",football,2019,34.1206564,-84.0043513
Andrew Lemkuil,LB,"West Hartford, Conn.",football,2019,41.7620447,-72.7420399
James McCarthy,OL,"West Haven, Conn.",football,2019,41.2706527,-72.9470471
Jonny Barrett,WR,"Snoqualmie, Wash.",football,2019,47.5289527,-121.827093
Ethan Nurre,OL,"West Chester, Ohio",football,2019,39.3303357,-84.408275
Joe Heffernan,LB,"Brookfield, Wis.",football,2019,43.0615578,-88.1260678
David Chalmers,DT,"Leesburg, Va.",football,2019,39.1154506,-77.5645607
Nate Boone,DE,"Mishawaka, Ind.",football,2019,41.6611642,-86.1807031
Jordan McGriff,DT,"Willingboro, N.J.",football,2019,40.0289423,-74.8808221
Seth Simmer,DT,"Powder Springs, Ga.",football,2019,33.8595492,-84.683824
Alex Schmidt,DL,"Perkasie, Pa.",football,2019,40.372048,-75.292676
Jackson Yost,DT,"Mill Creek, Wash.",football,2019,47.8577455,-122.2210628
Bobby Jefferson,DL,"Cincinnati, Ohio",football,2019,39.1012809,-84.5127405
Luca Di Leo,DL,"Elmhurst, Ill.",football,2019,41.8994745,-87.9403418
Tobi Adedara,DL,"Elgin, Ill.",football,2019,42.03726,-88.2810994
Niko Lalos,DE,"Akron, Ohio",football,2019,41.083064,-81.518485
Jake Guidone,TE,"East Walpole, Mass.",football,2019,42.1611967,-71.2164608
J.J. Jones III,TE,"Tracy, Calif.",football,2019,37.7385507,-121.420139
Chris Sykes,WR,"Kapolei, Hawaii",football,2019,21.344828,-158.063333
Jamal Cooney,WR,"Miami, Fla.",football,2019,25.7741566,-80.1935973
Devin Powell,WR,"Waxhaw, N.C.",football,2019,34.9248125,-80.7440174
Dale Chesson,WR,"St. Louis, Mo.",football,2019,38.6254063,-90.190009
Brandon Hester,WR,"El Cajon, Calif.",football,2019,32.7947731,-116.962526
Masaki Aerts,WR,"Warren, N.J.",football,2019,40.8602222,-74.9720493
Ben Keeter,TE,"Bellevue, Wash.",football,2019,47.6144219,-122.192337
Donald Carty,OL,"Dallas, Texas",football,2019,32.7762719,-96.7968559
Luke Gagnon,OL,"Charlotte, N.C.",football,2019,35.2272086,-80.8430827
Anders Peterson,OL,"Leesburg, Va.",football,2019,39.1154506,-77.5645607
John Lass,OL,"Cherry Hill, N.J.",football,2019,39.9348351,-75.0307264
Andrew Paxton,OL,"South Lyon, Mich.",football,2019,42.4606345,-83.6514547
T.J. Simpson,DE,"Tampa, Fla.",football,2019,27.9449854,-82.4583107
Marques White,LB,"Glendale, Ariz.",football,2019,33.5386858,-112.185994
Derek Kyler,QB,"DeKalb, Ill.",football,2019,41.8903447,-88.7713953
Ryan Roegge,DB,"Marietta, Ga.",football,2019,33.952845,-84.5496054
Patrick Wright,LB,"Marietta, Ga.",football,2019,33.952845,-84.5496054
Davis Brief,P,"Warwick, N.Y.",football,2019,41.256483,-74.3598755
Nick Howard,QB,"Green Bay, Wis.",football,2019,44.5126379,-88.0125794
Jack Sheridan,LB,"Blue Bell, Pa.",football,2019,40.147809,-75.272781
Dylan Cadwallader,QB,"Frisco, Texas",football,2019,33.1505998,-96.8238183
Gavin Muir,QB,"Greenwich, Conn.",football,2019,41.0264862,-73.6284598
Tyron Herring,S,"Delray Beach, Fla.",football,2019,26.4614625,-80.0728201
Max McIntosh,DB,"Jersey City, N.J.",football,2019,40.7215682,-74.047455
Jared Gerbino,QB,"Rush, N.Y.",football,2019,42.9958962,-77.6455564
Jake Allen,QB,"Fort Lauderdale, Fla.",football,2019,26.1223084,-80.1433786
Noah Roper,RB,"Erie, Colo.",football,2019,40.0502623,-105.049981
Zack Milko,QB,"West Milford, N.J.",football,2019,41.1312069,-74.3673748
Nigel Alexander,LB,"Orlando, Fla.",football,2019,28.5421218,-81.379045
Ethan Maenza,WR,"Wexford, Pa.",football,2019,40.6264561,-80.055891
DeWayne Terry Jr.,CB,"Miami, Fla.",football,2019,25.7741566,-80.1935973
Connor Davis,PK,"Ocala, Fla.",football,2019,29.1871986,-82.1400923
Jackson Perry,DL,"Las Vegas, Nev.",football,2019,36.1674263,-115.1484131
Drew Estrada,WR,"Argyle, Texas",football,2019,33.110156,-97.1797576
Kellen Love,WR,"Chicago, Ill.",football,2019,41.8755616,-87.6244212
Isaiah Johnson,DB,"Beverly Hills, Mich.",football,2019,42.5226219,-83.241357
D.J. Avery,DB,"Douglasville, Ga.",football,2019,33.7514966,-84.7477136
Hunter Hagdorn,WR,"Manvel, Texas",football,2019,29.4664706,-95.355714
Caleb Martin,LB,"Jesup, Ga.",football,2019,31.6074365,-81.8853924
Sam Koscho,S,"Sarasota, Fla.",football,2019,27.3365805,-82.5308545
Robbie Mangas,TE,"Chantilly, Va.",football,2019,38.885219,-77.4486772
Jake Pallotta,QB,"Canton, Ohio",football,2019,40.7985464,-81.3749508
Darren Stanley,CB,"Conway, S.C.",football,2019,33.8360035,-79.0478143
Zion Carter,TE,"Odessa, Fla.",football,2019,28.183222,-82.5540279
Connor Rempel,TE,"Monmouth Beach, N.J.",football,2019,40.3303883,-73.9815262
Joe Kramer,TE,"Westwood, N.J.",football,2019,40.9912087,-74.0326395
Seth Walter,DE,"Longboat Key, Fla.",football,2019,27.4125417,-82.6589881
R.J. Brandon,WR,"Williamsville, N.Y.",football,2019,42.9637836,-78.7377258
Vito Penza,RB,"Youngstown, Ohio",football,2019,41.1035786,-80.6520161
Keegan McHugh,RB,"Forest Hill, Md.",football,2019,39.5851063,-76.387739
Josh Betts,DB,"Bradenton, Fla.",football,2019,27.4989278,-82.5748194
Zack Bair,RB,"Rumson, N.J.",football,2019,40.372054,-73.9990269
Josh Greene,LS,"Palm Beach Gardens, Fla.",football,2019,26.8233946,-80.1386547
John Pupel,DB,"Traverse City, Mich.",football,2019,44.7606481,-85.6165976
Quinten Arello,S,"Kansas City, Mo.",football,2019,39.100105,-94.5781416
Naeem Morgan,LB,"Middlesex, N.J.",football,2019,40.4279708,-74.3963102
Dakari Falconer,RB,"Somerset, N.J.",football,2019,40.5675084,-74.6189556
Seamus O'Connell,WR,"Nashville, Tenn.",football,2019,36.1622767,-86.7742984
Caylin Parker,RB,"Belle Chasse, La.",football,2019,29.844148,-90.0140042
Ryan Bloch,K/P,"Naples, Fla.",football,2019,26.1421976,-81.7942944
Mac Battle,LB,"Meridianville, Ala.",football,2019,34.8703223,-86.5713609
Landon McDermott,DB,"Fairview, Texas",football,2019,33.1578325,-96.6318301
Ben Montgomery,DB,"Houston, Texas",football,2019,29.7589382,-95.3676974
Robert Crockett III,DB,"Miami, Fla.",football,2019,25.7741566,-80.1935973
Seth Verilus,DB,"Riviera Beach, Fla.",football,2019,26.784343,-80.0650293
Cameron Baller,K/P,"Argyle, Texas",football,2019,33.110156,-97.1797576
Isiah Swann,CB(C),"Queen Creek, Ariz.",football,2019,33.2483858,-111.634158
Niko Mermigas,S,"Wexford, Pa.",football,2019,40.6264561,-80.055891
Carson Reich,LB,"Spring, Texas",football,2019,30.070979,-95.4013419
Evan Hecimovich,OL,"Lisle, Ill.",football,2020,41.801159,-88.0747687
Gannon McCorkle,DE,"Odenton, Md.",football,2020,39.0657788,-76.6876169
John High,DL,"Montvale, N.J.",football,2020,41.0407563,-74.0288633
Nicholas Schwitzgebel,OL,"Cleveland, Ohio",football,2020,41.4996574,-81.6936772
Macklin Ayers,LB,"Elizabethville, Pa.",football,2020,40.5489742,-76.8119151
Seth Walter,DE,"Longboat Key, Fla.",football,2020,27.4125417,-82.6589881
John Paul Flores,OL,"Arlington, Texas",football,2020,32.7355816,-97.1071186
Michael Flores,OL,"Arlington, Texas",football,2020,32.7355816,-97.1071186
Calvin Atkeson,OL,"Raleigh, N.C.",football,2020,35.7803977,-78.6390989
Griff Lehman,OL,"Pottstown, Pa.",football,2020,40.2452976,-75.6496424
Charles Looes,DL,"Hillsdale, N.J.",football,2020,41.0025975,-74.0404175
Kyle Brown,OL,"Marcellus, N.Y.",football,2020,42.9556549,-76.3249424
Dario Arazi,DE,"Brooklyn, N.Y.",football,2020,40.6526006,-73.9497211
Marques White,LB,"Glendale, Ariz.",football,2020,33.5386858,-112.185994
Shane Cokes,DL,"Dayton, Ohio",football,2020,39.7589478,-84.1916069
Danny Cronin,LB,"Elmhurst, Ill.",football,2020,41.8994745,-87.9403418
Thomas Hennessy,LB,"Lewiston, Minn.",football,2020,43.9846785,-91.8695909
Jack Sheridan,LB,"Blue Bell, Pa.",football,2020,40.147809,-75.272781
Trevon Erickson,LB,"Covington, Wash.",football,2020,47.3657791,-122.100222
Jalen Mackie,LB,"Miramar, Fla.",football,2020,25.9873137,-80.2322706
Mick Reese,DL,"Buford, Ga.",football,2020,34.1206564,-84.0043513
Zach Drescher,P/K,"Hinsdale, Ill.",football,2020,41.8024604,-87.9299841
Joe Heffernan,LB,"Brookfield, Wis.",football,2020,43.0615578,-88.1260678
Dylan Lacroix,DE,"Lake Worth, Fla.",football,2020,26.615891,-80.0691435
Caleb Martin,LB,"Jesup, Ga.",football,2020,31.6074365,-81.8853924
Max Telemaque,DT,"Jersey City, N.J.",football,2020,40.7215682,-74.047455
Ross Andreasik,LB,"Glen Ellyn, Ill.",football,2020,41.8775293,-88.0670118
James McCarthy,OL,"West Haven, Conn.",football,2020,41.2706527,-72.9470471
Marquist Allen,DT,"Woodland, Calif.",football,2020,38.6786109,-121.7733285
Hank Knez,DL,"Glen Ellyn, Ill.",football,2020,41.8775293,-88.0670118
Nate Boone,DE,"Mishawaka, Ind.",football,2020,41.6611642,-86.1807031
Jaylin Rainey,DL,"Memphis, Tenn.",football,2020,35.146026,-90.0517786
Seth Simmer,DT,"Powder Springs, Ga.",football,2020,33.8595492,-84.683824
Alex Schmidt,DL,"Perkasie, Pa.",football,2020,40.372048,-75.292676
Jackson Yost,DT,"Mill Creek, Wash.",football,2020,47.8577455,-122.2210628
Bobby Jefferson,DL,"Cincinnati, Ohio",football,2020,39.1012809,-84.5127405
Luca Di Leo,DL,"Elmhurst, Ill.",football,2020,41.8994745,-87.9403418
Tobi Adedara,DL,"Elgin, Ill.",football,2020,42.03726,-88.2810994
Jake Guidone,TE,"East Walpole, Mass.",football,2020,42.1611967,-71.2164608
Jonny Barrett,WR,"Snoqualmie, Wash.",football,2020,47.5289527,-121.827093
J.J. Jones III,TE,"Tracy, Calif.",football,2020,37.7385507,-121.420139
Chris Sykes,WR,"Kapolei, Hawaii",football,2020,21.344828,-158.063333
Jarmone Sutherland,WR,"New Orleans, La.",football,2020,29.9574657,-90.0629493
Devin Powell,WR,"Waxhaw, N.C.",football,2020,34.9248125,-80.7440174
Dale Chesson,WR,"St. Louis, Mo.",football,2020,38.6254063,-90.190009
Masaki Aerts,WR,"Warren, N.J.",football,2020,40.8602222,-74.9720493
Ben Keeter,TE,"Bellevue, Wash.",football,2020,47.6144219,-122.192337
Donald Carty,OL,"Dallas, Texas",football,2020,32.7762719,-96.7968559
Luke Gagnon,OL,"Charlotte, N.C.",football,2020,35.2272086,-80.8430827
Ethan Sipe,OL,"Nashville, Tenn.",football,2020,36.1622767,-86.7742984
Joshua Balara,OL,"Dallas, Pa.",football,2020,41.33617,-75.9632636
Ethan Nurre,OL,"West Chester, Ohio",football,2020,39.3303357,-84.408275
Andrew Paxton,OL,"South Lyon, Mich.",football,2020,42.4606345,-83.6514547
Thomas Hartnett,OL,"Pittsburgh, Pa.",football,2020,40.4406968,-80.0025666
Adam Will,OL,"Reisterstown, Md.",football,2020,39.4695489,-76.8294213
Zion Carter,TE,"Odessa, Fla.",football,2020,28.183222,-82.5540279
Drew Estrada,WR,"Argyle, Texas",football,2020,33.110156,-97.1797576
Joe Kramer,TE,"Westwood, N.J.",football,2020,40.9912087,-74.0326395
Patrick Wright,LB,"Marietta, Ga.",football,2020,33.952845,-84.5496054
Onye Onuoha,CB,"Denver, Colo.",football,2020,39.7392364,-104.984862
Devon Lingle,QB,"Neptune Beach, Fla.",football,2020,30.311908,-81.3964734
Nick Howard,QB,"Green Bay, Wis.",football,2020,44.5126379,-88.0125794
Tyson McCloud,NB,"Coconut Creek, Fla.",football,2020,26.2517482,-80.1789351
Dylan Cadwallader,QB,"Frisco, Texas",football,2020,33.1505998,-96.8238183
Gavin Muir,QB,"Greenwich, Conn.",football,2020,41.0264862,-73.6284598
Max McIntosh,DB,"Jersey City, N.J.",football,2020,40.7215682,-74.047455
Wade Williams,QB,"Brentwood, Tenn.",football,2020,36.0325687,-86.7825235
Carr Urschel,LB,"Dallas, Texas",football,2020,32.7762719,-96.7968559
Derek Kyler,QB,"DeKalb, Ill.",football,2020,41.8903447,-88.7713953
Jake Allen,QB,"Fort Lauderdale, Fla.",football,2020,26.1223084,-80.1433786
Cam Maddox,S,"Monroe, N.C.",football,2020,34.9854275,-80.5495112
Nic Sani,TE,"Turlock, Calif.",football,2020,37.4946568,-120.8465941
Jack Noonan,DB,"Weston, Mass.",football,2020,42.3667625,-71.3031132
Ethan Maenza,WR,"Wexford, Pa.",football,2020,40.6264561,-80.055891
DeWayne Terry Jr.,CB,"Miami, Fla.",football,2020,25.7741566,-80.1935973
Paxton Scott,WR,"Dallas, Texas",football,2020,32.7762719,-96.7968559
Connor Davis,PK,"Ocala, Fla.",football,2020,29.1871986,-82.1400923
Jack Dyett,TE,"Los Angeles, Calif.",football,2020,34.0536909,-118.242766
Tanner Cross,LB,"Fort Smith, Ark.",football,2020,35.3880338,-94.4265011
Kellen Love,WR,"Chicago, Ill.",football,2020,41.8755616,-87.6244212
Isaiah Johnson,DB,"Beverly Hills, Mich.",football,2020,42.5226219,-83.241357
Jamal Cooney,WR,"Miami, Fla.",football,2020,25.7741566,-80.1935973
Ross Parrish,TE,"Cincinnati, Ohio",football,2020,39.1012809,-84.5127405
Jace Henry,QB,"Fairbanks, Alaska",football,2020,64.837845,-147.716675
Noah Roper,RB,"Erie, Colo.",football,2020,40.0502623,-105.049981
Zack Milko,QB,"West Milford, N.J.",football,2020,41.1312069,-74.3673748
Robbie Mangas,TE,"Chantilly, Va.",football,2020,38.885219,-77.4486772
R.J. Brandon,WR,"Williamsville, N.Y.",football,2020,42.9637836,-78.7377258
Vachon Raye,CB,"Atlanta, Ga.",football,2020,33.7544657,-84.3898151
Keegan McHugh,RB,"Forest Hill, Md.",football,2020,39.5851063,-76.387739
Josh Betts,DB,"Bradenton, Fla.",football,2020,27.4989278,-82.5748194
Leonard St. Gourdin,S,"Malden, Mass.",football,2020,42.4268484,-71.0683741
Dakari Falconer,RB,"Somerset, N.J.",football,2020,40.5675084,-74.6189556
John Pupel,DB,"Traverse City, Mich.",football,2020,44.7606481,-85.6165976
Tyler Green,RB,"Lenexa, Kan.",football,2020,38.9697458,-94.7845837
Quinten Arello,S,"Kansas City, Mo.",football,2020,39.100105,-94.5781416
Naeem Morgan,LB,"Middlesex, N.J.",football,2020,40.4279708,-74.3963102
Carson Reich,LB,"Spring, Texas",football,2020,30.070979,-95.4013419
Tevita Moimoi,RB,"Menlo Park, Calif.",football,2020,37.4519671,-122.177992
Josh Greene,LS,"Palm Beach Gardens, Fla.",football,2020,26.8233946,-80.1386547
Niko Mermigas,S,"Wexford, Pa.",football,2020,40.6264561,-80.055891
Ryan Bloch,K/P,"Naples, Fla.",football,2020,26.1421976,-81.7942944
Landon McDermott,DB,"Fairview, Texas",football,2020,33.1578325,-96.6318301
Robert Crockett III,DB,"Miami, Fla.",football,2020,25.7741566,-80.1935973
Joey Richmond,RB,"Glen Ellyn, Ill.",football,2020,41.8775293,-88.0670118
Seth Verilus,DB,"Riviera Beach, Fla.",football,2020,26.784343,-80.0650293
Zack Bair,RB,"Rumson, N.J.",football,2020,40.372054,-73.9990269
Tyron Herring,S,"Delray Beach, Fla.",football,2020,26.4614625,-80.0728201
Cameron Baller,K/P,"Argyle, Texas",football,2020,33.110156,-97.1797576
Isaac Boston,WR,"Springfield, Mass.",football,2020,42.1018764,-72.5886727
Darren Stanley,CB,"Conway, S.C.",football,2020,33.8360035,-79.0478143
Seamus O'Connell,WR,"Nashville, Tenn.",football,2020,36.1622767,-86.7742984
Sam Koscho,S,"Sarasota, Fla.",football,2020,27.3365805,-82.5308545
Nicholas Schwitzgebel,OL,"Cleveland, Ohio",football,2021,41.4996574,-81.6936772
Cayman Duncan,OL,"Spring, Texas",football,2021,30.070979,-95.4013419
Evan Hecimovich,OL,"Lisle, Ill.",football,2021,41.801159,-88.0747687
Gannon McCorkle,DE,"Odenton, Md.",football,2021,39.0657788,-76.6876169
Nick Marinaro,OL,"Wayzata, Minn.",football,2021,44.970759,-93.511947
Macklin Ayers,LB,"Elizabethville, Pa.",football,2021,40.5489742,-76.8119151
Calvin Atkeson,OL,"Raleigh, N.C.",football,2021,35.7803977,-78.6390989
Ejike Adele,DL,"Atlanta, Ga.",football,2021,33.7544657,-84.3898151
John Paul Flores,OL,"Arlington, Texas",football,2021,32.7355816,-97.1071186
Michael Flores,OL,"Arlington, Texas",football,2021,32.7355816,-97.1071186
Griff Lehman,OL,"Pottstown, Pa.",football,2021,40.2452976,-75.6496424
James Morrison,OL,"Mahwah, N.J.",football,2021,41.0887072,-74.1437552
Kyle Brown,OL,"Marcellus, N.Y.",football,2021,42.9556549,-76.3249424
John Ballowe,LB,"Richmond, Va.",football,2021,37.5385087,-77.43428
Alex Geraci,TE,"Cornwall-on-Hudson, N.Y.",football,2021,41.4448133,-74.0155219
Josh Greene,LS,"Palm Beach Gardens, Fla.",football,2021,26.8233946,-80.1386547
James Coslet,OL,"Millington, N.J.",football,2021,40.6773237,-74.5176555
John High,DL,"Montvale, N.J.",football,2021,41.0407563,-74.0288633
Charis Spence,LB,"Jonesboro, Ga.",football,2021,33.5215013,-84.3538128
Danny Cronin,LB,"Elmhurst, Ill.",football,2021,41.8994745,-87.9403418
Tristan Holmbeck,OL,"Philadelphia, Pa.",football,2021,39.9527237,-75.1635262
Thomas Hennessy,LB,"Lewiston, Minn.",football,2021,43.9846785,-91.8695909
Jack Sheridan,LB,"Blue Bell, Pa.",football,2021,40.147809,-75.272781
Konstantin Spörk,OL,"Pulheim, Germany",football,2021,50.9979888,6.8025409
Trevon Erickson,LB,"Covington, Wash.",football,2021,47.3657791,-122.100222
Jalen Mackie,LB,"Miramar, Fla.",football,2021,25.9873137,-80.2322706
Mick Reese,DL,"Buford, Ga.",football,2021,34.1206564,-84.0043513
Joe Heffernan,LB,"Brookfield, Wis.",football,2021,43.0615578,-88.1260678
Max Telemaque,OL,"Jersey City, N.J.",football,2021,40.7215682,-74.047455
Dario Arazi,DE,"Brooklyn, N.Y.",football,2021,40.6526006,-73.9497211
Josiah Green,DL,"Indianapolis, Ind.",football,2021,39.7683331,-86.1583502
Jaylin Rainey,DL,"Memphis, Tenn.",football,2021,35.146026,-90.0517786
Adam Will,OL,"Reisterstown, Md.",football,2021,39.4695489,-76.8294213
Dylan Lacroix,DE,"Lake Worth, Fla.",football,2021,26.615891,-80.0691435
Marquist Allen,DT,"Woodland, Calif.",football,2021,38.6786109,-121.7733285
Nate Boone,DE,"Mishawaka, Ind.",football,2021,41.6611642,-86.1807031
Isaiah Golonka,DL,"Huntsville, Ala.",football,2021,34.729847,-86.5859011
Alex Schmidt,DL,"Perkasie, Pa.",football,2021,40.372048,-75.292676
Charles Looes,DL,"Hillsdale, N.J.",football,2021,41.0025975,-74.0404175
Bobby Jefferson,DL,"Cincinnati, Ohio",football,2021,39.1012809,-84.5127405
Luca Di Leo,DL,"Elmhurst, Ill.",football,2021,41.8994745,-87.9403418
Tobi Adedara,DL,"Elgin, Ill.",football,2021,42.03726,-88.2810994
Hank Knez,DL,"Glen Ellyn, Ill.",football,2021,41.8775293,-88.0670118
Zion Carter,TE,"Odessa, Fla.",football,2021,28.183222,-82.5540279
Jonny Barrett,WR,"Snoqualmie, Wash.",football,2021,47.5289527,-121.827093
J.J. Jones III,TE,"Tracy, Calif.",football,2021,37.7385507,-121.420139
Paxton Scott,WR,"Dallas, Texas",football,2021,32.7762719,-96.7968559
Jarmone Sutherland,WR,"New Orleans, La.",football,2021,29.9574657,-90.0629493
Painter Richards-Baker,WR,"Hillsborough, N.C.",football,2021,36.075382,-79.0993958
Dale Chesson,WR,"St. Louis, Mo.",football,2021,38.6254063,-90.190009
Seamus O'Connell,WR,"Nashville, Tenn.",football,2021,36.1622767,-86.7742984
Masaki Aerts,WR,"Warren, N.J.",football,2021,40.8602222,-74.9720493
Ben Keeter,TE,"Bellevue, Wash.",football,2021,47.6144219,-122.192337
Donald Carty,OL,"Dallas, Texas",football,2021,32.7762719,-96.7968559
Luke Gagnon,OL,"Charlotte, N.C.",football,2021,35.2272086,-80.8430827
Ethan Sipe,OL,"Nashville, Tenn.",football,2021,36.1622767,-86.7742984
Joshua Balara,OL,"Dallas, Pa.",football,2021,41.33617,-75.9632636
Ethan Nurre,OL,"West Chester, Ohio",football,2021,39.3303357,-84.408275
Andrew Paxton,OL,"South Lyon, Mich.",football,2021,42.4606345,-83.6514547
Thomas Hartnett,OL,"Pittsburgh, Pa.",football,2021,40.4406968,-80.0025666
Jake Guidone,OL,"East Walpole, Mass.",football,2021,42.1611967,-71.2164608
James McCarthy,OL,"West Haven, Conn.",football,2021,41.2706527,-72.9470471
Jack Dyett,TE,"Los Angeles, Calif.",football,2021,34.0536909,-118.242766
Sam Koscho,S,"Sarasota, Fla.",football,2021,27.3365805,-82.5308545
Nic Sani,TE,"Turlock, Calif.",football,2021,37.4946568,-120.8465941
Josh Betts,DB,"Bradenton, Fla.",football,2021,27.4989278,-82.5748194
Cameron Baller,K/P,"Argyle, Texas",football,2021,33.110156,-97.1797576
Jordan Washington,DB,"West Lake, Calif.",football,2021,38.6618488,-121.544804
Devon Lingle,QB,"Neptune Beach, Fla.",football,2021,30.311908,-81.3964734
Nick Howard,QB,"Green Bay, Wis.",football,2021,44.5126379,-88.0125794
Jackson Proctor,QB,"Kent, Wash.",football,2021,47.3826903,-122.2270272
Patrick Wright,LB,"Marietta, Ga.",football,2021,33.952845,-84.5496054
Zach Farris,DB,"Coral Springs, Fla.",football,2021,26.271192,-80.2706044
Gavin Muir,QB,"Greenwich, Conn.",football,2021,41.0264862,-73.6284598
Onye Onuoha,CB,"Denver, Colo.",football,2021,39.7392364,-104.984862
Wade Williams,WR,"Brentwood, Tenn.",football,2021,36.0325687,-86.7825235
Carr Urschel,LB,"Dallas, Texas",football,2021,32.7762719,-96.7968559
Derek Kyler,QB,"DeKalb, Ill.",football,2021,41.8903447,-88.7713953
Seth Walter,DE,"Longboat Key, Fla.",football,2021,27.4125417,-82.6589881
Jace Henry,TE/QB,"Fairbanks, Alaska",football,2021,64.837845,-147.716675
Jake Allen,QB,"Fort Lauderdale, Fla.",football,2021,26.1223084,-80.1433786
Dylan Cadwallader,QB,"Frisco, Texas",football,2021,33.1505998,-96.8238183
Tyson McCloud,NB,"Coconut Creek, Fla.",football,2021,26.2517482,-80.1789351
Noah Roper,RB,"Erie, Colo.",football,2021,40.0502623,-105.049981
Jack Noonan,DB,"Weston, Mass.",football,2021,42.3667625,-71.3031132
DeWayne Terry Jr.,CB,"Miami, Fla.",football,2021,25.7741566,-80.1935973
Connor Davis,PK,"Ocala, Fla.",football,2021,29.1871986,-82.1400923
Zach Drescher,P/K,"Hinsdale, Ill.",football,2021,41.8024604,-87.9299841
Tanner Cross,LB,"Fort Smith, Ark.",football,2021,35.3880338,-94.4265011
Leonard St. Gourdin,S,"Malden, Mass.",football,2021,42.4268484,-71.0683741
Isaiah Johnson,CB,"Beverly Hills, Mich.",football,2021,42.5226219,-83.241357
Seth Verilus,DB,"Riviera Beach, Fla.",football,2021,26.784343,-80.0650293
Jamal Cooney,WR,"Miami, Fla.",football,2021,25.7741566,-80.1935973
Shane Cokes,DL,"Dayton, Ohio",football,2021,39.7589478,-84.1916069
Q Jones,RB,"Fountain, Colo.",football,2021,38.682219,-104.7008056
Robbie Mangas,TE,"Chantilly, Va.",football,2021,38.885219,-77.4486772
Davis Golick,P,"Smyrna, Ga.",football,2021,33.883887,-84.5147454
Zack Bair,RB,"Rumson, N.J.",football,2021,40.372054,-73.9990269
Micah Green,LB,"Indianapolis, Ind.",football,2021,39.7683331,-86.1583502
Zachary Lytle,DL,"Winnipeg, Manitoba",football,2021,49.8955367,-97.1384584
Joe Kramer,TE,"Westwood, N.J.",football,2021,40.9912087,-74.0326395
Dillon Holifield,S,"Roswell, Ga.",football,2021,34.02332,-84.360022
R.J. Brandon,WR,"Williamsville, N.Y.",football,2021,42.9637836,-78.7377258
Carson Franks,S,"State College, Pa.",football,2021,40.7944504,-77.8616386
Ryan Bloch,K/P,"Naples, Fla.",football,2021,26.1421976,-81.7942944
Cam Maddox,S,"Monroe, N.C.",football,2021,34.9854275,-80.5495112
Jackson Gerard,WR,"West Chicago, Ill.",football,2021,41.8847507,-88.2039607
Vachon Raye,CB,"Atlanta, Ga.",football,2021,33.7544657,-84.3898151
Tevita Moimoi,RB,"Menlo Park, Calif.",football,2021,37.4519671,-122.177992
John Pupel,DB,"Traverse City, Mich.",football,2021,44.7606481,-85.6165976
Quinten Arello,S,"Kansas City, Mo.",football,2021,39.100105,-94.5781416
Derrell Porter,DL,"Penn Hills, Pa.",football,2021,40.4729398,-79.8176723
Ross Parrish,TE,"Cincinnati, Ohio",football,2021,39.1012809,-84.5127405
Carson Reich,LB,"Spring, Texas",football,2021,30.070979,-95.4013419
Tyler Green,RB,"Lenexa, Kan.",football,2021,38.9697458,-94.7845837
Zack Milko,LB,"West Milford, N.J.",football,2021,41.1312069,-74.3673748
Christian Benson,RB,"DeSoto, Texas",football,2021,32.5897831,-96.8570183
Niko Mermigas,S,"Wexford, Pa.",football,2021,40.6264561,-80.055891
Tyron Herring,S,"Delray Beach, Fla.",football,2021,26.4614625,-80.0728201
Sean Harmon,TE,"Seattle, Wash.",football,2021,47.6038321,-122.330062
Ahmir Braxton,DB,"Colorado Springs, Colo.",football,2021,38.8339578,-104.825348
Robert Crockett III,CB,"Miami, Fla.",football,2021,25.7741566,-80.1935973
Keegan McHugh,RB,"Forest Hill, Md.",football,2021,39.5851063,-76.387739
Landon McDermott,DB,"Fairview, Texas",football,2021,33.1578325,-96.6318301
Joey Richmond,RB,"Glen Ellyn, Ill.",football,2021,41.8775293,-88.0670118
Braden Mullen,LB,"Glenview, Ill.",football,2021,42.0700662,-87.8114044
Marques White,LB,"Glendale, Ariz.",football,2021,33.5386858,-112.185994
Isaac Boston,WR,"Springfield, Mass.",football,2021,42.1018764,-72.5886727
Nicholas Schwitzgebel,OL,"Cleveland, Ohio",football,2022,41.4996574,-81.6936772
Cayman Duncan,OL,"Spring, Texas",football,2022,30.070979,-95.4013419
James Coslet,OL,"Millington, N.J.",football,2022,40.6773237,-74.5176555
Joe Onuwabhagbe,DL,"Carrollton, Texas",football,2022,32.9515472,-96.9034244
Tristan Holmbeck,OL,"Philadelphia, Pa.",football,2022,39.9527237,-75.1635262
Dakota Quiñonez,DL,"Moore, S.C.",football,2022,34.8334519,-81.9920461
Michael Flores,OL,"Arlington, Texas",football,2022,32.7355816,-97.1071186
Maxwell Wentz,OL,"Huntington, W.Va.",football,2022,38.4192496,-82.445154
Nick Marinaro,OL,"Wayzata, Minn.",football,2022,44.970759,-93.511947
Jabari Johnson,DE,"Zachary, La.",football,2022,30.6485191,-91.1564961
Kyle Brown,OL,"Marcellus, N.Y.",football,2022,42.9556549,-76.3249424
Griff Lehman,OL,"Pottstown, Pa.",football,2022,40.2452976,-75.6496424
Braden Mullen,LB,"Glenview, Ill.",football,2022,42.0700662,-87.8114044
Dario Arazi,DE,"Brooklyn, N.Y.",football,2022,40.6526006,-73.9497211
Josh Greene,LS,"Palm Beach Gardens, Fla.",football,2022,26.8233946,-80.1386547
John High,DL,"Montvale, N.J.",football,2022,41.0407563,-74.0288633
Charis Spence,LB,"Jonesboro, Ga.",football,2022,33.5215013,-84.3538128
Nico Schwikal,LB,"Schönfeld, Germany",football,2022,53.852541,12.95783
Jack Sheridan,LB,"Blue Bell, Pa.",football,2022,40.147809,-75.272781
Trevon Erickson,LB,"Covington, Wash.",football,2022,47.3657791,-122.100222
Micah Green,LB,"Indianapolis, Ind.",football,2022,39.7683331,-86.1583502
Thaddeus Gianaris,LB,"Park Ridge, Ill.",football,2022,42.0112329,-87.8406031
Joe Heffernan,LB,"Brookfield, Wis.",football,2022,43.0615578,-88.1260678
Dylan Lacroix,DE,"Lake Worth, Fla.",football,2022,26.615891,-80.0691435
Zachary Lytle,DL,"Winnipeg, Manitoba",football,2022,49.8955367,-97.1384584
Alex Geraci,TE,"Cornwall-on-Hudson, N.Y.",football,2022,41.4448133,-74.0155219
John Ballowe,LB,"Richmond, Va.",football,2022,37.5385087,-77.43428
James Morrison,OL,"Mahwah, N.J.",football,2022,41.0887072,-74.1437552
Ivan Hoyt,WR,"Boerne, Texas",football,2022,29.7946641,-98.7319703
Vasean Washington,OL,"Springfield, Ohio",football,2022,39.9234046,-83.810138
Marques White,LB,"Glendale, Ariz.",football,2022,33.5386858,-112.185994
Marquist Allen,DT,"Woodland, Calif.",football,2022,38.6786109,-121.7733285
Gannon McCorkle,DE,"Odenton, Md.",football,2022,39.0657788,-76.6876169
Jaylin Rainey,DL,"Memphis, Tenn.",football,2022,35.146026,-90.0517786
Isaiah Golonka,DL,"Huntsville, Ala.",football,2022,34.729847,-86.5859011
Alex Schmidt,DL,"Perkasie, Pa.",football,2022,40.372048,-75.292676
Charles Looes,DL,"Hillsdale, N.J.",football,2022,41.0025975,-74.0404175
Bobby Jefferson,DL,"Cincinnati, Ohio",football,2022,39.1012809,-84.5127405
Josiah Green,DL,"Indianapolis, Ind.",football,2022,39.7683331,-86.1583502
Ejike Adele,DL,"Atlanta, Ga.",football,2022,33.7544657,-84.3898151
Zion Carter,TE,"Odessa, Fla.",football,2022,28.183222,-82.5540279
Jonny Barrett,WR,"Snoqualmie, Wash.",football,2022,47.5289527,-121.827093
Jack Dyett,TE,"Los Angeles, Calif.",football,2022,34.0536909,-118.242766
Jackson Namian,WR,"Silver Spring, Md.",football,2022,38.9997621,-77.0240371
Painter Richards-Baker,WR,"Hillsborough, N.C.",football,2022,36.075382,-79.0993958
Dale Chesson,WR,"St. Louis, Mo.",football,2022,38.6254063,-90.190009
Jackson Gerard,WR,"West Chicago, Ill.",football,2022,41.8847507,-88.2039607
Jarmone Sutherland,WR,"New Orleans, La.",football,2022,29.9574657,-90.0629493
Remington Gall,WR,"Avon, Ind.",football,2022,39.7628227,-86.3997168
Konstantin Spörk,OL,"Pulheim, Germany",football,2022,50.9979888,6.8025409
Luke Gagnon,OL,"Charlotte, N.C.",football,2022,35.2272086,-80.8430827
Ethan Sipe,OL,"Nashville, Tenn.",football,2022,36.1622767,-86.7742984
Joshua Balara,OL,"Dallas, Pa.",football,2022,41.33617,-75.9632636
Delby Lemieux,OL,"Duxbury, Mass.",football,2022,42.0417695,-70.672259
Michael Betsy,OL,"Upper Saddle River, N.J.",football,2022,41.0585352,-74.0984769
Thomas Hartnett,OL,"Pittsburgh, Pa.",football,2022,40.4406968,-80.0025666
Adam Will,OL,"Reisterstown, Md.",football,2022,39.4695489,-76.8294213
Nic Sani,TE,"Turlock, Calif.",football,2022,37.4946568,-120.8465941
Hank Knez,DL,"Glen Ellyn, Ill.",football,2022,41.8775293,-88.0670118
Ross Parrish,TE,"Cincinnati, Ohio",football,2022,39.1012809,-84.5127405
Q Jones,RB,"Fountain, Colo.",football,2022,38.682219,-104.7008056
Logan Klitsch,QB,"Robesonia, Pa.",football,2022,40.3517591,-76.134389
Cameron Baller,K/P,"Argyle, Texas",football,2022,33.110156,-97.1797576
Devon Lingle,QB,"Neptune Beach, Fla.",football,2022,30.311908,-81.3964734
Nick Howard,QB(C),"Green Bay, Wis.",football,2022,44.5126379,-88.0125794
Joey Richmond,RB,"Glen Ellyn, Ill.",football,2022,41.8775293,-88.0670118
Gavin Muir,QB,"Greenwich, Conn.",football,2022,41.0264862,-73.6284598
Onye Onuoha,CB,"Denver, Colo.",football,2022,39.7392364,-104.984862
Tyson Grimm,DB,"Akron, Ohio",football,2022,41.083064,-81.518485
Wade Williams,WR,"Brentwood, Tenn.",football,2022,36.0325687,-86.7825235
Jackson Proctor,QB,"Kent, Wash.",football,2022,47.3826903,-122.2270272
Jace Henry,TE/QB,"Fairbanks, Alaska",football,2022,64.837845,-147.716675
Zyion Freer-Brown,LB,"Lorain, Ohio",football,2022,41.2633554,-82.1734746
Dylan Cadwallader,QB,"Frisco, Texas",football,2022,33.1505998,-96.8238183
Tyson McCloud,NB,"Coconut Creek, Fla.",football,2022,26.2517482,-80.1789351
Noah Roper,RB,"Erie, Colo.",football,2022,40.0502623,-105.049981
Jack Noonan,DB,"Weston, Mass.",football,2022,42.3667625,-71.3031132
Paxton Scott,WR,"Dallas, Texas",football,2022,32.7762719,-96.7968559
Robert Crockett III,CB,"Miami, Fla.",football,2022,25.7741566,-80.1935973
Zach Drescher,P/K,"Hinsdale, Ill.",football,2022,41.8024604,-87.9299841
Luca Di Leo,DL,"Elmhurst, Ill.",football,2022,41.8994745,-87.9403418
Leonard St. Gourdin,S,"Malden, Mass.",football,2022,42.4268484,-71.0683741
Isaac Boston,WR,"Springfield, Mass.",football,2022,42.1018764,-72.5886727
Seth Verilus,DB,"Riviera Beach, Fla.",football,2022,26.784343,-80.0650293
Jamal Cooney,WR,"Miami, Fla.",football,2022,25.7741566,-80.1935973
Shane Cokes,DL(C),"Dayton, Ohio",football,2022,39.7589478,-84.1916069
Yomi Babalola,LB,"Riverbank, Calif.",football,2022,37.7360396,-120.9354895
Patrick Campbell,DB,"Snellville, Ga.",football,2022,33.857328,-84.0199108
Tyler Green,RB,"Lenexa, Kan.",football,2022,38.9697458,-94.7845837
Davis Golick,P,"Smyrna, Ga.",football,2022,33.883887,-84.5147454
Zack Bair,RB,"Rumson, N.J.",football,2022,40.372054,-73.9990269
Jamal Cooper,DB,"Montgomery, Ala.",football,2022,32.3777111,-86.3090775
Chris Corbo,TE,"North Caldwell, N.J.",football,2022,40.8648215,-74.2582027
Joe Kramer,TE,"Westwood, N.J.",football,2022,40.9912087,-74.0326395
Desmin Jackson,RB,"Menifee, Calif.",football,2022,33.6863987,-117.1778599
Carson Franks,S,"State College, Pa.",football,2022,40.7944504,-77.8616386
Sean Williams,DB,"Nolensville, Tenn.",football,2022,35.9522852,-86.6694413
Cam Maddox,S,"Monroe, N.C.",football,2022,34.9854275,-80.5495112
D.J. Crowther,RB,"Sacramento, Calif.",football,2022,38.5810606,-121.493895
Vachon Raye,CB,"Atlanta, Ga.",football,2022,33.7544657,-84.3898151
Tevita Moimoi,RB,"Menlo Park, Calif.",football,2022,37.4519671,-122.177992
Derrell Porter,DL,"Penn Hills, Pa.",football,2022,40.4729398,-79.8176723
Quinten Arello,S(C),"Kansas City, Mo.",football,2022,39.100105,-94.5781416
Sean Ward,TE,"Cleveland, Ohio",football,2022,41.4996574,-81.6936772
Macklin Ayers,LB,"Elizabethville, Pa.",football,2022,40.5489742,-76.8119151
Dillon Holifield,S,"Roswell, Ga.",football,2022,34.02332,-84.360022
Danny Cronin,LB,"Elmhurst, Ill.",football,2022,41.8994745,-87.9403418
Zack Milko,LB,"West Milford, N.J.",football,2022,41.1312069,-74.3673748
Daniel Haughton,WR,"Matthews, N.C.",football,2022,35.1159532,-80.7224386
Christian Benson,RB,"DeSoto, Texas",football,2022,32.5897831,-96.8570183
Tyron Herring,CB,"Delray Beach, Fla.",football,2022,26.4614625,-80.0728201
Grayson O'Bara,WR,"Argyle, Texas",football,2022,33.110156,-97.1797576
Parrish Abramson,DB,"New Orleans, La.",football,2022,29.9574657,-90.0629493
Ahmir Braxton,DB,"Colorado Springs, Colo.",football,2022,38.8339578,-104.825348
Jordan Washington,DB,"West Lake, Calif.",football,2022,38.6618488,-121.544804
Zach Farris,DB,"Coral Springs, Fla.",football,2022,26.271192,-80.2706044
Ryan Bloch,K/P,"Naples, Fla.",football,2022,26.1421976,-81.7942944
Sam Koscho,S,"Sarasota, Fla.",football,2022,27.3365805,-82.5308545
Sean Harmon,TE,"Seattle, Wash.",football,2022,47.6038321,-122.330062
Nicholas Schwitzgebel,OL,"Cleveland, Ohio",football,2023,41.4996574,-81.6936772
Cayman Duncan,OL,"Spring, Texas",football,2023,30.070979,-95.4013419
James Coslet,OL,"Millington, N.J.",football,2023,40.6773237,-74.5176555
Kyle Brown,OL,"Marcellus, N.Y.",football,2023,42.9556549,-76.3249424
Keoni Perkins,DE,"Grand Prairie, Texas",football,2023,32.7459645,-96.9977846
Maxwell Wentz,OL,"Huntington, W.Va.",football,2023,38.4192496,-82.445154
Max Livingston,OL,"Colleyville, Texas",football,2023,32.8809603,-97.155012
Cameron Lee,LB,"Alexandria, Va.",football,2023,38.8051095,-77.0470229
Cam Davenport,OL,"Indianapolis, Ind.",football,2023,39.7683331,-86.1583502
Tristan Holmbeck,OL,"Philadelphia, Pa.",football,2023,39.9527237,-75.1635262
Francisco Caballero,OL,"Miami, Fla.",football,2023,25.7741566,-80.1935973
Charis Spence,LB,"Jonesboro, Ga.",football,2023,33.5215013,-84.3538128
John Ballowe,LB,"Richmond, Va.",football,2023,37.5385087,-77.43428
Joshua Johnson,DE,"Statesboro, Ga.",football,2023,32.4490141,-81.7832912
Roland Waguespack,OL,"New Orleans, La.",football,2023,29.9574657,-90.0629493
Max Schlager,LB,"Camp Hill, Pa.",football,2023,40.2398118,-76.9199742
Andy Belles,LS,"Germantown, Tenn.",football,2023,35.0867577,-89.8100858
Nico Schwikal,LB,"Schönfeld, Germany",football,2023,53.852541,12.95783
Braden Mullen,LB,"Glenview, Ill.",football,2023,42.0700662,-87.8114044
Thaddeus Gianaris,LB,"Park Ridge, Ill.",football,2023,42.0112329,-87.8406031
Steve Simpkins Jr.,LB,"Summerville, S.C.",football,2023,33.0186699,-80.1762704
Micah Green,LB,"Indianapolis, Ind.",football,2023,39.7683331,-86.1583502
James Morrison,OL,"Mahwah, N.J.",football,2023,41.0887072,-74.1437552
Zyion Freer-Brown,LB,"Lorain, Ohio",football,2023,41.2633554,-82.1734746
Nick Marinaro,OL,"Wayzata, Minn.",football,2023,44.970759,-93.511947
Will Prince,OL,"West Hartford, Conn.",football,2023,41.7620447,-72.7420399
Nick Lemon,WR,"Raleigh, N.C.",football,2023,35.7803977,-78.6390989
Thomas Hartnett,OL,"Pittsburgh, Pa.",football,2023,40.4406968,-80.0025666
Taysire Williams,TE,"Elkhart, Ind.",football,2023,41.6012796,-85.8590603
Dakota Quiñonez,DL,"Moore, S.C.",football,2023,34.8334519,-81.9920461
Gannon McCorkle,DE,"Odenton, Md.",football,2023,39.0657788,-76.6876169
Jaylin Rainey,DL,"Memphis, Tenn.",football,2023,35.146026,-90.0517786
Isaiah Golonka,DL,"Huntsville, Ala.",football,2023,34.729847,-86.5859011
Bruce Williams,DE,"Ann Arbor, Mich.",football,2023,42.2813722,-83.7484616
Charles Looes,DL,"Hillsdale, N.J.",football,2023,41.0025975,-74.0404175
Jabari Johnson,DE,"Zachary, La.",football,2023,30.6485191,-91.1564961
Dario Arazi,DE,"Brooklyn, N.Y.",football,2023,40.6526006,-73.9497211
Ejike Adele,DL,"Atlanta, Ga.",football,2023,33.7544657,-84.3898151
Hank Knez,DL,"Glen Ellyn, Ill.",football,2023,41.8775293,-88.0670118
Sean Ward,TE,"Cleveland, Ohio",football,2023,41.4996574,-81.6936772
Ian Scott,WR,"Brentwood, Tenn.",football,2023,36.0325687,-86.7825235
Jackson Namian,WR,"Silver Spring, Md.",football,2023,38.9997621,-77.0240371
Painter Richards-Baker,WR,"Hillsborough, N.C.",football,2023,36.075382,-79.0993958
Daniel Haughton,WR,"Matthews, N.C.",football,2023,35.1159532,-80.7224386
Jackson Gerard,WR,"West Chicago, Ill.",football,2023,41.8847507,-88.2039607
Jarmone Sutherland,WR,"New Orleans, La.",football,2023,29.9574657,-90.0629493
Remington Gall,WR,"Avon, Ind.",football,2023,39.7628227,-86.3997168
Konstantin Spörk,OL,"Pulheim, Germany",football,2023,50.9979888,6.8025409
Godson Ajoku,OL,"Lagos, Nigeria",football,2023,6.4550575,3.3941795
Ethan Sipe,OL,"Nashville, Tenn.",football,2023,36.1622767,-86.7742984
Delby Lemieux,OL,"Duxbury, Mass.",football,2023,42.0417695,-70.672259
Michael Betsy,OL,"Upper Saddle River, N.J.",football,2023,41.0585352,-74.0984769
Vasean Washington,OL,"Springfield, Ohio",football,2023,39.9234046,-83.810138
Yomi Babalola,LB,"Riverbank, Calif.",football,2023,37.7360396,-120.9354895
Sean Harmon,TE,"Seattle, Wash.",football,2023,47.6038321,-122.330062
Marques White,LB,"Glendale, Ariz.",football,2023,33.5386858,-112.185994
Devon Lingle,QB,"Neptune Beach, Fla.",football,2023,30.311908,-81.3964734
Nick Howard,QB(C),"Green Bay, Wis.",football,2023,44.5126379,-88.0125794
Grayson Saunier,QB,"Lafayette, La.",football,2023,30.2262187,-92.0178202
Patrick Campbell,DB,"Snellville, Ga.",football,2023,33.857328,-84.0199108
D.J. Crowther,RB,"Sacramento, Calif.",football,2023,38.5810606,-121.493895
Onye Onuoha,CB,"Denver, Colo.",football,2023,39.7392364,-104.984862
Woods Ray,QB,"Homewood, Ala.",football,2023,33.4737098,-86.8084509
Tyson Grimm,DB,"Akron, Ohio",football,2023,41.083064,-81.518485
Jackson Proctor,QB,"Kent, Wash.",football,2023,47.3826903,-122.2270272
Jamal Cooper,DB,"Montgomery, Ala.",football,2023,32.3777111,-86.3090775
Vachon Raye,CB,"Atlanta, Ga.",football,2023,33.7544657,-84.3898151
Matisse Weaver,PK,"Lander, Wyo.",football,2023,42.8330755,-108.730702
Dylan Cadwallader,QB,"Frisco, Texas",football,2023,33.1505998,-96.8238183
Nic Sani,TE,"Turlock, Calif.",football,2023,37.4946568,-120.8465941
Paxton Scott,WR,"Dallas, Texas",football,2023,32.7762719,-96.7968559
Samuel Washington,DB,"Detroit, Mich.",football,2023,42.3315509,-83.0466403
Joey Richmond,RB,"Glen Ellyn, Ill.",football,2023,41.8775293,-88.0670118
Tyson McCloud,NB,"Coconut Creek, Fla.",football,2023,26.2517482,-80.1789351
Leonard St. Gourdin,S,"Malden, Mass.",football,2023,42.4268484,-71.0683741
Isaac Boston,WR,"Springfield, Mass.",football,2023,42.1018764,-72.5886727
Cam Maddox,S,"Monroe, N.C.",football,2023,34.9854275,-80.5495112
Davis Golick,P,"Smyrna, Ga.",football,2023,33.883887,-84.5147454
Josiah Green,DL,"Indianapolis, Ind.",football,2023,39.7683331,-86.1583502
Joe Onuwabhagbe,DL,"Carrollton, Texas",football,2023,32.9515472,-96.9034244
Sean Williams,DB,"Nolensville, Tenn.",football,2023,35.9522852,-86.6694413
Grayson O'Bara,WR,"Argyle, Texas",football,2023,33.110156,-97.1797576
Jace Henry,TE,"Fairbanks, Alaska",football,2023,64.837845,-147.716675
Tyler Green,RB,"Lenexa, Kan.",football,2023,38.9697458,-94.7845837
Q Jones,RB,"Fountain, Colo.",football,2023,38.682219,-104.7008056
Macklin Ayers,LB(C),"Elizabethville, Pa.",football,2023,40.5489742,-76.8119151
Carson Franks,S,"State College, Pa.",football,2023,40.7944504,-77.8616386
Jack Noonan,DB,"Weston, Mass.",football,2023,42.3667625,-71.3031132
Harrison Keith,S,"Fairfield, Conn.",football,2023,41.1412078,-73.2637258
Cameron Best-Alston,CB,"Conway, S.C.",football,2023,33.8360035,-79.0478143
Owen Zalc,PK,"Cary, N.C.",football,2023,35.7873617,-78.7811623
Derrell Porter,DL,"Penn Hills, Pa.",football,2023,40.4729398,-79.8176723
Quinten Arello,S(C),"Kansas City, Mo.",football,2023,39.100105,-94.5781416
Danny Cronin,LB,"Elmhurst, Ill.",football,2023,41.8994745,-87.9403418
Jonathan Nelson,WR,"Cypress, Texas",football,2023,29.9691116,-95.6971686
Josh Greene,LS,"Palm Beach Gardens, Fla.",football,2023,26.8233946,-80.1386547
Ross Parrish,TE,"Cincinnati, Ohio",football,2023,39.1012809,-84.5127405
Colin O'Garro,RB,"New Rochelle, N.Y.",football,2023,40.9115386,-73.7826363
Sam Koscho,S,"Sarasota, Fla.",football,2023,27.3365805,-82.5308545
Christian Benson,RB,"DeSoto, Texas",football,2023,32.5897831,-96.8570183
Jordan Washington,DB,"West Lake, Calif.",football,2023,38.6618488,-121.544804
Tevita Moimoi,RB(C),"Menlo Park, Calif.",football,2023,37.4519671,-122.177992
Chris Corbo,TE,"North Caldwell, N.J.",football,2023,40.8648215,-74.2582027
Alex Geraci,TE,"Cornwall-on-Hudson, N.Y.",football,2023,41.4448133,-74.0155219
Desmin Jackson,RB,"Menifee, Calif.",football,2023,33.6863987,-117.1778599
Chris Roper,RB,"Cartersville, Ga.",football,2023,34.1652304,-84.7997613
Zach Farris,DB,"Coral Springs, Fla.",football,2023,26.271192,-80.2706044
Jorden Barnes,CB,"Nashville, Tenn.",football,2023,36.1622767,-86.7742984
K.J. Edwards,DB,"Rochester, N.Y.",football,2023,43.157285,-77.615214
James Coslet,OL,"Millington, N.J.",football,2024,40.6773237,-74.5176555
Kyle Brown,OL,"Marcellus, N.Y.",football,2024,42.9556549,-76.3249424
Tristan Holmbeck,OL,"Philadelphia, Pa.",football,2024,39.9527237,-75.1635262
Will Prince,OL,"West Hartford, Conn.",football,2024,41.7620447,-72.7420399
Aidan White,DE,"Cumming, Ga.",football,2024,34.2073196,-84.1401926
Anthony Ndika,OL,"Lagos, Nigeria",football,2024,6.4550575,3.3941795
Francisco Caballero,OL,"Miami, Fla.",football,2024,25.7741566,-80.1935973
Ryan Turk,OL,"Santa Monica, Calif.",football,2024,34.0194704,-118.491227
Ben Reagan,OL,"New Canaan, Conn.",football,2024,41.146763,-73.4948446
Cayman Duncan,OL,"Spring, Texas",football,2024,30.070979,-95.4013419
Maxwell Wentz,OL,"Huntington, W.Va.",football,2024,38.4192496,-82.445154
Julian Sutton,OL,"Hamden, Conn.",football,2024,41.3836233,-72.9020069
Charis Spence,NB,"Jonesboro, Ga.",football,2024,33.5215013,-84.3538128
John Ballowe,LB,"Richmond, Va.",football,2024,37.5385087,-77.43428
Cameron Lee,LB,"Alexandria, Va.",football,2024,38.8051095,-77.0470229
Johnny Riley,LB,"Morristown, N.J.",football,2024,40.7970382,-74.4809868
Max Livingston,OL,"Colleyville, Texas",football,2024,32.8809603,-97.155012
Nico Schwikal,LB,"Schönfeld, Germany",football,2024,53.852541,12.95783
Braden Mullen,LB,"Glenview, Ill.",football,2024,42.0700662,-87.8114044
Thaddeus Gianaris,LB,"Park Ridge, Ill.",football,2024,42.0112329,-87.8406031
Lou Lamar,NB,"Magnolia, Texas",football,2024,30.2095594,-95.7507897
Steve Simpkins Jr.,LB,"Summerville, S.C.",football,2024,33.0186699,-80.1762704
Tyler Kessel,LB,"Summit, N.J.",football,2024,40.7182356,-74.3592296
Roland Waguespack,OL,"New Orleans, La.",football,2024,29.9574657,-90.0629493
Nick Marinaro,OL,"Wayzata, Minn.",football,2024,44.970759,-93.511947
Michael Betsy,OL,"Upper Saddle River, N.J.",football,2024,41.0585352,-74.0984769
Sean Chester,LB,"Frisco, Texas",football,2024,33.1505998,-96.8238183
Cam Davenport,OL,"Indianapolis, Ind.",football,2024,39.7683331,-86.1583502
Dakota Quiñonez,DL,"Moore, S.C.",football,2024,34.8334519,-81.9920461
Jackson Ashford,DL,"Potomac, Md.",football,2024,39.0180508,-77.1956331
Keoni Perkins,DE,"Grand Prairie, Texas",football,2024,32.7459645,-96.9977846
Zachary Lytle,DL,"Winnipeg, Manitoba",football,2024,49.8955367,-97.1384584
Bruce Williams,DE,"Ann Arbor, Mich.",football,2024,42.2813722,-83.7484616
Joe Onuwabhagbe,DL,"Carrollton, Texas",football,2024,32.9515472,-96.9034244
Jabari Johnson,DE,"Zachary, La.",football,2024,30.6485191,-91.1564961
Khari Mayeux,DE,"Houston, Texas",football,2024,29.7589382,-95.3676974
Ben Devall,DE,"Bastrop, La.",football,2024,32.7777896,-91.9138683
Taylor Faalele,DL,"Melbourne, Australia",football,2024,-37.8142454,144.9631732
Vasean Washington,OL,"Springfield, Ohio",football,2024,39.9234046,-83.810138
Delby Lemieux,OL,"Duxbury, Mass.",football,2024,42.0417695,-70.672259
Sean Ward,TE,"Cleveland, Ohio",football,2024,41.4996574,-81.6936772
Ian Scott,WR,"Brentwood, Tenn.",football,2024,36.0325687,-86.7825235
Taysire Williams,TE,"Elkhart, Ind.",football,2024,41.6012796,-85.8590603
Nick Lemon,WR,"Raleigh, N.C.",football,2024,35.7803977,-78.6390989
Jackson Namian,WR,"Silver Spring, Md.",football,2024,38.9997621,-77.0240371
Jordan Leslie,WR,"Denver, Colo.",football,2024,39.7392364,-104.984862
James Elliott,WR,"Leeds, Mass.",football,2024,42.3543687,-72.7010568
Jonathan Nelson,WR,"Cypress, Texas",football,2024,29.9691116,-95.6971686
Luke Rives,WR,"Houston, Texas",football,2024,29.7589382,-95.3676974
Remington Gall,WR,"Avon, Ind.",football,2024,39.7628227,-86.3997168
Konstantin Spörk,OL,"Pulheim, Germany",football,2024,50.9979888,6.8025409
Godson Ajoku,OL,"Lagos, Nigeria",football,2024,6.4550575,3.3941795
Kristian Strong,TE,"Wellington, Fla.",football,2024,26.6549551,-80.2375279
Alex Geraci,TE,"Cornwall-on-Hudson, N.Y.",football,2024,41.4448133,-74.0155219
Joshua Johnson,DE,"Statesboro, Ga.",football,2024,32.4490141,-81.7832912
Noah Trigueros,QB,"Scottsdale, Ariz.",football,2024,33.4942189,-111.926018
Kyle Meier,QB,"Whitesboro, N.Y.",football,2024,43.1218393,-75.2911438
Luke Armistead,P,"Brentwood, Tenn.",football,2024,36.0325687,-86.7825235
Thai Brown,DB,"New Orleans, La.",football,2024,29.9574657,-90.0629493
Grayson Saunier,QB,"Lafayette, La.",football,2024,30.2262187,-92.0178202
D.J. Crowther,RB,"Sacramento, Calif.",football,2024,38.5810606,-121.493895
Painter Richards-Baker,WR,"Hillsborough, N.C.",football,2024,36.075382,-79.0993958
Woods Ray,QB,"Homewood, Ala.",football,2024,33.4737098,-86.8084509
Tyson Grimm,DB,"Akron, Ohio",football,2024,41.083064,-81.518485
Jackson Proctor,QB,"Kent, Wash.",football,2024,47.3826903,-122.2270272
Jamal Cooper,DB,"Montgomery, Ala.",football,2024,32.3777111,-86.3090775
Grayson O'Bara,WR,"Argyle, Texas",football,2024,33.110156,-97.1797576
Daniel Haughton,WR,"Matthews, N.C.",football,2024,35.1159532,-80.7224386
Cameron Best-Alston,DB,"Conway, S.C.",football,2024,33.8360035,-79.0478143
Paxton Scott,WR,"Dallas, Texas",football,2024,32.7762719,-96.7968559
Dylan Elder,RB,"Loganville, Ga.",football,2024,33.8389977,-83.9007382
Ejike Adele,DL,"Atlanta, Ga.",football,2024,33.7544657,-84.3898151
Julian Coviello,K,"Montclair, N.J.",football,2024,40.8164458,-74.2210643
Patrick Campbell,DB,"Snellville, Ga.",football,2024,33.857328,-84.0199108
Jordan Washington,DB,"West Lake, Calif.",football,2024,38.6618488,-121.544804
Jackson Gerard,WR,"West Chicago, Ill.",football,2024,41.8847507,-88.2039607
Q Jones,RB,"Fountain, Colo.",football,2024,38.682219,-104.7008056
Davis Golick,P,"Smyrna, Ga.",football,2024,33.883887,-84.5147454
Yomi Babalola,LB,"Riverbank, Calif.",football,2024,37.7360396,-120.9354895
Sean Williams,DB,"Nolensville, Tenn.",football,2024,35.9522852,-86.6694413
Colin O'Garro,RB,"New Rochelle, N.Y.",football,2024,40.9115386,-73.7826363
Josiah Green,DL,"Indianapolis, Ind.",football,2024,39.7683331,-86.1583502
Ky'Dric Fisher,WR,"Jacksonville, Ala.",football,2024,33.8137919,-85.7612872
Jorden Barnes,CB,"Nashville, Tenn.",football,2024,36.1622767,-86.7742984
Gergely Hudák,TE,"Székesfehérvár, Hungary",football,2024,47.1910169,18.410811
James Morrison,TE,"Mahwah, N.J.",football,2024,41.0887072,-74.1437552
Sean Harmon,TE,"Seattle, Wash.",football,2024,47.6038321,-122.330062
Zyion Freer-Brown,LB,"Lorain, Ohio",football,2024,41.2633554,-82.1734746
Carson Franks,S,"State College, Pa.",football,2024,40.7944504,-77.8616386
Christian Harris,DB,"Sacramento, Calif.",football,2024,38.5810606,-121.493895
Matisse Weaver,PK,"Lander, Wyo.",football,2024,42.8330755,-108.730702
No'Koi Maddox,DB,"San Diego, Calif.",football,2024,32.7157062,-117.1638284
Owen Zalc,K,"Cary, N.C.",football,2024,35.7873617,-78.7811623
Derrell Porter,DL,"Penn Hills, Pa.",football,2024,40.4729398,-79.8176723
Niquis Ratcliff,CB,"Picayune, Miss.",football,2024,30.5254692,-89.6795084
Micah Green,LB,"Indianapolis, Ind.",football,2024,39.7683331,-86.1583502
Dillon Holifield,S,"Roswell, Ga.",football,2024,34.02332,-84.360022
Andy Belles,LS,"Germantown, Tenn.",football,2024,35.0867577,-89.8100858
K.J. Edwards,DB,"Rochester, N.Y.",football,2024,43.157285,-77.615214
Zach Farris,DB,"Coral Springs, Fla.",football,2024,26.271192,-80.2706044
Chris Roper,RB,"Cartersville, Ga.",football,2024,34.1652304,-84.7997613
Ahmir Braxton,DB,"Colorado Springs, Colo.",football,2024,38.8339578,-104.825348
Chris Corbo,TE,"North Caldwell, N.J.",football,2024,40.8648215,-74.2582027
Desmin Jackson,RB,"Menifee, Calif.",football,2024,33.6863987,-117.1778599
Harrison Keith,S,"Fairfield, Conn.",football,2024,41.1412078,-73.2637258
Christian Benson,RB,"DeSoto, Texas",football,2024,32.5897831,-96.8570183
Samuel Washington,DB,"Detroit, Mich.",football,2024,42.3315509,-83.0466403
Danny Cronin,LB,"Elmhurst, Ill.",football,2024,41.8994745,-87.9403418
Hashem Saleh,OL,"Dearborn Heights, Mich.",football,2025,42.3369816,-83.2732627
Anthony Ndika,OL,"Lagos, Nigeria",football,2025,6.4550575,3.3941795
Ryan Turk,OL,"Santa Monica, Calif.",football,2025,34.0194704,-118.491227
Will Prince,OL,"West Hartford, Conn.",football,2025,41.7620447,-72.7420399
Mateusz Nycz,OL,"St. Charles, Ill.",football,2025,41.9139808,-88.3128183
Francisco Caballero,OL,"Miami, Fla.",football,2025,25.7741566,-80.1935973
Konstantin Spörk,OL,"Pulheim, Germany",football,2025,50.9979888,6.8025409
Ben Reagan,OL,"New Canaan, Conn.",football,2025,41.146763,-73.4948446
Maxwell Wentz,OL,"Huntington, W.Va.",football,2025,38.4192496,-82.445154
Yuseph Mustafa,OL,"Dearborn, Mich.",football,2025,42.3222599,-83.1763145
Max Livingston,OL,"Colleyville, Texas",football,2025,32.8809603,-97.155012
Paul Binder,OL,"Londonderry, N.H.",football,2025,42.8650869,-71.3739532
Uche Odimegwu,LB,"Coppell, Texas",football,2025,32.9552598,-97.0155703
Cameron Lee,LB,"Alexandria, Va.",football,2025,38.8051095,-77.0470229
Charlie Prior,LB,"Wilmette, Ill.",football,2025,42.076066,-87.7115555
Matthew Boydell,LB,"Allendale, N.J.",football,2025,41.0413199,-74.1291407
Nico Schwikal,LB,"Schönfeld, Germany",football,2025,53.852541,12.95783
Sean Chester,LB,"Frisco, Texas",football,2025,33.1505998,-96.8238183
Thaddeus Gianaris,LB,"Park Ridge, Ill.",football,2025,42.0112329,-87.8406031
Steve Simpkins Jr.,LB,"Summerville, S.C.",football,2025,33.0186699,-80.1762704
Aidan White,DE,"Cumming, Ga.",football,2025,34.2073196,-84.1401926
Vasean Washington,OL,"Springfield, Ohio",football,2025,39.9234046,-83.810138
Julian Sutton,OL,"Hamden, Conn.",football,2025,41.3836233,-72.9020069
Jackson Cheatham,DB,"Laurel, Md.",football,2025,39.0984317,-76.8485094
Taysire Williams,TE,"Elkhart, Ind.",football,2025,41.6012796,-85.8590603
Delby Lemieux,OL,"Duxbury, Mass.",football,2025,42.0417695,-70.672259
Matisse Brosseau,DL,"Montreal, Quebec",football,2025,45.5031824,-73.5698065
Peter Owolabi,DL,"Ottawa, Ontario",football,2025,45.4208777,-75.6901106
Jackson Ashford,DL,"Potomac, Md.",football,2025,39.0180508,-77.1956331
Keoni Perkins,DE,"Grand Prairie, Texas",football,2025,32.7459645,-96.9977846
Chris Chol,DL,"Salem, Mass.",football,2025,42.5195292,-70.8967226
Bruce Williams,DE,"Ann Arbor, Mich.",football,2025,42.2813722,-83.7484616
Joe Onuwabhagbe,DL,"Carrollton, Texas",football,2025,32.9515472,-96.9034244
Jabari Johnson,DE,"Zachary, La.",football,2025,30.6485191,-91.1564961
Khari Mayeux,DE,"Houston, Texas",football,2025,29.7589382,-95.3676974
Ben Devall,DE,"Bastrop, La.",football,2025,32.7777896,-91.9138683
Michael Betsy,OL,"Upper Saddle River, N.J.",football,2025,41.0585352,-74.0984769
Taylor Faalele,DL,"Melbourne, Australia",football,2025,-37.8142454,144.9631732
Kristian Strong,TE,"Wellington, Fla.",football,2025,26.6549551,-80.2375279
Aiden Abercrombie,WR,"Flower Mound, Texas",football,2025,33.0283854,-97.0867203
Ky'Dric Fisher,WR,"Jacksonville, Ala.",football,2025,33.8137919,-85.7612872
Jordan Leslie,WR,"Denver, Colo.",football,2025,39.7392364,-104.984862
James Elliott,WR,"Leeds, Mass.",football,2025,42.3543687,-72.7010568
Jonathan Nelson,WR,"Cypress, Texas",football,2025,29.9691116,-95.6971686
Andrew Smart,WR,"Centennial, Colo.",football,2025,39.579155,-104.8769227
Remington Gall,WR,"Avon, Ind.",football,2025,39.7628227,-86.3997168
Jack Taylor,OL,"Boca Raton, Fla.",football,2025,26.3586885,-80.0830984
Godson Ajoku,OL,"Lagos, Nigeria",football,2025,6.4550575,3.3941795
Cam Davenport,OL,"Indianapolis, Ind.",football,2025,39.7683331,-86.1583502
Sean Ward,TE,"Cleveland, Ohio",football,2025,41.4996574,-81.6936772
Joshua Johnson,DE,"Statesboro, Ga.",football,2025,32.4490141,-81.7832912
Roland Waguespack,OL,"New Orleans, La.",football,2025,29.9574657,-90.0629493
Jason Bish,TE,"Seneca, S.C.",football,2025,34.6865321,-82.9527288
Kyle Meier,TE,"Whitesboro, N.Y.",football,2025,43.1218393,-75.2911438
Grayson Saunier,QB,"Lafayette, La.",football,2025,30.2262187,-92.0178202
D.J. Crowther,RB,"Sacramento, Calif.",football,2025,38.5810606,-121.493895
Luke Rives,WR,"Houston, Texas",football,2025,29.7589382,-95.3676974
Woods Ray,QB,"Homewood, Ala.",football,2025,33.4737098,-86.8084509
Tyson Grimm,DB,"Akron, Ohio",football,2025,41.083064,-81.518485
Jaden Cummings,QB,"Hanahan, S.C.",football,2025,32.9031634,-80.0083686
Thai Brown,DB,"New Orleans, La.",football,2025,29.9574657,-90.0629493
Daniel Haughton,WR,"Matthews, N.C.",football,2025,35.1159532,-80.7224386
Gergely Hudák,DL,"Székesfehérvár, Hungary",football,2025,47.1910169,18.410811
Charlie Peters,QB,"Dallas, Texas",football,2025,32.7762719,-96.7968559
Sean Williams,DB,"Nolensville, Tenn.",football,2025,35.9522852,-86.6694413
Jack Inglis,WR,"Bethlehem, Pa.",football,2025,-1.45056,-48.4682453
Cameron Best-Alston,DB,"Conway, S.C.",football,2025,33.8360035,-79.0478143
Chris Corbo,TE,"North Caldwell, N.J.",football,2025,40.8648215,-74.2582027
Dylan Elder,RB,"Loganville, Ga.",football,2025,33.8389977,-83.9007382
Julian Coviello,K,"Montclair, N.J.",football,2025,40.8164458,-74.2210643
Patrick Campbell,DB,"Snellville, Ga.",football,2025,33.857328,-84.0199108
Ian Scott,WR,"Brentwood, Tenn.",football,2025,36.0325687,-86.7825235
Jamal Cooper,DB,"Montgomery, Ala.",football,2025,32.3777111,-86.3090775
Nick Lemon,WR,"Raleigh, N.C.",football,2025,35.7803977,-78.6390989
Dakota Quiñonez,DL,"Moore, S.C.",football,2025,34.8334519,-81.9920461
Zyion Freer-Brown,LB,"Lorain, Ohio",football,2025,41.2633554,-82.1734746
Noah Trigueros,QB,"Scottsdale, Ariz.",football,2025,33.4942189,-111.926018
Grayson O'Bara,WR,"Argyle, Texas",football,2025,33.110156,-97.1797576
Desmin Jackson,RB,"Menifee, Calif.",football,2025,33.6863987,-117.1778599
Jorden Barnes,CB,"Nashville, Tenn.",football,2025,36.1622767,-86.7742984
Colin O'Garro,RB,"New Rochelle, N.Y.",football,2025,40.9115386,-73.7826363
Corban Hall,TE,"Waxhaw, N.C.",football,2025,34.9248125,-80.7440174
John Bancone,TE,"Summit, N.J.",football,2025,40.7182356,-74.3592296
Ethan Couvertiere,DB,"Knoxville, Tenn.",football,2025,35.9603948,-83.9210261
Johnny Stephens,DB,"Milton, Ga.",football,2025,34.1134001,-84.2693745
Cameron Bates,WR,"Grayslake, Ill.",football,2025,42.3433518,-88.0412192
Matisse Weaver,PK,"Lander, Wyo.",football,2025,42.8330755,-108.730702
Luke Armistead,P,"Brentwood, Tenn.",football,2025,36.0325687,-86.7825235
Owen Zalc,K,"Cary, N.C.",football,2025,35.7873617,-78.7811623
Santino Cicarella,DB,"Royal Oak, Mich.",football,2025,42.4894801,-83.1446485
Johnny Riley,LB,"Morristown, N.J.",football,2025,40.7970382,-74.4809868
Myles Craddock,RB,"Cranston, R.I.",football,2025,41.779588,-71.4366813
Andy Belles,LS,"Germantown, Tenn.",football,2025,35.0867577,-89.8100858
Colter Vela,DB,"Cumming, Ga.",football,2025,34.2073196,-84.1401926
Christian Harris,DB,"Sacramento, Calif.",football,2025,38.5810606,-121.493895
Harrison Keith,S,"Fairfield, Conn.",football,2025,41.1412078,-73.2637258
Lou Lamar,NB,"Magnolia, Texas",football,2025,30.2095594,-95.7507897
No'Koi Maddox,DB,"San Diego, Calif.",football,2025,32.7157062,-117.1638284
Samuel Washington,DB,"Detroit, Mich.",football,2025,42.3315509,-83.0466403
Chris Roper,RB,"Cartersville, Ga.",football,2025,34.1652304,-84.7997613
Immanuel Johnson,RB,"Columbia, S.C.",football,2025,34.000754,-81.0352313
K.J. Edwards,DB,"Rochester, N.Y.",football,2025,43.157285,-77.615214
Romello McRae,WR,"Inglewood, Calif.",football,2025,33.9562003,-118.353132
Niquis Ratcliff,CB,"Picayune, Miss.",football,2025,30.5254692,-89.6795084
Jake Namnun,OL,"Delran, N.J.",football,2026,40.0154905,-74.9550416
Hashem Saleh,OL,"Dearborn Heights, Mich.",football,2026,42.3369816,-83.2732627
Ben Reagan,OL,"New Canaan, Conn.",football,2026,41.146763,-73.4948446
Harlem Taylor,DL,"Manchester, N.H.",football,2026,42.9956397,-71.4547891
Francisco Caballero,OL,"Miami, Fla.",football,2026,25.7741566,-80.1935973
Tim Church,OL,"Marshfield, Mass.",football,2026,42.091769,-70.7055941
Brody McLeod,OL,"Ponte Vedra, Fla.",football,2026,30.2396865,-81.3856384
Nick Schenkel,OL,"Bethlehem, Pa.",football,2026,-1.45056,-48.4682453
Ryan Turk,OL,"Santa Monica, Calif.",football,2026,34.0194704,-118.491227
Anthony Ndika,OL,"Lagos, Nigeria",football,2026,6.4550575,3.3941795
Michael McMahon,OL,"Norwood, N.J.",football,2026,40.9981532,-73.9618039
Matisse Brosseau,DL,"Montreal, Quebec",football,2026,45.5031824,-73.5698065
Cameron Lee,LB,"Alexandria, Va.",football,2026,38.8051095,-77.0470229
Charlie Prior,LB,"Wilmette, Ill.",football,2026,42.076066,-87.7115555
Max Livingston,OL,"Colleyville, Texas",football,2026,32.8809603,-97.155012
Matthew Boydell,LB,"Allendale, N.J.",football,2026,41.0413199,-74.1291407
Gergely Hudák,DL,"Székesfehérvár, Hungary",football,2026,47.1910169,18.410811
Sean Chester,LB,"Frisco, Texas",football,2026,33.1505998,-96.8238183
Ayo Adeniyi,LB,"Columbia, Md.",football,2026,39.1938429,-76.8646092
JJ Bolz,LB,"Fort Myers, Fla.",football,2026,26.640628,-81.8723084
Gavin King,LB,"Glenview, Ill.",football,2026,42.0700662,-87.8114044
Timothy Ioane Jr.,LB,"Riverside, Calif.",football,2026,33.9824949,-117.374238
Paul Binder,OL,"Londonderry, N.H.",football,2026,42.8650869,-71.3739532
Will Prince,OL,"West Hartford, Conn.",football,2026,41.7620447,-72.7420399
Jackson Ashford,DL,"Potomac, Md.",football,2026,39.0180508,-77.1956331
Roland Waguespack,OL,"New Orleans, La.",football,2026,29.9574657,-90.0629493
Joshua Johnson,DE,"Statesboro, Ga.",football,2026,32.4490141,-81.7832912
Keoni Perkins,DE,"Grand Prairie, Texas",football,2026,32.7459645,-96.9977846
Chris Chol,DL,"Salem, Mass.",football,2026,42.5195292,-70.8967226
Bruce Williams,DE,"Ann Arbor, Mich.",football,2026,42.2813722,-83.7484616
Roman Sosnovyy,DL,"La Grange, Ill.",football,2026,41.81483,-87.8735662
Will Maloof,DL,"Westfield, N.J.",football,2026,40.651726,-74.3483059
Quinn Enguita,DL,"Fort Myers, Fla.",football,2026,26.640628,-81.8723084
August Dupree,DL,"Folsom, Calif.",football,2026,38.6779591,-121.176058
Taylor Faalele,DL,"Melbourne, Australia",football,2026,-37.8142454,144.9631732
John Bancone,TE,"Summit, N.J.",football,2026,40.7182356,-74.3592296
Kristian Strong,TE,"Wellington, Fla.",football,2026,26.6549551,-80.2375279
Julian Sutton,OL,"Hamden, Conn.",football,2026,41.3836233,-72.9020069
Taysire Williams,TE,"Elkhart, Ind.",football,2026,41.6012796,-85.8590603
Jack Inglis,WR,"Bethlehem, Pa.",football,2026,-1.45056,-48.4682453
Cameron Bates,WR,"Grayslake, Ill.",football,2026,42.3433518,-88.0412192
James Elliott,WR,"Leeds, Mass.",football,2026,42.3543687,-72.7010568
Jonathan Nelson,WR,"Cypress, Texas",football,2026,29.9691116,-95.6971686
Andrew Smart,WR,"Centennial, Colo.",football,2026,39.579155,-104.8769227
Jason Bish,TE,"Seneca, S.C.",football,2026,34.6865321,-82.9527288
Jack Taylor,OL,"Boca Raton, Fla.",football,2026,26.3586885,-80.0830984
Godson Ajoku,OL,"Lagos, Nigeria",football,2026,6.4550575,3.3941795
Cam Davenport,OL,"Indianapolis, Ind.",football,2026,39.7683331,-86.1583502
Mateusz Nycz,OL,"St. Charles, Ill.",football,2026,41.9139808,-88.3128183
Yuseph Mustafa,OL,"Dearborn, Mich.",football,2026,42.3222599,-83.1763145
Aiden Abercrombie,WR,"Flower Mound, Texas",football,2026,33.0283854,-97.0867203
Ayden Sadler,TE,"Nolensville, Tenn.",football,2026,35.9522852,-86.6694413
David Brown III,DB,"Waller, Texas",football,2026,29.9443902,-95.9955885
Trey McFadden,DB,"Skillman, N.J.",football,2026,40.4234145,-74.7077882
Luke Armistead,P,"Brentwood, Tenn.",football,2026,36.0325687,-86.7825235
Luke Rives,WR,"Houston, Texas",football,2026,29.7589382,-95.3676974
Kareem Fisher,WR,"Laurel, Md.",football,2026,39.0984317,-76.8485094
Woods Ray,QB,"Homewood, Ala.",football,2026,33.4737098,-86.8084509
Jaden Cummings,QB,"Hanahan, S.C.",football,2026,32.9031634,-80.0083686
Thai Brown,DB,"New Orleans, La.",football,2026,29.9574657,-90.0629493
Jordan Leslie,WR,"Denver, Colo.",football,2026,39.7392364,-104.984862
Colin O'Garro,RB,"New Rochelle, N.Y.",football,2026,40.9115386,-73.7826363
Johnny Stephens,DB,"Milton, Ga.",football,2026,34.1134001,-84.2693745
Charlie Peters,QB,"Dallas, Texas",football,2026,32.7762719,-96.7968559
Myles Craddock,RB,"Cranston, R.I.",football,2026,41.779588,-71.4366813
Ky'Dric Fisher,WR,"Jacksonville, Ala.",football,2026,33.8137919,-85.7612872
Dylan Elder,RB,"Loganville, Ga.",football,2026,33.8389977,-83.9007382
Niquis Ratcliff,CB,"Picayune, Miss.",football,2026,30.5254692,-89.6795084
Julian Coviello,K,"Montclair, N.J.",football,2026,40.8164458,-74.2210643
Ian Scott,WR,"Brentwood, Tenn.",football,2026,36.0325687,-86.7825235
Blake Betette,WR,"Columbia, S.C.",football,2026,34.000754,-81.0352313
No'Koi Maddox,DB,"San Diego, Calif.",football,2026,32.7157062,-117.1638284
Nick Lemon,WR,"Raleigh, N.C.",football,2026,35.7803977,-78.6390989
George Loop,WR,"New Orleans, La.",football,2026,29.9574657,-90.0629493
Cameron Best-Alston,DB,"Conway, S.C.",football,2026,33.8360035,-79.0478143
Steve Simpkins Jr.,LB,"Summerville, S.C.",football,2026,33.0186699,-80.1762704
Peter Owolabi,DL,"Ottawa, Ontario",football,2026,45.4208777,-75.6901106
Jack Cannon,QB,"Holmdel, N.J.",football,2026,40.3451095,-74.1840322
Will Hester,LS,"Lexington, Ky.",football,2026,38.0464066,-84.4970393
Grayson Saunier,QB,"Lafayette, La.",football,2026,30.2262187,-92.0178202
Noah Trigueros,QB,"Scottsdale, Ariz.",football,2026,33.4942189,-111.926018
Uche Odimegwu,LB,"Coppell, Texas",football,2026,32.9552598,-97.0155703
James Rush,DB,"Ypsilanti, Mich.",football,2026,42.241051,-83.6117646
Matisse Weaver,PK,"Lander, Wyo.",football,2026,42.8330755,-108.730702
Tanner Pidwell,K,"Park City, Utah",football,2026,40.6460921,-111.4979963
George Duggins,DB,"Muskegon, Mich.",football,2026,43.2341813,-86.2483921
Owen Zalc,K,"Cary, N.C.",football,2026,35.7873617,-78.7811623
Santino Cicarella,DB,"Royal Oak, Mich.",football,2026,42.4894801,-83.1446485
Johnny Riley,LB,"Morristown, N.J.",football,2026,40.7970382,-74.4809868
Jacob Henry,RB,"North Little Rock, Ark.",football,2026,34.769536,-92.2670941
Andy Belles,LS,"Germantown, Tenn.",football,2026,35.0867577,-89.8100858
K.J. Edwards,DB,"Rochester, N.Y.",football,2026,43.157285,-77.615214
Immanuel Johnson,RB,"Columbia, S.C.",football,2026,34.000754,-81.0352313
Chris Roper,RB,"Cartersville, Ga.",football,2026,34.1652304,-84.7997613
Jackson Cheatham,DB,"Laurel, Md.",football,2026,39.0984317,-76.8485094
Ethan Couvertiere,DB,"Knoxville, Tenn.",football,2026,35.9603948,-83.9210261
Lou Lamar,NB,"Magnolia, Texas",football,2026,30.2095594,-95.7507897
Harrison Keith,S,"Fairfield, Conn.",football,2026,41.1412078,-73.2637258
Christian Harris,DB,"Sacramento, Calif.",football,2026,38.5810606,-121.493895
Samuel Washington,DB,"Detroit, Mich.",football,2026,42.3315509,-83.0466403
Jorden Barnes,CB,"Nashville, Tenn.",football,2026,36.1622767,-86.7742984
Colter Vela,DB,"Cumming, Ga.",football,2026,34.2073196,-84.1401926
"Emory ""Tre"" Jones III",DB,"Southfield, Mich.",football,2026,42.4733689,-83.2218731
Corban Hall,TE,"Waxhaw, N.C.",football,2026,34.9248125,-80.7440174
Kyle Meier,TE,"Whitesboro, N.Y.",football,2026,43.1218393,-75.2911438
Charlie Broom,,"Hertfordshire, England",mens-tennis,2016,51.8400523,-0.0978552
Roko Glasnovic,,"Zagreb, Croatia",mens-tennis,2016,45.8130967,15.9772795
David Horneffer,,"Brookfield, Wis.",mens-tennis,2016,43.0615578,-88.1260678
Eddie Grabill,,"Hinsdale, Ill.",mens-tennis,2016,41.8024604,-87.9299841
Joey Haig,,"Chestnut Hill, Mass.",mens-tennis,2016,42.3234553,-71.1639439
Max Fliegner,,"Beverly Hills, Mich.",mens-tennis,2016,42.5226219,-83.241357
Paul Midgley,,"Ipswich, England",mens-tennis,2016,52.0579324,1.1528095
Diego Pedraza,,"Bogota, Colombia",mens-tennis,2016,4.6533817,-74.0836331
Ciro Riccardi,,"Los Angeles, Calif.",mens-tennis,2016,34.0536909,-118.242766
George Wall,,"Hope Island, Queensland",mens-tennis,2016,-27.8651137,153.357731
Max Fliegner,,"Beverly Hills, Mich.",mens-tennis,2017,42.5226219,-83.241357
Casey Ross,,"Denver, Colo.",mens-tennis,2017,39.7392364,-104.984862
Eddie Grabill,,"Hinsdale, Ill.",mens-tennis,2017,41.8024604,-87.9299841
Gilbert Jaeger,,"Stockholm, Sweden",mens-tennis,2017,59.3251172,18.0710935
Charlie Broom,,"Hertfordshire, England",mens-tennis,2017,51.8400523,-0.0978552
David Horneffer,,"Brookfield, Wis.",mens-tennis,2017,43.0615578,-88.1260678
Dan Martin,,"Laval, Quebec",mens-tennis,2017,45.605589,-73.7345601
John Speicher,,"Webster, N.Y.",mens-tennis,2017,43.212285,-77.429994
Paul Midgley,,"Ipswich, England",mens-tennis,2017,52.0579324,1.1528095
Roko Glasnovic,,"Zagreb, Croatia",mens-tennis,2017,45.8130967,15.9772795
Ciro Riccardi,,"Los Angeles, Calif.",mens-tennis,2017,34.0536909,-118.242766
Peter Conklin,,"Fairfield, Conn.",mens-tennis,2017,41.1412078,-73.2637258
Peter Conklin,,"Fairfield, Conn.",mens-tennis,2018,41.1412078,-73.2637258
David Horneffer,,"Brookfield, Wis.",mens-tennis,2018,43.0615578,-88.1260678
Charlie Broom,,"Hertfordshire, England",mens-tennis,2018,51.8400523,-0.0978552
Sid Chari,,"Saratoga, Calif.",mens-tennis,2018,37.2638324,-122.0230146
Dan Martin,,"Laval, Quebec",mens-tennis,2018,45.605589,-73.7345601
Pierce Widdecombe,,"Plymouth, England",mens-tennis,2018,50.3714122,-4.1424451
John Speicher,,"Webster, N.Y.",mens-tennis,2018,43.212285,-77.429994
Sacha Pritzker,,"Los Angeles, Calif.",mens-tennis,2018,34.0536909,-118.242766
Gilbert Jaeger,,"Stockholm, Sweden",mens-tennis,2018,59.3251172,18.0710935
Casey Ross,,"Denver, Colo.",mens-tennis,2018,39.7392364,-104.984862
Charlie Broom,,"Hertfordshire, England",mens-tennis,2019,51.8400523,-0.0978552
Sid Chari,,"Saratoga, Calif.",mens-tennis,2019,37.2638324,-122.0230146
Peter Conklin,,"Fairfield, Conn.",mens-tennis,2019,41.1412078,-73.2637258
Anders Gibbons,,"Seattle, Wash.",mens-tennis,2019,47.6038321,-122.330062
David Horneffer,,"Brookfield, Wis.",mens-tennis,2019,43.0615578,-88.1260678
Gilbert Jaeger,,"Stockholm, Sweden",mens-tennis,2019,59.3251172,18.0710935
Dan Martin,,"Laval, Quebec",mens-tennis,2019,45.605589,-73.7345601
Dominik Pauli,,"Zorneding, Germany",mens-tennis,2019,48.0848806,11.8276735
Sacha Pritzker,,"Los Angeles, Calif.",mens-tennis,2019,34.0536909,-118.242766
Alejandro Quiles,,"Las Vegas, Nev.",mens-tennis,2019,36.1674263,-115.1484131
Casey Ross,,"Denver, Colo.",mens-tennis,2019,39.7392364,-104.984862
John Speicher,,"Webster, N.Y.",mens-tennis,2019,43.212285,-77.429994
Pierce Widdecombe,,"Plymouth, England",mens-tennis,2019,50.3714122,-4.1424451
Gilbert Jaeger,,"Stockholm, Sweden",mens-tennis,2020,59.3251172,18.0710935
Dan Martin,,"Laval, Quebec",mens-tennis,2020,45.605589,-73.7345601
Logan Chang,,"Old Westbury, N.Y.",mens-tennis,2020,40.7887113,-73.5995717
Sid Chari,,"Saratoga, Calif.",mens-tennis,2020,37.2638324,-122.0230146
Peter Conklin,,"Fairfield, Conn.",mens-tennis,2020,41.1412078,-73.2637258
Anders Gibbons,,"Seattle, Wash.",mens-tennis,2020,47.6038321,-122.330062
Andy Ilie,,"Trumbull, Conn.",mens-tennis,2020,41.2428742,-73.2006687
Alejandro Quiles,,"Las Vegas, Nev.",mens-tennis,2020,36.1674263,-115.1484131
Casey Ross,,"Denver, Colo.",mens-tennis,2020,39.7392364,-104.984862
John Speicher,,"Webster, N.Y.",mens-tennis,2020,43.212285,-77.429994
Pierce Widdecombe,,"Plymouth, England",mens-tennis,2020,50.3714122,-4.1424451
Dominik Pauli,,"Zorneding, Germany",mens-tennis,2020,48.0848806,11.8276735
Sacha Pritzker,,"Los Angeles, Calif.",mens-tennis,2020,34.0536909,-118.242766
Carlos Guerrero Alvarez,,"Orihuela Costa, Spain",mens-tennis,2021,38.0794539,-0.9457207
Hikaru Takeda,,"Tokyo, Japan",mens-tennis,2021,35.6768601,139.7638947
Dominik Pauli,,"Zorneding, Germany",mens-tennis,2021,48.0848806,11.8276735
Anders Gibbons,,"Seattle, Wash.",mens-tennis,2021,47.6038321,-122.330062
Alex Knox-Jones,,"Dorchester, England",mens-tennis,2021,50.7132064,-2.4371229
Daniel Webb,,"London, England",mens-tennis,2021,51.5074456,-0.1277653
Alejandro Quiles,,"Las Vegas, Nev.",mens-tennis,2021,36.1674263,-115.1484131
Pierce Widdecombe,,"Plymouth, England",mens-tennis,2021,50.3714122,-4.1424451
Logan Chang,,"Old Westbury, N.Y.",mens-tennis,2021,40.7887113,-73.5995717
Andy Ilie,,"Trumbull, Conn.",mens-tennis,2021,41.2428742,-73.2006687
Logan Chang,,"Old Westbury, N.Y.",mens-tennis,2022,40.7887113,-73.5995717
Miles Groom,,"Buckinghamshire, England",mens-tennis,2022,51.840894,-0.8998074
Carlos Guerrero Alvarez,,"Orihuela Costa, Spain",mens-tennis,2022,38.0794539,-0.9457207
Alex Knox-Jones,,"Dorchester, England",mens-tennis,2022,50.7132064,-2.4371229
Waleed Qadir,,"Apex, N.C.",mens-tennis,2022,35.7325352,-78.8505516
Alejandro Quiles,,"Las Vegas, Nev.",mens-tennis,2022,36.1674263,-115.1484131
Henry Ren,,"Vancouver, British Columbia",mens-tennis,2022,49.2608724,-123.113952
Hikaru Takeda,,"Tokyo, Japan",mens-tennis,2022,35.6768601,139.7638947
Logan Chang,,"Old Westbury, N.Y.",mens-tennis,2023,40.7887113,-73.5995717
Yujiro Onuma,,"Cambridge, England",mens-tennis,2023,52.1975846,0.1391537
Miles Groom,,"Buckinghamshire, England",mens-tennis,2023,51.840894,-0.8998074
Carlos Guerrero Alvarez,,"Orihuela Costa, Spain",mens-tennis,2023,38.0794539,-0.9457207
Alex Knox-Jones,,"Dorchester, England",mens-tennis,2023,50.7132064,-2.4371229
Xander Barber,,"Portland, Maine",mens-tennis,2023,43.6573605,-70.2586618
Alejandro Quiles,,"Las Vegas, Nev.",mens-tennis,2023,36.1674263,-115.1484131
Henry Ren,,"Vancouver, British Columbia",mens-tennis,2023,49.2608724,-123.113952
Hikaru Takeda,,"Tokyo, Japan",mens-tennis,2023,35.6768601,139.7638947
Waleed Qadir,,"Apex, N.C.",mens-tennis,2023,35.7325352,-78.8505516
Zihao Yuan,,"Guangzhou, China",mens-tennis,2023,23.1288429,113.2589581
Leo Pade,,"Muenchen, Germany",mens-tennis,2024,48.1371079,11.5753822
Alex Knox-Jones,,"Dorchester, England",mens-tennis,2024,50.7132064,-2.4371229
Denny Bao,,"Vancouver, British Columbia",mens-tennis,2024,49.2608724,-123.113952
Hikaru Takeda,,"Tokyo, Japan",mens-tennis,2024,35.6768601,139.7638947
Yujiro Onuma,,"Cambridge, England",mens-tennis,2024,52.1975846,0.1391537
Zihao Yuan,,"Guangzhou, China",mens-tennis,2024,23.1288429,113.2589581
Waleed Qadir,,"Apex, N.C.",mens-tennis,2024,35.7325352,-78.8505516
Carlos Guerrero Alvarez,,"Orihuela Costa, Spain",mens-tennis,2024,38.0794539,-0.9457207
Henry Ren,,"Vancouver, British Columbia",mens-tennis,2024,49.2608724,-123.113952
Miles Groom,,"Buckinghamshire, England",mens-tennis,2024,51.840894,-0.8998074
Henry Ren,,"Vancouver, British Columbia",mens-tennis,2025,49.2608724,-123.113952
Leo Pade,,"Muenchen, Germany",mens-tennis,2025,48.1371079,11.5753822
Denny Bao,,"Vancouver, British Columbia",mens-tennis,2025,49.2608724,-123.113952
Yujiro Onuma,,"Cambridge, England",mens-tennis,2025,52.1975846,0.1391537
Adrian Treacy,,"South Orange, N.J.",mens-tennis,2025,40.7474966,-74.2635376
Miles Groom,,"Buckinghamshire, England",mens-tennis,2025,51.840894,-0.8998074
Waleed Qadir,,"Apex, N.C.",mens-tennis,2025,35.7325352,-78.8505516
Calvin Wang,,"Laguna Beach, Calif.",mens-tennis,2025,33.5426975,-117.785366
Malhar Patel,,"Memphis, Tenn.",mens-tennis,2025,35.146026,-90.0517786
Kornel Halmos,,"Budapest, Hungary",mens-tennis,2025,47.481849,19.1449053
Calvin Wang,,"Laguna Beach, Calif.",mens-tennis,2026,33.5426975,-117.785366
Denny Bao,,"Vancouver, British Columbia",mens-tennis,2026,49.2608724,-123.113952
Dillon Beckles,,"Austin, Texas",mens-tennis,2026,30.2711286,-97.7436995
Enrique Collar,,"Madrid, Spain",mens-tennis,2026,40.416782,-3.703507
Kornel Halmos,,"Budapest, Hungary",mens-tennis,2026,47.481849,19.1449053
Leo Pade,,"Muenchen, Germany",mens-tennis,2026,48.1371079,11.5753822
Puthi Pantaratorn,,"Bangkok, Thailand",mens-tennis,2026,13.7524938,100.4935089
Malhar Patel,,"Memphis, Tenn.",mens-tennis,2026,35.146026,-90.0517786
Adrian Treacy,,"South Orange, N.J.",mens-tennis,2026,40.7474966,-74.2635376
James Foye,G,"Hamilton, Mass.",mens-basketball,2016,42.6362052,-70.8431049
Ian Carter,F,"Los Angeles, Calif.",mens-basketball,2016,34.0536909,-118.242766
Taylor Johnson,G,"Fort Worth, Texas",mens-basketball,2016,32.753177,-97.3327459
Ian Sistare,G,"Dublin, N.H.",mens-basketball,2016,42.9059403,-72.061978
Mike Fleming,G,"Lake Forest, Ill.",mens-basketball,2016,42.2586461,-87.8407055
Evan Boudreaux,F,"Lake Forest, Ill.",mens-basketball,2016,42.2586461,-87.8407055
Guilien Smith,G,"Boston, Mass.",mens-basketball,2016,42.3588336,-71.0578303
Brendan Barry,G,"Fair Haven, N.J.",mens-basketball,2016,40.3606653,-74.0381947
Ike Ngwudo,F,"Baldwin, N.Y.",mens-basketball,2016,40.6534835,-73.6113502
Wesley Dickinson,F,"Bergenfield, N.J.",mens-basketball,2016,40.9275987,-73.9973608
Miles Wright,G,"Boston, Mass.",mens-basketball,2016,42.3588336,-71.0578303
Quinten Payne,G,"St. Charles, Ill.",mens-basketball,2016,41.9139808,-88.3128183
Will Emery,F,"San Francisco, Calif.",mens-basketball,2016,37.7879363,-122.4075201
Jonas Stakeliunas,F,"Klaipeda, Lithuania",mens-basketball,2016,55.7127529,21.1350469
Cole Harrison,C,"Brentwood, Tenn.",mens-basketball,2016,36.0325687,-86.7825235
Cameron Smith,G,"Bristow, Va.",mens-basketball,2016,38.7311636,-77.5480241
Joseph Cook,F,"Monrovia, Calif.",mens-basketball,2017,34.1483499,-118.0014517
Ben Swett,G,"Exeter, N.H.",mens-basketball,2017,42.981477,-70.9478343
Chris Knight,F,"Madison, Wis.",mens-basketball,2017,43.07469,-89.3841663
Miles Wright,G(C),"Boston, Mass.",mens-basketball,2017,42.3588336,-71.0578303
Adrease Jackson,F,"Santa Margarita, Calif.",mens-basketball,2017,35.3899734,-120.609057
Guilien Smith,G,"Boston, Mass.",mens-basketball,2017,42.3588336,-71.0578303
Aaryn Rai,G/F,"Markham, Ontario",mens-basketball,2017,43.8563707,-79.3376825
Ian Carter,F,"Los Angeles, Calif.",mens-basketball,2017,34.0536909,-118.242766
Cameron Smith,G,"Bristow, Va.",mens-basketball,2017,38.7311636,-77.5480241
James Foye,G,"Hamilton, Mass.",mens-basketball,2017,42.6362052,-70.8431049
Brendan Barry,G,"Fair Haven, N.J.",mens-basketball,2017,40.3606653,-74.0381947
Will Emery,F,"San Francisco, Calif.",mens-basketball,2017,37.7879363,-122.4075201
Ian Sistare,G,"Dublin, N.H.",mens-basketball,2017,42.9059403,-72.061978
Isaac Letoa,G,"Auckland, New Zealand",mens-basketball,2017,-36.852095,174.7631803
Taylor Johnson,G,"Fort Worth, Texas",mens-basketball,2017,32.753177,-97.3327459
James Foye,G,"Hamilton, Mass.",mens-basketball,2018,42.6362052,-70.8431049
Trevon Ary-Turner,G,"Issaquah, Wash.",mens-basketball,2018,47.5348778,-122.043297
Isaac Letoa,G,"Auckland, New Zealand",mens-basketball,2018,-36.852095,174.7631803
Taurus Samuels,G,"Oceanside, Calif.",mens-basketball,2018,33.1958696,-117.379483
Ian Sistare,G,"Dublin, N.H.",mens-basketball,2018,42.9059403,-72.061978
Wes Slajchert,G,"Oak Park, Calif.",mens-basketball,2018,34.1792025,-118.7619719
Will Emery,F,"San Francisco, Calif.",mens-basketball,2018,37.7879363,-122.4075201
Guilien Smith,G,"Boston, Mass.",mens-basketball,2018,42.3588336,-71.0578303
Ian Carter,F,"Los Angeles, Calif.",mens-basketball,2018,34.0536909,-118.242766
Chris Knight,F,"Madison, Wis.",mens-basketball,2018,43.07469,-89.3841663
Brendan Barry,G,"Fair Haven, N.J.",mens-basketball,2018,40.3606653,-74.0381947
Ben Swett,G,"Exeter, N.H.",mens-basketball,2018,42.981477,-70.9478343
Aaryn Rai,G/F,"Markham, Ontario",mens-basketball,2018,43.8563707,-79.3376825
Adrease Jackson,F,"Santa Margarita, Calif.",mens-basketball,2018,35.3899734,-120.609057
Garrison Wade,F,"Madison, Miss.",mens-basketball,2018,32.6308318,-90.0040817
Nate Ogbu,F,"Stone Mountain, Ga.",mens-basketball,2019,33.8062166,-84.1457505
Dame Adelekun,F,"Gastonia, N.C.",mens-basketball,2019,35.2622654,-81.1838186
Paul Hudson,F,"Charlotte, N.C.",mens-basketball,2019,35.2272086,-80.8430827
Garrison Wade,F,"Madison, Miss.",mens-basketball,2019,32.6308318,-90.0040817
Aaryn Rai,G/F,"Markham, Ontario",mens-basketball,2019,43.8563707,-79.3376825
Jayden Reaves,G,"New York, N.Y.",mens-basketball,2019,40.7127281,-74.0060152
Wes Slajchert,G,"Oak Park, Calif.",mens-basketball,2019,34.1792025,-118.7619719
Ian Carter,F,"Los Angeles, Calif.",mens-basketball,2019,34.0536909,-118.242766
Jackson Blaufeld,G,"Pittsburgh, Pa.",mens-basketball,2019,40.4406968,-80.0025666
Ben Swett,G,"Exeter, N.H.",mens-basketball,2019,42.981477,-70.9478343
James Foye,G,"Hamilton, Mass.",mens-basketball,2019,42.6362052,-70.8431049
Ian Sistare,G,"Dublin, N.H.",mens-basketball,2019,42.9059403,-72.061978
Trevon Ary-Turner,G,"Issaquah, Wash.",mens-basketball,2019,47.5348778,-122.043297
Brendan Barry,G,"Fair Haven, N.J.",mens-basketball,2019,40.3606653,-74.0381947
Isaac Letoa,G,"Auckland, New Zealand",mens-basketball,2019,-36.852095,174.7631803
Taurus Samuels,G,"Oceanside, Calif.",mens-basketball,2019,33.1958696,-117.379483
Cam Krystkowiak,F,"San Diego, Calif.",mens-basketball,2019,32.7157062,-117.1638284
Chris Knight,F,"Madison, Wis.",mens-basketball,2019,43.07469,-89.3841663
Jaren Johnson,G,"Lynwood, Calif.",mens-basketball,2020,33.924831,-118.2024154
Izaiah Robinson,G,"Montclair, N.J.",mens-basketball,2020,40.8164458,-74.2210643
Nate Ogbu,F,"Stone Mountain, Ga.",mens-basketball,2020,33.8062166,-84.1457505
Dame Adelekun,F,"Gastonia, N.C.",mens-basketball,2020,35.2622654,-81.1838186
Dusan Neskovic,F,"Banja Luka, Bosnia and Herzegovina",mens-basketball,2020,44.7720845,17.1917651
Robert McRae III,G,"Inglewood, Calif.",mens-basketball,2020,33.9562003,-118.353132
Ben Swett,G,"Exeter, N.H.",mens-basketball,2020,42.981477,-70.9478343
Chris Knight,F,"Madison, Wis.",mens-basketball,2020,43.07469,-89.3841663
Taurus Samuels,G,"Oceanside, Calif.",mens-basketball,2020,33.1958696,-117.379483
Wes Slajchert,G,"Oak Park, Calif.",mens-basketball,2020,34.1792025,-118.7619719
Cam Krystkowiak,F,"San Diego, Calif.",mens-basketball,2020,32.7157062,-117.1638284
Garrison Wade,F,"Madison, Miss.",mens-basketball,2020,32.6308318,-90.0040817
Aaryn Rai,F,"Markham, Ontario",mens-basketball,2020,43.8563707,-79.3376825
Jackson Blaufeld,G,"Pittsburgh, Pa.",mens-basketball,2020,40.4406968,-80.0025666
Paul Hudson,F,"Charlotte, N.C.",mens-basketball,2020,35.2272086,-80.8430827
Jayden Reaves,G,"New York, N.Y.",mens-basketball,2020,40.7127281,-74.0060152
Cade Haskins,F,"Minneapolis, Minn.",mens-basketball,2021,44.9772995,-93.2654692
Wes Slajchert,G,"Oak Park, Calif.",mens-basketball,2021,34.1792025,-118.7619719
Cam Krystkowiak,F,"San Diego, Calif.",mens-basketball,2021,32.7157062,-117.1638284
Brendan Barry,G,"Fair Haven, N.J.",mens-basketball,2021,40.3606653,-74.0381947
Taurus Samuels,G,"Oceanside, Calif.",mens-basketball,2021,33.1958696,-117.379483
Aaryn Rai,F,"Markham, Ontario",mens-basketball,2021,43.8563707,-79.3376825
Nate Ogbu,F,"Stone Mountain, Ga.",mens-basketball,2021,33.8062166,-84.1457505
Robert McRae III,G,"Inglewood, Calif.",mens-basketball,2021,33.9562003,-118.353132
Romeo Myrthil,G,"Solna, Sweden",mens-basketball,2021,59.366667,18.016667
Jackson Blaufeld,G,"Pittsburgh, Pa.",mens-basketball,2021,40.4406968,-80.0025666
Garrison Wade,F,"Madison, Miss.",mens-basketball,2021,32.6308318,-90.0040817
Dusan Neskovic,F,"Banja Luka, Bosnia and Herzegovina",mens-basketball,2021,44.7720845,17.1917651
Nikola Dimitrijevic,F,"Belgrade, Serbia",mens-basketball,2021,44.8153318,20.4456588
Izaiah Robinson,G,"Montclair, N.J.",mens-basketball,2021,40.8164458,-74.2210643
Jayden Reaves,G,"New York, N.Y.",mens-basketball,2021,40.7127281,-74.0060152
Ryan Cornish,G,"Potomac, Md.",mens-basketball,2021,39.0180508,-77.1956331
Paul Hudson,F,"Charlotte, N.C.",mens-basketball,2021,35.2272086,-80.8430827
Connor Christensen,F,"Eden Prairie, Minn.",mens-basketball,2021,44.8546856,-93.470786
Jaren Johnson,G,"Lynwood, Calif.",mens-basketball,2021,33.924831,-118.2024154
Dame Adelekun,F,"Gastonia, N.C.",mens-basketball,2021,35.2622654,-81.1838186
Jackson Munro,F,"Wilmette, Ill.",mens-basketball,2022,42.076066,-87.7115555
Cam Krystkowiak,F(C),"San Diego, Calif.",mens-basketball,2022,32.7157062,-117.1638284
Izaiah Robinson,G,"Montclair, N.J.",mens-basketball,2022,40.8164458,-74.2210643
Dame Adelekun,F(C),"Gastonia, N.C.",mens-basketball,2022,35.2622654,-81.1838186
Ryan Cornish,G,"Potomac, Md.",mens-basketball,2022,39.0180508,-77.1956331
Romeo Myrthil,G,"Solna, Sweden",mens-basketball,2022,59.366667,18.016667
Jaren Johnson,G,"Lynwood, Calif.",mens-basketball,2022,33.924831,-118.2024154
Robert McRae III,G,"Inglewood, Calif.",mens-basketball,2022,33.9562003,-118.353132
Dusan Neskovic,F,"Banja Luka, Bosnia and Herzegovina",mens-basketball,2022,44.7720845,17.1917651
Nikola Dimitrijevic,F,"Belgrade, Serbia",mens-basketball,2022,44.8153318,20.4456588
Brandon Mitchell-Day,F,"St. Louis, Mo.",mens-basketball,2022,38.6254063,-90.190009
Connor Christensen,F,"Eden Prairie, Minn.",mens-basketball,2022,44.8546856,-93.470786
Paul Hudson,F,"Charlotte, N.C.",mens-basketball,2022,35.2272086,-80.8430827
Jayden Williams,F,"Windermere, Fla.",mens-basketball,2022,28.4944695,-81.5345547
Nate Ogbu,F,"Stone Mountain, Ga.",mens-basketball,2022,33.8062166,-84.1457505
Cade Haskins,F,"Minneapolis, Minn.",mens-basketball,2022,44.9772995,-93.2654692
Jackson Blaufeld,G(C),"Pittsburgh, Pa.",mens-basketball,2022,40.4406968,-80.0025666
Nikola Dimitrijevic,F,"Belgrade, Serbia",mens-basketball,2023,44.8153318,20.4456588
Nikola Abusara,G,"Chicago, Ill.",mens-basketball,2023,41.8755616,-87.6244212
Robert McRae III,G,"Inglewood, Calif.",mens-basketball,2023,33.9562003,-118.353132
Brandon Mitchell-Day,F,"St. Louis, Mo.",mens-basketball,2023,38.6254063,-90.190009
Romeo Myrthil,G,"Solna, Sweden",mens-basketball,2023,59.366667,18.016667
Jayden Williams,F,"Windermere, Fla.",mens-basketball,2023,28.4944695,-81.5345547
Jackson Munro,F,"Wilmette, Ill.",mens-basketball,2023,42.076066,-87.7115555
Dusan Neskovic,F,"Banja Luka, Bosnia and Herzegovina",mens-basketball,2023,44.7720845,17.1917651
Jaren Johnson,G,"Lynwood, Calif.",mens-basketball,2023,33.924831,-118.2024154
Ben Brown,G,"Manchester, England",mens-basketball,2023,53.4424618,-2.2324547
Patrick Tivnan Jr.,F,"Charlotte, N.C.",mens-basketball,2023,35.2272086,-80.8430827
Cade Haskins,F,"Minneapolis, Minn.",mens-basketball,2023,44.9772995,-93.2654692
Ryan Cornish,G,"Potomac, Md.",mens-basketball,2023,39.0180508,-77.1956331
Connor Christensen,F,"Eden Prairie, Minn.",mens-basketball,2023,44.8546856,-93.470786
Izaiah Robinson,G,"Montclair, N.J.",mens-basketball,2023,40.8164458,-74.2210643
Nikola Abusara,G,"Chicago, Ill.",mens-basketball,2024,41.8755616,-87.6244212
Brandon Mitchell-Day,F,"St. Louis, Mo.",mens-basketball,2024,38.6254063,-90.190009
Romeo Myrthil,G,"Solna, Sweden",mens-basketball,2024,59.366667,18.016667
Ryan Cornish,G,"Potomac, Md.",mens-basketball,2024,39.0180508,-77.1956331
Shanon Simango,F,"Maputo, Mozambique",mens-basketball,2024,-25.966213,32.56745
Jackson Munro,F,"Wilmette, Ill.",mens-basketball,2024,42.076066,-87.7115555
Jayden Williams,F,"Windermere, Fla.",mens-basketball,2024,28.4944695,-81.5345547
Cade Haskins,F,"Minneapolis, Minn.",mens-basketball,2024,44.9772995,-93.2654692
Ben Brown,G,"Manchester, England",mens-basketball,2024,53.4424618,-2.2324547
Nikola Dimitrijevic,F,"Belgrade, Serbia",mens-basketball,2024,44.8153318,20.4456588
Patrick Tivnan Jr.,F,"Charlotte, N.C.",mens-basketball,2024,35.2272086,-80.8430827
Connor Christensen,F,"Eden Prairie, Minn.",mens-basketball,2024,44.8546856,-93.470786
Cameron McNamee,G,"Mission Viejo, Calif.",mens-basketball,2024,33.5965685,-117.659405
Kareem Thomas,G,"Wilmington, Del.",mens-basketball,2024,39.7459468,-75.546589
Connor Amundsen,PG,"Fresno, Calif.",mens-basketball,2024,36.7394421,-119.78483
Kareem Thomas,G,"Wilmington, Del.",mens-basketball,2025,39.7459468,-75.546589
Khai Lockwood,PG,"Park City, Utah",mens-basketball,2025,40.6460921,-111.4979963
Cameron McNamee,G,"Mission Viejo, Calif.",mens-basketball,2025,33.5965685,-117.659405
Shanon Simango,F,"Maputo, Mozambique",mens-basketball,2025,-25.966213,32.56745
Jackson Munro,F,"Wilmette, Ill.",mens-basketball,2025,42.076066,-87.7115555
Connor Amundsen,PG,"Fresno, Calif.",mens-basketball,2025,36.7394421,-119.78483
Cam Hiatt,G,"Edmonds, Wash.",mens-basketball,2025,47.8105738,-122.3774952
Nikola Abusara,G,"Chicago, Ill.",mens-basketball,2025,41.8755616,-87.6244212
Jayden Williams,F,"Windermere, Fla.",mens-basketball,2025,28.4944695,-81.5345547
Anton Strelnikov,C,"Lake Zurich, Ill.",mens-basketball,2025,42.1969689,-88.0934108
Patrick Tivnan Jr.,F,"Charlotte, N.C.",mens-basketball,2025,35.2272086,-80.8430827
Brandon Mitchell-Day,F,"St. Louis, Mo.",mens-basketball,2025,38.6254063,-90.190009
Ben Brown,G,"Manchester, England",mens-basketball,2025,53.4424618,-2.2324547
Tyler Garrett,F,"Potomac, Md.",mens-basketball,2025,39.0180508,-77.1956331
Shanon Simango,F,"Maputo, Mozambique",mens-basketball,2026,-25.966213,32.56745
Nikola Abusara,G,"Chicago, Ill.",mens-basketball,2026,41.8755616,-87.6244212
Acen Jimenez,G,"Whittier, Calif.",mens-basketball,2026,33.9749136,-118.0338664
Ernas Valauskas,G,"Siauliai, Lithuania",mens-basketball,2026,55.9340823,23.3157775
Cam Hiatt,G,"Edmonds, Wash.",mens-basketball,2026,47.8105738,-122.3774952
Anton Strelnikov,C,"Lake Zurich, Ill.",mens-basketball,2026,42.1969689,-88.0934108
Dan Civello,C,"South Weymouth, Mass.",mens-basketball,2026,42.1547461,-70.9531903
Patrick Tivnan Jr.,F,"Charlotte, N.C.",mens-basketball,2026,35.2272086,-80.8430827
Cameron McNamee,G,"Mission Viejo, Calif.",mens-basketball,2026,33.5965685,-117.659405
Landon Williams,G,"Farmington Hills, Mich.",mens-basketball,2026,42.4853125,-83.3771553
CJ Aldrich III,G,"San Diego, Calif.",mens-basketball,2026,32.7157062,-117.1638284
Ben Brown,G,"Manchester, England",mens-basketball,2026,53.4424618,-2.2324547
Tyler Garrett,F,"Potomac, Md.",mens-basketball,2026,39.0180508,-77.1956331
Jake Pollack,F,"Deerfield, Ill.",mens-basketball,2026,42.1711365,-87.8445119
Sabrina Huett,F,"Plainfield, N.H.",womens-ice-hockey,2016,43.5344955,-72.3563296
Katy Ratty,F,"Northfield, Ill.",womens-ice-hockey,2016,42.09975,-87.7808967
Bailee Brekke,D,"Waddington, N.Y.",womens-ice-hockey,2016,44.86463,-75.204163
Devon Moir,F,"Toronto, Ontario",womens-ice-hockey,2016,43.6534817,-79.3839347
Robyn Chemago,G,"Slave Lake, Alberta",womens-ice-hockey,2016,55.2810741,-114.7717876
Christine Honor,G,"Mississauga, Ontario",womens-ice-hockey,2016,43.5884727,-79.643658
Emma Korbs,D,"Toronto, Ontario",womens-ice-hockey,2016,43.6534817,-79.3839347
Sara López-Wheeler,D,"Cambridge, Mass.",womens-ice-hockey,2016,42.3656347,-71.1040018
Morgan Turner,F,"Chicago, Ill.",womens-ice-hockey,2016,41.8755616,-87.6244212
Alyssa Baker,F,"Ottawa, Ontario",womens-ice-hockey,2016,45.4208777,-75.6901106
Kennedy Ottenbreit,F,"Grayson, Saskatchewan",womens-ice-hockey,2016,50.7200242,-102.6430165
Brooke Ahbe,F,"Centennial, Colo.",womens-ice-hockey,2016,39.579155,-104.8769227
Hailey Noronha,D,"Newmarket, Ontario",womens-ice-hockey,2016,44.056258,-79.461708
Shannon Ropp,G,"West Bloomfield, Mich.",womens-ice-hockey,2016,42.5684073,-83.3740333
Rose Falzone,F,"Nobleton, Ontario",womens-ice-hockey,2016,43.9022127,-79.652722
Cecilia Lopez,F,"Winnipeg, Manitoba",womens-ice-hockey,2016,49.8955367,-97.1384584
Mackenzie St. Onge,F,"Stowe, Vt.",womens-ice-hockey,2016,44.4643768,-72.6856197
Christina Rombaut,F,"Rothesay, New Brunswick",womens-ice-hockey,2016,45.3886223,-65.9963384
Sydney Hill,D,"Redvers, Saskatchewan",womens-ice-hockey,2016,49.5727567,-101.6979903
Caroline Shaunessy,D,"Duxbury, Mass.",womens-ice-hockey,2016,42.0417695,-70.672259
Tess Bracken,D,"Winnipeg, Manitoba",womens-ice-hockey,2016,49.8955367,-97.1384584
Kate Landers,F,"Chicago, Ill.",womens-ice-hockey,2016,41.8755616,-87.6244212
Eleni Tebano,D,"Glastonbury, Conn.",womens-ice-hockey,2016,41.7123218,-72.608146
Katerina Dajia,D,"Aurora, Ontario",womens-ice-hockey,2017,43.99973,-79.467545
Kate Landers,F,"Chicago, Ill.",womens-ice-hockey,2017,41.8755616,-87.6244212
Brooke Ahbe,F,"Centennial, Colo.",womens-ice-hockey,2017,39.579155,-104.8769227
Christine Honor,G,"Mississauga, Ontario",womens-ice-hockey,2017,43.5884727,-79.643658
Linda Essery,F,"Rockfall, Conn.",womens-ice-hockey,2017,41.5307248,-72.695896
Shannon Ropp,G,"West Bloomfield, Mich.",womens-ice-hockey,2017,42.5684073,-83.3740333
Hailey Noronha,D,"Newmarket, Ontario",womens-ice-hockey,2017,44.056258,-79.461708
Kayla Wormsbecher,G,"Mississauga, Ontario",womens-ice-hockey,2017,43.5884727,-79.643658
Rose Falzone,F,"Nobleton, Ontario",womens-ice-hockey,2017,43.9022127,-79.652722
Sydney Hill,F,"Redvers, Saskatchewan",womens-ice-hockey,2017,49.5727567,-101.6979903
Alyssa Baker,F,"Ottawa, Ontario",womens-ice-hockey,2017,45.4208777,-75.6901106
Megan Cornell,D,"Bloomington, Minn.",womens-ice-hockey,2017,44.8322405,-93.3204872
Christina Rombaut,F,"Rothesay, New Brunswick",womens-ice-hockey,2017,45.3886223,-65.9963384
Caroline Shaunessy,D,"Duxbury, Mass.",womens-ice-hockey,2017,42.0417695,-70.672259
Sabrina Huett,F,"Plainfield, N.H.",womens-ice-hockey,2017,43.5344955,-72.3563296
Tess Bracken,D,"Winnipeg, Manitoba",womens-ice-hockey,2017,49.8955367,-97.1384584
Bailee Brekke,D,"Waddington, N.Y.",womens-ice-hockey,2017,44.86463,-75.204163
Morgan Turner,F,"Chicago, Ill.",womens-ice-hockey,2017,41.8755616,-87.6244212
Jennifer Costa,F,"Pawtucket, R.I.",womens-ice-hockey,2017,41.8789531,-71.3821203
Taylor Matherson,D,"Walpole, Mass.",womens-ice-hockey,2017,42.1459019,-71.2538759
Emily McLaughlin,F,"Eden Prairie, Minn.",womens-ice-hockey,2017,44.8546856,-93.470786
Sara McClanahan,F,"Wayzata, Minn.",womens-ice-hockey,2018,44.970759,-93.511947
Emily McLaughlin,F,"Eden Prairie, Minn.",womens-ice-hockey,2018,44.8546856,-93.470786
Christina Rombaut,F,"Rothesay, New Brunswick",womens-ice-hockey,2018,45.3886223,-65.9963384
Megan Cornell,D,"Bloomington, Minn.",womens-ice-hockey,2018,44.8322405,-93.3204872
Caroline Shaunessy,D,"Duxbury, Mass.",womens-ice-hockey,2018,42.0417695,-70.672259
Linda Essery,F,"Rockfall, Conn.",womens-ice-hockey,2018,41.5307248,-72.695896
Givanna Foglia,D,"Tinton Falls, N.J.",womens-ice-hockey,2018,40.2890734,-74.0927967
Sydney Hill,F/D,"Redvers, Saskatchewan",womens-ice-hockey,2018,49.5727567,-101.6979903
Bailee Brekke,D,"Waddington, N.Y.",womens-ice-hockey,2018,44.86463,-75.204163
Alyssa Baker,F,"Ottawa, Ontario",womens-ice-hockey,2018,45.4208777,-75.6901106
Gabby Billing,F,"Corcoran, Minn.",womens-ice-hockey,2018,45.0951069,-93.5475651
Jennifer Costa,F,"Pawtucket, R.I.",womens-ice-hockey,2018,41.8789531,-71.3821203
Brooke Schroeder,D,"Bayfield, Ontario",womens-ice-hockey,2018,43.5609982,-81.6959031
Kayla Wormsbecher,G,"Mississauga, Ontario",womens-ice-hockey,2018,43.5884727,-79.643658
Lotti Odnoga,D,"Györ, Hungary",womens-ice-hockey,2018,47.6835029,17.6342832
Chloe Puddifant,F,"Calgary, Alberta",womens-ice-hockey,2018,51.0456064,-114.057541
Shannon Ropp,G,"West Bloomfield, Mich.",womens-ice-hockey,2018,42.5684073,-83.3740333
Rose Falzone,F,"Nobleton, Ontario",womens-ice-hockey,2018,43.9022127,-79.652722
Katerina Dajia,D,"Aurora, Ontario",womens-ice-hockey,2018,43.99973,-79.467545
Jess Forcey,F,"London, Ontario",womens-ice-hockey,2018,42.9836747,-81.2496068
Tess Bracken,F,"Winnipeg, Manitoba",womens-ice-hockey,2018,49.8955367,-97.1384584
Kate Landers,F,"Chicago, Ill.",womens-ice-hockey,2018,41.8755616,-87.6244212
Christine Honor,G,"Mississauga, Ontario",womens-ice-hockey,2018,43.5884727,-79.643658
Catherine Trevors,F,"Oakville, Ontario",womens-ice-hockey,2019,43.447436,-79.666672
Charlie Plumb,G,"Sag Harbor, N.Y.",womens-ice-hockey,2019,40.9978727,-72.2922292
Brooke Schroeder,D,"Bayfield, Ontario",womens-ice-hockey,2019,43.5609982,-81.6959031
Lotti Odnoga,D,"Györ, Hungary",womens-ice-hockey,2019,47.6835029,17.6342832
Sydney Hill,F/D,"Redvers, Saskatchewan",womens-ice-hockey,2019,49.5727567,-101.6979903
Jess Forcey,F,"London, Ontario",womens-ice-hockey,2019,42.9836747,-81.2496068
Hann Humphreys,G,"Chevy Chase, Md.",womens-ice-hockey,2019,38.9813699,-77.0849245
Currie Putrah,F,"Faribault, Minn.",womens-ice-hockey,2019,43.6647961,-93.9510501
Katerina Dajia,D,"Aurora, Ontario",womens-ice-hockey,2019,43.99973,-79.467545
Gabby Billing,F,"Corcoran, Minn.",womens-ice-hockey,2019,45.0951069,-93.5475651
Kayla Wormsbecher,G,"Mississauga, Ontario",womens-ice-hockey,2019,43.5884727,-79.643658
Emily McLaughlin,F,"Eden Prairie, Minn.",womens-ice-hockey,2019,44.8546856,-93.470786
Christina Rombaut,F,"Rothesay, New Brunswick",womens-ice-hockey,2019,45.3886223,-65.9963384
Celine Pietraszek,F,"Colorado Springs, Colo.",womens-ice-hockey,2019,38.8339578,-104.825348
Megan Cornell,D,"Bloomington, Minn.",womens-ice-hockey,2019,44.8322405,-93.3204872
CC Bowlby,F,"Edina, Minn.",womens-ice-hockey,2019,44.8897027,-93.3501222
Georgia Kraus,F,"West Hartford, Conn.",womens-ice-hockey,2019,41.7620447,-72.7420399
Jennifer Costa,F,"Pawtucket, R.I.",womens-ice-hockey,2019,41.8789531,-71.3821203
Givanna Foglia,D,"Tinton Falls, N.J.",womens-ice-hockey,2019,40.2890734,-74.0927967
Bailee Brekke,D,"Waddington, N.Y.",womens-ice-hockey,2019,44.86463,-75.204163
Sara McClanahan,F,"Wayzata, Minn.",womens-ice-hockey,2019,44.970759,-93.511947
Jenna Donohue,F,"South Salem, N.Y.",womens-ice-hockey,2020,41.2738221,-73.5561711
Katerina Dajia,D,"Aurora, Ontario",womens-ice-hockey,2020,43.99973,-79.467545
Brooke Schroeder,D,"Bayfield, Ontario",womens-ice-hockey,2020,43.5609982,-81.6959031
Georgia Kraus,F,"West Hartford, Conn.",womens-ice-hockey,2020,41.7620447,-72.7420399
Lotti Odnoga,D,"Györ, Hungary",womens-ice-hockey,2020,47.6835029,17.6342832
Catherine Trevors,F,"Oakville, Ontario",womens-ice-hockey,2020,43.447436,-79.666672
Tiffany Hill,F,"Dartmouth, N.S.",womens-ice-hockey,2020,44.6799707,-63.5720232
Annie King,D,"Regina, Sask.",womens-ice-hockey,2020,50.4479733,-104.6158764
Hann Humphreys,G,"Chevy Chase, Md.",womens-ice-hockey,2020,38.9813699,-77.0849245
Kayla Wormsbecher,G,"Mississauga, Ontario",womens-ice-hockey,2020,43.5884727,-79.643658
Sara McClanahan,F,"Wayzata, Minn.",womens-ice-hockey,2020,44.970759,-93.511947
Megan Cornell,D,"Bloomington, Minn.",womens-ice-hockey,2020,44.8322405,-93.3204872
Abby Grexton,F,"Thornbury, Ontario",womens-ice-hockey,2020,44.5618428,-80.4528539
Sophie Robinson,D,"Baxter, Minn.",womens-ice-hockey,2020,46.3433005,-94.286666
Jennifer Costa,F,"Pawtucket, R.I.",womens-ice-hockey,2020,41.8789531,-71.3821203
Currie Putrah,F,"Faribault, Minn.",womens-ice-hockey,2020,43.6647961,-93.9510501
Gabby Billing,F,"Corcoran, Minn.",womens-ice-hockey,2020,45.0951069,-93.5475651
Givanna Foglia,D,"Tinton Falls, N.J.",womens-ice-hockey,2020,40.2890734,-74.0927967
CC Bowlby,F,"Edina, Minn.",womens-ice-hockey,2020,44.8897027,-93.3501222
Emily McLaughlin,F,"Eden Prairie, Minn.",womens-ice-hockey,2020,44.8546856,-93.470786
Celine Pietraszek,F,"Colorado Springs, Colo.",womens-ice-hockey,2020,38.8339578,-104.825348
Kenzie Bachelor,D,"Shakopee, Minn.",womens-ice-hockey,2021,44.7980186,-93.5268986
Hann Humphreys,G,"Chevy Chase, Md.",womens-ice-hockey,2021,38.9813699,-77.0849245
Laura Fuoco,F,"Mississauga, Ont.",womens-ice-hockey,2021,43.5884727,-79.643658
Currie Putrah,F,"Faribault, Minn.",womens-ice-hockey,2021,43.6647961,-93.9510501
Lotti Odnoga,D,"Györ, Hungary",womens-ice-hockey,2021,47.6835029,17.6342832
Maggie Emerson,G,"Belmont, Mass.",womens-ice-hockey,2021,42.3959296,-71.1786655
Catherine Trevors,F,"Oakville, Ontario",womens-ice-hockey,2021,43.447436,-79.666672
Celine Pietraszek,F,"Colorado Springs, Colo.",womens-ice-hockey,2021,38.8339578,-104.825348
Caroline Appleyard,F,"Rye, N.Y.",womens-ice-hockey,2021,40.9821371,-73.6840902
Abby Grexton,F,"Thornbury, Ontario",womens-ice-hockey,2021,44.5618428,-80.4528539
Brooke Schroeder,D,"Bayfield, Ontario",womens-ice-hockey,2021,43.5609982,-81.6959031
Gabby Billing,F,"Corcoran, Minn.",womens-ice-hockey,2021,45.0951069,-93.5475651
CC Bowlby,F,"Edina, Minn.",womens-ice-hockey,2021,44.8897027,-93.3501222
Jenna Donohue,F,"South Salem, N.Y.",womens-ice-hockey,2021,41.2738221,-73.5561711
Georgia Kraus,F,"West Hartford, Conn.",womens-ice-hockey,2021,41.7620447,-72.7420399
Sophie Robinson,D,"Baxter, Minn.",womens-ice-hockey,2021,46.3433005,-94.286666
Lauren Messier,F,"Burlington, Ont.",womens-ice-hockey,2021,43.3248924,-79.7966835
Sydney Herrington,F,"Bow, N.H.",womens-ice-hockey,2021,43.133061,-71.549149
Kate McDermott,F,"Duxbury, Mass.",womens-ice-hockey,2021,42.0417695,-70.672259
Tiffany Hill,F,"Dartmouth, N.S.",womens-ice-hockey,2021,44.6799707,-63.5720232
Annie King,D,"Regina, Sask.",womens-ice-hockey,2021,50.4479733,-104.6158764
Maggie Emerson,G,"Belmont, Mass.",womens-ice-hockey,2022,42.3959296,-71.1786655
Carlie Primomo,F,"Toronto, Ontario",womens-ice-hockey,2022,43.6534817,-79.3839347
Caroline Appleyard,D,"Rye, N.Y.",womens-ice-hockey,2022,40.9821371,-73.6840902
Meredith Jensen,D,"Lakeville, Minn.",womens-ice-hockey,2022,44.650051,-93.2432791
Currie Putrah,F,"Faribault, Minn.",womens-ice-hockey,2022,43.6647961,-93.9510501
Izee Powell,D,"Oxford, Ohio",womens-ice-hockey,2022,39.5103048,-84.7420519
Annie King,D,"Regina, Sask.",womens-ice-hockey,2022,50.4479733,-104.6158764
Kenzie Bachelor,D,"Shakopee, Minn.",womens-ice-hockey,2022,44.7980186,-93.5268986
Vanessa Stamper,F,"Bloomfield Hills, Mich.",womens-ice-hockey,2022,42.583645,-83.2454883
Shae Messner,F,"Mound, Minn.",womens-ice-hockey,2022,44.9366295,-93.6660719
Jenna Donohue,F,"South Salem, N.Y.",womens-ice-hockey,2022,41.2738221,-73.5561711
Tiffany Hill,F,"Dartmouth, N.S.",womens-ice-hockey,2022,44.6799707,-63.5720232
Abby Grexton,F,"Thornbury, Ontario",womens-ice-hockey,2022,44.5618428,-80.4528539
Elle Sullivan,G,"Shrewsbury, Mass.",womens-ice-hockey,2022,42.2960187,-71.71351
Lauren Messier,F,"Burlington, Ont.",womens-ice-hockey,2022,43.3248924,-79.7966835
CC Bowlby,F,"Edina, Minn.",womens-ice-hockey,2022,44.8897027,-93.3501222
Celine Pietraszek,F,"Colorado Springs, Colo.",womens-ice-hockey,2022,38.8339578,-104.825348
Laura Fuoco,F,"Mississauga, Ont.",womens-ice-hockey,2022,43.5884727,-79.643658
Maura Fiorenza,D,"Wilmington, Mass.",womens-ice-hockey,2022,42.5464828,-71.1736669
Georgia Kraus,F,"West Hartford, Conn.",womens-ice-hockey,2022,41.7620447,-72.7420399
Cally Dixon,F,"Woodbridge, Conn.",womens-ice-hockey,2022,41.3531983,-73.0114935
Sophie Robinson,D,"Baxter, Minn.",womens-ice-hockey,2022,46.3433005,-94.286666
Sydney Herrington,F,"Bow, N.H.",womens-ice-hockey,2022,43.133061,-71.549149
Kate McDermott,F,"Duxbury, Mass.",womens-ice-hockey,2022,42.0417695,-70.672259
Eleanor Rogers,G,"Locust Valley, N.Y.",womens-ice-hockey,2023,40.8775225,-73.5723052
Mia Buonarosa,F,"Reading, Mass.",womens-ice-hockey,2023,42.5260297,-71.1020262
Cally Dixon,F,"Woodbridge, Conn.",womens-ice-hockey,2023,41.3531983,-73.0114935
Jenna Donohue,F,"South Salem, N.Y.",womens-ice-hockey,2023,41.2738221,-73.5561711
Laura Fuoco,F,"Mississauga, Ont.",womens-ice-hockey,2023,43.5884727,-79.643658
Izee Powell,D,"Oxford, Ohio",womens-ice-hockey,2023,39.5103048,-84.7420519
Hamilton Doster,F,"Bedford Hills, N.Y.",womens-ice-hockey,2023,41.2351255,-73.6863002
Dayton O'Donoghue,F,"Toronto, Ont.",womens-ice-hockey,2023,43.6534817,-79.3839347
Olivia Paidosh,D,"Mound, Minn.",womens-ice-hockey,2023,44.9366295,-93.6660719
Shae Messner,F,"Mound, Minn.",womens-ice-hockey,2023,44.9366295,-93.6660719
Sophie Robinson,D(C),"Baxter, Minn.",womens-ice-hockey,2023,46.3433005,-94.286666
Lauren Messier,F(C),"Burlington, Ont.",womens-ice-hockey,2023,43.3248924,-79.7966835
Maura Fiorenza,D,"Wilmington, Mass.",womens-ice-hockey,2023,42.5464828,-71.1736669
Meredith Jensen,F,"Lakeville, Minn.",womens-ice-hockey,2023,44.650051,-93.2432791
Anne Averill,D,"Wayland, Mass.",womens-ice-hockey,2023,42.3632063,-71.3606721
Kenzie Bachelor,D,"Shakopee, Minn.",womens-ice-hockey,2023,44.7980186,-93.5268986
Hann Humphreys,G,"Chevy Chase, Md.",womens-ice-hockey,2023,38.9813699,-77.0849245
Tiffany Hill,F,"Dartmouth, N.S.",womens-ice-hockey,2023,44.6799707,-63.5720232
Ellie Morrison,F,"Hopkins, Minn.",womens-ice-hockey,2023,44.9243986,-93.4114487
Annie King,D,"Regina, Sask.",womens-ice-hockey,2023,50.4479733,-104.6158764
Caroline Appleyard,D,"Rye, N.Y.",womens-ice-hockey,2023,40.9821371,-73.6840902
Vanessa Stamper,F,"Bloomfield Hills, Mich.",womens-ice-hockey,2023,42.583645,-83.2454883
Sydney Vandenberg,F,"Dorchester, Ont.",womens-ice-hockey,2023,42.9886863,-81.0586953
Mia Buonarosa,F,"Reading, Mass.",womens-ice-hockey,2024,42.5260297,-71.1020262
Laura Fuoco,F,"Mississauga, Ont.",womens-ice-hockey,2024,43.5884727,-79.643658
Bridget Pringle,F,"Clayton, Ont.",womens-ice-hockey,2024,45.1915717,-76.3264108
Olivia Paidosh,D,"Mound, Minn.",womens-ice-hockey,2024,44.9366295,-93.6660719
Michaela Hesová,G,"Prague, Czech Republic",womens-ice-hockey,2024,50.0874654,14.4212535
Jiahui Zhan,G,"Beijing, China",womens-ice-hockey,2024,39.9057136,116.3912972
Sydney Vandenberg,F,"Dorchester, Ont.",womens-ice-hockey,2024,42.9886863,-81.0586953
Vanessa Stamper,F,"Bloomfield Hills, Mich.",womens-ice-hockey,2024,42.583645,-83.2454883
Kenzie Bachelor,D,"Shakopee, Minn.",womens-ice-hockey,2024,44.7980186,-93.5268986
Ellie Morrison,F,"Hopkins, Minn.",womens-ice-hockey,2024,44.9243986,-93.4114487
Hailey Maguire,D,"Whitby, Ont.",womens-ice-hockey,2024,43.87982,-78.9421751
Meredith Jensen,F,"Lakeville, Minn.",womens-ice-hockey,2024,44.650051,-93.2432791
Lauren Messier,F,"Burlington, Ont.",womens-ice-hockey,2024,43.3248924,-79.7966835
Anne Averill,D,"Wayland, Mass.",womens-ice-hockey,2024,42.3632063,-71.3606721
Eleanor Rogers,G,"Locust Valley, N.Y.",womens-ice-hockey,2024,40.8775225,-73.5723052
Izee Powell,D,"Oxford, Ohio",womens-ice-hockey,2024,39.5103048,-84.7420519
Shae Messner,F,"Mound, Minn.",womens-ice-hockey,2024,44.9366295,-93.6660719
Dayton O'Donoghue,F,"Toronto, Ont.",womens-ice-hockey,2024,43.6534817,-79.3839347
Ella Inglis,F,"Pickering, Ont.",womens-ice-hockey,2024,43.835765,-79.090576
Hamilton Doster,F,"Bedford Hills, N.Y.",womens-ice-hockey,2024,41.2351255,-73.6863002
Cally Dixon,F,"Woodbridge, Conn.",womens-ice-hockey,2024,41.3531983,-73.0114935
Caroline Appleyard,D,"Rye, N.Y.",womens-ice-hockey,2024,40.9821371,-73.6840902
Sydney Putrah,D,"Faribault, Minn.",womens-ice-hockey,2024,43.6647961,-93.9510501
Maura Fiorenza,D,"Wilmington, Mass.",womens-ice-hockey,2024,42.5464828,-71.1736669
Anne Averill,D,"Wayland, Mass.",womens-ice-hockey,2025,42.3632063,-71.3606721
Nikita Danchak,D,"Westport, Conn.",womens-ice-hockey,2025,41.1414855,-73.3578955
Jiahui Zhan,G,"Beijing, China",womens-ice-hockey,2025,39.9057136,116.3912972
Hamilton Doster,F,"Bedford Hills, N.Y.",womens-ice-hockey,2025,41.2351255,-73.6863002
Ella Inglis,F,"Pickering, Ont.",womens-ice-hockey,2025,43.835765,-79.090576
Sophia Chard,F,"Burlington, Ont.",womens-ice-hockey,2025,43.3248924,-79.7966835
Olivia Paidosh,D,"Mound, Minn.",womens-ice-hockey,2025,44.9366295,-93.6660719
Vanessa Stamper,F,"Bloomfield Hills, Mich.",womens-ice-hockey,2025,42.583645,-83.2454883
Cally Dixon,F,"Woodbridge, Conn.",womens-ice-hockey,2025,41.3531983,-73.0114935
Meredith Jensen,D,"Lakeville, Minn.",womens-ice-hockey,2025,44.650051,-93.2432791
Sydney Vandenberg,F,"Dorchester, Ont.",womens-ice-hockey,2025,42.9886863,-81.0586953
Bridget Pringle,F,"Clayton, Ont.",womens-ice-hockey,2025,45.1915717,-76.3264108
Maura Fiorenza,D,"Wilmington, Mass.",womens-ice-hockey,2025,42.5464828,-71.1736669
Eleanor Rogers,G,"Locust Valley, N.Y.",womens-ice-hockey,2025,40.8775225,-73.5723052
Miami Jones,D,"San Diego, Calif.",womens-ice-hockey,2025,32.7157062,-117.1638284
Izee Powell,D,"Oxford, Ohio",womens-ice-hockey,2025,39.5103048,-84.7420519
Shae Messner,F,"Mound, Minn.",womens-ice-hockey,2025,44.9366295,-93.6660719
Brielle Kelly-Paquet,F,"Kelowna, British Columbia",womens-ice-hockey,2025,49.8879177,-119.495902
Sydney Putrah,D,"Faribault, Minn.",womens-ice-hockey,2025,43.6647961,-93.9510501
Hailey Maguire,D,"Whitby, Ont.",womens-ice-hockey,2025,43.87982,-78.9421751
Mia Buonarosa,F,"Reading, Mass.",womens-ice-hockey,2025,42.5260297,-71.1020262
Dayton O'Donoghue,F,"Toronto, Ont.",womens-ice-hockey,2025,43.6534817,-79.3839347
Kenzington Lehman,F,"Ottawa, Ont.",womens-ice-hockey,2025,45.4208777,-75.6901106
Michaela Hesová,G,"Prague, Czech Republic",womens-ice-hockey,2025,50.0874654,14.4212535
Ellie Zakrajsheck,F,"Golden Valley, Minn.",womens-ice-hockey,2026,44.9861176,-93.3784618
Addy Cowan,F,"Prior Lake, Minn.",womens-ice-hockey,2026,44.7133271,-93.4226873
Sydney Vandenberg,F,"Dorchester, Ont.",womens-ice-hockey,2026,42.9886863,-81.0586953
Ella Inglis,F,"Pickering, Ont.",womens-ice-hockey,2026,43.835765,-79.090576
Michaela Hesová,G,"Prague, Czech Republic",womens-ice-hockey,2026,50.0874654,14.4212535
Ava Giroux,F,"St. Alban's, Vt.",womens-ice-hockey,2026,44.8107911,-73.0833607
Kayla Gerson,F,"Ithaca, N.Y.",womens-ice-hockey,2026,42.4374175,-76.5483724
Hailey Maguire,D,"Whitby, Ont.",womens-ice-hockey,2026,43.87982,-78.9421751
Olivia Paidosh,D,"Mound, Minn.",womens-ice-hockey,2026,44.9366295,-93.6660719
Kenzington Lehman,F,"Ottawa, Ont.",womens-ice-hockey,2026,45.4208777,-75.6901106
Bridget Pringle,F,"Clayton, Ont.",womens-ice-hockey,2026,45.1915717,-76.3264108
Cate McCoy,F,"Edina, Minn.",womens-ice-hockey,2026,44.8897027,-93.3501222
Dayton O'Donoghue,F,"Toronto, Ont.",womens-ice-hockey,2026,43.6534817,-79.3839347
Anne Averill,D,"Wayland, Mass.",womens-ice-hockey,2026,42.3632063,-71.3606721
Brielle Kelly-Paquet,F,"Kelowna, British Columbia",womens-ice-hockey,2026,49.8879177,-119.495902
Miami Jones,D,"San Diego, Calif.",womens-ice-hockey,2026,32.7157062,-117.1638284
Sophia Chard,F,"Burlington, Ont.",womens-ice-hockey,2026,43.3248924,-79.7966835
Sophia Busa,F,"Huntington, N.Y.",womens-ice-hockey,2026,40.868154,-73.425676
Nikita Danchak,D,"Westport, Conn.",womens-ice-hockey,2026,41.1414855,-73.3578955
Hamilton Doster,F,"Bedford Hills, N.Y.",womens-ice-hockey,2026,41.2351255,-73.6863002
Marissa Gloyns,D,"Stouffville, Ont.",womens-ice-hockey,2026,43.9717581,-79.2454446
Mia Buonarosa,F,"Reading, Mass.",womens-ice-hockey,2026,42.5260297,-71.1020262
Rebecca Langenegger,D,"Cordast, Switzerland",womens-ice-hockey,2026,46.8756322,7.1484443
Eleanor Rogers,G,"Locust Valley, N.Y.",womens-ice-hockey,2026,40.8775225,-73.5723052
Janie McGawn,G,"Edina, Minn.",womens-ice-hockey,2026,44.8897027,-93.3501222
Sydney Putrah,D,"Faribault, Minn.",womens-ice-hockey,2026,43.6647961,-93.9510501
