name,position,hometown,sport,year,latitude,longitude
Erin Lo,,"Philadelphia, Pa.",womens-golf,2016,39.9527237,-75.1635262
Yubin Huh,,"San Diego, Calif.",womens-golf,2016,32.7157062,-117.1638284
Rachel Dai,,"Milton, Ga.",womens-golf,2016,34.1134001,-84.2693745
Sophia Chen,,"Thousand Oaks, Calif.",womens-golf,2016,34.1705609,-118.8375937
Tiffany Yau,,"Porter Ranch, Calif.",womens-golf,2016,34.2818164,-118.5612714
Michelle Yom,,"Torrance, Calif.",womens-golf,2016,33.8371392,-118.3413606
Janet Zhang,,"Richmond, B.C.",womens-golf,2016,49.163168,-123.137414
Christina Park,,"San Diego, Calif.",womens-golf,2016,32.7157062,-117.1638284
Isabella Rahm,,"Kungsbacka, Sweden",womens-golf,2016,57.4888563,12.0787529
Yubin Huh,,"San Diego, Calif.",womens-golf,2017,32.7157062,-117.1638284
Rina Jung,,"Briarcliff Manor, N.Y.",womens-golf,2017,41.1456512,-73.8237456
Chelsea Liu,,"Shanghai, China",womens-golf,2017,31.2312707,121.4700152
Christina Park,,"San Diego, Calif.",womens-golf,2017,32.7157062,-117.1638284
Tiffany Yau,,"Porter Ranch, Calif.",womens-golf,2017,34.2818164,-118.5612714
Michelle Yom,,"Torrance, Calif.",womens-golf,2017,33.8371392,-118.3413606
Selina Zeng,,"Oak Brook, Ill.",womens-golf,2017,41.8327126,-87.9484125
Janet Zhang,,"Richmond, B.C.",womens-golf,2017,49.163168,-123.137414
Leila Dizon,,"Los Angeles, Calif.",womens-golf,2018,34.0536909,-118.242766
Yubin Huh,,"San Diego, Calif.",womens-golf,2018,32.7157062,-117.1638284
Selina Zeng,,"Oak Brook, Ill.",womens-golf,2018,41.8327126,-87.9484125
Rina Jung,,"Briarcliff Manor, N.Y.",womens-golf,2018,41.1456512,-73.8237456
Mary Shin,,"Irvine, Calif.",womens-golf,2018,33.6856969,-117.825981
Olivia Traynor,,"Villanova, Pa.",womens-golf,2018,40.0411671,-75.3310527
Christina Park,,"San Diego, Calif.",womens-golf,2018,32.7157062,-117.1638284
Abigail Wiranatha,,"West Covina, Calif.",womens-golf,2019,34.0686208,-117.9389526
Olivia Traynor,,"Villanova, Pa.",womens-golf,2019,40.0411671,-75.3310527
Mary Shin,,"Irvine, Calif.",womens-golf,2019,33.6856969,-117.825981
Christina Park,,"San Diego, Calif.",womens-golf,2019,32.7157062,-117.1638284
Selina Zeng,,"Oak Brook, Ill.",womens-golf,2019,41.8327126,-87.9484125
Selina Li,,"Sai Kung, Hong Kong",womens-golf,2019,22.3822489,114.2728277
Susan Xiao,,"Surrey, B.C.",womens-golf,2019,49.1913033,-122.849143
Rina Jung,,"Briarcliff Manor, N.Y.",womens-golf,2019,41.1456512,-73.8237456
Yubin Huh,,"San Diego, Calif.",womens-golf,2019,32.7157062,-117.1638284
Leila Dizon,,"Los Angeles, Calif.",womens-golf,2019,34.0536909,-118.242766
Mary Shin,,"Irvine, Calif.",womens-golf,2020,33.6856969,-117.825981
Selina Li,,"Sai Kung, Hong Kong",womens-golf,2020,22.3822489,114.2728277
Elle Nachmann,,"Boca Raton, Fla.",womens-golf,2020,26.3586885,-80.0830984
Leila Dizon,,"Los Angeles, Calif.",womens-golf,2020,34.0536909,-118.242766
Rina Jung,,"Briarcliff Manor, N.Y.",womens-golf,2020,41.1456512,-73.8237456
Debby Chang,,"Busan, South Korea",womens-golf,2020,35.1799528,129.0752365
Olivia Traynor,,"Villanova, Pa.",womens-golf,2020,40.0411671,-75.3310527
Abigail Wiranatha,,"West Covina, Calif.",womens-golf,2020,34.0686208,-117.9389526
Susan Xiao,,"Surrey, B.C.",womens-golf,2020,49.1913033,-122.849143
Selina Zeng,,"Oak Brook, Ill.",womens-golf,2020,41.8327126,-87.9484125
Selina Li,,"Sai Kung, Hong Kong",womens-golf,2021,22.3822489,114.2728277
Leila Dizon,,"Los Angeles, Calif.",womens-golf,2021,34.0536909,-118.242766
Elle Nachmann,,"Boca Raton, Fla.",womens-golf,2021,26.3586885,-80.0830984
Debby Chang,,"Busan, South Korea",womens-golf,2021,35.1799528,129.0752365
Olivia Traynor,,"Villanova, Pa.",womens-golf,2021,40.0411671,-75.3310527
Abigail Wiranatha,,"West Covina, Calif.",womens-golf,2021,34.0686208,-117.9389526
Mary Shin,,"Irvine, Calif.",womens-golf,2021,33.6856969,-117.825981
Susan Xiao,,"Surrey, B.C.",womens-golf,2021,49.1913033,-122.849143
Debby Chang,,"Busan, South Korea",womens-golf,2022,35.1799528,129.0752365
Susan Xiao,,"Surrey, B.C.",womens-golf,2022,49.1913033,-122.849143
Selina Li,,"Sai Kung, Hong Kong",womens-golf,2022,22.3822489,114.2728277
Julie Shin,,"Brambleton, Va.",womens-golf,2022,38.980908,-77.5397667
Natalie Cao,,"Sugar Land, Texas",womens-golf,2022,29.6196787,-95.6349463
Abigail Wiranatha,,"West Covina, Calif.",womens-golf,2022,34.0686208,-117.9389526
Bridget O'Keefe,,"Palo Alto, Calif.",womens-golf,2022,37.4443293,-122.1598465
Natalie Cao,,"Sugar Land, Texas",womens-golf,2023,29.6196787,-95.6349463
Bridget O'Keefe,,"Palo Alto, Calif.",womens-golf,2023,37.4443293,-122.1598465
Maggie Ni,,"Cypress, Texas",womens-golf,2023,29.9691116,-95.6971686
Julie Shin,,"Brambleton, Va.",womens-golf,2023,38.980908,-77.5397667
Chelsea Nguyen,,"Oviedo, Fla.",womens-golf,2023,28.6702526,-81.2084941
Madeleine Zang,,"Princeton, N.J.",womens-golf,2023,40.3496953,-74.6597376
Maggie Ni,,"Cypress, Texas",womens-golf,2024,29.9691116,-95.6971686
Lindsay Yao,,"Whittier, Calif.",womens-golf,2024,33.9749136,-118.0338664
Julie Shin,,"Brambleton, Va.",womens-golf,2024,38.980908,-77.5397667
Madeleine Zang,,"Princeton, N.J.",womens-golf,2024,40.3496953,-74.6597376
Bridget O'Keefe,,"Palo Alto, Calif.",womens-golf,2024,37.4443293,-122.1598465
Claire Lu,,"Edison, N.J.",womens-golf,2024,40.5005351,-74.3983939
Debby Chang,,"Busan, South Korea",womens-golf,2024,35.1799528,129.0752365
Natalie Cao,,"Sugar Land, Texas",womens-golf,2024,29.6196787,-95.6349463
Chelsea Nguyen,,"Oviedo, Fla.",womens-golf,2024,28.6702526,-81.2084941
Mi Li,,"Orlando, Fla.",womens-golf,2025,28.5421218,-81.379045
Maggie Ni,,"Cypress, Texas",womens-golf,2025,29.9691116,-95.6971686
Julie Shin,,"Brambleton, Va.",womens-golf,2025,38.980908,-77.5397667
Madeleine Zang,,"Princeton, N.J.",womens-golf,2025,40.3496953,-74.6597376
Bridget O'Keefe,,"Palo Alto, Calif.",womens-golf,2025,37.4443293,-122.1598465
Chelsea Nguyen,,"Oviedo, Fla.",womens-golf,2025,28.6702526,-81.2084941
Lindsay Yao,,"Whittier, Calif.",womens-golf,2025,33.9749136,-118.0338664
Adrienne Ahn-Upton,,"Dallas, Texas",womens-golf,2025,32.7762719,-96.7968559
Claire Lu,,"Edison, N.J.",womens-golf,2025,40.5005351,-74.3983939
Juliet Oh,,"Diamond Bar, Calif.",womens-golf,2026,34.0286226,-117.8103367
Adrienne Ahn-Upton,,"Dallas, Texas",womens-golf,2026,32.7762719,-96.7968559
Mi Li,,"Orlando, Fla.",womens-golf,2026,28.5421218,-81.379045
Claire Lu,,"Edison, N.J.",womens-golf,2026,40.5005351,-74.3983939
Sophia Lu,,"Rancho Palos Verdes, Calif.",womens-golf,2026,33.7483311,-118.3707683
Chelsea Nguyen,,"Oviedo, Fla.",womens-golf,2026,28.6702526,-81.2084941
Maggie Ni,,"Cypress, Texas",womens-golf,2026,29.9691116,-95.6971686
Madeleine Zang,,"Princeton, N.J.",womens-golf,2026,40.3496953,-74.6597376
Luba Vazhenina,,"Bradenton, Fla.",womens-tennis,2016,27.4989278,-82.5748194
Sarah Dreyfuss,,"Miami, Fla.",womens-tennis,2016,25.7741566,-80.1935973
Kana Daniel,,"Valencia, Spain",womens-tennis,2016,39.4697065,-0.3763353
Nicole Berkman,,"Highland Park, Ill.",womens-tennis,2016,42.1836719,-87.7993245
OJ Singh,,"Bradenton, Fla.",womens-tennis,2016,27.4989278,-82.5748194
Ria Vaidya,,"Singapore, Singapore",womens-tennis,2016,1.2899175,103.8519072
Carolyn Xie,,"San Diego, Calif.",womens-tennis,2016,32.7157062,-117.1638284
Ashley Zhu,,"Vancouver, British Columbia",womens-tennis,2016,49.2608724,-123.113952
Marta Kowalska,,"Krakow, Poland",womens-tennis,2016,50.0469432,19.9971534
Lina Qostal,,"Rabat, Morocco",womens-tennis,2016,34.0218454,-6.8408929
Ashley Zhu,,"Vancouver, British Columbia",womens-tennis,2017,49.2608724,-123.113952
Carolyn Xie,,"San Diego, Calif.",womens-tennis,2017,32.7157062,-117.1638284
Ria Vaidya,,"Singapore, Singapore",womens-tennis,2017,1.2899175,103.8519072
Marta Kowalska,,"Krakow, Poland",womens-tennis,2017,50.0469432,19.9971534
Lina Qostal,,"Rabat, Morocco",womens-tennis,2017,34.0218454,-6.8408929
Wallis Hess,,"Palo Alto, Calif.",womens-tennis,2017,37.4443293,-122.1598465
Jimena Rodriguez-Benito,,"Miami, Fla.",womens-tennis,2017,25.7741566,-80.1935973
OJ Singh,,"Bradenton, Fla.",womens-tennis,2017,27.4989278,-82.5748194
Marija Curnic,,"Split, Croatia",womens-tennis,2017,43.5116383,16.4399659
Nicole Berkman,,"Highland Park, Ill.",womens-tennis,2017,42.1836719,-87.7993245
Jennifer Richards,,"San Diego, Calif.",womens-tennis,2017,32.7157062,-117.1638284
Marta Kowalska,,"Krakow, Poland",womens-tennis,2018,50.0469432,19.9971534
Iuliia Bryzgalova,,"Moscow, Russia",womens-tennis,2018,55.625578,37.6063916
Marija Curnic,,"Split, Croatia",womens-tennis,2018,43.5116383,16.4399659
Mimi Levine,,"Santa Monica, Calif.",womens-tennis,2018,34.0194704,-118.491227
Melissa Plambeck,,"Bradenton, Fla.",womens-tennis,2018,27.4989278,-82.5748194
Jennifer Richards,,"San Diego, Calif.",womens-tennis,2018,32.7157062,-117.1638284
Jimena Rodriguez-Benito,,"Miami, Fla.",womens-tennis,2018,25.7741566,-80.1935973
Carolyn Xie,,"San Diego, Calif.",womens-tennis,2018,32.7157062,-117.1638284
Ashley Zhu,,"Vancouver, British Columbia",womens-tennis,2018,49.2608724,-123.113952
OJ Singh,,"Bradenton, Fla.",womens-tennis,2018,27.4989278,-82.5748194
Ashley Zhu,,"Vancouver, British Columbia",womens-tennis,2019,49.2608724,-123.113952
Carolyn Xie,,"San Diego, Calif.",womens-tennis,2019,32.7157062,-117.1638284
Gibson Thomas,,"Bronx, N.Y.",womens-tennis,2019,40.8466508,-73.8785937
Jennifer Richards,,"San Diego, Calif.",womens-tennis,2019,32.7157062,-117.1638284
Melissa Plambeck,,"Bradenton, Fla.",womens-tennis,2019,27.4989278,-82.5748194
Sonia Tartakovsky,,"New York, N.Y.",womens-tennis,2019,40.7127281,-74.0060152
Marija Curnic,,"Split, Croatia",womens-tennis,2019,43.5116383,16.4399659
Amanda Chan,,"South Pasadena, Calif.",womens-tennis,2019,34.1133062,-118.1478291
Iuliia Bryzgalova,,"Moscow, Russia",womens-tennis,2019,55.625578,37.6063916
Clarise Huang,,"Honolulu, Hawaii",womens-tennis,2019,21.304547,-157.855676
Marija Curnic,,"Split, Croatia",womens-tennis,2020,43.5116383,16.4399659
Amanda Chan,,"South Pasadena, Calif.",womens-tennis,2020,34.1133062,-118.1478291
Iris Gallo,,"Longmeadow, Mass.",womens-tennis,2020,42.0504498,-72.5824639
Clarise Huang,,"Honolulu, Hawaii",womens-tennis,2020,21.304547,-157.855676
Melissa Plambeck,,"Bradenton, Fla.",womens-tennis,2020,27.4989278,-82.5748194
Jennifer Richards,,"San Diego, Calif.",womens-tennis,2020,32.7157062,-117.1638284
Sonia Tartakovsky,,"New York, N.Y.",womens-tennis,2020,40.7127281,-74.0060152
Gibson Thomas,,"Bronx, N.Y.",womens-tennis,2020,40.8466508,-73.8785937
Ekaterina Vinnik,,"Moscow, Russia",womens-tennis,2020,55.625578,37.6063916
Iuliia Bryzgalova,,"Moscow, Russia",womens-tennis,2020,55.625578,37.6063916
Clarise Huang,,"Honolulu, Hawaii",womens-tennis,2021,21.304547,-157.855676
Amanda Chan,,"South Pasadena, Calif.",womens-tennis,2021,34.1133062,-118.1478291
Saige Roshkoff,,"Haverford, Pa.",womens-tennis,2021,40.0129191,-75.2966948
Iris Gallo,,"Longmeadow, Mass.",womens-tennis,2021,42.0504498,-72.5824639
Sabine Rutlauka,,"Marupe, Latvia",womens-tennis,2021,56.9048817,24.043818
Marija Curnic,,"Split, Croatia",womens-tennis,2021,43.5116383,16.4399659
Eileen Wang,,"Clarence, N.Y.",womens-tennis,2021,42.9768372,-78.5930999
Iuliia Bryzgalova,,"Moscow, Russia",womens-tennis,2021,55.625578,37.6063916
Gavriella Smith,,"New Orleans, La.",womens-tennis,2021,29.9574657,-90.0629493
Gibson Thomas,,"Bronx, N.Y.",womens-tennis,2021,40.8466508,-73.8785937
Ekaterina Vinnik,,"Moscow, Russia",womens-tennis,2021,55.625578,37.6063916
Juliana Munhoz,,"São Paulo, Brazil",womens-tennis,2022,-23.5506507,-46.6333824
Saige Roshkoff,,"Haverford, Pa.",womens-tennis,2022,40.0129191,-75.2966948
Iris Gallo,,"Longmeadow, Mass.",womens-tennis,2022,42.0504498,-72.5824639
Claire Zhang,,"Kinnelon, N.J.",womens-tennis,2022,41.0017644,-74.367096
Maya Urata,,"La Cañada, Calif.",womens-tennis,2022,37.887257,-122.0985296
Eileen Wang,,"Clarence, N.Y.",womens-tennis,2022,42.9768372,-78.5930999
Sabine Rutlauka,,"Marupe, Latvia",womens-tennis,2022,56.9048817,24.043818
Gavriella Smith,,"New Orleans, La.",womens-tennis,2022,29.9574657,-90.0629493
Gavriella Smith,,"New Orleans, La.",womens-tennis,2023,29.9574657,-90.0629493
Esha Velaga,,"Colmar, Pa.",womens-tennis,2023,40.2673286,-75.2535079
Maya Urata,,"La Cañada, Calif.",womens-tennis,2023,37.887257,-122.0985296
Liza Tkachenko,,"Boca Raton, Fla.",womens-tennis,2023,26.3586885,-80.0830984
Iris Gallo,,"Longmeadow, Mass.",womens-tennis,2023,42.0504498,-72.5824639
Sabine Rutlauka,,"Marupe, Latvia",womens-tennis,2023,56.9048817,24.043818
Saige Roshkoff,,"Haverford, Pa.",womens-tennis,2023,40.0129191,-75.2966948
Sasha Motlagh,,"Dallas, Texas",womens-tennis,2023,32.7762719,-96.7968559
Eileen Wang,,"Clarence, N.Y.",womens-tennis,2023,42.9768372,-78.5930999
Eileen Wang,,"Clarence, N.Y.",womens-tennis,2024,42.9768372,-78.5930999
Esha Velaga,,"Colmar, Pa.",womens-tennis,2024,40.2673286,-75.2535079
Saige Roshkoff,,"Haverford, Pa.",womens-tennis,2024,40.0129191,-75.2966948
Sarah Wang,,"Lake Forest, Ill.",womens-tennis,2024,42.2586461,-87.8407055
Maya Urata,,"La Cañada, Calif.",womens-tennis,2024,37.887257,-122.0985296
Sabine Rutlauka,,"Marupe, Latvia",womens-tennis,2024,56.9048817,24.043818
Liza Tkachenko,,"Boca Raton, Fla.",womens-tennis,2024,26.3586885,-80.0830984
Lara Stojanovski,,"Belgrade, Serbia",womens-tennis,2024,44.8153318,20.4456588
Sasha Motlagh,,"Dallas, Texas",womens-tennis,2024,32.7762719,-96.7968559
Gavriella Smith,,"New Orleans, La.",womens-tennis,2024,29.9574657,-90.0629493
Esha Velaga,,"Colmar, Pa.",womens-tennis,2025,40.2673286,-75.2535079
Sasha Motlagh,,"Dallas, Texas",womens-tennis,2025,32.7762719,-96.7968559
Liza Tkachenko,,"Boca Raton, Fla.",womens-tennis,2025,26.3586885,-80.0830984
Lara Stojanovski,,"Belgrade, Serbia",womens-tennis,2025,44.8153318,20.4456588
Joleen Saw,,"Subang Jaya, Malaysia",womens-tennis,2025,3.051487,101.5823339
Sarah Wang,,"Lake Forest, Ill.",womens-tennis,2025,42.2586461,-87.8407055
Varsha Vedula,,"Cary, N.C.",womens-tennis,2025,35.7873617,-78.7811623
Maya Urata,,"La Cañada, Calif.",womens-tennis,2025,37.887257,-122.0985296
Varsha Vedula,,"Cary, N.C.",womens-tennis,2026,35.7873617,-78.7811623
Peien Deng,,"Guangzhou, China",womens-tennis,2026,23.1288429,113.2589581
Cookie Jarvis-Tredgett,,"Naples, Fla.",womens-tennis,2026,26.1421976,-81.7942944
Sasha Motlagh,,"Dallas, Texas",womens-tennis,2026,32.7762719,-96.7968559
Joleen Saw,,"Subang Jaya, Malaysia",womens-tennis,2026,3.051487,101.5823339
Athina Schlepphorst,,"Chatham, N.J.",womens-tennis,2026,40.7409242,-74.3836711
Lara Stojanovski,,"Belgrade, Serbia",womens-tennis,2026,44.8153318,20.4456588
Liza Tkachenko,,"Boca Raton, Fla.",womens-tennis,2026,26.3586885,-80.0830984
Emma Tomova,,"Sofia, Bulgaria",womens-tennis,2026,42.6977028,23.3217359
Esha Velaga,,"Colmar, Pa.",womens-tennis,2026,40.2673286,-75.2535079
Carole Harsch,,"Randolph, N.J.",womens-cross-country,2016,40.844265,-74.5857218
Kristen Tilley,,"Windham, N.H.",womens-cross-country,2016,42.8006441,-71.304229
Gina Alm,,"Allison Park, Pa.",womens-cross-country,2016,40.5584013,-79.9581094
Ashley Montgomery,,"Mt. Pleasant, Mich.",womens-cross-country,2016,43.597646,-84.7668495
Cleo Whiting,,"Delta, Colo.",womens-cross-country,2016,38.8368777,-107.8568294
Karli Visconto,,"Philadelphia, Pa.",womens-cross-country,2016,39.9527237,-75.1635262
Ella Wurth,,"Boca Raton, Fla.",womens-cross-country,2016,26.3586885,-80.0830984
Maddie Villalba,,"Doylestown, Pa.",womens-cross-country,2016,40.3100446,-75.1304588
Rachel Stremme,,"Seaville, N.J.",womens-cross-country,2016,39.2131405,-74.7102049
Christina Rancan,,"Princeton Junction, N.J.",womens-cross-country,2016,40.3159898,-74.6241189
Katie DeVore,,"Mamaroneck, N.Y.",womens-cross-country,2016,40.9487314,-73.7331416
Erin Feeney,,"Scranton, Pa.",womens-cross-country,2016,41.4086874,-75.6621294
Karen Xiang,,"Ponte Vedra, Fla.",womens-cross-country,2016,30.2396865,-81.3856384
Juliet Kohli,,"Montclair, N.J.",womens-cross-country,2016,40.8164458,-74.2210643
Olivia Ryan,,"Western Springs, Ill.",womens-cross-country,2016,41.8096132,-87.900671
Abby Hong,,"Manhattan Beach, Calif.",womens-cross-country,2016,33.8872777,-118.4104324
Clarissa Whiting,,"Delta, Colo.",womens-cross-country,2016,38.8368777,-107.8568294
Marin Warner,,"Holmdel, N.J.",womens-cross-country,2016,40.3451095,-74.1840322
Isabel Griffith,,"Timonium, Md.",womens-cross-country,2016,39.4475075,-76.5974223
Emily Fisher,,"West Chester, Pa.",womens-cross-country,2016,39.9597389,-75.6044609
Hannah Connolly-Sporing,,"Southampton, N.Y.",womens-cross-country,2016,40.8842482,-72.3897131
Kylene Cochrane,,"Long Valley, N.J.",womens-cross-country,2016,40.7816814,-74.7592328
Julianna Catania,,"Egg Harbor Township, N.J.",womens-cross-country,2016,39.3820672,-74.6171489
Nia Akins,,"San Diego, Calif.",womens-cross-country,2016,32.7157062,-117.1638284
Rachel Beston,,"Newark, Del.",womens-cross-country,2016,39.6828358,-75.7515682
Lily Huntsman,,"Salt Lake City, Utah",womens-cross-country,2016,40.7596198,-111.886797
Mikayla Schneider,,"Villanova, Pa.",womens-cross-country,2016,40.0411671,-75.3310527
Madison Connelly,,"Rocky River, Colo.",womens-cross-country,2016,38.4298168,-105.8147656
Olivia Ryan,,"Western Springs, Ill.",womens-cross-country,2017,41.8096132,-87.900671
Mary Webb,,"Yardley, Pa.",womens-cross-country,2017,40.242506,-74.8389704
Marin Warner,,"Holmdel, N.J.",womens-cross-country,2017,40.3451095,-74.1840322
Christina Rancan,,"Princeton Junction, N.J.",womens-cross-country,2017,40.3159898,-74.6241189
Maddie Villalba,,"Doylestown, Pa.",womens-cross-country,2017,40.3100446,-75.1304588
Juliet Kohli,,"Montclair, N.J.",womens-cross-country,2017,40.8164458,-74.2210643
Rachel Beston,,"Newark, Del.",womens-cross-country,2017,39.6828358,-75.7515682
Anna Schug,,"Syracuse, N.Y.",womens-cross-country,2017,43.0481221,-76.1474244
Alyssa Condell,,"Erial, N.J.",womens-cross-country,2017,39.773448,-75.006278
Abby Hong,,"Manhattan Beach, Calif.",womens-cross-country,2017,33.8872777,-118.4104324
Danielle Orie,,"Buffalo, N.Y.",womens-cross-country,2017,42.8864163,-78.8781493
Lily Huntsman,,"Salt Lake City, Utah",womens-cross-country,2017,40.7596198,-111.886797
Gina Alm,,"Allison Park, Pa.",womens-cross-country,2017,40.5584013,-79.9581094
Niamh Hayes,,"Farmingdale, N.J.",womens-cross-country,2017,40.1965018,-74.1684757
Rachel Stremme,,"Seaville, N.J.",womens-cross-country,2017,39.2131405,-74.7102049
Erin Feeney,,"Scranton, Pa.",womens-cross-country,2017,41.4086874,-75.6621294
Katie DeVore,,"Mamaroneck, N.Y.",womens-cross-country,2017,40.9487314,-73.7331416
Hannah Connolly-Sporing,,"Southampton, N.Y.",womens-cross-country,2017,40.8842482,-72.3897131
Carole Harsch,,"Randolph, N.J.",womens-cross-country,2017,40.844265,-74.5857218
Kylene Cochrane,,"Long Valley, N.J.",womens-cross-country,2017,40.7816814,-74.7592328
Julianna Catania,,"Egg Harbor Township, N.J.",womens-cross-country,2017,39.3820672,-74.6171489
Karli Visconto,,"Philadelphia, Pa.",womens-cross-country,2017,39.9527237,-75.1635262
Mikayla Schneider,,"Villanova, Pa.",womens-cross-country,2017,40.0411671,-75.3310527
Nia Akins,,"San Diego, Calif.",womens-cross-country,2017,32.7157062,-117.1638284
Melissa Tanaka,,"Long Beach, Calif.",womens-cross-country,2017,33.7690164,-118.191604
Nia Akins,,"San Diego, Calif.",womens-cross-country,2018,32.7157062,-117.1638284
Hannah Connolly-Sporing,,"Southampton, N.Y.",womens-cross-country,2018,40.8842482,-72.3897131
Olivia Babski,,"Doha, Qatar",womens-cross-country,2018,25.3108807,51.5081812
Alyssa Condell,,"Erial, N.J.",womens-cross-country,2018,39.773448,-75.006278
Melissa Tanaka,,"Long Beach, Calif.",womens-cross-country,2018,33.7690164,-118.191604
Maddie Villalba,,"Doylestown, Pa.",womens-cross-country,2018,40.3100446,-75.1304588
Marin Warner,,"Holmdel, N.J.",womens-cross-country,2018,40.3451095,-74.1840322
Karli Visconto,,"Philadelphia, Pa.",womens-cross-country,2018,39.9527237,-75.1635262
Julianna Catania,,"Egg Harbor Township, N.J.",womens-cross-country,2018,39.3820672,-74.6171489
Katie DeVore,,"Mamaroneck, N.Y.",womens-cross-country,2018,40.9487314,-73.7331416
Rachel Stremme,,"Seaville, N.J.",womens-cross-country,2018,39.2131405,-74.7102049
Niamh Hayes,,"Farmingdale, N.J.",womens-cross-country,2018,40.1965018,-74.1684757
Annie Zimmer,,"Chagrin, Ohio",womens-cross-country,2018,41.436589,-81.3855058
Carole Harsch,,"Randolph, N.J.",womens-cross-country,2018,40.844265,-74.5857218
Mary Webb,,"Yardley, Pa.",womens-cross-country,2018,40.242506,-74.8389704
Juliet Kohli,,"Montclair, N.J.",womens-cross-country,2018,40.8164458,-74.2210643
Isabel Hebner,,"Allendale, N.J.",womens-cross-country,2018,41.0413199,-74.1291407
Danielle Orie,,"Buffalo, N.Y.",womens-cross-country,2018,42.8864163,-78.8781493
Olivia Ryan,,"Western Springs, Ill.",womens-cross-country,2018,41.8096132,-87.900671
Ariana Gardizy,,"Lansdale, Pa.",womens-cross-country,2018,40.2414952,-75.2837862
Caroline O'Sullivan,,"Northvale, N.J.",womens-cross-country,2018,41.0066649,-73.9490627
Christina Rancan,,"Princeton Junction, N.J.",womens-cross-country,2018,40.3159898,-74.6241189
Juliet Kohli,,"Montclair, N.J.",womens-cross-country,2019,40.8164458,-74.2210643
Caroline O'Sullivan,,"Northvale, N.J.",womens-cross-country,2019,41.0066649,-73.9490627
Christina Rancan,,"Princeton Junction, N.J.",womens-cross-country,2019,40.3159898,-74.6241189
Jessica Riedman,,"Carlsbad, Calif.",womens-cross-country,2019,33.1352045,-117.329126
Mary Webb,,"Yardley, Pa.",womens-cross-country,2019,40.242506,-74.8389704
Melissa Tanaka,,"Long Beach, Calif.",womens-cross-country,2019,33.7690164,-118.191604
Maddie Villalba,,"Doylestown, Pa.",womens-cross-country,2019,40.3100446,-75.1304588
Delia Russo,,"Marlboro, N.J.",womens-cross-country,2019,39.4850245,-75.3211259
Niamh Hayes,,"Farmingdale, N.J.",womens-cross-country,2019,40.1965018,-74.1684757
Lauren Henderson,,"Irmo, S.C.",womens-cross-country,2019,34.0884689,-81.1802101
Ariana Gardizy,,"Lansdale, Pa.",womens-cross-country,2019,40.2414952,-75.2837862
Samantha Green,,"Park Ridge, N.J.",womens-cross-country,2019,41.035965,-74.0415551
Danielle Orie,,"Buffalo, N.Y.",womens-cross-country,2019,42.8864163,-78.8781493
Nia Akins,,"San Diego, Calif.",womens-cross-country,2019,32.7157062,-117.1638284
Olivia Babski,,"Doha, Qatar",womens-cross-country,2019,25.3108807,51.5081812
Nikhila Obbineni,,"Wycoff, N.J.",womens-cross-country,2019,40.420172,-74.4087902
Julianna Catania,,"Egg Harbor Township, N.J.",womens-cross-country,2019,39.3820672,-74.6171489
Alyssa Condell,,"Erial, N.J.",womens-cross-country,2019,39.773448,-75.006278
Katie DeVore,,"Mamaroneck, N.Y.",womens-cross-country,2019,40.9487314,-73.7331416
Lizzy Bader,,"Kennett Square, Pa.",womens-cross-country,2019,39.8467414,-75.7116997
Maeve Stiles,,"Norfolk, Va.",womens-cross-country,2020,36.8493695,-76.2899539
Zoe Shetty,,"Morgantown, W.Va.",womens-cross-country,2020,39.6296809,-79.9559437
Delia Russo,,"Marlboro, N.J.",womens-cross-country,2020,39.4850245,-75.3211259
Caroline O'Sullivan,,"Northvale, N.J.",womens-cross-country,2020,41.0066649,-73.9490627
Phoebe White,,"Manlius, N.Y.",womens-cross-country,2020,43.0020107,-75.9768632
Mary Webb,,"Yardley, Pa.",womens-cross-country,2020,40.242506,-74.8389704
Melissa Tanaka,,"Long Beach, Calif.",womens-cross-country,2020,33.7690164,-118.191604
Fabianna Szorenyi,,"San Juan, Puerto Rico",womens-cross-country,2020,18.384239,-66.05344
Olivia Morganti,,"Syracuse, N.Y.",womens-cross-country,2020,43.0481221,-76.1474244
Niamh Hayes,,"Farmingdale, N.J.",womens-cross-country,2020,40.1965018,-74.1684757
Laura Baeyens,,"Stirling, N.J.",womens-cross-country,2020,40.6747257,-74.4933902
Lizzy Bader,,"Kennett Square, Pa.",womens-cross-country,2020,39.8467414,-75.7116997
Olivia Babski,,"Doha, Qatar",womens-cross-country,2020,25.3108807,51.5081812
Danielle Orie,,"Buffalo, N.Y.",womens-cross-country,2020,42.8864163,-78.8781493
Maggie Maier,,"Atlantic Beach, N.Y.",womens-cross-country,2020,40.5886547,-73.7288791
Samantha Green,,"Park Ridge, N.J.",womens-cross-country,2020,41.035965,-74.0415551
Ariana Gardizy,,"Lansdale, Pa.",womens-cross-country,2020,40.2414952,-75.2837862
Alyssa Condell,,"Erial, N.J.",womens-cross-country,2020,39.773448,-75.006278
Nikhila Obbineni,,"Wycoff, N.J.",womens-cross-country,2020,40.420172,-74.4087902
Lizzy Bader,,"Kennett Square, Pa.",womens-cross-country,2021,39.8467414,-75.7116997
Miranda Schriver,,"Los Angeles, Calif.",womens-cross-country,2021,34.0536909,-118.242766
Fabianna Szorenyi,,"San Juan, Puerto Rico",womens-cross-country,2021,18.384239,-66.05344
Maeve Stiles,,"Norfolk, Va.",womens-cross-country,2021,36.8493695,-76.2899539
Zoe Shetty,,"Morgantown, W.Va.",womens-cross-country,2021,39.6296809,-79.9559437
Katie Pou,,"Fort Mill, S.C.",womens-cross-country,2021,35.0073697,-80.9450759
Phoebe White,,"Manlius, N.Y.",womens-cross-country,2021,43.0020107,-75.9768632
Ellen Byrnes,,"Port Washington, N.Y.",womens-cross-country,2021,40.8263965,-73.684993
Bronwyn Patterson,,"Edgewater, Md.",womens-cross-country,2021,38.9358105,-76.5530141
Gwyneth Young,,"Lebanon, Pa.",womens-cross-country,2021,40.375713,-76.4626118
Caroline O'Sullivan,,"Northvale, N.J.",womens-cross-country,2021,41.0066649,-73.9490627
Maggie Maier,,"Atlantic Beach, N.Y.",womens-cross-country,2021,40.5886547,-73.7288791
Niamh Hayes,,"Farmingdale, N.J.",womens-cross-country,2021,40.1965018,-74.1684757
Chloe Hassman,,"Coppell, Texas",womens-cross-country,2021,32.9552598,-97.0155703
Laura Baeyens,,"Stirling, N.J.",womens-cross-country,2021,40.6747257,-74.4933902
Arielle Breuninger,,"Lancaster, Pa.",womens-cross-country,2021,40.0379958,-76.3056707
Ariana Gardizy,,"Lansdale, Pa.",womens-cross-country,2021,40.2414952,-75.2837862
Nikhila Obbineni,,"Wycoff, N.J.",womens-cross-country,2021,40.420172,-74.4087902
Olivia Morganti,,"Syracuse, N.Y.",womens-cross-country,2021,43.0481221,-76.1474244
Katie Pou,,"Fort Mill, S.C.",womens-cross-country,2022,35.0073697,-80.9450759
Zoe Shetty,,"Morgantown, W.Va.",womens-cross-country,2022,39.6296809,-79.9559437
Nikhila Obbineni,,"Wycoff, N.J.",womens-cross-country,2022,40.420172,-74.4087902
Lara Cota,,"Summit, N.J.",womens-cross-country,2022,40.7182356,-74.3592296
Kiera Duffy,,"Princeton, N.J.",womens-cross-country,2022,40.3496953,-74.6597376
Fabianna Szorenyi,,"San Juan, Puerto Rico",womens-cross-country,2022,18.384239,-66.05344
Arielle Breuninger,,"Lancaster, Pa.",womens-cross-country,2022,40.0379958,-76.3056707
Maeve Stiles,,"Norfolk, Va.",womens-cross-country,2022,36.8493695,-76.2899539
Danielle Peck,,"San Antonio, Texas",womens-cross-country,2022,29.4246002,-98.4951405
Miranda Schriver,,"Los Angeles, Calif.",womens-cross-country,2022,34.0536909,-118.242766
Bronwyn Patterson,,"Edgewater, Md.",womens-cross-country,2022,38.9358105,-76.5530141
Laura Baeyens,,"Stirling, N.J.",womens-cross-country,2022,40.6747257,-74.4933902
Chloe Hassman,,"Coppell, Texas",womens-cross-country,2022,32.9552598,-97.0155703
Phoebe White,,"Manlius, N.Y.",womens-cross-country,2022,43.0020107,-75.9768632
Kyra Compton,,"Carlsbad, Calif.",womens-cross-country,2022,33.1352045,-117.329126
Lily Murphy,,"Summit, N.J.",womens-cross-country,2022,40.7182356,-74.3592296
Lizzy Bader,,"Kennett Square, Pa.",womens-cross-country,2022,39.8467414,-75.7116997
Olivia Morganti,,"Syracuse, N.Y.",womens-cross-country,2022,43.0481221,-76.1474244
Olivia Babski,,"Doha, Qatar",womens-cross-country,2022,25.3108807,51.5081812
Anastasia Russell,,"Boise, Idaho",womens-cross-country,2022,43.6166163,-116.200886
Kelly Murray,,"Fort Washington, Pa.",womens-cross-country,2023,40.1478532,-75.1897243
Lily Oliver,,"Toms River, N.J.",womens-cross-country,2023,39.9528389,-74.196741
Laura Baeyens,,"Stirling, N.J.",womens-cross-country,2023,40.6747257,-74.4933902
Lily Murphy,,"Summit, N.J.",womens-cross-country,2023,40.7182356,-74.3592296
Katie Pou,,"Fort Mill, S.C.",womens-cross-country,2023,35.0073697,-80.9450759
Lara Cota,,"Summit, N.J.",womens-cross-country,2023,40.7182356,-74.3592296
Chloe Hassman,,"Coppell, Texas",womens-cross-country,2023,32.9552598,-97.0155703
Arielle Breuninger,,"Lancaster, Pa.",womens-cross-country,2023,40.0379958,-76.3056707
Camille Jordan,,"West Roxbury, Mass.",womens-cross-country,2023,42.2792649,-71.1494972
Trinity Eason,,"Woodbridge, N.J.",womens-cross-country,2023,40.55418,-74.2860008
Gabrielle Jones,,"Sarnia, Ont.",womens-cross-country,2023,42.9743821,-82.403533
Kyra Compton,,"Carlsbad, Calif.",womens-cross-country,2023,33.1352045,-117.329126
Kiera Duffy,,"Princeton, N.J.",womens-cross-country,2023,40.3496953,-74.6597376
Zoe Shetty,,"Morgantown, W.Va.",womens-cross-country,2023,39.6296809,-79.9559437
Nora Wollen,,"Oak Park, Ill.",womens-cross-country,2023,41.8878145,-87.7887615
Sarah Fischer,,"Hinsdale, Ill.",womens-cross-country,2023,41.8024604,-87.9299841
Olivia Morganti,,"Syracuse, N.Y.",womens-cross-country,2023,43.0481221,-76.1474244
Phoebe White,,"Manlius, N.Y.",womens-cross-country,2023,43.0020107,-75.9768632
Lily Orr,,"Rumson, N.J.",womens-cross-country,2023,40.372054,-73.9990269
Miranda Schriver,,"Los Angeles, Calif.",womens-cross-country,2023,34.0536909,-118.242766
Bronwyn Patterson,,"Edgewater, Md.",womens-cross-country,2023,38.9358105,-76.5530141
Maeve Stiles,,"Norfolk, Va.",womens-cross-country,2023,36.8493695,-76.2899539
Danielle Peck,,"San Antonio, Texas",womens-cross-country,2023,29.4246002,-98.4951405
Fabianna Szorenyi,,"San Juan, Puerto Rico",womens-cross-country,2023,18.384239,-66.05344
Anastasia Russell,,"Boise, Idaho",womens-cross-country,2023,43.6166163,-116.200886
Lindsay Yakaboski,,"Calverton, N.Y.",womens-cross-country,2023,40.9117907,-72.7709709
Kyra Compton,,"Carlsbad, Calif.",womens-cross-country,2024,33.1352045,-117.329126
Bronwyn Patterson,,"Edgewater, Md.",womens-cross-country,2024,38.9358105,-76.5530141
Katie Pou,,"Fort Mill, S.C.",womens-cross-country,2024,35.0073697,-80.9450759
Anastasia Russell,,"Boise, Idaho",womens-cross-country,2024,43.6166163,-116.200886
Kelly Murray,,"Fort Washington, Pa.",womens-cross-country,2024,40.1478532,-75.1897243
Laura Gugliotta,,"Manalapan, N.J.",womens-cross-country,2024,40.2852895,-74.333495
Lindsay Yakaboski,,"Calverton, N.Y.",womens-cross-country,2024,40.9117907,-72.7709709
Miranda Schriver,,"Los Angeles, Calif.",womens-cross-country,2024,34.0536909,-118.242766
Nora Wollen,,"Oak Park, Ill.",womens-cross-country,2024,41.8878145,-87.7887615
Kate Hos,,"Calgary, Alta.",womens-cross-country,2024,51.0456064,-114.057541
Lara Cota,,"Summit, N.J.",womens-cross-country,2024,40.7182356,-74.3592296
Quin Stovall,,"Philadelphia, Pa.",womens-cross-country,2024,39.9527237,-75.1635262
L'Mio Edwards,,"Claremont, Calif.",womens-cross-country,2024,34.0966764,-117.7197785
Courtney Kaiser,,"Martinsville, N.J.",womens-cross-country,2024,40.6012136,-74.5590452
Olivia Williams,,"Lafayette, Calif.",womens-cross-country,2024,37.8857582,-122.1180201
Sarah Fischer,,"Hinsdale, Ill.",womens-cross-country,2024,41.8024604,-87.9299841
Sara Khiri,,"Jersey City, N.J.",womens-cross-country,2024,40.7215682,-74.047455
Arielle Breuninger,,"Lancaster, Pa.",womens-cross-country,2024,40.0379958,-76.3056707
Lily Murphy,,"Summit, N.J.",womens-cross-country,2024,40.7182356,-74.3592296
Chloe Hassman,,"Coppell, Texas",womens-cross-country,2024,32.9552598,-97.0155703
Kiera Duffy,,"Princeton, N.J.",womens-cross-country,2024,40.3496953,-74.6597376
Gabrielle Jones,,"Sarnia, Ont.",womens-cross-country,2024,42.9743821,-82.403533
Camille Jordan,,"West Roxbury, Mass.",womens-cross-country,2024,42.2792649,-71.1494972
Lily Oliver,,"Toms River, N.J.",womens-cross-country,2024,39.9528389,-74.196741
Anna Weirich,,"Portola Valley, Calif.",womens-cross-country,2024,37.3736298,-122.219047
Maggie McCabe,,"Bayonne, N.J.",womens-cross-country,2025,40.6687141,-74.1143091
Gabrielle Jones,,"Sarnia, Ont.",womens-cross-country,2025,42.9743821,-82.403533
Lindsay Yakaboski,,"Calverton, N.Y.",womens-cross-country,2025,40.9117907,-72.7709709
Adèle Martin,,"Paris, France",womens-cross-country,2025,48.8534951,2.3483915
Quin Stovall,,"Philadelphia, Pa.",womens-cross-country,2025,39.9527237,-75.1635262
Anna Weirich,,"Portola Valley, Calif.",womens-cross-country,2025,37.3736298,-122.219047
Aoife Shovlin,,"Cambridge, Mass.",womens-cross-country,2025,42.3656347,-71.1040018
Alexa Matora,,"Redmond, Wash.",womens-cross-country,2025,47.6694141,-122.1238767
Izzy Rodriguez,,"Fair Haven, N.J.",womens-cross-country,2025,40.3606653,-74.0381947
Kelly Murray,,"Fort Washington, Pa.",womens-cross-country,2025,40.1478532,-75.1897243
Lily Murphy,,"Summit, N.J.",womens-cross-country,2025,40.7182356,-74.3592296
Courtney Kaiser,,"Martinsville, N.J.",womens-cross-country,2025,40.6012136,-74.5590452
Kate Hos,,"Calgary, Alta.",womens-cross-country,2025,51.0456064,-114.057541
L'Mio Edwards,,"Claremont, Calif.",womens-cross-country,2025,34.0966764,-117.7197785
Sarah Fischer,,"Hinsdale, Ill.",womens-cross-country,2025,41.8024604,-87.9299841
Lara Cota,,"Summit, N.J.",womens-cross-country,2025,40.7182356,-74.3592296
Kiera Duffy,,"Princeton, N.J.",womens-cross-country,2025,40.3496953,-74.6597376
Kyra Compton,,"Carlsbad, Calif.",womens-cross-country,2025,33.1352045,-117.329126
Sara Khiri,,"Jersey City, N.J.",womens-cross-country,2025,40.7215682,-74.047455
Camille Jordan,,"West Roxbury, Mass.",womens-cross-country,2025,42.2792649,-71.1494972
Alexa Matora,,"Redmond, Wash.",womens-cross-country,2026,47.6694141,-122.1238767
Maggie McCabe,,"Bayonne, N.J.",womens-cross-country,2026,40.6687141,-74.1143091
Natalie Murphy,,"New York, N.Y.",womens-cross-country,2026,40.7127281,-74.0060152
Aoife Shovlin,,"Cambridge, Mass.",womens-cross-country,2026,42.3656347,-71.1040018
Emily Reid,,"Burlington, ON",womens-cross-country,2026,43.3248924,-79.7966835
Izzy Rodriguez,,"Fair Haven, N.J.",womens-cross-country,2026,40.3606653,-74.0381947
Adèle Martin,,"Paris, France",womens-cross-country,2026,48.8534951,2.3483915
Kelly Murray,,"Fort Washington, Pa.",womens-cross-country,2026,40.1478532,-75.1897243
Lily Lyons,,"Darien, Conn.",womens-cross-country,2026,41.0787079,-73.4692873
Gabrielle Jones,,"Sarnia, Ont.",womens-cross-country,2026,42.9743821,-82.403533
Sara Khiri,,"Jersey City, N.J.",womens-cross-country,2026,40.7215682,-74.047455
Courtney Kaiser,,"Martinsville, N.J.",womens-cross-country,2026,40.6012136,-74.5590452
Camille Jordan,,"West Roxbury, Mass.",womens-cross-country,2026,42.2792649,-71.1494972
Kate Hos,,"Calgary, Alta.",womens-cross-country,2026,51.0456064,-114.057541
Maeve Going,,"Westbury, N.Y.",womens-cross-country,2026,40.7556561,-73.5876273
Sarah Fischer,,"Hinsdale, Ill.",womens-cross-country,2026,41.8024604,-87.9299841
L'Mio Edwards,,"Claremont, Calif.",womens-cross-country,2026,34.0966764,-117.7197785
Quin Stovall,,"Philadelphia, Pa.",womens-cross-country,2026,39.9527237,-75.1635262
Allison Lee,,"Princeton, N.J.",womens-cross-country,2026,40.3496953,-74.6597376
Lindsay Yakaboski,,"Calverton, N.Y.",womens-cross-country,2026,40.9117907,-72.7709709
Ashley Russell,,"Braintree, Mass.",womens-basketball,2016,42.2205956,-71.0041229
Kendall Grasela,,"Huntingdon Valley, Pa.",womens-basketball,2016,40.1226101,-75.0635049
Anna Ross,,"Syracuse, N.Y.",womens-basketball,2016,43.0481221,-76.1474244
Jackie Falconer,,"Mechanicsburg, Pa.",womens-basketball,2016,40.2101972,-77.0047276
Beth Brzozowski,,"Highland Heights, Ohio",womens-basketball,2016,41.551995,-81.478452
Liz Satter,,"Glencoe, Ill.",womens-basketball,2016,42.1350268,-87.7581188
Lauren Whitlatch,,"Bloomington, Ind.",womens-basketball,2016,39.1670396,-86.5342881
Deja Jackson,,"Grinnell, Iowa",womens-basketball,2016,41.7430237,-92.7239637
Kristen Daley,,"Sharon, Mass.",womens-basketball,2016,42.1237328,-71.1787282
Phoebe Sterba,,"Cleveland, Ohio",womens-basketball,2016,41.4996574,-81.6936772
Emily Anderson,,"Bridgeville, Pa.",womens-basketball,2016,40.3561805,-80.1100556
Michelle Nwokedi,,"Missouri City, Texas",womens-basketball,2016,29.6185669,-95.5377215
Princess Aghayere,,"Reston, Va.",womens-basketball,2016,38.953282,-77.3464516
Kasey Chambers,,"Belmar, N.J.",womens-basketball,2016,40.1784471,-74.0218037
Sydney Stipanovich,,"St. Louis, Mo.",womens-basketball,2016,38.6254063,-90.190009
Princess Aghayere,,"Reston, Va.",womens-basketball,2017,38.953282,-77.3464516
Liz Satter,,"Glencoe, Ill.",womens-basketball,2017,42.1350268,-87.7581188
Emily Anderson,,"Bridgeville, Pa.",womens-basketball,2017,40.3561805,-80.1100556
Katie Kinum,,"New Providence, N.J.",womens-basketball,2017,40.6984348,-74.4015405
Eleah Parker,,"Charlotte, N.C.",womens-basketball,2017,35.2272086,-80.8430827
Anna Ross,,"Syracuse, N.Y.",womens-basketball,2017,43.0481221,-76.1474244
Tori Crawford,,"Potomac, Md.",womens-basketball,2017,39.0180508,-77.1956331
Kristen Daley,,"Sharon, Mass.",womens-basketball,2017,42.1237328,-71.1787282
Beth Brzozowski,,"Highland Heights, Ohio",womens-basketball,2017,41.551995,-81.478452
Lauren Whitlatch,,"Bloomington, Ind.",womens-basketball,2017,39.1670396,-86.5342881
Deja Jackson,,"Grinnell, Iowa",womens-basketball,2017,41.7430237,-92.7239637
Phoebe Sterba,,"Cleveland, Ohio",womens-basketball,2017,41.4996574,-81.6936772
Michelle Nwokedi,,"Missouri City, Texas",womens-basketball,2017,29.6185669,-95.5377215
Kendall Grasela,,"Huntingdon Valley, Pa.",womens-basketball,2017,40.1226101,-75.0635049
Christina DiCindio,,"West Windsor, N.J.",womens-basketball,2017,40.2971798,-74.6206496
Michae Jones,,"Thibodaux, La.",womens-basketball,2017,29.7957633,-90.822871
Ashley Russell,,"Braintree, Mass.",womens-basketball,2017,42.2205956,-71.0041229
Liz Satter,,"Glencoe, Ill.",womens-basketball,2018,42.1350268,-87.7581188
Kristen Daley,,"Sharon, Mass.",womens-basketball,2018,42.1237328,-71.1787282
Deja Jackson,,"Grinnell, Iowa",womens-basketball,2018,41.7430237,-92.7239637
Mia Lakstigala,,"Naperville, Ill.",womens-basketball,2018,41.7728699,-88.1479278
Kendall Grasela,,"Huntingdon Valley, Pa.",womens-basketball,2018,40.1226101,-75.0635049
Meg Hair,,"Syracuse, N.Y.",womens-basketball,2018,43.0481221,-76.1474244
Kennedy Suttle,,"Atlanta, Ga.",womens-basketball,2018,33.7544657,-84.3898151
Michae Jones,,"Thibodaux, La.",womens-basketball,2018,29.7957633,-90.822871
Katie Kinum,,"New Providence, N.J.",womens-basketball,2018,40.6984348,-74.4015405
Tori Crawford,,"Potomac, Md.",womens-basketball,2018,39.0180508,-77.1956331
Sereena Weledji,,"Overland Park, Kan.",womens-basketball,2018,38.9742502,-94.6851702
Ashley Russell,,"Braintree, Mass.",womens-basketball,2018,42.2205956,-71.0041229
Phoebe Sterba,,"Cleveland, Ohio",womens-basketball,2018,41.4996574,-81.6936772
Christina DiCindio,,"West Windsor, N.J.",womens-basketball,2018,40.2971798,-74.6206496
Emily Anderson,,"Bridgeville, Pa.",womens-basketball,2018,40.3561805,-80.1100556
Noelle Cahill,,"Parker, Colo.",womens-basketball,2018,39.5184514,-104.7612638
Princess Aghayere,,"Reston, Va.",womens-basketball,2018,38.953282,-77.3464516
Eleah Parker,,"Charlotte, N.C.",womens-basketball,2018,35.2272086,-80.8430827
Christina DiCindio,,"West Windsor, N.J.",womens-basketball,2019,40.2971798,-74.6206496
Kayla Padilla,,"Torrance, Calif.",womens-basketball,2019,33.8371392,-118.3413606
Noelle Cahill,,"Parker, Colo.",womens-basketball,2019,39.5184514,-104.7612638
Kennedy Suttle,,"Atlanta, Ga.",womens-basketball,2019,33.7544657,-84.3898151
Sereena Weledji,,"Overland Park, Kan.",womens-basketball,2019,38.9742502,-94.6851702
Eleah Parker,,"Charlotte, N.C.",womens-basketball,2019,35.2272086,-80.8430827
Silke Milliman,,"Hanover, N.H.",womens-basketball,2019,43.7023545,-72.2892164
Tori Crawford,,"Potomac, Md.",womens-basketball,2019,39.0180508,-77.1956331
Mia Lakstigala,,"Naperville, Ill.",womens-basketball,2019,41.7728699,-88.1479278
Katie Kinum,,"New Providence, N.J.",womens-basketball,2019,40.6984348,-74.4015405
Liz Satter,,"Glencoe, Ill.",womens-basketball,2019,42.1350268,-87.7581188
Meg Hair,,"Syracuse, N.Y.",womens-basketball,2019,43.0481221,-76.1474244
Kendall Grasela,,"Huntingdon Valley, Pa.",womens-basketball,2019,40.1226101,-75.0635049
Mandy McGurk,,"West Chester, Pa.",womens-basketball,2019,39.9597389,-75.6044609
Kenzie Wood,,"Carmel, Ind.",womens-basketball,2019,39.9784186,-86.1283681
Phoebe Sterba,,"Cleveland, Ohio",womens-basketball,2019,41.4996574,-81.6936772
Michae Jones,,"Thibodaux, La.",womens-basketball,2019,29.7957633,-90.822871
Faye Parker,,"Swampscott, Mass.",womens-basketball,2019,42.4699241,-70.9171507
Emily Anderson,,"Bridgeville, Pa.",womens-basketball,2019,40.3561805,-80.1100556
Christina DiCindio,,"West Windsor, N.J.",womens-basketball,2020,40.2971798,-74.6206496
Noelle Cahill,,"Parker, Colo.",womens-basketball,2020,39.5184514,-104.7612638
Lauren Charlton,,"Shavertown, Pa.",womens-basketball,2020,41.3198025,-75.9379761
Mia Lakstigala,,"Naperville, Ill.",womens-basketball,2020,41.7728699,-88.1479278
Tori Crawford,,"Potomac, Md.",womens-basketball,2020,39.0180508,-77.1956331
Silke Milliman,,"Hanover, N.H.",womens-basketball,2020,43.7023545,-72.2892164
Eleah Parker,,"Charlotte, N.C.",womens-basketball,2020,35.2272086,-80.8430827
Kayla Padilla,,"Torrance, Calif.",womens-basketball,2020,33.8371392,-118.3413606
Nikola Kovacikova,,"Krskany, Slovakia",womens-basketball,2020,48.2180616,18.6695447
Sereena Weledji,,"Overland Park, Kan.",womens-basketball,2020,38.9742502,-94.6851702
Katie Kinum,,"New Providence, N.J.",womens-basketball,2020,40.6984348,-74.4015405
Jordan Obi,,"Hartford, Conn.",womens-basketball,2020,41.7661621,-72.6732726
Mandy McGurk,,"West Chester, Pa.",womens-basketball,2020,39.9597389,-75.6044609
Faye Parker,,"Swampscott, Mass.",womens-basketball,2020,42.4699241,-70.9171507
Meg Hair,,"Syracuse, N.Y.",womens-basketball,2020,43.0481221,-76.1474244
Michaela Stanfield,,"Needham, Mass.",womens-basketball,2020,42.2802645,-71.2360624
Kennedy Suttle,,"Atlanta, Ga.",womens-basketball,2020,33.7544657,-84.3898151
Michae Jones,,"Thibodaux, La.",womens-basketball,2020,29.7957633,-90.822871
Kemari Reynolds,,"Manchester, N.J.",womens-basketball,2020,39.9734957,-74.3816966
Faye Parker,,"Swampscott, Mass.",womens-basketball,2021,42.4699241,-70.9171507
Sydnei Caldwell,,"Franklin Lakes, N.J.",womens-basketball,2021,41.0167639,-74.2057012
Kennedy Suttle,,"Atlanta, Ga.",womens-basketball,2021,33.7544657,-84.3898151
Mia Lakstigala,,"Naperville, Ill.",womens-basketball,2021,41.7728699,-88.1479278
Nikola Kovacikova,,"Krskany, Slovakia",womens-basketball,2021,48.2180616,18.6695447
Jordan Obi,,"Hartford, Conn.",womens-basketball,2021,41.7661621,-72.6732726
Iyanna Rogers,,"Richmond, Va.",womens-basketball,2021,37.5385087,-77.43428
Sima Visockaite,,"Kaunas, Lithuania",womens-basketball,2021,54.8982139,23.9044817
Kayla Padilla,,"Torrance, Calif.",womens-basketball,2021,33.8371392,-118.3413606
Silke Milliman,,"Hanover, N.H.",womens-basketball,2021,43.7023545,-72.2892164
Marianna Papazoglou,,"Wildwood, N.J.",womens-basketball,2021,38.9841969,-74.8142502
Stina Almqvist,,"Kinna, Sweden",womens-basketball,2021,57.5080076,12.6970568
Michaela Stanfield,,"Needham, Mass.",womens-basketball,2021,42.2802645,-71.2360624
Meg Hair,,"Syracuse, N.Y.",womens-basketball,2021,43.0481221,-76.1474244
Lizzy Groetsch,,"Sewickley, Pa.",womens-basketball,2021,40.5403417,-80.1805269
Mandy McGurk,,"West Chester, Pa.",womens-basketball,2021,39.9597389,-75.6044609
Silke Milliman,,"Hanover, N.H.",womens-basketball,2022,43.7023545,-72.2892164
Isabel Gomez,,"Newport Beach, Calif.",womens-basketball,2022,33.6170092,-117.9294401
Sydnei Caldwell,,"Franklin Lakes, N.J.",womens-basketball,2022,41.0167639,-74.2057012
Simone Sawyer,,"Lincolnshire, Ill.",womens-basketball,2022,42.1900249,-87.9084039
Iyanna Rogers,,"Richmond, Va.",womens-basketball,2022,37.5385087,-77.43428
Stina Almqvist,,"Kinna, Sweden",womens-basketball,2022,57.5080076,12.6970568
Georgia Heine,,"Spring Lake Heights, N.J.",womens-basketball,2022,40.1532197,-74.0438803
Lizzy Groetsch,,"Sewickley, Pa.",womens-basketball,2022,40.5403417,-80.1805269
Kayla Padilla,,"Torrance, Calif.",womens-basketball,2022,33.8371392,-118.3413606
Marianna Papazoglou,,"Wildwood, N.J.",womens-basketball,2022,38.9841969,-74.8142502
Helena Lasic,,"Brampton, Ontario",womens-basketball,2022,43.685832,-79.7599366
Faye Parker,,"Swampscott, Mass.",womens-basketball,2022,42.4699241,-70.9171507
Jordan Obi,,"Hartford, Conn.",womens-basketball,2022,41.7661621,-72.6732726
Saniah Caldwell,,"Franklin Lakes, N.J.",womens-basketball,2022,41.0167639,-74.2057012
Floor Toonders,,"Wageningen, The Netherlands",womens-basketball,2022,51.9663016,5.6662814
Michaela Stanfield,,"Needham, Mass.",womens-basketball,2022,42.2802645,-71.2360624
Mandy McGurk,,"West Chester, Pa.",womens-basketball,2022,39.9597389,-75.6044609
Ella Ray,,"El Dorado Hills, Calif.",womens-basketball,2022,38.6827365,-121.0536827
Marianna Papazoglou,,"Wildwood, N.J.",womens-basketball,2023,38.9841969,-74.8142502
Iyanna Rogers,,"Richmond, Va.",womens-basketball,2023,37.5385087,-77.43428
Michaela Stanfield,,"Needham, Mass.",womens-basketball,2023,42.2802645,-71.2360624
Saniah Caldwell,,"Franklin Lakes, N.J.",womens-basketball,2023,41.0167639,-74.2057012
Simone Sawyer,,"Lincolnshire, Ill.",womens-basketball,2023,42.1900249,-87.9084039
Stina Almqvist,,"Kinna, Sweden",womens-basketball,2023,57.5080076,12.6970568
Tina Njike,,"Salt Lake City, Utah",womens-basketball,2023,40.7596198,-111.886797
Jordan Obi,,"Hartford, Conn.",womens-basketball,2023,41.7661621,-72.6732726
Georgia Heine,,"Spring Lake Heights, N.J.",womens-basketball,2023,40.1532197,-74.0438803
Mataya Gayle,,"Woodstock, Ga.",womens-basketball,2023,34.1014112,-84.5192192
Tobi Ademuwagun,,"Houston, Texas",womens-basketball,2023,29.7589382,-95.3676974
Ese Ogbevire,,"Houston, Texas",womens-basketball,2023,29.7589382,-95.3676974
Floor Toonders,,"Wageningen, The Netherlands",womens-basketball,2023,51.9663016,5.6662814
Helena Lasic,,"Brampton, Ontario",womens-basketball,2023,43.685832,-79.7599366
Lizzy Groetsch,,"Sewickley, Pa.",womens-basketball,2023,40.5403417,-80.1805269
Abby Sharpe,,"Lafayette Hill, Pa.",womens-basketball,2023,40.0939993,-75.2529568
Simone Sawyer,,"Lincolnshire, Ill.",womens-basketball,2024,42.1900249,-87.9084039
Ese Ogbevire,,"Houston, Texas",womens-basketball,2024,29.7589382,-95.3676974
Mataya Gayle,,"Woodstock, Ga.",womens-basketball,2024,34.1014112,-84.5192192
Abby Sharpe,,"Lafayette Hill, Pa.",womens-basketball,2024,40.0939993,-75.2529568
Lizzy Groetsch,,"Sewickley, Pa.",womens-basketball,2024,40.5403417,-80.1805269
Katie Collins,,"Manasquan, N.J.",womens-basketball,2024,40.126226,-74.049304
Helena Lasic,,"Brampton, Ontario",womens-basketball,2024,43.685832,-79.7599366
Gabriella Kelley,,"San Francisco, Calif.",womens-basketball,2024,37.7879363,-122.4075201
Brooke Suttle,,"Atlanta, Ga.",womens-basketball,2024,33.7544657,-84.3898151
Reagan Jamison,,"Vancouver, Wash.",womens-basketball,2024,45.6306954,-122.6744557
Stina Almqvist,,"Kinna, Sweden",womens-basketball,2024,57.5080076,12.6970568
Saniah Caldwell,,"Franklin Lakes, N.J.",womens-basketball,2024,41.0167639,-74.2057012
Tina Njike,,"Salt Lake City, Utah",womens-basketball,2024,40.7596198,-111.886797
Sarah Miller,,"Phoenix, Ariz.",womens-basketball,2024,33.4484367,-112.074141
Ashna Tambe,,"Plano, Texas",womens-basketball,2024,33.0136764,-96.6925096
Georgia Heine,,"Spring Lake Heights, N.J.",womens-basketball,2024,40.1532197,-74.0438803
Ruke Ogbevire,,"Houston, Texas",womens-basketball,2025,29.7589382,-95.3676974
Saniah Caldwell,,"Franklin Lakes, N.J.",womens-basketball,2025,41.0167639,-74.2057012
Ari Paraskevopoulou,,"Athens, Greece",womens-basketball,2025,37.9755648,23.7348324
Georgia Heine,,"Spring Lake Heights, N.J.",womens-basketball,2025,40.1532197,-74.0438803
Mataya Gayle,,"Woodstock, Ga.",womens-basketball,2025,34.1014112,-84.5192192
Kate Lipatova,,"Moscow, Russia",womens-basketball,2025,55.625578,37.6063916
Abby Sharpe,,"Lafayette Hill, Pa.",womens-basketball,2025,40.0939993,-75.2529568
Brooke Suttle,,"Atlanta, Ga.",womens-basketball,2025,33.7544657,-84.3898151
Sarah Gordon,,"Vestavia Hills, Ala.",womens-basketball,2025,33.4487989,-86.7879492
Katie Collins,,"Manasquan, N.J.",womens-basketball,2025,40.126226,-74.049304
Tina Njike,,"Salt Lake City, Utah",womens-basketball,2025,40.7596198,-111.886797
Sarah Miller,,"Phoenix, Ariz.",womens-basketball,2025,33.4484367,-112.074141
Simone Sawyer,,"Lincolnshire, Ill.",womens-basketball,2025,42.1900249,-87.9084039
Reagan Jamison,,"Vancouver, Wash.",womens-basketball,2025,45.6306954,-122.6744557
Ese Ogbevire,,"Houston, Texas",womens-basketball,2025,29.7589382,-95.3676974
Gabriella Kelley,,"San Francisco, Calif.",womens-basketball,2025,37.7879363,-122.4075201
Ashna Tambe,,"Plano, Texas",womens-basketball,2025,33.0136764,-96.6925096
Katie Collins,,"Manasquan, N.J.",womens-basketball,2026,40.126226,-74.049304
Rachel Thatcher,,"Haddon Township, N.J.",womens-basketball,2026,39.8976132,-75.0960074
Ese Ogbevire,,"Houston, Texas",womens-basketball,2026,29.7589382,-95.3676974
Mataya Gayle,,"Woodstock, Ga.",womens-basketball,2026,34.1014112,-84.5192192
Kate Lipatova,,"Moscow, Russia",womens-basketball,2026,55.625578,37.6063916
Abby Sharpe,,"Lafayette Hill, Pa.",womens-basketball,2026,40.0939993,-75.2529568
Candice Lienafa,,"Quebec, Canada",womens-basketball,2026,52.4760892,-71.8258668
Jayah Curtis,,"Parsippany, NJ",womens-basketball,2026,40.8623835,-74.4032354
Tina Njike,,"Salt Lake City, Utah",womens-basketball,2026,40.7596198,-111.886797
Ari Paraskevopoulou,,"Athens, Greece",womens-basketball,2026,37.9755648,23.7348324
Madison Kocis,,"Chatham, N.J.",womens-basketball,2026,40.7409242,-74.3836711
Brooke Suttle,,"Atlanta, Ga.",womens-basketball,2026,33.7544657,-84.3898151
Ashna Tambe,,"Plano, Texas",womens-basketball,2026,33.0136764,-96.6925096
Christina Pham,,"Boston, Mass.",womens-basketball,2026,42.3588336,-71.0578303
Ava Jones,,"Memphis, Tenn.",womens-basketball,2026,35.146026,-90.0517786
Gabriella Kelley,,"San Francisco, Calif.",womens-basketball,2026,37.7879363,-122.4075201
Caroline Arnett,,"Pennington, N.J.",womens-rowing,2016,40.3281213,-74.7909992
Holly Butrico,,"Warren, N.J.",womens-rowing,2016,40.8602222,-74.9720493
Ciara Multari,,"LaSalle, Ontario",womens-rowing,2016,42.2138196,-83.0644085
Natalie Reynolds,,"Darien, Conn.",womens-rowing,2016,41.0787079,-73.4692873
Haley Rugh,,"Middletown, Conn.",womens-rowing,2016,41.5623178,-72.6509061
Regina Salmons,,"Methuen, Mass.",womens-rowing,2016,42.7262016,-71.1908924
Abigail Scheetz,,"Exeter, N.H.",womens-rowing,2016,42.981477,-70.9478343
Sarah Scheid,,"Oakmont, Pa.",womens-rowing,2016,40.5217347,-79.8422719
Romy Simpson,,"Kenwood, Calif.",womens-rowing,2016,38.4135615,-122.5347521
Anna Sparrow,,"Haddonfield, N.J.",womens-rowing,2016,39.8915022,-75.0376707
Laurie Ellen Moore,,"Charlotte, N.C.",womens-rowing,2016,35.2272086,-80.8430827
Jenny Hosler,,"Piedmont, Calif.",womens-rowing,2016,37.8243715,-122.231635
Sarah Henry,,"Manhasset, N.Y.",womens-rowing,2016,40.786702,-73.6967338
Alex Takei,,"Maple Glen, Pa.",womens-rowing,2016,40.178412,-75.1778197
Louise Tanski,,"Mount Hermon, Mass.",womens-rowing,2016,42.4964846,-70.9786617
Alex Ulin,,"Santa Monica, Calif.",womens-rowing,2016,34.0194704,-118.491227
Mariana Vega,,"Needham, Mass.",womens-rowing,2016,42.2802645,-71.2360624
Evangeline Williams,,"Severna Park, Md.",womens-rowing,2016,39.0826193,-76.5719676
Natasha Wood,,"San Francisco, Calif.",womens-rowing,2016,37.7879363,-122.4075201
Shannon Merboth,,"Gansevoort, N.Y.",womens-rowing,2016,43.1962051,-73.6513967
Susan Maroney,,"Port Washington, N.Y.",womens-rowing,2016,40.8263965,-73.684993
Grace Johnson,,"Westport, Conn.",womens-rowing,2016,41.1414855,-73.3578955
Taylor Byxbee,,"Indianapolis, Ind.",womens-rowing,2016,39.7683331,-86.1583502
Natalie Zeng,,"Libertyville, Ill.",womens-rowing,2016,42.2830786,-87.9531303
Kate Cebry,,"Bedford, Mass.",womens-rowing,2016,42.4917301,-71.2817947
Alex Cirone,,"New York, N.Y.",womens-rowing,2016,40.7127281,-74.0060152
Emma Cruz,,"Garden Grove, Calif.",womens-rowing,2016,33.7746292,-117.9463717
Isabella Essex,,"London, England",womens-rowing,2016,51.5074456,-0.1277653
Katie Harlow,,"Locust Valley, N.Y.",womens-rowing,2016,40.8775225,-73.5723052
Ellie Harned,,"Darien, Conn.",womens-rowing,2016,41.0787079,-73.4692873
Frances Kane,,"Seaville, N.J.",womens-rowing,2016,39.2131405,-74.7102049
Alaina Hunt,,"Lansdale, Pa.",womens-rowing,2016,40.2414952,-75.2837862
Lexi Slotkoff,,"McLean, Va.",womens-rowing,2016,38.9366852,-77.185843
Lilli Leight,,"Coral Gables, Fla.",womens-rowing,2016,25.7331105,-80.2585107
Reina Kern,,"Princeton, N.J.",womens-rowing,2016,40.3496953,-74.6597376
Sarah Klippel,,"Bryn Mawr, Pa.",womens-rowing,2016,40.0238245,-75.3173407
Christina Knox,,"Philadelphia, Pa.",womens-rowing,2016,39.9527237,-75.1635262
Victoria Korine,,"Dix Hills, N.Y.",womens-rowing,2016,40.802847,-73.3371556
Tess LaPatra,,"Seattle, Wash.",womens-rowing,2016,47.6038321,-122.330062
Jillian Lundstrom,,"Orinda, Calif.",womens-rowing,2016,37.8771476,-122.1796888
Emma Brown,,"Philadelphia, Pa.",womens-rowing,2016,39.9527237,-75.1635262
Zoey Binder,,"Buffalo, N.Y.",womens-rowing,2016,42.8864163,-78.8781493
Natasha Wood,,"San Francisco, Calif.",womens-rowing,2017,37.7879363,-122.4075201
Anna Polise,,"Arlington, Va.",womens-rowing,2017,38.8769326,-77.0893094
Haley Rugh,,"Middletown, Conn.",womens-rowing,2017,41.5623178,-72.6509061
Laurie Ellen Moore,,"Charlotte, N.C.",womens-rowing,2017,35.2272086,-80.8430827
Noa Ortiz-Langleben,,"Riverhead, N.Y.",womens-rowing,2017,40.9168692,-72.6624189
Maggie Osumi,,"Costa Mesa, Calif.",womens-rowing,2017,33.6633386,-117.903317
Sophie Perez,,"Greenwich, Conn.",womens-rowing,2017,41.0264862,-73.6284598
Regina Salmons,,"Methuen, Mass.",womens-rowing,2017,42.7262016,-71.1908924
Lauren Squitieri,,"Wilton, Conn.",womens-rowing,2017,41.1953739,-73.4378988
Ailbhe Wallis,,"Cupertino, Calif.",womens-rowing,2017,37.3228934,-122.0322895
Sarah Scheid,,"Oakmont, Pa.",womens-rowing,2017,40.5217347,-79.8422719
Ellie Harned,,"Darien, Conn.",womens-rowing,2017,41.0787079,-73.4692873
Romy Simpson,,"Kenwood, Calif.",womens-rowing,2017,38.4135615,-122.5347521
Caroline Riise,,"Chicago, Ill.",womens-rowing,2017,41.8755616,-87.6244212
Mariana Vega,,"Needham, Mass.",womens-rowing,2017,42.2802645,-71.2360624
Natalie Zeng,,"Libertyville, Ill.",womens-rowing,2017,42.2830786,-87.9531303
Louise Tanski,,"Mount Hermon, Mass.",womens-rowing,2017,42.4964846,-70.9786617
Quinlyn Spellmeyer,,"Kensington, Md.",womens-rowing,2017,39.0258405,-77.0750246
Ella Kemp,,"Ridgefield, Conn.",womens-rowing,2017,41.2814842,-73.4981792
Sarah Henry,,"Manhasset, N.Y.",womens-rowing,2017,40.786702,-73.6967338
Susan Maroney,,"Port Washington, N.Y.",womens-rowing,2017,40.8263965,-73.684993
Tess LaPatra,,"Seattle, Wash.",womens-rowing,2017,47.6038321,-122.330062
Jillian Lundstrom,,"Orinda, Calif.",womens-rowing,2017,37.8771476,-122.1796888
Evangeline Williams,,"Severna Park, Md.",womens-rowing,2017,39.0826193,-76.5719676
Taylor Byxbee,,"Indianapolis, Ind.",womens-rowing,2017,39.7683331,-86.1583502
Katarina de Gentile-Williams,,"London, England",womens-rowing,2017,51.5074456,-0.1277653
Leila Ashtaryeh,,"Toronto, Ontario",womens-rowing,2017,43.6534817,-79.3839347
Maddie Magee,,"South Pasadena, Calif.",womens-rowing,2017,34.1133062,-118.1478291
Sarah Brunsberg,,"London, England",womens-rowing,2017,51.5074456,-0.1277653
Holly Butrico,,"Warren, N.J.",womens-rowing,2017,40.8602222,-74.9720493
Alice Goulding,,"South Bend, Ind.",womens-rowing,2017,41.6833813,-86.2500066
Alaina Hunt,,"Lansdale, Pa.",womens-rowing,2017,40.2414952,-75.2837862
Sky Karasik,,"Marina Del Rey, Calif.",womens-rowing,2017,33.9776848,-118.448647
Alex Ulin,,"Santa Monica, Calif.",womens-rowing,2017,34.0194704,-118.491227
Grace Johnson,,"Westport, Conn.",womens-rowing,2017,41.1414855,-73.3578955
Jessica Mixon,,"Brentwood, Tenn.",womens-rowing,2017,36.0325687,-86.7825235
Kendall Bearly-Malinowski,,"San Anselmo, Calif.",womens-rowing,2017,37.9744323,-122.561503
Victoria Korine,,"Dix Hills, N.Y.",womens-rowing,2017,40.802847,-73.3371556
Abigail Scheetz,,"Exeter, N.H.",womens-rowing,2017,42.981477,-70.9478343
Sarah Klippel,,"Bryn Mawr, Pa.",womens-rowing,2017,40.0238245,-75.3173407
Caroline Arnett,,"Pennington, N.J.",womens-rowing,2017,40.3281213,-74.7909992
Reina Kern,,"Princeton, N.J.",womens-rowing,2017,40.3496953,-74.6597376
Frances Kane,,"Seaville, N.J.",womens-rowing,2017,39.2131405,-74.7102049
Reagan Coats,,"Acworth, Ga.",womens-rowing,2018,34.0659329,-84.6768796
Mia Barkenbush,,"West Windsor, N.J.",womens-rowing,2018,40.2971798,-74.6206496
Katarina de Gentile-Williams,,"London, England",womens-rowing,2018,51.5074456,-0.1277653
Grace Johnson,,"Westport, Conn.",womens-rowing,2018,41.1414855,-73.3578955
Allison Kinne,,"Great Barrington, Mass.",womens-rowing,2018,42.1939364,-73.362773
Holly Butrico,,"Warren, N.J.",womens-rowing,2018,40.8602222,-74.9720493
Reina Kern,,"Princeton, N.J.",womens-rowing,2018,40.3496953,-74.6597376
Leila Ashtaryeh,,"Toronto, Ontario",womens-rowing,2018,43.6534817,-79.3839347
Alaina Hunt,,"Lansdale, Pa.",womens-rowing,2018,40.2414952,-75.2837862
Mariana Vega,,"Needham, Mass.",womens-rowing,2018,42.2802645,-71.2360624
Caroline Arnett,,"Pennington, N.J.",womens-rowing,2018,40.3281213,-74.7909992
Izzy Harrington,,"Dallas, Texas",womens-rowing,2018,32.7762719,-96.7968559
Janneke Evans,,"New York, N.Y.",womens-rowing,2018,40.7127281,-74.0060152
Frances Kane,,"Seaville, N.J.",womens-rowing,2018,39.2131405,-74.7102049
Eleanor Funck,,"Wilmette, Ill.",womens-rowing,2018,42.076066,-87.7115555
Emmeline Endresen,,"Duxbury, Mass.",womens-rowing,2018,42.0417695,-70.672259
Sarah Brunsberg,,"London, England",womens-rowing,2018,51.5074456,-0.1277653
Sofi de la Sierra,,"Greenwich, Conn.",womens-rowing,2018,41.0264862,-73.6284598
Ellie Harned,,"Darien, Conn.",womens-rowing,2018,41.0787079,-73.4692873
Halle Wasser,,"Brecksville, Ohio",womens-rowing,2018,41.3197763,-81.6267904
Kendall Bearly-Malinowski,,"San Anselmo, Calif.",womens-rowing,2018,37.9744323,-122.561503
Kaitlyn Tonsfeldt,,"Atherton, Calif.",womens-rowing,2018,37.453773,-122.2058272
Keelee Pullum,,"Bowling Green, Ky.",womens-rowing,2018,36.9929203,-86.4428677
Susan Maroney,,"Port Washington, N.Y.",womens-rowing,2018,40.8263965,-73.684993
Noa Ortiz-Langleben,,"Riverhead, N.Y.",womens-rowing,2018,40.9168692,-72.6624189
Josie Konopka,,"Philadelphia, Pa.",womens-rowing,2018,39.9527237,-75.1635262
Emily Strambi,,"Burlingame, Calif.",womens-rowing,2018,37.5780965,-122.3473099
Tess LaPatra,,"Seattle, Wash.",womens-rowing,2018,47.6038321,-122.330062
Samantha Pancoe,,"Elkins Park, Pa.",womens-rowing,2018,40.0770553,-75.1268413
Quinlyn Spellmeyer,,"Kensington, Md.",womens-rowing,2018,39.0258405,-77.0750246
Jessica Mixon,,"Brentwood, Tenn.",womens-rowing,2018,36.0325687,-86.7825235
Sophia Poersch,,"Bethesda, Md.",womens-rowing,2018,38.9812726,-77.1233587
Anna Polise,,"Arlington, Va.",womens-rowing,2018,38.8769326,-77.0893094
Abigail Scheetz,,"Exeter, N.H.",womens-rowing,2018,42.981477,-70.9478343
Sophie Lovering,,"Ellicott City, Md.",womens-rowing,2018,39.2757359,-76.8317417
Sarah Scheid,,"Oakmont, Pa.",womens-rowing,2018,40.5217347,-79.8422719
Chloe Rosenberg,,"Montclair, N.J.",womens-rowing,2018,40.8164458,-74.2210643
Camilla Ryder,,"Washington, D.C.",womens-rowing,2018,38.8950982,-77.0363849
Bianca Pourmussa,,"Los Angeles, Calif.",womens-rowing,2018,34.0536909,-118.242766
Annelise Rowling,,"Haddonfield, N.J.",womens-rowing,2018,39.8915022,-75.0376707
Romy Simpson,,"Kenwood, Calif.",womens-rowing,2018,38.4135615,-122.5347521
Maggie Osumi,,"Costa Mesa, Calif.",womens-rowing,2018,33.6633386,-117.903317
Anna Polise,,"Arlington, Va.",womens-rowing,2019,38.8769326,-77.0893094
Jessica Mixon,,"Brentwood, Tenn.",womens-rowing,2019,36.0325687,-86.7825235
Romy Simpson,,"Kenwood, Calif.",womens-rowing,2019,38.4135615,-122.5347521
Chloe Rosenberg,,"Montclair, N.J.",womens-rowing,2019,40.8164458,-74.2210643
Sophia Poersch,,"Bethesda, Md.",womens-rowing,2019,38.9812726,-77.1233587
Aislinn Sullivan,,"Boca Raton, Fla.",womens-rowing,2019,26.3586885,-80.0830984
Quinlyn Spellmeyer,,"Kensington, Md.",womens-rowing,2019,39.0258405,-77.0750246
Annelise Rowling,,"Haddonfield, N.J.",womens-rowing,2019,39.8915022,-75.0376707
Sylvie Tuder,,"Princeton, N.J.",womens-rowing,2019,40.3496953,-74.6597376
Emily Strambi,,"Burlingame, Calif.",womens-rowing,2019,37.5780965,-122.3473099
Kaitlyn Tonsfeldt,,"Atherton, Calif.",womens-rowing,2019,37.453773,-122.2058272
Kimmy Troeller,,"Montclair, N.J.",womens-rowing,2019,40.8164458,-74.2210643
Noa Ortiz-Langleben,,"Riverhead, N.Y.",womens-rowing,2019,40.9168692,-72.6624189
Sammi Janower,,"Needham, Mass.",womens-rowing,2019,42.2802645,-71.2360624
Susan Maroney,,"Port Washington, N.Y.",womens-rowing,2019,40.8263965,-73.684993
Maggie Osumi,,"Costa Mesa, Calif.",womens-rowing,2019,33.6633386,-117.903317
Jasmin Riksen,,"Irvine, Calif.",womens-rowing,2019,33.6856969,-117.825981
Sarah Scheid,,"Oakmont, Pa.",womens-rowing,2019,40.5217347,-79.8422719
Michelle Lu,,"Bridgewater, N.J.",womens-rowing,2019,40.5598127,-74.5517146
Kate Maietta,,"Wayland, Mass.",womens-rowing,2019,42.3632063,-71.3606721
Mia Andersen,,"London, England",womens-rowing,2019,51.5074456,-0.1277653
Izzy Harrington,,"Dallas, Texas",womens-rowing,2019,32.7762719,-96.7968559
Halle Wasser,,"Brecksville, Ohio",womens-rowing,2019,41.3197763,-81.6267904
Leila Ashtaryeh,,"Toronto, Ontario",womens-rowing,2019,43.6534817,-79.3839347
Josie Konopka,,"Philadelphia, Pa.",womens-rowing,2019,39.9527237,-75.1635262
Frances Kane,,"Seaville, N.J.",womens-rowing,2019,39.2131405,-74.7102049
Sarah Brunsberg,,"London, England",womens-rowing,2019,51.5074456,-0.1277653
Liesl Dietrich,,"Clarence, N.Y.",womens-rowing,2019,42.9768372,-78.5930999
Aanika Beller,,"Eugene, Ore.",womens-rowing,2019,44.0505054,-123.0950506
Holly Butrico,,"Warren, N.J.",womens-rowing,2019,40.8602222,-74.9720493
Catherine Kiyonaga,,"Chevy Chase, Md.",womens-rowing,2019,38.9813699,-77.0849245
Emmeline Endresen,,"Duxbury, Mass.",womens-rowing,2019,42.0417695,-70.672259
Eleanor Funck,,"Wilmette, Ill.",womens-rowing,2019,42.076066,-87.7115555
Janneke Evans,,"New York, N.Y.",womens-rowing,2019,40.7127281,-74.0060152
Caroline Arnett,,"Pennington, N.J.",womens-rowing,2019,40.3281213,-74.7909992
Helena Wolk,,"Princeton, N.J.",womens-rowing,2019,40.3496953,-74.6597376
Sophie Lovering,,"Ellicott City, Md.",womens-rowing,2019,39.2757359,-76.8317417
Julie Valois,,"Dallas, Texas",womens-rowing,2020,32.7762719,-96.7968559
Anna Polise,,"Arlington, Va.",womens-rowing,2020,38.8769326,-77.0893094
Chloe Rosenberg,,"Montclair, N.J.",womens-rowing,2020,40.8164458,-74.2210643
Clara Sutherland,,"Rye, N.Y.",womens-rowing,2020,40.9821371,-73.6840902
Camilla Ryder,,"Washington, D.C.",womens-rowing,2020,38.8950982,-77.0363849
Samantha Ronca,,"Westport, Conn.",womens-rowing,2020,41.1414855,-73.3578955
Halle Wasser,,"Brecksville, Ohio",womens-rowing,2020,41.3197763,-81.6267904
Kaitlyn Tonsfeldt,,"Atherton, Calif.",womens-rowing,2020,37.453773,-122.2058272
Alexandra Wiley,,"Niagara-on-the-Lake, Ontario",womens-rowing,2020,43.2556116,-79.0723264
Simone Vorperian,,"Fitchburg, Wis.",womens-rowing,2020,43.0020919,-89.423817
Maggie Osumi,,"Costa Mesa, Calif.",womens-rowing,2020,33.6633386,-117.903317
Jessica Mixon,,"Brentwood, Tenn.",womens-rowing,2020,36.0325687,-86.7825235
Ava Brook,,"Newton, N.J.",womens-rowing,2020,41.0583121,-74.7531445
Noa Ortiz-Langleben,,"Riverhead, N.Y.",womens-rowing,2020,40.9168692,-72.6624189
Sylvie Tuder,,"Princeton, N.J.",womens-rowing,2020,40.3496953,-74.6597376
Aislinn Sullivan,,"Boca Raton, Fla.",womens-rowing,2020,26.3586885,-80.0830984
Kimmy Troeller,,"Montclair, N.J.",womens-rowing,2020,40.8164458,-74.2210643
Amelia Demopoulos,,"Durham, N.H.",womens-rowing,2020,43.1214141,-70.9177186
Ashley Cotter,,"Winnetka, Ill.",womens-rowing,2020,42.1080703,-87.7365286
Helena Wolk,,"Princeton, N.J.",womens-rowing,2020,40.3496953,-74.6597376
Michelle Lu,,"Bridgewater, N.J.",womens-rowing,2020,40.5598127,-74.5517146
Eve Chiarello,,"Ocean City, N.J.",womens-rowing,2020,39.2788685,-74.5762507
Mia Andersen,,"London, England",womens-rowing,2020,51.5074456,-0.1277653
Emily Strambi,,"Burlingame, Calif.",womens-rowing,2020,37.5780965,-122.3473099
Lily Mersky,,"Haddonfield, N.J.",womens-rowing,2020,39.8915022,-75.0376707
Aanika Beller,,"Eugene, Ore.",womens-rowing,2020,44.0505054,-123.0950506
Bella Dibbini,,"Bronxville, N.Y.",womens-rowing,2020,40.9381544,-73.8320784
Emmeline Endresen,,"Duxbury, Mass.",womens-rowing,2020,42.0417695,-70.672259
Sarah Brunsberg,,"London, England",womens-rowing,2020,51.5074456,-0.1277653
Maddie Dempsey,,"West Simsbury, Conn.",womens-rowing,2020,41.8784634,-72.8435645
Alison Liu,,"Carlisle, Mass.",womens-rowing,2020,42.5292605,-71.3495035
Kate Maietta,,"Wayland, Mass.",womens-rowing,2020,42.3632063,-71.3606721
Izzy Harrington,,"Dallas, Texas",womens-rowing,2020,32.7762719,-96.7968559
Leila Ashtaryeh,,"Toronto, Ontario",womens-rowing,2020,43.6534817,-79.3839347
Eleanor Funck,,"Wilmette, Ill.",womens-rowing,2020,42.076066,-87.7115555
Jasmin Riksen,,"Irvine, Calif.",womens-rowing,2020,33.6856969,-117.825981
Quinlyn Spellmeyer,,"Kensington, Md.",womens-rowing,2020,39.0258405,-77.0750246
Janneke Evans,,"New York, N.Y.",womens-rowing,2020,40.7127281,-74.0060152
Catherine Kiyonaga,,"Chevy Chase, Md.",womens-rowing,2020,38.9813699,-77.0849245
Catherine Moore,,"Dallas, Texas",womens-rowing,2020,32.7762719,-96.7968559
Sophie Lovering,,"Ellicott City, Md.",womens-rowing,2020,39.2757359,-76.8317417
Annelise Rowling,,"Haddonfield, N.J.",womens-rowing,2020,39.8915022,-75.0376707
Madison Kelly,,"Sewell, N.J.",womens-rowing,2020,39.770683,-75.1438863
Aanika Beller,,"Eugene, Ore.",womens-rowing,2021,44.0505054,-123.0950506
Clara Sutherland,,"Rye, N.Y.",womens-rowing,2021,40.9821371,-73.6840902
Cami Edwards,,"Sarasota, Fla.",womens-rowing,2021,27.3365805,-82.5308545
Bella Dibbini,,"Bronxville, N.Y.",womens-rowing,2021,40.9381544,-73.8320784
Sophie Lovering,,"Ellicott City, Md.",womens-rowing,2021,39.2757359,-76.8317417
Lily Mersky,,"Haddonfield, N.J.",womens-rowing,2021,39.8915022,-75.0376707
Sophia Pappano,,"Villanova, Pa.",womens-rowing,2021,40.0411671,-75.3310527
Sophia Poersch,,"Bethesda, Md.",womens-rowing,2021,38.9812726,-77.1233587
Samantha Ronca,,"Westport, Conn.",womens-rowing,2021,41.1414855,-73.3578955
Chloe Rosenberg,,"Montclair, N.J.",womens-rowing,2021,40.8164458,-74.2210643
Samy Morton,,Hong Kong,womens-rowing,2021,22.2818333,114.1582831
Helena Wolk,,"Princeton, N.J.",womens-rowing,2021,40.3496953,-74.6597376
Celia Gallagher,,"Wayne, Pa.",womens-rowing,2021,41.6264414,-75.3045103
Catherine Moore,,"Dallas, Texas",womens-rowing,2021,32.7762719,-96.7968559
Michelle Lu,,"Bridgewater, N.J.",womens-rowing,2021,40.5598127,-74.5517146
Simone Vorperian,,"Fitchburg, Wis.",womens-rowing,2021,43.0020919,-89.423817
Julie Valois,,"Dallas, Texas",womens-rowing,2021,32.7762719,-96.7968559
Alexandra Wiley,,"Niagara-on-the-Lake, Ontario",womens-rowing,2021,43.2556116,-79.0723264
Halle Wasser,,"Brecksville, Ohio",womens-rowing,2021,41.3197763,-81.6267904
Jackie Oruci,,"Oyster Bay, N.Y.",womens-rowing,2021,40.7696568,-73.4998608
Ella Valencia,,"Lansdale, Pa.",womens-rowing,2021,40.2414952,-75.2837862
Annelise Rowling,,"Haddonfield, N.J.",womens-rowing,2021,39.8915022,-75.0376707
Kate Maietta,,"Wayland, Mass.",womens-rowing,2021,42.3632063,-71.3606721
Josie Konopka,,"Philadelphia, Pa.",womens-rowing,2021,39.9527237,-75.1635262
Emily Strambi,,"Burlingame, Calif.",womens-rowing,2021,37.5780965,-122.3473099
Caroline Soska,,"Dover, Mass.",womens-rowing,2021,42.2452466,-71.2823588
Hannah Lemanowicz,,"Ambler, Pa.",womens-rowing,2021,40.1544727,-75.2221643
Alessandra Bennion,,"Seattle, Wash.",womens-rowing,2021,47.6038321,-122.330062
Dillon Brown,,"Wellesley, Mass.",womens-rowing,2021,42.2964859,-71.2925571
Aislinn Sullivan,,"Boca Raton, Fla.",womens-rowing,2021,26.3586885,-80.0830984
Ashley Cotter,,"Winnetka, Ill.",womens-rowing,2021,42.1080703,-87.7365286
Amelia Demopoulos,,"Durham, N.H.",womens-rowing,2021,43.1214141,-70.9177186
Kate Butcher,,Singapore,womens-rowing,2021,1.357107,103.8194992
Marren Burgess,,"Wilmette, Ill.",womens-rowing,2021,42.076066,-87.7115555
Sophie Klessel,,"Bronxville, N.Y.",womens-rowing,2021,40.9381544,-73.8320784
Samantha Green,,"Park Ridge, N.J.",womens-rowing,2021,41.035965,-74.0415551
Eve Chiarello,,"Ocean City, N.J.",womens-rowing,2021,39.2788685,-74.5762507
Maddie Dempsey,,"West Simsbury, Conn.",womens-rowing,2021,41.8784634,-72.8435645
Isabella Humbert,,"Raleigh, N.C.",womens-rowing,2021,35.7803977,-78.6390989
Izzy Harrington,,"Dallas, Texas",womens-rowing,2021,32.7762719,-96.7968559
Catherine Kiyonaga,,"Chevy Chase, Md.",womens-rowing,2021,38.9813699,-77.0849245
Thea Kerekes,,"Wynnewood, Pa.",womens-rowing,2021,40.0028514,-75.2707469
Brooke Caragher,,"Seattle, Wash.",womens-rowing,2021,47.6038321,-122.330062
Claire Devine,,"Norwalk, Conn.",womens-rowing,2021,41.1175966,-73.4078968
Brittany Newman,,"Princeton, N.J.",womens-rowing,2022,40.3496953,-74.6597376
Kate Maietta,,"Wayland, Mass.",womens-rowing,2022,42.3632063,-71.3606721
Jackie Oruci,,"Oyster Bay, N.Y.",womens-rowing,2022,40.7696568,-73.4998608
Aislinn Sullivan,,"Boca Raton, Fla.",womens-rowing,2022,26.3586885,-80.0830984
Griffin Pitt,,"Charlotte, N.C.",womens-rowing,2022,35.2272086,-80.8430827
Thea Kerekes,,"Wynnewood, Pa.",womens-rowing,2022,40.0028514,-75.2707469
Sophia Poersch,,"Bethesda, Md.",womens-rowing,2022,38.9812726,-77.1233587
Maya Spunberg,,"Pelham, N.Y.",womens-rowing,2022,40.9098215,-73.8079111
Hannah Lemanowicz,,"Ambler, Pa.",womens-rowing,2022,40.1544727,-75.2221643
Emma Gray,,"Johannesburg, South Africa",womens-rowing,2022,-26.205,28.049722
Rose Baharie,,"London, England",womens-rowing,2022,51.5074456,-0.1277653
Helena Wolk,,"Princeton, N.J.",womens-rowing,2022,40.3496953,-74.6597376
Lily Mersky,,"Haddonfield, N.J.",womens-rowing,2022,39.8915022,-75.0376707
Clara Sutherland,,"Rye, N.Y.",womens-rowing,2022,40.9821371,-73.6840902
Caroline Schuldt,,"St. Louis, Mo.",womens-rowing,2022,38.6254063,-90.190009
Samy Morton,,Hong Kong,womens-rowing,2022,22.2818333,114.1582831
Simone Vorperian,,"Fitchburg, Wis.",womens-rowing,2022,43.0020919,-89.423817
Lia Simmons,,"Oakland, Calif.",womens-rowing,2022,37.8044557,-122.271356
Julia DiMeo,,"Mill Neck, N.Y.",womens-rowing,2022,40.8871175,-73.5551392
Julie Valois,,"Dallas, Texas",womens-rowing,2022,32.7762719,-96.7968559
Madeline Lach,,"Chicago, Ill.",womens-rowing,2022,41.8755616,-87.6244212
Maddie Shelton,,"Philadelphia, Pa.",womens-rowing,2022,39.9527237,-75.1635262
Sophia Pappano,,"Villanova, Pa.",womens-rowing,2022,40.0411671,-75.3310527
Amelia Demopoulos,,"Durham, N.H.",womens-rowing,2022,43.1214141,-70.9177186
Catherine Moore,,"Dallas, Texas",womens-rowing,2022,32.7762719,-96.7968559
Ellie Johnson,,"Point Pleasant, N.J.",womens-rowing,2022,40.0831714,-74.0681931
Enise Kupa,,"Hainesport, N.J.",womens-rowing,2022,39.9837234,-74.8271081
Kate Butcher,,Singapore,womens-rowing,2022,1.357107,103.8194992
Eve Chiarello,,"Ocean City, N.J.",womens-rowing,2022,39.2788685,-74.5762507
Marren Burgess,,"Wilmette, Ill.",womens-rowing,2022,42.076066,-87.7115555
Evan Humphrey,,"Mercer Island, Wash.",womens-rowing,2022,47.5766324,-122.2276378
Alexandra Wiley,,"Niagara-on-the-Lake, Ontario",womens-rowing,2022,43.2556116,-79.0723264
Rebekah Sun,,"Bellevue, Wash.",womens-rowing,2022,47.6144219,-122.192337
Brenna Cotter,,"Winnetka, Ill.",womens-rowing,2022,42.1080703,-87.7365286
Ella Valencia,,"Lansdale, Pa.",womens-rowing,2022,40.2414952,-75.2837862
Brooke Caragher,,"Seattle, Wash.",womens-rowing,2022,47.6038321,-122.330062
Anna Bellows,,"Cambridge, Mass.",womens-rowing,2022,42.3656347,-71.1040018
Josie Konopka,,"Philadelphia, Pa.",womens-rowing,2022,39.9527237,-75.1635262
Celia Gallagher,,"Wayne, Pa.",womens-rowing,2022,41.6264414,-75.3045103
Christina Kamenev,,"Melbourne, Australia",womens-rowing,2022,-37.8142454,144.9631732
Bella Dibbini,,"Bronxville, N.Y.",womens-rowing,2022,40.9381544,-73.8320784
Alessandra Bennion,,"Seattle, Wash.",womens-rowing,2022,47.6038321,-122.330062
Sophie Klessel,,"Bronxville, N.Y.",womens-rowing,2022,40.9381544,-73.8320784
Dillon Brown,,"Wellesley, Mass.",womens-rowing,2022,42.2964859,-71.2925571
Catherine Kiyonaga,,"Chevy Chase, Md.",womens-rowing,2022,38.9813699,-77.0849245
Isabella Humbert,,"Raleigh, N.C.",womens-rowing,2022,35.7803977,-78.6390989
Lauren Freillat,,"London, England",womens-rowing,2022,51.5074456,-0.1277653
Caroline Soska,,"Dover, Mass.",womens-rowing,2022,42.2452466,-71.2823588
Bianca Granitto,,"Greenwich, Conn.",womens-rowing,2022,41.0264862,-73.6284598
Silvia Harrop-Lopez,,"Vancouver, B.C.",womens-rowing,2022,49.2608724,-123.113952
Giselle Jones-Mollod,,"Harvard, Mass.",womens-rowing,2022,42.3657432,-71.1222139
Cami Edwards,,"Sarasota, Fla.",womens-rowing,2022,27.3365805,-82.5308545
Cypress Kaulbach,,"Philadelphia, Pa.",womens-rowing,2022,39.9527237,-75.1635262
Hannah Bazylevsky,,"Tuxedo Park, N.Y.",womens-rowing,2023,41.197024,-74.210391
Ayesha Eriksrud,,"Hosle, Norway",womens-rowing,2023,59.9328,10.5805333
Cypress Kaulbach,,"Philadelphia, Pa.",womens-rowing,2023,39.9527237,-75.1635262
Christina Kamenev,,"Melbourne, Australia",womens-rowing,2023,-37.8142454,144.9631732
Marren Burgess,,"Wilmette, Ill.",womens-rowing,2023,42.076066,-87.7115555
Silvia Harrop-Lopez,,"Vancouver, B.C.",womens-rowing,2023,49.2608724,-123.113952
Anna Johnson,,"Newtown Square, Pa.",womens-rowing,2023,39.9868117,-75.4007633
Cami Edwards,,"Sarasota, Fla.",womens-rowing,2023,27.3365805,-82.5308545
Lauren Freillat,,"London, England",womens-rowing,2023,51.5074456,-0.1277653
Anna Bellows,,"Cambridge, Mass.",womens-rowing,2023,42.3656347,-71.1040018
Giselle Jones-Mollod,,"Harvard, Mass.",womens-rowing,2023,42.3657432,-71.1222139
Evan Humphrey,,"Mercer Island, Wash.",womens-rowing,2023,47.5766324,-122.2276378
Ella Kalmbach,,"Laguna Beach, Calif.",womens-rowing,2023,33.5426975,-117.785366
Julia DiMeo,,"Mill Neck, N.Y.",womens-rowing,2023,40.8871175,-73.5551392
Mehreen Khan,,"Sydney, Australia",womens-rowing,2023,-33.8698439,151.2082848
Makeda Harrison,,"St. Catharines, Ontario",womens-rowing,2023,43.1579812,-79.2441003
Alessandra Bennion,,"Seattle, Wash.",womens-rowing,2023,47.6038321,-122.330062
Amelia Demopoulos,,"Durham, N.H.",womens-rowing,2023,43.1214141,-70.9177186
Avery Cook,,"Indianapolis, Ind.",womens-rowing,2023,39.7683331,-86.1583502
Natasha Kobelsky,,"Northville, Mich.",womens-rowing,2023,42.4310816,-83.4832339
Brooke Caragher,,"Seattle, Wash.",womens-rowing,2023,47.6038321,-122.330062
Eve Chiarello,,"Ocean City, N.J.",womens-rowing,2023,39.2788685,-74.5762507
Emma Gray,,"Johannesburg, South Africa",womens-rowing,2023,-26.205,28.049722
Bianca Granitto,,"Greenwich, Conn.",womens-rowing,2023,41.0264862,-73.6284598
Celia Gallagher,,"Wayne, Pa.",womens-rowing,2023,41.6264414,-75.3045103
Rebekah Sun,,"Bellevue, Wash.",womens-rowing,2023,47.6144219,-122.192337
Maddie Shelton,,"Philadelphia, Pa.",womens-rowing,2023,39.9527237,-75.1635262
Alexandra Wiley,,"Niagara-on-the-Lake, Ontario",womens-rowing,2023,43.2556116,-79.0723264
Georgia Sackrey,,"Sunderland, Mass.",womens-rowing,2023,42.4636924,-72.5805642
Cassidy McKee,,"Greenwich, Conn.",womens-rowing,2023,41.0264862,-73.6284598
Clara Sutherland,,"Rye, N.Y.",womens-rowing,2023,40.9821371,-73.6840902
Jordan Reed,,"Orlando, Fla.",womens-rowing,2023,28.5421218,-81.379045
Maggie McGuinness,,"Cuddesdon, England",womens-rowing,2023,51.722757,-1.1333223
Caroline Schuldt,,"St. Louis, Mo.",womens-rowing,2023,38.6254063,-90.190009
Maxine Moody,,"Seattle, Wash.",womens-rowing,2023,47.6038321,-122.330062
Simone Vorperian,,"Fitchburg, Wis.",womens-rowing,2023,43.0020919,-89.423817
Madeline Lach,,"Chicago, Ill.",womens-rowing,2023,41.8755616,-87.6244212
Julie Valois,,"Dallas, Texas",womens-rowing,2023,32.7762719,-96.7968559
Hannah Lemanowicz,,"Ambler, Pa.",womens-rowing,2023,40.1544727,-75.2221643
Coco Lucarelli,,"Paoli, Pa.",womens-rowing,2023,40.0405675,-75.4927891
Catherine Moore,,"Dallas, Texas",womens-rowing,2023,32.7762719,-96.7968559
Griffin Pitt,,"Charlotte, N.C.",womens-rowing,2023,35.2272086,-80.8430827
Caroline Soska,,"Dover, Mass.",womens-rowing,2023,42.2452466,-71.2823588
Maya Spunberg,,"Pelham, N.Y.",womens-rowing,2023,40.9098215,-73.8079111
Lia Simmons,,"Oakland, Calif.",womens-rowing,2023,37.8044557,-122.271356
Ella Valencia,,"Lansdale, Pa.",womens-rowing,2023,40.2414952,-75.2837862
Sophia Pappano,,"Villanova, Pa.",womens-rowing,2023,40.0411671,-75.3310527
Riya Patel,,"Collegeville, Pa.",womens-rowing,2023,40.1854712,-75.4512163
Claire Shepley,,"Madison, Wis.",womens-rowing,2023,43.07469,-89.3841663
Alex Piven,,"Philadelphia, Pa.",womens-rowing,2023,39.9527237,-75.1635262
Maxine Moody,,"Seattle, Wash.",womens-rowing,2024,47.6038321,-122.330062
Isabella Tapper,,"Atherton, Calif.",womens-rowing,2024,37.453773,-122.2058272
Sophia Pappano,,"Villanova, Pa.",womens-rowing,2024,40.0411671,-75.3310527
Emma Plante,,"Wellesley, Mass.",womens-rowing,2024,42.2964859,-71.2925571
Anya Prokopchuk,,"Duncan, B.C.",womens-rowing,2024,48.7786872,-123.7080446
Anna Johnson,,"Newtown Square, Pa.",womens-rowing,2024,39.9868117,-75.4007633
Cassidy McKee,,"Greenwich, Conn.",womens-rowing,2024,41.0264862,-73.6284598
Sabrina Moffa,,"Watertown, Conn.",womens-rowing,2024,41.6062078,-73.1181658
Riya Patel,,"Collegeville, Pa.",womens-rowing,2024,40.1854712,-75.4512163
Zola Young,,"Portland, Ore.",womens-rowing,2024,45.5202471,-122.674194
Jordan Reed,,"Orlando, Fla.",womens-rowing,2024,28.5421218,-81.379045
Jemima Wilcox,,"Victoria, Australia",womens-rowing,2024,-36.5986096,144.6780052
Caroline Schuldt,,"St. Louis, Mo.",womens-rowing,2024,38.6254063,-90.190009
Lia Simmons,,"Oakland, Calif.",womens-rowing,2024,37.8044557,-122.271356
Maddie Shelton,,"Philadelphia, Pa.",womens-rowing,2024,39.9527237,-75.1635262
Rebekah Sun,,"Bellevue, Wash.",womens-rowing,2024,47.6144219,-122.192337
Maggie McGuinness,,"Cuddesdon, England",womens-rowing,2024,51.722757,-1.1333223
Caroline Soska,,"Dover, Mass.",womens-rowing,2024,42.2452466,-71.2823588
Maya Spunberg,,"Pelham, N.Y.",womens-rowing,2024,40.9098215,-73.8079111
Coco Lucarelli,,"Paoli, Pa.",womens-rowing,2024,40.0405675,-75.4927891
Georgia Sackrey,,"Sunderland, Mass.",womens-rowing,2024,42.4636924,-72.5805642
Margot McAuliffe,,"East Hampton, N.Y.",womens-rowing,2024,40.9633868,-72.1847598
Ella Valencia,,"Lansdale, Pa.",womens-rowing,2024,40.2414952,-75.2837862
Fallon Perry-Pelletier,,"San Diego, Calif.",womens-rowing,2024,32.7157062,-117.1638284
Alessandra Bennion,,"Seattle, Wash.",womens-rowing,2024,47.6038321,-122.330062
Emma Gray,,"Johannesburg, South Africa",womens-rowing,2024,-26.205,28.049722
Ella Kalmbach,,"Laguna Beach, Calif.",womens-rowing,2024,33.5426975,-117.785366
Marren Burgess,,"Wilmette, Ill.",womens-rowing,2024,42.076066,-87.7115555
Charlotte Dosier,,"Huntington Beach, Calif.",womens-rowing,2024,33.6783336,-118.000016
Cami Edwards,,"Sarasota, Fla.",womens-rowing,2024,27.3365805,-82.5308545
Hannah Lemanowicz,,"Ambler, Pa.",womens-rowing,2024,40.1544727,-75.2221643
Julia DiMeo,,"Mill Neck, N.Y.",womens-rowing,2024,40.8871175,-73.5551392
Ali Gallacher,,"Piedmont, Calif.",womens-rowing,2024,37.8243715,-122.231635
Maia Bentley,,"Surrey, U.K.",womens-rowing,2024,51.3534157,-0.4715797
Lauren Freillat,,"London, England",womens-rowing,2024,51.5074456,-0.1277653
Brooke Caragher,,"Seattle, Wash.",womens-rowing,2024,47.6038321,-122.330062
Avery Cook,,"Indianapolis, Ind.",womens-rowing,2024,39.7683331,-86.1583502
Silvia Harrop-Lopez,,"Vancouver, B.C.",womens-rowing,2024,49.2608724,-123.113952
Makeda Harrison,,"St. Catharines, Ontario",womens-rowing,2024,43.1579812,-79.2441003
Natasha Kobelsky,,"Northville, Mich.",womens-rowing,2024,42.4310816,-83.4832339
Celia Gallagher,,"Wayne, Pa.",womens-rowing,2024,41.6264414,-75.3045103
Mehreen Khan,,"Sydney, Australia",womens-rowing,2024,-33.8698439,151.2082848
Serena Lowy,,"Kent, Conn.",womens-rowing,2024,41.7246894,-73.476921
Juliet Arena,,"San Francisco, Calif.",womens-rowing,2024,37.7879363,-122.4075201
Evan Humphrey,,"Mercer Island, Wash.",womens-rowing,2024,47.5766324,-122.2276378
Ellie Johnson,,"Point Pleasant, N.J.",womens-rowing,2024,40.0831714,-74.0681931
Christina Kamenev,,"Melbourne, Australia",womens-rowing,2024,-37.8142454,144.9631732
Cypress Kaulbach,,"Philadelphia, Pa.",womens-rowing,2024,39.9527237,-75.1635262
Eden Alfi,,"Miami, Fla.",womens-rowing,2025,25.7741566,-80.1935973
Emma Plante,,"Wellesley, Mass.",womens-rowing,2025,42.2964859,-71.2925571
Jemima Wilcox,,"Victoria, Australia",womens-rowing,2025,-36.5986096,144.6780052
Anya Prokopchuk,,"Duncan, B.C.",womens-rowing,2025,48.7786872,-123.7080446
Flora Populorum,,"Linz, Austria",womens-rowing,2025,48.3059078,14.286198
Juliet Arena,,"San Francisco, Calif.",womens-rowing,2025,37.7879363,-122.4075201
Isabella Tapper,,"Atherton, Calif.",womens-rowing,2025,37.453773,-122.2058272
Silvia Harrop-Lopez,,"Vancouver, B.C.",womens-rowing,2025,49.2608724,-123.113952
Maxine Moody,,"Seattle, Wash.",womens-rowing,2025,47.6038321,-122.330062
Riya Patel,,"Collegeville, Pa.",womens-rowing,2025,40.1854712,-75.4512163
Kathryn McBride,,"Austin, Texas",womens-rowing,2025,30.2711286,-97.7436995
Eloise Johnston,,"Winter Park, Fla.",womens-rowing,2025,28.5977707,-81.3510264
Coco Lucarelli,,"Paoli, Pa.",womens-rowing,2025,40.0405675,-75.4927891
Ella Kalmbach,,"Laguna Beach, Calif.",womens-rowing,2025,33.5426975,-117.785366
Maggie McGuinness,,"Cuddesdon, England",womens-rowing,2025,51.722757,-1.1333223
Jessica Luo,,"Newark, Del.",womens-rowing,2025,39.6828358,-75.7515682
Christina Kamenev,,"Melbourne, Australia",womens-rowing,2025,-37.8142454,144.9631732
Mimi Kovriga,,"San Francisco, Calif.",womens-rowing,2025,37.7879363,-122.4075201
Isobel Jeans,,"Oxford, U.K.",womens-rowing,2025,38.3071348,-121.6207888
Jordan Reed,,"Orlando, Fla.",womens-rowing,2025,28.5421218,-81.379045
Clare Padula,,"Philadelphia, Pa.",womens-rowing,2025,39.9527237,-75.1635262
Cassidy McKee,,"Greenwich, Conn.",womens-rowing,2025,41.0264862,-73.6284598
Ellie Johnson,,"Point Pleasant, N.J.",womens-rowing,2025,40.0831714,-74.0681931
Maddie Shelton,,"Philadelphia, Pa.",womens-rowing,2025,39.9527237,-75.1635262
Caroline Schuldt,,"St. Louis, Mo.",womens-rowing,2025,38.6254063,-90.190009
Makeda Harrison,,"St. Catharines, Ontario",womens-rowing,2025,43.1579812,-79.2441003
Rebekah Sun,,"Bellevue, Wash.",womens-rowing,2025,47.6144219,-122.192337
Lauren Dubarry,,"East London, Ontario",womens-rowing,2025,43.5506257,-80.2561957
Cypress Kaulbach,,"Philadelphia, Pa.",womens-rowing,2025,39.9527237,-75.1635262
Charlotte Dosier,,"Huntington Beach, Calif.",womens-rowing,2025,33.6783336,-118.000016
Zola Young,,"Portland, Ore.",womens-rowing,2025,45.5202471,-122.674194
Avery Cook,,"Indianapolis, Ind.",womens-rowing,2025,39.7683331,-86.1583502
Lia Simmons,,"Oakland, Calif.",womens-rowing,2025,37.8044557,-122.271356
Emma Gray,,"Johannesburg, South Africa",womens-rowing,2025,-26.205,28.049722
Lauren Freillat,,"London, England",womens-rowing,2025,51.5074456,-0.1277653
Natasha Kobelsky,,"Northville, Mich.",womens-rowing,2025,42.4310816,-83.4832339
Julia DiMeo,,"Mill Neck, N.Y.",womens-rowing,2025,40.8871175,-73.5551392
Anna Johnson,,"Newtown Square, Pa.",womens-rowing,2025,39.9868117,-75.4007633
Serena Lowy,,"Kent, Conn.",womens-rowing,2025,41.7246894,-73.476921
Mehreen Khan,,"Sydney, Australia",womens-rowing,2025,-33.8698439,151.2082848
Ali Gallacher,,"Piedmont, Calif.",womens-rowing,2025,37.8243715,-122.231635
Tenji Sithole,,"Johannesburg, South Africa",womens-rowing,2025,-26.205,28.049722
Maia Bentley,,"Surrey, U.K.",womens-rowing,2025,51.3534157,-0.4715797
Georgia Sackrey,,"Sunderland, Mass.",womens-rowing,2025,42.4636924,-72.5805642
Margot McAuliffe,,"East Hampton, N.Y.",womens-rowing,2025,40.9633868,-72.1847598
Evan Humphrey,,"Mercer Island, Wash.",womens-rowing,2025,47.5766324,-122.2276378
Maya Spunberg,,"Pelham, N.Y.",womens-rowing,2025,40.9098215,-73.8079111
Claire Sopko,,"Portland, Ore.",womens-rowing,2025,45.5202471,-122.674194
Kathryn McBride,,"Austin, Texas",womens-rowing,2026,30.2711286,-97.7436995
Riya Patel,,"Collegeville, Pa.",womens-rowing,2026,40.1854712,-75.4512163
Maggie McGuinness,,"Cuddesdon, England",womens-rowing,2026,51.722757,-1.1333223
Cassidy McKee,,"Greenwich, Conn.",womens-rowing,2026,41.0264862,-73.6284598
Maxine Moody,,"Seattle, Wash.",womens-rowing,2026,47.6038321,-122.330062
Clare Padula,,"Philadelphia, Pa.",womens-rowing,2026,39.9527237,-75.1635262
Emma Plante,,"Wellesley, Mass.",womens-rowing,2026,42.2964859,-71.2925571
Georgia Sackrey,,"Sunderland, Mass.",womens-rowing,2026,42.4636924,-72.5805642
Anya Prokopchuk,,"Duncan, B.C.",womens-rowing,2026,48.7786872,-123.7080446
Jordan Reed,,"Orlando, Fla.",womens-rowing,2026,28.5421218,-81.379045
Tenji Sithole,,"Johannesburg, South Africa",womens-rowing,2026,-26.205,28.049722
Claire Sopko,,"Portland, Ore.",womens-rowing,2026,45.5202471,-122.674194
Isabella Tapper,,"Atherton, Calif.",womens-rowing,2026,37.453773,-122.2058272
Margot McAuliffe,,"East Hampton, N.Y.",womens-rowing,2026,40.9633868,-72.1847598
Flora Populorum,,"Linz, Austria",womens-rowing,2026,48.3059078,14.286198
Jessica Luo,,"Newark, Del.",womens-rowing,2026,39.6828358,-75.7515682
Charlotte Dosier,,"Huntington Beach, Calif.",womens-rowing,2026,33.6783336,-118.000016
Mimi Kovriga,,"San Francisco, Calif.",womens-rowing,2026,37.7879363,-122.4075201
Jemima Wilcox,,"Victoria, Australia",womens-rowing,2026,-36.5986096,144.6780052
Eden Alfi,,"Miami, Fla.",womens-rowing,2026,25.7741566,-80.1935973
Juliet Arena,,"San Francisco, Calif.",womens-rowing,2026,37.7879363,-122.4075201
Maia Bentley,,"Surrey, U.K.",womens-rowing,2026,51.3534157,-0.4715797
Avery Cook,,"Indianapolis, Ind.",womens-rowing,2026,39.7683331,-86.1583502
Lauren Dubarry,,"East London, Ontario",womens-rowing,2026,43.5506257,-80.2561957
Serena Lowy,,"Kent, Conn.",womens-rowing,2026,41.7246894,-73.476921
Ali Gallacher,,"Piedmont, Calif.",womens-rowing,2026,37.8243715,-122.231635
Isobel Jeans,,"Oxford, U.K.",womens-rowing,2026,38.3071348,-121.6207888
Anna Johnson,,"Newtown Square, Pa.",womens-rowing,2026,39.9868117,-75.4007633
Eloise Johnston,,"Winter Park, Fla.",womens-rowing,2026,28.5977707,-81.3510264
Ella Kalmbach,,"Laguna Beach, Calif.",womens-rowing,2026,33.5426975,-117.785366
Mehreen Khan,,"Sydney, Australia",womens-rowing,2026,-33.8698439,151.2082848
Natasha Kobelsky,,"Northville, Mich.",womens-rowing,2026,42.4310816,-83.4832339
Makeda Harrison,,"St. Catharines, Ontario",womens-rowing,2026,43.1579812,-79.2441003
Zola Young,,"Portland, Ore.",womens-rowing,2026,45.5202471,-122.674194
Nick Savino,,"Moorestown, N.J.",mens-soccer,2016,39.9670569,-74.9426677
Alec Neumann,,"New Hope, Pa.",mens-soccer,2016,40.3642728,-74.9512785
Austin Kuhn,,"Wyomissing, Pa.",mens-soccer,2016,40.329537,-75.9652117
Joe Swenson,,"Massapequa Park, N.Y.",mens-soccer,2016,40.6803785,-73.4551241
Sam Hefter,,"Hermosa Beach, Calif.",mens-soccer,2016,33.8637822,-118.3992143
Jerel Blades,,"Brooklyn, N.Y.",mens-soccer,2016,40.6526006,-73.9497211
Sam Wancowicz,,"Fallston, Md.",mens-soccer,2016,39.5348431,-76.4221064
Casey Barone,,"Melville, N.Y.",mens-soccer,2016,40.7835914,-73.4075575
Matt Poplawski,,"Bellevue, Wash.",mens-soccer,2016,47.6144219,-122.192337
Nigel Blackwood,,"Marietta, Ga.",mens-soccer,2016,33.952845,-84.5496054
Gavin Barger,,"Fallston, Md.",mens-soccer,2016,39.5348431,-76.4221064
Gideon Metrikin,,"New York, N.Y.",mens-soccer,2016,40.7127281,-74.0060152
Erumuse Momoh,,"Silver Spring, Md.",mens-soccer,2016,38.9997621,-77.0240371
Erik Swenson,,"Livingston, N.J.",mens-soccer,2016,40.7959335,-74.3148713
Aramis Kouzine,,"Bryn Mawr, Pa.",mens-soccer,2016,40.0238245,-75.3173407
Etan Mabourakh,,"Plantation, Fla.",mens-soccer,2016,26.1275862,-80.2331036
Teddie Levenfiche,,"London, England",mens-soccer,2016,51.5074456,-0.1277653
Tanner Falato,,"Berlin, N.J.",mens-soccer,2016,39.7912262,-74.9290536
Santi Musalem Pinto,,"Bethesda, Md.",mens-soccer,2016,38.9812726,-77.1233587
Nagu Chidambaram,,"Minnetonka, Minn.",mens-soccer,2016,44.9405086,-93.4638936
Marc Kaizi-Lutu,,"Sammamish, Wash.",mens-soccer,2016,47.6017554,-122.0416844
Brandon Bartel,,"Fleming Island, Fla.",mens-soccer,2016,24.5810655,-81.7963673
Scott Forbes,,"Chatham, N.J.",mens-soccer,2016,40.7409242,-74.3836711
Promise Adebayo-Ige,,"Eastvale, Calif.",mens-soccer,2016,33.9747067,-117.566541
Dami Omitaomu,,"Knoxville, Tenn.",mens-soccer,2016,35.9603948,-83.9210261
Wes Maki,,"Naples, Fla.",mens-soccer,2017,26.1421976,-81.7942944
Alex Touche,,"Albuquerque, N.M.",mens-soccer,2017,35.0841034,-106.650985
Jerel Blades,,"Brooklyn, N.Y.",mens-soccer,2017,40.6526006,-73.9497211
Casey Barone,,"Melville, N.Y.",mens-soccer,2017,40.7835914,-73.4075575
Austin Kuhn,,"Wyomissing, Pa.",mens-soccer,2017,40.329537,-75.9652117
Joe Swenson,,"Massapequa Park, N.Y.",mens-soccer,2017,40.6803785,-73.4551241
Gavin Barger,,"Fallston, Md.",mens-soccer,2017,39.5348431,-76.4221064
Jake Kohlbrenner,,"East Syracuse, N.Y.",mens-soccer,2017,43.0653446,-76.0785332
Promise Adebayo-Ige,,"Eastvale, Calif.",mens-soccer,2017,33.9747067,-117.566541
Henry Sherwood Caballero,,"New York, N.Y.",mens-soccer,2017,40.7127281,-74.0060152
Sam Wancowicz,,"Fallston, Md.",mens-soccer,2017,39.5348431,-76.4221064
Erumuse Momoh,,"Silver Spring, Md.",mens-soccer,2017,38.9997621,-77.0240371
Amado Lozano,,"Alameda, Calif.",mens-soccer,2017,37.6090291,-121.899142
Giacomo Giordano,,"Radnor, Pa.",mens-soccer,2017,40.0448619,-75.3594728
Nicky Goldlust,,"São Paulo, Brazil",mens-soccer,2017,-23.5506507,-46.6333824
Nagu Chidambaram,,"Minnetonka, Minn.",mens-soccer,2017,44.9405086,-93.4638936
Santi Musalem Pinto,,"Bethesda, Md.",mens-soccer,2017,38.9812726,-77.1233587
Dami Omitaomu,,"Knoxville, Tenn.",mens-soccer,2017,35.9603948,-83.9210261
Brandon Bartel,,"Fleming Island, Fla.",mens-soccer,2017,24.5810655,-81.7963673
RC Williams,,"Wayne, Pa.",mens-soccer,2017,41.6264414,-75.3045103
Scott Forbes,,"Chatham, N.J.",mens-soccer,2017,40.7409242,-74.3836711
Erik Ekstrom,,"Corning, N.Y.",mens-soccer,2017,42.1435257,-77.0543408
Joey Bhangdia,,"Lewisburg, Pa.",mens-soccer,2017,40.9645337,-76.8847639
Etan Mabourakh,,"Plantation, Fla.",mens-soccer,2017,26.1275862,-80.2331036
Filip Guhr,,"Boca Raton, Fla.",mens-soccer,2017,26.3586885,-80.0830984
Tanner Falato,,"Berlin, N.J.",mens-soccer,2017,39.7912262,-74.9290536
Isaac McGinnis,,"Brighton, N.Y.",mens-soccer,2018,43.1257954,-77.5687343
Casey Barone,,"Melville, N.Y.",mens-soccer,2018,40.7835914,-73.4075575
David Philbin,,"Princeton Junction, N.J.",mens-soccer,2018,40.3159898,-74.6241189
Erumuse Momoh,,"Silver Spring, Md.",mens-soccer,2018,38.9997621,-77.0240371
Henry Sherwood Caballero,,"New York, N.Y.",mens-soccer,2018,40.7127281,-74.0060152
Dane Jacomen,,"Pittsburgh, Pa.",mens-soccer,2018,40.4406968,-80.0025666
Joe Swenson,,"Massapequa Park, N.Y.",mens-soccer,2018,40.6803785,-73.4551241
Matt Leigh,,"Holliston, Mass.",mens-soccer,2018,42.2000966,-71.4245049
Gavin Barger,,"Fallston, Md.",mens-soccer,2018,39.5348431,-76.4221064
Jerel Blades,,"Brooklyn, N.Y.",mens-soccer,2018,40.6526006,-73.9497211
Ben Stitz,,"Baltimore, Md.",mens-soccer,2018,39.2908816,-76.610759
Amado Lozano,,"Alameda, Calif.",mens-soccer,2018,37.6090291,-121.899142
Wes Maki,,"Naples, Fla.",mens-soccer,2018,26.1421976,-81.7942944
Jake Kohlbrenner,,"East Syracuse, N.Y.",mens-soccer,2018,43.0653446,-76.0785332
Promise Adebayo-Ige,,"Eastvale, Calif.",mens-soccer,2018,33.9747067,-117.566541
Alex Touche,,"Albuquerque, N.M.",mens-soccer,2018,35.0841034,-106.650985
Brandon Bartel,,"Fleming Island, Fla.",mens-soccer,2018,24.5810655,-81.7963673
Joey Bhangdia,,"Lewisburg, Pa.",mens-soccer,2018,40.9645337,-76.8847639
Dami Omitaomu,,"Knoxville, Tenn.",mens-soccer,2018,35.9603948,-83.9210261
Scott Forbes,,"Chatham, N.J.",mens-soccer,2018,40.7409242,-74.3836711
Filip Guhr,,"Boca Raton, Fla.",mens-soccer,2018,26.3586885,-80.0830984
Etan Mabourakh,,"Plantation, Fla.",mens-soccer,2018,26.1275862,-80.2331036
RC Williams,,"Wayne, Pa.",mens-soccer,2018,41.6264414,-75.3045103
Karim Hussamy,,"Vero Beach, Fla.",mens-soccer,2018,27.6387163,-80.3975399
Brendan Hanrahan,,"Wilmington, Del.",mens-soccer,2018,39.7459468,-75.546589
Anthony Rovito,,"Piscataway, N.J.",mens-soccer,2018,40.5464326,-74.4660542
Will Socas,,"McLean, Va.",mens-soccer,2018,38.9366852,-77.185843
Fayez Merchant,,"Scarsdale, N.Y.",mens-soccer,2018,40.9885221,-73.8085608
Spencer Higgins,,"Philadelphia, Pa.",mens-soccer,2018,39.9527237,-75.1635262
Tyler Robinson,,"Narbeth, Pa.",mens-soccer,2018,40.00726,-75.2624168
Joey Bhangdia,,"Lewisburg, Pa.",mens-soccer,2019,40.9645337,-76.8847639
Nick Christoffersen,,"Toronto, Ontario",mens-soccer,2019,43.6534817,-79.3839347
Matt Leigh,,"Holliston, Mass.",mens-soccer,2019,42.2000966,-71.4245049
Casey Barone,,"Melville, N.Y.",mens-soccer,2019,40.7835914,-73.4075575
Ben Stitz,,"Baltimore, Md.",mens-soccer,2019,39.2908816,-76.610759
Henry Sherwood Caballero,,"New York, N.Y.",mens-soccer,2019,40.7127281,-74.0060152
Promise Adebayo-Ige,,"Eastvale, Calif.",mens-soccer,2019,33.9747067,-117.566541
Brendan Hanrahan,,"Wilmington, Del.",mens-soccer,2019,39.7459468,-75.546589
Wes Maki,,"Naples, Fla.",mens-soccer,2019,26.1421976,-81.7942944
Firas Kora,,"Cotonou, Benin",mens-soccer,2019,6.3676953,2.4252507
Isaac McGinnis,,"Brighton, N.Y.",mens-soccer,2019,43.1257954,-77.5687343
Amado Lozano,,"Alameda, Calif.",mens-soccer,2019,37.6090291,-121.899142
Jake Kohlbrenner,,"East Syracuse, N.Y.",mens-soccer,2019,43.0653446,-76.0785332
Nick Schimbeno,,"Manalapan, N.J.",mens-soccer,2019,40.2852895,-74.333495
Dane Jacomen,,"Pittsburgh, Pa.",mens-soccer,2019,40.4406968,-80.0025666
Alex Touche,,"Albuquerque, N.M.",mens-soccer,2019,35.0841034,-106.650985
RC Williams,,"Wayne, Pa.",mens-soccer,2019,41.6264414,-75.3045103
Spencer Higgins,,"Philadelphia, Pa.",mens-soccer,2019,39.9527237,-75.1635262
Kai Lammers,,"Greenwich, Conn.",mens-soccer,2019,41.0264862,-73.6284598
Will Schlatterer,,"Atlanta, Ga.",mens-soccer,2019,33.7544657,-84.3898151
Thomas Robinson,,Hong Kong,mens-soccer,2019,22.2818333,114.1582831
Anthony Rovito,,"Piscataway, N.J.",mens-soccer,2019,40.5464326,-74.4660542
Filip Guhr,,"Boca Raton, Fla.",mens-soccer,2019,26.3586885,-80.0830984
Jacob Muchnick,,"Menlo Park, Calif.",mens-soccer,2019,37.4519671,-122.177992
Alex Kades,,"Bryn Mawr, Pa.",mens-soccer,2019,40.0238245,-75.3173407
Fayez Merchant,,"Scarsdale, N.Y.",mens-soccer,2019,40.9885221,-73.8085608
Brandon Bartel,,"Fleming Island, Fla.",mens-soccer,2019,24.5810655,-81.7963673
Jack Rosener,,"McLean, Va.",mens-soccer,2019,38.9366852,-77.185843
Dami Omitaomu,,"Knoxville, Tenn.",mens-soccer,2019,35.9603948,-83.9210261
Karim Hussamy,,"Vero Beach, Fla.",mens-soccer,2019,27.6387163,-80.3975399
Wes Maki,,"Naples, Fla.",mens-soccer,2020,26.1421976,-81.7942944
Krystian Kresso,,"Bartlett, Ill.",mens-soccer,2020,41.9908485,-88.1850028
Nick Schimbeno,,"Manalapan, N.J.",mens-soccer,2020,40.2852895,-74.333495
Joey Bhangdia,,"Lewisburg, Pa.",mens-soccer,2020,40.9645337,-76.8847639
Jake Kohlbrenner,,"East Syracuse, N.Y.",mens-soccer,2020,43.0653446,-76.0785332
Matt Leigh,,"Holliston, Mass.",mens-soccer,2020,42.2000966,-71.4245049
Nick Christoffersen,,"Toronto, Ontario",mens-soccer,2020,43.6534817,-79.3839347
Henry Sherwood Caballero,,"New York, N.Y.",mens-soccer,2020,40.7127281,-74.0060152
Dane Jacomen,,"Pittsburgh, Pa.",mens-soccer,2020,40.4406968,-80.0025666
Brendan Hanrahan,,"Wilmington, Del.",mens-soccer,2020,39.7459468,-75.546589
Michael Hewes,,"West Chester, Pa.",mens-soccer,2020,39.9597389,-75.6044609
Firas Kora,,"Cotonou, Benin",mens-soccer,2020,6.3676953,2.4252507
Amado Lozano,,"Alameda, Calif.",mens-soccer,2020,37.6090291,-121.899142
Anthony Rovito,,"Piscataway, N.J.",mens-soccer,2020,40.5464326,-74.4660542
Filip Guhr,,"Boca Raton, Fla.",mens-soccer,2020,26.3586885,-80.0830984
Michael teDuits,,"Westwood, Mass.",mens-soccer,2020,42.2186913,-71.2233829
Spencer Higgins,,"Philadelphia, Pa.",mens-soccer,2020,39.9527237,-75.1635262
RC Williams,,"Wayne, Pa.",mens-soccer,2020,41.6264414,-75.3045103
Josh Negrete,,"Clifton, N.J.",mens-soccer,2020,40.8584328,-74.1637553
Alex Kades,,"Bryn Mawr, Pa.",mens-soccer,2020,40.0238245,-75.3173407
Kai Lammers,,"Greenwich, Conn.",mens-soccer,2020,41.0264862,-73.6284598
Thomas Robinson,,Hong Kong,mens-soccer,2020,22.2818333,114.1582831
Mattias Hanchard,,"Baltimore, Md.",mens-soccer,2020,39.2908816,-76.610759
Jack Rosener,,"McLean, Va.",mens-soccer,2020,38.9366852,-77.185843
Will Schlatterer,,"Atlanta, Ga.",mens-soccer,2020,33.7544657,-84.3898151
Mateo Zazueta,,"San Diego, Calif.",mens-soccer,2020,32.7157062,-117.1638284
Fayez Merchant,,"Scarsdale, N.Y.",mens-soccer,2020,40.9885221,-73.8085608
Michael Hewes,,"West Chester, Pa.",mens-soccer,2021,39.9597389,-75.6044609
Dane Jacomen,,"Pittsburgh, Pa.",mens-soccer,2021,40.4406968,-80.0025666
Leo Burney,,"Seattle, Wash.",mens-soccer,2021,47.6038321,-122.330062
Krystian Kresso,,"Bartlett, Ill.",mens-soccer,2021,41.9908485,-88.1850028
Josh Negrete,,"Clifton, N.J.",mens-soccer,2021,40.8584328,-74.1637553
Alex Kades,,"Bryn Mawr, Pa.",mens-soccer,2021,40.0238245,-75.3173407
Will Schlatterer,,"Atlanta, Ga.",mens-soccer,2021,33.7544657,-84.3898151
Brendan Hanrahan,,"Wilmington, Del.",mens-soccer,2021,39.7459468,-75.546589
Charlie Gaffney,,"Seattle, Wash.",mens-soccer,2021,47.6038321,-122.330062
Matt Leigh,,"Holliston, Mass.",mens-soccer,2021,42.2000966,-71.4245049
Nick Schimbeno,,"Manalapan, N.J.",mens-soccer,2021,40.2852895,-74.333495
Isaac McGinnis,,"Brighton, N.Y.",mens-soccer,2021,43.1257954,-77.5687343
Ben Stitz,,"Baltimore, Md.",mens-soccer,2021,39.2908816,-76.610759
Ben Do,,"Seaside, Calif.",mens-soccer,2021,36.62593,-121.816926
Brandon Curran,,"Lower Gwynedd, Pa.",mens-soccer,2021,40.1878212,-75.2363183
Joey Bhangdia,,"Lewisburg, Pa.",mens-soccer,2021,40.9645337,-76.8847639
Jacob Muchnick,,"Menlo Park, Calif.",mens-soccer,2021,37.4519671,-122.177992
Jack Rosener,,"McLean, Va.",mens-soccer,2021,38.9366852,-77.185843
Stas Korzeniowski,,"Skillman, N.J.",mens-soccer,2021,40.4234145,-74.7077882
Mattias Hanchard,,"Baltimore, Md.",mens-soccer,2021,39.2908816,-76.610759
RC Williams,,"Wayne, Pa.",mens-soccer,2021,41.6264414,-75.3045103
Anthony Rovito,,"Piscataway, N.J.",mens-soccer,2021,40.5464326,-74.4660542
Nick Christoffersen,,"Toronto, Ontario",mens-soccer,2021,43.6534817,-79.3839347
Tommy Altirs,,"Saddle River, N.J.",mens-soccer,2021,41.0317637,-74.1020866
Fayez Merchant,,"Scarsdale, N.Y.",mens-soccer,2021,40.9885221,-73.8085608
Nico Pereira,,"Miami, Fla.",mens-soccer,2021,25.7741566,-80.1935973
Mathis Varin,,"New York, N.Y.",mens-soccer,2021,40.7127281,-74.0060152
Mateo Zazueta,,"San Diego, Calif.",mens-soccer,2021,32.7157062,-117.1638284
Spencer Higgins,,"Philadelphia, Pa.",mens-soccer,2021,39.9527237,-75.1635262
Michael teDuits,,"Westwood, Mass.",mens-soccer,2021,42.2186913,-71.2233829
Aaron Messer,,"Cary, N.C.",mens-soccer,2021,35.7873617,-78.7811623
Nick Christoffersen,,"Toronto, Ontario",mens-soccer,2022,43.6534817,-79.3839347
Leo Burney,,"Seattle, Wash.",mens-soccer,2022,47.6038321,-122.330062
Krystian Kresso,,"Bartlett, Ill.",mens-soccer,2022,41.9908485,-88.1850028
Gavin Seele,,"Kennett Square, Pa.",mens-soccer,2022,39.8467414,-75.7116997
Josh Negrete,,"Clifton, N.J.",mens-soccer,2022,40.8584328,-74.1637553
Aaron Messer,,"Cary, N.C.",mens-soccer,2022,35.7873617,-78.7811623
Erickson Sakalosky,,"Tampa, Fla.",mens-soccer,2022,27.9449854,-82.4583107
Mateo Zazueta,,"San Diego, Calif.",mens-soccer,2022,32.7157062,-117.1638284
Ben Do,,"Seaside, Calif.",mens-soccer,2022,36.62593,-121.816926
Isaac McGinnis,,"Brighton, N.Y.",mens-soccer,2022,43.1257954,-77.5687343
Jack Wagoner,,"Greenville, S.C.",mens-soccer,2022,34.851354,-82.3984882
Ben Stitz,,"Baltimore, Md.",mens-soccer,2022,39.2908816,-76.610759
Michael teDuits,,"Westwood, Mass.",mens-soccer,2022,42.2186913,-71.2233829
Nick Schimbeno,,"Manalapan, N.J.",mens-soccer,2022,40.2852895,-74.333495
Michael Hewes,,"West Chester, Pa.",mens-soccer,2022,39.9597389,-75.6044609
Jacob Muchnick,,"Menlo Park, Calif.",mens-soccer,2022,37.4519671,-122.177992
Charlie Gaffney,,"Seattle, Wash.",mens-soccer,2022,47.6038321,-122.330062
Jack Rosener,,"McLean, Va.",mens-soccer,2022,38.9366852,-77.185843
Stas Korzeniowski,,"Skillman, N.J.",mens-soccer,2022,40.4234145,-74.7077882
Mattias Hanchard,,"Baltimore, Md.",mens-soccer,2022,39.2908816,-76.610759
Will Schlatterer,,"Atlanta, Ga.",mens-soccer,2022,33.7544657,-84.3898151
Brandon Curran,,"Lower Gwynedd, Pa.",mens-soccer,2022,40.1878212,-75.2363183
Mathis Varin,,"New York, N.Y.",mens-soccer,2022,40.7127281,-74.0060152
Patrick Cayelli,,"Anderson, S.C.",mens-soccer,2022,34.5258335,-82.652962
Arjun Narayan,,"Silver Spring, Md.",mens-soccer,2022,38.9997621,-77.0240371
Will Kelly,,"Rochester, N.Y.",mens-soccer,2022,43.157285,-77.615214
David Howard,,"Cary, N.C.",mens-soccer,2022,35.7873617,-78.7811623
Oliver Pratt,,"Miami, Fla.",mens-soccer,2022,25.7741566,-80.1935973
Michael teDuits,,"Westwood, Mass.",mens-soccer,2023,42.2186913,-71.2233829
Josh Negrete,,"Clifton, N.J.",mens-soccer,2023,40.8584328,-74.1637553
Aaron Messer,,"Cary, N.C.",mens-soccer,2023,35.7873617,-78.7811623
Nick Christoffersen,,"Toronto, Ontario",mens-soccer,2023,43.6534817,-79.3839347
Mateo Zazueta,,"San Diego, Calif.",mens-soccer,2023,32.7157062,-117.1638284
Jack-Ryan Jeremiah,,"Kailua-Kona, Hawaii",mens-soccer,2023,19.641941,-155.996933
Erickson Sakalosky,,"Tampa, Fla.",mens-soccer,2023,27.9449854,-82.4583107
Michael Hewes,,"West Chester, Pa.",mens-soccer,2023,39.9597389,-75.6044609
Charlie Gaffney,,"Seattle, Wash.",mens-soccer,2023,47.6038321,-122.330062
Ben Do,,"Seaside, Calif.",mens-soccer,2023,36.62593,-121.816926
Connor Dawson,,"O'Fallon, Ill.",mens-soccer,2023,38.5922715,-89.9112124
Jack Wagoner,,"Greenville, S.C.",mens-soccer,2023,34.851354,-82.3984882
Nik Kathiresan,,"Newton, Mass.",mens-soccer,2023,42.3300435,-71.194862
Malachi Neal,,"Cherry Hill, N.J.",mens-soccer,2023,39.9348351,-75.0307264
Oliver Pratt,,"Miami, Fla.",mens-soccer,2023,25.7741566,-80.1935973
Stas Korzeniowski,,"Skillman, N.J.",mens-soccer,2023,40.4234145,-74.7077882
Mathis Varin,,"New York, N.Y.",mens-soccer,2023,40.7127281,-74.0060152
Gavin Seele,,"Kennett Square, Pa.",mens-soccer,2023,39.8467414,-75.7116997
Mattias Hanchard,,"Baltimore, Md.",mens-soccer,2023,39.2908816,-76.610759
Brandon Curran,,"Lower Gwynedd, Pa.",mens-soccer,2023,40.1878212,-75.2363183
Phillip Falcon III,,"Tampa, Fla.",mens-soccer,2023,27.9449854,-82.4583107
Will Kelly,,"Rochester, N.Y.",mens-soccer,2023,43.157285,-77.615214
Jacob Muchnick,,"Menlo Park, Calif.",mens-soccer,2023,37.4519671,-122.177992
David Howard,,"Cary, N.C.",mens-soccer,2023,35.7873617,-78.7811623
Pierce Wagner,,"San Diego, Calif.",mens-soccer,2023,32.7157062,-117.1638284
Joaquin Niehenke,,"Morristown, N.J.",mens-soccer,2023,40.7970382,-74.4809868
Leo Burney,,"Seattle, Wash.",mens-soccer,2023,47.6038321,-122.330062
Patrick Cayelli,,"Anderson, S.C.",mens-soccer,2023,34.5258335,-82.652962
Krystian Kresso,,"Bartlett, Ill.",mens-soccer,2023,41.9908485,-88.1850028
Adam Kuechler,,"Needham, Mass.",mens-soccer,2023,42.2802645,-71.2360624
Owen Sullivan,,"Bay Village, Ohio",mens-soccer,2023,41.484996,-81.9208434
Mathis Varin,,"New York, N.Y.",mens-soccer,2024,40.7127281,-74.0060152
Will Kelly,,"Rochester, N.Y.",mens-soccer,2024,43.157285,-77.615214
David Howard,,"Cary, N.C.",mens-soccer,2024,35.7873617,-78.7811623
Jack-Ryan Jeremiah,,"Kailua-Kona, Hawaii",mens-soccer,2024,19.641941,-155.996933
Malachi Neal,,"Cherry Hill, N.J.",mens-soccer,2024,39.9348351,-75.0307264
Stas Korzeniowski,,"Skillman, N.J.",mens-soccer,2024,40.4234145,-74.7077882
Ben Do,,"Seaside, Calif.",mens-soccer,2024,36.62593,-121.816926
Marco Bottene,,"Hermosa Beach, Calif.",mens-soccer,2024,33.8637822,-118.3992143
Phillip Falcon III,,"Tampa, Fla.",mens-soccer,2024,27.9449854,-82.4583107
Leo Burney,,"Seattle, Wash.",mens-soccer,2024,47.6038321,-122.330062
Joaquin Niehenke,,"Morristown, N.J.",mens-soccer,2024,40.7970382,-74.4809868
Jack Wagoner,,"Greenville, S.C.",mens-soccer,2024,34.851354,-82.3984882
Oliver Pratt,,"Miami, Fla.",mens-soccer,2024,25.7741566,-80.1935973
Aaron Messer,,"Cary, N.C.",mens-soccer,2024,35.7873617,-78.7811623
Charlie Gaffney,,"Seattle, Wash.",mens-soccer,2024,47.6038321,-122.330062
Brandon Curran,,"Lower Gwynedd, Pa.",mens-soccer,2024,40.1878212,-75.2363183
Pierce Wagner,,"San Diego, Calif.",mens-soccer,2024,32.7157062,-117.1638284
Carter Feinman,,"San Diego, Calif.",mens-soccer,2024,32.7157062,-117.1638284
Erickson Sakalosky,,"Tampa, Fla.",mens-soccer,2024,27.9449854,-82.4583107
Romeo Dahlen,,"Greenwich, Conn.",mens-soccer,2024,41.0264862,-73.6284598
Adam Kuechler,,"Needham, Mass.",mens-soccer,2024,42.2802645,-71.2360624
Patrick Weir,,"Ramsey, N.J.",mens-soccer,2024,41.0573188,-74.1409771
Patrick Cayelli,,"Anderson, S.C.",mens-soccer,2024,34.5258335,-82.652962
Aiden Frick,,"Waukesha, Wis.",mens-soccer,2024,43.0622536,-88.3123889
Connor Dawson,,"O'Fallon, Ill.",mens-soccer,2024,38.5922715,-89.9112124
Nik Kathiresan,,"Newton, Mass.",mens-soccer,2024,42.3300435,-71.194862
Carter Haynes,,"Diamond Bar, Calif.",mens-soccer,2024,34.0286226,-117.8103367
Aidan Coffey,,"New York, N.Y.",mens-soccer,2024,40.7127281,-74.0060152
Tim Shine,,"Newton, Mass.",mens-soccer,2024,42.3300435,-71.194862
Owen Sullivan,,"Bay Village, Ohio",mens-soccer,2024,41.484996,-81.9208434
Gavin Seele,,"Kennett Square, Pa.",mens-soccer,2024,39.8467414,-75.7116997
Aiden Frick,,"Waukesha, Wis.",mens-soccer,2025,43.0622536,-88.3123889
Pierce Wagner,,"San Diego, Calif.",mens-soccer,2025,32.7157062,-117.1638284
Phil Pak,,"Denver, Colo.",mens-soccer,2025,39.7392364,-104.984862
Phillip Falcon III,,"Tampa, Fla.",mens-soccer,2025,27.9449854,-82.4583107
Connor Dawson,,"O'Fallon, Ill.",mens-soccer,2025,38.5922715,-89.9112124
Patrick Weir,,"Ramsey, N.J.",mens-soccer,2025,41.0573188,-74.1409771
Erickson Sakalosky,,"Tampa, Fla.",mens-soccer,2025,27.9449854,-82.4583107
Adam Ambrus-Aikelin,,"San Diego, Calif.",mens-soccer,2025,32.7157062,-117.1638284
Malachi Neal,,"Cherry Hill, N.J.",mens-soccer,2025,39.9348351,-75.0307264
Marco Bottene,,"Hermosa Beach, Calif.",mens-soccer,2025,33.8637822,-118.3992143
Michael Howard,,"Apex, N.C.",mens-soccer,2025,35.7325352,-78.8505516
Joaquin Niehenke,,"Morristown, N.J.",mens-soccer,2025,40.7970382,-74.4809868
Gavin Seele,,"Kennett Square, Pa.",mens-soccer,2025,39.8467414,-75.7116997
Jack Wagoner,,"Greenville, S.C.",mens-soccer,2025,34.851354,-82.3984882
Oliver Pratt,,"Miami, Fla.",mens-soccer,2025,25.7741566,-80.1935973
Carter Feinman,,"San Diego, Calif.",mens-soccer,2025,32.7157062,-117.1638284
Patrick Cayelli,,"Anderson, S.C.",mens-soccer,2025,34.5258335,-82.652962
Aidan Coffey,,"New York, N.Y.",mens-soccer,2025,40.7127281,-74.0060152
Nik Kathiresan,,"Newton, Mass.",mens-soccer,2025,42.3300435,-71.194862
Becket Empson-Speiden,,"Brooklyn, N.Y.",mens-soccer,2025,40.6526006,-73.9497211
Tim Shine,,"Newton, Mass.",mens-soccer,2025,42.3300435,-71.194862
Max Bohemier,,"Naples, Fla.",mens-soccer,2025,26.1421976,-81.7942944
Romeo Dahlen,,"Greenwich, Conn.",mens-soccer,2025,41.0264862,-73.6284598
Jack-Ryan Jeremiah,,"Kailua-Kona, Hawaii",mens-soccer,2025,19.641941,-155.996933
George Herbert,,"Orange, N.J.",mens-soccer,2025,40.7709499,-74.2264601
Theo Ottosson,,"Los Angeles, Calif.",mens-soccer,2025,34.0536909,-118.242766
Owen Sullivan,,"Bay Village, Ohio",mens-soccer,2025,41.484996,-81.9208434
Will Kelly,,"Rochester, N.Y.",mens-soccer,2025,43.157285,-77.615214
Lincoln Matuskiewicz,,"Malibu, Calif.",mens-soccer,2025,34.035591,-118.689423
David Howard,,"Cary, N.C.",mens-soccer,2025,35.7873617,-78.7811623
Kalani Kunimura,,"Huntington Beach, Calif.",mens-soccer,2025,33.6783336,-118.000016
Carter Haynes,,"Diamond Bar, Calif.",mens-soccer,2025,34.0286226,-117.8103367
Adam Kuechler,,"Needham, Mass.",mens-soccer,2025,42.2802645,-71.2360624
Wyatt Bonos,,"Lake Mary, Fla.",mens-soccer,2026,28.7562749,-81.322093
Jasper Moorhead,,"Brooklyn, N.Y.",mens-soccer,2026,40.6526006,-73.9497211
Nik Kathiresan,,"Newton, Mass.",mens-soccer,2026,42.3300435,-71.194862
Lincoln Matuskiewicz,,"Malibu, Calif.",mens-soccer,2026,34.035591,-118.689423
Max Bohemier,,"Naples, Fla.",mens-soccer,2026,26.1421976,-81.7942944
Theo Ottosson,,"Los Angeles, Calif.",mens-soccer,2026,34.0536909,-118.242766
Adam Kuechler,,"Needham, Mass.",mens-soccer,2026,42.2802645,-71.2360624
Kalani Kunimura,,"Huntington Beach, Calif.",mens-soccer,2026,33.6783336,-118.000016
Becket Empson-Speiden,,"Brooklyn, N.Y.",mens-soccer,2026,40.6526006,-73.9497211
Tim Shine,,"Newton, Mass.",mens-soccer,2026,42.3300435,-71.194862
George Herbert,,"Orange, N.J.",mens-soccer,2026,40.7709499,-74.2264601
Ethan Kim,,"New York, N.Y.",mens-soccer,2026,40.7127281,-74.0060152
Mario Stoka,,"Milwaukee, Wis.",mens-soccer,2026,43.0386475,-87.9090751
Aidan Coffey,,"New York, N.Y.",mens-soccer,2026,40.7127281,-74.0060152
Landry Moncrief,,"Frisco, Texas",mens-soccer,2026,33.1505998,-96.8238183
Isaac Tortola,,"LaSalle, Ontario, Canada",mens-soccer,2026,42.2450635,-83.0606534
Ian Paola,,"Morristown, N.J.",mens-soccer,2026,40.7970382,-74.4809868
Adam Ambrus-Aikelin,,"San Diego, Calif.",mens-soccer,2026,32.7157062,-117.1638284
Michael Howard,,"Apex, N.C.",mens-soccer,2026,35.7325352,-78.8505516
Marco Bottene,,"Hermosa Beach, Calif.",mens-soccer,2026,33.8637822,-118.3992143
Romeo Dahlen,,"Greenwich, Conn.",mens-soccer,2026,41.0264862,-73.6284598
Jack-Ryan Jeremiah,,"Kailua-Kona, Hawaii",mens-soccer,2026,19.641941,-155.996933
Phil Pak,,"Denver, Colo.",mens-soccer,2026,39.7392364,-104.984862
Joaquin Niehenke,,"Morristown, N.J.",mens-soccer,2026,40.7970382,-74.4809868
Malachi Neal,,"Cherry Hill, N.J.",mens-soccer,2026,39.9348351,-75.0307264
Patrick Weir,,"Ramsey, N.J.",mens-soccer,2026,41.0573188,-74.1409771
Connor Dawson,,"O'Fallon, Ill.",mens-soccer,2026,38.5922715,-89.9112124
Phillip Falcon III,,"Tampa, Fla.",mens-soccer,2026,27.9449854,-82.4583107
Hayes Weller,,"Nashville, Tenn.",mens-soccer,2026,36.1622767,-86.7742984
Owen Sullivan,,"Bay Village, Ohio",mens-soccer,2026,41.484996,-81.9208434
Leo Doyle,,"Tokyo, Japan",mens-soccer,2026,35.6768601,139.7638947
Carter Feinman,,"San Diego, Calif.",mens-soccer,2026,32.7157062,-117.1638284
Andrew Hally,,"Wilmington, Del.",mens-cross-country,2016,39.7459468,-75.546589
Ross Wilson,,"Wycombe, Pa.",mens-cross-country,2016,40.2823296,-75.0187801
James Buser,,"Mahwah, N.J.",mens-cross-country,2016,41.0887072,-74.1437552
Nick Tuck,,"Burke, Va.",mens-cross-country,2016,38.7812445,-77.2688875
Chris Luciano,,"Mountain Lakes, N.J.",mens-cross-country,2016,40.8948212,-74.4329314
Jeff Wiseman,,"Holland, Pa.",mens-cross-country,2016,40.1728871,-74.9926688
Clark Mangini,,"Lincroft, N.J.",mens-cross-country,2016,40.3450695,-74.1300764
Mitchell Poynter,,"Tipp City, Ohio",mens-cross-country,2016,39.961325,-84.1700609
Will Daly,,"Oradell, N.J.",mens-cross-country,2016,40.9543943,-74.0308504
Tommy Mulroy,,"Midlothian, Va.",mens-cross-country,2016,37.486806,-77.6473195
Paul Ehmann,,"Mendham, N.J.",mens-cross-country,2016,40.775941,-74.6009617
Lyle Wistar,,"Philadelphia, Pa.",mens-cross-country,2016,39.9527237,-75.1635262
Robert Klopf,,"Oradell, N.J.",mens-cross-country,2016,40.9543943,-74.0308504
Kevin Monogue,,"Burke, Va.",mens-cross-country,2016,38.7812445,-77.2688875
Patrick Hally,,"Wilmington, Del.",mens-cross-country,2016,39.7459468,-75.546589
Sam Webb,,"Yardley, Pa.",mens-cross-country,2016,40.242506,-74.8389704
Isaiah Gaines,,"Findley, Ohio",mens-cross-country,2016,41.1313013,-82.2117307
Brendan Shearn,,"Asland, Pa.",mens-cross-country,2016,40.7817542,-76.3457825
Colin Daly,,"Oradell, N.J.",mens-cross-country,2016,40.9543943,-74.0308504
Elias Graca,,"Cheswick, Pa.",mens-cross-country,2016,40.5410997,-79.8013437
Aaron Groff,,"Cherry Hill, N.J.",mens-cross-country,2016,39.9348351,-75.0307264
Kurt Convey,,"Miami, Fla.",mens-cross-country,2016,25.7741566,-80.1935973
Chris Hatler,,"Sparta, N.J.",mens-cross-country,2016,41.0401567,-74.6310081
Josh Chazin,,"Cherry Hill, N.J.",mens-cross-country,2016,39.9348351,-75.0307264
Joe Novak,,"Donsman, Wis.",mens-cross-country,2016,43.0147244,-88.4727792
Thomas Connelly,,"Wilmington, Del.",mens-cross-country,2016,39.7459468,-75.546589
Eric Kennedy,,"Vandergrift, Pa.",mens-cross-country,2017,40.6028462,-79.5647741
Jeff Wiseman,,"Holland, Pa.",mens-cross-country,2017,40.1728871,-74.9926688
Ross Wilson,,"Wycombe, Pa.",mens-cross-country,2017,40.2823296,-75.0187801
Sam Webb,,"Yardley, Pa.",mens-cross-country,2017,40.242506,-74.8389704
Ajay Sarathy,,"Skillman, N.J.",mens-cross-country,2017,40.4234145,-74.7077882
Anthony Russo,,"Colts Neck, N.J.",mens-cross-country,2017,40.2876108,-74.1723652
Patrick Hally,,"Wilmington, Del.",mens-cross-country,2017,39.7459468,-75.546589
Mitchell Poynter,,"Tipp City, Ohio",mens-cross-country,2017,39.961325,-84.1700609
Joe Novak,,"Donsman, Wis.",mens-cross-country,2017,43.0147244,-88.4727792
Tommy Mulroy,,"Midlothian, Va.",mens-cross-country,2017,37.486806,-77.6473195
Kevin Monogue,,"Burke, Va.",mens-cross-country,2017,38.7812445,-77.2688875
Alex Roth,,"Princeton, N.J.",mens-cross-country,2017,40.3496953,-74.6597376
Chris Luciano,,"Mountain Lakes, N.J.",mens-cross-country,2017,40.8948212,-74.4329314
Ryan Renken,,"Claremont, Calif.",mens-cross-country,2017,34.0966764,-117.7197785
Zakeer Ahmad,,"Westport, Conn.",mens-cross-country,2017,41.1414855,-73.3578955
Colin Daly,,"Oradell, N.J.",mens-cross-country,2017,40.9543943,-74.0308504
Thomas Connelly,,"Wilmington, Del.",mens-cross-country,2017,39.7459468,-75.546589
James Buser,,"Mahwah, N.J.",mens-cross-country,2017,41.0887072,-74.1437552
Noah Carey,,"Guilderland, N.Y.",mens-cross-country,2017,42.704522,-73.911513
Daniel Cohen,,"Solon, Ohio",mens-cross-country,2017,41.3897764,-81.4412259
Andrew Hally,,"Wilmington, Del.",mens-cross-country,2017,39.7459468,-75.546589
Kurt Convey,,"Miami, Fla.",mens-cross-country,2017,25.7741566,-80.1935973
Aaron Groff,,"Cherry Hill, N.J.",mens-cross-country,2017,39.9348351,-75.0307264
Will Daly,,"Oradell, N.J.",mens-cross-country,2017,40.9543943,-74.0308504
Paul Ehmann,,"Mendham, N.J.",mens-cross-country,2017,40.775941,-74.6009617
Isaiah Gaines,,"Findley, Ohio",mens-cross-country,2017,41.1313013,-82.2117307
Elias Graca,,"Cheswick, Pa.",mens-cross-country,2017,40.5410997,-79.8013437
Robert Klopf,,"Oradell, N.J.",mens-cross-country,2017,40.9543943,-74.0308504
Justin Cornetta,,"Flemington, N.J.",mens-cross-country,2018,40.5130953,-74.8591333
Kurt Convey,,"Miami, Fla.",mens-cross-country,2018,25.7741566,-80.1935973
Zakeer Ahmad,,"Westport, Conn.",mens-cross-country,2018,41.1414855,-73.3578955
Noah Carey,,"Guilderland, N.Y.",mens-cross-country,2018,42.704522,-73.911513
Daniel Cohen,,"Solon, Ohio",mens-cross-country,2018,41.3897764,-81.4412259
Will Daly,,"Oradell, N.J.",mens-cross-country,2018,40.9543943,-74.0308504
Ryan Renken,,"Claremont, Calif.",mens-cross-country,2018,34.0966764,-117.7197785
Sam Webb,,"Yardley, Pa.",mens-cross-country,2018,40.242506,-74.8389704
Ray Sellaro,,"Annandale, N.J.",mens-cross-country,2018,40.6475975,-74.8862631
Anthony Russo,,"Colts Neck, N.J.",mens-cross-country,2018,40.2876108,-74.1723652
Alex Roth,,"Princeton, N.J.",mens-cross-country,2018,40.3496953,-74.6597376
Christopher Romero,,"Glen Gardner, N.J.",mens-cross-country,2018,40.6967671,-74.9407248
Mitchell Poynter,,"Tipp City, Ohio",mens-cross-country,2018,39.961325,-84.1700609
Joe Novak,,"Donsman, Wis.",mens-cross-country,2018,43.0147244,-88.4727792
Mason Gatewood,,"South Huntington, N.Y.",mens-cross-country,2018,40.8226705,-73.3958725
Kevin Monogue,,"Burke, Va.",mens-cross-country,2018,38.7812445,-77.2688875
Colin Daly,,"Oradell, N.J.",mens-cross-country,2018,40.9543943,-74.0308504
Robert Klopf,,"Oradell, N.J.",mens-cross-country,2018,40.9543943,-74.0308504
James Lee,,"Longmont, Colo.",mens-cross-country,2018,40.1672117,-105.101928
Elias Graca,,"Cheswick, Pa.",mens-cross-country,2018,40.5410997,-79.8013437
Aaron Groff,,"Cherry Hill, N.J.",mens-cross-country,2018,39.9348351,-75.0307264
Tim Dolan,,"Ewing, N.J.",mens-cross-country,2018,40.2688105,-74.8006895
William Hare,,"Princeton, N.J.",mens-cross-country,2018,40.3496953,-74.6597376
Andrew Hally,,"Wilmington, Del.",mens-cross-country,2018,39.7459468,-75.546589
Anton Idhammar,,"Cary, N.C.",mens-cross-country,2019,35.7873617,-78.7811623
William Hare,,"Princeton, N.J.",mens-cross-country,2019,40.3496953,-74.6597376
Andrew Hally,,"Wilmington, Del.",mens-cross-country,2019,39.7459468,-75.546589
Mitchell Poynter,,"Tipp City, Ohio",mens-cross-country,2019,39.961325,-84.1700609
Aaron Groff,,"Cherry Hill, N.J.",mens-cross-country,2019,39.9348351,-75.0307264
Ray Sellaro,,"Annandale, N.J.",mens-cross-country,2019,40.6475975,-74.8862631
Anthony Russo,,"Colts Neck, N.J.",mens-cross-country,2019,40.2876108,-74.1723652
Alex Roth,,"Princeton, N.J.",mens-cross-country,2019,40.3496953,-74.6597376
Ryan Renken,,"Claremont, Calif.",mens-cross-country,2019,34.0966764,-117.7197785
Daniel Cohen,,"Solon, Ohio",mens-cross-country,2019,41.3897764,-81.4412259
Mason Gatewood,,"South Huntington, N.Y.",mens-cross-country,2019,40.8226705,-73.3958725
Michael Keehan,,"Wilmington, Del.",mens-cross-country,2019,39.7459468,-75.546589
Jared Cooper,,"Mountain Lakes, N.J.",mens-cross-country,2019,40.8948212,-74.4329314
Justin Cornetta,,"Flemington, N.J.",mens-cross-country,2019,40.5130953,-74.8591333
Colin Daly,,"Oradell, N.J.",mens-cross-country,2019,40.9543943,-74.0308504
Will Daly,,"Oradell, N.J.",mens-cross-country,2019,40.9543943,-74.0308504
Matthew Eissler,,"Chalfont, Pa.",mens-cross-country,2019,40.2869695,-75.2087721
James Lee,,"Longmont, Colo.",mens-cross-country,2019,40.1672117,-105.101928
Sean Banko,,"Wilmington, Del.",mens-cross-country,2019,39.7459468,-75.546589
Noah Carey,,"Guilderland, N.Y.",mens-cross-country,2019,42.704522,-73.911513
Tim Dolan,,"Ewing, N.J.",mens-cross-country,2019,40.2688105,-74.8006895
Oliver Stewart,,"Cape Town, South Africa",mens-cross-country,2020,-33.9288301,18.4172197
Will Shaughnessy,,"Brunswick, Maine",mens-cross-country,2020,43.9166529,-69.9659438
Ray Sellaro,,"Annandale, N.J.",mens-cross-country,2020,40.6475975,-74.8862631
Tim Dolan,,"Ewing, N.J.",mens-cross-country,2020,40.2688105,-74.8006895
Alex Roth,,"Princeton, N.J.",mens-cross-country,2020,40.3496953,-74.6597376
Ryan Renken,,"Claremont, Calif.",mens-cross-country,2020,34.0966764,-117.7197785
James Lee,,"Longmont, Colo.",mens-cross-country,2020,40.1672117,-105.101928
Daniel Cohen,,"Solon, Ohio",mens-cross-country,2020,41.3897764,-81.4412259
Anton Idhammar,,"Cary, N.C.",mens-cross-country,2020,35.7873617,-78.7811623
William Hare,,"Princeton, N.J.",mens-cross-country,2020,40.3496953,-74.6597376
Michael Keehan,,"Wilmington, Del.",mens-cross-country,2020,39.7459468,-75.546589
Mason Gatewood,,"South Huntington, N.Y.",mens-cross-country,2020,40.8226705,-73.3958725
Justin Cornetta,,"Flemington, N.J.",mens-cross-country,2020,40.5130953,-74.8591333
Jared Cooper,,"Mountain Lakes, N.J.",mens-cross-country,2020,40.8948212,-74.4329314
Anthony Russo,,"Colts Neck, N.J.",mens-cross-country,2020,40.2876108,-74.1723652
Sean Banko,,"Wilmington, Del.",mens-cross-country,2020,39.7459468,-75.546589
George Adams,,"Atlanta, Ga.",mens-cross-country,2020,33.7544657,-84.3898151
Justin Iler,,"Hunting Valley, Ohio",mens-cross-country,2020,41.489219,-81.401781
Troy Hill,,"Middletown, N.J.",mens-cross-country,2020,40.3898188,-74.1162152
Sean Banko,,"Wilmington, Del.",mens-cross-country,2021,39.7459468,-75.546589
Dylan Throop,,"Edinboro, Pa.",mens-cross-country,2021,41.8742225,-80.1317236
Anton Idhammar,,"Cary, N.C.",mens-cross-country,2021,35.7873617,-78.7811623
Justin Iler,,"Hunting Valley, Ohio",mens-cross-country,2021,41.489219,-81.401781
Will Shaughnessy,,"Brunswick, Maine",mens-cross-country,2021,43.9166529,-69.9659438
Charlie King,,"Ridgefield, Conn.",mens-cross-country,2021,41.2814842,-73.4981792
Jared Cooper,,"Mountain Lakes, N.J.",mens-cross-country,2021,40.8948212,-74.4329314
Kyle Miller,,"Scottsdale, Ariz.",mens-cross-country,2021,33.4942189,-111.926018
Luke Johnson,,"Plainsboro, N.J.",mens-cross-country,2021,40.3334409,-74.6004341
Michael Keehan,,"Wilmington, Del.",mens-cross-country,2021,39.7459468,-75.546589
Zubeir Dagane,,"Bloomington, Minn.",mens-cross-country,2021,44.8322405,-93.3204872
Holden Emery,,"Buckingham, Pa.",mens-cross-country,2021,40.3165463,-75.0469193
Ray Sellaro,,"Annandale, N.J.",mens-cross-country,2021,40.6475975,-74.8862631
Noah Carey,,"Guilderland, N.Y.",mens-cross-country,2021,42.704522,-73.911513
Vidhur Polam,,"Monmouth Junction, N.J.",mens-cross-country,2021,40.3840222,-74.533084
Nick Faries,,"Santa Monica, Calif.",mens-cross-country,2021,34.0194704,-118.491227
Edwin Klanke,,"Jersey City, N.J.",mens-cross-country,2021,40.7215682,-74.047455
Tim Dolan,,"Ewing, N.J.",mens-cross-country,2021,40.2688105,-74.8006895
James Lee,,"Longmont, Colo.",mens-cross-country,2021,40.1672117,-105.101928
Jonah Gorevic,,"Tarrytown, N.Y.",mens-cross-country,2021,41.0762077,-73.8587461
William Hare,,"Princeton, N.J.",mens-cross-country,2021,40.3496953,-74.6597376
Oliver Stewart,,"Cape Town, South Africa",mens-cross-country,2021,-33.9288301,18.4172197
Titus Bretzke,,"Greenville, Mich.",mens-cross-country,2021,43.1775314,-85.2527987
Troy Hill,,"Middletown, N.J.",mens-cross-country,2021,40.3898188,-74.1162152
Mason Gatewood,,"South Huntington, N.Y.",mens-cross-country,2021,40.8226705,-73.3958725
Justin Cornetta,,"Flemington, N.J.",mens-cross-country,2021,40.5130953,-74.8591333
Oliver Stewart,,"Cape Town, South Africa",mens-cross-country,2022,-33.9288301,18.4172197
Justin Iler,,"Hunting Valley, Ohio",mens-cross-country,2022,41.489219,-81.401781
Anton Idhammar,,"Cary, N.C.",mens-cross-country,2022,35.7873617,-78.7811623
Zubeir Dagane,,"Bloomington, Minn.",mens-cross-country,2022,44.8322405,-93.3204872
Silas Ruth,,"Rochester, N.Y.",mens-cross-country,2022,43.157285,-77.615214
Luke Johnson,,"Plainsboro, N.J.",mens-cross-country,2022,40.3334409,-74.6004341
Kyle Miller,,"Scottsdale, Ariz.",mens-cross-country,2022,33.4942189,-111.926018
Vidhur Polam,,"Monmouth Junction, N.J.",mens-cross-country,2022,40.3840222,-74.533084
Nick Carpenter,,"Winter Park, Fla.",mens-cross-country,2022,28.5977707,-81.3510264
Charlie King,,"Ridgefield, Conn.",mens-cross-country,2022,41.2814842,-73.4981792
Troy Hill,,"Middletown, N.J.",mens-cross-country,2022,40.3898188,-74.1162152
Michael Keehan,,"Wilmington, Del.",mens-cross-country,2022,39.7459468,-75.546589
Dylan Throop,,"Edinboro, Pa.",mens-cross-country,2022,41.8742225,-80.1317236
Sean Banko,,"Wilmington, Del.",mens-cross-country,2022,39.7459468,-75.546589
Jonah Gorevic,,"Tarrytown, N.Y.",mens-cross-country,2022,41.0762077,-73.8587461
Liam Going,,"Westbury, N.Y.",mens-cross-country,2022,40.7556561,-73.5876273
Nicolas Pizarro,,"Wilmington, Del.",mens-cross-country,2022,39.7459468,-75.546589
Titus Bretzke,,"Greenville, Mich.",mens-cross-country,2022,43.1775314,-85.2527987
Denis Gallagher,,"Narberth, Pa.",mens-cross-country,2022,40.0084456,-75.26046
Sahil Dodda,,"Dallas, Texas",mens-cross-country,2022,32.7762719,-96.7968559
Dennis Fortuna,,"Runnemede, N.J.",mens-cross-country,2022,39.8523358,-75.0679498
Edwin Klanke,,"Jersey City, N.J.",mens-cross-country,2022,40.7215682,-74.047455
Will Shaughnessy,,"Brunswick, Maine",mens-cross-country,2022,43.9166529,-69.9659438
Holden Emery,,"Buckingham, Pa.",mens-cross-country,2022,40.3165463,-75.0469193
Matthew Fernando,,"Atlanta, Ga.",mens-cross-country,2022,33.7544657,-84.3898151
Nick Faries,,"Santa Monica, Calif.",mens-cross-country,2022,34.0194704,-118.491227
Nicolas Pizarro,,"Wilmington, Del.",mens-cross-country,2023,39.7459468,-75.546589
Vidhur Polam,,"Monmouth Junction, N.J.",mens-cross-country,2023,40.3840222,-74.533084
Kyle Miller,,"Scottsdale, Ariz.",mens-cross-country,2023,33.4942189,-111.926018
Dylan Throop,,"Edinboro, Pa.",mens-cross-country,2023,41.8742225,-80.1317236
Edwin Klanke,,"Jersey City, N.J.",mens-cross-country,2023,40.7215682,-74.047455
Sahil Dodda,,"Dallas, Texas",mens-cross-country,2023,32.7762719,-96.7968559
Luke Johnson,,"Plainsboro, N.J.",mens-cross-country,2023,40.3334409,-74.6004341
George Keen,,"Cambridge, United Kingdom",mens-cross-country,2023,52.1975846,0.1391537
Rory Lieberman,,"Danville, Pa.",mens-cross-country,2023,40.9664806,-76.6131474
Silas Ruth,,"Rochester, N.Y.",mens-cross-country,2023,43.157285,-77.615214
Sebastian Pizarro,,"Wilmington, Del.",mens-cross-country,2023,39.7459468,-75.546589
Will Shaughnessy,,"Brunswick, Maine",mens-cross-country,2023,43.9166529,-69.9659438
Titus Bretzke,,"Greenville, Mich.",mens-cross-country,2023,43.1775314,-85.2527987
Dennis Fortuna,,"Runnemede, N.J.",mens-cross-country,2023,39.8523358,-75.0679498
Kofi Fordjour,,"Quincy, Mass.",mens-cross-country,2023,42.2509914,-71.0037374
Holden Emery,,"Buckingham, Pa.",mens-cross-country,2023,40.3165463,-75.0469193
Nick Carpenter,,"Winter Park, Fla.",mens-cross-country,2023,28.5977707,-81.3510264
Alex Boyko,,"Cinnaminson, N.J.",mens-cross-country,2023,40.0166151,-74.9999754
Troy Hill,,"Middletown, N.J.",mens-cross-country,2023,40.3898188,-74.1162152
Brian Gent,,"Pepper Pike, Ohio",mens-cross-country,2023,41.478387,-81.46373
Liam Going,,"Westbury, N.Y.",mens-cross-country,2023,40.7556561,-73.5876273
Denis Gallagher,,"Narberth, Pa.",mens-cross-country,2023,40.0084456,-75.26046
Dennis Fortuna,,"Runnemede, N.J.",mens-cross-country,2024,39.8523358,-75.0679498
Joseph Ruiz,,"Miami, Fla.",mens-cross-country,2024,25.7741566,-80.1935973
Luke Johnson,,"Plainsboro, N.J.",mens-cross-country,2024,40.3334409,-74.6004341
Chris Larnard,,"Scituate, Mass.",mens-cross-country,2024,42.1924492,-70.7261966
Alex Boyko,,"Cinnaminson, N.J.",mens-cross-country,2024,40.0166151,-74.9999754
Brian Gent,,"Pepper Pike, Ohio",mens-cross-country,2024,41.478387,-81.46373
Will Shaughnessy,,"Brunswick, Maine",mens-cross-country,2024,43.9166529,-69.9659438
George Keen,,"Cambridge, United Kingdom",mens-cross-country,2024,52.1975846,0.1391537
Edwin Klanke,,"Jersey City, N.J.",mens-cross-country,2024,40.7215682,-74.047455
Brady Golomb,,"Elmhurst, Ill.",mens-cross-country,2024,41.8994745,-87.9403418
Sebastian Pizarro,,"Wilmington, Del.",mens-cross-country,2024,39.7459468,-75.546589
Kofi Fordjour,,"Quincy, Mass.",mens-cross-country,2024,42.2509914,-71.0037374
Diego Mendez Colon,,"Dorado, Puerto Rico",mens-cross-country,2024,18.4317317,-66.2796684
Silas Ruth,,"Rochester, N.Y.",mens-cross-country,2024,43.157285,-77.615214
Nick Carpenter,,"Winter Park, Fla.",mens-cross-country,2024,28.5977707,-81.3510264
Esfan Daya,,"Atlanta, Ga.",mens-cross-country,2024,33.7544657,-84.3898151
Raghav Gopalakrishnan,,"Charlotte, N.C.",mens-cross-country,2024,35.2272086,-80.8430827
Shane Murphy,,"New York, N.Y.",mens-cross-country,2024,40.7127281,-74.0060152
Nathan Blades,,"Portland, Maine",mens-cross-country,2024,43.6573605,-70.2586618
Liam Going,,"Westbury, N.Y.",mens-cross-country,2024,40.7556561,-73.5876273
Dylan Throop,,"Edinboro, Pa.",mens-cross-country,2024,41.8742225,-80.1317236
Sahil Dodda,,"Dallas, Texas",mens-cross-country,2024,32.7762719,-96.7968559
Vidhur Polam,,"Monmouth Junction, N.J.",mens-cross-country,2024,40.3840222,-74.533084
Sahil Dodda,,"Dallas, Texas",mens-cross-country,2025,32.7762719,-96.7968559
Vinay Raman,,"Hershey, Pa.",mens-cross-country,2025,40.2850285,-76.6534662
Chris Larnard,,"Scituate, Mass.",mens-cross-country,2025,42.1924492,-70.7261966
Shamus Larnard,,"Boston, Mass.",mens-cross-country,2025,42.3588336,-71.0578303
George Keen,,"Cambridge, United Kingdom",mens-cross-country,2025,52.1975846,0.1391537
Raghav Gopalakrishnan,,"Charlotte, N.C.",mens-cross-country,2025,35.2272086,-80.8430827
Joseph Ruiz,,"Miami, Fla.",mens-cross-country,2025,25.7741566,-80.1935973
Nathan Blades,,"Portland, Maine",mens-cross-country,2025,43.6573605,-70.2586618
Porter Warren,,"Littleton, Colo.",mens-cross-country,2025,39.613321,-105.016649
Joseph Socarras,,"Miami, Fla.",mens-cross-country,2025,25.7741566,-80.1935973
Esfan Daya,,"Atlanta, Ga.",mens-cross-country,2025,33.7544657,-84.3898151
Nick Carpenter,,"Winter Park, Fla.",mens-cross-country,2025,28.5977707,-81.3510264
Liam Jordan,,"Tampa, Fla.",mens-cross-country,2025,27.9449854,-82.4583107
Liam Going,,"Westbury, N.Y.",mens-cross-country,2025,40.7556561,-73.5876273
Kofi Fordjour,,"Quincy, Mass.",mens-cross-country,2025,42.2509914,-71.0037374
Dennis Fortuna,,"Runnemede, N.J.",mens-cross-country,2025,39.8523358,-75.0679498
Shane Murphy,,"New York, N.Y.",mens-cross-country,2025,40.7127281,-74.0060152
Joseph Ruiz,,"Miami, Fla.",mens-cross-country,2026,25.7741566,-80.1935973
Vinay Raman,,"Hershey, Pa.",mens-cross-country,2026,40.2850285,-76.6534662
Shane Murphy,,"New York, N.Y.",mens-cross-country,2026,40.7127281,-74.0060152
Nick Mazzeo,,"Penn Valley, Pa.",mens-cross-country,2026,40.0184454,-75.2612932
Doug Martin,,"McHenry, Ill.",mens-cross-country,2026,42.3294391,-88.4605713
Shamus Larnard,,"Boston, Mass.",mens-cross-country,2026,42.3588336,-71.0578303
Chris Larnard,,"Scituate, Mass.",mens-cross-country,2026,42.1924492,-70.7261966
Brian Gent,,"Pepper Pike, Ohio",mens-cross-country,2026,41.478387,-81.46373
Liam Jordan,,"Tampa, Fla.",mens-cross-country,2026,27.9449854,-82.4583107
Raghav Gopalakrishnan,,"Charlotte, N.C.",mens-cross-country,2026,35.2272086,-80.8430827
Kofi Fordjour,,"Quincy, Mass.",mens-cross-country,2026,42.2509914,-71.0037374
Haris Flynn,,"Atlanta, Ga.",mens-cross-country,2026,33.7544657,-84.3898151
Esfan Daya,,"Atlanta, Ga.",mens-cross-country,2026,33.7544657,-84.3898151
Nathan Blades,,"Portland, Maine",mens-cross-country,2026,43.6573605,-70.2586618
Joseph Socarras,,"Miami, Fla.",mens-cross-country,2026,25.7741566,-80.1935973
George Keen,,"Cambridge, United Kingdom",mens-cross-country,2026,52.1975846,0.1391537
Brody Watt,,"Bernardsville, N.J.",mens-cross-country,2026,40.7186805,-74.5692273
Josh Goldenberg,,"Scarsdale, N.Y.",mens-golf,2016,40.9885221,-73.8085608
Dane Walton,,"Thousand Oaks, Calif.",mens-golf,2016,34.1705609,-118.8375937
Carter Thompson,,"Tallahassee, Fla.",mens-golf,2016,30.4380832,-84.2809332
KJ Smith,,"Atlanta, Ga.",mens-golf,2016,33.7544657,-84.3898151
Sergio Roman,,"Quito, Ecuador",mens-golf,2016,-0.2201641,-78.5123274
Amay Poria,,"Morgan Hill, Calif.",mens-golf,2016,37.130408,-121.6544974
Matt Kern,,"Springboro, Ohio",mens-golf,2016,39.5522815,-84.2332718
Zareh Kaloustian,,"Sherman Oaks, Calif.",mens-golf,2016,34.1508718,-118.448986
Eric Ganshaw,,"Greenwich, Conn.",mens-golf,2016,41.0264862,-73.6284598
Daniel Furman,,"Los Angeles, Calif.",mens-golf,2016,34.0536909,-118.242766
Zareh Kaloustian,,"Sherman Oaks, Calif.",mens-golf,2017,34.1508718,-118.448986
Carter Thompson,,"Tallahassee, Fla.",mens-golf,2017,30.4380832,-84.2809332
Mitchell Cornell,,"Incline Village, Nev.",mens-golf,2017,39.2548035,-119.9537984
KJ Smith,,"Atlanta, Ga.",mens-golf,2017,33.7544657,-84.3898151
Josh Goldenberg,,"Scarsdale, N.Y.",mens-golf,2017,40.9885221,-73.8085608
Amay Poria,,"Morgan Hill, Calif.",mens-golf,2017,37.130408,-121.6544974
Eric Ganshaw,,"Greenwich, Conn.",mens-golf,2017,41.0264862,-73.6284598
Brandon Wang,,"Bradenton, Fla.",mens-golf,2017,27.4989278,-82.5748194
Josh Goldenberg,,"Scarsdale, N.Y.",mens-golf,2018,40.9885221,-73.8085608
Mark Haghani,,"Wilson, Wyo.",mens-golf,2018,43.4989783,-110.8746563
Mitchell Cornell,,"Incline Village, Nev.",mens-golf,2018,39.2548035,-119.9537984
Caleb Blackburn,,"Colorado Springs, Colo.",mens-golf,2018,38.8339578,-104.825348
Eric Ganshaw,,"Greenwich, Conn.",mens-golf,2018,41.0264862,-73.6284598
Jason Fan,,"Wanchai, Hong Kong",mens-golf,2018,22.280188,114.1724022
Zareh Kaloustian,,"Sherman Oaks, Calif.",mens-golf,2018,34.1508718,-118.448986
KJ Smith,,"Atlanta, Ga.",mens-golf,2018,33.7544657,-84.3898151
Carter Prince,,"Centerport, N.Y.",mens-golf,2018,40.898077,-73.373051
Brandon Wang,,"Bradenton, Fla.",mens-golf,2018,27.4989278,-82.5748194
Carter Thompson,,"Tallahassee, Fla.",mens-golf,2018,30.4380832,-84.2809332
Jason Langer,,"Boca Raton, Fla.",mens-golf,2018,26.3586885,-80.0830984
Jason Fan,,"Wanchai, Hong Kong",mens-golf,2019,22.280188,114.1724022
Eric Ganshaw,,"Greenwich, Conn.",mens-golf,2019,41.0264862,-73.6284598
Harrison Ornstein,,"Naples, Fla.",mens-golf,2019,26.1421976,-81.7942944
Simon Markowitz,,"New York, N.Y.",mens-golf,2019,40.7127281,-74.0060152
Brandon Wang,,"Bradenton, Fla.",mens-golf,2019,27.4989278,-82.5748194
Andy Fan,,"Scarsdale, N.Y.",mens-golf,2019,40.9885221,-73.8085608
Caleb Blackburn,,"Colorado Springs, Colo.",mens-golf,2019,38.8339578,-104.825348
Mitchell Cornell,,"Incline Village, Nev.",mens-golf,2019,39.2548035,-119.9537984
Mark Haghani,,"Wilson, Wyo.",mens-golf,2019,43.4989783,-110.8746563
Jason Langer,,"Boca Raton, Fla.",mens-golf,2019,26.3586885,-80.0830984
Carter Prince,,"Centerport, N.Y.",mens-golf,2019,40.898077,-73.373051
Jeff Tian,,"Shenzhen, China",mens-golf,2019,22.5445741,114.0545429
Anthony Basilio,,"Knoxville, Tenn.",mens-golf,2019,35.9603948,-83.9210261
Ben Scott,,"Manhattan Beach, Calif.",mens-golf,2020,33.8872777,-118.4104324
Carter Prince,,"Centerport, N.Y.",mens-golf,2020,40.898077,-73.373051
Alec Nachmann,,"Boca Raton, Fla.",mens-golf,2020,26.3586885,-80.0830984
Brandon Wang,,"Bradenton, Fla.",mens-golf,2020,27.4989278,-82.5748194
Harrison Ornstein,,"Naples, Fla.",mens-golf,2020,26.1421976,-81.7942944
Jeff Tian,,"Shenzhen, China",mens-golf,2020,22.5445741,114.0545429
Simon Markowitz,,"New York, N.Y.",mens-golf,2020,40.7127281,-74.0060152
Caleb Blackburn,,"Colorado Springs, Colo.",mens-golf,2020,38.8339578,-104.825348
Mitchell Cornell,,"Incline Village, Nev.",mens-golf,2020,39.2548035,-119.9537984
Anthony Basilio,,"Knoxville, Tenn.",mens-golf,2020,35.9603948,-83.9210261
Jason Fan,,"Wanchai, Hong Kong",mens-golf,2020,22.280188,114.1724022
Jimin Jung,,"Briarcliff Manor, N.Y.",mens-golf,2020,41.1456512,-73.8237456
Mark Haghani,,"Wilson, Wyo.",mens-golf,2020,43.4989783,-110.8746563
Eric Ganshaw,,"Greenwich, Conn.",mens-golf,2020,41.0264862,-73.6284598
Jason Langer,,"Boca Raton, Fla.",mens-golf,2020,26.3586885,-80.0830984
Andy Fan,,"Scarsdale, N.Y.",mens-golf,2020,40.9885221,-73.8085608
Mark Haghani,,"Wilson, Wyo.",mens-golf,2021,43.4989783,-110.8746563
Anthony Basilio,,"Knoxville, Tenn.",mens-golf,2021,35.9603948,-83.9210261
Carter Prince,,"Centerport, N.Y.",mens-golf,2021,40.898077,-73.373051
Harrison Ornstein,,"Naples, Fla.",mens-golf,2021,26.1421976,-81.7942944
Jimin Jung,,"Briarcliff Manor, N.Y.",mens-golf,2021,41.1456512,-73.8237456
Jason Langer,,"Boca Raton, Fla.",mens-golf,2021,26.3586885,-80.0830984
John Richardson,,"London, England",mens-golf,2021,51.5074456,-0.1277653
Caleb Blackburn,,"Colorado Springs, Colo.",mens-golf,2021,38.8339578,-104.825348
Simon Markowitz,,"New York, N.Y.",mens-golf,2021,40.7127281,-74.0060152
Jason Fan,,"Wanchai, Hong Kong",mens-golf,2021,22.280188,114.1724022
George Roessler,,"North Palm Beach, Fla.",mens-golf,2021,26.8237944,-80.0559266
Andy Fan,,"Scarsdale, N.Y.",mens-golf,2021,40.9885221,-73.8085608
Ben Scott,,"Manhattan Beach, Calif.",mens-golf,2022,33.8872777,-118.4104324
Henry Krieble,,"West Hartford, Conn.",mens-golf,2022,41.7620447,-72.7420399
Anthony Basilio,,"Knoxville, Tenn.",mens-golf,2022,35.9603948,-83.9210261
Jimin Jung,,"Briarcliff Manor, N.Y.",mens-golf,2022,41.1456512,-73.8237456
Harrison Ornstein,,"Naples, Fla.",mens-golf,2022,26.1421976,-81.7942944
George Roessler,,"North Palm Beach, Fla.",mens-golf,2022,26.8237944,-80.0559266
Steven Lee,,"Scarsdale, N.Y.",mens-golf,2022,40.9885221,-73.8085608
Simon Markowitz,,"New York, N.Y.",mens-golf,2022,40.7127281,-74.0060152
Owen Hayes,,"Bedford Hills, N.Y.",mens-golf,2022,41.2351255,-73.6863002
John Richardson,,"London, England",mens-golf,2022,51.5074456,-0.1277653
Mark Haghani,,"Wilson, Wyo.",mens-golf,2022,43.4989783,-110.8746563
Andy Fan,,"Scarsdale, N.Y.",mens-golf,2022,40.9885221,-73.8085608
Hayden Adams,,"Lexington, Ky.",mens-golf,2023,38.0464066,-84.4970393
Owen Hayes,,"Bedford Hills, N.Y.",mens-golf,2023,41.2351255,-73.6863002
Jimin Jung,,"Briarcliff Manor, N.Y.",mens-golf,2023,41.1456512,-73.8237456
John Richardson,,"London, England",mens-golf,2023,51.5074456,-0.1277653
George Roessler,,"North Palm Beach, Fla.",mens-golf,2023,26.8237944,-80.0559266
Ben Scott,,"Manhattan Beach, Calif.",mens-golf,2023,33.8872777,-118.4104324
Max Fonseca,,"Miami, Fla.",mens-golf,2023,25.7741566,-80.1935973
Steven Lee,,"Scarsdale, N.Y.",mens-golf,2023,40.9885221,-73.8085608
Max Fonseca,,"Miami, Fla.",mens-golf,2024,25.7741566,-80.1935973
Owen Hayes,,"Bedford Hills, N.Y.",mens-golf,2024,41.2351255,-73.6863002
Wesley Hu,,"Suwanee, Ga.",mens-golf,2024,34.0514898,-84.0712997
Steven Lee,,"Scarsdale, N.Y.",mens-golf,2024,40.9885221,-73.8085608
George Roessler,,"North Palm Beach, Fla.",mens-golf,2024,26.8237944,-80.0559266
Ben Scott,,"Manhattan Beach, Calif.",mens-golf,2024,33.8872777,-118.4104324
Hayden Adams,,"Lexington, Ky.",mens-golf,2024,38.0464066,-84.4970393
Ryan Chang,,"Brookline, Mass.",mens-golf,2024,42.332918,-71.1187829
Wesley Hu,,"Suwanee, Ga.",mens-golf,2025,34.0514898,-84.0712997
Arjun Caprihan,,"Short Hills, N.J.",mens-golf,2025,40.7381585,-74.3377392
Ryan Chang,,"Brookline, Mass.",mens-golf,2025,42.332918,-71.1187829
Henry Chen,,"Hillsborough, Calif.",mens-golf,2025,37.557252,-122.362529
Hayden Adams,,"Lexington, Ky.",mens-golf,2025,38.0464066,-84.4970393
Kayden Wang,,"San Diego, Calif.",mens-golf,2025,32.7157062,-117.1638284
Max Fonseca,,"Miami, Fla.",mens-golf,2025,25.7741566,-80.1935973
Owen Hayes,,"Bedford Hills, N.Y.",mens-golf,2025,41.2351255,-73.6863002
Oliver Uribe,,"Scottsdale, Ariz.",mens-golf,2026,33.4942189,-111.926018
Hayden Adams,,"Lexington, Ky.",mens-golf,2026,38.0464066,-84.4970393
Arjun Caprihan,,"Short Hills, N.J.",mens-golf,2026,40.7381585,-74.3377392
Ryan Chang,,"Brookline, Mass.",mens-golf,2026,42.332918,-71.1187829
Henry Chen,,"Hillsborough, Calif.",mens-golf,2026,37.557252,-122.362529
Sean Curran,,"Newtown Square, Pa.",mens-golf,2026,39.9868117,-75.4007633
Max Fonseca,,"Miami, Fla.",mens-golf,2026,25.7741566,-80.1935973
Wesley Hu,,"Suwanee, Ga.",mens-golf,2026,34.0514898,-84.0712997
Kayden Wang,,"San Diego, Calif.",mens-golf,2026,32.7157062,-117.1638284
Mike Mulqueen,,"Malvern, Pa.",mens-lacrosse,2016,40.036202,-75.5138959
JoJo Biddle,,"Del Mar, Calif.",mens-lacrosse,2016,32.9594891,-117.2653146
Matt McILwrick,,"Coquitlam, B.C.",mens-lacrosse,2016,49.2842958,-122.793281
Jack Ullrich,,"Hingham, Mass.",mens-lacrosse,2016,42.2417669,-70.8897676
Jack Book,,"Darien, Conn.",mens-lacrosse,2016,41.0787079,-73.4692873
Eric Persky,,"New Canaan, Conn.",mens-lacrosse,2016,41.146763,-73.4948446
Kyle Scheetz,,"Fairfield, Conn.",mens-lacrosse,2016,41.1412078,-73.2637258
Connor Keating,,"Gladwyne, Pa.",mens-lacrosse,2016,40.0397304,-75.2791788
Min Jae Yoo,,"Seoul, South Korea",mens-lacrosse,2016,37.5666791,126.9782914
Tyler Earley,,"Maple Glen, Pa.",mens-lacrosse,2016,40.178412,-75.1778197
Kyle Thornton,,"Garden City, N.Y.",mens-lacrosse,2016,40.7266477,-73.6343052
Simon Mathias,,"Ridgefield, Conn.",mens-lacrosse,2016,41.2814842,-73.4981792
Kevin Brown,,"Fairfield, Conn.",mens-lacrosse,2016,41.1412078,-73.2637258
Tom Stevens,,"Havertown, Pa.",mens-lacrosse,2016,39.9809452,-75.3085201
Skyler Mickunas,,"Danvers, Mass.",mens-lacrosse,2016,42.5664984,-70.9362957
Chris Santangelo,,"Rye, N.Y.",mens-lacrosse,2016,40.9821371,-73.6840902
Garrett Fellows,,"Washington, D.C.",mens-lacrosse,2016,38.8950982,-77.0363849
James Campbell,,"Norwalk, Conn.",mens-lacrosse,2016,41.1175966,-73.4078968
Gibby Brook,,"Philadelphia, Pa.",mens-lacrosse,2016,39.9527237,-75.1635262
Richie Lenskold,,"Martinsville, N.J.",mens-lacrosse,2016,40.6012136,-74.5590452
Austin Kreinz,,"Delafield, Wis.",mens-lacrosse,2016,43.0594237,-88.4040172
Kevin McGeary,,"Newtown Square, Pa.",mens-lacrosse,2016,39.9868117,-75.4007633
Kevin McDonough,,"New Canaan, Conn.",mens-lacrosse,2016,41.146763,-73.4948446
Michael Bicknese,,"Ridgewood, N.J.",mens-lacrosse,2016,40.9796683,-74.1194403
Drew Robshaw,,"Mendham, N.J.",mens-lacrosse,2016,40.775941,-74.6009617
Joe Licciardi,,"Lloyd Harbor, N.Y.",mens-lacrosse,2016,40.9034315,-73.4598432
Reilly Hupfeldt,,"Haverford, Pa.",mens-lacrosse,2016,40.0129191,-75.2966948
Keyveat Postell,,"Philadelphia, Pa.",mens-lacrosse,2016,39.9527237,-75.1635262
Kevin Gayhardt,,"Bryn Mawr, Pa.",mens-lacrosse,2016,40.0238245,-75.3173407
James Farrell,,"Manhasset, N.Y.",mens-lacrosse,2016,40.786702,-73.6967338
Adam Goldner,,"Allentown, Pa.",mens-lacrosse,2016,40.6022552,-75.4716115
Reed Junkin,,"Wayland, Mass.",mens-lacrosse,2016,42.3632063,-71.3606721
Mark Evanchick,,"Darien, Conn.",mens-lacrosse,2016,41.0787079,-73.4692873
Chris Hilburn,,"West Chester, Pa.",mens-lacrosse,2016,39.9597389,-75.6044609
Peter Laco,,"Potomac, Md.",mens-lacrosse,2016,39.0180508,-77.1956331
Tyler Dunn,,"Manhasset, N.Y.",mens-lacrosse,2016,40.786702,-73.6967338
Noah Lejman,,"Blue Bell, Pa.",mens-lacrosse,2016,40.147809,-75.272781
Alex Roesner,,"Baltimore, Md.",mens-lacrosse,2016,39.2908816,-76.610759
JJ McBride,,"Madison, N.J.",mens-lacrosse,2016,40.7598227,-74.417097
Alex deMarco,,"Malvern, Pa.",mens-lacrosse,2016,40.036202,-75.5138959
Alex Minanov,,"Grosse Pointe Park, Mich.",mens-lacrosse,2016,42.3816896,-82.9313655
Thomas Chai,,"Rye, N.Y.",mens-lacrosse,2017,40.9821371,-73.6840902
Harrison Mack,,"New York, N.Y.",mens-lacrosse,2017,40.7127281,-74.0060152
Matt McILwrick,,"Coquitlam, B.C.",mens-lacrosse,2017,49.2842958,-122.793281
Preston Heard,,"Bethesda, Md.",mens-lacrosse,2017,38.9812726,-77.1233587
Alex Andersen,,"Radnor, Pa.",mens-lacrosse,2017,40.0448619,-75.3594728
Tom Stevens,,"Havertown, Pa.",mens-lacrosse,2017,39.9809452,-75.3085201
Finlay Collins,,"Darien, Conn.",mens-lacrosse,2017,41.0787079,-73.4692873
Nick Shablom,,"Haymarket, Va.",mens-lacrosse,2017,38.8121398,-77.6368038
Max Metalios,,"Riverside, Conn.",mens-lacrosse,2017,41.0314897,-73.5833604
Jack Schultz,,"Charlottesville, Va.",mens-lacrosse,2017,38.029306,-78.4766781
Ben Bedard,,"Annapolis, Md.",mens-lacrosse,2017,38.9786401,-76.492786
Anthony Giuliani,,"Maple Glen, Pa.",mens-lacrosse,2017,40.178412,-75.1778197
Connor Keating,,"Gladwyne, Pa.",mens-lacrosse,2017,40.0397304,-75.2791788
Mark Evanchick,,"Darien, Conn.",mens-lacrosse,2017,41.0787079,-73.4692873
Kyle Scheetz,,"Fairfield, Conn.",mens-lacrosse,2017,41.1412078,-73.2637258
Simon Mathias,,"Ridgefield, Conn.",mens-lacrosse,2017,41.2814842,-73.4981792
Jason Walker,,"Brampton, Ontario",mens-lacrosse,2017,43.685832,-79.7599366
Mike Lamon,,"Severna Park, Md.",mens-lacrosse,2017,39.0826193,-76.5719676
David Parsons,,"Hanover, N.H.",mens-lacrosse,2017,43.7023545,-72.2892164
Terrence Mooney,,"Smithtown, N.Y.",mens-lacrosse,2017,40.8559314,-73.2006687
Nolan Munafo,,"Towson, Md.",mens-lacrosse,2017,39.3964591,-76.6148148
Jack Ullrich,,"Hingham, Mass.",mens-lacrosse,2017,42.2417669,-70.8897676
Tim Sanford,,"Morristown, N.J.",mens-lacrosse,2017,40.7970382,-74.4809868
Jared Warner,,"Freeport, N.Y.",mens-lacrosse,2017,40.6576071,-73.5835826
Chris Santangelo,,"Rye, N.Y.",mens-lacrosse,2017,40.9821371,-73.6840902
Will Bergstein,,"Greenwich, Conn.",mens-lacrosse,2017,41.0264862,-73.6284598
Kevin McGeary,,"Newtown Square, Pa.",mens-lacrosse,2017,39.9868117,-75.4007633
Sean Lulley,,"Melville, N.Y.",mens-lacrosse,2017,40.7835914,-73.4075575
Mike Mulqueen,,"Malvern, Pa.",mens-lacrosse,2017,40.036202,-75.5138959
Keyveat Postell,,"Philadelphia, Pa.",mens-lacrosse,2017,39.9527237,-75.1635262
Alex deMarco,,"Malvern, Pa.",mens-lacrosse,2017,40.036202,-75.5138959
Richie Lenskold,,"Martinsville, N.J.",mens-lacrosse,2017,40.6012136,-74.5590452
Reed Junkin,,"Wayland, Mass.",mens-lacrosse,2017,42.3632063,-71.3606721
Joe Licciardi,,"Lloyd Harbor, N.Y.",mens-lacrosse,2017,40.9034315,-73.4598432
Noah Lejman,,"Blue Bell, Pa.",mens-lacrosse,2017,40.147809,-75.272781
Kyle Thornton,,"Garden City, N.Y.",mens-lacrosse,2017,40.7266477,-73.6343052
JoJo Biddle,,"Del Mar, Calif.",mens-lacrosse,2017,32.9594891,-117.2653146
James Campbell,,"Norwalk, Conn.",mens-lacrosse,2017,41.1175966,-73.4078968
JJ McBride,,"Madison, N.J.",mens-lacrosse,2017,40.7598227,-74.417097
Sam Cordish,,"Baltimore, Md.",mens-lacrosse,2017,39.2908816,-76.610759
Drew Robshaw,,"Mendham, N.J.",mens-lacrosse,2017,40.775941,-74.6009617
James Farrell,,"Manhasset, N.Y.",mens-lacrosse,2017,40.786702,-73.6967338
Reilly Hupfeldt,,"Haverford, Pa.",mens-lacrosse,2017,40.0129191,-75.2966948
Alex Roesner,,"Baltimore, Md.",mens-lacrosse,2017,39.2908816,-76.610759
Adam Goldner,,"Allentown, Pa.",mens-lacrosse,2017,40.6022552,-75.4716115
Mitch Bartolo,,"Norwalk, Conn.",mens-lacrosse,2017,41.1175966,-73.4078968
Tyler Dunn,,"Manhasset, N.Y.",mens-lacrosse,2017,40.786702,-73.6967338
Thomas Chai,,"Rye, N.Y.",mens-lacrosse,2018,40.9821371,-73.6840902
Nolan Munafo,,"Towson, Md.",mens-lacrosse,2018,39.3964591,-76.6148148
Ben Bedard,,"Annapolis, Md.",mens-lacrosse,2018,38.9786401,-76.492786
Kyle Thornton,,"Garden City, N.Y.",mens-lacrosse,2018,40.7266477,-73.6343052
Adam Goldner,,"Allentown, Pa.",mens-lacrosse,2018,40.6022552,-75.4716115
Mark Evanchick,,"Darien, Conn.",mens-lacrosse,2018,41.0787079,-73.4692873
Sam Handley,,"Portland, Ore.",mens-lacrosse,2018,45.5202471,-122.674194
Jared Warner,,"Freeport, N.Y.",mens-lacrosse,2018,40.6576071,-73.5835826
Richie Lenskold,,"Martinsville, N.J.",mens-lacrosse,2018,40.6012136,-74.5590452
Tim Sanford,,"Morristown, N.J.",mens-lacrosse,2018,40.7970382,-74.4809868
Reed Junkin,,"Wayland, Mass.",mens-lacrosse,2018,42.3632063,-71.3606721
Sean Lulley,,"Melville, N.Y.",mens-lacrosse,2018,40.7835914,-73.4075575
BJ Farrare,,"Owings Mills, Md.",mens-lacrosse,2018,39.4041967,-76.7956745
Alex deMarco,,"Malvern, Pa.",mens-lacrosse,2018,40.036202,-75.5138959
Harrison Mack,,"New York, N.Y.",mens-lacrosse,2018,40.7127281,-74.0060152
David Parsons,,"Hanover, N.H.",mens-lacrosse,2018,43.7023545,-72.2892164
Keyveat Postell,,"Philadelphia, Pa.",mens-lacrosse,2018,39.9527237,-75.1635262
Joe Licciardi,,"Lloyd Harbor, N.Y.",mens-lacrosse,2018,40.9034315,-73.4598432
Drew Robshaw,,"Mendham, N.J.",mens-lacrosse,2018,40.775941,-74.6009617
JoJo Biddle,,"Del Mar, Calif.",mens-lacrosse,2018,32.9594891,-117.2653146
Alex Roesner,,"Baltimore, Md.",mens-lacrosse,2018,39.2908816,-76.610759
Mike Mulqueen,,"Malvern, Pa.",mens-lacrosse,2018,40.036202,-75.5138959
Mitch Bartolo,,"Norwalk, Conn.",mens-lacrosse,2018,41.1175966,-73.4078968
Tyler Dunn,,"Manhasset, N.Y.",mens-lacrosse,2018,40.786702,-73.6967338
Anthony Giuliani,,"Maple Glen, Pa.",mens-lacrosse,2018,40.178412,-75.1778197
Matt McILwrick,,"Coquitlam, B.C.",mens-lacrosse,2018,49.2842958,-122.793281
James Campbell,,"Norwalk, Conn.",mens-lacrosse,2018,41.1175966,-73.4078968
Jason Walker,,"Brampton, Ontario",mens-lacrosse,2018,43.685832,-79.7599366
Finlay Collins,,"Darien, Conn.",mens-lacrosse,2018,41.0787079,-73.4692873
Nick Shablom,,"Haymarket, Va.",mens-lacrosse,2018,38.8121398,-77.6368038
Jack Schultz,,"Charlottesville, Va.",mens-lacrosse,2018,38.029306,-78.4766781
Robbie Olsen,,"Phoenix, Md.",mens-lacrosse,2018,39.5163872,-76.6177815
Skyler Mickunas,,"Danvers, Mass.",mens-lacrosse,2018,42.5664984,-70.9362957
Payton Hollway,,"Newtown Square, Pa.",mens-lacrosse,2018,39.9868117,-75.4007633
Piper Bond,,"Baltimore, Md.",mens-lacrosse,2018,39.2908816,-76.610759
Kyle Gallagher,,"Northport, N.Y.",mens-lacrosse,2018,40.9009595,-73.343167
Jamie Zusi,,"Chester, N.J.",mens-lacrosse,2018,40.7842667,-74.6968284
Charlie Kroot,,"Indianapolis, Ind.",mens-lacrosse,2018,39.7683331,-86.1583502
Simon Mathias,,"Ridgefield, Conn.",mens-lacrosse,2018,41.2814842,-73.4981792
Miles Thompson,,"Princeton, N.J.",mens-lacrosse,2018,40.3496953,-74.6597376
Will Bergstein,,"Greenwich, Conn.",mens-lacrosse,2018,41.0264862,-73.6284598
Alex Andersen,,"Radnor, Pa.",mens-lacrosse,2018,40.0448619,-75.3594728
Tom Stevens,,"Havertown, Pa.",mens-lacrosse,2018,39.9809452,-75.3085201
Theo Lenz,,"Vienna, Va.",mens-lacrosse,2018,38.9013729,-77.2651762
Max Metalios,,"Riverside, Conn.",mens-lacrosse,2018,41.0314897,-73.5833604
Mike Lamon,,"Severna Park, Md.",mens-lacrosse,2018,39.0826193,-76.5719676
Kaleb Fernandez,,"Gulf Stream, Fla.",mens-lacrosse,2018,26.4936835,-80.0550417
Terrence Mooney,,"Smithtown, N.Y.",mens-lacrosse,2018,40.8559314,-73.2006687
Jack Joyce,,"Darien, Conn.",mens-lacrosse,2018,41.0787079,-73.4692873
Dylan Gergar,,"Annapolis, Md.",mens-lacrosse,2018,38.9786401,-76.492786
Noah Lejman,,"Blue Bell, Pa.",mens-lacrosse,2018,40.147809,-75.272781
Mark Rakowski,,"Paradise Valley, Ariz.",mens-lacrosse,2018,33.5324295,-111.9505123
Dylan Mack,,"New York, N.Y.",mens-lacrosse,2019,40.7127281,-74.0060152
Mark Evanchick,,"Darien, Conn.",mens-lacrosse,2019,41.0787079,-73.4692873
Sawyer Moody,,"North Andover, Mass.",mens-lacrosse,2019,42.7029687,-71.1309117
MacGregor Peterson,,"South Glastonbury, Conn.",mens-lacrosse,2019,41.6665303,-72.6028252
Tom Stevens,,"Havertown, Pa.",mens-lacrosse,2019,39.9809452,-75.3085201
Edward Arnold,,"Manhasset, N.Y.",mens-lacrosse,2019,40.786702,-73.6967338
Quint Miniter,,"New York, N.Y.",mens-lacrosse,2019,40.7127281,-74.0060152
Mark Rakowski,,"Paradise Valley, Ariz.",mens-lacrosse,2019,33.5324295,-111.9505123
Harrison Fellheimer,,"Bryn Mawr, Pa.",mens-lacrosse,2019,40.0238245,-75.3173407
Dylan Gergar,,"Annapolis, Md.",mens-lacrosse,2019,38.9786401,-76.492786
Patrick Burkinshaw,,"Madison, Conn.",mens-lacrosse,2019,41.2794282,-72.5983151
Owen Cauley,,"Davidsonville, Md.",mens-lacrosse,2019,38.9228697,-76.6277374
Jo Kean,,"Santa Monica, Calif.",mens-lacrosse,2019,34.0194704,-118.491227
Payton Hollway,,"Newtown Square, Pa.",mens-lacrosse,2019,39.9868117,-75.4007633
Robert Schain,,"Potomac, Md.",mens-lacrosse,2019,39.0180508,-77.1956331
Kyle Gallagher,,"Northport, N.Y.",mens-lacrosse,2019,40.9009595,-73.343167
Piper Bond,,"Baltimore, Md.",mens-lacrosse,2019,39.2908816,-76.610759
James Shipley,,"Weddington, N.C.",mens-lacrosse,2019,35.0223708,-80.7609035
Gabe Furey,,"Villanova, Pa.",mens-lacrosse,2019,40.0411671,-75.3310527
Matt McILwrick,,"Coquitlam, B.C.",mens-lacrosse,2019,49.2842958,-122.793281
Luke DiGiacobbe,,"West Chester, Pa.",mens-lacrosse,2019,39.9597389,-75.6044609
Matt Palazzi,,"Mountain Lakes, N.J.",mens-lacrosse,2019,40.8948212,-74.4329314
Blake Cellar,,"Darien, Conn.",mens-lacrosse,2019,41.0787079,-73.4692873
Theo Lenz,,"Vienna, Va.",mens-lacrosse,2019,38.9013729,-77.2651762
Matt Hilgartner,,"Baltimore, Md.",mens-lacrosse,2019,39.2908816,-76.610759
Thomas Chai,,"Rye, N.Y.",mens-lacrosse,2019,40.9821371,-73.6840902
Mike Lamon,,"Severna Park, Md.",mens-lacrosse,2019,39.0826193,-76.5719676
Kaleb Fernandez,,"Gulf Stream, Fla.",mens-lacrosse,2019,26.4936835,-80.0550417
Ben Bedard,,"Annapolis, Md.",mens-lacrosse,2019,38.9786401,-76.492786
Sam Handley,,"Portland, Ore.",mens-lacrosse,2019,45.5202471,-122.674194
Nick Shablom,,"Haymarket, Va.",mens-lacrosse,2019,38.8121398,-77.6368038
Jack Schultz,,"Charlottesville, Va.",mens-lacrosse,2019,38.029306,-78.4766781
JoJo Biddle,,"Del Mar, Calif.",mens-lacrosse,2019,32.9594891,-117.2653146
Drew Robshaw,,"Mendham, N.J.",mens-lacrosse,2019,40.775941,-74.6009617
BJ Farrare,,"Owings Mills, Md.",mens-lacrosse,2019,39.4041967,-76.7956745
Alex deMarco,,"Malvern, Pa.",mens-lacrosse,2019,40.036202,-75.5138959
Keyveat Postell,,"Philadelphia, Pa.",mens-lacrosse,2019,39.9527237,-75.1635262
Peter Blake,,"Needham, Mass.",mens-lacrosse,2019,42.2802645,-71.2360624
Deven Varney,,"Scituate, Mass.",mens-lacrosse,2019,42.1924492,-70.7261966
Mitch Bartolo,,"Norwalk, Conn.",mens-lacrosse,2019,41.1175966,-73.4078968
Jamie Zusi,,"Chester, N.J.",mens-lacrosse,2019,40.7842667,-74.6968284
Anthony Giuliani,,"Maple Glen, Pa.",mens-lacrosse,2019,40.178412,-75.1778197
Tommy Bavuso,,"Rumson, N.J.",mens-lacrosse,2019,40.372054,-73.9990269
Sean Lulley,,"Melville, N.Y.",mens-lacrosse,2019,40.7835914,-73.4075575
Luke Burnam,,"Syracuse, N.Y.",mens-lacrosse,2019,43.0481221,-76.1474244
Kyle Thornton,,"Garden City, N.Y.",mens-lacrosse,2019,40.7266477,-73.6343052
Jack Joyce,,"Darien, Conn.",mens-lacrosse,2019,41.0787079,-73.4692873
Tim Sanford,,"Morristown, N.J.",mens-lacrosse,2019,40.7970382,-74.4809868
Adam Goldner,,"Allentown, Pa.",mens-lacrosse,2019,40.6022552,-75.4716115
James Campbell,,"Norwalk, Conn.",mens-lacrosse,2019,41.1175966,-73.4078968
JB Conner,,"Larchmont, N.Y.",mens-lacrosse,2020,40.9278769,-73.7517983
Brendan Lavelle,,"Rye, N.Y.",mens-lacrosse,2020,40.9821371,-73.6840902
James Shipley,,"Weddington, N.C.",mens-lacrosse,2020,35.0223708,-80.7609035
Mark Rakowski,,"Paradise Valley, Ariz.",mens-lacrosse,2020,33.5324295,-111.9505123
Dylan Mack,,"New York, N.Y.",mens-lacrosse,2020,40.7127281,-74.0060152
Dylan Gergar,,"Annapolis, Md.",mens-lacrosse,2020,38.9786401,-76.492786
Matthew Wang,,"East Setauket, N.Y.",mens-lacrosse,2020,40.919085,-73.0963408
Harrison Fellheimer,,"Bryn Mawr, Pa.",mens-lacrosse,2020,40.0238245,-75.3173407
Mitch Bartolo,,"Norwalk, Conn.",mens-lacrosse,2020,41.1175966,-73.4078968
Theo Lenz,,"Vienna, Va.",mens-lacrosse,2020,38.9013729,-77.2651762
Matt Palazzi,,"Mountain Lakes, N.J.",mens-lacrosse,2020,40.8948212,-74.4329314
Patrick Burkinshaw,,"Madison, Conn.",mens-lacrosse,2020,41.2794282,-72.5983151
Owen Cauley,,"Davidsonville, Md.",mens-lacrosse,2020,38.9228697,-76.6277374
Kevin Richetelli,,"Easton, Conn.",mens-lacrosse,2020,41.2528738,-73.2973394
Piper Bond,,"Baltimore, Md.",mens-lacrosse,2020,39.2908816,-76.610759
MacGregor Peterson,,"South Glastonbury, Conn.",mens-lacrosse,2020,41.6665303,-72.6028252
Sam Handley,,"Portland, Ore.",mens-lacrosse,2020,45.5202471,-122.674194
Batts Parker,,"Huntsville, Ala.",mens-lacrosse,2020,34.729847,-86.5859011
Matt Hilgartner,,"Baltimore, Md.",mens-lacrosse,2020,39.2908816,-76.610759
Emmet Carroll,,"Rye, N.Y.",mens-lacrosse,2020,40.9821371,-73.6840902
Chris Arceri,,"Saint James, N.Y.",mens-lacrosse,2020,40.8827035,-73.1480789
JoJo Biddle,,"Del Mar, Calif.",mens-lacrosse,2020,32.9594891,-117.2653146
Kaleb Fernandez,,"Gulf Stream, Fla.",mens-lacrosse,2020,26.4936835,-80.0550417
Gabe Furey,,"Villanova, Pa.",mens-lacrosse,2020,40.0411671,-75.3310527
Payton Hollway,,"Newtown Square, Pa.",mens-lacrosse,2020,39.9868117,-75.4007633
Sean Lulley,,"Melville, N.Y.",mens-lacrosse,2020,40.7835914,-73.4075575
Thomas Chai,,"Rye, N.Y.",mens-lacrosse,2020,40.9821371,-73.6840902
Quint Miniter,,"New York, N.Y.",mens-lacrosse,2020,40.7127281,-74.0060152
Mike Lamon,,"Severna Park, Md.",mens-lacrosse,2020,39.0826193,-76.5719676
Edward Arnold,,"Manhasset, N.Y.",mens-lacrosse,2020,40.786702,-73.6967338
Deven Varney,,"Scituate, Mass.",mens-lacrosse,2020,42.1924492,-70.7261966
BJ Farrare,,"Owings Mills, Md.",mens-lacrosse,2020,39.4041967,-76.7956745
Jamie Zusi,,"Chester, N.J.",mens-lacrosse,2020,40.7842667,-74.6968284
Luke DiGiacobbe,,"West Chester, Pa.",mens-lacrosse,2020,39.9597389,-75.6044609
Jack Joyce,,"Darien, Conn.",mens-lacrosse,2020,41.0787079,-73.4692873
Adam Goldner,,"Allentown, Pa.",mens-lacrosse,2020,40.6022552,-75.4716115
Tommy Bavuso,,"Rumson, N.J.",mens-lacrosse,2020,40.372054,-73.9990269
Robert Schain,,"Potomac, Md.",mens-lacrosse,2020,39.0180508,-77.1956331
Jack Schultz,,"Charlottesville, Va.",mens-lacrosse,2020,38.029306,-78.4766781
Cam Rubin,,"Natick, Mass.",mens-lacrosse,2020,42.2836393,-71.346996
Ben Bedard,,"Annapolis, Md.",mens-lacrosse,2020,38.9786401,-76.492786
Luke Burnam,,"Syracuse, N.Y.",mens-lacrosse,2020,43.0481221,-76.1474244
Matt Hilgartner,,"Baltimore, Md.",mens-lacrosse,2021,39.2908816,-76.610759
Chris Arceri,,"Saint James, N.Y.",mens-lacrosse,2021,40.8827035,-73.1480789
Mark Rakowski,,"Paradise Valley, Ariz.",mens-lacrosse,2021,33.5324295,-111.9505123
Dylan Gergar,,"Annapolis, Md.",mens-lacrosse,2021,38.9786401,-76.492786
Owen Cauley,,"Davidsonville, Md.",mens-lacrosse,2021,38.9228697,-76.6277374
Quint Miniter,,"New York, N.Y.",mens-lacrosse,2021,40.7127281,-74.0060152
Casey Mulligan,,"Manasquan, N.J.",mens-lacrosse,2021,40.126226,-74.049304
Jack Schultz,,"Charlottesville, Va.",mens-lacrosse,2021,38.029306,-78.4766781
Tynan Walsh,,"San Diego, Calif.",mens-lacrosse,2021,32.7157062,-117.1638284
John Pollak,,"San Francisco, Calif.",mens-lacrosse,2021,37.7879363,-122.4075201
Theo Lenz,,"Vienna, Va.",mens-lacrosse,2021,38.9013729,-77.2651762
Luke DiNola,,"Summit, N.J.",mens-lacrosse,2021,40.7182356,-74.3592296
Batts Parker,,"Huntsville, Ala.",mens-lacrosse,2021,34.729847,-86.5859011
Ethan Till,,"Potomac, Md.",mens-lacrosse,2021,39.0180508,-77.1956331
Brendan Lavelle,,"Rye, N.Y.",mens-lacrosse,2021,40.9821371,-73.6840902
BJ Farrare,,"Owings Mills, Md.",mens-lacrosse,2021,39.4041967,-76.7956745
Kevin Richetelli,,"Easton, Conn.",mens-lacrosse,2021,41.2528738,-73.2973394
Matt Palazzi,,"Mountain Lakes, N.J.",mens-lacrosse,2021,40.8948212,-74.4329314
Piper Bond,,"Baltimore, Md.",mens-lacrosse,2021,39.2908816,-76.610759
Peter Blake,,"Needham, Mass.",mens-lacrosse,2021,42.2802645,-71.2360624
Hugh Mullane,,"Washington, D.C.",mens-lacrosse,2021,38.8950982,-77.0363849
Jake Oliver,,"Annapolis, Md.",mens-lacrosse,2021,38.9786401,-76.492786
Stephen Bou,,"Bethesda, Md.",mens-lacrosse,2021,38.9812726,-77.1233587
Matthew Wang,,"East Setauket, N.Y.",mens-lacrosse,2021,40.919085,-73.0963408
Tommy Bavuso,,"Rumson, N.J.",mens-lacrosse,2021,40.372054,-73.9990269
James Shipley,,"Weddington, N.C.",mens-lacrosse,2021,35.0223708,-80.7609035
Edward Arnold,,"Manhasset, N.Y.",mens-lacrosse,2021,40.786702,-73.6967338
Payton Hollway,,"Newtown Square, Pa.",mens-lacrosse,2021,39.9868117,-75.4007633
Gabe Furey,,"Villanova, Pa.",mens-lacrosse,2021,40.0411671,-75.3310527
Jack Joyce,,"Darien, Conn.",mens-lacrosse,2021,41.0787079,-73.4692873
Patrick Burkinshaw,,"Madison, Conn.",mens-lacrosse,2021,41.2794282,-72.5983151
Ben Bedard,,"Annapolis, Md.",mens-lacrosse,2021,38.9786401,-76.492786
Sam Handley,,"Portland, Ore.",mens-lacrosse,2021,45.5202471,-122.674194
Ben Smith,,"Lutherville, Md.",mens-lacrosse,2021,39.42363,-76.6209151
Tyler Kuehl,,"Potomac, Md.",mens-lacrosse,2021,39.0180508,-77.1956331
Luke DiGiacobbe,,"West Chester, Pa.",mens-lacrosse,2021,39.9597389,-75.6044609
Max Fritz,,"Atlanta, Ga.",mens-lacrosse,2021,33.7544657,-84.3898151
JB Conner,,"Larchmont, N.Y.",mens-lacrosse,2021,40.9278769,-73.7517983
Robert Schain,,"Potomac, Md.",mens-lacrosse,2021,39.0180508,-77.1956331
Kaleb Fernandez,,"Gulf Stream, Fla.",mens-lacrosse,2021,26.4936835,-80.0550417
Jamie Zusi,,"Chester, N.J.",mens-lacrosse,2021,40.7842667,-74.6968284
Cam Rubin,,"Natick, Mass.",mens-lacrosse,2021,42.2836393,-71.346996
Harrison Fellheimer,,"Bryn Mawr, Pa.",mens-lacrosse,2021,40.0238245,-75.3173407
Emmet Carroll,,"Rye, N.Y.",mens-lacrosse,2021,40.9821371,-73.6840902
Deven Varney,,"Scituate, Mass.",mens-lacrosse,2021,42.1924492,-70.7261966
Chris Canet,,"New Canaan, Conn.",mens-lacrosse,2021,41.146763,-73.4948446
Alex Martin,,"Larchmont, N.Y.",mens-lacrosse,2022,40.9278769,-73.7517983
Ethan Till,,"Potomac, Md.",mens-lacrosse,2022,39.0180508,-77.1956331
Matt McCarthy,,"West Chester, Pa.",mens-lacrosse,2022,39.9597389,-75.6044609
Dylan Gergar,,"Annapolis, Md.",mens-lacrosse,2022,38.9786401,-76.492786
Matt Palazzi,,"Mountain Lakes, N.J.",mens-lacrosse,2022,40.8948212,-74.4329314
Ryan Sullivan,,"Moorpark, Calif.",mens-lacrosse,2022,34.285558,-118.8820414
Owen Cauley,,"Davidsonville, Md.",mens-lacrosse,2022,38.9228697,-76.6277374
Gavin Griswold,,"Tustin, Calif.",mens-lacrosse,2022,33.7458511,-117.826166
Ryan McLaughlin,,"Mountain Lakes, N.J.",mens-lacrosse,2022,40.8948212,-74.4329314
Casey Mulligan,,"Manasquan, N.J.",mens-lacrosse,2022,40.126226,-74.049304
Chris Arceri,,"Saint James, N.Y.",mens-lacrosse,2022,40.8827035,-73.1480789
Batts Parker,,"Huntsville, Ala.",mens-lacrosse,2022,34.729847,-86.5859011
Eric Bollar,,"Mountain View, Calif.",mens-lacrosse,2022,37.3893889,-122.0832101
Piper Bond,,"Baltimore, Md.",mens-lacrosse,2022,39.2908816,-76.610759
Henry Zabierek,,"Philadelphia, Pa.",mens-lacrosse,2022,39.9527237,-75.1635262
Brendan Lavelle,,"Rye, N.Y.",mens-lacrosse,2022,40.9821371,-73.6840902
Matt McMillen,,"Baltimore, Md.",mens-lacrosse,2022,39.2908816,-76.610759
Max Fritz,,"Atlanta, Ga.",mens-lacrosse,2022,33.7544657,-84.3898151
James Shipley,,"Weddington, N.C.",mens-lacrosse,2022,35.0223708,-80.7609035
Ethan Costanzo,,"Scotch Plains, N.J.",mens-lacrosse,2022,40.65538,-74.3898732
Hugh Mullane,,"Washington, D.C.",mens-lacrosse,2022,38.8950982,-77.0363849
JB Conner,,"Larchmont, N.Y.",mens-lacrosse,2022,40.9278769,-73.7517983
Stephen Bou,,"Bethesda, Md.",mens-lacrosse,2022,38.9812726,-77.1233587
BJ Farrare,,"Owings Mills, Md.",mens-lacrosse,2022,39.4041967,-76.7956745
Kevin Richetelli,,"Easton, Conn.",mens-lacrosse,2022,41.2528738,-73.2973394
Griffin Scane,,"Clarkston, Mich.",mens-lacrosse,2022,42.735863,-83.4188304
John Pollak,,"San Francisco, Calif.",mens-lacrosse,2022,37.7879363,-122.4075201
Peter Blake,,"Needham, Mass.",mens-lacrosse,2022,42.2802645,-71.2360624
Sam Handley,,"Portland, Ore.",mens-lacrosse,2022,45.5202471,-122.674194
Tynan Walsh,,"San Diego, Calif.",mens-lacrosse,2022,32.7157062,-117.1638284
Cam Rubin,,"Natick, Mass.",mens-lacrosse,2022,42.2836393,-71.346996
Robert Schain,,"Potomac, Md.",mens-lacrosse,2022,39.0180508,-77.1956331
Matthew Wang,,"East Setauket, N.Y.",mens-lacrosse,2022,40.919085,-73.0963408
Ben Smith,,"Lutherville, Md.",mens-lacrosse,2022,39.42363,-76.6209151
Luke DiGiacobbe,,"West Chester, Pa.",mens-lacrosse,2022,39.9597389,-75.6044609
Tommy Bavuso,,"Rumson, N.J.",mens-lacrosse,2022,40.372054,-73.9990269
Chuck Cacciutti,,"Gladwyne, Pa.",mens-lacrosse,2022,40.0397304,-75.2791788
PJ McKeigue,,"Needham, Mass.",mens-lacrosse,2022,42.2802645,-71.2360624
Justin McMahon,,"Rockville Centre, N.Y.",mens-lacrosse,2022,40.6574186,-73.6450664
Paulie Fortino,,"Bloomfield Hills, Mich.",mens-lacrosse,2022,42.583645,-83.2454883
Isaac Korus,,"Westport, Conn.",mens-lacrosse,2022,41.1414855,-73.3578955
Matt Hilgartner,,"Baltimore, Md.",mens-lacrosse,2022,39.2908816,-76.610759
Quint Miniter,,"New York, N.Y.",mens-lacrosse,2022,40.7127281,-74.0060152
Emmet Carroll,,"Rye, N.Y.",mens-lacrosse,2022,40.9821371,-73.6840902
Gabe Furey,,"Villanova, Pa.",mens-lacrosse,2022,40.0411671,-75.3310527
Edward Arnold,,"Manhasset, N.Y.",mens-lacrosse,2022,40.786702,-73.6967338
Chris Canet,,"New Canaan, Conn.",mens-lacrosse,2022,41.146763,-73.4948446
Luke DiNola,,"Summit, N.J.",mens-lacrosse,2022,40.7182356,-74.3592296
Tyler Kuehl,,"Potomac, Md.",mens-lacrosse,2022,39.0180508,-77.1956331
Jake Oliver,,"Annapolis, Md.",mens-lacrosse,2022,38.9786401,-76.492786
Deven Varney,,"Scituate, Mass.",mens-lacrosse,2022,42.1924492,-70.7261966
Travis Smith,,"Forest Hill, Md.",mens-lacrosse,2022,39.5851063,-76.387739
Ben Smith,,"Lutherville, Md.",mens-lacrosse,2023,39.42363,-76.6209151
Connell Kumar,,"Lebanon, N.J.",mens-lacrosse,2023,40.6417683,-74.8359987
Paulie Fortino,,"Bloomfield Hills, Mich.",mens-lacrosse,2023,42.583645,-83.2454883
Ben Beacham,,"Carlsbad, Calif.",mens-lacrosse,2023,33.1352045,-117.329126
Cam Rubin,,"Natick, Mass.",mens-lacrosse,2023,42.2836393,-71.346996
Travis Smith,,"Forest Hill, Md.",mens-lacrosse,2023,39.5851063,-76.387739
JB Conner,,"Larchmont, N.Y.",mens-lacrosse,2023,40.9278769,-73.7517983
Casey Mulligan,,"Manasquan, N.J.",mens-lacrosse,2023,40.126226,-74.049304
Chris Canet,,"New Canaan, Conn.",mens-lacrosse,2023,41.146763,-73.4948446
Eric Bollar,,"Mountain View, Calif.",mens-lacrosse,2023,37.3893889,-122.0832101
Isaac Korus,,"Westport, Conn.",mens-lacrosse,2023,41.1414855,-73.3578955
Tyler Kuehl,,"Potomac, Md.",mens-lacrosse,2023,39.0180508,-77.1956331
Emmet Carroll,,"Rye, N.Y.",mens-lacrosse,2023,40.9821371,-73.6840902
Grayson McClements,,"Medfield, Mass.",mens-lacrosse,2023,42.1865609,-71.30546
Matthew Wang,,"East Setauket, N.Y.",mens-lacrosse,2023,40.919085,-73.0963408
Gavin Griswold,,"Tustin, Calif.",mens-lacrosse,2023,33.7458511,-117.826166
Gabe Furey,,"Villanova, Pa.",mens-lacrosse,2023,40.0411671,-75.3310527
Pasha Hakimi,,"Washington, D.C.",mens-lacrosse,2023,38.8950982,-77.0363849
PJ McKeigue,,"Needham, Mass.",mens-lacrosse,2023,42.2802645,-71.2360624
Luke DiNola,,"Summit, N.J.",mens-lacrosse,2023,40.7182356,-74.3592296
Edward Arnold,,"Manhasset, N.Y.",mens-lacrosse,2023,40.786702,-73.6967338
Robert Schain,,"Potomac, Md.",mens-lacrosse,2023,39.0180508,-77.1956331
Matthew Till,,"Potomac, Md.",mens-lacrosse,2023,39.0180508,-77.1956331
Anthony McMullan,,"Easton, Pa.",mens-lacrosse,2023,40.6916081,-75.2099866
Batts Parker,,"Huntsville, Ala.",mens-lacrosse,2023,34.729847,-86.5859011
Peter Blake,,"Needham, Mass.",mens-lacrosse,2023,42.2802645,-71.2360624
Leo Hoffman,,"Scarsdale, N.Y.",mens-lacrosse,2023,40.9885221,-73.8085608
Chuck Cacciutti,,"Gladwyne, Pa.",mens-lacrosse,2023,40.0397304,-75.2791788
Brendan Lavelle,,"Rye, N.Y.",mens-lacrosse,2023,40.9821371,-73.6840902
Stephen Bou,,"Bethesda, Md.",mens-lacrosse,2023,38.9812726,-77.1233587
Max Fritz,,"Atlanta, Ga.",mens-lacrosse,2023,33.7544657,-84.3898151
Tynan Walsh,,"San Diego, Calif.",mens-lacrosse,2023,32.7157062,-117.1638284
Mac Eldridge,,"Richmond, Va.",mens-lacrosse,2023,37.5385087,-77.43428
Matt Palazzi,,"Mountain Lakes, N.J.",mens-lacrosse,2023,40.8948212,-74.4329314
Ryan Sullivan,,"Moorpark, Calif.",mens-lacrosse,2023,34.285558,-118.8820414
Kevin Richetelli,,"Easton, Conn.",mens-lacrosse,2023,41.2528738,-73.2973394
Marco Firmender,,"Fairfield, Conn.",mens-lacrosse,2023,41.1412078,-73.2637258
Justin McMahon,,"Rockville Centre, N.Y.",mens-lacrosse,2023,40.6574186,-73.6450664
Henry Zabierek,,"Philadelphia, Pa.",mens-lacrosse,2023,39.9527237,-75.1635262
Jake Oliver,,"Annapolis, Md.",mens-lacrosse,2023,38.9786401,-76.492786
Alex Martin,,"Larchmont, N.Y.",mens-lacrosse,2023,40.9278769,-73.7517983
Declan Monahan,,"Bethesda, Md.",mens-lacrosse,2023,38.9812726,-77.1233587
Ethan Till,,"Potomac, Md.",mens-lacrosse,2023,39.0180508,-77.1956331
Griffin Scane,,"Clarkston, Mich.",mens-lacrosse,2023,42.735863,-83.4188304
Ryan McLaughlin,,"Mountain Lakes, N.J.",mens-lacrosse,2023,40.8948212,-74.4329314
Jacob Pacheco,,"Baltimore, Md.",mens-lacrosse,2023,39.2908816,-76.610759
Davis Provost,,"Denver, Colo.",mens-lacrosse,2023,39.7392364,-104.984862
James Shipley,,"Weddington, N.C.",mens-lacrosse,2023,35.0223708,-80.7609035
Matt McMillen,,"Baltimore, Md.",mens-lacrosse,2023,39.2908816,-76.610759
Ethan Costanzo,,"Scotch Plains, N.J.",mens-lacrosse,2023,40.65538,-74.3898732
Matt McCarthy,,"West Chester, Pa.",mens-lacrosse,2023,39.9597389,-75.6044609
Chris Arceri,,"Saint James, N.Y.",mens-lacrosse,2023,40.8827035,-73.1480789
Hugh Mullane,,"Washington, D.C.",mens-lacrosse,2023,38.8950982,-77.0363849
Will Roberts,,"Washington, D.C.",mens-lacrosse,2023,38.8950982,-77.0363849
Max Fritz,,"Atlanta, Ga.",mens-lacrosse,2024,33.7544657,-84.3898151
Ryan Sullivan,,"Moorpark, Calif.",mens-lacrosse,2024,34.285558,-118.8820414
Chris Patterson,,"Bronxville, N.Y.",mens-lacrosse,2024,40.9381544,-73.8320784
Grayson McClements,,"Medfield, Mass.",mens-lacrosse,2024,42.1865609,-71.30546
Jake Oliver,,"Annapolis, Md.",mens-lacrosse,2024,38.9786401,-76.492786
Matt McCarthy,,"West Chester, Pa.",mens-lacrosse,2024,39.9597389,-75.6044609
Brendan Lavelle,,"Rye, N.Y.",mens-lacrosse,2024,40.9821371,-73.6840902
Paul vanBastelaar,,"Doylestown, Pa.",mens-lacrosse,2024,40.3100446,-75.1304588
Quinn Whipple,,"Pittsford, N.Y.",mens-lacrosse,2024,43.090959,-77.515298
Jack Pelot,,"Ponte Vedra Beach, Fla.",mens-lacrosse,2024,30.2396865,-81.3856384
Gavin Griswold,,"Tustin, Calif.",mens-lacrosse,2024,33.7458511,-117.826166
Mac Eldridge,,"Richmond, Va.",mens-lacrosse,2024,37.5385087,-77.43428
Kayle Ryan,,"Newcastle, Ontario",mens-lacrosse,2024,43.9174838,-78.5888307
Anthony McMullan,,"Easton, Pa.",mens-lacrosse,2024,40.6916081,-75.2099866
Hugh Mullane,,"Washington, D.C.",mens-lacrosse,2024,38.8950982,-77.0363849
Henry Zabierek,,"Philadelphia, Pa.",mens-lacrosse,2024,39.9527237,-75.1635262
Leo Hoffman,,"Scarsdale, N.Y.",mens-lacrosse,2024,40.9885221,-73.8085608
Matthew Till,,"Potomac, Md.",mens-lacrosse,2024,39.0180508,-77.1956331
Stephen Bou,,"Bethesda, Md.",mens-lacrosse,2024,38.9812726,-77.1233587
Tynan Walsh,,"San Diego, Calif.",mens-lacrosse,2024,32.7157062,-117.1638284
Ryan McLaughlin,,"Mountain Lakes, N.J.",mens-lacrosse,2024,40.8948212,-74.4329314
Matt Wills,,"Maple Glen, Pa.",mens-lacrosse,2024,40.178412,-75.1778197
Stevie Davis,,"Doylestown, Pa.",mens-lacrosse,2024,40.3100446,-75.1304588
Pasha Hakimi,,"Washington, D.C.",mens-lacrosse,2024,38.8950982,-77.0363849
Connell Kumar,,"Lebanon, N.J.",mens-lacrosse,2024,40.6417683,-74.8359987
Eric Bollar,,"Mountain View, Calif.",mens-lacrosse,2024,37.3893889,-122.0832101
Luke DiNola,,"Summit, N.J.",mens-lacrosse,2024,40.7182356,-74.3592296
Marco Firmender,,"Fairfield, Conn.",mens-lacrosse,2024,41.1412078,-73.2637258
Matt McMillen,,"Baltimore, Md.",mens-lacrosse,2024,39.2908816,-76.610759
Davis Provost,,"Denver, Colo.",mens-lacrosse,2024,39.7392364,-104.984862
Paulie Fortino,,"Bloomfield Hills, Mich.",mens-lacrosse,2024,42.583645,-83.2454883
Justin McMahon,,"Rockville Centre, N.Y.",mens-lacrosse,2024,40.6574186,-73.6450664
Casey Mulligan,,"Manasquan, N.J.",mens-lacrosse,2024,40.126226,-74.049304
Nate Lucchesi,,"Villanova, Pa.",mens-lacrosse,2024,40.0411671,-75.3310527
Ben Beacham,,"Carlsbad, Calif.",mens-lacrosse,2024,33.1352045,-117.329126
Travis Smith,,"Forest Hill, Md.",mens-lacrosse,2024,39.5851063,-76.387739
Jacob Pacheco,,"Baltimore, Md.",mens-lacrosse,2024,39.2908816,-76.610759
Ben Smith,,"Lutherville, Md.",mens-lacrosse,2024,39.42363,-76.6209151
Chris Canet,,"New Canaan, Conn.",mens-lacrosse,2024,41.146763,-73.4948446
Will Roberts,,"Washington, D.C.",mens-lacrosse,2024,38.8950982,-77.0363849
Chuck Cacciutti,,"Gladwyne, Pa.",mens-lacrosse,2024,40.0397304,-75.2791788
Tyler Kuehl,,"Potomac, Md.",mens-lacrosse,2024,39.0180508,-77.1956331
Isaac Korus,,"Westport, Conn.",mens-lacrosse,2024,41.1414855,-73.3578955
Pearse MacDonald,,"Lynnfield, Mass.",mens-lacrosse,2024,42.5389836,-71.0481084
Ethan Costanzo,,"Scotch Plains, N.J.",mens-lacrosse,2024,40.65538,-74.3898732
Tucker Mack,,"New York, N.Y.",mens-lacrosse,2024,40.7127281,-74.0060152
Cam Rubin,,"Natick, Mass.",mens-lacrosse,2024,42.2836393,-71.346996
Dante Vardaro,,"Commack, N.Y.",mens-lacrosse,2024,40.8393515,-73.2858994
Griffin Scane,,"Clarkston, Mich.",mens-lacrosse,2024,42.735863,-83.4188304
Declan Monahan,,"Bethesda, Md.",mens-lacrosse,2024,38.9812726,-77.1233587
PJ McKeigue,,"Needham, Mass.",mens-lacrosse,2024,42.2802645,-71.2360624
Emmet Carroll,,"Rye, N.Y.",mens-lacrosse,2024,40.9821371,-73.6840902
Ethan Till,,"Potomac, Md.",mens-lacrosse,2024,39.0180508,-77.1956331
Jack Follette,,"Thousand Oaks, Calif.",mens-lacrosse,2024,34.1705609,-118.8375937
Marco Firmender,,"Fairfield, Conn.",mens-lacrosse,2025,41.1412078,-73.2637258
Henry Zabierek,,"Philadelphia, Pa.",mens-lacrosse,2025,39.9527237,-75.1635262
Jack Pelot,,"Ponte Vedra Beach, Fla.",mens-lacrosse,2025,30.2396865,-81.3856384
Dante Vardaro,,"Commack, N.Y.",mens-lacrosse,2025,40.8393515,-73.2858994
Matthew Till,,"Potomac, Md.",mens-lacrosse,2025,39.0180508,-77.1956331
Jacob Pacheco,,"Baltimore, Md.",mens-lacrosse,2025,39.2908816,-76.610759
Cal Wyatt,,"Naples, Fla.",mens-lacrosse,2025,26.1421976,-81.7942944
Matt Wills,,"Maple Glen, Pa.",mens-lacrosse,2025,40.178412,-75.1778197
Paul vanBastelaar,,"Doylestown, Pa.",mens-lacrosse,2025,40.3100446,-75.1304588
Nate Lucchesi,,"Villanova, Pa.",mens-lacrosse,2025,40.0411671,-75.3310527
Chandler McClements,,"Medfield, Mass.",mens-lacrosse,2025,42.1865609,-71.30546
Ryan McLaughlin,,"Mountain Lakes, N.J.",mens-lacrosse,2025,40.8948212,-74.4329314
Tucker Mack,,"New York, N.Y.",mens-lacrosse,2025,40.7127281,-74.0060152
Quinn Ball,,"Garden City, N.Y.",mens-lacrosse,2025,40.7266477,-73.6343052
Quinn Whipple,,"Pittsford, N.Y.",mens-lacrosse,2025,43.090959,-77.515298
Charlie Angell,,"Winchester, Mass.",mens-lacrosse,2025,42.4523178,-71.1369982
Ryan Sullivan,,"Moorpark, Calif.",mens-lacrosse,2025,34.285558,-118.8820414
Quinn Langton,,"Greenlawn, N.Y.",mens-lacrosse,2025,40.8608685,-73.3633136
Logan Cassidy,,"Chevy Chase, Md.",mens-lacrosse,2025,38.9813699,-77.0849245
Stevie Davis,,"Doylestown, Pa.",mens-lacrosse,2025,40.3100446,-75.1304588
Matt McCarthy,,"West Chester, Pa.",mens-lacrosse,2025,39.9597389,-75.6044609
Anthony McMullan,,"Easton, Pa.",mens-lacrosse,2025,40.6916081,-75.2099866
Declan Monahan,,"Bethesda, Md.",mens-lacrosse,2025,38.9812726,-77.1233587
Alex Martin,,"Larchmont, N.Y.",mens-lacrosse,2025,40.9278769,-73.7517983
Reece Childs,,"Downingtown, Pa.",mens-lacrosse,2025,40.0064958,-75.7032742
Jack Follette,,"Thousand Oaks, Calif.",mens-lacrosse,2025,34.1705609,-118.8375937
Leo Hoffman,,"Scarsdale, N.Y.",mens-lacrosse,2025,40.9885221,-73.8085608
Devin Stewart,,"Silver Spring, Md.",mens-lacrosse,2025,38.9997621,-77.0240371
PJ McKeigue,,"Needham, Mass.",mens-lacrosse,2025,42.2802645,-71.2360624
Ethan Costanzo,,"Scotch Plains, N.J.",mens-lacrosse,2025,40.65538,-74.3898732
Paulie Fortino,,"Bloomfield Hills, Mich.",mens-lacrosse,2025,42.583645,-83.2454883
Davis Provost,,"Denver, Colo.",mens-lacrosse,2025,39.7392364,-104.984862
Justin McMahon,,"Rockville Centre, N.Y.",mens-lacrosse,2025,40.6574186,-73.6450664
Matt McMillen,,"Baltimore, Md.",mens-lacrosse,2025,39.2908816,-76.610759
Owen Watts,,"Tampa, Fla.",mens-lacrosse,2025,27.9449854,-82.4583107
Chris Patterson,,"Bronxville, N.Y.",mens-lacrosse,2025,40.9381544,-73.8320784
Ben Beacham,,"Carlsbad, Calif.",mens-lacrosse,2025,33.1352045,-117.329126
Will Roberts,,"Washington, D.C.",mens-lacrosse,2025,38.8950982,-77.0363849
Travis Smith,,"Forest Hill, Md.",mens-lacrosse,2025,39.5851063,-76.387739
Grayson McClements,,"Medfield, Mass.",mens-lacrosse,2025,42.1865609,-71.30546
Griffin Scane,,"Clarkston, Mich.",mens-lacrosse,2025,42.735863,-83.4188304
Pearse MacDonald,,"Lynnfield, Mass.",mens-lacrosse,2025,42.5389836,-71.0481084
Isaac Korus,,"Westport, Conn.",mens-lacrosse,2025,41.1414855,-73.3578955
Chuck Cacciutti,,"Gladwyne, Pa.",mens-lacrosse,2025,40.0397304,-75.2791788
Pasha Hakimi,,"Washington, D.C.",mens-lacrosse,2025,38.8950982,-77.0363849
Mac Eldridge,,"Richmond, Va.",mens-lacrosse,2025,37.5385087,-77.43428
Jackson Maher,,"Ashton, Md.",mens-lacrosse,2025,39.149274,-77.0124774
Quinn Ball,,"Garden City, N.Y.",mens-lacrosse,2026,40.7266477,-73.6343052
Logan Cassidy,,"Chevy Chase, Md.",mens-lacrosse,2026,38.9813699,-77.0849245
Quinn Whipple,,"Pittsford, N.Y.",mens-lacrosse,2026,43.090959,-77.515298
Charlie Angell,,"Winchester, Mass.",mens-lacrosse,2026,42.4523178,-71.1369982
Will Roberts,,"Washington, D.C.",mens-lacrosse,2026,38.8950982,-77.0363849
Tucker Mack,,"New York, N.Y.",mens-lacrosse,2026,40.7127281,-74.0060152
Cal Wyatt,,"Naples, Fla.",mens-lacrosse,2026,26.1421976,-81.7942944
Matthew Till,,"Potomac, Md.",mens-lacrosse,2026,39.0180508,-77.1956331
Paul vanBastelaar,,"Doylestown, Pa.",mens-lacrosse,2026,40.3100446,-75.1304588
Jacob Pacheco,,"Baltimore, Md.",mens-lacrosse,2026,39.2908816,-76.610759
Jack Pelot,,"Ponte Vedra Beach, Fla.",mens-lacrosse,2026,30.2396865,-81.3856384
Chandler McClements,,"Medfield, Mass.",mens-lacrosse,2026,42.1865609,-71.30546
Dante Vardaro,,"Commack, N.Y.",mens-lacrosse,2026,40.8393515,-73.2858994
Stevie Davis,,"Doylestown, Pa.",mens-lacrosse,2026,40.3100446,-75.1304588
Davis Provost,,"Denver, Colo.",mens-lacrosse,2026,39.7392364,-104.984862
Quinn Langton,,"Greenlawn, N.Y.",mens-lacrosse,2026,40.8608685,-73.3633136
Jack Follette,,"Thousand Oaks, Calif.",mens-lacrosse,2026,34.1705609,-118.8375937
Owen Watts,,"Tampa, Fla.",mens-lacrosse,2026,27.9449854,-82.4583107
Declan Monahan,,"Bethesda, Md.",mens-lacrosse,2026,38.9812726,-77.1233587
Pearse MacDonald,,"Lynnfield, Mass.",mens-lacrosse,2026,42.5389836,-71.0481084
Jackson Maher,,"Ashton, Md.",mens-lacrosse,2026,39.149274,-77.0124774
Grayson McClements,,"Medfield, Mass.",mens-lacrosse,2026,42.1865609,-71.30546
Pasha Hakimi,,"Washington, D.C.",mens-lacrosse,2026,38.8950982,-77.0363849
Ben Beacham,,"Carlsbad, Calif.",mens-lacrosse,2026,33.1352045,-117.329126
Devin Stewart,,"Silver Spring, Md.",mens-lacrosse,2026,38.9997621,-77.0240371
Reece Childs,,"Downingtown, Pa.",mens-lacrosse,2026,40.0064958,-75.7032742
Marco Firmender,,"Fairfield, Conn.",mens-lacrosse,2026,41.1412078,-73.2637258
Chris Patterson,,"Bronxville, N.Y.",mens-lacrosse,2026,40.9381544,-73.8320784
Anthony McMullan,,"Easton, Pa.",mens-lacrosse,2026,40.6916081,-75.2099866
Nate Lucchesi,,"Villanova, Pa.",mens-lacrosse,2026,40.0411671,-75.3310527
Matt Wills,,"Maple Glen, Pa.",mens-lacrosse,2026,40.178412,-75.1778197
Sarah Barcia,,"Manhasset, N.Y.",womens-lacrosse,2016,40.786702,-73.6967338
Katy Junior,,"Wayne, Pa.",womens-lacrosse,2016,41.6264414,-75.3045103
Teia Ross,,"Summit, N.J.",womens-lacrosse,2016,40.7182356,-74.3592296
Britt Brown,,"Bronx, N.Y.",womens-lacrosse,2016,40.8466508,-73.8785937
Mo Leitner,,"Darien, Conn.",womens-lacrosse,2016,41.0787079,-73.4692873
Gabby Rosenzweig,,"Somers, N.Y.",womens-lacrosse,2016,41.3280884,-73.685745
Katherine Markham,,"Manhasset, N.Y.",womens-lacrosse,2016,40.786702,-73.6967338
Chrissy Corcoran,,"Point Lookout, N.Y.",womens-lacrosse,2016,40.5898775,-73.5793876
Emily O'Neill,,"Garden City, N.Y.",womens-lacrosse,2016,40.7266477,-73.6343052
Alex Frenzel,,"Chatham, N.J.",womens-lacrosse,2016,40.7409242,-74.3836711
Kendall D'Amore,,"Canandaigua, N.Y.",womens-lacrosse,2016,42.850682,-77.3191454
Maggie Smith,,"Bowie, Md.",womens-lacrosse,2016,39.0080601,-76.7797899
Megan Kelly,,"Moorestown, N.J.",womens-lacrosse,2016,39.9670569,-74.9426677
Caroline Cummings,,"Menlo Park, Calif.",womens-lacrosse,2016,37.4519671,-122.177992
Morgan Winstead,,"Raleigh, N.C.",womens-lacrosse,2016,35.7803977,-78.6390989
Alex Condon,,"Dunn Loring, Va.",womens-lacrosse,2016,38.894646,-77.2294419
Emily Rogers-Healion,,"East Setauket, N.Y.",womens-lacrosse,2016,40.919085,-73.0963408
Julia O'Mara,,"Bel Air, Md.",womens-lacrosse,2016,39.5797515,-78.8531894
Natalie Stefan,,"Manhasset, N.Y.",womens-lacrosse,2016,40.786702,-73.6967338
Lauren O'Mara,,"Bel Air, Md.",womens-lacrosse,2016,39.5797515,-78.8531894
Katie Cromie,,"Allendale, N.J.",womens-lacrosse,2016,41.0413199,-74.1291407
Chelsea Kibler,,"Leonardtown, Md.",womens-lacrosse,2016,38.2912431,-76.6357946
Erin Barry,,"Manhasset, N.Y.",womens-lacrosse,2016,40.786702,-73.6967338
Mikaila Cheeseman,,"Suffern, N.Y.",womens-lacrosse,2016,41.1151372,-74.1493948
Kaeleigh Morrill,,"Darien, Conn.",womens-lacrosse,2016,41.0787079,-73.4692873
Lauren D'Amore,,"Canandaigua, N.Y.",womens-lacrosse,2016,42.850682,-77.3191454
Katherine Markham,,"Manhasset, N.Y.",womens-lacrosse,2017,40.786702,-73.6967338
Maggie Smith,,"Bowie, Md.",womens-lacrosse,2017,39.0080601,-76.7797899
Mo Leitner,,"Darien, Conn.",womens-lacrosse,2017,41.0787079,-73.4692873
Alex Condon,,"Dunn Loring, Va.",womens-lacrosse,2017,38.894646,-77.2294419
Vicky Gallivan,,"Avondale, Pa.",womens-lacrosse,2017,39.8247928,-75.7832662
Rachel Wu,,"Belvedere, Calif.",womens-lacrosse,2017,37.8663951,-122.462699
Zoe Kraus,,"Chatham, N.J.",womens-lacrosse,2017,40.7409242,-74.3836711
Emily O'Neill,,"Garden City, N.Y.",womens-lacrosse,2017,40.7266477,-73.6343052
Elyse Decker,,"Orlando, Fla.",womens-lacrosse,2017,28.5421218,-81.379045
Elisabeth Ingersoll,,"Devon, Pa.",womens-lacrosse,2017,40.0473603,-75.4229511
Laura Crawford,,"Arlington, Va.",womens-lacrosse,2017,38.8769326,-77.0893094
Chrissy Corcoran,,"Point Lookout, N.Y.",womens-lacrosse,2017,40.5898775,-73.5793876
Katie Cromie,,"Allendale, N.J.",womens-lacrosse,2017,41.0413199,-74.1291407
Teia Ross,,"Summit, N.J.",womens-lacrosse,2017,40.7182356,-74.3592296
Beth Finley,,"Bronxville, N.Y.",womens-lacrosse,2017,40.9381544,-73.8320784
Natalie Stefan,,"Manhasset, N.Y.",womens-lacrosse,2017,40.786702,-73.6967338
Zoe Belodeau,,"Potomac Falls, Va.",womens-lacrosse,2017,39.0473728,-77.3849117
Gabby Rosenzweig,,"Somers, N.Y.",womens-lacrosse,2017,41.3280884,-73.685745
Abby Bosco,,"Suffern, N.Y.",womens-lacrosse,2017,41.1151372,-74.1493948
Erin Barry,,"Manhasset, N.Y.",womens-lacrosse,2017,40.786702,-73.6967338
Katy Junior,,"Wayne, Pa.",womens-lacrosse,2017,41.6264414,-75.3045103
Chelsea Kibler,,"Leonardtown, Md.",womens-lacrosse,2017,38.2912431,-76.6357946
Kaeleigh Morrill,,"Darien, Conn.",womens-lacrosse,2017,41.0787079,-73.4692873
Laura Murphy,,"Darien, Conn.",womens-lacrosse,2017,41.0787079,-73.4692873
Lauren O'Mara,,"Bel Air, Md.",womens-lacrosse,2017,39.5797515,-78.8531894
Liv Smith,,"Port Washington, N.Y.",womens-lacrosse,2017,40.8263965,-73.684993
Caroline Cummings,,"Menlo Park, Calif.",womens-lacrosse,2017,37.4519671,-122.177992
Julia O'Mara,,"Bel Air, Md.",womens-lacrosse,2017,39.5797515,-78.8531894
Emily Rogers-Healion,,"East Setauket, N.Y.",womens-lacrosse,2017,40.919085,-73.0963408
Morgan Winstead,,"Raleigh, N.C.",womens-lacrosse,2017,35.7803977,-78.6390989
Mikaila Cheeseman,,"Suffern, N.Y.",womens-lacrosse,2017,41.1151372,-74.1493948
Elyse Decker,,"Orlando, Fla.",womens-lacrosse,2018,28.5421218,-81.379045
Katie Bellucci,,"Manhasset, N.Y.",womens-lacrosse,2018,40.786702,-73.6967338
Laura Crawford,,"Arlington, Va.",womens-lacrosse,2018,38.8769326,-77.0893094
Erin Barry,,"Manhasset, N.Y.",womens-lacrosse,2018,40.786702,-73.6967338
Katy Junior,,"Wayne, Pa.",womens-lacrosse,2018,41.6264414,-75.3045103
Lauren O'Mara,,"Bel Air, Md.",womens-lacrosse,2018,39.5797515,-78.8531894
Mikaila Cheeseman,,"Suffern, N.Y.",womens-lacrosse,2018,41.1151372,-74.1493948
Kaeli Huesman,,"Fair Haven, N.J.",womens-lacrosse,2018,40.3606653,-74.0381947
Laura Murphy,,"Darien, Conn.",womens-lacrosse,2018,41.0787079,-73.4692873
Taylyn Stadler,,"Woodbury, N.Y.",womens-lacrosse,2018,40.8183265,-73.4706151
Abby Bosco,,"Suffern, N.Y.",womens-lacrosse,2018,41.1151372,-74.1493948
Chelsea Kibler,,"Leonardtown, Md.",womens-lacrosse,2018,38.2912431,-76.6357946
Morgan Winstead,,"Raleigh, N.C.",womens-lacrosse,2018,35.7803977,-78.6390989
Zoe Belodeau,,"Potomac Falls, Va.",womens-lacrosse,2018,39.0473728,-77.3849117
Kaeleigh Morrill,,"Darien, Conn.",womens-lacrosse,2018,41.0787079,-73.4692873
Julia O'Mara,,"Bel Air, Md.",womens-lacrosse,2018,39.5797515,-78.8531894
Beth Finley,,"Bronxville, N.Y.",womens-lacrosse,2018,40.9381544,-73.8320784
Krissy Kowalski,,"Manhasset, N.Y.",womens-lacrosse,2018,40.786702,-73.6967338
Ellen O'Callaghan,,"Yorktown Heights, N.Y.",womens-lacrosse,2018,41.2701781,-73.7753539
Jordyn Bauer,,"West Chester, Pa.",womens-lacrosse,2018,39.9597389,-75.6044609
Gabby Rosenzweig,,"Somers, N.Y.",womens-lacrosse,2018,41.3280884,-73.685745
Zoe Kraus,,"Chatham, N.J.",womens-lacrosse,2018,40.7409242,-74.3836711
Chrissy Corcoran,,"Point Lookout, N.Y.",womens-lacrosse,2018,40.5898775,-73.5793876
Liv Smith,,"Port Washington, N.Y.",womens-lacrosse,2018,40.8263965,-73.684993
Michaela McMahon,,"Bardonia, N.Y.",womens-lacrosse,2018,41.1147525,-73.9842792
Emily O'Neill,,"Garden City, N.Y.",womens-lacrosse,2018,40.7266477,-73.6343052
Robin Panzarella,,"Moorestown, N.J.",womens-lacrosse,2018,39.9670569,-74.9426677
Gabrielle Coben,,"Dallas, Texas",womens-lacrosse,2018,32.7762719,-96.7968559
Vicky Gallivan,,"Avondale, Pa.",womens-lacrosse,2018,39.8247928,-75.7832662
Madison Jiranek,,"Richmond, Va.",womens-lacrosse,2018,37.5385087,-77.43428
Teia Ross,,"Summit, N.J.",womens-lacrosse,2018,40.7182356,-74.3592296
Maggie Beresheim,,"Manhasset, N.Y.",womens-lacrosse,2018,40.786702,-73.6967338
Chloe Hunter,,"Houston, Texas",womens-lacrosse,2019,29.7589382,-95.3676974
Krissy Kowalski,,"Manhasset, N.Y.",womens-lacrosse,2019,40.786702,-73.6967338
Gabby Rosenzweig,,"Somers, N.Y.",womens-lacrosse,2019,41.3280884,-73.685745
Grace Fujinaga,,"Mercer Island, Wash.",womens-lacrosse,2019,47.5766324,-122.2276378
Michaela Haney,,"Royersford, Pa.",womens-lacrosse,2019,40.184174,-75.5377894
Madison Jiranek,,"Richmond, Va.",womens-lacrosse,2019,37.5385087,-77.43428
Michaela McMahon,,"Bardonia, N.Y.",womens-lacrosse,2019,41.1147525,-73.9842792
Liv Smith,,"Port Washington, N.Y.",womens-lacrosse,2019,40.8263965,-73.684993
Ellen O'Callaghan,,"Yorktown Heights, N.Y.",womens-lacrosse,2019,41.2701781,-73.7753539
Zoe Kraus,,"Chatham, N.J.",womens-lacrosse,2019,40.7409242,-74.3836711
Lucy Svetec,,"Lancaster, Pa.",womens-lacrosse,2019,40.0379958,-76.3056707
Gabrielle Coben,,"Dallas, Texas",womens-lacrosse,2019,32.7762719,-96.7968559
Emily Coyne,,"Gladwyne, Pa.",womens-lacrosse,2019,40.0397304,-75.2791788
Jordyn Bauer,,"West Chester, Pa.",womens-lacrosse,2019,39.9597389,-75.6044609
Niki Miles,,"San Clemente, Calif.",womens-lacrosse,2019,33.4270275,-117.6124179
Teia Ross,,"Summit, N.J.",womens-lacrosse,2019,40.7182356,-74.3592296
Robin Panzarella,,"Moorestown, N.J.",womens-lacrosse,2019,39.9670569,-74.9426677
Zoe Belodeau,,"Potomac Falls, Va.",womens-lacrosse,2019,39.0473728,-77.3849117
Taylyn Stadler,,"Woodbury, N.Y.",womens-lacrosse,2019,40.8183265,-73.4706151
Mikaila Cheeseman,,"Suffern, N.Y.",womens-lacrosse,2019,41.1151372,-74.1493948
Katie Bellucci,,"Manhasset, N.Y.",womens-lacrosse,2019,40.786702,-73.6967338
Erin Barry,,"Manhasset, N.Y.",womens-lacrosse,2019,40.786702,-73.6967338
Kaeleigh Morrill,,"Darien, Conn.",womens-lacrosse,2019,41.0787079,-73.4692873
Chelsea Kibler,,"Leonardtown, Md.",womens-lacrosse,2019,38.2912431,-76.6357946
Kelly Van Hoesen,,"Greenwich, Conn.",womens-lacrosse,2019,41.0264862,-73.6284598
Katie Galway,,"Annapolis, Md.",womens-lacrosse,2019,38.9786401,-76.492786
Abby Bosco,,"Suffern, N.Y.",womens-lacrosse,2019,41.1151372,-74.1493948
Laura Crawford,,"Arlington, Va.",womens-lacrosse,2019,38.8769326,-77.0893094
Izzy Rohr,,"Malvern, Pa.",womens-lacrosse,2019,40.036202,-75.5138959
Caitlin Cook,,"Garden City, N.Y.",womens-lacrosse,2019,40.7266477,-73.6343052
Kennon Moon,,"Alexandria, Va.",womens-lacrosse,2019,38.8051095,-77.0470229
Elyse Decker,,"Orlando, Fla.",womens-lacrosse,2019,28.5421218,-81.379045
Morgan Winstead,,"Raleigh, N.C.",womens-lacrosse,2019,35.7803977,-78.6390989
Laura Murphy,,"Darien, Conn.",womens-lacrosse,2019,41.0787079,-73.4692873
Katie Galway,,"Annapolis, Md.",womens-lacrosse,2020,38.9786401,-76.492786
Ellen O'Callaghan,,"Yorktown Heights, N.Y.",womens-lacrosse,2020,41.2701781,-73.7753539
Robin Panzarella,,"Moorestown, N.J.",womens-lacrosse,2020,39.9670569,-74.9426677
Vanessa Ewing,,"Philadelphia, Pa.",womens-lacrosse,2020,39.9527237,-75.1635262
Madison Jiranek,,"Richmond, Va.",womens-lacrosse,2020,37.5385087,-77.43428
Lexi Edmonds,,"Upper Saddle River, N.J.",womens-lacrosse,2020,41.0585352,-74.0984769
Krissy Kowalski,,"Manhasset, N.Y.",womens-lacrosse,2020,40.786702,-73.6967338
Sophie Davis,,"Towson, Md.",womens-lacrosse,2020,39.3964591,-76.6148148
Zoe Kraus,,"Chatham, N.J.",womens-lacrosse,2020,40.7409242,-74.3836711
Jordyn Bauer,,"West Chester, Pa.",womens-lacrosse,2020,39.9597389,-75.6044609
Julia Chai,,"Rye, N.Y.",womens-lacrosse,2020,40.9821371,-73.6840902
Liv Smith,,"Port Washington, N.Y.",womens-lacrosse,2020,40.8263965,-73.684993
Katie Bellucci,,"Manhasset, N.Y.",womens-lacrosse,2020,40.786702,-73.6967338
Kennon Moon,,"Alexandria, Va.",womens-lacrosse,2020,38.8051095,-77.0470229
Elyse Decker,,"Orlando, Fla.",womens-lacrosse,2020,28.5421218,-81.379045
Morgan Smith,,"Port Chester, N.Y.",womens-lacrosse,2020,41.0017643,-73.6656834
Abby Bosco,,"Suffern, N.Y.",womens-lacrosse,2020,41.1151372,-74.1493948
Laura Murphy,,"Darien, Conn.",womens-lacrosse,2020,41.0787079,-73.4692873
Laura Crawford,,"Arlington, Va.",womens-lacrosse,2020,38.8769326,-77.0893094
Taylyn Stadler,,"Woodbury, N.Y.",womens-lacrosse,2020,40.8183265,-73.4706151
Maria Themelis,,"Manhasset, N.Y.",womens-lacrosse,2020,40.786702,-73.6967338
Zoe Belodeau,,"Potomac Falls, Va.",womens-lacrosse,2020,39.0473728,-77.3849117
Kaitlyn Cumiskey,,"New Providence, N.J.",womens-lacrosse,2020,40.6984348,-74.4015405
Aly Feeley,,"Summit, N.J.",womens-lacrosse,2020,40.7182356,-74.3592296
Olivia Kehoe,,"Harvard, Mass.",womens-lacrosse,2021,42.3657432,-71.1222139
Ellen O'Callaghan,,"Yorktown Heights, N.Y.",womens-lacrosse,2021,41.2701781,-73.7753539
Grace Fujinaga,,"Mercer Island, Wash.",womens-lacrosse,2021,47.5766324,-122.2276378
Grace Lillis,,"Rye, N.Y.",womens-lacrosse,2021,40.9821371,-73.6840902
Paige Lipman,,"Harrison, N.Y.",womens-lacrosse,2021,40.9689871,-73.71263
Gracie Smith,,"Laytonsville, Md.",womens-lacrosse,2021,39.2087905,-77.1413425
Kelly Van Hoesen,,"Greenwich, Conn.",womens-lacrosse,2021,41.0264862,-73.6284598
Lucy Svetec,,"Lancaster, Pa.",womens-lacrosse,2021,40.0379958,-76.3056707
Lexi Edmonds,,"Upper Saddle River, N.J.",womens-lacrosse,2021,41.0585352,-74.0984769
Keeley Block,,"Salisbury, Md.",womens-lacrosse,2021,38.366027,-75.6009964
Niki Miles,,"San Clemente, Calif.",womens-lacrosse,2021,33.4270275,-117.6124179
Anna Brandt,,"White Hall, Md.",womens-lacrosse,2021,38.6862275,-76.9888636
Krissy Kowalski,,"Manhasset, N.Y.",womens-lacrosse,2021,40.786702,-73.6967338
Chloe Hunter,,"Houston, Texas",womens-lacrosse,2021,29.7589382,-95.3676974
Erin Sullivan,,"Medfield, Mass.",womens-lacrosse,2021,42.1865609,-71.30546
Robin Panzarella,,"Moorestown, N.J.",womens-lacrosse,2021,39.9670569,-74.9426677
Bella Kehoe,,"Harvard, Mass.",womens-lacrosse,2021,42.3657432,-71.1222139
Abbie Searles,,"Gansevoort, N.Y.",womens-lacrosse,2021,43.1962051,-73.6513967
Taylyn Stadler,,"Woodbury, N.Y.",womens-lacrosse,2021,40.8183265,-73.4706151
Madison Jiranek,,"Richmond, Va.",womens-lacrosse,2021,37.5385087,-77.43428
Izzy Rohr,,"Malvern, Pa.",womens-lacrosse,2021,40.036202,-75.5138959
Katie Bellucci,,"Manhasset, N.Y.",womens-lacrosse,2021,40.786702,-73.6967338
Maria Themelis,,"Manhasset, N.Y.",womens-lacrosse,2021,40.786702,-73.6967338
Kennon Moon,,"Alexandria, Va.",womens-lacrosse,2021,38.8051095,-77.0470229
Caitlin Cook,,"Garden City, N.Y.",womens-lacrosse,2021,40.7266477,-73.6343052
Natasha Gorriaran,,"Providence, R.I.",womens-lacrosse,2021,41.8239891,-71.4128343
Jordyn Bauer,,"West Chester, Pa.",womens-lacrosse,2021,39.9597389,-75.6044609
Morgan Smith,,"Port Chester, N.Y.",womens-lacrosse,2021,41.0017643,-73.6656834
Kaitlyn Cumiskey,,"New Providence, N.J.",womens-lacrosse,2021,40.6984348,-74.4015405
Julia Chai,,"Rye, N.Y.",womens-lacrosse,2021,40.9821371,-73.6840902
Vanessa Ewing,,"Philadelphia, Pa.",womens-lacrosse,2021,39.9527237,-75.1635262
Aly Feeley,,"Summit, N.J.",womens-lacrosse,2021,40.7182356,-74.3592296
Sophie Davis,,"Towson, Md.",womens-lacrosse,2021,39.3964591,-76.6148148
Erika Chung,,"Great Falls, Va.",womens-lacrosse,2021,39.0116538,-77.3083988
Jordan Condon,,"Dunn Loring, Va.",womens-lacrosse,2022,38.894646,-77.2294419
Paige Nolan,,"Shrewsbury, N.J.",womens-lacrosse,2022,40.3295547,-74.0615285
Lucy Svetec,,"Lancaster, Pa.",womens-lacrosse,2022,40.0379958,-76.3056707
Kaitlyn Cumiskey,,"New Providence, N.J.",womens-lacrosse,2022,40.6984348,-74.4015405
Grace Lillis,,"Rye, N.Y.",womens-lacrosse,2022,40.9821371,-73.6840902
Bella Kehoe,,"Harvard, Mass.",womens-lacrosse,2022,42.3657432,-71.1222139
Courtney Savage,,"Catonsville, Md.",womens-lacrosse,2022,39.2609922,-76.7455478
Julia Chai,,"Rye, N.Y.",womens-lacrosse,2022,40.9821371,-73.6840902
Gracie Smith,,"Laytonsville, Md.",womens-lacrosse,2022,39.2087905,-77.1413425
Erika Chung,,"Great Falls, Va.",womens-lacrosse,2022,39.0116538,-77.3083988
Niki Miles,,"San Clemente, Calif.",womens-lacrosse,2022,33.4270275,-117.6124179
Kennon Moon,,"Alexandria, Va.",womens-lacrosse,2022,38.8051095,-77.0470229
Eden Wright,,"Raleigh, N.C.",womens-lacrosse,2022,35.7803977,-78.6390989
Lexi Edmonds,,"Upper Saddle River, N.J.",womens-lacrosse,2022,41.0585352,-74.0984769
Natasha Yajadda,,"Sayville, N.Y.",womens-lacrosse,2022,40.745349,-73.0885161
Anna Brandt,,"White Hall, Md.",womens-lacrosse,2022,38.6862275,-76.9888636
Vanessa Ewing,,"Philadelphia, Pa.",womens-lacrosse,2022,39.9527237,-75.1635262
Natasha Gorriaran,,"Providence, R.I.",womens-lacrosse,2022,41.8239891,-71.4128343
Paige Lipman,,"Harrison, N.Y.",womens-lacrosse,2022,40.9689871,-73.71263
Olivia Kehoe,,"Harvard, Mass.",womens-lacrosse,2022,42.3657432,-71.1222139
Keeley Block,,"Salisbury, Md.",womens-lacrosse,2022,38.366027,-75.6009964
Kelly Van Hoesen,,"Greenwich, Conn.",womens-lacrosse,2022,41.0264862,-73.6284598
Morgan Smith,,"Port Chester, N.Y.",womens-lacrosse,2022,41.0017643,-73.6656834
Caitlin Noack,,"Center Moriches, N.Y.",womens-lacrosse,2022,40.800558,-72.7933405
Patricia Columbia-Walsh,,"Verona, N.J.",womens-lacrosse,2022,40.829822,-74.2401466
Erin Sullivan,,"Medfield, Mass.",womens-lacrosse,2022,42.1865609,-71.30546
Grace Fujinaga,,"Mercer Island, Wash.",womens-lacrosse,2022,47.5766324,-122.2276378
Taylyn Stadler,,"Woodbury, N.Y.",womens-lacrosse,2022,40.8183265,-73.4706151
Maria Themelis,,"Manhasset, N.Y.",womens-lacrosse,2022,40.786702,-73.6967338
Caitlin Cook,,"Garden City, N.Y.",womens-lacrosse,2022,40.7266477,-73.6343052
Izzy Rohr,,"Malvern, Pa.",womens-lacrosse,2022,40.036202,-75.5138959
Sophie Davis,,"Towson, Md.",womens-lacrosse,2022,39.3964591,-76.6148148
Aly Feeley,,"Summit, N.J.",womens-lacrosse,2022,40.7182356,-74.3592296
Grace Turner,,"Philadelphia, Pa.",womens-lacrosse,2023,39.9527237,-75.1635262
Catherine Berkery,,"Bronxville, N.Y.",womens-lacrosse,2023,40.9381544,-73.8320784
Izzy Rohr,,"Malvern, Pa.",womens-lacrosse,2023,40.036202,-75.5138959
Courtney Savage,,"Catonsville, Md.",womens-lacrosse,2023,39.2609922,-76.7455478
Aly Feeley,,"Summit, N.J.",womens-lacrosse,2023,40.7182356,-74.3592296
Paige Lipman,,"Harrison, N.Y.",womens-lacrosse,2023,40.9689871,-73.71263
Sophie Davis,,"Towson, Md.",womens-lacrosse,2023,39.3964591,-76.6148148
Eden Welch,,"Danvers, Mass.",womens-lacrosse,2023,42.5664984,-70.9362957
Caitlin Cook,,"Garden City, N.Y.",womens-lacrosse,2023,40.7266477,-73.6343052
Clare Ruff,,"Honeoye Falls, N.Y.",womens-lacrosse,2023,42.9522855,-77.5902759
Alex Glomb,,"Wyndmoor, Pa.",womens-lacrosse,2023,40.0853435,-75.1940207
Gracie Smith,,"Laytonsville, Md.",womens-lacrosse,2023,39.2087905,-77.1413425
Erin Sullivan,,"Medfield, Mass.",womens-lacrosse,2023,42.1865609,-71.30546
Carli Fleisher,,"Parkland, Fla.",womens-lacrosse,2023,26.3100794,-80.23727
Natasha Yajadda,,"Sayville, N.Y.",womens-lacrosse,2023,40.745349,-73.0885161
Kelly Van Hoesen,,"Greenwich, Conn.",womens-lacrosse,2023,41.0264862,-73.6284598
Kaitlyn Cumiskey,,"New Providence, N.J.",womens-lacrosse,2023,40.6984348,-74.4015405
Bella Kehoe,,"Harvard, Mass.",womens-lacrosse,2023,42.3657432,-71.1222139
Natasha Gorriaran,,"Providence, R.I.",womens-lacrosse,2023,41.8239891,-71.4128343
Grace Lillis,,"Rye, N.Y.",womens-lacrosse,2023,40.9821371,-73.6840902
Olivia Kehoe,,"Harvard, Mass.",womens-lacrosse,2023,42.3657432,-71.1222139
Keeley Block,,"Salisbury, Md.",womens-lacrosse,2023,38.366027,-75.6009964
Caitlin Noack,,"Center Moriches, N.Y.",womens-lacrosse,2023,40.800558,-72.7933405
Grace Fujinaga,,"Mercer Island, Wash.",womens-lacrosse,2023,47.5766324,-122.2276378
Niki Miles,,"San Clemente, Calif.",womens-lacrosse,2023,33.4270275,-117.6124179
Vanessa Ewing,,"Philadelphia, Pa.",womens-lacrosse,2023,39.9527237,-75.1635262
Eden Wright,,"Raleigh, N.C.",womens-lacrosse,2023,35.7803977,-78.6390989
Paige Nolan,,"Shrewsbury, N.J.",womens-lacrosse,2023,40.3295547,-74.0615285
Lexi Edmonds,,"Upper Saddle River, N.J.",womens-lacrosse,2023,41.0585352,-74.0984769
Maggie Bankowski,,"Portland, Ore.",womens-lacrosse,2023,45.5202471,-122.674194
Morgan Smith,,"Port Chester, N.Y.",womens-lacrosse,2023,41.0017643,-73.6656834
Julia Chai,,"Rye, N.Y.",womens-lacrosse,2023,40.9821371,-73.6840902
Erika Chung,,"Great Falls, Va.",womens-lacrosse,2023,39.0116538,-77.3083988
Anna Brandt,,"White Hall, Md.",womens-lacrosse,2023,38.6862275,-76.9888636
Grace Matter,,"Summit, N.J.",womens-lacrosse,2023,40.7182356,-74.3592296
Maria Themelis,,"Manhasset, N.Y.",womens-lacrosse,2023,40.786702,-73.6967338
Regan O'Brien,,"Bedford, N.H.",womens-lacrosse,2023,42.9464737,-71.5159015
Patricia Columbia-Walsh,,"Verona, N.J.",womens-lacrosse,2023,40.829822,-74.2401466
Lellie King,,"Crozet, Va.",womens-lacrosse,2024,38.065017,-78.690893
Erin Sullivan,,"Medfield, Mass.",womens-lacrosse,2024,42.1865609,-71.30546
Sarah Kelley,,"Wayne, Pa.",womens-lacrosse,2024,41.6264414,-75.3045103
Bella Kehoe,,"Harvard, Mass.",womens-lacrosse,2024,42.3657432,-71.1222139
Caroline Marotta,,"Selkirk, N.Y.",womens-lacrosse,2024,42.5323027,-73.7984563
Regan O'Brien,,"Bedford, N.H.",womens-lacrosse,2024,42.9464737,-71.5159015
Eden Welch,,"Danvers, Mass.",womens-lacrosse,2024,42.5664984,-70.9362957
Mae Zaremba,,"Olney, Md.",womens-lacrosse,2024,39.1469872,-77.0722227
Lela Greene,,"Baltimore, Md.",womens-lacrosse,2024,39.2908816,-76.610759
Natasha Yajadda,,"Sayville, N.Y.",womens-lacrosse,2024,40.745349,-73.0885161
Gracie Smith,,"Laytonsville, Md.",womens-lacrosse,2024,39.2087905,-77.1413425
Patricia Columbia-Walsh,,"Verona, N.J.",womens-lacrosse,2024,40.829822,-74.2401466
Orly Sedransk,,"Verona, N.J.",womens-lacrosse,2024,40.829822,-74.2401466
Erika Chung,,"Great Falls, Va.",womens-lacrosse,2024,39.0116538,-77.3083988
Meryl Docking,,"Chevy Chase, Md.",womens-lacrosse,2024,38.9813699,-77.0849245
Grace Lillis,,"Rye, N.Y.",womens-lacrosse,2024,40.9821371,-73.6840902
Keeley Block,,"Salisbury, Md.",womens-lacrosse,2024,38.366027,-75.6009964
Caitlin Noack,,"Center Moriches, N.Y.",womens-lacrosse,2024,40.800558,-72.7933405
Catherine Berkery,,"Bronxville, N.Y.",womens-lacrosse,2024,40.9381544,-73.8320784
Maggie Bankowski,,"Portland, Ore.",womens-lacrosse,2024,45.5202471,-122.674194
Natasha Gorriaran,,"Providence, R.I.",womens-lacrosse,2024,41.8239891,-71.4128343
Josie Goldman,,"Wilton, Conn.",womens-lacrosse,2024,41.1953739,-73.4378988
Anna Brandt,,"White Hall, Md.",womens-lacrosse,2024,38.6862275,-76.9888636
Kate Stanton,,"Media, Pa.",womens-lacrosse,2024,39.9167783,-75.387693
Paige Lipman,,"Harrison, N.Y.",womens-lacrosse,2024,40.9689871,-73.71263
Clare Ruff,,"Honeoye Falls, N.Y.",womens-lacrosse,2024,42.9522855,-77.5902759
Alex Glomb,,"Wyndmoor, Pa.",womens-lacrosse,2024,40.0853435,-75.1940207
Olivia Comerford,,"Stony Brook, N.Y.",womens-lacrosse,2024,40.908482,-73.1325471
Grace Matter,,"Summit, N.J.",womens-lacrosse,2024,40.7182356,-74.3592296
Natasha Yajadda,,"Sayville, N.Y.",womens-lacrosse,2025,40.745349,-73.0885161
Patricia Columbia-Walsh,,"Verona, N.J.",womens-lacrosse,2025,40.829822,-74.2401466
Millie Bartlett,,"San Francisco, Calif.",womens-lacrosse,2025,37.7879363,-122.4075201
Caroline Marotta,,"Selkirk, N.Y.",womens-lacrosse,2025,42.5323027,-73.7984563
Mae Zaremba,,"Olney, Md.",womens-lacrosse,2025,39.1469872,-77.0722227
Eden Welch,,"Danvers, Mass.",womens-lacrosse,2025,42.5664984,-70.9362957
Clare Ruff,,"Honeoye Falls, N.Y.",womens-lacrosse,2025,42.9522855,-77.5902759
Alex Glomb,,"Wyndmoor, Pa.",womens-lacrosse,2025,40.0853435,-75.1940207
Maya Farnan,,"Westhampton, N.Y.",womens-lacrosse,2025,40.825042,-72.6709984
Regan O'Brien,,"Bedford, N.H.",womens-lacrosse,2025,42.9464737,-71.5159015
Mary Sack,,"Rye, N.Y.",womens-lacrosse,2025,40.9821371,-73.6840902
Maggie Bankowski,,"Portland, Ore.",womens-lacrosse,2025,45.5202471,-122.674194
Sydney Patten,,"New Canaan, Conn.",womens-lacrosse,2025,41.146763,-73.4948446
Quinny Handley,,"Lake Oswego, Ore.",womens-lacrosse,2025,45.4206749,-122.670649
Orly Sedransk,,"Verona, N.J.",womens-lacrosse,2025,40.829822,-74.2401466
Catherine Berkery,,"Bronxville, N.Y.",womens-lacrosse,2025,40.9381544,-73.8320784
Olivia Comerford,,"Stony Brook, N.Y.",womens-lacrosse,2025,40.908482,-73.1325471
Sarah Kelley,,"Wayne, Pa.",womens-lacrosse,2025,41.6264414,-75.3045103
Avery Le,,"Newtown Square, Pa.",womens-lacrosse,2025,39.9868117,-75.4007633
Olivia Nicoll,,"Montclair, N.J.",womens-lacrosse,2025,40.8164458,-74.2210643
Lellie King,,"Crozet, Va.",womens-lacrosse,2025,38.065017,-78.690893
Kate Stanton,,"Media, Pa.",womens-lacrosse,2025,39.9167783,-75.387693
Peyton Phillips,,"East Setauket, N.Y.",womens-lacrosse,2025,40.919085,-73.0963408
Meryl Docking,,"Chevy Chase, Md.",womens-lacrosse,2025,38.9813699,-77.0849245
Josie Goldman,,"Wilton, Conn.",womens-lacrosse,2025,41.1953739,-73.4378988
Lela Greene,,"Baltimore, Md.",womens-lacrosse,2025,39.2908816,-76.610759
Emma Hrzich,,"Boca Raton, Fla.",womens-lacrosse,2025,26.3586885,-80.0830984
Grace Matter,,"Summit, N.J.",womens-lacrosse,2025,40.7182356,-74.3592296
Caroline Marotta,,"Selkirk, N.Y.",womens-lacrosse,2026,42.5323027,-73.7984563
Lauren Perfetto,,"Manhasset, N.Y.",womens-lacrosse,2026,40.786702,-73.6967338
Quinny Handley,,"Lake Oswego, Ore.",womens-lacrosse,2026,45.4206749,-122.670649
Clare Ruff,,"Honeoye Falls, N.Y.",womens-lacrosse,2026,42.9522855,-77.5902759
Mary Sack,,"Rye, N.Y.",womens-lacrosse,2026,40.9821371,-73.6840902
Katie Bowers,,"Baltimore, Md.",womens-lacrosse,2026,39.2908816,-76.610759
Brooke Buursink,,"Arlington, Va.",womens-lacrosse,2026,38.8769326,-77.0893094
Mae Zaremba,,"Olney, Md.",womens-lacrosse,2026,39.1469872,-77.0722227
Leighton Collier,,"Old Greenwich, Conn.",womens-lacrosse,2026,41.0274237,-73.5646262
Regan O'Brien,,"Bedford, N.H.",womens-lacrosse,2026,42.9464737,-71.5159015
Alex Glomb,,"Wyndmoor, Pa.",womens-lacrosse,2026,40.0853435,-75.1940207
Laney Jensen,,"Arlington, Va.",womens-lacrosse,2026,38.8769326,-77.0893094
Peyton Furst,,"Chatham, N.J.",womens-lacrosse,2026,40.7409242,-74.3836711
Harper Jensen,,"Arlington, Va.",womens-lacrosse,2026,38.8769326,-77.0893094
Sydney Patten,,"New Canaan, Conn.",womens-lacrosse,2026,41.146763,-73.4948446
Maggie Bankowski,,"Portland, Ore.",womens-lacrosse,2026,45.5202471,-122.674194
Sophie Ghosh,,"Mill Valley, Calif.",womens-lacrosse,2026,37.9060368,-122.5449763
Lellie King,,"Crozet, Va.",womens-lacrosse,2026,38.065017,-78.690893
Maya Farnan,,"Westhampton, N.Y.",womens-lacrosse,2026,40.825042,-72.6709984
Emma Hrzich,,"Boca Raton, Fla.",womens-lacrosse,2026,26.3586885,-80.0830984
Olivia Comerford,,"Stony Brook, N.Y.",womens-lacrosse,2026,40.908482,-73.1325471
Sarah Kelley,,"Wayne, Pa.",womens-lacrosse,2026,41.6264414,-75.3045103
Meryl Docking,,"Chevy Chase, Md.",womens-lacrosse,2026,38.9813699,-77.0849245
Catherine Berkery,,"Bronxville, N.Y.",womens-lacrosse,2026,40.9381544,-73.8320784
Ella Garner,,"West Chester, Pa.",womens-lacrosse,2026,39.9597389,-75.6044609
Kate Stanton,,"Media, Pa.",womens-lacrosse,2026,39.9167783,-75.387693
Michaela Molgano,,"Garden City, N.Y.",womens-lacrosse,2026,40.7266477,-73.6343052
Josie Goldman,,"Wilton, Conn.",womens-lacrosse,2026,41.1953739,-73.4378988
Millie Bartlett,,"San Francisco, Calif.",womens-lacrosse,2026,37.7879363,-122.4075201
Evie Bernard,,"Wenham, Mass.",womens-lacrosse,2026,42.6046209,-70.8873511
Peyton Phillips,,"East Setauket, N.Y.",womens-lacrosse,2026,40.919085,-73.0963408
Avery Le,,"Newtown Square, Pa.",womens-lacrosse,2026,39.9868117,-75.4007633
Olivia Nicoll,,"Montclair, N.J.",womens-lacrosse,2026,40.8164458,-74.2210643
Orly Sedransk,,"Verona, N.J.",womens-lacrosse,2026,40.829822,-74.2401466
Gaden James,,"Greenwich, Conn.",mens-squash,2016,41.0264862,-73.6284598
Jonathan Zeitels,,"Warren, N.J.",mens-squash,2016,40.8602222,-74.9720493
David Yacobucci,,"Greenwich, Conn.",mens-squash,2016,41.0264862,-73.6284598
James Watson,,"Darien, Conn.",mens-squash,2016,41.0787079,-73.4692873
Marwan Mahmoud,,"Alexandria, Egypt",mens-squash,2016,31.1991806,29.8951716
Anders Larson,,"Brooklyn, N.Y.",mens-squash,2016,40.6526006,-73.9497211
George Lemmon,,"Villanova, Pa.",mens-squash,2016,40.0411671,-75.3310527
Rahil Fazelbhoy,,"Mumbai, India",mens-squash,2016,19.054999,72.8692035
Wil Hagen,,"Princeton, N.J.",mens-squash,2016,40.3496953,-74.6597376
Alex Norman,,"Ascot, England",mens-squash,2016,51.4101286,-0.6680194
Max Reed,,"Lebanon, N.H.",mens-squash,2016,43.643032,-72.251587
Chris Bloomer,,"Nantucket, Mass.",mens-squash,2016,41.2844408,-70.09842
Hayes Murphy,,"Greenwich, Conn.",mens-squash,2016,41.0264862,-73.6284598
Aaron Kim,,"Phoenixville, Pa.",mens-squash,2016,40.1338784,-75.5172827
Karim Hussein,,"Cairo, Egypt",mens-squash,2016,30.0443879,31.2357257
Derek Hsue,,"Warren, N.J.",mens-squash,2016,40.8602222,-74.9720493
James Watson,,"Darien, Conn.",mens-squash,2017,41.0787079,-73.4692873
Max Reed,,"Lebanon, N.H.",mens-squash,2017,43.643032,-72.251587
Mason Parker,,"Darien, Conn.",mens-squash,2017,41.0787079,-73.4692873
Anders Larson,,"Brooklyn, N.Y.",mens-squash,2017,40.6526006,-73.9497211
Alex Norman,,"Ascot, England",mens-squash,2017,51.4101286,-0.6680194
Hayes Murphy,,"Greenwich, Conn.",mens-squash,2017,41.0264862,-73.6284598
Jonathan Zeitels,,"Warren, N.J.",mens-squash,2017,40.8602222,-74.9720493
Marwan Mahmoud,,"Alexandria, Egypt",mens-squash,2017,31.1991806,29.8951716
David Yacobucci,,"Greenwich, Conn.",mens-squash,2017,41.0264862,-73.6284598
Aaron Kim,,"Phoenixville, Pa.",mens-squash,2017,40.1338784,-75.5172827
Yash Bhargava,,"Mumbai, India",mens-squash,2017,19.054999,72.8692035
Karim Hussein,,"Cairo, Egypt",mens-squash,2017,30.0443879,31.2357257
Derek Hsue,,"Warren, N.J.",mens-squash,2017,40.8602222,-74.9720493
Wil Hagen,,"Princeton, N.J.",mens-squash,2017,40.3496953,-74.6597376
Ryan Murray,,"Bronxville, N.Y.",mens-squash,2017,40.9381544,-73.8320784
Ben Gard,,"Rye, N.Y.",mens-squash,2017,40.9821371,-73.6840902
Andrew Douglas,,"Brooklyn, N.Y.",mens-squash,2017,40.6526006,-73.9497211
Marker Angelakis,,"Providence, R.I.",mens-squash,2018,41.8239891,-71.4128343
Yash Bhargava,,"Mumbai, India",mens-squash,2018,19.054999,72.8692035
Zach Bradlow,,"Philadelphia, Pa.",mens-squash,2018,39.9527237,-75.1635262
James Flynn,,"Toronto, Ontario",mens-squash,2018,43.6534817,-79.3839347
Andrew Douglas,,"Brooklyn, N.Y.",mens-squash,2018,40.6526006,-73.9497211
Aly Abou Eleinen,,"Alexandria, Egypt",mens-squash,2018,31.1991806,29.8951716
Ryan Murray,,"Bronxville, N.Y.",mens-squash,2018,40.9381544,-73.8320784
Karim Hussein,,"Cairo, Egypt",mens-squash,2018,30.0443879,31.2357257
Jonathan Zeitels,,"Warren, N.J.",mens-squash,2018,40.8602222,-74.9720493
Aaron Kim,,"Phoenixville, Pa.",mens-squash,2018,40.1338784,-75.5172827
Wil Hagen,,"Princeton, N.J.",mens-squash,2018,40.3496953,-74.6597376
Michael Mehl,,"Calgary, Alberta",mens-squash,2018,51.0456064,-114.057541
Alex Norman,,"Ascot, England",mens-squash,2018,51.4101286,-0.6680194
Max Reed,,"Lebanon, N.H.",mens-squash,2018,43.643032,-72.251587
David Yacobucci,,"Greenwich, Conn.",mens-squash,2018,41.0264862,-73.6284598
Tushar Shahani,,"Mumbai, India",mens-squash,2019,19.054999,72.8692035
Ryan Murray,,"Bronxville, N.Y.",mens-squash,2019,40.9381544,-73.8320784
Wil Hagen,,"Princeton, N.J.",mens-squash,2019,40.3496953,-74.6597376
James Flynn,,"Toronto, Ontario",mens-squash,2019,43.6534817,-79.3839347
Dillon Huang,,"Fremont, Calif.",mens-squash,2019,37.5482697,-121.988571
David Yacobucci,,"Greenwich, Conn.",mens-squash,2019,41.0264862,-73.6284598
Alexander Trauber,,"Greenwich, Conn.",mens-squash,2019,41.0264862,-73.6284598
Yash Bhargava,,"Mumbai, India",mens-squash,2019,19.054999,72.8692035
Aly Abou Eleinen,,"Alexandria, Egypt",mens-squash,2019,31.1991806,29.8951716
Andrew Douglas,,"Brooklyn, N.Y.",mens-squash,2019,40.6526006,-73.9497211
Brian Cowhey,,"Philadelphia, Pa.",mens-squash,2019,39.9527237,-75.1635262
Saksham Choudhary,,"Delhi, India",mens-squash,2019,28.6328027,77.2197713
Zach Bradlow,,"Philadelphia, Pa.",mens-squash,2019,39.9527237,-75.1635262
Krish Bhavnani,,"Warren, N.J.",mens-squash,2019,40.8602222,-74.9720493
Tushar Shahani,,"Mumbai, India",mens-squash,2020,19.054999,72.8692035
Dana Santry,,"Greenwich, Conn.",mens-squash,2020,41.0264862,-73.6284598
James Flynn,,"Toronto, Ontario",mens-squash,2020,43.6534817,-79.3839347
Dillon Huang,,"Fremont, Calif.",mens-squash,2020,37.5482697,-121.988571
Alexander Trauber,,"Greenwich, Conn.",mens-squash,2020,41.0264862,-73.6284598
Yash Bhargava,,"Mumbai, India",mens-squash,2020,19.054999,72.8692035
Nick Spizzirri,,"Greenwich, Conn.",mens-squash,2020,41.0264862,-73.6284598
Ryan Murray,,"Bronxville, N.Y.",mens-squash,2020,40.9381544,-73.8320784
Zach Bradlow,,"Philadelphia, Pa.",mens-squash,2020,39.9527237,-75.1635262
Roger Baddour,,"Alexandria, Egypt",mens-squash,2020,31.1991806,29.8951716
Aly Abou Eleinen,,"Alexandria, Egypt",mens-squash,2020,31.1991806,29.8951716
Andrew Douglas,,"Brooklyn, N.Y.",mens-squash,2020,40.6526006,-73.9497211
Abdelrahman Dweek,,"Calgary, Alberta",mens-squash,2020,51.0456064,-114.057541
Brian Cowhey,,"Philadelphia, Pa.",mens-squash,2020,39.9527237,-75.1635262
Krish Bhavnani,,"Warren, N.J.",mens-squash,2020,40.8602222,-74.9720493
Saksham Choudhary,,"Delhi, India",mens-squash,2020,28.6328027,77.2197713
Dillon Huang,,"Fremont, Calif.",mens-squash,2021,37.5482697,-121.988571
Alexander Trauber,,"Greenwich, Conn.",mens-squash,2021,41.0264862,-73.6284598
Nick Spizzirri,,"Greenwich, Conn.",mens-squash,2021,41.0264862,-73.6284598
Oliver Green,,"Hitchin, Hertfordshire (England)",mens-squash,2021,51.9486943,-0.2779124
Aly Abou Eleinen,,"Alexandria, Egypt",mens-squash,2021,31.1991806,29.8951716
Tushar Shahani,,"Mumbai, India",mens-squash,2021,19.054999,72.8692035
Nathan Kueh,,"Miri, Sarawak (Malaysia)",mens-squash,2021,4.3940102,113.9880199
Brian Cowhey,,"Philadelphia, Pa.",mens-squash,2021,39.9527237,-75.1635262
Dana Santry,,"Greenwich, Conn.",mens-squash,2021,41.0264862,-73.6284598
Saksham Choudhary,,"Delhi, India",mens-squash,2021,28.6328027,77.2197713
Krish Bhavnani,,"Warren, N.J.",mens-squash,2021,40.8602222,-74.9720493
Zach Bradlow,,"Philadelphia, Pa.",mens-squash,2021,39.9527237,-75.1635262
Andrew Douglas,,"Brooklyn, N.Y.",mens-squash,2021,40.6526006,-73.9497211
Shaam Gambhir,,"Wayne, Pa.",mens-squash,2021,41.6264414,-75.3045103
Yash Bhargava,,"Mumbai, India",mens-squash,2021,19.054999,72.8692035
Roger Baddour,,"Alexandria, Egypt",mens-squash,2021,31.1991806,29.8951716
James Flynn,,"Toronto, Ontario",mens-squash,2021,43.6534817,-79.3839347
Rehan Luthra,,"Kirkland, Wash.",mens-squash,2022,47.6765382,-122.2070775
Tushar Shahani,,"Mumbai, India",mens-squash,2022,19.054999,72.8692035
Dana Santry,,"Greenwich, Conn.",mens-squash,2022,41.0264862,-73.6284598
Brian Cowhey,,"Philadelphia, Pa.",mens-squash,2022,39.9527237,-75.1635262
Saksham Choudhary,,"Delhi, India",mens-squash,2022,28.6328027,77.2197713
Diego Narvaez,,"Nuevo Cuscatlán, El Salvador",mens-squash,2022,13.6471232,-89.2652583
Alexander Trauber,,"Greenwich, Conn.",mens-squash,2022,41.0264862,-73.6284598
Nathan Kueh,,"Miri, Sarawak (Malaysia)",mens-squash,2022,4.3940102,113.9880199
Roger Baddour,,"Alexandria, Egypt",mens-squash,2022,31.1991806,29.8951716
Dillon Huang,,"Fremont, Calif.",mens-squash,2022,37.5482697,-121.988571
Omar Hafez,,"Alexandria, Egypt",mens-squash,2022,31.1991806,29.8951716
Oliver Green,,"Hitchin, Hertfordshire (England)",mens-squash,2022,51.9486943,-0.2779124
Shaam Gambhir,,"Wayne, Pa.",mens-squash,2022,41.6264414,-75.3045103
Hao Cui,,"Pikesville, Md.",mens-squash,2022,39.385227,-76.7080456
Abdelrahman Dweek,,"Calgary, Alberta",mens-squash,2022,51.0456064,-114.057541
Nick Spizzirri,,"Greenwich, Conn.",mens-squash,2022,41.0264862,-73.6284598
Shaam Gambhir,,"Wayne, Pa.",mens-squash,2023,41.6264414,-75.3045103
Oliver Green,,"Hitchin, Hertfordshire (England)",mens-squash,2023,51.9486943,-0.2779124
Salman Khalil,,"Cairo, Egypt",mens-squash,2023,30.0443879,31.2357257
Roger Baddour,,"Alexandria, Egypt",mens-squash,2023,31.1991806,29.8951716
Varun Chitturi,,"Fremont, Calif.",mens-squash,2023,37.5482697,-121.988571
Hao Cui,,"Pikesville, Md.",mens-squash,2023,39.385227,-76.7080456
Abdelrahman Dweek,,"Calgary, Alberta",mens-squash,2023,51.0456064,-114.057541
Diego Narvaez,,"Nuevo Cuscatlán, El Salvador",mens-squash,2023,13.6471232,-89.2652583
Omar Hafez,,"Alexandria, Egypt",mens-squash,2023,31.1991806,29.8951716
Dana Santry,,"Greenwich, Conn.",mens-squash,2023,41.0264862,-73.6284598
Nick Spizzirri,,"Greenwich, Conn.",mens-squash,2023,41.0264862,-73.6284598
Jat Tse,,"Kowloon, H.K.",mens-squash,2023,4.5787154,101.0961391
Nathan Kueh,,"Miri, Sarawak (Malaysia)",mens-squash,2023,4.3940102,113.9880199
Rehan Luthra,,"Kirkland, Wash.",mens-squash,2023,47.6765382,-122.2070775
Ben Mathias,,"Greenwich, Conn.",mens-squash,2023,41.0264862,-73.6284598
Kyle Penman,,"Stirling, Scotland",mens-squash,2023,56.1181242,-3.9360012
Marwan Abdelsalam,,"Alexandria, Egypt",mens-squash,2024,31.1991806,29.8951716
Jat Tse,,"Kowloon, H.K.",mens-squash,2024,4.5787154,101.0961391
Rustin Wiser,,"Bronxville, N.Y.",mens-squash,2024,40.9381544,-73.8320784
Nathan Kueh,,"Miri, Sarawak (Malaysia)",mens-squash,2024,4.3940102,113.9880199
Rehan Luthra,,"Kirkland, Wash.",mens-squash,2024,47.6765382,-122.2070775
Kyle Penman,,"Stirling, Scotland",mens-squash,2024,56.1181242,-3.9360012
Ben Mathias,,"Greenwich, Conn.",mens-squash,2024,41.0264862,-73.6284598
Nick Spizzirri,,"Greenwich, Conn.",mens-squash,2024,41.0264862,-73.6284598
Zane Patel,,"Palo Alto, Calif.",mens-squash,2024,37.4443293,-122.1598465
Dana Santry,,"Greenwich, Conn.",mens-squash,2024,41.0264862,-73.6284598
Omar Hafez,,"Alexandria, Egypt",mens-squash,2024,31.1991806,29.8951716
Oliver Green,,"Hitchin, Hertfordshire (England)",mens-squash,2024,51.9486943,-0.2779124
Abdelrahman Dweek,,"Calgary, Alberta",mens-squash,2024,51.0456064,-114.057541
Salman Khalil,,"Cairo, Egypt",mens-squash,2024,30.0443879,31.2357257
Roger Baddour,,"Alexandria, Egypt",mens-squash,2024,31.1991806,29.8951716
Varun Chitturi,,"Fremont, Calif.",mens-squash,2024,37.5482697,-121.988571
Shaam Gambhir,,"Wayne, Pa.",mens-squash,2024,41.6264414,-75.3045103
Hao Cui,,"Pikesville, Md.",mens-squash,2024,39.385227,-76.7080456
Hao Cui,,"Pikesville, Md.",mens-squash,2025,39.385227,-76.7080456
Jat Tse,,"Kowloon, H.K.",mens-squash,2025,4.5787154,101.0961391
Will Newman,,"Greenwich, Conn.",mens-squash,2025,41.0264862,-73.6284598
Rehan Luthra,,"Kirkland, Wash.",mens-squash,2025,47.6765382,-122.2070775
Zane Patel,,"Palo Alto, Calif.",mens-squash,2025,37.4443293,-122.1598465
Kyle Penman,,"Stirling, Scotland",mens-squash,2025,56.1181242,-3.9360012
Ben Mathias,,"Greenwich, Conn.",mens-squash,2025,41.0264862,-73.6284598
Rustin Wiser,,"Bronxville, N.Y.",mens-squash,2025,40.9381544,-73.8320784
Varun Chitturi,,"Fremont, Calif.",mens-squash,2025,37.5482697,-121.988571
Gregory Malsang,,"Haguenau, France",mens-squash,2025,48.8387397,7.8318155
Henry Fogel,,"Rye, N.Y.",mens-squash,2025,40.9821371,-73.6840902
Omar Hafez,,"Alexandria, Egypt",mens-squash,2025,31.1991806,29.8951716
Philip Dartnell,,"Delray Beach, Fla.",mens-squash,2025,26.4614625,-80.0728201
Marwan Abdelsalam,,"Alexandria, Egypt",mens-squash,2025,31.1991806,29.8951716
Salman Khalil,,"Cairo, Egypt",mens-squash,2025,30.0443879,31.2357257
Alex Dartnell,,"Delray Beach, Fla.",mens-squash,2025,26.4614625,-80.0728201
Kyle Penman,,"Stirling, Scotland",mens-squash,2026,56.1181242,-3.9360012
Zane Patel,,"Palo Alto, Calif.",mens-squash,2026,37.4443293,-122.1598465
Will Newman,,"Greenwich, Conn.",mens-squash,2026,41.0264862,-73.6284598
Michael Nasr,,"Cairo, Egypt",mens-squash,2026,30.0443879,31.2357257
Ahmed Nader,,"Alexandria, Egypt",mens-squash,2026,31.1991806,29.8951716
Ben Mathias,,"Greenwich, Conn.",mens-squash,2026,41.0264862,-73.6284598
Wasey Maqsood,,"Milton, Ontario, Canada",mens-squash,2026,43.513671,-79.882817
Philip Dartnell,,"Delray Beach, Fla.",mens-squash,2026,26.4614625,-80.0728201
Salman Khalil,,"Cairo, Egypt",mens-squash,2026,30.0443879,31.2357257
Henry Fogel,,"Rye, N.Y.",mens-squash,2026,40.9821371,-73.6840902
Alex Dartnell,,"Delray Beach, Fla.",mens-squash,2026,26.4614625,-80.0728201
Varun Chitturi,,"Fremont, Calif.",mens-squash,2026,37.5482697,-121.988571
Marwan Abdelsalam,,"Alexandria, Egypt",mens-squash,2026,31.1991806,29.8951716
Jat Tse,,"Kowloon, H.K.",mens-squash,2026,4.5787154,101.0961391
Gregory Malsang,,"Haguenau, France",mens-squash,2026,48.8387397,7.8318155
Rustin Wiser,,"Bronxville, N.Y.",mens-squash,2026,40.9381544,-73.8320784
Sophia Heiser,,"Naperville, Ill.",womens-swimming-and-diving,2016,41.7728699,-88.1479278
Madison Visco,,"Norristown, Pa.",womens-swimming-and-diving,2016,40.1146022,-75.3446458
Kaitlin Stearns,,"Short Hills, N.J.",womens-swimming-and-diving,2016,40.7381585,-74.3377392
Lindsay Stearns,,"Short Hills, N.J.",womens-swimming-and-diving,2016,40.7381585,-74.3377392
Sarah O'Leary,,"Manteca, Calif.",womens-swimming-and-diving,2016,37.7986184,-121.2117148
Kim Phan,,"Vaughan, Ontario",womens-swimming-and-diving,2016,43.7941544,-79.5268023
Ashton Pollard,,"Richmond, Va.",womens-swimming-and-diving,2016,37.5385087,-77.43428
Kelsey Prince,,"Johns Creek, Ga.",womens-swimming-and-diving,2016,34.0181557,-84.190196
Carter Orth,,"Moorstown, N.J.",womens-swimming-and-diving,2016,39.9670569,-74.9426677
Georgia Reilly,,"San Diego, Calif.",womens-swimming-and-diving,2016,32.7157062,-117.1638284
Marissa Moskalow,,"Sewell, N.J.",womens-swimming-and-diving,2016,39.770683,-75.1438863
Annie Tran,,"Irvine, Calif.",womens-swimming-and-diving,2016,33.6856969,-117.825981
Kristen Sun,,"Hong Kong, China",womens-swimming-and-diving,2016,22.2818333,114.1582831
Mollie Westrick,,"Lincoln, R.I.",womens-swimming-and-diving,2016,41.9529237,-71.4663863
Mary Whiting,,"Wayzata, Minn.",womens-swimming-and-diving,2016,44.970759,-93.511947
Sydney Tan,,"Austin, Texas",womens-swimming-and-diving,2016,30.2711286,-97.7436995
Haley Wickham,,"Clarendon Hills, Ill.",womens-swimming-and-diving,2016,41.7961237,-87.9551429
Carolyn Yang,,"Dresher, Pa.",womens-swimming-and-diving,2016,40.1409428,-75.1668414
Wendy Yang,,"Burnaby, B.C.",womens-swimming-and-diving,2016,49.2433804,-122.972545
Serena Xue,,"Richmond, B.C.",womens-swimming-and-diving,2016,49.163168,-123.137414
Rachel Swarts,,"Reston, Va.",womens-swimming-and-diving,2016,38.953282,-77.3464516
Lauren Murski,,"Dallas, Texas",womens-swimming-and-diving,2016,32.7762719,-96.7968559
Meredith Newman,,"Lancaster, Pa.",womens-swimming-and-diving,2016,40.0379958,-76.3056707
Madeline Jardeleza,,"Evanston, Ill.",womens-swimming-and-diving,2016,42.0470043,-87.6846053
Madi Dirks,,"Aurora, Colo.",womens-swimming-and-diving,2016,39.7401441,-104.8733376
Emma Buerger,,"Pittsburgh, Pa.",womens-swimming-and-diving,2016,40.4406968,-80.0025666
Ellie Grimes,,"Louisville, Ky.",womens-swimming-and-diving,2016,38.2542376,-85.759407
Grace Ferry,,"Atlanta, Ga.",womens-swimming-and-diving,2016,33.7544657,-84.3898151
Meagan Dollard,,"Blue Bell, Pa.",womens-swimming-and-diving,2016,40.147809,-75.272781
Emma Holmquist,,"Wilton, Conn.",womens-swimming-and-diving,2016,41.1953739,-73.4378988
Laine Higgins,,"Wayzata, Minn",womens-swimming-and-diving,2016,44.970759,-93.511947
Libby Jardeleza,,"Evanston, Ill.",womens-swimming-and-diving,2016,42.0470043,-87.6846053
Maggie Heller,,"Dublin, Ohio",womens-swimming-and-diving,2016,40.0996009,-83.1135563
Nancy Hu,,"Sarasota, Fla.",womens-swimming-and-diving,2016,27.3365805,-82.5308545
Lindsay Ladman,,"Carlsbad, Calif.",womens-swimming-and-diving,2016,33.1352045,-117.329126
Cassidy Golden,,"Burbank, Calif.",womens-swimming-and-diving,2016,34.1812089,-118.307201
Virginia Burns,,"Brockton, Mass.",womens-swimming-and-diving,2016,42.0834335,-71.0183787
Rochelle Dong,,"Carlsbad, Calif.",womens-swimming-and-diving,2016,33.1352045,-117.329126
Ryan Alexander,,"Marblehead, Mass.",womens-swimming-and-diving,2016,42.500096,-70.8578253
Emily Layne,,"Xenia, Ohio",womens-swimming-and-diving,2016,39.6847822,-83.9296526
Erin Kiely,,"Mountain Lakes, N.J.",womens-swimming-and-diving,2016,40.8948212,-74.4329314
Lia Lombardi,,"Tallahassee, Fla.",womens-swimming-and-diving,2016,30.4380832,-84.2809332
Linda Zhang,,"Canton, Mich.",womens-swimming-and-diving,2016,42.7269261,-84.6433146
Claire Kercheval-Roig,,"Tallahassee, Fla.",womens-swimming-and-diving,2016,30.4380832,-84.2809332
Sivan Mills,,"Solon, Ohio",womens-swimming-and-diving,2016,41.3897764,-81.4412259
Wendy Yang,,"Burnaby, B.C.",womens-swimming-and-diving,2017,49.2433804,-122.972545
Juliette Pozzuoli,,"Fort Lauderdale, Fla.",womens-swimming-and-diving,2017,26.1223084,-80.1433786
Kelsey Prince,,"Johns Creek, Ga.",womens-swimming-and-diving,2017,34.0181557,-84.190196
Quinn Scannell,,"Greenwich, Conn.",womens-swimming-and-diving,2017,41.0264862,-73.6284598
Carter Orth,,"Moorstown, N.J.",womens-swimming-and-diving,2017,39.9670569,-74.9426677
Lucy Pearce,,"Greensboro, N.C.",womens-swimming-and-diving,2017,36.0726355,-79.7919754
Lindsay Stearns,,"Short Hills, N.J.",womens-swimming-and-diving,2017,40.7381585,-74.3377392
Sydney Tan,,"Austin, Texas",womens-swimming-and-diving,2017,30.2711286,-97.7436995
Mollie Westrick,,"Lincoln, R.I.",womens-swimming-and-diving,2017,41.9529237,-71.4663863
Carolyn Yang,,"Dresher, Pa.",womens-swimming-and-diving,2017,40.1409428,-75.1668414
Linda Zhang,,"Canton, Mich.",womens-swimming-and-diving,2017,42.7269261,-84.6433146
Madison Visco,,"Norristown, Pa.",womens-swimming-and-diving,2017,40.1146022,-75.3446458
Kaitlin Stearns,,"Short Hills, N.J.",womens-swimming-and-diving,2017,40.7381585,-74.3377392
Mary Whiting,,"Wayzata, Minn.",womens-swimming-and-diving,2017,44.970759,-93.511947
Kristen Sun,,"Hong Kong, China",womens-swimming-and-diving,2017,22.2818333,114.1582831
Victoria Wong,,"Los Altos, Calif.",womens-swimming-and-diving,2017,37.3790629,-122.116578
Grace Patrice,,"Sarasota, Fla.",womens-swimming-and-diving,2017,27.3365805,-82.5308545
Serena Xue,,"Richmond, B.C.",womens-swimming-and-diving,2017,49.163168,-123.137414
Madison Perry,,"Longmeadow, Mass.",womens-swimming-and-diving,2017,42.0504498,-72.5824639
Emma Buerger,,"Pittsburgh, Pa.",womens-swimming-and-diving,2017,40.4406968,-80.0025666
Erin Kiely,,"Mountain Lakes, N.J.",womens-swimming-and-diving,2017,40.8948212,-74.4329314
Virginia Burns,,"Brockton, Mass.",womens-swimming-and-diving,2017,42.0834335,-71.0183787
Morgan Curl,,"Oxford, Pa.",womens-swimming-and-diving,2017,39.7852062,-75.9790215
Meredith Newman,,"Lancaster, Pa.",womens-swimming-and-diving,2017,40.0379958,-76.3056707
Kim Phan,,"Vaughan, Ontario",womens-swimming-and-diving,2017,43.7941544,-79.5268023
Ryan Alexander,,"Marblehead, Mass.",womens-swimming-and-diving,2017,42.500096,-70.8578253
Grace Ferry,,"Atlanta, Ga.",womens-swimming-and-diving,2017,33.7544657,-84.3898151
Maggie Heller,,"Dublin, Ohio",womens-swimming-and-diving,2017,40.0996009,-83.1135563
Emma Holmquist,,"Wilton, Conn.",womens-swimming-and-diving,2017,41.1953739,-73.4378988
Emily Layne,,"Xenia, Ohio",womens-swimming-and-diving,2017,39.6847822,-83.9296526
Lauren Murski,,"Dallas, Texas",womens-swimming-and-diving,2017,32.7762719,-96.7968559
Anderson Myers,,"Orlando, Fla.",womens-swimming-and-diving,2017,28.5421218,-81.379045
Madi Dirks,,"Aurora, Colo.",womens-swimming-and-diving,2017,39.7401441,-104.8733376
Nancy Hu,,"Sarasota, Fla.",womens-swimming-and-diving,2017,27.3365805,-82.5308545
Joanne Fu,,"McLean, Va.",womens-swimming-and-diving,2017,38.9366852,-77.185843
Libby Jardeleza,,"Evanston, Ill.",womens-swimming-and-diving,2017,42.0470043,-87.6846053
Sophia Heiser,,"Naperville, Ill.",womens-swimming-and-diving,2017,41.7728699,-88.1479278
Lindsay Ladman,,"Carlsbad, Calif.",womens-swimming-and-diving,2017,33.1352045,-117.329126
Grace Giddings,,"Olney, Md.",womens-swimming-and-diving,2018,39.1469872,-77.0722227
Joanne Fu,,"McLean, Va.",womens-swimming-and-diving,2018,38.9366852,-77.185843
Wendy Yang,,"Burnaby, B.C.",womens-swimming-and-diving,2018,49.2433804,-122.972545
Grace Ferry,,"Atlanta, Ga.",womens-swimming-and-diving,2018,33.7544657,-84.3898151
Mollie Westrick,,"Lincoln, R.I.",womens-swimming-and-diving,2018,41.9529237,-71.4663863
Caroline Dobbs,,"New York, N.Y.",womens-swimming-and-diving,2018,40.7127281,-74.0060152
Nancy Hu,,"Sarasota, Fla.",womens-swimming-and-diving,2018,27.3365805,-82.5308545
Monika Burzynska,,"Colonia, N.J.",womens-swimming-and-diving,2018,40.5917149,-74.3142458
Linda Zhang,,"Canton, Mich.",womens-swimming-and-diving,2018,42.7269261,-84.6433146
Libby Jardeleza,,"Evanston, Ill.",womens-swimming-and-diving,2018,42.0470043,-87.6846053
Lucy Pearce,,"Greensboro, N.C.",womens-swimming-and-diving,2018,36.0726355,-79.7919754
Serena Xue,,"Richmond, B.C.",womens-swimming-and-diving,2018,49.163168,-123.137414
Carter Orth,,"Moorstown, N.J.",womens-swimming-and-diving,2018,39.9670569,-74.9426677
Victoria Wong,,"Los Altos, Calif.",womens-swimming-and-diving,2018,37.3790629,-122.116578
Emma Holmquist,,"Wilton, Conn.",womens-swimming-and-diving,2018,41.1953739,-73.4378988
Hannah Kannan,,"Bethesda, Md.",womens-swimming-and-diving,2018,38.9812726,-77.1233587
Kaitlin Stearns,,"Short Hills, N.J.",womens-swimming-and-diving,2018,40.7381585,-74.3377392
Kristen Sun,,"Hong Kong, China",womens-swimming-and-diving,2018,22.2818333,114.1582831
Emily Layne,,"Xenia, Ohio",womens-swimming-and-diving,2018,39.6847822,-83.9296526
Paula Scanlan,,"Greenwich, Conn.",womens-swimming-and-diving,2018,41.0264862,-73.6284598
Morgan Curl,,"Oxford, Pa.",womens-swimming-and-diving,2018,39.7852062,-75.9790215
Erin Kiely,,"Mountain Lakes, N.J.",womens-swimming-and-diving,2018,40.8948212,-74.4329314
Juliette Pozzuoli,,"Fort Lauderdale, Fla.",womens-swimming-and-diving,2018,26.1223084,-80.1433786
Meredith Newman,,"Lancaster, Pa.",womens-swimming-and-diving,2018,40.0379958,-76.3056707
Madison Perry,,"Longmeadow, Mass.",womens-swimming-and-diving,2018,42.0504498,-72.5824639
Katie Kiely,,"Mountain Lakes, N.J.",womens-swimming-and-diving,2018,40.8948212,-74.4329314
Madison Visco,,"Norristown, Pa.",womens-swimming-and-diving,2018,40.1146022,-75.3446458
Lindsay Ladman,,"Carlsbad, Calif.",womens-swimming-and-diving,2018,33.1352045,-117.329126
Grace Patrice,,"Sarasota, Fla.",womens-swimming-and-diving,2018,27.3365805,-82.5308545
Grace Estabrook,,"Carmel, Ind.",womens-swimming-and-diving,2018,39.9784186,-86.1283681
Rachel Maizes,,"Scotch Plains, N.J.",womens-swimming-and-diving,2018,40.65538,-74.3898732
Emma Buerger,,"Pittsburgh, Pa.",womens-swimming-and-diving,2018,40.4406968,-80.0025666
Anderson Myers,,"Orlando, Fla.",womens-swimming-and-diving,2018,28.5421218,-81.379045
Anna Newnam,,"Asheville, N.C.",womens-swimming-and-diving,2018,35.595363,-82.5508407
Catherine Buroker,,"Trumbull, Conn.",womens-swimming-and-diving,2018,41.2428742,-73.2006687
Kelsey Prince,,"Johns Creek, Ga.",womens-swimming-and-diving,2018,34.0181557,-84.190196
Tara LaRusso,,"Virginia Beach, Va.",womens-swimming-and-diving,2018,36.8496579,-75.9760751
Meredith Newman,,"Lancaster, Pa.",womens-swimming-and-diving,2019,40.0379958,-76.3056707
Emily Layne,,"Xenia, Ohio",womens-swimming-and-diving,2019,39.6847822,-83.9296526
Anna Newnam,,"Asheville, N.C.",womens-swimming-and-diving,2019,35.595363,-82.5508407
Eliza Normark,,"Atlanta, Ga.",womens-swimming-and-diving,2019,33.7544657,-84.3898151
Bridget O'Leary,,"Barrington, Ill.",womens-swimming-and-diving,2019,42.1539141,-88.1361888
Keren Makhervaks,,"Bellevue, Wash.",womens-swimming-and-diving,2019,47.6144219,-122.192337
Lucy Pearce,,"Greensboro, N.C.",womens-swimming-and-diving,2019,36.0726355,-79.7919754
Victoria Wong,,"Los Altos, Calif.",womens-swimming-and-diving,2019,37.3790629,-122.116578
Linda Zhang,,"Canton, Mich.",womens-swimming-and-diving,2019,42.7269261,-84.6433146
Kaitlin Stearns,,"Short Hills, N.J.",womens-swimming-and-diving,2019,40.7381585,-74.3377392
Kristen Sun,,"Hong Kong, China",womens-swimming-and-diving,2019,22.2818333,114.1582831
Lyndsey Reeve,,"Emerald Isle, N.C.",womens-swimming-and-diving,2019,34.6653135,-77.0382187
Paula Scanlan,,"Greenwich, Conn.",womens-swimming-and-diving,2019,41.0264862,-73.6284598
Mollie Westrick,,"Lincoln, R.I.",womens-swimming-and-diving,2019,41.9529237,-71.4663863
Serena Xue,,"Richmond, B.C.",womens-swimming-and-diving,2019,49.163168,-123.137414
Rina Nagatani,,"Nagoya, Japan",womens-swimming-and-diving,2019,35.1851045,136.8998438
Emma Buerger,,"Pittsburgh, Pa.",womens-swimming-and-diving,2019,40.4406968,-80.0025666
Rachel Maizes,,"Scotch Plains, N.J.",womens-swimming-and-diving,2019,40.65538,-74.3898732
Grace Patrice,,"Sarasota, Fla.",womens-swimming-and-diving,2019,27.3365805,-82.5308545
Tara LaRusso,,"Virginia Beach, Va.",womens-swimming-and-diving,2019,36.8496579,-75.9760751
Anderson Myers,,"Orlando, Fla.",womens-swimming-and-diving,2019,28.5421218,-81.379045
Olivia Francella,,"Virginia Beach, Va.",womens-swimming-and-diving,2019,36.8496579,-75.9760751
Catherine Buroker,,"Trumbull, Conn.",womens-swimming-and-diving,2019,41.2428742,-73.2006687
Monika Burzynska,,"Colonia, N.J.",womens-swimming-and-diving,2019,40.5917149,-74.3142458
Camryn Carter,,"West Chester, Pa.",womens-swimming-and-diving,2019,39.9597389,-75.6044609
Caroline Dobbs,,"New York, N.Y.",womens-swimming-and-diving,2019,40.7127281,-74.0060152
Grace Estabrook,,"Carmel, Ind.",womens-swimming-and-diving,2019,39.9784186,-86.1283681
Maddie Muldoon,,"Greenwich, Conn.",womens-swimming-and-diving,2019,41.0264862,-73.6284598
Lindsay Ladman,,"Carlsbad, Calif.",womens-swimming-and-diving,2019,33.1352045,-117.329126
Joanne Fu,,"McLean, Va.",womens-swimming-and-diving,2019,38.9366852,-77.185843
Grace Giddings,,"Olney, Md.",womens-swimming-and-diving,2019,39.1469872,-77.0722227
Anna Feng,,"Hopkinton, Mass.",womens-swimming-and-diving,2019,42.2288875,-71.5196439
Katie Kiely,,"Mountain Lakes, N.J.",womens-swimming-and-diving,2019,40.8948212,-74.4329314
Emma Holmquist,,"Wilton, Conn.",womens-swimming-and-diving,2019,41.1953739,-73.4378988
Amanda Hsieh,,"Irvine, Calif.",womens-swimming-and-diving,2019,33.6856969,-117.825981
Margot Kaczorowski,,"Haddon Heights, N.J.",womens-swimming-and-diving,2019,39.8773356,-75.0646165
Hannah Kannan,,"Bethesda, Md.",womens-swimming-and-diving,2019,38.9812726,-77.1233587
Lyndsey Reeve,,"Emerald Isle, N.C.",womens-swimming-and-diving,2020,34.6653135,-77.0382187
Samantha Stein,,"Paradise Valley, Ariz.",womens-swimming-and-diving,2020,33.5324295,-111.9505123
Rachel Maizes,,"Scotch Plains, N.J.",womens-swimming-and-diving,2020,40.65538,-74.3898732
Maddie Muldoon,,"Greenwich, Conn.",womens-swimming-and-diving,2020,41.0264862,-73.6284598
Keren Makhervaks,,"Bellevue, Wash.",womens-swimming-and-diving,2020,47.6144219,-122.192337
Hannah Kannan,,"Bethesda, Md.",womens-swimming-and-diving,2020,38.9812726,-77.1233587
Anderson Myers,,"Orlando, Fla.",womens-swimming-and-diving,2020,28.5421218,-81.379045
Bridget O'Leary,,"Barrington, Ill.",womens-swimming-and-diving,2020,42.1539141,-88.1361888
Anna Newnam,,"Asheville, N.C.",womens-swimming-and-diving,2020,35.595363,-82.5508407
Jenessa Schwarz,,"Windermere, Fla.",womens-swimming-and-diving,2020,28.4944695,-81.5345547
Rina Nagatani,,"Nagoya, Japan",womens-swimming-and-diving,2020,35.1851045,136.8998438
Grace Patrice,,"Sarasota, Fla.",womens-swimming-and-diving,2020,27.3365805,-82.5308545
Charlotte Krevitt,,"New York, N.Y.",womens-swimming-and-diving,2020,40.7127281,-74.0060152
Margot Kaczorowski,,"Haddon Heights, N.J.",womens-swimming-and-diving,2020,39.8773356,-75.0646165
Eliza Normark,,"Atlanta, Ga.",womens-swimming-and-diving,2020,33.7544657,-84.3898151
Anna Kalandadze,,"Ardmore, Pa.",womens-swimming-and-diving,2020,40.004128,-75.2882893
Camryn Carter,,"West Chester, Pa.",womens-swimming-and-diving,2020,39.9597389,-75.6044609
Katie Kiely,,"Mountain Lakes, N.J.",womens-swimming-and-diving,2020,40.8948212,-74.4329314
Victoria Wong,,"Los Altos, Calif.",womens-swimming-and-diving,2020,37.3790629,-122.116578
Amanda Hsieh,,"Irvine, Calif.",womens-swimming-and-diving,2020,33.6856969,-117.825981
Jill Anderson,,"West Chester, Pa.",womens-swimming-and-diving,2020,39.9597389,-75.6044609
Grace Giddings,,"Olney, Md.",womens-swimming-and-diving,2020,39.1469872,-77.0722227
Ellen Holmquist,,"Wilton, Conn.",womens-swimming-and-diving,2020,41.1953739,-73.4378988
Joanne Fu,,"McLean, Va.",womens-swimming-and-diving,2020,38.9366852,-77.185843
Rachel Blackwell,,"Silver Spring, Md.",womens-swimming-and-diving,2020,38.9997621,-77.0240371
Olivia Francella,,"Virginia Beach, Va.",womens-swimming-and-diving,2020,36.8496579,-75.9760751
Hadley DeBruyn,,"Swarthmore, Pa.",womens-swimming-and-diving,2020,39.9020565,-75.3499124
Anna Feng,,"Hopkinton, Mass.",womens-swimming-and-diving,2020,42.2288875,-71.5196439
Dora Wu,,"McLean, Va.",womens-swimming-and-diving,2020,38.9366852,-77.185843
Caroline Dobbs,,"New York, N.Y.",womens-swimming-and-diving,2020,40.7127281,-74.0060152
Keren Makhervaks,,"Bellevue, Wash.",womens-swimming-and-diving,2021,47.6144219,-122.192337
Amelia Girotto,,"Bellevue, Wash.",womens-swimming-and-diving,2021,47.6144219,-122.192337
Izzy Pytel,,"Naperville, Ill.",womens-swimming-and-diving,2021,41.7728699,-88.1479278
Amanda Hsieh,,"Irvine, Calif.",womens-swimming-and-diving,2021,33.6856969,-117.825981
Olivia Francella,,"Virginia Beach, Va.",womens-swimming-and-diving,2021,36.8496579,-75.9760751
Hannah Kannan,,"Bethesda, Md.",womens-swimming-and-diving,2021,38.9812726,-77.1233587
Bridget O'Leary,,"Barrington, Ill.",womens-swimming-and-diving,2021,42.1539141,-88.1361888
Eliza Normark,,"Atlanta, Ga.",womens-swimming-and-diving,2021,33.7544657,-84.3898151
Anderson Myers,,"Orlando, Fla.",womens-swimming-and-diving,2021,28.5421218,-81.379045
Anna Newnam,,"Asheville, N.C.",womens-swimming-and-diving,2021,35.595363,-82.5508407
Lia Thomas,,"Austin, Texas",womens-swimming-and-diving,2021,30.2711286,-97.7436995
Dora Wu,,"McLean, Va.",womens-swimming-and-diving,2021,38.9366852,-77.185843
Katie Kiely,,"Mountain Lakes, N.J.",womens-swimming-and-diving,2021,40.8948212,-74.4329314
Madeleine Parker,,"San Mateo, Calif.",womens-swimming-and-diving,2021,37.496904,-122.3330573
Hannah Liu,,"Lincolnshire, Ill.",womens-swimming-and-diving,2021,42.1900249,-87.9084039
Paula Scanlan,,"Greenwich, Conn.",womens-swimming-and-diving,2021,41.0264862,-73.6284598
Rachel Maizes,,"Scotch Plains, N.J.",womens-swimming-and-diving,2021,40.65538,-74.3898732
Rina Nagatani,,"Nagoya, Japan",womens-swimming-and-diving,2021,35.1851045,136.8998438
Keara McGowan,,"New Lenox, Ill.",womens-swimming-and-diving,2021,41.5119761,-87.9656098
Margot Kaczorowski,,"Haddon Heights, N.J.",womens-swimming-and-diving,2021,39.8773356,-75.0646165
Samantha Stein,,"Paradise Valley, Ariz.",womens-swimming-and-diving,2021,33.5324295,-111.9505123
Grace Giddings,,"Olney, Md.",womens-swimming-and-diving,2021,39.1469872,-77.0722227
Lyndsey Reeve,,"Emerald Isle, N.C.",womens-swimming-and-diving,2021,34.6653135,-77.0382187
Anna Boeckman,,"Greenwich, Conn.",womens-swimming-and-diving,2021,41.0264862,-73.6284598
Kiani Morisi,,"Massapequa, N.Y.",womens-swimming-and-diving,2021,40.669501,-73.4698253
Jenessa Schwarz,,"Windermere, Fla.",womens-swimming-and-diving,2021,28.4944695,-81.5345547
Jill Anderson,,"West Chester, Pa.",womens-swimming-and-diving,2021,39.9597389,-75.6044609
Anna Feng,,"Hopkinton, Mass.",womens-swimming-and-diving,2021,42.2288875,-71.5196439
Camryn Carter,,"West Chester, Pa.",womens-swimming-and-diving,2021,39.9597389,-75.6044609
Hadley DeBruyn,,"Swarthmore, Pa.",womens-swimming-and-diving,2021,39.9020565,-75.3499124
Ellen Holmquist,,"Wilton, Conn.",womens-swimming-and-diving,2021,41.1953739,-73.4378988
Catherine Buroker,,"Trumbull, Conn.",womens-swimming-and-diving,2021,41.2428742,-73.2006687
Joy Jiang,,"Scarsdale, N.Y.",womens-swimming-and-diving,2021,40.9885221,-73.8085608
Jillian Johnson,,"McLean, Va.",womens-swimming-and-diving,2021,38.9366852,-77.185843
Grace Estabrook,,"Carmel, Ind.",womens-swimming-and-diving,2021,39.9784186,-86.1283681
Rachel Blackwell,,"Silver Spring, Md.",womens-swimming-and-diving,2021,38.9997621,-77.0240371
Caroline Dobbs,,"New York, N.Y.",womens-swimming-and-diving,2021,40.7127281,-74.0060152
Brooke Blom,,"Barboursville, W.Va.",womens-swimming-and-diving,2021,38.4095298,-82.2945923
Monika Burzynska,,"Colonia, N.J.",womens-swimming-and-diving,2021,40.5917149,-74.3142458
Anna Kalandadze,,"Ardmore, Pa.",womens-swimming-and-diving,2021,40.004128,-75.2882893
Vanessa Chong,,"New York, N.Y.",womens-swimming-and-diving,2021,40.7127281,-74.0060152
Rina Nagatani,,"Nagoya, Japan",womens-swimming-and-diving,2022,35.1851045,136.8998438
Madeleine Parker,,"San Mateo, Calif.",womens-swimming-and-diving,2022,37.496904,-122.3330573
Keren Makhervaks,,"Bellevue, Wash.",womens-swimming-and-diving,2022,47.6144219,-122.192337
Abby Wickersham,,"Menlo Park, Calif.",womens-swimming-and-diving,2022,37.4519671,-122.177992
Hannah Liu,,"Lincolnshire, Ill.",womens-swimming-and-diving,2022,42.1900249,-87.9084039
Sophie Henriksen,,"St. Louis, Mo.",womens-swimming-and-diving,2022,38.6254063,-90.190009
Sadie Howard,,"Vancouver, B.C.",womens-swimming-and-diving,2022,49.2608724,-123.113952
Anna Moehn,,"Alton, Ill.",womens-swimming-and-diving,2022,38.8908583,-90.1843091
Keara McGowan,,"New Lenox, Ill.",womens-swimming-and-diving,2022,41.5119761,-87.9656098
Lyndsey Reeve,,"Emerald Isle, N.C.",womens-swimming-and-diving,2022,34.6653135,-77.0382187
Amelia Girotto,,"Bellevue, Wash.",womens-swimming-and-diving,2022,47.6144219,-122.192337
Jenessa Schwarz,,"Windermere, Fla.",womens-swimming-and-diving,2022,28.4944695,-81.5345547
Joy Jiang,,"Scarsdale, N.Y.",womens-swimming-and-diving,2022,40.9885221,-73.8085608
Emma Stolberg,,"Mooresville, N.C.",womens-swimming-and-diving,2022,35.5848596,-80.8100724
Catherine Buroker,,"Trumbull, Conn.",womens-swimming-and-diving,2022,41.2428742,-73.2006687
Anna Kalandadze,,"Ardmore, Pa.",womens-swimming-and-diving,2022,40.004128,-75.2882893
Anna Boeckman,,"Greenwich, Conn.",womens-swimming-and-diving,2022,41.0264862,-73.6284598
Jillian Johnson,,"McLean, Va.",womens-swimming-and-diving,2022,38.9366852,-77.185843
Samantha Stein,,"Paradise Valley, Ariz.",womens-swimming-and-diving,2022,33.5324295,-111.9505123
Amber Smith,,"Lutherville, Md.",womens-swimming-and-diving,2022,39.42363,-76.6209151
Ellen Holmquist,,"Wilton, Conn.",womens-swimming-and-diving,2022,41.1953739,-73.4378988
Sydney Bergstrom,,"Swarthmore, Pa.",womens-swimming-and-diving,2022,39.9020565,-75.3499124
Hadley DeBruyn,,"Swarthmore, Pa.",womens-swimming-and-diving,2022,39.9020565,-75.3499124
Camryn Carter,,"West Chester, Pa.",womens-swimming-and-diving,2022,39.9597389,-75.6044609
Vanessa Chong,,"New York, N.Y.",womens-swimming-and-diving,2022,40.7127281,-74.0060152
Kiani Morisi,,"Massapequa, N.Y.",womens-swimming-and-diving,2022,40.669501,-73.4698253
Margot Kaczorowski,,"Haddon Heights, N.J.",womens-swimming-and-diving,2022,39.8773356,-75.0646165
Rachel Blackwell,,"Silver Spring, Md.",womens-swimming-and-diving,2022,38.9997621,-77.0240371
Izzy Pytel,,"Naperville, Ill.",womens-swimming-and-diving,2022,41.7728699,-88.1479278
Jill Anderson,,"West Chester, Pa.",womens-swimming-and-diving,2022,39.9597389,-75.6044609
Brooke Blom,,"Barboursville, W.Va.",womens-swimming-and-diving,2022,38.4095298,-82.2945923
Bridget O'Leary,,"Barrington, Ill.",womens-swimming-and-diving,2022,42.1539141,-88.1361888
Olivia Francella,,"Virginia Beach, Va.",womens-swimming-and-diving,2022,36.8496579,-75.9760751
Emma Stolberg,,"Mooresville, N.C.",womens-swimming-and-diving,2023,35.5848596,-80.8100724
Ellen Holmquist,,"Wilton, Conn.",womens-swimming-and-diving,2023,41.1953739,-73.4378988
Jill Anderson,,"West Chester, Pa.",womens-swimming-and-diving,2023,39.9597389,-75.6044609
Sophie Henriksen,,"St. Louis, Mo.",womens-swimming-and-diving,2023,38.6254063,-90.190009
Sydney Bergstrom,,"Swarthmore, Pa.",womens-swimming-and-diving,2023,39.9020565,-75.3499124
Kaitlyn Girotto,,"Bellevue, Wash.",womens-swimming-and-diving,2023,47.6144219,-122.192337
Maggie Straley,,"Seattle, Wash.",womens-swimming-and-diving,2023,47.6038321,-122.330062
Hannah Liu,,"Lincolnshire, Ill.",womens-swimming-and-diving,2023,42.1900249,-87.9084039
Abby Wickersham,,"Menlo Park, Calif.",womens-swimming-and-diving,2023,37.4519671,-122.177992
Amber Smith,,"Lutherville, Md.",womens-swimming-and-diving,2023,39.42363,-76.6209151
Hadley DeBruyn,,"Swarthmore, Pa.",womens-swimming-and-diving,2023,39.9020565,-75.3499124
Sadie Howard,,"Vancouver, B.C.",womens-swimming-and-diving,2023,49.2608724,-123.113952
Izzy Pytel,,"Naperville, Ill.",womens-swimming-and-diving,2023,41.7728699,-88.1479278
Charlotte Holliday,,"Warren, N.J.",womens-swimming-and-diving,2023,40.8602222,-74.9720493
Kate Levensten,,"Lower Merion, Pa.",womens-swimming-and-diving,2023,40.0054048,-75.2297023
Anna Moehn,,"Alton, Ill.",womens-swimming-and-diving,2023,38.8908583,-90.1843091
Sophie Slayden,,"Austin, Texas",womens-swimming-and-diving,2023,30.2711286,-97.7436995
Jillian Johnson,,"McLean, Va.",womens-swimming-and-diving,2023,38.9366852,-77.185843
Madeleine Parker,,"San Mateo, Calif.",womens-swimming-and-diving,2023,37.496904,-122.3330573
Keara McGowan,,"New Lenox, Ill.",womens-swimming-and-diving,2023,41.5119761,-87.9656098
Kiani Morisi,,"Massapequa, N.Y.",womens-swimming-and-diving,2023,40.669501,-73.4698253
Brooke Blom,,"Barboursville, W.Va.",womens-swimming-and-diving,2023,38.4095298,-82.2945923
Joy Jiang,,"Scarsdale, N.Y.",womens-swimming-and-diving,2023,40.9885221,-73.8085608
Margot Kaczorowski,,"Haddon Heights, N.J.",womens-swimming-and-diving,2023,39.8773356,-75.0646165
Anna Kalandadze,,"Ardmore, Pa.",womens-swimming-and-diving,2023,40.004128,-75.2882893
Samantha Stein,,"Paradise Valley, Ariz.",womens-swimming-and-diving,2023,33.5324295,-111.9505123
Amelia Girotto,,"Bellevue, Wash.",womens-swimming-and-diving,2023,47.6144219,-122.192337
Vanessa Chong,,"New York, N.Y.",womens-swimming-and-diving,2023,40.7127281,-74.0060152
Meredith Holcomb,,"San Antonio, Texas",womens-swimming-and-diving,2023,29.4246002,-98.4951405
Katya Eruslanova,,"Havertown, Pa.",womens-swimming-and-diving,2023,39.9809452,-75.3085201
Jenna Jacobs,,"Raleigh, N.C.",womens-swimming-and-diving,2023,35.7803977,-78.6390989
Kiani Morisi,,"Massapequa, N.Y.",womens-swimming-and-diving,2024,40.669501,-73.4698253
Sydney Bergstrom,,"Swarthmore, Pa.",womens-swimming-and-diving,2024,39.9020565,-75.3499124
Jenna Jacobs,,"Raleigh, N.C.",womens-swimming-and-diving,2024,35.7803977,-78.6390989
Amber Smith,,"Lutherville, Md.",womens-swimming-and-diving,2024,39.42363,-76.6209151
Erica Maltsev,,"Staten Island, N.Y.",womens-swimming-and-diving,2024,40.5834557,-74.1496048
Vanessa Chong,,"New York, N.Y.",womens-swimming-and-diving,2024,40.7127281,-74.0060152
Lily Zhang,,"Vancouver, British Columbia",womens-swimming-and-diving,2024,49.2608724,-123.113952
Kate Levensten,,"Lower Merion, Pa.",womens-swimming-and-diving,2024,40.0054048,-75.2297023
Jillian Johnson,,"McLean, Va.",womens-swimming-and-diving,2024,38.9366852,-77.185843
Maggie Straley,,"Seattle, Wash.",womens-swimming-and-diving,2024,47.6038321,-122.330062
Amy Qin,,"North Potomac, Md.",womens-swimming-and-diving,2024,39.0985183,-77.2377429
Sophie Slayden,,"Austin, Texas",womens-swimming-and-diving,2024,30.2711286,-97.7436995
Emma Stolberg,,"Mooresville, N.C.",womens-swimming-and-diving,2024,35.5848596,-80.8100724
Rachel Yang,,"Brooklyn, N.Y.",womens-swimming-and-diving,2024,40.6526006,-73.9497211
Anna Boeckman,,"Greenwich, Conn.",womens-swimming-and-diving,2024,41.0264862,-73.6284598
Keara McGowan,,"New Lenox, Ill.",womens-swimming-and-diving,2024,41.5119761,-87.9656098
Sophie Henriksen,,"St. Louis, Mo.",womens-swimming-and-diving,2024,38.6254063,-90.190009
Abby Druhan,,"Charlotte, N.C.",womens-swimming-and-diving,2024,35.2272086,-80.8430827
Joy Jiang,,"Scarsdale, N.Y.",womens-swimming-and-diving,2024,40.9885221,-73.8085608
Katya Eruslanova,,"Havertown, Pa.",womens-swimming-and-diving,2024,39.9809452,-75.3085201
Sadie Howard,,"Vancouver, B.C.",womens-swimming-and-diving,2024,49.2608724,-123.113952
Anna Moehn,,"Alton, Ill.",womens-swimming-and-diving,2024,38.8908583,-90.1843091
Madeleine Parker,,"San Mateo, Calif.",womens-swimming-and-diving,2024,37.496904,-122.3330573
Brooke Blom,,"Barboursville, W.Va.",womens-swimming-and-diving,2024,38.4095298,-82.2945923
Meredith Holcomb,,"San Antonio, Texas",womens-swimming-and-diving,2024,29.4246002,-98.4951405
Charlotte Holliday,,"Warren, N.J.",womens-swimming-and-diving,2024,40.8602222,-74.9720493
Izzy Pytel,,"Naperville, Ill.",womens-swimming-and-diving,2024,41.7728699,-88.1479278
Kayla Fu,,"Sugar Land, Texas",womens-swimming-and-diving,2024,29.6196787,-95.6349463
Amelia Girotto,,"Bellevue, Wash.",womens-swimming-and-diving,2024,47.6144219,-122.192337
Kate Handley,,"Weston, Mass.",womens-swimming-and-diving,2024,42.3667625,-71.3031132
Maggie Hu,,"Richmond Hill, Ontario",womens-swimming-and-diving,2024,43.8801166,-79.4392925
Kate Levensten,,"Lower Merion, Pa.",womens-swimming-and-diving,2025,40.0054048,-75.2297023
Amy Qin,,"North Potomac, Md.",womens-swimming-and-diving,2025,39.0985183,-77.2377429
Armina Li,,"Pasadena, Calif.",womens-swimming-and-diving,2025,34.1476507,-118.144155
Connie Wang,,"Nashville, Tenn.",womens-swimming-and-diving,2025,36.1622767,-86.7742984
Amber Smith,,"Lutherville, Md.",womens-swimming-and-diving,2025,39.42363,-76.6209151
Olivia Safarikova,,"Winnetka, Ill.",womens-swimming-and-diving,2025,42.1080703,-87.7365286
Mads Morawski,,"Belmont, Mass.",womens-swimming-and-diving,2025,42.3959296,-71.1786655
Hannah Pecze,,"Round Rock, Texas",womens-swimming-and-diving,2025,30.5085915,-97.6788056
Sophie Henriksen,,"St. Louis, Mo.",womens-swimming-and-diving,2025,38.6254063,-90.190009
Sienna Wiggins,,"New York, N.Y.",womens-swimming-and-diving,2025,40.7127281,-74.0060152
Anna Moehn,,"Alton, Ill.",womens-swimming-and-diving,2025,38.8908583,-90.1843091
Erica Maltsev,,"Staten Island, N.Y.",womens-swimming-and-diving,2025,40.5834557,-74.1496048
Sophie Slayden,,"Austin, Texas",womens-swimming-and-diving,2025,30.2711286,-97.7436995
Jenna Jacobs,,"Raleigh, N.C.",womens-swimming-and-diving,2025,35.7803977,-78.6390989
Sadie Howard,,"Vancouver, B.C.",womens-swimming-and-diving,2025,49.2608724,-123.113952
Emma Stolberg,,"Mooresville, N.C.",womens-swimming-and-diving,2025,35.5848596,-80.8100724
Kayla Fu,,"Sugar Land, Texas",womens-swimming-and-diving,2025,29.6196787,-95.6349463
Anna Boeckman,,"Greenwich, Conn.",womens-swimming-and-diving,2025,41.0264862,-73.6284598
Abby Druhan,,"Charlotte, N.C.",womens-swimming-and-diving,2025,35.2272086,-80.8430827
Kate Handley,,"Weston, Mass.",womens-swimming-and-diving,2025,42.3667625,-71.3031132
Rachel Yang,,"Brooklyn, N.Y.",womens-swimming-and-diving,2025,40.6526006,-73.9497211
Caroline Cancelmo,,"Seattle, Wash.",womens-swimming-and-diving,2025,47.6038321,-122.330062
Sydney Bergstrom,,"Swarthmore, Pa.",womens-swimming-and-diving,2025,39.9020565,-75.3499124
Brianna Cong,,"Johnston, Iowa",womens-swimming-and-diving,2025,41.6731523,-93.6973395
Meredith Holcomb,,"San Antonio, Texas",womens-swimming-and-diving,2025,29.4246002,-98.4951405
Charlotte Holliday,,"Warren, N.J.",womens-swimming-and-diving,2025,40.8602222,-74.9720493
Maggie Hu,,"Richmond Hill, Ontario",womens-swimming-and-diving,2025,43.8801166,-79.4392925
Katya Eruslanova,,"Havertown, Pa.",womens-swimming-and-diving,2025,39.9809452,-75.3085201
Caroline Holcomb,,"San Antonio, Texas",womens-swimming-and-diving,2025,29.4246002,-98.4951405
Maggie Straley,,"Seattle, Wash.",womens-swimming-and-diving,2025,47.6038321,-122.330062
Lily Zhang,,"Vancouver, British Columbia",womens-swimming-and-diving,2025,49.2608724,-123.113952
Rowaida Attia,,"Giza, Egypt",womens-squash,2016,29.9870753,31.2118063
Sara Coyne,,"Gladwyne, Pa.",womens-squash,2016,40.0397304,-75.2791788
Jessica Davis,,"Manchester, England",womens-squash,2016,53.4424618,-2.2324547
Clare Kearns,,"Brooklyn Heights, N,Y,",womens-squash,2016,40.6960849,-73.9950297
Alexandra Sharpe,,"Okemos, Mich.",womens-squash,2016,42.7221021,-84.4275259
Brookie Mcilvaine,,"Middletown, Del.",womens-squash,2016,39.4497639,-75.7166345
Reeham Salah,,"Sammamish, Wash.",womens-squash,2016,47.6017554,-122.0416844
Mikaela Salvesen-Quinn,,"Cambridge, Mass.",womens-squash,2016,42.3656347,-71.1040018
Simran Arora,,"Los Altos, Calif.",womens-squash,2016,37.3790629,-122.116578
Lindsay Stanley,,"Summit, N.J.",womens-squash,2016,40.7182356,-74.3592296
Marie Stephan,,"Nimes, France",womens-squash,2016,43.8374249,4.3600687
Grace van Arkel,,"Haverford, Pa.",womens-squash,2016,40.0129191,-75.2966948
Anaka Alankamony,,"Chennai, India",womens-squash,2016,13.0800915,80.2807978
Lissa Villani,,"Bedford, N.Y.",womens-squash,2016,41.2041304,-73.642509
Lauren Wolf,,"New York, N.Y.",womens-squash,2016,40.7127281,-74.0060152
Michelle Wong,,"Sarawak, Malaysia",womens-squash,2016,2.5023855,112.9547283
Melissa Alves,,"Kourou, French Guiana",womens-squash,2016,5.1579834,-52.6424204
Marie Stephan,,"Nimes, France",womens-squash,2017,43.8374249,4.3600687
Jessica Davis,,"Manchester, England",womens-squash,2017,53.4424618,-2.2324547
Lindsay Stanley,,"Summit, N.J.",womens-squash,2017,40.7182356,-74.3592296
Margaret Frantz,,"Bryn Mawr, Pa.",womens-squash,2017,40.0238245,-75.3173407
Melissa Alves,,"Kourou, French Guiana",womens-squash,2017,5.1579834,-52.6424204
Haley Scott,,"Riverside, Conn.",womens-squash,2017,41.0314897,-73.5833604
Lauren Wolf,,"New York, N.Y.",womens-squash,2017,40.7127281,-74.0060152
Reeham Salah,,"Sammamish, Wash.",womens-squash,2017,47.6017554,-122.0416844
Julia Buchholz,,"Fort Washington, Pa.",womens-squash,2017,40.1478532,-75.1897243
Clare Kearns,,"Brooklyn Heights, N,Y,",womens-squash,2017,40.6960849,-73.9950297
Simran Arora,,"Los Altos, Calif.",womens-squash,2017,37.3790629,-122.116578
Cameron Munn,,"New York, N.Y.",womens-squash,2017,40.7127281,-74.0060152
Lissa Villani,,"Bedford, N.Y.",womens-squash,2017,41.2041304,-73.642509
Nicole Windreich,,"Greenwich, Conn.",womens-squash,2017,41.0264862,-73.6284598
Mikaela Salvesen-Quinn,,"Cambridge, Mass.",womens-squash,2017,42.3656347,-71.1040018
Rowaida Attia,,"Giza, Egypt",womens-squash,2017,29.9870753,31.2118063
Alexandra Sharpe,,"Okemos, Mich.",womens-squash,2017,42.7221021,-84.4275259
Margaret Frantz,,"Bryn Mawr, Pa.",womens-squash,2018,40.0238245,-75.3173407
Jamila Abou El Enin,,"Cairo, Egypt",womens-squash,2018,30.0443879,31.2357257
Margaret Brody,,"Baltimore, Md.",womens-squash,2018,39.2908816,-76.610759
Julia Buchholz,,"Fort Washington, Pa.",womens-squash,2018,40.1478532,-75.1897243
Jessica Davis,,"Manchester, England",womens-squash,2018,53.4424618,-2.2324547
Clare Kearns,,"Brooklyn Heights, N,Y,",womens-squash,2018,40.6960849,-73.9950297
Reeham Salah,,"Sammamish, Wash.",womens-squash,2018,47.6017554,-122.0416844
Mikaela Salvesen-Quinn,,"Cambridge, Mass.",womens-squash,2018,42.3656347,-71.1040018
Haley Scott,,"Riverside, Conn.",womens-squash,2018,41.0314897,-73.5833604
Alexandra Sharpe,,"Okemos, Mich.",womens-squash,2018,42.7221021,-84.4275259
Lindsay Stanley,,"Summit, N.J.",womens-squash,2018,40.7182356,-74.3592296
Nicole Windreich,,"Greenwich, Conn.",womens-squash,2018,41.0264862,-73.6284598
Julia Buchholz,,"Fort Washington, Pa.",womens-squash,2019,40.1478532,-75.1897243
Jessica Davis,,"Manchester, England",womens-squash,2019,53.4424618,-2.2324547
Margaret Frantz,,"Bryn Mawr, Pa.",womens-squash,2019,40.0238245,-75.3173407
Ashley Manning,,"Rye, N.Y.",womens-squash,2019,40.9821371,-73.6840902
Maggie Yu,,"Fremont, Calif.",womens-squash,2019,37.5482697,-121.988571
Nicole Windreich,,"Greenwich, Conn.",womens-squash,2019,41.0264862,-73.6284598
Margaret Brody,,"Baltimore, Md.",womens-squash,2019,39.2908816,-76.610759
Alexandra Sharpe,,"Okemos, Mich.",womens-squash,2019,42.7221021,-84.4275259
Jamila Abou El Enin,,"Cairo, Egypt",womens-squash,2019,30.0443879,31.2357257
Amina Abou El Enin,,"Cairo, Egypt",womens-squash,2019,30.0443879,31.2357257
Clare Kearns,,"Brooklyn Heights, N,Y,",womens-squash,2019,40.6960849,-73.9950297
Lindsay Stanley,,"Summit, N.J.",womens-squash,2019,40.7182356,-74.3592296
Eujung Park,,"Lutherville, Md.",womens-squash,2019,39.42363,-76.6209151
Haley Scott,,"Riverside, Conn.",womens-squash,2019,41.0314897,-73.5833604
Navmi Sharma,,"Mumbai, Maharashtra, India",womens-squash,2019,19.054999,72.8692035
Navmi Sharma,,"Mumbai, Maharashtra, India",womens-squash,2020,19.054999,72.8692035
Haley Scott,,"Riverside, Conn.",womens-squash,2020,41.0314897,-73.5833604
Abbie Rorke,,"Philadelphia, Pa.",womens-squash,2020,39.9527237,-75.1635262
Maggie Yu,,"Fremont, Calif.",womens-squash,2020,37.5482697,-121.988571
Nicole Windreich,,"Greenwich, Conn.",womens-squash,2020,41.0264862,-73.6284598
Elizabeth Weise,,"New York, N.Y.",womens-squash,2020,40.7127281,-74.0060152
Margaret Frantz,,"Bryn Mawr, Pa.",womens-squash,2020,40.0238245,-75.3173407
Yoshna Singh,,"Pune, India",womens-squash,2020,18.5213738,73.8545071
Eujung Park,,"Lutherville, Md.",womens-squash,2020,39.42363,-76.6209151
Julia Buchholz,,"Fort Washington, Pa.",womens-squash,2020,40.1478532,-75.1897243
Avni Anand,,"Saratoga, Calif.",womens-squash,2020,37.2638324,-122.0230146
Jamila Abou El Enin,,"Cairo, Egypt",womens-squash,2020,30.0443879,31.2357257
Ashley Manning,,"Rye, N.Y.",womens-squash,2020,40.9821371,-73.6840902
Dhivya Arasappan,,"Berwyn, Pa.",womens-squash,2020,40.0477701,-75.4421325
Penelope Oh,,"New York, N.Y.",womens-squash,2020,40.7127281,-74.0060152
Margaret Brody,,"Baltimore, Md.",womens-squash,2020,39.2908816,-76.610759
Amina Abou El Enin,,"Cairo, Egypt",womens-squash,2020,30.0443879,31.2357257
Ella Cohen,,"New York, N.Y.",womens-squash,2020,40.7127281,-74.0060152
Navmi Sharma,,"Mumbai, Maharashtra, India",womens-squash,2021,19.054999,72.8692035
Abbie Rorke,,"Philadelphia, Pa.",womens-squash,2021,39.9527237,-75.1635262
Emma Wolf,,"Bethesda, Md.",womens-squash,2021,38.9812726,-77.1233587
Elizabeth Weise,,"New York, N.Y.",womens-squash,2021,40.7127281,-74.0060152
Kelsey Abbrecht,,"Wellesley, Mass.",womens-squash,2021,42.2964859,-71.2925571
Eujung Park,,"Lutherville, Md.",womens-squash,2021,39.42363,-76.6209151
Yoshna Singh,,"Pune, India",womens-squash,2021,18.5213738,73.8545071
Alisa Chokshi,,"Short Hills, N.J.",womens-squash,2021,40.7381585,-74.3377392
Penelope Oh,,"New York, N.Y.",womens-squash,2021,40.7127281,-74.0060152
Dhivya Arasappan,,"Berwyn, Pa.",womens-squash,2021,40.0477701,-75.4421325
Jamila Abou El Enin,,"Cairo, Egypt",womens-squash,2021,30.0443879,31.2357257
Avni Anand,,"Saratoga, Calif.",womens-squash,2021,37.2638324,-122.0230146
Ella Cohen,,"New York, N.Y.",womens-squash,2021,40.7127281,-74.0060152
Ashley Manning,,"Rye, N.Y.",womens-squash,2021,40.9821371,-73.6840902
Emma Carter,,"Chicago, Ill.",womens-squash,2021,41.8755616,-87.6244212
Amina Abou El Enin,,"Cairo, Egypt",womens-squash,2021,30.0443879,31.2357257
Grace Lavin,,"Gladwyne, Pa.",womens-squash,2021,40.0397304,-75.2791788
Jana Dweek,,"Calgary, Alberta",womens-squash,2022,51.0456064,-114.057541
Abbie Rorke,,"Philadelphia, Pa.",womens-squash,2022,39.9527237,-75.1635262
Grace Lavin,,"Gladwyne, Pa.",womens-squash,2022,40.0397304,-75.2791788
Natasha Pensler,,"Grosse Pointe Park, Mich.",womens-squash,2022,42.3816896,-82.9313655
Navmi Sharma,,"Mumbai, Maharashtra, India",womens-squash,2022,19.054999,72.8692035
Malak Taha,,"Cairo, Egypt",womens-squash,2022,30.0443879,31.2357257
Emma Wolf,,"Bethesda, Md.",womens-squash,2022,38.9812726,-77.1233587
Avni Anand,,"Saratoga, Calif.",womens-squash,2022,37.2638324,-122.0230146
Kelsey Abbrecht,,"Wellesley, Mass.",womens-squash,2022,42.2964859,-71.2925571
Ashley Manning,,"Rye, N.Y.",womens-squash,2022,40.9821371,-73.6840902
Penelope Oh,,"New York, N.Y.",womens-squash,2022,40.7127281,-74.0060152
Eujung Park,,"Lutherville, Md.",womens-squash,2022,39.42363,-76.6209151
Emma Carter,,"Chicago, Ill.",womens-squash,2022,41.8755616,-87.6244212
Yoshna Singh,,"Pune, India",womens-squash,2022,18.5213738,73.8545071
Ella Cohen,,"New York, N.Y.",womens-squash,2022,40.7127281,-74.0060152
Elizabeth Weise,,"New York, N.Y.",womens-squash,2022,40.7127281,-74.0060152
Natasha Pensler,,"Grosse Pointe Park, Mich.",womens-squash,2023,42.3816896,-82.9313655
Grace Lavin,,"Gladwyne, Pa.",womens-squash,2023,40.0397304,-75.2791788
Sohaila Ismail,,"El sherouk city, Egypt",womens-squash,2023,30.1796323,31.6057965
Madeline Oh,,"Greenwich, Conn.",womens-squash,2023,41.0264862,-73.6284598
Avni Anand,,"Saratoga, Calif.",womens-squash,2023,37.2638324,-122.0230146
Jana Dweek,,"Calgary, Alberta",womens-squash,2023,51.0456064,-114.057541
Emma Carter,,"Chicago, Ill.",womens-squash,2023,41.8755616,-87.6244212
Kelsey Abbrecht,,"Wellesley, Mass.",womens-squash,2023,42.2964859,-71.2925571
Ella Cohen,,"New York, N.Y.",womens-squash,2023,40.7127281,-74.0060152
Malak Taha,,"Cairo, Egypt",womens-squash,2023,30.0443879,31.2357257
Emma Wolf,,"Bethesda, Md.",womens-squash,2023,38.9812726,-77.1233587
Elizabeth Weise,,"New York, N.Y.",womens-squash,2023,40.7127281,-74.0060152
Yoshna Singh,,"Pune, India",womens-squash,2023,18.5213738,73.8545071
Abbie Rorke,,"Philadelphia, Pa.",womens-squash,2023,39.9527237,-75.1635262
Ishani Wadhwa,,"Short Hills, N.J.",womens-squash,2023,40.7381585,-74.3377392
Franka Vidovic,,"Zagreb, Croatia",womens-squash,2023,45.8130967,15.9772795
Ashna Tumuluri,,"Redwood City, Calif.",womens-squash,2023,37.4863239,-122.232523
Penelope Oh,,"New York, N.Y.",womens-squash,2023,40.7127281,-74.0060152
Hailey Wong,,Hong Kong,womens-squash,2024,22.2818333,114.1582831
Allie Stoddard,,"Wyndmoor, Pa.",womens-squash,2024,40.0853435,-75.1940207
Yoshna Singh,,"Pune, India",womens-squash,2024,18.5213738,73.8545071
Savannah Ingledew,,"Johannesburg, South Africa",womens-squash,2024,-26.205,28.049722
Emma Wolf,,"Bethesda, Md.",womens-squash,2024,38.9812726,-77.1233587
Ishani Wadhwa,,"Short Hills, N.J.",womens-squash,2024,40.7381585,-74.3377392
Malak Taha,,"Cairo, Egypt",womens-squash,2024,30.0443879,31.2357257
Franka Vidovic,,"Zagreb, Croatia",womens-squash,2024,45.8130967,15.9772795
Ashna Tumuluri,,"Redwood City, Calif.",womens-squash,2024,37.4863239,-122.232523
Malak Khafagy,,"Alexandria, Egypt",womens-squash,2024,31.1991806,29.8951716
Ella Cohen,,"New York, N.Y.",womens-squash,2024,40.7127281,-74.0060152
Natasha Pensler,,"Grosse Pointe Park, Mich.",womens-squash,2024,42.3816896,-82.9313655
Emma Carter,,"Chicago, Ill.",womens-squash,2024,41.8755616,-87.6244212
Kelsey Abbrecht,,"Wellesley, Mass.",womens-squash,2024,42.2964859,-71.2925571
Grace Lavin,,"Gladwyne, Pa.",womens-squash,2024,40.0397304,-75.2791788
Sohaila Ismail,,"El sherouk city, Egypt",womens-squash,2024,30.1796323,31.6057965
Madeline Oh,,"Greenwich, Conn.",womens-squash,2024,41.0264862,-73.6284598
Jana Dweek,,"Calgary, Alberta",womens-squash,2024,51.0456064,-114.057541
Sohaila Ismail,,"El sherouk city, Egypt",womens-squash,2025,30.1796323,31.6057965
Nitza Kahlon,,"Princeton, N.J.",womens-squash,2025,40.3496953,-74.6597376
Malak Khafagy,,"Alexandria, Egypt",womens-squash,2025,31.1991806,29.8951716
Madeline Oh,,"Greenwich, Conn.",womens-squash,2025,41.0264862,-73.6284598
Allie Stoddard,,"Wyndmoor, Pa.",womens-squash,2025,40.0853435,-75.1940207
Ishani Wadhwa,,"Short Hills, N.J.",womens-squash,2025,40.7381585,-74.3377392
Hailey Wong,,Hong Kong,womens-squash,2025,22.2818333,114.1582831
Savannah Ingledew,,"Johannesburg, South Africa",womens-squash,2025,-26.205,28.049722
Sasha Bauhs,,"Eastsound, Wash.",womens-squash,2025,48.696771,-122.9054625
Ashna Tumuluri,,"Redwood City, Calif.",womens-squash,2025,37.4863239,-122.232523
Anne Leakey,,"Auckland, N.Z.",womens-squash,2025,-31.9218756,115.8466839
Jana Dweek,,"Calgary, Alberta",womens-squash,2025,51.0456064,-114.057541
Paola Lincou,,"Needham, Mass.",womens-squash,2025,42.2802645,-71.2360624
Charlotte Oh,,"Greenwich, Conn.",womens-squash,2025,41.0264862,-73.6284598
Franka Vidovic,,"Zagreb, Croatia",womens-squash,2025,45.8130967,15.9772795
Natasha Pensler,,"Grosse Pointe Park, Mich.",womens-squash,2025,42.3816896,-82.9313655
Malak Taha,,"Cairo, Egypt",womens-squash,2025,30.0443879,31.2357257
Franka Vidovic,,"Zagreb, Croatia",womens-squash,2026,45.8130967,15.9772795
Ashna Tumuluri,,"Redwood City, Calif.",womens-squash,2026,37.4863239,-122.232523
Allie Stoddard,,"Wyndmoor, Pa.",womens-squash,2026,40.0853435,-75.1940207
Barb Sameh,,"Cairo, Egypt",womens-squash,2026,30.0443879,31.2357257
Madeline Oh,,"Greenwich, Conn.",womens-squash,2026,41.0264862,-73.6284598
Charlotte Oh,,"Greenwich, Conn.",womens-squash,2026,41.0264862,-73.6284598
Nitza Kahlon,,"Princeton, N.J.",womens-squash,2026,40.3496953,-74.6597376
Anne Leakey,,"Auckland, N.Z.",womens-squash,2026,-31.9218756,115.8466839
Malak Khafagy,,"Alexandria, Egypt",womens-squash,2026,31.1991806,29.8951716
Savannah Ingledew,,"Johannesburg, South Africa",womens-squash,2026,-26.205,28.049722
Sasha Bauhs,,"Eastsound, Wash.",womens-squash,2026,48.696771,-122.9054625
Hailey Wong,,Hong Kong,womens-squash,2026,22.2818333,114.1582831
Paola Lincou,,"Needham, Mass.",womens-squash,2026,42.2802645,-71.2360624
Diya Yadav,,"Los Altos Hills, CA",womens-squash,2026,37.3796627,-122.137463
Grace James,,"Branchville, Ind.",womens-volleyball,2016,38.1636715,-86.5797058
Caroline Furrer,,"Georgetown, Texas",womens-volleyball,2016,30.6370152,-97.6775634
Michelle Pereira,,"Ross, Calif.",womens-volleyball,2016,37.9624239,-122.554977
Kendall Covington,,"Houston, Texas",womens-volleyball,2016,29.7589382,-95.3676974
Caroline Raquel,,"Los Angeles, Calif.",womens-volleyball,2016,34.0536909,-118.242766
Zoe Macartney,,"Grand Rapids, Mich.",womens-volleyball,2016,42.9632425,-85.6678639
Lauren McLeod,,"Birmingham, Mich.",womens-volleyball,2016,42.5467012,-83.2113192
Hayley Molnar,,"Arlington, Va.",womens-volleyball,2016,38.8769326,-77.0893094
Kynnedie Maloz,,"Lafayette, La.",womens-volleyball,2016,30.2262187,-92.0178202
Taylor Cooper,,"Centennial, Colo.",womens-volleyball,2016,39.579155,-104.8769227
Courtney Quinn,,"The Woodlands, Texas",womens-volleyball,2016,30.1734194,-95.504686
Julia Tulloh,,"Bethesda, Md.",womens-volleyball,2016,38.9812726,-77.1233587
Nicole Profit,,"Rockville, Md.",womens-volleyball,2016,39.0817985,-77.1516844
Aimee Stephenson,,"San Diego, Calif.",womens-volleyball,2016,32.7157062,-117.1638284
Ariana Wiltjer,,"Portland, Ore.",womens-volleyball,2016,45.5202471,-122.674194
Brigit McDermott,,"Philadelphia, Pa.",womens-volleyball,2016,39.9527237,-75.1635262
Sydney Morton,,"Atlanta, Ga.",womens-volleyball,2016,33.7544657,-84.3898151
Emily Friedler,,"Glencoe, Ill.",womens-volleyball,2016,42.1350268,-87.7581188
Elo Agbaike,,"Dublin, Ohio",womens-volleyball,2016,40.0996009,-83.1135563
Madison Goldstein,,"Decatur, Ga.",womens-volleyball,2016,30.8736613,-84.5740953
Brooke Behrbaum,,"Mercer Island, Wash.",womens-volleyball,2016,47.5766324,-122.2276378
Carlie Bolling,,"Sevierville, Tenn.",womens-volleyball,2016,35.8672932,-83.5657167
Parker Jones,,"Lafayette, Calif.",womens-volleyball,2017,37.8857582,-122.1180201
Grace James,,"Branchville, Ind.",womens-volleyball,2017,38.1636715,-86.5797058
Zoe Macartney,,"Grand Rapids, Mich.",womens-volleyball,2017,42.9632425,-85.6678639
Kendall Covington,,"Houston, Texas",womens-volleyball,2017,29.7589382,-95.3676974
Caroline Raquel,,"Los Angeles, Calif.",womens-volleyball,2017,34.0536909,-118.242766
Raven Sulaimon,,"Houston, Texas",womens-volleyball,2017,29.7589382,-95.3676974
Carlie Bolling,,"Sevierville, Tenn.",womens-volleyball,2017,35.8672932,-83.5657167
Hayley Molnar,,"Arlington, Va.",womens-volleyball,2017,38.8769326,-77.0893094
Caroline Furrer,,"Georgetown, Texas",womens-volleyball,2017,30.6370152,-97.6775634
Lauren McLeod,,"Birmingham, Mich.",womens-volleyball,2017,42.5467012,-83.2113192
Courtney Quinn,,"The Woodlands, Texas",womens-volleyball,2017,30.1734194,-95.504686
Sydney Morton,,"Atlanta, Ga.",womens-volleyball,2017,33.7544657,-84.3898151
Caroline Leng,,"Poolesville, Md.",womens-volleyball,2017,39.146088,-77.4166561
Julia Tulloh,,"Bethesda, Md.",womens-volleyball,2017,38.9812726,-77.1233587
Emily Friedler,,"Glencoe, Ill.",womens-volleyball,2017,42.1350268,-87.7581188
Kacie Burton,,"Olmsted Falls, Ohio",womens-volleyball,2017,41.375049,-81.9081937
Brigit McDermott,,"Philadelphia, Pa.",womens-volleyball,2017,39.9527237,-75.1635262
Taylor Cooper,,"Centennial, Colo.",womens-volleyball,2017,39.579155,-104.8769227
Michelle Pereira,,"Ross, Calif.",womens-volleyball,2017,37.9624239,-122.554977
Aimee Stephenson,,"San Diego, Calif.",womens-volleyball,2017,32.7157062,-117.1638284
Madison Goldstein,,"Decatur, Ga.",womens-volleyball,2017,30.8736613,-84.5740953
Daia Ernst,,"Granite Bay, Calif.",womens-volleyball,2017,38.762173,-121.1850057
Brooke Behrbaum,,"Mercer Island, Wash.",womens-volleyball,2017,47.5766324,-122.2276378
Carly Cohen,,"Fort Lauderdale, Fla.",womens-volleyball,2018,26.1223084,-80.1433786
Grace James,,"Branchville, Ind.",womens-volleyball,2018,38.1636715,-86.5797058
Caroline Raquel,,"Los Angeles, Calif.",womens-volleyball,2018,34.0536909,-118.242766
Taylor Cooper,,"Centennial, Colo.",womens-volleyball,2018,39.579155,-104.8769227
Kylie Kulinski,,"New Lenox, Ill.",womens-volleyball,2018,41.5119761,-87.9656098
Caroline Furrer,,"Georgetown, Texas",womens-volleyball,2018,30.6370152,-97.6775634
Julia Tulloh,,"Bethesda, Md.",womens-volleyball,2018,38.9812726,-77.1233587
Margaret Planek,,"Oak Park, Ill.",womens-volleyball,2018,41.8878145,-87.7887615
Parker Jones,,"Lafayette, Calif.",womens-volleyball,2018,37.8857582,-122.1180201
Courtney Quinn,,"The Woodlands, Texas",womens-volleyball,2018,30.1734194,-95.504686
Raven Sulaimon,,"Houston, Texas",womens-volleyball,2018,29.7589382,-95.3676974
Daniela Fornaciari,,"San Diego, Calif.",womens-volleyball,2018,32.7157062,-117.1638284
Carmina Raquel,,"Los Angeles, Calif.",womens-volleyball,2018,34.0536909,-118.242766
Brigit McDermott,,"Philadelphia, Pa.",womens-volleyball,2018,39.9527237,-75.1635262
Carlie Bolling,,"Sevierville, Tenn.",womens-volleyball,2018,35.8672932,-83.5657167
Kacie Burton,,"Olmsted Falls, Ohio",womens-volleyball,2018,41.375049,-81.9081937
Brooke Behrbaum,,"Mercer Island, Wash.",womens-volleyball,2018,47.5766324,-122.2276378
Daia Ernst,,"Granite Bay, Calif.",womens-volleyball,2018,38.762173,-121.1850057
Madison Goldstein,,"Decatur, Ga.",womens-volleyball,2018,30.8736613,-84.5740953
Caroline Leng,,"Poolesville, Md.",womens-volleyball,2018,39.146088,-77.4166561
Parker Jones,,"Lafayette, Calif.",womens-volleyball,2019,37.8857582,-122.1180201
Taylor Fourticq,,"Los Angeles, Calif.",womens-volleyball,2019,34.0536909,-118.242766
Caroline Raquel,,"Los Angeles, Calif.",womens-volleyball,2019,34.0536909,-118.242766
Caroline Douglas,,"Pacific Palisades, Calif.",womens-volleyball,2019,34.0480643,-118.5264706
Margaret Planek,,"Oak Park, Ill.",womens-volleyball,2019,41.8878145,-87.7887615
Carmina Raquel,,"Los Angeles, Calif.",womens-volleyball,2019,34.0536909,-118.242766
Carly Cohen,,"Fort Lauderdale, Fla.",womens-volleyball,2019,26.1223084,-80.1433786
Kylie Kulinski,,"New Lenox, Ill.",womens-volleyball,2019,41.5119761,-87.9656098
Elizabeth Ford,,"Evanston, Ill.",womens-volleyball,2019,42.0470043,-87.6846053
Raven Sulaimon,,"Houston, Texas",womens-volleyball,2019,29.7589382,-95.3676974
Daia Ernst,,"Granite Bay, Calif.",womens-volleyball,2019,38.762173,-121.1850057
Daniela Fornaciari,,"San Diego, Calif.",womens-volleyball,2019,32.7157062,-117.1638284
Autumn Leak,,"Englewood, N.J.",womens-volleyball,2019,40.8929329,-73.9726508
Kacie Burton,,"Olmsted Falls, Ohio",womens-volleyball,2019,41.375049,-81.9081937
Madeline McGregor,,"Chicago, Ill.",womens-volleyball,2019,41.8755616,-87.6244212
Caroline Leng,,"Poolesville, Md.",womens-volleyball,2019,39.146088,-77.4166561
Madison Goldstein,,"Decatur, Ga.",womens-volleyball,2019,30.8736613,-84.5740953
Margaret Planek,,"Oak Park, Ill.",womens-volleyball,2020,41.8878145,-87.7887615
Jo Armstrong,,"Fitchburg, Wis.",womens-volleyball,2020,43.0020919,-89.423817
Elizabeth Ford,,"Evanston, Ill.",womens-volleyball,2020,42.0470043,-87.6846053
Caroline Douglas,,"Pacific Palisades, Calif.",womens-volleyball,2020,34.0480643,-118.5264706
Carly Cohen,,"Fort Lauderdale, Fla.",womens-volleyball,2020,26.1223084,-80.1433786
Kylie Kulinski,,"New Lenox, Ill.",womens-volleyball,2020,41.5119761,-87.9656098
Parker Jones,,"Lafayette, Calif.",womens-volleyball,2020,37.8857582,-122.1180201
Taylor Fourticq,,"Los Angeles, Calif.",womens-volleyball,2020,34.0536909,-118.242766
Julia Bradshaw,,"Houston, Texas",womens-volleyball,2020,29.7589382,-95.3676974
Carmina Raquel,,"Los Angeles, Calif.",womens-volleyball,2020,34.0536909,-118.242766
Daniela Fornaciari,,"San Diego, Calif.",womens-volleyball,2020,32.7157062,-117.1638284
Autumn Leak,,"Englewood, N.J.",womens-volleyball,2020,40.8929329,-73.9726508
Daia Ernst,,"Granite Bay, Calif.",womens-volleyball,2020,38.762173,-121.1850057
Caroline Leng,,"Poolesville, Md.",womens-volleyball,2020,39.146088,-77.4166561
Raven Sulaimon,,"Houston, Texas",womens-volleyball,2020,29.7589382,-95.3676974
Madison Risch,,"Lafayette, Calif.",womens-volleyball,2020,37.8857582,-122.1180201
Madeline McGregor,,"Chicago, Ill.",womens-volleyball,2020,41.8755616,-87.6244212
Tatum DeMann,,"New York, N.Y.",womens-volleyball,2020,40.7127281,-74.0060152
Emerson Flornes,,"Laguna Beach, Calif.",womens-volleyball,2020,33.5426975,-117.785366
Kacie Burton,,"Olmsted Falls, Ohio",womens-volleyball,2020,41.375049,-81.9081937
Tatum DeMann,,"New York, N.Y.",womens-volleyball,2021,40.7127281,-74.0060152
Jo Armstrong,,"Fitchburg, Wis.",womens-volleyball,2021,43.0020919,-89.423817
Julia Bradshaw,,"Houston, Texas",womens-volleyball,2021,29.7589382,-95.3676974
Kat Alexander,,"Los Angeles, Calif.",womens-volleyball,2021,34.0536909,-118.242766
Elizabeth Ford,,"Evanston, Ill.",womens-volleyball,2021,42.0470043,-87.6846053
Autumn Leak,,"Englewood, N.J.",womens-volleyball,2021,40.8929329,-73.9726508
Carmina Raquel,,"Los Angeles, Calif.",womens-volleyball,2021,34.0536909,-118.242766
Margaret Planek,,"Oak Park, Ill.",womens-volleyball,2021,41.8878145,-87.7887615
Kylie Kulinski,,"New Lenox, Ill.",womens-volleyball,2021,41.5119761,-87.9656098
Daniela Fornaciari,,"San Diego, Calif.",womens-volleyball,2021,32.7157062,-117.1638284
Ella Green,,"Greenbrae, Calif.",womens-volleyball,2021,37.9485356,-122.5247031
Kaya Johnson,,"Los Angeles, Calif.",womens-volleyball,2021,34.0536909,-118.242766
Emerson Flornes,,"Laguna Beach, Calif.",womens-volleyball,2021,33.5426975,-117.785366
Paige Gillon,,"Chapel Hill, N.C.",womens-volleyball,2021,35.9131542,-79.05578
Carly Cohen,,"Fort Lauderdale, Fla.",womens-volleyball,2021,26.1223084,-80.1433786
Caroline Douglas,,"Pacific Palisades, Calif.",womens-volleyball,2021,34.0480643,-118.5264706
Sydney Ormiston,,"Murrieta, Calif.",womens-volleyball,2021,33.560832,-117.210656
Madison Risch,,"Lafayette, Calif.",womens-volleyball,2021,37.8857582,-122.1180201
Madeline McGregor,,"Chicago, Ill.",womens-volleyball,2021,41.8755616,-87.6244212
Kaya Johnson,,"Los Angeles, Calif.",womens-volleyball,2022,34.0536909,-118.242766
Kat Alexander,,"Los Angeles, Calif.",womens-volleyball,2022,34.0536909,-118.242766
Julia Bradshaw,,"Houston, Texas",womens-volleyball,2022,29.7589382,-95.3676974
Jo Armstrong,,"Fitchburg, Wis.",womens-volleyball,2022,43.0020919,-89.423817
Abigail Reid,,"Clarendon Hills, Ill.",womens-volleyball,2022,41.7961237,-87.9551429
Madison Risch,,"Lafayette, Calif.",womens-volleyball,2022,37.8857582,-122.1180201
Jalen Tennyson,,"Los Angeles, Calif.",womens-volleyball,2022,34.0536909,-118.242766
Feyi Ogunlari,,"Heath, Texas",womens-volleyball,2022,32.8365147,-96.474987
Elizabeth Ford,,"Evanston, Ill.",womens-volleyball,2022,42.0470043,-87.6846053
Tatum DeMann,,"New York, N.Y.",womens-volleyball,2022,40.7127281,-74.0060152
Emerson Flornes,,"Laguna Beach, Calif.",womens-volleyball,2022,33.5426975,-117.785366
Anna Shohfi,,"Chapel Hill, N.C.",womens-volleyball,2022,35.9131542,-79.05578
Autumn Leak,,"Englewood, N.J.",womens-volleyball,2022,40.8929329,-73.9726508
Ella Green,,"Greenbrae, Calif.",womens-volleyball,2022,37.9485356,-122.5247031
Madeline McGregor,,"Chicago, Ill.",womens-volleyball,2022,41.8755616,-87.6244212
Claire Deller,,"Del Mar, Calif.",womens-volleyball,2022,32.9594891,-117.2653146
Jo Armstrong,,"Fitchburg, Wis.",womens-volleyball,2023,43.0020919,-89.423817
Abigail Reid,,"Clarendon Hills, Ill.",womens-volleyball,2023,41.7961237,-87.9551429
Madison Risch,,"Lafayette, Calif.",womens-volleyball,2023,37.8857582,-122.1180201
Jalen Tennyson,,"Los Angeles, Calif.",womens-volleyball,2023,34.0536909,-118.242766
Kaya Johnson,,"Los Angeles, Calif.",womens-volleyball,2023,34.0536909,-118.242766
Kat Alexander,,"Los Angeles, Calif.",womens-volleyball,2023,34.0536909,-118.242766
Zada Sanger,,"Berkeley, Calif.",womens-volleyball,2023,37.8708393,-122.272863
Julia Bradshaw,,"Houston, Texas",womens-volleyball,2023,29.7589382,-95.3676974
Feyi Ogunlari,,"Heath, Texas",womens-volleyball,2023,32.8365147,-96.474987
Elsa McDermott,,"Portland, Ore.",womens-volleyball,2023,45.5202471,-122.674194
Ella Green,,"Greenbrae, Calif.",womens-volleyball,2023,37.9485356,-122.5247031
Lauren Van Wie,,"Peachtree Corners, Ga.",womens-volleyball,2023,33.9701009,-84.2215869
Bella Rittenberg,,"Fallbrook, Calif.",womens-volleyball,2023,33.3663105,-117.2232672
Claire Deller,,"Del Mar, Calif.",womens-volleyball,2023,32.9594891,-117.2653146
Tatum DeMann,,"New York, N.Y.",womens-volleyball,2023,40.7127281,-74.0060152
Emerson Flornes,,"Laguna Beach, Calif.",womens-volleyball,2023,33.5426975,-117.785366
Anna Shohfi,,"Chapel Hill, N.C.",womens-volleyball,2023,35.9131542,-79.05578
Feyi Ogunlari,,"Heath, Texas",womens-volleyball,2024,32.8365147,-96.474987
Kat Alexander,,"Los Angeles, Calif.",womens-volleyball,2024,34.0536909,-118.242766
Kaya Johnson,,"Los Angeles, Calif.",womens-volleyball,2024,34.0536909,-118.242766
Zada Sanger,,"Berkeley, Calif.",womens-volleyball,2024,37.8708393,-122.272863
Jenniya Lane,,"Houston, Texas",womens-volleyball,2024,29.7589382,-95.3676974
Abigail Reid,,"Clarendon Hills, Ill.",womens-volleyball,2024,41.7961237,-87.9551429
Jenna Garner,,"Pasadena, Calif.",womens-volleyball,2024,34.1476507,-118.144155
Elsa McDermott,,"Portland, Ore.",womens-volleyball,2024,45.5202471,-122.674194
Jalen Tennyson,,"Los Angeles, Calif.",womens-volleyball,2024,34.0536909,-118.242766
Hailey Hilsabeck,,"Lafayette, Calif.",womens-volleyball,2024,37.8857582,-122.1180201
Emery Moore,,"Indianapolis, Ind.",womens-volleyball,2024,39.7683331,-86.1583502
Anna Shohfi,,"Chapel Hill, N.C.",womens-volleyball,2024,35.9131542,-79.05578
Ellie Siskin,,"Atlanta, Ga.",womens-volleyball,2024,33.7544657,-84.3898151
Ella Green,,"Greenbrae, Calif.",womens-volleyball,2024,37.9485356,-122.5247031
Bella Rittenberg,,"Fallbrook, Calif.",womens-volleyball,2024,33.3663105,-117.2232672
Lauren Van Wie,,"Peachtree Corners, Ga.",womens-volleyball,2024,33.9701009,-84.2215869
Adell Murray,,"Sugar Land, Texas",womens-volleyball,2024,29.6196787,-95.6349463
Claire Deller,,"Del Mar, Calif.",womens-volleyball,2024,32.9594891,-117.2653146
Addison Pollock,,"Miami, Fla.",womens-volleyball,2025,25.7741566,-80.1935973
Jenniya Lane,,"Houston, Texas",womens-volleyball,2025,29.7589382,-95.3676974
Zada Sanger,,"Berkeley, Calif.",womens-volleyball,2025,37.8708393,-122.272863
Elsa McDermott,,"Portland, Ore.",womens-volleyball,2025,45.5202471,-122.674194
Feyi Ogunlari,,"Heath, Texas",womens-volleyball,2025,32.8365147,-96.474987
Nathalie Tsai,,"Atlanta, Ga.",womens-volleyball,2025,33.7544657,-84.3898151
Anna Shohfi,,"Chapel Hill, N.C.",womens-volleyball,2025,35.9131542,-79.05578
Abigail Reid,,"Clarendon Hills, Ill.",womens-volleyball,2025,41.7961237,-87.9551429
Lauren Van Wie,,"Peachtree Corners, Ga.",womens-volleyball,2025,33.9701009,-84.2215869
Haley Kerstetter,,"Frisco, Texas",womens-volleyball,2025,33.1505998,-96.8238183
Taylor Roloff,,"Alameda, Calif.",womens-volleyball,2025,37.6090291,-121.899142
Jalen Tennyson,,"Los Angeles, Calif.",womens-volleyball,2025,34.0536909,-118.242766
Claire Deller,,"Del Mar, Calif.",womens-volleyball,2025,32.9594891,-117.2653146
Adell Murray,,"Sugar Land, Texas",womens-volleyball,2025,29.6196787,-95.6349463
Hailey Hilsabeck,,"Lafayette, Calif.",womens-volleyball,2025,37.8857582,-122.1180201
Bella Rittenberg,,"Fallbrook, Calif.",womens-volleyball,2025,33.3663105,-117.2232672
Ellie Siskin,,"Atlanta, Ga.",womens-volleyball,2025,33.7544657,-84.3898151
Emery Moore,,"Indianapolis, Ind.",womens-volleyball,2025,39.7683331,-86.1583502
Jenna Garner,,"Pasadena, Calif.",womens-volleyball,2025,34.1476507,-118.144155
Jenniya Lane,,"Houston, Texas",womens-volleyball,2026,29.7589382,-95.3676974
Bella Rittenberg,,"Fallbrook, Calif.",womens-volleyball,2026,33.3663105,-117.2232672
Taylor Roloff,,"Alameda, Calif.",womens-volleyball,2026,37.6090291,-121.899142
Addison Pollock,,"Miami, Fla.",womens-volleyball,2026,25.7741566,-80.1935973
Ellie Siskin,,"Atlanta, Ga.",womens-volleyball,2026,33.7544657,-84.3898151
Lauren Van Wie,,"Peachtree Corners, Ga.",womens-volleyball,2026,33.9701009,-84.2215869
Reese Stringer,,"Manhattan Beach, Calif.",womens-volleyball,2026,33.8872777,-118.4104324
Adell Murray,,"Sugar Land, Texas",womens-volleyball,2026,29.6196787,-95.6349463
Haley Kerstetter,,"Frisco, Texas",womens-volleyball,2026,33.1505998,-96.8238183
Elsa McDermott,,"Portland, Ore.",womens-volleyball,2026,45.5202471,-122.674194
Skylar Greene,,"Chicago, Ill.",womens-volleyball,2026,41.8755616,-87.6244212
Zada Sanger,,"Berkeley, Calif.",womens-volleyball,2026,37.8708393,-122.272863
Nathalie Tsai,,"Atlanta, Ga.",womens-volleyball,2026,33.7544657,-84.3898151
Lauryn Lewis,,"Los Angeles, Calif.",womens-volleyball,2026,34.0536909,-118.242766
Jenna Garner,,"Pasadena, Calif.",womens-volleyball,2026,34.1476507,-118.144155
Hailey Hilsabeck,,"Lafayette, Calif.",womens-volleyball,2026,37.8857582,-122.1180201
Emery Moore,,"Indianapolis, Ind.",womens-volleyball,2026,39.7683331,-86.1583502
Pilar Kelley,,"San Francisco, Calif.",womens-volleyball,2026,37.7879363,-122.4075201
Mike Reitcheck,,"Crystal Lake, Ill.",baseball,2016,42.2411344,-88.3161965
Billy Lescher,,"Alexandria, Va.",baseball,2016,38.8051095,-77.0470229
Adam Bleday,,"Panama City Beach, Fla.",baseball,2016,30.1765914,-85.805386
Jakob Levison,,"Trumbull, Conn.",baseball,2016,41.2428742,-73.2006687
Kevin Thomas,,"Coconut Creek, Fla.",baseball,2016,26.2517482,-80.1789351
Jerrette Lee,,"Columbus, Ga.",baseball,2016,32.4610708,-84.9880449
Sean Phelan,,"Devon, Pa.",baseball,2016,40.0473603,-75.4229511
Dylan Mulvihill,,"Evanston, Ill.",baseball,2016,42.0470043,-87.6846053
Jake Nelson,,"Hopkinton, N.H.",baseball,2016,43.191595,-71.6748735
Andrew Burnick,,"Matthews, N.C.",baseball,2016,35.1159532,-80.7224386
Jacob Sadowitz,,"Manalapan, N.J.",baseball,2016,40.2852895,-74.333495
Matt O'Neill,,"Morristown, N.J.",baseball,2016,40.7970382,-74.4809868
Mitchell Holcomb,,"Georgetown, Texas",baseball,2016,30.6370152,-97.6775634
John Alan Kendrick,,"Chatswoth, Ga.",baseball,2016,34.7665942,-84.7698842
Nick Pedalino,,"Mendham, N.J.",baseball,2016,40.775941,-74.6009617
Tommy Pellis,,"Greensburg, Pa.",baseball,2016,40.3024514,-79.5443274
Daniel Halevy,,"Houston, Texas",baseball,2016,29.7589382,-95.3676974
Matt Tola,,"Hamilton, N.J.",baseball,2016,40.2552939,-74.7038183
Jordan Della Valle,,"Narberth, Pa.",baseball,2016,40.0084456,-75.26046
Chris Adams,,"Boalsburg, Pa.",baseball,2016,40.7763607,-77.7829777
Matt McGeagh,,"Pacific Palisades, Calif.",baseball,2016,34.0480643,-118.5264706
Jack Hartman,,"Studio City, Calif.",baseball,2016,34.1483989,-118.3961877
Jake Cousins,,"West Chicago, Ill.",baseball,2016,41.8847507,-88.2039607
Peter Matt,,"Larchmont, N.Y.",baseball,2016,40.9278769,-73.7517983
Andrew Murnane,,"Wayzata, Minn.",baseball,2016,44.970759,-93.511947
Christian Scafidi,,"Blackwood, N.J.",baseball,2016,39.799232,-75.0641699
Willy Thomas,,"Scottsdale, Ariz.",baseball,2016,33.4942189,-111.926018
Gabe Kleiman,,"New York, N.Y.",baseball,2016,40.7127281,-74.0060152
Chris Rabasco,,"Allentown, Pa.",baseball,2016,40.6022552,-75.4716115
Grant Guillory,,"Houston, Texas",baseball,2016,29.7589382,-95.3676974
Tim Graul,,"East Greenwich, Pa.",baseball,2016,40.6321111,-75.3710018
Dylan Mulvihill,,"Evanston, Ill.",baseball,2017,42.0470043,-87.6846053
Cole Sichley,,"The Woodlands, Texas",baseball,2017,30.1734194,-95.504686
Robby Cerulle,,"Wellesley, Mass.",baseball,2017,42.2964859,-71.2925571
Kevin Thomas,,"Coconut Creek, Fla.",baseball,2017,26.2517482,-80.1789351
Sean Phelan,,"Devon, Pa.",baseball,2017,40.0473603,-75.4229511
Christian Walton,,"Thousand Oaks, Calif.",baseball,2017,34.1705609,-118.8375937
Jackson Petersen,,"Libertyville, Ill.",baseball,2017,42.2830786,-87.9531303
John Alan Kendrick,,"Chatswoth, Ga.",baseball,2017,34.7665942,-84.7698842
Will Schaffer,,"Summit, N.J.",baseball,2017,40.7182356,-74.3592296
Jake Nelson,,"Hopkinton, N.H.",baseball,2017,43.191595,-71.6748735
Brendan Bean,,"North Wildwood, N.J.",baseball,2017,39.0006686,-74.799333
Jacob Sadowitz,,"Manalapan, N.J.",baseball,2017,40.2852895,-74.333495
Mitchell Holcomb,,"Georgetown, Texas",baseball,2017,30.6370152,-97.6775634
Tommy Pellis,,"Greensburg, Pa.",baseball,2017,40.3024514,-79.5443274
Henry Fishman,,"Bronx, N.Y.",baseball,2017,40.8466508,-73.8785937
Matt Tola,,"Hamilton, N.J.",baseball,2017,40.2552939,-74.7038183
Daniel Halevy,,"Houston, Texas",baseball,2017,29.7589382,-95.3676974
Jordan Della Valle,,"Narberth, Pa.",baseball,2017,40.0084456,-75.26046
Matt O'Neill,,"Morristown, N.J.",baseball,2017,40.7970382,-74.4809868
Tim Miller,,"San Carlos, Calif.",baseball,2017,37.504936,-122.261823
Kyle Cronk,,"Austin, Texas",baseball,2017,30.2711286,-97.7436995
Andrew Murnane,,"Wayzata, Minn.",baseball,2017,44.970759,-93.511947
Gabe Kleiman,,"New York, N.Y.",baseball,2017,40.7127281,-74.0060152
Peter Matt,,"Larchmont, N.Y.",baseball,2017,40.9278769,-73.7517983
Grant Guillory,,"Houston, Texas",baseball,2017,29.7589382,-95.3676974
Christian Scafidi,,"Blackwood, N.J.",baseball,2017,39.799232,-75.0641699
Jack Hartman,,"Studio City, Calif.",baseball,2017,34.1483989,-118.3961877
Matt McGeagh,,"Pacific Palisades, Calif.",baseball,2017,34.0480643,-118.5264706
Eduardo Malinowski,,"Spring, Texas",baseball,2017,30.070979,-95.4013419
Chris Adams,,"Boalsburg, Pa.",baseball,2017,40.7763607,-77.7829777
Craig Larsen,,"Toms River, N.J.",baseball,2018,39.9528389,-74.196741
Christian Scafidi,,"Blackwood, N.J.",baseball,2018,39.799232,-75.0641699
Kevin Eaise,,"Monroeville, N.J.",baseball,2018,39.6290035,-75.1593471
Jackson Petersen,,"Libertyville, Ill.",baseball,2018,42.2830786,-87.9531303
Jared Gaer,,"New York, N.Y.",baseball,2018,40.7127281,-74.0060152
Matt O'Neill,,"Morristown, N.J.",baseball,2018,40.7970382,-74.4809868
Matt McGeagh,,"Pacific Palisades, Calif.",baseball,2018,34.0480643,-118.5264706
Josh Hood,,"Vineland, N.J.",baseball,2018,39.4862777,-75.0254256
Chris Adams,,"Boalsburg, Pa.",baseball,2018,40.7763607,-77.7829777
Tim Miller,,"San Carlos, Calif.",baseball,2018,37.504936,-122.261823
Sean Phelan,,"Devon, Pa.",baseball,2018,40.0473603,-75.4229511
Peter Matt,,"Larchmont, N.Y.",baseball,2018,40.9278769,-73.7517983
Eduardo Malinowski,,"Spring, Texas",baseball,2018,30.070979,-95.4013419
Kyle Cronk,,"Austin, Texas",baseball,2018,30.2711286,-97.7436995
Grant Guillory,,"Houston, Texas",baseball,2018,29.7589382,-95.3676974
Seth DeVries,,"Austin, Texas",baseball,2018,30.2711286,-97.7436995
Jacob Sadowitz,,"Manalapan, N.J.",baseball,2018,40.2852895,-74.333495
Joe Miller,,"Hatboro, Pa.",baseball,2018,40.1746252,-75.106825
Kevin Thomas,,"Coconut Creek, Fla.",baseball,2018,26.2517482,-80.1789351
Brendan Bean,,"North Wildwood, N.J.",baseball,2018,39.0006686,-74.799333
Drake Eggleston,,"Long Island, N.Y.",baseball,2018,40.8514971,-73.0994297
Andrew Hernandez,,"Miami, Fla.",baseball,2018,25.7741566,-80.1935973
Cole Sichley,,"The Woodlands, Texas",baseball,2018,30.1734194,-95.504686
Mitchell Holcomb,,"Georgetown, Texas",baseball,2018,30.6370152,-97.6775634
Robby Cerulle,,"Wellesley, Mass.",baseball,2018,42.2964859,-71.2925571
Dylan Mulvihill,,"Evanston, Ill.",baseball,2018,42.0470043,-87.6846053
Christian Walton,,"Thousand Oaks, Calif.",baseball,2018,34.1705609,-118.8375937
Tommy Courtney,,"Mahopac, N.Y.",baseball,2018,41.3712985,-73.7390641
Josh Sidney,,"San Diego, Calif.",baseball,2018,32.7157062,-117.1638284
John Alan Kendrick,,"Chatswoth, Ga.",baseball,2018,34.7665942,-84.7698842
Jacob Sadowitz,,"Manalapan, N.J.",baseball,2019,40.2852895,-74.333495
Brendan Bean,,"North Wildwood, N.J.",baseball,2019,39.0006686,-74.799333
Tommy Courtney,,"Mahopac, N.Y.",baseball,2019,41.3712985,-73.7390641
Dylan Mulvihill,,"Evanston, Ill.",baseball,2019,42.0470043,-87.6846053
Mitchell Holcomb,,"Georgetown, Texas",baseball,2019,30.6370152,-97.6775634
Christian Walton,,"Thousand Oaks, Calif.",baseball,2019,34.1705609,-118.8375937
Brian Zeldin,,"Atlanta, Ga.",baseball,2019,33.7544657,-84.3898151
Justin Carboni,,"Washington, D.C.",baseball,2019,38.8950982,-77.0363849
Bryce Mangene,,"Lumberton, N.J.",baseball,2019,39.9659459,-74.8051628
Joe Miller,,"Hatboro, Pa.",baseball,2019,40.1746252,-75.106825
Owen Coady,,"Larchmont, N.Y.",baseball,2019,40.9278769,-73.7517983
Kevin Eaise,,"Monroeville, N.J.",baseball,2019,39.6290035,-75.1593471
Peter Matt,,"Larchmont, N.Y.",baseball,2019,40.9278769,-73.7517983
Ross Krakower,,"New York, N.Y.",baseball,2019,40.7127281,-74.0060152
Tim Miller,,"San Carlos, Calif.",baseball,2019,37.504936,-122.261823
John Alan Kendrick,,"Chatswoth, Ga.",baseball,2019,34.7665942,-84.7698842
Chris Adams,,"Boalsburg, Pa.",baseball,2019,40.7763607,-77.7829777
Robby Cerulle,,"Wellesley, Mass.",baseball,2019,42.2964859,-71.2925571
Josh Sidney,,"San Diego, Calif.",baseball,2019,32.7157062,-117.1638284
Cole Sichley,,"The Woodlands, Texas",baseball,2019,30.1734194,-95.504686
Jackson Petersen,,"Libertyville, Ill.",baseball,2019,42.2830786,-87.9531303
Jackson Appel,,"Houston, Texas",baseball,2019,29.7589382,-95.3676974
Seth DeVries,,"Austin, Texas",baseball,2019,30.2711286,-97.7436995
Josh Hood,,"Vineland, N.J.",baseball,2019,39.4862777,-75.0254256
Kyle Cronk,,"Austin, Texas",baseball,2019,30.2711286,-97.7436995
Eduardo Malinowski,,"Spring, Texas",baseball,2019,30.070979,-95.4013419
Cole Palis,,"Garnet Valley, Pa.",baseball,2019,39.8429612,-75.5370459
Ben Miller,,"Durham, N.C.",baseball,2019,35.996653,-78.9018053
David Shoemaker,,"State College, Pa.",baseball,2019,40.7944504,-77.8616386
Christian Scafidi,,"Blackwood, N.J.",baseball,2019,39.799232,-75.0641699
Drake Eggleston,,"Long Island, N.Y.",baseball,2019,40.8514971,-73.0994297
Seth Werchan,,"Austin, Texas",baseball,2019,30.2711286,-97.7436995
Andrew Hernandez,,"Miami, Fla.",baseball,2019,25.7741566,-80.1935973
Craig Larsen,,"Toms River, N.J.",baseball,2019,39.9528389,-74.196741
Noah Buchanan,,"Blackwood, N.J.",baseball,2019,39.799232,-75.0641699
Danny Heintz,,"Morrisville, N.C.",baseball,2020,35.824341,-78.8300321
Edward Sarti,,"Kentfield, Calif.",baseball,2020,37.9458253,-122.5598368
Justin Neskie,,"Oxford, Pa.",baseball,2020,39.7852062,-75.9790215
Christian Walton,,"Thousand Oaks, Calif.",baseball,2020,34.1705609,-118.8375937
Kyle Cronk,,"Austin, Texas",baseball,2020,30.2711286,-97.7436995
Andrew Hernandez,,"Miami, Fla.",baseball,2020,25.7741566,-80.1935973
Brendan Bean,,"North Wildwood, N.J.",baseball,2020,39.0006686,-74.799333
Tommy Courtney,,"Mahopac, N.Y.",baseball,2020,41.3712985,-73.7390641
David Shoemaker,,"State College, Pa.",baseball,2020,40.7944504,-77.8616386
Ross Krakower,,"New York, N.Y.",baseball,2020,40.7127281,-74.0060152
Sam Bennett,,"Tampa, Fla.",baseball,2020,27.9449854,-82.4583107
Joe Miller,,"Hatboro, Pa.",baseball,2020,40.1746252,-75.106825
Robby Cerulle,,"Wellesley, Mass.",baseball,2020,42.2964859,-71.2925571
Nate Beal,,"Reisterstown, Md.",baseball,2020,39.4695489,-76.8294213
Cole Sichley,,"The Woodlands, Texas",baseball,2020,30.1734194,-95.504686
Brian Zeldin,,"Atlanta, Ga.",baseball,2020,33.7544657,-84.3898151
Kevin Eaise,,"Monroeville, N.J.",baseball,2020,39.6290035,-75.1593471
Carson Ozmer,,"Lantana, Texas",baseball,2020,33.0935112,-97.1200046
Ben Miller,,"Durham, N.C.",baseball,2020,35.996653,-78.9018053
Justin Carboni,,"Washington, D.C.",baseball,2020,38.8950982,-77.0363849
Calvin Brown,,"Shaker Heights, Ohio",baseball,2020,41.4739419,-81.5370671
Bryce Mangene,,"Lumberton, N.J.",baseball,2020,39.9659459,-74.8051628
Jackson Petersen,,"Libertyville, Ill.",baseball,2020,42.2830786,-87.9531303
Cole Palis,,"Garnet Valley, Pa.",baseball,2020,39.8429612,-75.5370459
Wyatt Henseler,,"Emmaus, Pa.",baseball,2020,40.5350165,-75.4918701
Jackson Appel,,"Houston, Texas",baseball,2020,29.7589382,-95.3676974
Noah Buchanan,,"Blackwood, N.J.",baseball,2020,39.799232,-75.0641699
Owen Coady,,"Larchmont, N.Y.",baseball,2020,40.9278769,-73.7517983
Cole Zaffiro,,"Manhasset, N.Y.",baseball,2020,40.786702,-73.6967338
Seth DeVries,,"Austin, Texas",baseball,2020,30.2711286,-97.7436995
Drew Rogers,,"Westport, Conn.",baseball,2020,41.1414855,-73.3578955
Seth Werchan,,"Austin, Texas",baseball,2020,30.2711286,-97.7436995
Eduardo Malinowski,,"Spring, Texas",baseball,2020,30.070979,-95.4013419
Craig Larsen,,"Toms River, N.J.",baseball,2020,39.9528389,-74.196741
Seth DeVries,,"Austin, Texas",baseball,2021,30.2711286,-97.7436995
Cole McGonigal,,"Montclair, N.J.",baseball,2021,40.8164458,-74.2210643
Robby Cerulle,,"Wellesley, Mass.",baseball,2021,42.2964859,-71.2925571
Brendan Bean,,"North Wildwood, N.J.",baseball,2021,39.0006686,-74.799333
Danny Heintz,,"Morrisville, N.C.",baseball,2021,35.824341,-78.8300321
Andrew Hernandez,,"Miami, Fla.",baseball,2021,25.7741566,-80.1935973
Sam Bennett,,"Tampa, Fla.",baseball,2021,27.9449854,-82.4583107
Justin Carboni,,"Washington, D.C.",baseball,2021,38.8950982,-77.0363849
Eli Trop,,"Seattle, Wash.",baseball,2021,47.6038321,-122.330062
Edward Sarti,,"Kentfield, Calif.",baseball,2021,37.9458253,-122.5598368
Justin Neskie,,"Oxford, Pa.",baseball,2021,39.7852062,-75.9790215
Nate Beal,,"Reisterstown, Md.",baseball,2021,39.4695489,-76.8294213
Joe Miller,,"Hatboro, Pa.",baseball,2021,40.1746252,-75.106825
Tommy Courtney,,"Mahopac, N.Y.",baseball,2021,41.3712985,-73.7390641
Asa Wilson,,"Reading, Pa.",baseball,2021,40.335345,-75.9279495
Tommy Delany,,"Princeton, N.J.",baseball,2021,40.3496953,-74.6597376
Marshall Mott,,"Gettysburg, Pa.",baseball,2021,39.8308973,-77.231012
Seth Werchan,,"Austin, Texas",baseball,2021,30.2711286,-97.7436995
Craig Larsen,,"Toms River, N.J.",baseball,2021,39.9528389,-74.196741
Kevin Eaise,,"Monroeville, N.J.",baseball,2021,39.6290035,-75.1593471
Carson Ozmer,,"Lantana, Texas",baseball,2021,33.0935112,-97.1200046
Bryce Mangene,,"Lumberton, N.J.",baseball,2021,39.9659459,-74.8051628
Wyatt Henseler,,"Emmaus, Pa.",baseball,2021,40.5350165,-75.4918701
Cole Palis,,"Garnet Valley, Pa.",baseball,2021,39.8429612,-75.5370459
Calvin Brown,,"Shaker Heights, Ohio",baseball,2021,41.4739419,-81.5370671
Jackson Appel,,"Houston, Texas",baseball,2021,29.7589382,-95.3676974
Brian Zeldin,,"Atlanta, Ga.",baseball,2021,33.7544657,-84.3898151
David Shoemaker,,"State College, Pa.",baseball,2021,40.7944504,-77.8616386
Ben Miller,,"Durham, N.C.",baseball,2021,35.996653,-78.9018053
Drew Rogers,,"Westport, Conn.",baseball,2021,41.1414855,-73.3578955
Cole Zaffiro,,"Manhasset, N.Y.",baseball,2021,40.786702,-73.6967338
Noah Millikan,,"Berkeley, Calif.",baseball,2021,37.8708393,-122.272863
Nate Polo,,"Port Matilda, Pa.",baseball,2021,40.7996651,-78.0541814
Alex Gabauer,,"North Huntingdon, Pa.",baseball,2021,40.3372785,-79.7482074
Ryan Dromboski,,"Columbus, N.J.",baseball,2021,40.0726112,-74.7207156
Will Tobin,,"Spring Hill, Tenn.",baseball,2021,35.751179,-86.9300023
Owen Coady,,"Larchmont, N.Y.",baseball,2021,40.9278769,-73.7517983
Marshall Mott,,"Gettysburg, Pa.",baseball,2022,39.8308973,-77.231012
Brian Zeldin,,"Atlanta, Ga.",baseball,2022,33.7544657,-84.3898151
Cole McGonigal,,"Montclair, N.J.",baseball,2022,40.8164458,-74.2210643
Asa Wilson,,"Reading, Pa.",baseball,2022,40.335345,-75.9279495
Holden Lipton,,"New York, NY",baseball,2022,40.7127281,-74.0060152
Jake Moss,,"Manhasset, N.Y.",baseball,2022,40.786702,-73.6967338
Danny Heintz,,"Morrisville, N.C.",baseball,2022,35.824341,-78.8300321
Carson Ozmer,,"Lantana, Texas",baseball,2022,33.0935112,-97.1200046
David Shoemaker,,"State College, Pa.",baseball,2022,40.7944504,-77.8616386
Jarrett Pokrovsky,,"Pittsgrove, N.J.",baseball,2022,39.528263,-75.131146
John Cerwinski,,"Warren, N.J.",baseball,2022,40.8602222,-74.9720493
Nate Polo,,"Port Matilda, Pa.",baseball,2022,40.7996651,-78.0541814
Justin Neskie,,"Oxford, Pa.",baseball,2022,39.7852062,-75.9790215
Eli Trop,,"Seattle, Wash.",baseball,2022,47.6038321,-122.330062
Andrew Ruggeri,,"McLean, Va.",baseball,2022,38.9366852,-77.185843
Tommy Delany,,"Princeton, N.J.",baseball,2022,40.3496953,-74.6597376
Drew Rogers,,"Westport, Conn.",baseball,2022,41.1414855,-73.3578955
Reed Farrell,,"Glen Mills, Pa.",baseball,2022,39.919698,-75.4904323
Calvin Brown,,"Shaker Heights, Ohio",baseball,2022,41.4739419,-81.5370671
Justin Carboni,,"Washington, D.C.",baseball,2022,38.8950982,-77.0363849
Will Tobin,,"Spring Hill, Tenn.",baseball,2022,35.751179,-86.9300023
Ben Miller,,"Durham, N.C.",baseball,2022,35.996653,-78.9018053
Ryan Taylor,,"Elmer, N.J.",baseball,2022,39.594247,-75.1681997
Davis Baker,,"Dallas, Texas",baseball,2022,32.7762719,-96.7968559
Wyatt Henseler,,"Emmaus, Pa.",baseball,2022,40.5350165,-75.4918701
Cole Palis,,"Garnet Valley, Pa.",baseball,2022,39.8429612,-75.5370459
Alex Gabauer,,"North Huntingdon, Pa.",baseball,2022,40.3372785,-79.7482074
Owen Coady,,"Larchmont, N.Y.",baseball,2022,40.9278769,-73.7517983
Cole Zaffiro,,"Manhasset, N.Y.",baseball,2022,40.786702,-73.6967338
Ryan Dromboski,,"Columbus, N.J.",baseball,2022,40.0726112,-74.7207156
Thomas Shurtleff,,"Medfield, Mass.",baseball,2022,42.1865609,-71.30546
Bryce Mangene,,"Lumberton, N.J.",baseball,2022,39.9659459,-74.8051628
Seth Werchan,,"Austin, Texas",baseball,2022,30.2711286,-97.7436995
Jackson Appel,,"Houston, Texas",baseball,2022,29.7589382,-95.3676974
Noah Millikan,,"Berkeley, Calif.",baseball,2022,37.8708393,-122.272863
Edward Sarti,,"Kentfield, Calif.",baseball,2022,37.9458253,-122.5598368
Marshall Mott,,"Gettysburg, Pa.",baseball,2023,39.8308973,-77.231012
Nate Polo,,"Port Matilda, Pa.",baseball,2023,40.7996651,-78.0541814
Connor Chavez,,"Fort Worth, Texas",baseball,2023,32.753177,-97.3327459
Danny Heintz,,"Morrisville, N.C.",baseball,2023,35.824341,-78.8300321
Holden Lipton,,"New York, NY",baseball,2023,40.7127281,-74.0060152
Cole Zaffiro,,"Manhasset, N.Y.",baseball,2023,40.786702,-73.6967338
Calvin Brown,,"Shaker Heights, Ohio",baseball,2023,41.4739419,-81.5370671
Qwynn Ahearn,,"Woodbine, Md.",baseball,2023,39.359942,-77.0620833
Nick Spaventa,,"Pitman, N.J.",baseball,2023,39.731681,-75.1300457
Alex Gabauer,,"North Huntingdon, Pa.",baseball,2023,40.3372785,-79.7482074
Jarrett Pokrovsky,,"Pittsgrove, N.J.",baseball,2023,39.528263,-75.131146
Thomas Shurtleff,,"Medfield, Mass.",baseball,2023,42.1865609,-71.30546
Noah Millikan,,"Berkeley, Calif.",baseball,2023,37.8708393,-122.272863
Will Tobin,,"Spring Hill, Tenn.",baseball,2023,35.751179,-86.9300023
Carson Ozmer,,"Lantana, Texas",baseball,2023,33.0935112,-97.1200046
Drew Rogers,,"Westport, Conn.",baseball,2023,41.1414855,-73.3578955
Gavin Collins,,"Bristol, Ind.",baseball,2023,41.7214415,-85.8175361
Reed Farrell,,"Glen Mills, Pa.",baseball,2023,39.919698,-75.4904323
Nick Guachione,,"Pittsfield, Mass.",baseball,2023,42.4484778,-73.2541069
Andrew Miehe,,"San Francisco, Calif.",baseball,2023,37.7879363,-122.4075201
Nick O'Brien,,"Medford, N.J.",baseball,2023,39.9009472,-74.8234961
Ryan Taylor,,"Elmer, N.J.",baseball,2023,39.594247,-75.1681997
Andrew Ruggeri,,"McLean, Va.",baseball,2023,38.9366852,-77.185843
Wyatt Henseler,,"Emmaus, Pa.",baseball,2023,40.5350165,-75.4918701
Ryan Dromboski,,"Columbus, N.J.",baseball,2023,40.0726112,-74.7207156
Josh Katz,,"Chicago, Ill.",baseball,2023,41.8755616,-87.6244212
Justin Neskie,,"Oxford, Pa.",baseball,2023,39.7852062,-75.9790215
Davis Baker,,"Dallas, Texas",baseball,2023,32.7762719,-96.7968559
John Cerwinski,,"Warren, N.J.",baseball,2023,40.8602222,-74.9720493
Asa Wilson,,"Reading, Pa.",baseball,2023,40.335345,-75.9279495
Anthoni Kiafoulis,,"Southfield, Mich.",baseball,2023,42.4733689,-83.2218731
Cole McGonigal,,"Montclair, N.J.",baseball,2023,40.8164458,-74.2210643
Eli Trop,,"Seattle, Wash.",baseball,2023,47.6038321,-122.330062
Tommy Delany,,"Princeton, N.J.",baseball,2023,40.3496953,-74.6597376
Edward Sarti,,"Kentfield, Calif.",baseball,2023,37.9458253,-122.5598368
Jake Moss,,"Manhasset, N.Y.",baseball,2023,40.786702,-73.6967338
Marty Coyne,,"Hockessin, Del.",baseball,2023,39.7874275,-75.6879987
Marshall Mott,,"Gettysburg, Pa.",baseball,2024,39.8308973,-77.231012
Gavin Degnan,,"Lakehurst, N.J.",baseball,2024,40.014561,-74.3112574
Aidan von Zuben,,"Warrington, Pa.",baseball,2024,40.2492741,-75.1340604
John Cerwinski,,"Warren, N.J.",baseball,2024,40.8602222,-74.9720493
Nick Spaventa,,"Pitman, N.J.",baseball,2024,39.731681,-75.1300457
Andrew Miehe,,"San Francisco, Calif.",baseball,2024,37.7879363,-122.4075201
Connor Darling,,"Ho-Ho-Kus, N.J.",baseball,2024,40.9976524,-74.110284
Braden Fridgen,,"Seattle, Wash.",baseball,2024,47.6038321,-122.330062
Sebastian Haggard,,"Ringgold, Ga.",baseball,2024,34.91591,-85.1091173
Anthoni Kiafoulis,,"Southfield, Mich.",baseball,2024,42.4733689,-83.2218731
Tommy Delany,,"Princeton, N.J.",baseball,2024,40.3496953,-74.6597376
Qwynn Ahearn,,"Woodbine, Md.",baseball,2024,39.359942,-77.0620833
Cole McGonigal,,"Montclair, N.J.",baseball,2024,40.8164458,-74.2210643
Caden Fahy,,"Seattle, Wash.",baseball,2024,47.6038321,-122.330062
Reed Farrell,,"Glen Mills, Pa.",baseball,2024,39.919698,-75.4904323
Marty Coyne,,"Hockessin, Del.",baseball,2024,39.7874275,-75.6879987
Michael Powell,,"Alexandria, Va.",baseball,2024,38.8051095,-77.0470229
Noah Millikan,,"Berkeley, Calif.",baseball,2024,37.8708393,-122.272863
Jarrett Pokrovsky,,"Pittsgrove, N.J.",baseball,2024,39.528263,-75.131146
Davis Baker,,"Dallas, Texas",baseball,2024,32.7762719,-96.7968559
Alex Gabauer,,"North Huntingdon, Pa.",baseball,2024,40.3372785,-79.7482074
Thomas Shurtleff,,"Medfield, Mass.",baseball,2024,42.1865609,-71.30546
Nick Guachione,,"Pittsfield, Mass.",baseball,2024,42.4484778,-73.2541069
Will Tobin,,"Spring Hill, Tenn.",baseball,2024,35.751179,-86.9300023
Andrew Ruggeri,,"McLean, Va.",baseball,2024,38.9366852,-77.185843
Asa Wilson,,"Reading, Pa.",baseball,2024,40.335345,-75.9279495
Gavin Collins,,"Bristol, Ind.",baseball,2024,41.7214415,-85.8175361
Ernie Echevarria,,"Miami, Fla.",baseball,2024,25.7741566,-80.1935973
Jake Moss,,"Manhasset, N.Y.",baseball,2024,40.786702,-73.6967338
Nate Polo,,"Port Matilda, Pa.",baseball,2024,40.7996651,-78.0541814
Connor McCabe,,"San Antonio, Texas",baseball,2024,29.4246002,-98.4951405
Nick O'Brien,,"Medford, N.J.",baseball,2024,39.9009472,-74.8234961
Josh Katz,,"Chicago, Ill.",baseball,2024,41.8755616,-87.6244212
Ryan Taylor,,"Elmer, N.J.",baseball,2024,39.594247,-75.1681997
Connor Chavez,,"Fort Worth, Texas",baseball,2024,32.753177,-97.3327459
Jake Moss,,"Manhasset, N.Y.",baseball,2025,40.786702,-73.6967338
Gavin Collins,,"Bristol, Ind.",baseball,2025,41.7214415,-85.8175361
Nick Newburn,,"McLean, Va.",baseball,2025,38.9366852,-77.185843
Ernie Echevarria,,"Miami, Fla.",baseball,2025,25.7741566,-80.1935973
Connor Darling,,"Ho-Ho-Kus, N.J.",baseball,2025,40.9976524,-74.110284
Jarrett Pokrovsky,,"Pittsgrove, N.J.",baseball,2025,39.528263,-75.131146
Ben Moulin,,"San Clemente, Calif.",baseball,2025,33.4270275,-117.6124179
Connor McCabe,,"San Antonio, Texas",baseball,2025,29.4246002,-98.4951405
Michael Powell,,"Alexandria, Va.",baseball,2025,38.8051095,-77.0470229
Josh Katz,,"Chicago, Ill.",baseball,2025,41.8755616,-87.6244212
John Cerwinski,,"Warren, N.J.",baseball,2025,40.8602222,-74.9720493
Nick O'Brien,,"Medford, N.J.",baseball,2025,39.9009472,-74.8234961
Jack Warner,,"Bellevue, Wash.",baseball,2025,47.6144219,-122.192337
Nick Spaventa,,"Pitman, N.J.",baseball,2025,39.731681,-75.1300457
Nick Guachione,,"Pittsfield, Mass.",baseball,2025,42.4484778,-73.2541069
Jay Secretarski,,"Asheville, N.C.",baseball,2025,35.595363,-82.5508407
Matthew Pazak,,"Round Rock, Texas",baseball,2025,30.5085915,-97.6788056
Caden Fahy,,"Seattle, Wash.",baseball,2025,47.6038321,-122.330062
Sebastian Haggard,,"Ringgold, Ga.",baseball,2025,34.91591,-85.1091173
Andrew Ruggeri,,"McLean, Va.",baseball,2025,38.9366852,-77.185843
Dillon Brandt,,"Dallas, Texas",baseball,2025,32.7762719,-96.7968559
Marty Coyne,,"Hockessin, Del.",baseball,2025,39.7874275,-75.6879987
Luke Nogalski,,"Austin, Texas",baseball,2025,30.2711286,-97.7436995
Gavin Degnan,,"Lakehurst, N.J.",baseball,2025,40.014561,-74.3112574
Thomas Egbert,,"Hillsborough, Calif.",baseball,2025,37.557252,-122.362529
Braden Fridgen,,"Seattle, Wash.",baseball,2025,47.6038321,-122.330062
Reed Farrell,,"Glen Mills, Pa.",baseball,2025,39.919698,-75.4904323
Davis Baker,,"Dallas, Texas",baseball,2025,32.7762719,-96.7968559
Luke Pokrovsky,,"Pittsgrove, N.J.",baseball,2025,39.528263,-75.131146
Ryan Taylor,,"Elmer, N.J.",baseball,2025,39.594247,-75.1681997
Kai Nee,,"Westport, Conn.",baseball,2025,41.1414855,-73.3578955
Andrew Miehe,,"San Francisco, Calif.",baseball,2025,37.7879363,-122.4075201
Qwynn Ahearn,,"Woodbine, Md.",baseball,2025,39.359942,-77.0620833
Aidan von Zuben,,"Warrington, Pa.",baseball,2025,40.2492741,-75.1340604
Thomas Shurtleff,,"Medfield, Mass.",baseball,2025,42.1865609,-71.30546
Kai Nee,,"Westport, Conn.",baseball,2026,41.1414855,-73.3578955
Kayden Maybury,,"Medford Lakes, N.J.",baseball,2026,39.857984,-74.8128639
Dillon Brandt,,"Dallas, Texas",baseball,2026,32.7762719,-96.7968559
Saahi Jetti,,"Urbandale, Iowa",baseball,2026,41.6274511,-93.7380243
Thomas Egbert,,"Hillsborough, Calif.",baseball,2026,37.557252,-122.362529
Connor McCabe,,"San Antonio, Texas",baseball,2026,29.4246002,-98.4951405
Gavin Degnan,,"Lakehurst, N.J.",baseball,2026,40.014561,-74.3112574
Nick Newburn,,"McLean, Va.",baseball,2026,38.9366852,-77.185843
Connor Darling,,"Ho-Ho-Kus, N.J.",baseball,2026,40.9976524,-74.110284
Drake Bentke,,"Brenham, Texas",baseball,2026,30.1668828,-96.3977442
Andrew Miehe,,"San Francisco, Calif.",baseball,2026,37.7879363,-122.4075201
Colton Quesada,,"Arlington, Texas",baseball,2026,32.7355816,-97.1071186
Christian Sauska,,"New Orleans, La.",baseball,2026,29.9574657,-90.0629493
Patrick Colbert,,"Bethesda, Md.",baseball,2026,38.9812726,-77.1233587
Marty Coyne,,"Hockessin, Del.",baseball,2026,39.7874275,-75.6879987
Lorenzo Maselli,,"Harding, N.J.",baseball,2026,39.643448,-75.1218443
Dylan Messina,,"Cortez, Fla.",baseball,2026,27.4639835,-82.6683316
Braden Fridgen,,"Seattle, Wash.",baseball,2026,47.6038321,-122.330062
Aidan von Zuben,,"Warrington, Pa.",baseball,2026,40.2492741,-75.1340604
Nick Spaventa,,"Pitman, N.J.",baseball,2026,39.731681,-75.1300457
Luke Nogalski,,"Austin, Texas",baseball,2026,30.2711286,-97.7436995
Jay Secretarski,,"Asheville, N.C.",baseball,2026,35.595363,-82.5508407
Nick O'Brien,,"Medford, N.J.",baseball,2026,39.9009472,-74.8234961
Jack Warner,,"Bellevue, Wash.",baseball,2026,47.6144219,-122.192337
Luke Pokrovsky,,"Pittsgrove, N.J.",baseball,2026,39.528263,-75.131146
Sebastian Haggard,,"Ringgold, Ga.",baseball,2026,34.91591,-85.1091173
Josh Katz,,"Chicago, Ill.",baseball,2026,41.8755616,-87.6244212
Qwynn Ahearn,,"Woodbine, Md.",baseball,2026,39.359942,-77.0620833
Caden Fahy,,"Seattle, Wash.",baseball,2026,47.6038321,-122.330062
Michael Powell,,"Alexandria, Va.",baseball,2026,38.8051095,-77.0470229
Ernie Echevarria,,"Miami, Fla.",baseball,2026,25.7741566,-80.1935973
Gavin Collins,,"Bristol, Ind.",baseball,2026,41.7214415,-85.8175361
Matthew Pazak,,"Round Rock, Texas",baseball,2026,30.5085915,-97.6788056
Jake Finnegan,,"Jupiter, Fla.",baseball,2026,26.9342246,-80.0942087
Nick Guachione,,"Pittsfield, Mass.",baseball,2026,42.4484778,-73.2541069
Felix Heller,,"New York, N.Y.",baseball,2026,40.7127281,-74.0060152
Ben Moulin,,"San Clemente, Calif.",baseball,2026,33.4270275,-117.6124179
Jay Hofmeister,,"Dallas, Texas",mens-rowing,2016,32.7762719,-96.7968559
Bart Roovers,,"Leiden, The Netherlands",mens-rowing,2016,52.1518157,4.4811089
Mac Grant,,"Greenwood Village, Colo.",mens-rowing,2016,39.6172101,-104.950814
Andrew Barnish,,"Philadelphia, Pa.",mens-rowing,2016,39.9527237,-75.1635262
Gabe Blanchard,,"Andover, Mass.",mens-rowing,2016,42.65717,-71.1408776
Taylor Auman,,"Limerick, Pa.",mens-rowing,2016,40.2309343,-75.5221245
Sabrina Stanich,,"Dobbs Ferry, N.Y.",mens-rowing,2016,41.0145418,-73.872635
Alex Ridenour,,"Duncan, B.C.",mens-rowing,2016,48.7786872,-123.7080446
Bram Bruno,,"Fair Haven, N.J.",mens-rowing,2016,40.3606653,-74.0381947
Brett Hanson,,"Absecon, N.J.",mens-rowing,2016,39.4284503,-74.4957076
Larissa Klufas,,"Seekonk, Mass.",mens-rowing,2016,41.808434,-71.3369973
Roel Van Broekhuizen,,"Diemen, The Netherlands",mens-rowing,2016,52.3421489,4.960825
Cannon Williams,,"Dallas, Texas",mens-rowing,2016,32.7762719,-96.7968559
Liam Morrissy,,"Briarcliff Manor, N.Y.",mens-rowing,2016,41.1456512,-73.8237456
Bill Schmidt,,"Philadelphia, Pa.",mens-rowing,2016,39.9527237,-75.1635262
Ian Clemens,,"Glastonbury, Conn.",mens-rowing,2016,41.7123218,-72.608146
Taylor Auman,,"Limerick, Pa.",mens-rowing,2017,40.2309343,-75.5221245
Bram Bruno,,"Fair Haven, N.J.",mens-rowing,2017,40.3606653,-74.0381947
Bill Schmidt,,"Philadelphia, Pa.",mens-rowing,2017,39.9527237,-75.1635262
Chris Silva,,"Pennington, N.J.",mens-rowing,2017,40.3281213,-74.7909992
Liam Morrissy,,"Briarcliff Manor, N.Y.",mens-rowing,2017,41.1456512,-73.8237456
Gabe Blanchard,,"Andover, Mass.",mens-rowing,2017,42.65717,-71.1408776
Nicholas Emms,,"Adelaide, Australia",mens-rowing,2017,-34.9281805,138.5999312
Mac Grant,,"Greenwood Village, Colo.",mens-rowing,2017,39.6172101,-104.950814
Brett Hanson,,"Absecon, N.J.",mens-rowing,2017,39.4284503,-74.4957076
Jay Hofmeister,,"Dallas, Texas",mens-rowing,2017,32.7762719,-96.7968559
Joseph Laptin,,"Laguna Beach, Calif.",mens-rowing,2017,33.5426975,-117.785366
Carter Levine,,"Princeton, N.J.",mens-rowing,2017,40.3496953,-74.6597376
Adam Lyman,,"Port Washington, N.Y.",mens-rowing,2017,40.8263965,-73.684993
Lachlan Mersky,,"Haddonfield, N.J.",mens-rowing,2017,39.8915022,-75.0376707
Dani Michelson,,"Irvine, Calif.",mens-rowing,2017,33.6856969,-117.825981
Bart Roovers,,"Leiden, The Netherlands",mens-rowing,2017,52.1518157,4.4811089
Ethan Chaffee,,"Ballston Lake, N.Y.",mens-rowing,2017,42.9343617,-73.8596218
Matt Piegza,,"La Jolla, Calif.",mens-rowing,2017,32.8458529,-117.2575702
Will Purtill,,"Villanova, Pa.",mens-rowing,2017,40.0411671,-75.3310527
Ian Clemens,,"Glastonbury, Conn.",mens-rowing,2017,41.7123218,-72.608146
Andrew Barnish,,"Philadelphia, Pa.",mens-rowing,2017,39.9527237,-75.1635262
Hannah Nasseri,,"Beverly Hills, Calif.",mens-rowing,2017,34.0696501,-118.3963062
Gunther Read,,"Vero Beach, Fla.",mens-rowing,2017,27.6387163,-80.3975399
Alex Ridenour,,"Duncan, B.C.",mens-rowing,2017,48.7786872,-123.7080446
Patrick Sheehan,,"Manhasset, N.Y.",mens-rowing,2017,40.786702,-73.6967338
Olivia Robinson,,"Bryn Mawr, Pa.",mens-rowing,2017,40.0238245,-75.3173407
Sabrina Stanich,,"Dobbs Ferry, N.Y.",mens-rowing,2017,41.0145418,-73.872635
Austin Stengle,,"Larkspur, Calif.",mens-rowing,2017,37.9340915,-122.5352539
Ryan Telesca,,"Rye Brook, N.Y.",mens-rowing,2017,41.0192641,-73.6834621
David Theiss,,"Wilmette, Ill.",mens-rowing,2017,42.076066,-87.7115555
Roel Van Broekhuizen,,"Diemen, The Netherlands",mens-rowing,2017,52.3421489,4.960825
Thomas Vasquez,,"Vienna, Va.",mens-rowing,2017,38.9013729,-77.2651762
Cannon Williams,,"Dallas, Texas",mens-rowing,2017,32.7762719,-96.7968559
Thomas Vasquez,,"Vienna, Va.",mens-rowing,2018,38.9013729,-77.2651762
Gunther Read,,"Vero Beach, Fla.",mens-rowing,2018,27.6387163,-80.3975399
Matt Piegza,,"La Jolla, Calif.",mens-rowing,2018,32.8458529,-117.2575702
Evelyn Bond,,"Oakland, Calif.",mens-rowing,2018,37.8044557,-122.271356
Jonathon Condon,,"Brisbane, Australia",mens-rowing,2018,-27.4689623,153.0235009
Nicholas Emms,,"Adelaide, Australia",mens-rowing,2018,-34.9281805,138.5999312
Mac Grant,,"Greenwood Village, Colo.",mens-rowing,2018,39.6172101,-104.950814
Matt Good,,"Torrance, Calif.",mens-rowing,2018,33.8371392,-118.3413606
Patrik Farkas,,"Zagreb, Croatia",mens-rowing,2018,45.8130967,15.9772795
Jay Hofmeister,,"Dallas, Texas",mens-rowing,2018,32.7762719,-96.7968559
Kellen Kavanagh,,"Seattle, Wash.",mens-rowing,2018,47.6038321,-122.330062
JP Kim,,"Seoul, South Korea",mens-rowing,2018,37.5666791,126.9782914
Jake Adkins,,"Tampa, Fla.",mens-rowing,2018,27.9449854,-82.4583107
Kristopher Schumann,,"Nokomis, Fla.",mens-rowing,2018,27.1192213,-82.4442629
Charles Aresty,,"New York, N.Y.",mens-rowing,2018,40.7127281,-74.0060152
Bill Schmidt,,"Philadelphia, Pa.",mens-rowing,2018,39.9527237,-75.1635262
Gabe Blanchard,,"Andover, Mass.",mens-rowing,2018,42.65717,-71.1408776
Adam Lyman,,"Port Washington, N.Y.",mens-rowing,2018,40.8263965,-73.684993
Will Purtill,,"Villanova, Pa.",mens-rowing,2018,40.0411671,-75.3310527
Austin Stengle,,"Larkspur, Calif.",mens-rowing,2018,37.9340915,-122.5352539
David Theiss,,"Wilmette, Ill.",mens-rowing,2018,42.076066,-87.7115555
Jonas Vallone,,"Rüschlikon, Switzerland",mens-rowing,2018,47.307465,8.5546421
Bart Roovers,,"Leiden, The Netherlands",mens-rowing,2018,52.1518157,4.4811089
Blake Vastola,,"Colts Neck, N.J.",mens-rowing,2018,40.2876108,-74.1723652
Amy Yeung,,"Philadelphia, Pa.",mens-rowing,2018,39.9527237,-75.1635262
Cannon Williams,,"Dallas, Texas",mens-rowing,2018,32.7762719,-96.7968559
Jakub Wojcieszak,,"Park Ridge, Ill.",mens-rowing,2018,42.0112329,-87.8406031
Bertie Woodward-Fisher,,"London, England",mens-rowing,2018,51.5074456,-0.1277653
Erik Wicks,,"Holmdel, N.J.",mens-rowing,2018,40.3451095,-74.1840322
Nick Armetta,,"Richboro, Pa.",mens-rowing,2019,40.229682,-74.9994889
Gabe Blanchard,,"Andover, Mass.",mens-rowing,2019,42.65717,-71.1408776
Jonathon Condon,,"Brisbane, Australia",mens-rowing,2019,-27.4689623,153.0235009
George DeVries,,"San Diego, Calif.",mens-rowing,2019,32.7157062,-117.1638284
Nicholas Emms,,"Adelaide, Australia",mens-rowing,2019,-34.9281805,138.5999312
Jake Adkins,,"Tampa, Fla.",mens-rowing,2019,27.9449854,-82.4583107
Patrik Farkas,,"Zagreb, Croatia",mens-rowing,2019,45.8130967,15.9772795
Hannah Nasseri,,"Beverly Hills, Calif.",mens-rowing,2019,34.0696501,-118.3963062
William Bass,,"Stamford, Conn.",mens-rowing,2019,41.0534302,-73.5387341
Adam Lyman,,"Port Washington, N.Y.",mens-rowing,2019,40.8263965,-73.684993
Jake Nordell,,"Cleveland, Ohio",mens-rowing,2019,41.4996574,-81.6936772
Tomio Filiaci,,"Harlem, N.Y.",mens-rowing,2019,40.8078578,-73.9454671
Maurice Fisher,,"San Francisco, Calif.",mens-rowing,2019,37.7879363,-122.4075201
Matt Good,,"Torrance, Calif.",mens-rowing,2019,33.8371392,-118.3413606
Mac Grant,,"Greenwood Village, Colo.",mens-rowing,2019,39.6172101,-104.950814
Jay Hofmeister,,"Dallas, Texas",mens-rowing,2019,32.7762719,-96.7968559
Nolan Biscaro,,"Grimsby, Ontario",mens-rowing,2019,43.1931661,-79.560677
Kellen Kavanagh,,"Seattle, Wash.",mens-rowing,2019,47.6038321,-122.330062
Matt Piegza,,"La Jolla, Calif.",mens-rowing,2019,32.8458529,-117.2575702
Will Purtill,,"Villanova, Pa.",mens-rowing,2019,40.0411671,-75.3310527
Gunther Read,,"Vero Beach, Fla.",mens-rowing,2019,27.6387163,-80.3975399
Chris Silva,,"Pennington, N.J.",mens-rowing,2019,40.3281213,-74.7909992
Austin Stengle,,"Larkspur, Calif.",mens-rowing,2019,37.9340915,-122.5352539
David Theiss,,"Wilmette, Ill.",mens-rowing,2019,42.076066,-87.7115555
Matija Turcic,,"Zagreb, Croatia",mens-rowing,2019,45.8130967,15.9772795
Thomas Vasquez,,"Vienna, Va.",mens-rowing,2019,38.9013729,-77.2651762
Jonas Vallone,,"Rüschlikon, Switzerland",mens-rowing,2019,47.307465,8.5546421
Bertie Woodward-Fisher,,"London, England",mens-rowing,2019,51.5074456,-0.1277653
Bart Roovers,,"Leiden, The Netherlands",mens-rowing,2019,52.1518157,4.4811089
Alex Ridenour,,"Duncan, B.C.",mens-rowing,2019,48.7786872,-123.7080446
Amy Yeung,,"Philadelphia, Pa.",mens-rowing,2019,39.9527237,-75.1635262
Isak Zvegelj,,"Bled, Slovenia",mens-rowing,2019,46.3684202,14.1100595
Pierre Vignial,,"Paris, France",mens-rowing,2019,48.8534951,2.3483915
Dylan White,,"Newport Beach, Calif.",mens-rowing,2019,33.6170092,-117.9294401
Erik Wicks,,"Holmdel, N.J.",mens-rowing,2019,40.3451095,-74.1840322
Cannon Williams,,"Dallas, Texas",mens-rowing,2019,32.7762719,-96.7968559
Kristopher Schumann,,"Nokomis, Fla.",mens-rowing,2019,27.1192213,-82.4442629
Michael Wilson,,"Braintree, Mass.",mens-rowing,2019,42.2205956,-71.0041229
Jakub Wojcieszak,,"Park Ridge, Ill.",mens-rowing,2019,42.0112329,-87.8406031
William Bass,,"Stamford, Conn.",mens-rowing,2020,41.0534302,-73.5387341
Tomio Filiaci,,"Harlem, N.Y.",mens-rowing,2020,40.8078578,-73.9454671
Brian Decelles,,"Hingham, Mass.",mens-rowing,2020,42.2417669,-70.8897676
Sophie Borenstein,,"Seattle, Wash.",mens-rowing,2020,47.6038321,-122.330062
Nicholas Emms,,"Adelaide, Australia",mens-rowing,2020,-34.9281805,138.5999312
Adam Lyman,,"Port Washington, N.Y.",mens-rowing,2020,40.8263965,-73.684993
Nicole Ahadian,,"San Diego, Calif.",mens-rowing,2020,32.7157062,-117.1638284
Gianna LaBella,,"Philadelphia, Pa.",mens-rowing,2020,39.9527237,-75.1635262
Kellen Kavanagh,,"Seattle, Wash.",mens-rowing,2020,47.6038321,-122.330062
Charles Jones,,"Bloomington, Ind.",mens-rowing,2020,39.1670396,-86.5342881
Maurice Fisher,,"San Francisco, Calif.",mens-rowing,2020,37.7879363,-122.4075201
Nick Armetta,,"Richboro, Pa.",mens-rowing,2020,40.229682,-74.9994889
Michael Wilson,,"Braintree, Mass.",mens-rowing,2020,42.2205956,-71.0041229
Edward Kiev,,"Westport, Conn.",mens-rowing,2020,41.1414855,-73.3578955
Matt Piegza,,"La Jolla, Calif.",mens-rowing,2020,32.8458529,-117.2575702
Jake Nordell,,"Cleveland, Ohio",mens-rowing,2020,41.4996574,-81.6936772
George DeVries,,"San Diego, Calif.",mens-rowing,2020,32.7157062,-117.1638284
Patrik Farkas,,"Zagreb, Croatia",mens-rowing,2020,45.8130967,15.9772795
Lia Quinones,,"Chicago, Ill.",mens-rowing,2020,41.8755616,-87.6244212
Bertie Woodward-Fisher,,"London, England",mens-rowing,2020,51.5074456,-0.1277653
David Theiss,,"Wilmette, Ill.",mens-rowing,2020,42.076066,-87.7115555
Colin Rosser,,"Moorestown, N.J.",mens-rowing,2020,39.9670569,-74.9426677
Liam Seeley,,"Avon, Conn.",mens-rowing,2020,41.8098209,-72.8306541
Ben Rutherford,,"Alexandria, Va.",mens-rowing,2020,38.8051095,-77.0470229
Austin Stengle,,"Larkspur, Calif.",mens-rowing,2020,37.9340915,-122.5352539
Jack Wilkin,,"London, England",mens-rowing,2020,51.5074456,-0.1277653
Alex Ridenour,,"Duncan, B.C.",mens-rowing,2020,48.7786872,-123.7080446
Isak Zvegelj,,"Bled, Slovenia",mens-rowing,2020,46.3684202,14.1100595
Amy Yeung,,"Philadelphia, Pa.",mens-rowing,2020,39.9527237,-75.1635262
Matija Turcic,,"Zagreb, Croatia",mens-rowing,2020,45.8130967,15.9772795
Dylan White,,"Newport Beach, Calif.",mens-rowing,2020,33.6170092,-117.9294401
Avi Veluchamy,,"Naperville, Ill.",mens-rowing,2020,41.7728699,-88.1479278
Chris Silva,,"Pennington, N.J.",mens-rowing,2020,40.3281213,-74.7909992
Erik Wicks,,"Holmdel, N.J.",mens-rowing,2020,40.3451095,-74.1840322
Will Purtill,,"Villanova, Pa.",mens-rowing,2020,40.0411671,-75.3310527
Jakub Wojcieszak,,"Park Ridge, Ill.",mens-rowing,2020,42.0112329,-87.8406031
Alexander Kerekes,,"Lower Merion, Pa.",mens-rowing,2020,40.0054048,-75.2297023
Thomas Vasquez,,"Vienna, Va.",mens-rowing,2020,38.9013729,-77.2651762
Gunther Read,,"Vero Beach, Fla.",mens-rowing,2020,27.6387163,-80.3975399
Charles Jones,,"Bloomington, Ind.",mens-rowing,2021,39.1670396,-86.5342881
John Michael Hatheway,,"Oakton, Va.",mens-rowing,2021,38.896795,-77.2987377
Gianna LaBella,,"Philadelphia, Pa.",mens-rowing,2021,39.9527237,-75.1635262
Nicole Ahadian,,"San Diego, Calif.",mens-rowing,2021,32.7157062,-117.1638284
Brian Decelles,,"Hingham, Mass.",mens-rowing,2021,42.2417669,-70.8897676
Artem Demidov,,"Eden Prairie, Minn.",mens-rowing,2021,44.8546856,-93.470786
George DeVries,,"San Diego, Calif.",mens-rowing,2021,32.7157062,-117.1638284
Gianluca Foschi Walko,,"Osterville, Mass.",mens-rowing,2021,41.6287556,-70.3868868
Matthew Jacobson,,"Greenwich, Conn.",mens-rowing,2021,41.0264862,-73.6284598
Kellen Kavanagh,,"Seattle, Wash.",mens-rowing,2021,47.6038321,-122.330062
Patrik Farkas,,"Zagreb, Croatia",mens-rowing,2021,45.8130967,15.9772795
Matt Davis,,"Malvern, Pa.",mens-rowing,2021,40.036202,-75.5138959
Tomio Filiaci,,"Harlem, N.Y.",mens-rowing,2021,40.8078578,-73.9454671
Jonathon Condon,,"Brisbane, Australia",mens-rowing,2021,-27.4689623,153.0235009
Maurice Fisher,,"San Francisco, Calif.",mens-rowing,2021,37.7879363,-122.4075201
Sophie Borenstein,,"Seattle, Wash.",mens-rowing,2021,47.6038321,-122.330062
Jason Kennedy,,"Berwyn, Pa.",mens-rowing,2021,40.0477701,-75.4421325
Sophia Leung,,"Pelham, N.Y.",mens-rowing,2021,40.9098215,-73.8079111
Katie Post,,"Virginia Beach, Va.",mens-rowing,2021,36.8496579,-75.9760751
Charlie Mullaney,,Westport. Mass.,mens-rowing,2021,41.6220399,-71.0780195
Jakub Wojcieszak,,"Park Ridge, Ill.",mens-rowing,2021,42.0112329,-87.8406031
Jack Wilkin,,"London, England",mens-rowing,2021,51.5074456,-0.1277653
Jake Nordell,,"Cleveland, Ohio",mens-rowing,2021,41.4996574,-81.6936772
Ben Rutherford,,"Alexandria, Va.",mens-rowing,2021,38.8051095,-77.0470229
Liam Seeley,,"Avon, Conn.",mens-rowing,2021,41.8098209,-72.8306541
Sam Sullivan,,"Boston, Mass.",mens-rowing,2021,42.3588336,-71.0578303
John Paterno,,"Middletown, N.J.",mens-rowing,2021,40.3898188,-74.1162152
Michael Wilson,,"Braintree, Mass.",mens-rowing,2021,42.2205956,-71.0041229
Nick Zhou,,"Lawrenceville, N.J.",mens-rowing,2021,40.3009876,-74.7373728
Isak Zvegelj,,"Bled, Slovenia",mens-rowing,2021,46.3684202,14.1100595
Jack Theodore,,"Fair Haven, N.J.",mens-rowing,2021,40.3606653,-74.0381947
Arya Venugopalan,,"Malvern, Pa.",mens-rowing,2021,40.036202,-75.5138959
Colin Rosser,,"Moorestown, N.J.",mens-rowing,2021,39.9670569,-74.9426677
James Votruba-Drzal,,"Pittsburgh, Pa.",mens-rowing,2021,40.4406968,-80.0025666
Dylan White,,"Newport Beach, Calif.",mens-rowing,2021,33.6170092,-117.9294401
Jack Theodore,,"Fair Haven, N.J.",mens-rowing,2022,40.3606653,-74.0381947
Sophie Borenstein,,"Seattle, Wash.",mens-rowing,2022,47.6038321,-122.330062
Jonathon Condon,,"Brisbane, Australia",mens-rowing,2022,-27.4689623,153.0235009
Matt Davis,,"Malvern, Pa.",mens-rowing,2022,40.036202,-75.5138959
Lars Finlayson,,"Buffalo, N.Y.",mens-rowing,2022,42.8864163,-78.8781493
Brian Decelles,,"Hingham, Mass.",mens-rowing,2022,42.2417669,-70.8897676
Guillermo Del Rio,,"San Diego, Calif.",mens-rowing,2022,32.7157062,-117.1638284
George DeVries,,"San Diego, Calif.",mens-rowing,2022,32.7157062,-117.1638284
James Votruba-Drzal,,"Pittsburgh, Pa.",mens-rowing,2022,40.4406968,-80.0025666
Gianna LaBella,,"Philadelphia, Pa.",mens-rowing,2022,39.9527237,-75.1635262
Sophia Leung,,"Pelham, N.Y.",mens-rowing,2022,40.9098215,-73.8079111
Jake Nordell,,"Cleveland, Ohio",mens-rowing,2022,41.4996574,-81.6936772
Nicole Ahadian,,"San Diego, Calif.",mens-rowing,2022,32.7157062,-117.1638284
John Michael Hatheway,,"Oakton, Va.",mens-rowing,2022,38.896795,-77.2987377
Maurice Fisher,,"San Francisco, Calif.",mens-rowing,2022,37.7879363,-122.4075201
Charles Jones,,"Bloomington, Ind.",mens-rowing,2022,39.1670396,-86.5342881
Jaden Oates,,"Newark, N.J.",mens-rowing,2022,40.735657,-74.1723667
Hailey Kim,,"Jeju, South Korea",mens-rowing,2022,33.4887737,126.4987083
Nicholas Nordell,,"Gates Mills, Ohio",mens-rowing,2022,41.5181147,-81.4039538
Jack Wilkin,,"London, England",mens-rowing,2022,51.5074456,-0.1277653
John Paterno,,"Middletown, N.J.",mens-rowing,2022,40.3898188,-74.1162152
Gianluca Foschi Walko,,"Osterville, Mass.",mens-rowing,2022,41.6287556,-70.3868868
Cole Riedinger,,"Winnetka, Ill.",mens-rowing,2022,42.1080703,-87.7365286
George Rodgers,,"Mystic, Conn.",mens-rowing,2022,41.3560375,-71.9573331
Colin Rosser,,"Moorestown, N.J.",mens-rowing,2022,39.9670569,-74.9426677
Sam Sullivan,,"Boston, Mass.",mens-rowing,2022,42.3588336,-71.0578303
Ben Rutherford,,"Alexandria, Va.",mens-rowing,2022,38.8051095,-77.0470229
Ciaran Santiago,,"St. Louis, Mo.",mens-rowing,2022,38.6254063,-90.190009
Wyatt Johnson,,"Newtown Square, Pa.",mens-rowing,2022,39.9868117,-75.4007633
Liam Seeley,,"Avon, Conn.",mens-rowing,2022,41.8098209,-72.8306541
Michael Wilson,,"Braintree, Mass.",mens-rowing,2022,42.2205956,-71.0041229
Jakub Wojcieszak,,"Park Ridge, Ill.",mens-rowing,2022,42.0112329,-87.8406031
Matt Radell,,"Moraga, Calif.",mens-rowing,2022,37.834897,-122.12883
Cole Suplee,,"Alpharetta, Ga.",mens-rowing,2022,34.0755962,-84.2945964
Austin Straley,,"Holmdel, N.J.",mens-rowing,2022,40.3451095,-74.1840322
Arya Venugopalan,,"Malvern, Pa.",mens-rowing,2022,40.036202,-75.5138959
Nick Zhou,,"Lawrenceville, N.J.",mens-rowing,2022,40.3009876,-74.7373728
Dylan White,,"Newport Beach, Calif.",mens-rowing,2022,33.6170092,-117.9294401
Jason Kennedy,,"Berwyn, Pa.",mens-rowing,2022,40.0477701,-75.4421325
Cole Bruen,,"Charlottesville, Va.",mens-rowing,2023,38.029306,-78.4766781
Nicole Ahadian,,"San Diego, Calif.",mens-rowing,2023,32.7157062,-117.1638284
Lars Finlayson,,"Buffalo, N.Y.",mens-rowing,2023,42.8864163,-78.8781493
Brian Decelles,,"Hingham, Mass.",mens-rowing,2023,42.2417669,-70.8897676
John Chadwell,,"Big Sky, Mont.",mens-rowing,2023,45.2589644,-111.308725
Finn Broder,,"New Canaan, Conn.",mens-rowing,2023,41.146763,-73.4948446
Sem Ferid,,"Louisville, Ky.",mens-rowing,2023,38.2542376,-85.759407
James Glomb,,"Wyndmoor, Pa.",mens-rowing,2023,40.0853435,-75.1940207
Guillermo Del Rio,,"San Diego, Calif.",mens-rowing,2023,32.7157062,-117.1638284
Matt Davis,,"Malvern, Pa.",mens-rowing,2023,40.036202,-75.5138959
John Michael Hatheway,,"Oakton, Va.",mens-rowing,2023,38.896795,-77.2987377
Wyatt Johnson,,"Newtown Square, Pa.",mens-rowing,2023,39.9868117,-75.4007633
Charles Jones,,"Bloomington, Ind.",mens-rowing,2023,39.1670396,-86.5342881
Jason Kennedy,,"Berwyn, Pa.",mens-rowing,2023,40.0477701,-75.4421325
Dillon Maddigan,,"Mars, Pa.",mens-rowing,2023,40.6977576,-80.0123902
Hailey Kim,,"Jeju, South Korea",mens-rowing,2023,33.4887737,126.4987083
Sophie Borenstein,,"Seattle, Wash.",mens-rowing,2023,47.6038321,-122.330062
Gianluca Foschi Walko,,"Osterville, Mass.",mens-rowing,2023,41.6287556,-70.3868868
Theo Deinard,,"Greenwich, Conn.",mens-rowing,2023,41.0264862,-73.6284598
Hayden Gold,,"Philadelphia, Pa.",mens-rowing,2023,39.9527237,-75.1635262
Rowen Hildreth,,"Hollis, N.H.",mens-rowing,2023,42.7431621,-71.591333
Sophia Leung,,"Pelham, N.Y.",mens-rowing,2023,40.9098215,-73.8079111
Laurel Caruso,,"New York, N.Y.",mens-rowing,2023,40.7127281,-74.0060152
Reider McFeely,,"Bethesda, Md.",mens-rowing,2023,38.9812726,-77.1233587
Cole Riedinger,,"Winnetka, Ill.",mens-rowing,2023,42.1080703,-87.7365286
Matt Radell,,"Moraga, Calif.",mens-rowing,2023,37.834897,-122.12883
Jaden Oates,,"Newark, N.J.",mens-rowing,2023,40.735657,-74.1723667
James Votruba-Drzal,,"Pittsburgh, Pa.",mens-rowing,2023,40.4406968,-80.0025666
Colin Rosser,,"Moorestown, N.J.",mens-rowing,2023,39.9670569,-74.9426677
Nathaniel Sears,,"Philadelphia, Pa.",mens-rowing,2023,39.9527237,-75.1635262
Tommy Schrieber,,"Berwyn, Pa.",mens-rowing,2023,40.0477701,-75.4421325
Stefano Solano,,"Como, Italy",mens-rowing,2023,45.9395857,9.1493609
Ciaran Santiago,,"St. Louis, Mo.",mens-rowing,2023,38.6254063,-90.190009
George Rodgers,,"Mystic, Conn.",mens-rowing,2023,41.3560375,-71.9573331
Sam Sullivan,,"Boston, Mass.",mens-rowing,2023,42.3588336,-71.0578303
John Paterno,,"Middletown, N.J.",mens-rowing,2023,40.3898188,-74.1162152
Jack Theodore,,"Fair Haven, N.J.",mens-rowing,2023,40.3606653,-74.0381947
Arya Venugopalan,,"Malvern, Pa.",mens-rowing,2023,40.036202,-75.5138959
Nicholas Nordell,,"Gates Mills, Ohio",mens-rowing,2023,41.5181147,-81.4039538
Jack Wilkin,,"London, England",mens-rowing,2023,51.5074456,-0.1277653
Charles Ockner,,"Shaker Heights, Ohio",mens-rowing,2023,41.4739419,-81.5370671
Liam Seeley,,"Avon, Conn.",mens-rowing,2023,41.8098209,-72.8306541
Ben Rutherford,,"Alexandria, Va.",mens-rowing,2023,38.8051095,-77.0470229
Austin Straley,,"Holmdel, N.J.",mens-rowing,2023,40.3451095,-74.1840322
RJ Sylak,,"Zumbrota, Minn.",mens-rowing,2023,44.2939669,-92.6689143
Cole Suplee,,"Alpharetta, Ga.",mens-rowing,2023,34.0755962,-84.2945964
Matt Davis,,"Malvern, Pa.",mens-rowing,2024,40.036202,-75.5138959
Nicole Ahadian,,"San Diego, Calif.",mens-rowing,2024,32.7157062,-117.1638284
Hussein Elzaafarany,,Dubai,mens-rowing,2024,25.0742823,55.1885624
Marco Dri,,"Gonars, Italy",mens-rowing,2024,45.895917,13.237131
Jason Kennedy,,"Berwyn, Pa.",mens-rowing,2024,40.0477701,-75.4421325
Hailey Kim,,"Jeju, South Korea",mens-rowing,2024,33.4887737,126.4987083
John Chadwell,,"Big Sky, Mont.",mens-rowing,2024,45.2589644,-111.308725
Laurel Caruso,,"New York, N.Y.",mens-rowing,2024,40.7127281,-74.0060152
Reider McFeely,,"Bethesda, Md.",mens-rowing,2024,38.9812726,-77.1233587
Guillermo Del Rio,,"San Diego, Calif.",mens-rowing,2024,32.7157062,-117.1638284
Cole Bruen,,"Charlottesville, Va.",mens-rowing,2024,38.029306,-78.4766781
Max Glick,,"Andover, Mass.",mens-rowing,2024,42.65717,-71.1408776
Charles Jones,,"Bloomington, Ind.",mens-rowing,2024,39.1670396,-86.5342881
Leo Goez,,"Berlin, Germany",mens-rowing,2024,52.5173885,13.3951309
Nick Guettler,,"Bloomfield Hills, Mich.",mens-rowing,2024,42.583645,-83.2454883
John Michael Hatheway,,"Oakton, Va.",mens-rowing,2024,38.896795,-77.2987377
Paddy Hawkins,,"Santa Ana, Calif.",mens-rowing,2024,33.7494951,-117.873221
Keenan Heinz,,"Orinda, Calif.",mens-rowing,2024,37.8771476,-122.1796888
Rowen Hildreth,,"Hollis, N.H.",mens-rowing,2024,42.7431621,-71.591333
Hal Hunter,,"London, U.K.",mens-rowing,2024,-8.8162775,115.1541201
Chris Inglis,,"Steamboat Springs, Colo.",mens-rowing,2024,40.4848003,-106.831735
Wyatt Johnson,,"Newtown Square, Pa.",mens-rowing,2024,39.9868117,-75.4007633
James Glomb,,"Wyndmoor, Pa.",mens-rowing,2024,40.0853435,-75.1940207
Gianluca Foschi Walko,,"Osterville, Mass.",mens-rowing,2024,41.6287556,-70.3868868
Sam Fowlie,,"London, U.K.",mens-rowing,2024,-8.8162775,115.1541201
Matt Levings,,"Gloucestershire, U.K.",mens-rowing,2024,51.7643786,-2.1880662
Matt Radell,,"Moraga, Calif.",mens-rowing,2024,37.834897,-122.12883
George Rodgers,,"Mystic, Conn.",mens-rowing,2024,41.3560375,-71.9573331
Brian Lawson,,"Moorestown, N.J.",mens-rowing,2024,39.9670569,-74.9426677
Tommy Schrieber,,"Berwyn, Pa.",mens-rowing,2024,40.0477701,-75.4421325
Matthew Porter,,"Melbourne, Australia",mens-rowing,2024,-37.8142454,144.9631732
John Paterno,,"Middletown, N.J.",mens-rowing,2024,40.3898188,-74.1162152
Isak Zvegelj,,"Bled, Slovenia",mens-rowing,2024,46.3684202,14.1100595
Dillon Maddigan,,"Mars, Pa.",mens-rowing,2024,40.6977576,-80.0123902
Nicholas Nordell,,"Gates Mills, Ohio",mens-rowing,2024,41.5181147,-81.4039538
Madi Messner,,"Las Vegas, Nev.",mens-rowing,2024,36.1674263,-115.1484131
Lars Finlayson,,"Buffalo, N.Y.",mens-rowing,2024,42.8864163,-78.8781493
Charles Ockner,,"Shaker Heights, Ohio",mens-rowing,2024,41.4739419,-81.5370671
Luke Meisenbach,,"La Jolla, Calif.",mens-rowing,2024,32.8458529,-117.2575702
Ciaran Santiago,,"St. Louis, Mo.",mens-rowing,2024,38.6254063,-90.190009
Jaden Oates,,"Newark, N.J.",mens-rowing,2024,40.735657,-74.1723667
Nathaniel Sears,,"Philadelphia, Pa.",mens-rowing,2024,39.9527237,-75.1635262
Stefano Solano,,"Como, Italy",mens-rowing,2024,45.9395857,9.1493609
Oscar St. Pierre,,"Curl NSW, Australia",mens-rowing,2024,-33.762383,151.29475
Red Staunton,,"Alexandria, Va.",mens-rowing,2024,38.8051095,-77.0470229
Austin Straley,,"Holmdel, N.J.",mens-rowing,2024,40.3451095,-74.1840322
Sam Sullivan,,"Boston, Mass.",mens-rowing,2024,42.3588336,-71.0578303
Cole Suplee,,"Alpharetta, Ga.",mens-rowing,2024,34.0755962,-84.2945964
RJ Sylak,,"Zumbrota, Minn.",mens-rowing,2024,44.2939669,-92.6689143
Jack Theodore,,"Fair Haven, N.J.",mens-rowing,2024,40.3606653,-74.0381947
James Votruba-Drzal,,"Pittsburgh, Pa.",mens-rowing,2024,40.4406968,-80.0025666
Arya Venugopalan,,"Malvern, Pa.",mens-rowing,2024,40.036202,-75.5138959
Cole Riedinger,,"Winnetka, Ill.",mens-rowing,2024,42.1080703,-87.7365286
Sam Fowlie,,"London, U.K.",mens-rowing,2025,-8.8162775,115.1541201
Cole Bruen,,"Charlottesville, Va.",mens-rowing,2025,38.029306,-78.4766781
Hailey Kim,,"Jeju, South Korea",mens-rowing,2025,33.4887737,126.4987083
Laurel Caruso,,"New York, N.Y.",mens-rowing,2025,40.7127281,-74.0060152
Nick Antich,,"Fort Lee, N.J.",mens-rowing,2025,40.8509333,-73.9701382
James Glomb,,"Wyndmoor, Pa.",mens-rowing,2025,40.0853435,-75.1940207
Lars Finlayson,,"Buffalo, N.Y.",mens-rowing,2025,42.8864163,-78.8781493
Keenan Heinz,,"Orinda, Calif.",mens-rowing,2025,37.8771476,-122.1796888
Max Glick,,"Andover, Mass.",mens-rowing,2025,42.65717,-71.1408776
Leo Goez,,"Berlin, Germany",mens-rowing,2025,52.5173885,13.3951309
Brian Lawson,,"Moorestown, N.J.",mens-rowing,2025,39.9670569,-74.9426677
Nick Guettler,,"Bloomfield Hills, Mich.",mens-rowing,2025,42.583645,-83.2454883
Moses Lewis,,"Southbury, Conn.",mens-rowing,2025,41.4814848,-73.2131693
Rowen Hildreth,,"Hollis, N.H.",mens-rowing,2025,42.7431621,-71.591333
Marco Dri,,"Gonars, Italy",mens-rowing,2025,45.895917,13.237131
Chris Inglis,,"Steamboat Springs, Colo.",mens-rowing,2025,40.4848003,-106.831735
Hal Hunter,,"London, U.K.",mens-rowing,2025,-8.8162775,115.1541201
Dillon Maddigan,,"Mars, Pa.",mens-rowing,2025,40.6977576,-80.0123902
Wyatt Johnson,,"Newtown Square, Pa.",mens-rowing,2025,39.9868117,-75.4007633
Matt Levings,,"Gloucestershire, U.K.",mens-rowing,2025,51.7643786,-2.1880662
Hussein Elzaafarany,,Dubai,mens-rowing,2025,25.0742823,55.1885624
Paddy Hawkins,,"Santa Ana, Calif.",mens-rowing,2025,33.7494951,-117.873221
Alex Logan,,"Campbells Bay, N.Z.",mens-rowing,2025,-36.7454921,174.7619515
Guillermo Del Rio,,"San Diego, Calif.",mens-rowing,2025,32.7157062,-117.1638284
Dylan McConnell,,"Auckland, N.Z.",mens-rowing,2025,-31.9218756,115.8466839
Judson Meyers,,"Asheville, N.C.",mens-rowing,2025,35.595363,-82.5508407
Caillen Pieckenhagen,,"St. Catharines, Ontario",mens-rowing,2025,43.1579812,-79.2441003
Madi Messner,,"Las Vegas, Nev.",mens-rowing,2025,36.1674263,-115.1484131
Cole Riedinger,,"Winnetka, Ill.",mens-rowing,2025,42.1080703,-87.7365286
Luke Meisenbach,,"La Jolla, Calif.",mens-rowing,2025,32.8458529,-117.2575702
Matt Radell,,"Moraga, Calif.",mens-rowing,2025,37.834897,-122.12883
Charles Ockner,,"Shaker Heights, Ohio",mens-rowing,2025,41.4739419,-81.5370671
RJ Sylak,,"Zumbrota, Minn.",mens-rowing,2025,44.2939669,-92.6689143
Luke Putter,,"Newtown Square, Pa.",mens-rowing,2025,39.9868117,-75.4007633
Anand Rajagopalan,,"Philadelphia, Pa.",mens-rowing,2025,39.9527237,-75.1635262
Nathaniel Sears,,"Philadelphia, Pa.",mens-rowing,2025,39.9527237,-75.1635262
Tara Slovinski,,"Rye, N.Y.",mens-rowing,2025,40.9821371,-73.6840902
Tommy Schrieber,,"Berwyn, Pa.",mens-rowing,2025,40.0477701,-75.4421325
Ciaran Santiago,,"St. Louis, Mo.",mens-rowing,2025,38.6254063,-90.190009
George Rodgers,,"Mystic, Conn.",mens-rowing,2025,41.3560375,-71.9573331
Stefano Solano,,"Como, Italy",mens-rowing,2025,45.9395857,9.1493609
Oliver Willott,,"Greenwich, Conn.",mens-rowing,2025,41.0264862,-73.6284598
Jaden Oates,,"Newark, N.J.",mens-rowing,2025,40.735657,-74.1723667
Red Staunton,,"Alexandria, Va.",mens-rowing,2025,38.8051095,-77.0470229
Oscar St. Pierre,,"Curl NSW, Australia",mens-rowing,2025,-33.762383,151.29475
Nicholas Nordell,,"Gates Mills, Ohio",mens-rowing,2025,41.5181147,-81.4039538
Austin Straley,,"Holmdel, N.J.",mens-rowing,2025,40.3451095,-74.1840322
Reider McFeely,,"Bethesda, Md.",mens-rowing,2025,38.9812726,-77.1233587
Dillon Maddigan,,"Mars, Pa.",mens-rowing,2026,40.6977576,-80.0123902
Dylan McConnell,,"Auckland, N.Z.",mens-rowing,2026,-31.9218756,115.8466839
Reider McFeely,,"Bethesda, Md.",mens-rowing,2026,38.9812726,-77.1233587
Luke Meisenbach,,"La Jolla, Calif.",mens-rowing,2026,32.8458529,-117.2575702
Madi Messner,,"Las Vegas, Nev.",mens-rowing,2026,36.1674263,-115.1484131
Judson Meyers,,"Asheville, N.C.",mens-rowing,2026,35.595363,-82.5508407
Charles Ockner,,"Shaker Heights, Ohio",mens-rowing,2026,41.4739419,-81.5370671
Caillen Pieckenhagen,,"St. Catharines, Ontario",mens-rowing,2026,43.1579812,-79.2441003
Anand Rajagopalan,,"Philadelphia, Pa.",mens-rowing,2026,39.9527237,-75.1635262
Nathaniel Sears,,"Philadelphia, Pa.",mens-rowing,2026,39.9527237,-75.1635262
Tara Slovinski,,"Rye, N.Y.",mens-rowing,2026,40.9821371,-73.6840902
Stefano Solano,,"Como, Italy",mens-rowing,2026,45.9395857,9.1493609
Oscar St. Pierre,,"Curl NSW, Australia",mens-rowing,2026,-33.762383,151.29475
Red Staunton,,"Alexandria, Va.",mens-rowing,2026,38.8051095,-77.0470229
Alex Logan,,"Campbells Bay, N.Z.",mens-rowing,2026,-36.7454921,174.7619515
Luke Putter,,"Newtown Square, Pa.",mens-rowing,2026,39.9868117,-75.4007633
Moses Lewis,,"Southbury, Conn.",mens-rowing,2026,41.4814848,-73.2131693
Brian Lawson,,"Moorestown, N.J.",mens-rowing,2026,39.9670569,-74.9426677
RJ Sylak,,"Zumbrota, Minn.",mens-rowing,2026,44.2939669,-92.6689143
Nick Antich,,"Fort Lee, N.J.",mens-rowing,2026,40.8509333,-73.9701382
Cole Bruen,,"Charlottesville, Va.",mens-rowing,2026,38.029306,-78.4766781
Laurel Caruso,,"New York, N.Y.",mens-rowing,2026,40.7127281,-74.0060152
Marco Dri,,"Gonars, Italy",mens-rowing,2026,45.895917,13.237131
Hussein Elzaafarany,,Dubai,mens-rowing,2026,25.0742823,55.1885624
Sam Fowlie,,"London, U.K.",mens-rowing,2026,-8.8162775,115.1541201
Matt Levings,,"Gloucestershire, U.K.",mens-rowing,2026,51.7643786,-2.1880662
Max Glick,,"Andover, Mass.",mens-rowing,2026,42.65717,-71.1408776
Leo Goez,,"Berlin, Germany",mens-rowing,2026,52.5173885,13.3951309
Nick Guettler,,"Bloomfield Hills, Mich.",mens-rowing,2026,42.583645,-83.2454883
Keenan Heinz,,"Orinda, Calif.",mens-rowing,2026,37.8771476,-122.1796888
Rowen Hildreth,,"Hollis, N.H.",mens-rowing,2026,42.7431621,-71.591333
Hal Hunter,,"London, U.K.",mens-rowing,2026,-8.8162775,115.1541201
Chris Inglis,,"Steamboat Springs, Colo.",mens-rowing,2026,40.4848003,-106.831735
James Glomb,,"Wyndmoor, Pa.",mens-rowing,2026,40.0853435,-75.1940207
Oliver Willott,,"Greenwich, Conn.",mens-rowing,2026,41.0264862,-73.6284598
Joseph Jordan,,"Old Tappan, N.J.",mens-track-and-field,2016,41.0106971,-73.9911073
Clark Mangini,,"Lincroft, N.J.",mens-track-and-field,2016,40.3450695,-74.1300764
Ayman Mayberry,,"Chula Vista, Calif.",mens-track-and-field,2016,32.6400541,-117.084195
Nick McGreivy,,"Bethesda, Md.",mens-track-and-field,2016,38.9812726,-77.1233587
Kevin Monogue,,"Burke, Va.",mens-track-and-field,2016,38.7812445,-77.2688875
Mike Monroe,,"Manhattan, Ill.",mens-track-and-field,2016,41.4225316,-87.9858863
Tommy Mulroy,,"Midlothian, Va.",mens-track-and-field,2016,37.486806,-77.6473195
Joe Novak,,"Donsman, Wis.",mens-track-and-field,2016,43.0147244,-88.4727792
Kyle Oden,,"Los Angeles, Calif.",mens-track-and-field,2016,34.0536909,-118.242766
Calvary Rogers,,"Rochester, N.Y.",mens-track-and-field,2016,43.157285,-77.615214
Anthony Okolo,,"Union, N.J.",mens-track-and-field,2016,40.6652251,-74.3045277
Sam Webb,,"Yardley, Pa.",mens-track-and-field,2016,40.242506,-74.8389704
Chris Luciano,,"Mountain Lakes, N.J.",mens-track-and-field,2016,40.8948212,-74.4329314
Ian Kirk,,"Farmingdale, N.J.",mens-track-and-field,2016,40.1965018,-74.1684757
Mitchell Poynter,,"Tipp City, Ohio",mens-track-and-field,2016,39.961325,-84.1700609
Sam Kaplan,,"Randolph, N.J.",mens-track-and-field,2016,40.844265,-74.5857218
Sean Ryan,,"Babylon, N.Y.",mens-track-and-field,2016,40.6956552,-73.3256753
Tim Schanstra,,"Stockholm, N.J.",mens-track-and-field,2016,41.0899041,-74.5201461
Brendan Shearn,,"Asland, Pa.",mens-track-and-field,2016,40.7817542,-76.3457825
Nick Tuck,,"Burke, Va.",mens-track-and-field,2016,38.7812445,-77.2688875
Luke Knouse,,"Elliottsburg, Pa.",mens-track-and-field,2016,40.3889725,-77.288874
Peter Whiteneck,,"Berkeley Lake, Ga.",mens-track-and-field,2016,33.983712,-84.1865849
Ross Wilson,,"Wycombe, Pa.",mens-track-and-field,2016,40.2823296,-75.0187801
Jeff Wiseman,,"Holland, Pa.",mens-track-and-field,2016,40.1728871,-74.9926688
Lyle Wistar,,"Philadelphia, Pa.",mens-track-and-field,2016,39.9527237,-75.1635262
Robert Klopf,,"Oradell, N.J.",mens-track-and-field,2016,40.9543943,-74.0308504
James Leddy,,"East Islip, N.Y.",mens-track-and-field,2016,40.722918,-73.1834256
Noah Kennedy-White,,"Jericho, N.Y.",mens-track-and-field,2016,40.78743,-73.5434608
Evan Lee,,"Indianapolis, Ind.",mens-track-and-field,2016,39.7683331,-86.1583502
Connor Borkert,,"Philadelphia, Pa.",mens-track-and-field,2016,39.9527237,-75.1635262
Josh Chazin,,"Cherry Hill, N.J.",mens-track-and-field,2016,39.9348351,-75.0307264
Thomas Connelly,,"Wilmington, Del.",mens-track-and-field,2016,39.7459468,-75.546589
Kurt Convey,,"Miami, Fla.",mens-track-and-field,2016,25.7741566,-80.1935973
Colin Daly,,"Oradell, N.J.",mens-track-and-field,2016,40.9543943,-74.0308504
Will Daly,,"Oradell, N.J.",mens-track-and-field,2016,40.9543943,-74.0308504
Wyatt David,,"Bozeman, Mont.",mens-track-and-field,2016,45.6794293,-111.044047
Louis Davis,,"Kingston, Jamaica",mens-track-and-field,2016,17.9712148,-76.7928128
William Duchow,,"Pewakee, Wis.",mens-track-and-field,2016,43.0846017,-88.2139452
Nathan Fisher,,"Houston, Texas",mens-track-and-field,2016,29.7589382,-95.3676974
Elias Graca,,"Cheswick, Pa.",mens-track-and-field,2016,40.5410997,-79.8013437
Peter Chan,,"Morristown, N.J.",mens-track-and-field,2016,40.7970382,-74.4809868
Ethan Chen,,"Camarillo, Calif.",mens-track-and-field,2016,34.2176371,-119.0383541
Kameron Hypolite,,"Pearland, Texas",mens-track-and-field,2016,29.5639758,-95.2864299
Sean Clarke,,"Longwood, Fla.",mens-track-and-field,2016,28.7012172,-81.3461738
William Bishop,,"New Rochelle, N.Y.",mens-track-and-field,2016,40.9115386,-73.7826363
Isaiah Gaines,,"Findley, Ohio",mens-track-and-field,2016,41.1313013,-82.2117307
Andrew Diederich,,"Salina, Kan.",mens-track-and-field,2016,38.8402805,-97.6114237
Aaron Groff,,"Cherry Hill, N.J.",mens-track-and-field,2016,39.9348351,-75.0307264
Andrew Hally,,"Wilmington, Del.",mens-track-and-field,2016,39.7459468,-75.546589
Patrick Hally,,"Wilmington, Del.",mens-track-and-field,2016,39.7459468,-75.546589
Chris Hatler,,"Sparta, N.J.",mens-track-and-field,2016,41.0401567,-74.6310081
Mike Benz,,"Chester, N.J.",mens-track-and-field,2016,40.7842667,-74.6968284
Xavier Jackson,,"McKinney, Texas",mens-track-and-field,2016,33.1976496,-96.6154471
Titus Jeffries,,"Chantilly, Va.",mens-track-and-field,2016,38.885219,-77.4486772
Lance Yassay,,"Livonia, Mich.",mens-track-and-field,2016,42.36837,-83.3527097
James Buser,,"Mahwah, N.J.",mens-track-and-field,2016,41.0887072,-74.1437552
Paul Ehmann,,"Mendham, N.J.",mens-track-and-field,2016,40.775941,-74.6009617
Marvin Morgan,,"Neptune, N.J.",mens-track-and-field,2017,39.2191278,-74.7129026
Sean Ryan,,"Babylon, N.Y.",mens-track-and-field,2017,40.6956552,-73.3256753
Chris Luciano,,"Mountain Lakes, N.J.",mens-track-and-field,2017,40.8948212,-74.4329314
Colin Daly,,"Oradell, N.J.",mens-track-and-field,2017,40.9543943,-74.0308504
Will Daly,,"Oradell, N.J.",mens-track-and-field,2017,40.9543943,-74.0308504
Kevin Monogue,,"Burke, Va.",mens-track-and-field,2017,38.7812445,-77.2688875
Kyle Oden,,"Los Angeles, Calif.",mens-track-and-field,2017,34.0536909,-118.242766
Cristian Constantin,,"Constanta, Romania",mens-track-and-field,2017,44.1767161,28.6507598
Tommy Mulroy,,"Midlothian, Va.",mens-track-and-field,2017,37.486806,-77.6473195
Sam Webb,,"Yardley, Pa.",mens-track-and-field,2017,40.242506,-74.8389704
Ayman Mayberry,,"Chula Vista, Calif.",mens-track-and-field,2017,32.6400541,-117.084195
Alex Sislo,,"Wyndmoor, Pa.",mens-track-and-field,2017,40.0853435,-75.1940207
Anthony Russo,,"Colts Neck, N.J.",mens-track-and-field,2017,40.2876108,-74.1723652
Mitchell Poynter,,"Tipp City, Ohio",mens-track-and-field,2017,39.961325,-84.1700609
Calvary Rogers,,"Rochester, N.Y.",mens-track-and-field,2017,43.157285,-77.615214
Lance Yassay,,"Livonia, Mich.",mens-track-and-field,2017,42.36837,-83.3527097
Tim Schanstra,,"Stockholm, N.J.",mens-track-and-field,2017,41.0899041,-74.5201461
Alex Roth,,"Princeton, N.J.",mens-track-and-field,2017,40.3496953,-74.6597376
Mike Monroe,,"Manhattan, Ill.",mens-track-and-field,2017,41.4225316,-87.9858863
Anthony Okolo,,"Union, N.J.",mens-track-and-field,2017,40.6652251,-74.3045277
Ross Wilson,,"Wycombe, Pa.",mens-track-and-field,2017,40.2823296,-75.0187801
Jeff Wiseman,,"Holland, Pa.",mens-track-and-field,2017,40.1728871,-74.9926688
Ajay Sarathy,,"Skillman, N.J.",mens-track-and-field,2017,40.4234145,-74.7077882
Demetri Whitsett,,"Denver, Pa.",mens-track-and-field,2017,40.2331483,-76.1371684
James Mirfield,,"Staten Island, N.Y.",mens-track-and-field,2017,40.5834557,-74.1496048
Ryan Renken,,"Claremont, Calif.",mens-track-and-field,2017,34.0966764,-117.7197785
Luke Knouse,,"Elliottsburg, Pa.",mens-track-and-field,2017,40.3889725,-77.288874
Andrew Hally,,"Wilmington, Del.",mens-track-and-field,2017,39.7459468,-75.546589
Ian Kirk,,"Farmingdale, N.J.",mens-track-and-field,2017,40.1965018,-74.1684757
Daniel Cohen,,"Solon, Ohio",mens-track-and-field,2017,41.3897764,-81.4412259
Jake Kubiatowicz,,"North St. Paul, Minn.",mens-track-and-field,2017,45.0122571,-92.9922512
Mike Benz,,"Chester, N.J.",mens-track-and-field,2017,40.7842667,-74.6968284
Joe Novak,,"Donsman, Wis.",mens-track-and-field,2017,43.0147244,-88.4727792
Campbell Parker,,"Greencastle, Pa.",mens-track-and-field,2017,39.790371,-77.7277714
Ethan Chen,,"Camarillo, Calif.",mens-track-and-field,2017,34.2176371,-119.0383541
Robert Klopf,,"Oradell, N.J.",mens-track-and-field,2017,40.9543943,-74.0308504
Evan Lee,,"Indianapolis, Ind.",mens-track-and-field,2017,39.7683331,-86.1583502
Thomas Connelly,,"Wilmington, Del.",mens-track-and-field,2017,39.7459468,-75.546589
Patrick Hally,,"Wilmington, Del.",mens-track-and-field,2017,39.7459468,-75.546589
James Buser,,"Mahwah, N.J.",mens-track-and-field,2017,41.0887072,-74.1437552
Nathan Fisher,,"Houston, Texas",mens-track-and-field,2017,29.7589382,-95.3676974
Isaiah Gaines,,"Findley, Ohio",mens-track-and-field,2017,41.1313013,-82.2117307
Ryan Bender,,"Phoenix, Ariz.",mens-track-and-field,2017,33.4484367,-112.074141
William Duchow,,"Pewakee, Wis.",mens-track-and-field,2017,43.0846017,-88.2139452
Wyatt David,,"Bozeman, Mont.",mens-track-and-field,2017,45.6794293,-111.044047
Zakeer Ahmad,,"Westport, Conn.",mens-track-and-field,2017,41.1414855,-73.3578955
Elias Graca,,"Cheswick, Pa.",mens-track-and-field,2017,40.5410997,-79.8013437
Titus Jeffries,,"Chantilly, Va.",mens-track-and-field,2017,38.885219,-77.4486772
Chudi Ikpeazu,,"Parkland, Fla.",mens-track-and-field,2017,26.3100794,-80.23727
Noah Carey,,"Guilderland, N.Y.",mens-track-and-field,2017,42.704522,-73.911513
Sean Clarke,,"Longwood, Fla.",mens-track-and-field,2017,28.7012172,-81.3461738
Paul Ehmann,,"Mendham, N.J.",mens-track-and-field,2017,40.775941,-74.6009617
Aaron Groff,,"Cherry Hill, N.J.",mens-track-and-field,2017,39.9348351,-75.0307264
Eric Kennedy,,"Vandergrift, Pa.",mens-track-and-field,2017,40.6028462,-79.5647741
Kurt Convey,,"Miami, Fla.",mens-track-and-field,2017,25.7741566,-80.1935973
Ryan Bender,,"Phoenix, Ariz.",mens-track-and-field,2018,33.4484367,-112.074141
William Hare,,"Princeton, N.J.",mens-track-and-field,2018,40.3496953,-74.6597376
Andrew Hally,,"Wilmington, Del.",mens-track-and-field,2018,39.7459468,-75.546589
Aaron Groff,,"Cherry Hill, N.J.",mens-track-and-field,2018,39.9348351,-75.0307264
Elias Graca,,"Cheswick, Pa.",mens-track-and-field,2018,40.5410997,-79.8013437
Mason Gatewood,,"South Huntington, N.Y.",mens-track-and-field,2018,40.8226705,-73.3958725
Ethan Chen,,"Camarillo, Calif.",mens-track-and-field,2018,34.2176371,-119.0383541
Daniel Cohen,,"Solon, Ohio",mens-track-and-field,2018,41.3897764,-81.4412259
Tim Dolan,,"Ewing, N.J.",mens-track-and-field,2018,40.2688105,-74.8006895
William Duchow,,"Pewakee, Wis.",mens-track-and-field,2018,43.0846017,-88.2139452
Will Daly,,"Oradell, N.J.",mens-track-and-field,2018,40.9543943,-74.0308504
Robert Klopf,,"Oradell, N.J.",mens-track-and-field,2018,40.9543943,-74.0308504
Sean Clarke,,"Longwood, Fla.",mens-track-and-field,2018,28.7012172,-81.3461738
Enoch Cheung,,"Cary, N.C.",mens-track-and-field,2018,35.7873617,-78.7811623
Noah Carey,,"Guilderland, N.Y.",mens-track-and-field,2018,42.704522,-73.911513
Chudi Ikpeazu,,"Parkland, Fla.",mens-track-and-field,2018,26.3100794,-80.23727
Colin Daly,,"Oradell, N.J.",mens-track-and-field,2018,40.9543943,-74.0308504
Justin Cornetta,,"Flemington, N.J.",mens-track-and-field,2018,40.5130953,-74.8591333
Jake Kubiatowicz,,"North St. Paul, Minn.",mens-track-and-field,2018,45.0122571,-92.9922512
Kurt Convey,,"Miami, Fla.",mens-track-and-field,2018,25.7741566,-80.1935973
Mitchell Poynter,,"Tipp City, Ohio",mens-track-and-field,2018,39.961325,-84.1700609
Cristian Constantin,,"Constanta, Romania",mens-track-and-field,2018,44.1767161,28.6507598
Ryan Renken,,"Claremont, Calif.",mens-track-and-field,2018,34.0966764,-117.7197785
Calvary Rogers,,"Rochester, N.Y.",mens-track-and-field,2018,43.157285,-77.615214
Christopher Romero,,"Glen Gardner, N.J.",mens-track-and-field,2018,40.6967671,-74.9407248
Tyler Herrick,,"Hutto, Texas.",mens-track-and-field,2018,30.5427638,-97.5468898
Jared Elters,,"Coatesville, Pa.",mens-track-and-field,2018,39.9831616,-75.8238355
Joe Novak,,"Donsman, Wis.",mens-track-and-field,2018,43.0147244,-88.4727792
Demetri Whitsett,,"Denver, Pa.",mens-track-and-field,2018,40.2331483,-76.1371684
Weston Wendt,,"Carl Junction, Mo.",mens-track-and-field,2018,37.1767058,-94.5649938
Sam Webb,,"Yardley, Pa.",mens-track-and-field,2018,40.242506,-74.8389704
Ray Sellaro,,"Annandale, N.J.",mens-track-and-field,2018,40.6475975,-74.8862631
Anthony Russo,,"Colts Neck, N.J.",mens-track-and-field,2018,40.2876108,-74.1723652
Evan Lee,,"Indianapolis, Ind.",mens-track-and-field,2018,39.7683331,-86.1583502
Alex Roth,,"Princeton, N.J.",mens-track-and-field,2018,40.3496953,-74.6597376
Matias Pellegrino,,"Deniville, N.J.",mens-track-and-field,2018,40.8922694,-74.4774255
Sam Woodhouse,,"Atlanta, Ga.",mens-track-and-field,2018,33.7544657,-84.3898151
Anthony Okolo,,"Union, N.J.",mens-track-and-field,2018,40.6652251,-74.3045277
Lance Yassay,,"Livonia, Mich.",mens-track-and-field,2018,42.36837,-83.3527097
Nathan Fisher,,"Houston, Texas",mens-track-and-field,2018,29.7589382,-95.3676974
Kevin Monogue,,"Burke, Va.",mens-track-and-field,2018,38.7812445,-77.2688875
Payton Morris,,"Enola, Pa.",mens-track-and-field,2018,40.2853013,-76.9358463
Kyle Oden,,"Los Angeles, Calif.",mens-track-and-field,2018,34.0536909,-118.242766
Marvin Morgan,,"Neptune, N.J.",mens-track-and-field,2018,39.2191278,-74.7129026
Campbell Parker,,"Greencastle, Pa.",mens-track-and-field,2018,39.790371,-77.7277714
Vince Oliver,,"Weirton, WVa.",mens-track-and-field,2018,40.4002396,-80.5899788
James Lee,,"Longmont, Colo.",mens-track-and-field,2018,40.1672117,-105.101928
Cameron Landis,,"Madison, Ohio",mens-track-and-field,2018,39.8868227,-83.3937233
Marc Minichello,,"Exeter, Pa.",mens-track-and-field,2018,41.3206358,-75.8190835
Torstein Eliassen,,"Moss, Norway",mens-track-and-field,2018,59.4146675,10.6596578
James Mirfield,,"Staten Island, N.Y.",mens-track-and-field,2018,40.5834557,-74.1496048
James Lee,,"Longmont, Colo.",mens-track-and-field,2019,40.1672117,-105.101928
Marc Minichello,,"Exeter, Pa.",mens-track-and-field,2019,41.3206358,-75.8190835
Anthony Okolo,,"Union, N.J.",mens-track-and-field,2019,40.6652251,-74.3045277
Evan Lee,,"Indianapolis, Ind.",mens-track-and-field,2019,39.7683331,-86.1583502
Adam Yang,,"Acton, Mass.",mens-track-and-field,2019,42.4850931,-71.43284
Michael Keehan,,"Wilmington, Del.",mens-track-and-field,2019,39.7459468,-75.546589
Weston Wendt,,"Carl Junction, Mo.",mens-track-and-field,2019,37.1767058,-94.5649938
Antaures Jackson,,"McDonough, Ga.",mens-track-and-field,2019,33.4473361,-84.1468616
Vince Oliver,,"Weirton, WVa.",mens-track-and-field,2019,40.4002396,-80.5899788
Marvin Morgan,,"Neptune, N.J.",mens-track-and-field,2019,39.2191278,-74.7129026
Chudi Ikpeazu,,"Parkland, Fla.",mens-track-and-field,2019,26.3100794,-80.23727
Kyle Oden,,"Los Angeles, Calif.",mens-track-and-field,2019,34.0536909,-118.242766
James Mirfield,,"Staten Island, N.Y.",mens-track-and-field,2019,40.5834557,-74.1496048
Jake Kubiatowicz,,"North St. Paul, Minn.",mens-track-and-field,2019,45.0122571,-92.9922512
Caleb Johnson,,"Upper Moreland, Pa.",mens-track-and-field,2019,40.1437722,-75.1210142
Anthony Russo,,"Colts Neck, N.J.",mens-track-and-field,2019,40.2876108,-74.1723652
Anton Idhammar,,"Cary, N.C.",mens-track-and-field,2019,35.7873617,-78.7811623
Mitchell Poynter,,"Tipp City, Ohio",mens-track-and-field,2019,39.961325,-84.1700609
Payton Morris,,"Enola, Pa.",mens-track-and-field,2019,40.2853013,-76.9358463
Alex Roth,,"Princeton, N.J.",mens-track-and-field,2019,40.3496953,-74.6597376
Demetri Whitsett,,"Denver, Pa.",mens-track-and-field,2019,40.2331483,-76.1371684
Robbie Ruppel,,"Alpharetta, Ga.",mens-track-and-field,2019,34.0755962,-84.2945964
Campbell Parker,,"Greencastle, Pa.",mens-track-and-field,2019,39.790371,-77.7277714
Alex Ruhl,,"Ridgewood, N.J.",mens-track-and-field,2019,40.9796683,-74.1194403
Matias Pellegrino,,"Deniville, N.J.",mens-track-and-field,2019,40.8922694,-74.4774255
Cameron Landis,,"Madison, Ohio",mens-track-and-field,2019,39.8868227,-83.3937233
Tyler Herrick,,"Hutto, Texas.",mens-track-and-field,2019,30.5427638,-97.5468898
Ryan Renken,,"Claremont, Calif.",mens-track-and-field,2019,34.0966764,-117.7197785
William Hare,,"Princeton, N.J.",mens-track-and-field,2019,40.3496953,-74.6597376
Tim Dolan,,"Ewing, N.J.",mens-track-and-field,2019,40.2688105,-74.8006895
Masaki Wada-Law,,"Los Gatos, Calif.",mens-track-and-field,2019,37.226611,-121.9746797
Nathan Fisher,,"Houston, Texas",mens-track-and-field,2019,29.7589382,-95.3676974
Mark Anselmi,,"Red Bank, N.J.",mens-track-and-field,2019,40.3470543,-74.0643065
Andrew Colbert,,"Freehold, N.J.",mens-track-and-field,2019,40.2601096,-74.2737573
Sean Banko,,"Wilmington, Del.",mens-track-and-field,2019,39.7459468,-75.546589
Daniel Cohen,,"Solon, Ohio",mens-track-and-field,2019,41.3897764,-81.4412259
Justin Cornetta,,"Flemington, N.J.",mens-track-and-field,2019,40.5130953,-74.8591333
Enoch Cheung,,"Cary, N.C.",mens-track-and-field,2019,35.7873617,-78.7811623
Noah Carey,,"Guilderland, N.Y.",mens-track-and-field,2019,42.704522,-73.911513
Jared Cooper,,"Mountain Lakes, N.J.",mens-track-and-field,2019,40.8948212,-74.4329314
Ray Sellaro,,"Annandale, N.J.",mens-track-and-field,2019,40.6475975,-74.8862631
Olatide Abinusawa,,"Horsham, Pa.",mens-track-and-field,2019,40.1842455,-75.1390524
Ryan Bender,,"Phoenix, Ariz.",mens-track-and-field,2019,33.4484367,-112.074141
Anthony Argyropoulos,,"Ontario, Canada",mens-track-and-field,2019,50.000678,-86.000977
Colin Daly,,"Oradell, N.J.",mens-track-and-field,2019,40.9543943,-74.0308504
Jared Elters,,"Coatesville, Pa.",mens-track-and-field,2019,39.9831616,-75.8238355
Sean Clarke,,"Longwood, Fla.",mens-track-and-field,2019,28.7012172,-81.3461738
Nick Faries,,"Santa Monica, Calif.",mens-track-and-field,2019,34.0194704,-118.491227
Zubeir Dagane,,"Bloomington, Minn.",mens-track-and-field,2019,44.8322405,-93.3204872
Emerson Douds,,"Matthews, N.C.",mens-track-and-field,2019,35.1159532,-80.7224386
Michael Hermes,,"Friendswood, Texas",mens-track-and-field,2019,29.5293998,-95.2010447
Will Daly,,"Oradell, N.J.",mens-track-and-field,2019,40.9543943,-74.0308504
Aaron Groff,,"Cherry Hill, N.J.",mens-track-and-field,2019,39.9348351,-75.0307264
Andrew Hally,,"Wilmington, Del.",mens-track-and-field,2019,39.7459468,-75.546589
Mason Gatewood,,"South Huntington, N.Y.",mens-track-and-field,2019,40.8226705,-73.3958725
Dimitri Nicholson,,"Valparaiso, Ind.",mens-track-and-field,2020,41.4672552,-87.0604487
Chudi Ikpeazu,,"Parkland, Fla.",mens-track-and-field,2020,26.3100794,-80.23727
Matias Pellegrino,,"Deniville, N.J.",mens-track-and-field,2020,40.8922694,-74.4774255
Scott Toney,,"Mountainview, Calif.",mens-track-and-field,2020,32.7580831,-115.5630947
Masaki Wada-Law,,"Los Gatos, Calif.",mens-track-and-field,2020,37.226611,-121.9746797
Vince Oliver,,"Weirton, WVa.",mens-track-and-field,2020,40.4002396,-80.5899788
Campbell Parker,,"Greencastle, Pa.",mens-track-and-field,2020,39.790371,-77.7277714
Jake Kubiatowicz,,"North St. Paul, Minn.",mens-track-and-field,2020,45.0122571,-92.9922512
Marc Minichello,,"Exeter, Pa.",mens-track-and-field,2020,41.3206358,-75.8190835
James Lee,,"Longmont, Colo.",mens-track-and-field,2020,40.1672117,-105.101928
Oliver Stewart,,"Cape Town, South Africa",mens-track-and-field,2020,-33.9288301,18.4172197
Ryan Renken,,"Claremont, Calif.",mens-track-and-field,2020,34.0966764,-117.7197785
Ray Sellaro,,"Annandale, N.J.",mens-track-and-field,2020,40.6475975,-74.8862631
Alex Roth,,"Princeton, N.J.",mens-track-and-field,2020,40.3496953,-74.6597376
Weston Wendt,,"Carl Junction, Mo.",mens-track-and-field,2020,37.1767058,-94.5649938
Payton Morris,,"Enola, Pa.",mens-track-and-field,2020,40.2853013,-76.9358463
Robbie Ruppel,,"Alpharetta, Ga.",mens-track-and-field,2020,34.0755962,-84.2945964
Demetri Whitsett,,"Denver, Pa.",mens-track-and-field,2020,40.2331483,-76.1371684
Anthony Russo,,"Colts Neck, N.J.",mens-track-and-field,2020,40.2876108,-74.1723652
Adam Yang,,"Acton, Mass.",mens-track-and-field,2020,42.4850931,-71.43284
Marvin Morgan,,"Neptune, N.J.",mens-track-and-field,2020,39.2191278,-74.7129026
Alex Ruhl,,"Ridgewood, N.J.",mens-track-and-field,2020,40.9796683,-74.1194403
Cameron Landis,,"Madison, Ohio",mens-track-and-field,2020,39.8868227,-83.3937233
Will Shaughnessy,,"Brunswick, Maine",mens-track-and-field,2020,43.9166529,-69.9659438
Jack Meigel,,"West Hampton Beach, N.Y.",mens-track-and-field,2020,40.8210646,-72.6532624
Liam O'Hara,,"Lincroft, N.J.",mens-track-and-field,2020,40.3450695,-74.1300764
Sean Banko,,"Wilmington, Del.",mens-track-and-field,2020,39.7459468,-75.546589
Justin Iler,,"Hunting Valley, Ohio",mens-track-and-field,2020,41.489219,-81.401781
Daniel Cohen,,"Solon, Ohio",mens-track-and-field,2020,41.3897764,-81.4412259
Tim Dolan,,"Ewing, N.J.",mens-track-and-field,2020,40.2688105,-74.8006895
George Adams,,"Atlanta, Ga.",mens-track-and-field,2020,33.7544657,-84.3898151
Mark Anselmi,,"Red Bank, N.J.",mens-track-and-field,2020,40.3470543,-74.0643065
Troy Hill,,"Middletown, N.J.",mens-track-and-field,2020,40.3898188,-74.1162152
Anton Idhammar,,"Cary, N.C.",mens-track-and-field,2020,35.7873617,-78.7811623
Jared Cooper,,"Mountain Lakes, N.J.",mens-track-and-field,2020,40.8948212,-74.4329314
Michael Keehan,,"Wilmington, Del.",mens-track-and-field,2020,39.7459468,-75.546589
Justin Cornetta,,"Flemington, N.J.",mens-track-and-field,2020,40.5130953,-74.8591333
Emerson Douds,,"Matthews, N.C.",mens-track-and-field,2020,35.1159532,-80.7224386
Andrew Colbert,,"Freehold, N.J.",mens-track-and-field,2020,40.2601096,-74.2737573
Zubeir Dagane,,"Bloomington, Minn.",mens-track-and-field,2020,44.8322405,-93.3204872
Antaures Jackson,,"McDonough, Ga.",mens-track-and-field,2020,33.4473361,-84.1468616
Olatide Abinusawa,,"Horsham, Pa.",mens-track-and-field,2020,40.1842455,-75.1390524
Jared Elters,,"Coatesville, Pa.",mens-track-and-field,2020,39.9831616,-75.8238355
Noah Carey,,"Guilderland, N.Y.",mens-track-and-field,2020,42.704522,-73.911513
Caleb Johnson,,"Upper Moreland, Pa.",mens-track-and-field,2020,40.1437722,-75.1210142
Nick Faries,,"Santa Monica, Calif.",mens-track-and-field,2020,34.0194704,-118.491227
Ben Kioko,,"Princeton, N.J.",mens-track-and-field,2020,40.3496953,-74.6597376
Enoch Cheung,,"Cary, N.C.",mens-track-and-field,2020,35.7873617,-78.7811623
Michael Hermes,,"Friendswood, Texas",mens-track-and-field,2020,29.5293998,-95.2010447
Mason Gatewood,,"South Huntington, N.Y.",mens-track-and-field,2020,40.8226705,-73.3958725
William Hare,,"Princeton, N.J.",mens-track-and-field,2020,40.3496953,-74.6597376
Olatide Abinusawa,,"Horsham, Pa.",mens-track-and-field,2021,40.1842455,-75.1390524
Jack Meigel,,"West Hampton Beach, N.Y.",mens-track-and-field,2021,40.8210646,-72.6532624
Scott Dochat,,"Clifton Park, N.Y.",mens-track-and-field,2021,42.8630374,-73.7747623
Tim Dolan,,"Ewing, N.J.",mens-track-and-field,2021,40.2688105,-74.8006895
Caleb Johnson,,"Upper Moreland, Pa.",mens-track-and-field,2021,40.1437722,-75.1210142
Charlie King,,"Ridgefield, Conn.",mens-track-and-field,2021,41.2814842,-73.4981792
Cameron Landis,,"Madison, Ohio",mens-track-and-field,2021,39.8868227,-83.3937233
Edwin Klanke,,"Jersey City, N.J.",mens-track-and-field,2021,40.7215682,-74.047455
Conrad Moore,,"State College, Pa.",mens-track-and-field,2021,40.7944504,-77.8616386
Marc Minichello,,"Exeter, Pa.",mens-track-and-field,2021,41.3206358,-75.8190835
Dimitri Nicholson,,"Valparaiso, Ind.",mens-track-and-field,2021,41.4672552,-87.0604487
Kyle Miller,,"Scottsdale, Ariz.",mens-track-and-field,2021,33.4942189,-111.926018
James Lee,,"Longmont, Colo.",mens-track-and-field,2021,40.1672117,-105.101928
Adam Yang,,"Acton, Mass.",mens-track-and-field,2021,42.4850931,-71.43284
Elijah Cook,,"Bedford, Pa.",mens-track-and-field,2021,40.0271453,-78.5237447
Benedikt Sachta,,Czech Republic,mens-track-and-field,2021,49.7439047,15.3381061
Ray Sellaro,,"Annandale, N.J.",mens-track-and-field,2021,40.6475975,-74.8862631
Will Shaughnessy,,"Brunswick, Maine",mens-track-and-field,2021,43.9166529,-69.9659438
Luke Johnson,,"Plainsboro, N.J.",mens-track-and-field,2021,40.3334409,-74.6004341
Aaron Stillitano,,"Middletown, N.J.",mens-track-and-field,2021,40.3898188,-74.1162152
Dylan Throop,,"Edinboro, Pa.",mens-track-and-field,2021,41.8742225,-80.1317236
Scott Toney,,"Mountainview, Calif.",mens-track-and-field,2021,32.7580831,-115.5630947
Robbie Ruppel,,"Alpharetta, Ga.",mens-track-and-field,2021,34.0755962,-84.2945964
Oliver Stewart,,"Cape Town, South Africa",mens-track-and-field,2021,-33.9288301,18.4172197
James Rhoads,,"Baltimore, Ohio",mens-track-and-field,2021,39.8453418,-82.6007185
Weston Wendt,,"Carl Junction, Mo.",mens-track-and-field,2021,37.1767058,-94.5649938
Troy Hill,,"Middletown, N.J.",mens-track-and-field,2021,40.3898188,-74.1162152
Jonah Gorevic,,"Tarrytown, N.Y.",mens-track-and-field,2021,41.0762077,-73.8587461
Vidhur Polam,,"Monmouth Junction, N.J.",mens-track-and-field,2021,40.3840222,-74.533084
Andrew Colbert,,"Freehold, N.J.",mens-track-and-field,2021,40.2601096,-74.2737573
Mark Anselmi,,"Red Bank, N.J.",mens-track-and-field,2021,40.3470543,-74.0643065
Antaures Jackson,,"McDonough, Ga.",mens-track-and-field,2021,33.4473361,-84.1468616
Sean Banko,,"Wilmington, Del.",mens-track-and-field,2021,39.7459468,-75.546589
Titus Bretzke,,"Greenville, Mich.",mens-track-and-field,2021,43.1775314,-85.2527987
Enoch Cheung,,"Cary, N.C.",mens-track-and-field,2021,35.7873617,-78.7811623
Justin Cornetta,,"Flemington, N.J.",mens-track-and-field,2021,40.5130953,-74.8591333
Aaron Ray,,"Baltimore, Md.",mens-track-and-field,2021,39.2908816,-76.610759
Zubeir Dagane,,"Bloomington, Minn.",mens-track-and-field,2021,44.8322405,-93.3204872
Liam O'Hara,,"Lincroft, N.J.",mens-track-and-field,2021,40.3450695,-74.1300764
Noah Carey,,"Guilderland, N.Y.",mens-track-and-field,2021,42.704522,-73.911513
Justin Iler,,"Hunting Valley, Ohio",mens-track-and-field,2021,41.489219,-81.401781
Jared Cooper,,"Mountain Lakes, N.J.",mens-track-and-field,2021,40.8948212,-74.4329314
Michael Keehan,,"Wilmington, Del.",mens-track-and-field,2021,39.7459468,-75.546589
Holden Emery,,"Buckingham, Pa.",mens-track-and-field,2021,40.3165463,-75.0469193
Nick Faries,,"Santa Monica, Calif.",mens-track-and-field,2021,34.0194704,-118.491227
Mason Gatewood,,"South Huntington, N.Y.",mens-track-and-field,2021,40.8226705,-73.3958725
Anton Idhammar,,"Cary, N.C.",mens-track-and-field,2021,35.7873617,-78.7811623
Adam Gorka,,"Monmouth Junction, N.J.",mens-track-and-field,2021,40.3840222,-74.533084
William Hare,,"Princeton, N.J.",mens-track-and-field,2021,40.3496953,-74.6597376
Michael Hermes,,"Friendswood, Texas",mens-track-and-field,2021,29.5293998,-95.2010447
Jared Elters,,"Coatesville, Pa.",mens-track-and-field,2021,39.9831616,-75.8238355
Emerson Douds,,"Matthews, N.C.",mens-track-and-field,2021,35.1159532,-80.7224386
Benedikt Sachta,,Czech Republic,mens-track-and-field,2022,49.7439047,15.3381061
Dylan Throop,,"Edinboro, Pa.",mens-track-and-field,2022,41.8742225,-80.1317236
Liam O'Hara,,"Lincroft, N.J.",mens-track-and-field,2022,40.3450695,-74.1300764
Charlie King,,"Ridgefield, Conn.",mens-track-and-field,2022,41.2814842,-73.4981792
Edwin Klanke,,"Jersey City, N.J.",mens-track-and-field,2022,40.7215682,-74.047455
Jack Meigel,,"West Hampton Beach, N.Y.",mens-track-and-field,2022,40.8210646,-72.6532624
Michael Keehan,,"Wilmington, Del.",mens-track-and-field,2022,39.7459468,-75.546589
James Rhoads,,"Baltimore, Ohio",mens-track-and-field,2022,39.8453418,-82.6007185
Kampton Kam,,Singapore,mens-track-and-field,2022,1.357107,103.8194992
Andrew O'Donnell,,"Riverside, Conn.",mens-track-and-field,2022,41.0314897,-73.5833604
Dimitri Nicholson,,"Valparaiso, Ind.",mens-track-and-field,2022,41.4672552,-87.0604487
Oliver Stewart,,"Cape Town, South Africa",mens-track-and-field,2022,-33.9288301,18.4172197
Silas Ruth,,"Rochester, N.Y.",mens-track-and-field,2022,43.157285,-77.615214
Nick Faries,,"Santa Monica, Calif.",mens-track-and-field,2022,34.0194704,-118.491227
Holden Emery,,"Buckingham, Pa.",mens-track-and-field,2022,40.3165463,-75.0469193
Zubeir Dagane,,"Bloomington, Minn.",mens-track-and-field,2022,44.8322405,-93.3204872
Kyle Miller,,"Scottsdale, Ariz.",mens-track-and-field,2022,33.4942189,-111.926018
Charles Jarvis,,"Aliso Viejo, Calif.",mens-track-and-field,2022,33.5761376,-117.7258122
Aaron Stillitano,,"Middletown, N.J.",mens-track-and-field,2022,40.3898188,-74.1162152
Jake Rose,,"Catawissa, Pa.",mens-track-and-field,2022,40.9548267,-76.4609868
Mark Hellwig,,"Lincolnshire,Ill.",mens-track-and-field,2022,42.1900249,-87.9084039
Luke Johnson,,"Plainsboro, N.J.",mens-track-and-field,2022,40.3334409,-74.6004341
John Ruvo IV,,"Scottsdale, Ariz.",mens-track-and-field,2022,33.4942189,-111.926018
Elijah Cook,,"Bedford, Pa.",mens-track-and-field,2022,40.0271453,-78.5237447
Robbie Ruppel,,"Alpharetta, Ga.",mens-track-and-field,2022,34.0755962,-84.2945964
Scott Toney,,"Mountainview, Calif.",mens-track-and-field,2022,32.7580831,-115.5630947
Conrad Moore,,"State College, Pa.",mens-track-and-field,2022,40.7944504,-77.8616386
Devante Heywood,,"Trelawny, Jamaica",mens-track-and-field,2022,18.3682128,-77.6043615
Antaures Jackson,,"McDonough, Ga.",mens-track-and-field,2022,33.4473361,-84.1468616
Sean Banko,,"Wilmington, Del.",mens-track-and-field,2022,39.7459468,-75.546589
Titus Bretzke,,"Greenville, Mich.",mens-track-and-field,2022,43.1775314,-85.2527987
Mark Anselmi,,"Red Bank, N.J.",mens-track-and-field,2022,40.3470543,-74.0643065
Scott Dochat,,"Clifton Park, N.Y.",mens-track-and-field,2022,42.8630374,-73.7747623
Nick Carpenter,,"Winter Park, Fla.",mens-track-and-field,2022,28.5977707,-81.3510264
Sahil Dodda,,"Dallas, Texas",mens-track-and-field,2022,32.7762719,-96.7968559
Andrew Colbert,,"Freehold, N.J.",mens-track-and-field,2022,40.2601096,-74.2737573
Olatide Abinusawa,,"Horsham, Pa.",mens-track-and-field,2022,40.1842455,-75.1390524
Vidhur Polam,,"Monmouth Junction, N.J.",mens-track-and-field,2022,40.3840222,-74.533084
Alec Jackson,,"McDonough, Ga.",mens-track-and-field,2022,33.4473361,-84.1468616
Shane Gardner,,"Sugar Land, Texas",mens-track-and-field,2022,29.6196787,-95.6349463
Adam Yang,,"Acton, Mass.",mens-track-and-field,2022,42.4850931,-71.43284
Justin Iler,,"Hunting Valley, Ohio",mens-track-and-field,2022,41.489219,-81.401781
Troy Hill,,"Middletown, N.J.",mens-track-and-field,2022,40.3898188,-74.1162152
Atticus Soehren,,"Otisfield, Maine",mens-track-and-field,2022,44.091355,-70.5353025
Caleb Johnson,,"Upper Moreland, Pa.",mens-track-and-field,2022,40.1437722,-75.1210142
Emerson Douds,,"Matthews, N.C.",mens-track-and-field,2022,35.1159532,-80.7224386
Nicolas Pizarro,,"Wilmington, Del.",mens-track-and-field,2022,39.7459468,-75.546589
Michael Hermes,,"Friendswood, Texas",mens-track-and-field,2022,29.5293998,-95.2010447
Anton Idhammar,,"Cary, N.C.",mens-track-and-field,2022,35.7873617,-78.7811623
Liam Going,,"Westbury, N.Y.",mens-track-and-field,2022,40.7556561,-73.5876273
Matthew Fernando,,"Atlanta, Ga.",mens-track-and-field,2022,33.7544657,-84.3898151
Denis Gallagher,,"Narberth, Pa.",mens-track-and-field,2022,40.0084456,-75.26046
Dennis Fortuna,,"Runnemede, N.J.",mens-track-and-field,2022,39.8523358,-75.0679498
Sahil Dodda,,"Dallas, Texas",mens-track-and-field,2023,32.7762719,-96.7968559
Mark Hellwig,,"Lincolnshire,Ill.",mens-track-and-field,2023,42.1900249,-87.9084039
Nick Carpenter,,"Winter Park, Fla.",mens-track-and-field,2023,28.5977707,-81.3510264
Alec Jackson,,"McDonough, Ga.",mens-track-and-field,2023,33.4473361,-84.1468616
Luke Johnson,,"Plainsboro, N.J.",mens-track-and-field,2023,40.3334409,-74.6004341
Edwin Klanke,,"Jersey City, N.J.",mens-track-and-field,2023,40.7215682,-74.047455
Brian Gent,,"Pepper Pike, Ohio",mens-track-and-field,2023,41.478387,-81.46373
Robert Handelsman,,"Woodberry Forest, Va.",mens-track-and-field,2023,38.2912235,-78.1245762
Zezo Beshir,,"Newton, Mass.",mens-track-and-field,2023,42.3300435,-71.194862
Alex Boyko,,"Cinnaminson, N.J.",mens-track-and-field,2023,40.0166151,-74.9999754
Troy Hill,,"Middletown, N.J.",mens-track-and-field,2023,40.3898188,-74.1162152
Nicholas DeVita,,"West Orange, N.J.",mens-track-and-field,2023,40.7987113,-74.2390353
Dennis Fortuna,,"Runnemede, N.J.",mens-track-and-field,2023,39.8523358,-75.0679498
Kofi Fordjour,,"Quincy, Mass.",mens-track-and-field,2023,42.2509914,-71.0037374
Vidhur Polam,,"Monmouth Junction, N.J.",mens-track-and-field,2023,40.3840222,-74.533084
Kai Deines,,"Redondo Beach, Calif.",mens-track-and-field,2023,33.8398289,-118.3845942
George Keen,,"Cambridge, United Kingdom",mens-track-and-field,2023,52.1975846,0.1391537
Denis Gallagher,,"Narberth, Pa.",mens-track-and-field,2023,40.0084456,-75.26046
Elijah Cook,,"Bedford, Pa.",mens-track-and-field,2023,40.0271453,-78.5237447
Devante Heywood,,"Trelawny, Jamaica",mens-track-and-field,2023,18.3682128,-77.6043615
Scott Dochat,,"Clifton Park, N.Y.",mens-track-and-field,2023,42.8630374,-73.7747623
Jesse Goldman,,"Los Angeles, Calif.",mens-track-and-field,2023,34.0536909,-118.242766
Shane Gardner,,"Sugar Land, Texas",mens-track-and-field,2023,29.6196787,-95.6349463
Sebastian Pizarro,,"Wilmington, Del.",mens-track-and-field,2023,39.7459468,-75.546589
Dylan Throop,,"Edinboro, Pa.",mens-track-and-field,2023,41.8742225,-80.1317236
Andrew O'Donnell,,"Riverside, Conn.",mens-track-and-field,2023,41.0314897,-73.5833604
Alex Sadikov,,"Ocean Township, N.J.",mens-track-and-field,2023,40.2520408,-74.0461049
Nicolas West,,"Delray Beach, Fla.",mens-track-and-field,2023,26.4614625,-80.0728201
Sean Golembiewski,,"Hopkinton, Mass.",mens-track-and-field,2023,42.2288875,-71.5196439
Benedikt Sachta,,Czech Republic,mens-track-and-field,2023,49.7439047,15.3381061
Liam O'Hara,,"Lincroft, N.J.",mens-track-and-field,2023,40.3450695,-74.1300764
Scott Toney,,"Mountainview, Calif.",mens-track-and-field,2023,32.7580831,-115.5630947
Jake Rose,,"Catawissa, Pa.",mens-track-and-field,2023,40.9548267,-76.4609868
Silas Ruth,,"Rochester, N.Y.",mens-track-and-field,2023,43.157285,-77.615214
Adam Laycock,,"Westlake, Calif.",mens-track-and-field,2023,34.0629226,-118.2728204
Conrad Moore,,"State College, Pa.",mens-track-and-field,2023,40.7944504,-77.8616386
Aaron Stillitano,,"Middletown, N.J.",mens-track-and-field,2023,40.3898188,-74.1162152
Will Shaughnessy,,"Brunswick, Maine",mens-track-and-field,2023,43.9166529,-69.9659438
Nayyir Newash-Campbell,,"Plainfield, Ind.",mens-track-and-field,2023,39.703872,-86.399477
James Rhoads,,"Baltimore, Ohio",mens-track-and-field,2023,39.8453418,-82.6007185
Atticus Soehren,,"Otisfield, Maine",mens-track-and-field,2023,44.091355,-70.5353025
Liam Going,,"Westbury, N.Y.",mens-track-and-field,2023,40.7556561,-73.5876273
Ryan Matulonis,,"Scotch Plains, N.J.",mens-track-and-field,2023,40.65538,-74.3898732
Titus Bretzke,,"Greenville, Mich.",mens-track-and-field,2023,43.1775314,-85.2527987
Kyle Miller,,"Scottsdale, Ariz.",mens-track-and-field,2023,33.4942189,-111.926018
Dimitri Nicholson,,"Valparaiso, Ind.",mens-track-and-field,2023,41.4672552,-87.0604487
Patrick Monahan,,"Boise, Idaho",mens-track-and-field,2023,43.6166163,-116.200886
Kampton Kam,,Singapore,mens-track-and-field,2023,1.357107,103.8194992
Jack Meigel,,"West Hampton Beach, N.Y.",mens-track-and-field,2023,40.8210646,-72.6532624
Holden Emery,,"Buckingham, Pa.",mens-track-and-field,2023,40.3165463,-75.0469193
Paul Park,,"Manhasset, N.Y.",mens-track-and-field,2023,40.786702,-73.6967338
Rory Lieberman,,"Danville, Pa.",mens-track-and-field,2023,40.9664806,-76.6131474
Nicolas Pizarro,,"Wilmington, Del.",mens-track-and-field,2023,39.7459468,-75.546589
Kyle Miller,,"Scottsdale, Ariz.",mens-track-and-field,2024,33.4942189,-111.926018
Brady Golomb,,"Elmhurst, Ill.",mens-track-and-field,2024,41.8994745,-87.9403418
Chris Larnard,,"Scituate, Mass.",mens-track-and-field,2024,42.1924492,-70.7261966
Will Shaughnessy,,"Brunswick, Maine",mens-track-and-field,2024,43.9166529,-69.9659438
Brooks Mitchell,,"Lewisville, Texas",mens-track-and-field,2024,33.046233,-96.994174
Benjamin Markham,,"Decatur, Ga.",mens-track-and-field,2024,30.8736613,-84.5740953
Nicolas Pizarro,,"Wilmington, Del.",mens-track-and-field,2024,39.7459468,-75.546589
Ryan Matulonis,,"Scotch Plains, N.J.",mens-track-and-field,2024,40.65538,-74.3898732
Diego Mendez Colon,,"Dorado, Puerto Rico",mens-track-and-field,2024,18.4317317,-66.2796684
Raghav Gopalakrishnan,,"Charlotte, N.C.",mens-track-and-field,2024,35.2272086,-80.8430827
Nayyir Newash-Campbell,,"Plainfield, Ind.",mens-track-and-field,2024,39.703872,-86.399477
Silas Ruth,,"Rochester, N.Y.",mens-track-and-field,2024,43.157285,-77.615214
Oliver Hassard,,"Evanston, Ill.",mens-track-and-field,2024,42.0470043,-87.6846053
Cade Swart,,"Tallahassee, Fla.",mens-track-and-field,2024,30.4380832,-84.2809332
Nicholas DeVita,,"West Orange, N.J.",mens-track-and-field,2024,40.7987113,-74.2390353
Conrad Moore,,"State College, Pa.",mens-track-and-field,2024,40.7944504,-77.8616386
Zezo Beshir,,"Newton, Mass.",mens-track-and-field,2024,42.3300435,-71.194862
Kofi Fordjour,,"Quincy, Mass.",mens-track-and-field,2024,42.2509914,-71.0037374
Dylan Throop,,"Edinboro, Pa.",mens-track-and-field,2024,41.8742225,-80.1317236
Jasyn Truitt,,"Smyrna, Del.",mens-track-and-field,2024,39.2998339,-75.6046494
Jake Rose,,"Catawissa, Pa.",mens-track-and-field,2024,40.9548267,-76.4609868
Takunda Mhete,,"Marondera, Zimbabwe",mens-track-and-field,2024,-18.190098,31.545542
Alex Sadikov,,"Ocean Township, N.J.",mens-track-and-field,2024,40.2520408,-74.0461049
Vidhur Polam,,"Monmouth Junction, N.J.",mens-track-and-field,2024,40.3840222,-74.533084
Shane Murphy,,"New York, N.Y.",mens-track-and-field,2024,40.7127281,-74.0060152
Liam Going,,"Westbury, N.Y.",mens-track-and-field,2024,40.7556561,-73.5876273
Mark Hellwig,,"Lincolnshire,Ill.",mens-track-and-field,2024,42.1900249,-87.9084039
Elias Chase,,"Landenberg, Pa.",mens-track-and-field,2024,39.7773329,-75.7713264
Aaron Stillitano,,"Middletown, N.J.",mens-track-and-field,2024,40.3898188,-74.1162152
Nick Carpenter,,"Winter Park, Fla.",mens-track-and-field,2024,28.5977707,-81.3510264
Joseph Ruiz,,"Miami, Fla.",mens-track-and-field,2024,25.7741566,-80.1935973
Dennis Fortuna,,"Runnemede, N.J.",mens-track-and-field,2024,39.8523358,-75.0679498
Anikwe Duru,,"Silver Spring, Md.",mens-track-and-field,2024,38.9997621,-77.0240371
Scott Dochat,,"Clifton Park, N.Y.",mens-track-and-field,2024,42.8630374,-73.7747623
Sahil Dodda,,"Dallas, Texas",mens-track-and-field,2024,32.7762719,-96.7968559
David Davitt,,"Yonkers, N.Y.",mens-track-and-field,2024,40.9312099,-73.8987469
Esfan Daya,,"Atlanta, Ga.",mens-track-and-field,2024,33.7544657,-84.3898151
Atticus Soehren,,"Otisfield, Maine",mens-track-and-field,2024,44.091355,-70.5353025
Paul Park,,"Manhasset, N.Y.",mens-track-and-field,2024,40.786702,-73.6967338
Sebastian Pizarro,,"Wilmington, Del.",mens-track-and-field,2024,39.7459468,-75.546589
Edwin Klanke,,"Jersey City, N.J.",mens-track-and-field,2024,40.7215682,-74.047455
Alec Jackson,,"McDonough, Ga.",mens-track-and-field,2024,33.4473361,-84.1468616
Brian Gent,,"Pepper Pike, Ohio",mens-track-and-field,2024,41.478387,-81.46373
Elijah Cook,,"Bedford, Pa.",mens-track-and-field,2024,40.0271453,-78.5237447
Kai Deines,,"Redondo Beach, Calif.",mens-track-and-field,2024,33.8398289,-118.3845942
George Keen,,"Cambridge, United Kingdom",mens-track-and-field,2024,52.1975846,0.1391537
Shane Gardner,,"Sugar Land, Texas",mens-track-and-field,2024,29.6196787,-95.6349463
Alex Georgiev,,"Oakland, Fla.",mens-track-and-field,2024,28.5551901,-81.6280337
Jesse Goldman,,"Los Angeles, Calif.",mens-track-and-field,2024,34.0536909,-118.242766
Luke Johnson,,"Plainsboro, N.J.",mens-track-and-field,2024,40.3334409,-74.6004341
Kampton Kam,,Singapore,mens-track-and-field,2024,1.357107,103.8194992
Sean Golembiewski,,"Hopkinton, Mass.",mens-track-and-field,2024,42.2288875,-71.5196439
Benedikt Sachta,,Czech Republic,mens-track-and-field,2024,49.7439047,15.3381061
Matthew Kathiravelu,,"Peterborough, Ont.",mens-track-and-field,2025,44.3048009,-78.3199496
Simeon Adams,,"Atlanta, Ga.",mens-track-and-field,2025,33.7544657,-84.3898151
Elias Chase,,"Landenberg, Pa.",mens-track-and-field,2025,39.7773329,-75.7713264
Takunda Mhete,,"Marondera, Zimbabwe",mens-track-and-field,2025,-18.190098,31.545542
Shamus Larnard,,"Boston, Mass.",mens-track-and-field,2025,42.3588336,-71.0578303
Shane Murphy,,"New York, N.Y.",mens-track-and-field,2025,40.7127281,-74.0060152
Nicholas DeVita,,"West Orange, N.J.",mens-track-and-field,2025,40.7987113,-74.2390353
Mark Hellwig,,"Lincolnshire,Ill.",mens-track-and-field,2025,42.1900249,-87.9084039
George Keen,,"Cambridge, United Kingdom",mens-track-and-field,2025,52.1975846,0.1391537
Brooks Mitchell,,"Lewisville, Texas",mens-track-and-field,2025,33.046233,-96.994174
Oliver Hassard,,"Evanston, Ill.",mens-track-and-field,2025,42.0470043,-87.6846053
Paul Park,,"Manhasset, N.Y.",mens-track-and-field,2025,40.786702,-73.6967338
Porter Warren,,"Littleton, Colo.",mens-track-and-field,2025,39.613321,-105.016649
Vinay Raman,,"Hummelston, Pa.",mens-track-and-field,2025,40.2653927,-76.7082778
Liam Jordan,,"McClean, Va.",mens-track-and-field,2025,37.6125057,-75.8654249
Sebastian Pizarro,,"Wilmington, Del.",mens-track-and-field,2025,39.7459468,-75.546589
Alec Jackson,,"McDonough, Ga.",mens-track-and-field,2025,33.4473361,-84.1468616
Nicolas Pizarro,,"Wilmington, Del.",mens-track-and-field,2025,39.7459468,-75.546589
Cade Zeolla,,"Califon, N.J.",mens-track-and-field,2025,40.7195448,-74.8357215
Jasyn Truitt,,"Smyrna, Del.",mens-track-and-field,2025,39.2998339,-75.6046494
Atticus Soehren,,"Otisfield, Maine",mens-track-and-field,2025,44.091355,-70.5353025
Alex Sadikov,,"Ocean Township, N.J.",mens-track-and-field,2025,40.2520408,-74.0461049
Tiago Socarras,,"Miami, Fla.",mens-track-and-field,2025,25.7741566,-80.1935973
Nayyir Newash-Campbell,,"Plainfield, Ind.",mens-track-and-field,2025,39.703872,-86.399477
Cade Swart,,"Tallahassee, Fla.",mens-track-and-field,2025,30.4380832,-84.2809332
Joseph Ruiz,,"Miami, Fla.",mens-track-and-field,2025,25.7741566,-80.1935973
Kofi Fordjour,,"Quincy, Mass.",mens-track-and-field,2025,42.2509914,-71.0037374
Colter Oldham,,"Lakin, Kans.",mens-track-and-field,2025,37.9405751,-101.254892
Jesse Goldman,,"Los Angeles, Calif.",mens-track-and-field,2025,34.0536909,-118.242766
Ryan Matulonis,,"Scotch Plains, N.J.",mens-track-and-field,2025,40.65538,-74.3898732
Chris Larnard,,"Scituate, Mass.",mens-track-and-field,2025,42.1924492,-70.7261966
Colton Dean,,"Canonsburg, Pa.",mens-track-and-field,2025,40.2588173,-80.1867206
David Davitt,,"Yonkers, N.Y.",mens-track-and-field,2025,40.9312099,-73.8987469
Benjamin Markham,,"Decatur, Ga.",mens-track-and-field,2025,30.8736613,-84.5740953
Kampton Kam,,Singapore,mens-track-and-field,2025,1.357107,103.8194992
Thomas Bucks,,"San Antonio, Texas",mens-track-and-field,2025,29.4246002,-98.4951405
Nathan Blades,,"Portland, Maine",mens-track-and-field,2025,43.6573605,-70.2586618
Zezo Beshir,,"Newton, Mass.",mens-track-and-field,2025,42.3300435,-71.194862
Sahil Dodda,,"Dallas, Texas",mens-track-and-field,2025,32.7762719,-96.7968559
Nick Carpenter,,"Winter Park, Fla.",mens-track-and-field,2025,28.5977707,-81.3510264
Raghav Gopalakrishnan,,"Charlotte, N.C.",mens-track-and-field,2025,35.2272086,-80.8430827
Kai Deines,,"Redondo Beach, Calif.",mens-track-and-field,2025,33.8398289,-118.3845942
Jake Rose,,"Catawissa, Pa.",mens-track-and-field,2025,40.9548267,-76.4609868
Esfan Daya,,"Atlanta, Ga.",mens-track-and-field,2025,33.7544657,-84.3898151
Anikwe Duru,,"Silver Spring, Md.",mens-track-and-field,2025,38.9997621,-77.0240371
Liam Going,,"Westbury, N.Y.",mens-track-and-field,2025,40.7556561,-73.5876273
Alex Georgiev,,"Oakland, Fla.",mens-track-and-field,2025,28.5551901,-81.6280337
Shane Gardner,,"Sugar Land, Texas",mens-track-and-field,2025,29.6196787,-95.6349463
Sean Golembiewski,,"Hopkinton, Mass.",mens-track-and-field,2025,42.2288875,-71.5196439
Brian Gent,,"Pepper Pike, Ohio",mens-track-and-field,2025,41.478387,-81.46373
Leo Francis,,"Laguna Niguel, Calif.",mens-track-and-field,2025,33.5225261,-117.7075526
Dennis Fortuna,,"Runnemede, N.J.",mens-track-and-field,2025,39.8523358,-75.0679498
Brady Golomb,,"Elmhurst, Ill.",mens-track-and-field,2025,41.8994745,-87.9403418
Carson Edwards,,"Bowie, Md.",mens-track-and-field,2025,39.0080601,-76.7797899
Griffin Gammon,,"Gorham, Maine",mens-track-and-field,2025,43.6797334,-70.4429592
Brooks Mitchell,,"Lewisville, Texas",mens-track-and-field,2026,33.046233,-96.994174
Shamus Larnard,,"Boston, Mass.",mens-track-and-field,2026,42.3588336,-71.0578303
Benjamin Markham,,"Decatur, Ga.",mens-track-and-field,2026,30.8736613,-84.5740953
Doug Martin,,"McHenry, Ill.",mens-track-and-field,2026,42.3294391,-88.4605713
Ryan Matulonis,,"Scotch Plains, N.J.",mens-track-and-field,2026,40.65538,-74.3898732
Nick Mazzeo,,"Penn Valley, Pa.",mens-track-and-field,2026,40.0184454,-75.2612932
Brenan McCabe,,"Patterson, N.Y.",mens-track-and-field,2026,41.513726,-73.6062323
Jayden McPherson,,"Viera, Fla.",mens-track-and-field,2026,28.243006,-80.7301522
Takunda Mhete,,"Marondera, Zimbabwe",mens-track-and-field,2026,-18.190098,31.545542
Chris Larnard,,"Scituate, Mass.",mens-track-and-field,2026,42.1924492,-70.7261966
Colter Oldham,,"Lakin, Kans.",mens-track-and-field,2026,37.9405751,-101.254892
Anthony Morello,,"Lindenhurst, N.Y.",mens-track-and-field,2026,40.6867667,-73.3734547
Shane Murphy,,"New York, N.Y.",mens-track-and-field,2026,40.7127281,-74.0060152
Nayyir Newash-Campbell,,"Plainfield, Ind.",mens-track-and-field,2026,39.703872,-86.399477
Obi Obuba,,"Montgomery, N.J.",mens-track-and-field,2026,39.4607526,-74.6576009
Vinay Raman,,"Hummelston, Pa.",mens-track-and-field,2026,40.2653927,-76.7082778
Joseph Ruiz,,"Miami, Fla.",mens-track-and-field,2026,25.7741566,-80.1935973
Caledon Ruwende,,"Norton, Zimbabwe",mens-track-and-field,2026,-17.87454,30.695954
Alex Sadikov,,"Ocean Township, N.J.",mens-track-and-field,2026,40.2520408,-74.0461049
Tiago Socarras,,"Miami, Fla.",mens-track-and-field,2026,25.7741566,-80.1935973
Cade Swart,,"Tallahassee, Fla.",mens-track-and-field,2026,30.4380832,-84.2809332
Adam Kovacs,,Hungary,mens-track-and-field,2026,47.1817585,19.5060937
Noah Mitoraj,,"London, ON",mens-track-and-field,2026,42.9836747,-81.2496068
Michael Koleosho,,"Bloomington, Minn.",mens-track-and-field,2026,44.8322405,-93.3204872
Anikwe Duru,,"Silver Spring, Md.",mens-track-and-field,2026,38.9997621,-77.0240371
Matthew Kathiravelu,,"Peterborough, Ont.",mens-track-and-field,2026,44.3048009,-78.3199496
Brody Watt,,"Bernardsville, N.J.",mens-track-and-field,2026,40.7186805,-74.5692273
Simeon Adams,,"Atlanta, Ga.",mens-track-and-field,2026,33.7544657,-84.3898151
Zezo Beshir,,"Newton, Mass.",mens-track-and-field,2026,42.3300435,-71.194862
Nathan Blades,,"Portland, Maine",mens-track-and-field,2026,43.6573605,-70.2586618
Thomas Bucks,,"San Antonio, Texas",mens-track-and-field,2026,29.4246002,-98.4951405
Elias Chase,,"Landenberg, Pa.",mens-track-and-field,2026,39.7773329,-75.7713264
Gabriel Chin,,"Thousand Oaks, Calif.",mens-track-and-field,2026,34.1705609,-118.8375937
David Davitt,,"Yonkers, N.Y.",mens-track-and-field,2026,40.9312099,-73.8987469
Esfan Daya,,"Atlanta, Ga.",mens-track-and-field,2026,33.7544657,-84.3898151
Joseph DeCasas,,"Shelby Township, Mich.",mens-track-and-field,2026,43.5974492,-86.3379509
Kai Deines,,"Redondo Beach, Calif.",mens-track-and-field,2026,33.8398289,-118.3845942
Nicholas DeVita,,"West Orange, N.J.",mens-track-and-field,2026,40.7987113,-74.2390353
Carson Edwards,,"Bowie, Md.",mens-track-and-field,2026,39.0080601,-76.7797899
Haris Flynn,,"Atlanta, Ga.",mens-track-and-field,2026,33.7544657,-84.3898151
Kofi Fordjour,,"Quincy, Mass.",mens-track-and-field,2026,42.2509914,-71.0037374
Leo Francis,,"Laguna Niguel, Calif.",mens-track-and-field,2026,33.5225261,-117.7075526
Griffin Gammon,,"Gorham, Maine",mens-track-and-field,2026,43.6797334,-70.4429592
Brian Gent,,"Pepper Pike, Ohio",mens-track-and-field,2026,41.478387,-81.46373
Alex Georgiev,,"Oakland, Fla.",mens-track-and-field,2026,28.5551901,-81.6280337
Brady Golomb,,"Elmhurst, Ill.",mens-track-and-field,2026,41.8994745,-87.9403418
Raghav Gopalakrishnan,,"Charlotte, N.C.",mens-track-and-field,2026,35.2272086,-80.8430827
Oliver Hassard,,"Evanston, Ill.",mens-track-and-field,2026,42.0470043,-87.6846053
Liam Jordan,,"McClean, Va.",mens-track-and-field,2026,37.6125057,-75.8654249
George Keen,,"Cambridge, United Kingdom",mens-track-and-field,2026,52.1975846,0.1391537
Cade Zeolla,,"Califon, N.J.",mens-track-and-field,2026,40.7195448,-74.8357215
Wes Thomas,,"Austin, Texas",mens-swimming-and-diving,2016,30.2711286,-97.7436995
Grant Proctor,,"Haddonfield, N.J.",mens-swimming-and-diving,2016,39.8915022,-75.0376707
Alex Peterson,,"Laguna Hils, Calif.",mens-swimming-and-diving,2016,33.5948758,-117.6882067
Mark Andrew,,"Middletown, Ohio",mens-swimming-and-diving,2016,39.516644,-84.4041725
Michael Wen,,"Los Angeles, Calif.",mens-swimming-and-diving,2016,34.0536909,-118.242766
Kevin Su,,"Cupertino, Calif.",mens-swimming-and-diving,2016,37.3228934,-122.0322895
Jack Scott,,"Dublin, Ohio",mens-swimming-and-diving,2016,40.0996009,-83.1135563
Taylor Uselis,,"Oldsmar, Fla.",mens-swimming-and-diving,2016,28.0341847,-82.6650992
Austin Ryan,,"Virginia Beach, Va.",mens-swimming-and-diving,2016,36.8496579,-75.9760751
Christopher Nicholson,,"Boulder, Colo.",mens-swimming-and-diving,2016,40.0149856,-105.270545
Colin McHugh,,"Sicklerville, N.J.",mens-swimming-and-diving,2016,39.7173375,-74.9693329
Stephen Marcin,,"Huntington Beach, Calif.",mens-swimming-and-diving,2016,33.6783336,-118.000016
CJ Schaffer,,"Malvern, Pa.",mens-swimming-and-diving,2016,40.036202,-75.5138959
Will Schaffer,,"Malvern, Pa.",mens-swimming-and-diving,2016,40.036202,-75.5138959
Jimmy Jameson,,"Wynnewood, Pa.",mens-swimming-and-diving,2016,40.0028514,-75.2707469
Jackson O'Dowd,,"Livonia, Mich.",mens-swimming-and-diving,2016,42.36837,-83.3527097
Cole Hurwitz,,"Portland, Ore.",mens-swimming-and-diving,2016,45.5202471,-122.674194
David Hua,,"New Providence, N.J.",mens-swimming-and-diving,2016,40.6984348,-74.4015405
Zach Fisher,,"Cincinnati, Ohio",mens-swimming-and-diving,2016,39.1012809,-84.5127405
Andrew Bologna,,"Greenwich, Conn.",mens-swimming-and-diving,2016,41.0264862,-73.6284598
Hunter Brakovec,,"Charlotte, N.C.",mens-swimming-and-diving,2016,35.2272086,-80.8430827
Emilio DeSomma,,"Belvedere, Calif.",mens-swimming-and-diving,2016,37.8663951,-122.462699
Thomas Dillinger,,"Greenwich, Conn.",mens-swimming-and-diving,2016,41.0264862,-73.6284598
Trent Hagenbuch,,"Centerville, Ohio",mens-swimming-and-diving,2016,39.6283928,-84.1593818
Alec Hsing,,"Pasadena, Calif.",mens-swimming-and-diving,2016,34.1476507,-118.144155
Jordan Hurwitz,,"Portland, Ore.",mens-swimming-and-diving,2016,45.5202471,-122.674194
Michael Hamann,,"Cary, Ill.",mens-swimming-and-diving,2016,42.2091163,-88.240021
Matt Haigh,,"Haverford, Pa.",mens-swimming-and-diving,2016,40.0129191,-75.2966948
Andrew Drummond,,"Richmond, Va.",mens-swimming-and-diving,2016,37.5385087,-77.43428
John-Michael Diveris,,"Lake Forest, Ill.",mens-swimming-and-diving,2016,42.2586461,-87.8407055
Mark Blinstrub,,"Tory, Mich.",mens-swimming-and-diving,2016,46.4984891,-87.095862
Matt Haigh,,"Haverford, Pa.",mens-swimming-and-diving,2017,40.0129191,-75.2966948
Noah Pereles,,"Potomac, Md.",mens-swimming-and-diving,2017,39.0180508,-77.1956331
Cameron Rhind,,"New Canaan, Conn.",mens-swimming-and-diving,2017,41.146763,-73.4948446
Austin Ryan,,"Virginia Beach, Va.",mens-swimming-and-diving,2017,36.8496579,-75.9760751
Phillip Sajaev,,"Naperville, Ill.",mens-swimming-and-diving,2017,41.7728699,-88.1479278
CJ Schaffer,,"Malvern, Pa.",mens-swimming-and-diving,2017,40.036202,-75.5138959
Will Schaffer,,"Malvern, Pa.",mens-swimming-and-diving,2017,40.036202,-75.5138959
Jack Scott,,"Dublin, Ohio",mens-swimming-and-diving,2017,40.0996009,-83.1135563
Taylor Uselis,,"Oldsmar, Fla.",mens-swimming-and-diving,2017,28.0341847,-82.6650992
Luke Snyder,,"West Deptford, N.J.",mens-swimming-and-diving,2017,39.832362,-75.1888708
Jackson O'Dowd,,"Livonia, Mich.",mens-swimming-and-diving,2017,42.36837,-83.3527097
Nicholas Mattone,,"Westbury, N.Y.",mens-swimming-and-diving,2017,40.7556561,-73.5876273
David Hua,,"New Providence, N.J.",mens-swimming-and-diving,2017,40.6984348,-74.4015405
John-Michael Diveris,,"Lake Forest, Ill.",mens-swimming-and-diving,2017,42.2586461,-87.8407055
John McCaghren,,"Memphis, Tenn.",mens-swimming-and-diving,2017,35.146026,-90.0517786
Ikenna Eruchalu,,"Charlotte, N.C.",mens-swimming-and-diving,2017,35.2272086,-80.8430827
Mark Andrew,,"Middletown, Ohio",mens-swimming-and-diving,2017,39.516644,-84.4041725
Paul Zou,,"Tsawwassen, B.C.",mens-swimming-and-diving,2017,49.0242843,-123.0762236
Andrew Bologna,,"Greenwich, Conn.",mens-swimming-and-diving,2017,41.0264862,-73.6284598
Hunter Brakovec,,"Charlotte, N.C.",mens-swimming-and-diving,2017,35.2272086,-80.8430827
Nathaniel Cunnan,,"San Rafael, Calif.",mens-swimming-and-diving,2017,37.9747795,-122.5316686
Emilio DeSomma,,"Belvedere, Calif.",mens-swimming-and-diving,2017,37.8663951,-122.462699
Thomas Dillinger,,"Greenwich, Conn.",mens-swimming-and-diving,2017,41.0264862,-73.6284598
Mark Blinstrub,,"Tory, Mich.",mens-swimming-and-diving,2017,46.4984891,-87.095862
Christopher Nicholson,,"Boulder, Colo.",mens-swimming-and-diving,2017,40.0149856,-105.270545
Sean Lee,,"Los Angeles, Calif.",mens-swimming-and-diving,2017,34.0536909,-118.242766
Alec Hsing,,"Pasadena, Calif.",mens-swimming-and-diving,2017,34.1476507,-118.144155
Keanan Dols,,"Sarasota, Fla.",mens-swimming-and-diving,2017,27.3365805,-82.5308545
Colin McHugh,,"Sicklerville, N.J.",mens-swimming-and-diving,2017,39.7173375,-74.9693329
Will Thomas,,"Austin, Texas",mens-swimming-and-diving,2017,30.2711286,-97.7436995
Boris Yang,,"Hong Kong, China",mens-swimming-and-diving,2017,22.2818333,114.1582831
Eric Dietrich-Peterson,,"Douglassville, Pa.",mens-swimming-and-diving,2018,40.2578714,-75.7263008
Zachariah Althoff,,"Frederick, Md.",mens-swimming-and-diving,2018,39.415779,-77.4127562
Mark Andrew,,"Middletown, Ohio",mens-swimming-and-diving,2018,39.516644,-84.4041725
Jacob Furlong,,"Hinsdale, Ill.",mens-swimming-and-diving,2018,41.8024604,-87.9299841
Paul Zou,,"Tsawwassen, B.C.",mens-swimming-and-diving,2018,49.0242843,-123.0762236
Andrew Bologna,,"Greenwich, Conn.",mens-swimming-and-diving,2018,41.0264862,-73.6284598
Nathaniel Cunnan,,"San Rafael, Calif.",mens-swimming-and-diving,2018,37.9747795,-122.5316686
John-Michael Diveris,,"Lake Forest, Ill.",mens-swimming-and-diving,2018,42.2586461,-87.8407055
Keanan Dols,,"Sarasota, Fla.",mens-swimming-and-diving,2018,27.3365805,-82.5308545
Billy Fallon,,"Warren, N.J.",mens-swimming-and-diving,2018,40.8602222,-74.9720493
James Hopper,,"Greenwich, Conn.",mens-swimming-and-diving,2018,41.0264862,-73.6284598
Matt Haigh,,"Haverford, Pa.",mens-swimming-and-diving,2018,40.0129191,-75.2966948
Thomas Dillinger,,"Greenwich, Conn.",mens-swimming-and-diving,2018,41.0264862,-73.6284598
CJ Hinckley,,"New York, N.Y.",mens-swimming-and-diving,2018,40.7127281,-74.0060152
Mark Blinstrub,,"Tory, Mich.",mens-swimming-and-diving,2018,46.4984891,-87.095862
William Kamps,,"Carol Stream, Ill.",mens-swimming-and-diving,2018,41.9125286,-88.1347927
Boris Yang,,"Hong Kong, China",mens-swimming-and-diving,2018,22.2818333,114.1582831
Colin McHugh,,"Sicklerville, N.J.",mens-swimming-and-diving,2018,39.7173375,-74.9693329
Luke Snyder,,"West Deptford, N.J.",mens-swimming-and-diving,2018,39.832362,-75.1888708
Jack Scott,,"Dublin, Ohio",mens-swimming-and-diving,2018,40.0996009,-83.1135563
Austin Ryan,,"Virginia Beach, Va.",mens-swimming-and-diving,2018,36.8496579,-75.9760751
Oliver Zmetrovich,,"Marblehead, Mass.",mens-swimming-and-diving,2018,42.500096,-70.8578253
Cameron Rhind,,"New Canaan, Conn.",mens-swimming-and-diving,2018,41.146763,-73.4948446
John McCaghren,,"Memphis, Tenn.",mens-swimming-and-diving,2018,35.146026,-90.0517786
Nicholas Mattone,,"Westbury, N.Y.",mens-swimming-and-diving,2018,40.7556561,-73.5876273
Will Thomas,,"Austin, Texas",mens-swimming-and-diving,2018,30.2711286,-97.7436995
Sean Lee,,"Los Angeles, Calif.",mens-swimming-and-diving,2018,34.0536909,-118.242766
Alec Hsing,,"Pasadena, Calif.",mens-swimming-and-diving,2018,34.1476507,-118.144155
Noah Pereles,,"Potomac, Md.",mens-swimming-and-diving,2018,39.0180508,-77.1956331
Jack Loveless,,"Bedford, N.Y.",mens-swimming-and-diving,2018,41.2041304,-73.642509
Boris Yang,,"Hong Kong, China",mens-swimming-and-diving,2019,22.2818333,114.1582831
Kevin Tu,,"Atlanta, Ga.",mens-swimming-and-diving,2019,33.7544657,-84.3898151
Nicholas Mattone,,"Westbury, N.Y.",mens-swimming-and-diving,2019,40.7556561,-73.5876273
Lia Thomas,,"Austin, Texas",mens-swimming-and-diving,2019,30.2711286,-97.7436995
Mark McCrary,,"Pasadena, Calif.",mens-swimming-and-diving,2019,34.1476507,-118.144155
John McCaghren,,"Memphis, Tenn.",mens-swimming-and-diving,2019,35.146026,-90.0517786
Neil Simpson,,"Beaconsfield, Canada",mens-swimming-and-diving,2019,45.4289766,-73.8654387
Eric Wang,,"Short Hills, N.J.",mens-swimming-and-diving,2019,40.7381585,-74.3377392
CJ Hinckley,,"New York, N.Y.",mens-swimming-and-diving,2019,40.7127281,-74.0060152
Cameron Rhind,,"New Canaan, Conn.",mens-swimming-and-diving,2019,41.146763,-73.4948446
Trevor Nelson,,"Evanston, Ill.",mens-swimming-and-diving,2019,42.0470043,-87.6846053
Jason Schreiber,,"Irvine, Calif.",mens-swimming-and-diving,2019,33.6856969,-117.825981
Jack Loveless,,"Bedford, N.Y.",mens-swimming-and-diving,2019,41.2041304,-73.642509
Noah Pereles,,"Potomac, Md.",mens-swimming-and-diving,2019,39.0180508,-77.1956331
Billy Fallon,,"Warren, N.J.",mens-swimming-and-diving,2019,40.8602222,-74.9720493
Alec Hsing,,"Pasadena, Calif.",mens-swimming-and-diving,2019,34.1476507,-118.144155
Jack Hamilton,,"Knoxville, Tenn.",mens-swimming-and-diving,2019,35.9603948,-83.9210261
Sean Lee,,"Los Angeles, Calif.",mens-swimming-and-diving,2019,34.0536909,-118.242766
Matt Bonnell,,"Glenside, Pa.",mens-swimming-and-diving,2019,40.103196,-75.1515534
Nathaniel Cunnan,,"San Rafael, Calif.",mens-swimming-and-diving,2019,37.9747795,-122.5316686
Jacob Furlong,,"Hinsdale, Ill.",mens-swimming-and-diving,2019,41.8024604,-87.9299841
Matthew Dieffenthaller,,"Tampa, Fla.",mens-swimming-and-diving,2019,27.9449854,-82.4583107
Vlad Elizarov,,"Seattle, Wash.",mens-swimming-and-diving,2019,47.6038321,-122.330062
Zachariah Althoff,,"Frederick, Md.",mens-swimming-and-diving,2019,39.415779,-77.4127562
William Kamps,,"Carol Stream, Ill.",mens-swimming-and-diving,2019,41.9125286,-88.1347927
John-Michael Diveris,,"Lake Forest, Ill.",mens-swimming-and-diving,2019,42.2586461,-87.8407055
Eric Dietrich-Peterson,,"Douglassville, Pa.",mens-swimming-and-diving,2019,40.2578714,-75.7263008
Matt Haigh,,"Haverford, Pa.",mens-swimming-and-diving,2019,40.0129191,-75.2966948
Neil Simpson,,"Beaconsfield, Canada",mens-swimming-and-diving,2020,45.4289766,-73.8654387
Kevin Keil,,"Portland, Ore.",mens-swimming-and-diving,2020,45.5202471,-122.674194
Boris Yang,,"Hong Kong, China",mens-swimming-and-diving,2020,22.2818333,114.1582831
Zachariah Althoff,,"Frederick, Md.",mens-swimming-and-diving,2020,39.415779,-77.4127562
Eric Wang,,"Short Hills, N.J.",mens-swimming-and-diving,2020,40.7381585,-74.3377392
Cameron Rhind,,"New Canaan, Conn.",mens-swimming-and-diving,2020,41.146763,-73.4948446
Daniel Barra,,"Sandy Springs, Ga.",mens-swimming-and-diving,2020,33.9242688,-84.3785379
Trevor Nelson,,"Evanston, Ill.",mens-swimming-and-diving,2020,42.0470043,-87.6846053
Kirill Naumov,,"Riga, Latvia",mens-swimming-and-diving,2020,56.9493977,24.1051846
Mark McCrary,,"Pasadena, Calif.",mens-swimming-and-diving,2020,34.1476507,-118.144155
John McCaghren,,"Memphis, Tenn.",mens-swimming-and-diving,2020,35.146026,-90.0517786
Sean Lee,,"Los Angeles, Calif.",mens-swimming-and-diving,2020,34.0536909,-118.242766
Jack Williams,,"Flossmoor, Ill.",mens-swimming-and-diving,2020,41.5428123,-87.6847684
Vlad Elizarov,,"Seattle, Wash.",mens-swimming-and-diving,2020,47.6038321,-122.330062
Kevin Tu,,"Atlanta, Ga.",mens-swimming-and-diving,2020,33.7544657,-84.3898151
Matt Leblanc,,"Scottsdale, Ariz.",mens-swimming-and-diving,2020,33.4942189,-111.926018
Jack Loveless,,"Bedford, N.Y.",mens-swimming-and-diving,2020,41.2041304,-73.642509
Ben Feldman,,"Stamford, Conn.",mens-swimming-and-diving,2020,41.0534302,-73.5387341
Nicholas Mattone,,"Westbury, N.Y.",mens-swimming-and-diving,2020,40.7556561,-73.5876273
CJ Hinckley,,"New York, N.Y.",mens-swimming-and-diving,2020,40.7127281,-74.0060152
Jacob Furlong,,"Hinsdale, Ill.",mens-swimming-and-diving,2020,41.8024604,-87.9299841
Billy Fallon,,"Warren, N.J.",mens-swimming-and-diving,2020,40.8602222,-74.9720493
Noah Pereles,,"Potomac, Md.",mens-swimming-and-diving,2020,39.0180508,-77.1956331
Keanan Dols,,"Sarasota, Fla.",mens-swimming-and-diving,2020,27.3365805,-82.5308545
Matthew Dieffenthaller,,"Tampa, Fla.",mens-swimming-and-diving,2020,27.9449854,-82.4583107
Andrew Dai,,"Naperville, Ill.",mens-swimming-and-diving,2020,41.7728699,-88.1479278
Nathaniel Cunnan,,"San Rafael, Calif.",mens-swimming-and-diving,2020,37.9747795,-122.5316686
William Kamps,,"Carol Stream, Ill.",mens-swimming-and-diving,2020,41.9125286,-88.1347927
Jack Hamilton,,"Knoxville, Tenn.",mens-swimming-and-diving,2020,35.9603948,-83.9210261
Michael Foley,,"Haddonfield, N.J.",mens-swimming-and-diving,2021,39.8915022,-75.0376707
Nick Malchow,,"Greenwich, Conn.",mens-swimming-and-diving,2021,41.0264862,-73.6284598
Jack Loveless,,"Bedford, N.Y.",mens-swimming-and-diving,2021,41.2041304,-73.642509
Aaron Rosen,,"Scottsdale, Ariz.",mens-swimming-and-diving,2021,33.4942189,-111.926018
Eric Wang,,"Short Hills, N.J.",mens-swimming-and-diving,2021,40.7381585,-74.3377392
Luke Williams,,"Safety Harbor, Fla.",mens-swimming-and-diving,2021,27.9908529,-82.6931553
Neil Simpson,,"Beaconsfield, Canada",mens-swimming-and-diving,2021,45.4289766,-73.8654387
Jason Schreiber,,"Irvine, Calif.",mens-swimming-and-diving,2021,33.6856969,-117.825981
Peter Lee,,Hong Kong,mens-swimming-and-diving,2021,22.2818333,114.1582831
Jack Williams,,"Flossmoor, Ill.",mens-swimming-and-diving,2021,41.5428123,-87.6847684
Mark McCrary,,"Pasadena, Calif.",mens-swimming-and-diving,2021,34.1476507,-118.144155
Tate Park,,"Philadelphia, Pa.",mens-swimming-and-diving,2021,39.9527237,-75.1635262
CJ Hinckley,,"New York, N.Y.",mens-swimming-and-diving,2021,40.7127281,-74.0060152
Zachariah Althoff,,"Frederick, Md.",mens-swimming-and-diving,2021,39.415779,-77.4127562
Vlad Elizarov,,"Seattle, Wash.",mens-swimming-and-diving,2021,47.6038321,-122.330062
Trevor Nelson,,"Evanston, Ill.",mens-swimming-and-diving,2021,42.0470043,-87.6846053
Matt Fallon,,"Warren, N.J.",mens-swimming-and-diving,2021,40.8602222,-74.9720493
Jaden Olson,,"Chicago, Ill.",mens-swimming-and-diving,2021,41.8755616,-87.6244212
Kevin Keil,,"Portland, Ore.",mens-swimming-and-diving,2021,45.5202471,-122.674194
William Kamps,,"Carol Stream, Ill.",mens-swimming-and-diving,2021,41.9125286,-88.1347927
Cody Hopkins,,"Mission Viejo, Calif.",mens-swimming-and-diving,2021,33.5965685,-117.659405
Keanan Dols,,"Sarasota, Fla.",mens-swimming-and-diving,2021,27.3365805,-82.5308545
Daniel Trincher,,"Edgewater, N.J.",mens-swimming-and-diving,2021,40.8270448,-73.975694
Matt Leblanc,,"Scottsdale, Ariz.",mens-swimming-and-diving,2021,33.4942189,-111.926018
Jack Hamilton,,"Knoxville, Tenn.",mens-swimming-and-diving,2021,35.9603948,-83.9210261
Sam Donchi,,"Portland, Ore.",mens-swimming-and-diving,2021,45.5202471,-122.674194
Daniel Gallagher,,"Suwanee, Ga.",mens-swimming-and-diving,2021,34.0514898,-84.0712997
Andrew Dai,,"Naperville, Ill.",mens-swimming-and-diving,2021,41.7728699,-88.1479278
Thomas Lewis,,"Greenwich, Conn.",mens-swimming-and-diving,2021,41.0264862,-73.6284598
Billy Fallon,,"Warren, N.J.",mens-swimming-and-diving,2021,40.8602222,-74.9720493
Ben Feldman,,"Stamford, Conn.",mens-swimming-and-diving,2021,41.0534302,-73.5387341
Henry Sheils,,"Huntington, W.Va.",mens-swimming-and-diving,2022,38.4192496,-82.445154
Jack Williams,,"Flossmoor, Ill.",mens-swimming-and-diving,2022,41.5428123,-87.6847684
Sam Donchi,,"Portland, Ore.",mens-swimming-and-diving,2022,45.5202471,-122.674194
Matt Leblanc,,"Scottsdale, Ariz.",mens-swimming-and-diving,2022,33.4942189,-111.926018
Andrew Lee,,"Austin, Texas",mens-swimming-and-diving,2022,30.2711286,-97.7436995
Jason Schreiber,,"Irvine, Calif.",mens-swimming-and-diving,2022,33.6856969,-117.825981
Austin Mone,,"Rancho Palos Verde, Calif.",mens-swimming-and-diving,2022,33.7483311,-118.3707683
Trevor Nelson,,"Evanston, Ill.",mens-swimming-and-diving,2022,42.0470043,-87.6846053
Neil Simpson,,"Beaconsfield, Canada",mens-swimming-and-diving,2022,45.4289766,-73.8654387
Mark McCrary,,"Pasadena, Calif.",mens-swimming-and-diving,2022,34.1476507,-118.144155
Thomas Lewis,,"Greenwich, Conn.",mens-swimming-and-diving,2022,41.0264862,-73.6284598
Ryan McGuirk,,"Minnetonka, Minn.",mens-swimming-and-diving,2022,44.9405086,-93.4638936
Cody Hopkins,,"Mission Viejo, Calif.",mens-swimming-and-diving,2022,33.5965685,-117.659405
Eric Wang,,"Short Hills, N.J.",mens-swimming-and-diving,2022,40.7381585,-74.3377392
Daniel Trincher,,"Edgewater, N.J.",mens-swimming-and-diving,2022,40.8270448,-73.975694
Kevin Keil,,"Portland, Ore.",mens-swimming-and-diving,2022,45.5202471,-122.674194
Matthew Dieffenthaller,,"Tampa, Fla.",mens-swimming-and-diving,2022,27.9449854,-82.4583107
James Curreri,,"Kinnelon, N.J.",mens-swimming-and-diving,2022,41.0017644,-74.367096
Peter Lee,,Hong Kong,mens-swimming-and-diving,2022,22.2818333,114.1582831
Ben Feldman,,"Stamford, Conn.",mens-swimming-and-diving,2022,41.0534302,-73.5387341
Neo Matsuyama,,"Bethesda, Md.",mens-swimming-and-diving,2022,38.9812726,-77.1233587
Daniel Gallagher,,"Suwanee, Ga.",mens-swimming-and-diving,2022,34.0514898,-84.0712997
Michael Foley,,"Haddonfield, N.J.",mens-swimming-and-diving,2022,39.8915022,-75.0376707
Alan Cherches,,"Baltimore, Md.",mens-swimming-and-diving,2022,39.2908816,-76.610759
Matt Fallon,,"Warren, N.J.",mens-swimming-and-diving,2022,40.8602222,-74.9720493
Truman Armstrong,,"Austin, Texas",mens-swimming-and-diving,2022,30.2711286,-97.7436995
Xavier Hill,,"Denver, Co.",mens-swimming-and-diving,2022,39.7392364,-104.984862
Jack Hamilton,,"Knoxville, Tenn.",mens-swimming-and-diving,2022,35.9603948,-83.9210261
Nicholas Grulke,,"Irvine, Calif.",mens-swimming-and-diving,2022,33.6856969,-117.825981
Luke Williams,,"Safety Harbor, Fla.",mens-swimming-and-diving,2022,27.9908529,-82.6931553
Andrew Dai,,"Naperville, Ill.",mens-swimming-and-diving,2022,41.7728699,-88.1479278
Jonathan Javier Koumendakos,,"San Fernando, Philippines",mens-swimming-and-diving,2022,15.0283014,120.6938038
Alex Fu,,"Sugarland, Texas",mens-swimming-and-diving,2022,29.6000008,-95.6230734
Truman Armstrong,,"Austin, Texas",mens-swimming-and-diving,2023,30.2711286,-97.7436995
Daniel Gallagher,,"Suwanee, Ga.",mens-swimming-and-diving,2023,34.0514898,-84.0712997
James Curreri,,"Kinnelon, N.J.",mens-swimming-and-diving,2023,41.0017644,-74.367096
Weifan Zhang,,"Houston, Texas",mens-swimming-and-diving,2023,29.7589382,-95.3676974
Sam Donchi,,"Portland, Ore.",mens-swimming-and-diving,2023,45.5202471,-122.674194
Andrew Dai,,"Naperville, Ill.",mens-swimming-and-diving,2023,41.7728699,-88.1479278
Matt Fallon,,"Warren, N.J.",mens-swimming-and-diving,2023,40.8602222,-74.9720493
Liam Campbell,,"Bellevue, Wash.",mens-swimming-and-diving,2023,47.6144219,-122.192337
Cody Hopkins,,"Mission Viejo, Calif.",mens-swimming-and-diving,2023,33.5965685,-117.659405
Ben Feldman,,"Stamford, Conn.",mens-swimming-and-diving,2023,41.0534302,-73.5387341
Peter Whittington,,Hong Kong,mens-swimming-and-diving,2023,22.2818333,114.1582831
Alex Fu,,"Sugarland, Texas",mens-swimming-and-diving,2023,29.6000008,-95.6230734
Xavier Hill,,"Denver, Co.",mens-swimming-and-diving,2023,39.7392364,-104.984862
Jonathan Javier Koumendakos,,"San Fernando, Philippines",mens-swimming-and-diving,2023,15.0283014,120.6938038
Kevin Keil,,"Portland, Ore.",mens-swimming-and-diving,2023,45.5202471,-122.674194
Peter Lee,,Hong Kong,mens-swimming-and-diving,2023,22.2818333,114.1582831
Evan Spagnoletti,,"Huntington, N.Y.",mens-swimming-and-diving,2023,40.868154,-73.425676
Jason Schreiber,,"Irvine, Calif.",mens-swimming-and-diving,2023,33.6856969,-117.825981
Henry Sheils,,"Huntington, W.Va.",mens-swimming-and-diving,2023,38.4192496,-82.445154
Alan Zhang,,"Lexington, Mass.",mens-swimming-and-diving,2023,42.4473175,-71.2245003
Ryan McGuirk,,"Minnetonka, Minn.",mens-swimming-and-diving,2023,44.9405086,-93.4638936
Daniel Trincher,,"Edgewater, N.J.",mens-swimming-and-diving,2023,40.8270448,-73.975694
Benji Ham,,"Los Angeles, Calif.",mens-swimming-and-diving,2023,34.0536909,-118.242766
Jack Williams,,"Flossmoor, Ill.",mens-swimming-and-diving,2023,41.5428123,-87.6847684
Matt Leblanc,,"Scottsdale, Ariz.",mens-swimming-and-diving,2023,33.4942189,-111.926018
Austin Mone,,"Rancho Palos Verde, Calif.",mens-swimming-and-diving,2023,33.7483311,-118.3707683
Neo Matsuyama,,"Bethesda, Md.",mens-swimming-and-diving,2023,38.9812726,-77.1233587
Robert Melsom,,"St. Petersburg, Fla.",mens-swimming-and-diving,2023,27.7712264,-82.6340259
Robert Melsom,,"St. Petersburg, Fla.",mens-swimming-and-diving,2024,27.7712264,-82.6340259
Benji Ham,,"Los Angeles, Calif.",mens-swimming-and-diving,2024,34.0536909,-118.242766
Liam Campbell,,"Bellevue, Wash.",mens-swimming-and-diving,2024,47.6144219,-122.192337
Neo Matsuyama,,"Bethesda, Md.",mens-swimming-and-diving,2024,38.9812726,-77.1233587
Jeffrey Hou,,"Willowbrook, Ill.",mens-swimming-and-diving,2024,41.7697533,-87.9358931
Watson Nguyen,,"Dallas, Texas",mens-swimming-and-diving,2024,32.7762719,-96.7968559
Can John Yeniay,,"Berwyn, Pa.",mens-swimming-and-diving,2024,40.0477701,-75.4421325
Max Malakhovets,,"Toronto, Ontario",mens-swimming-and-diving,2024,43.6534817,-79.3839347
Vincent Vinciguerra,,"East Setauket, N.Y.",mens-swimming-and-diving,2024,40.919085,-73.0963408
Alex Fu,,"Sugarland, Texas",mens-swimming-and-diving,2024,29.6000008,-95.6230734
Kevin Jiang,,"Scarsdale, N.Y.",mens-swimming-and-diving,2024,40.9885221,-73.8085608
Peter Whittington,,Hong Kong,mens-swimming-and-diving,2024,22.2818333,114.1582831
Henry Sheils,,"Huntington, W.Va.",mens-swimming-and-diving,2024,38.4192496,-82.445154
Truman Armstrong,,"Austin, Texas",mens-swimming-and-diving,2024,30.2711286,-97.7436995
Daniel Trincher,,"Edgewater, N.J.",mens-swimming-and-diving,2024,40.8270448,-73.975694
Xavier Hill,,"Denver, Co.",mens-swimming-and-diving,2024,39.7392364,-104.984862
Colin Zhang,,"Buffalo Grove, Ill.",mens-swimming-and-diving,2024,42.1544205,-87.9589621
Daniel Gallagher,,"Suwanee, Ga.",mens-swimming-and-diving,2024,34.0514898,-84.0712997
Jonathan Javier Koumendakos,,"San Fernando, Philippines",mens-swimming-and-diving,2024,15.0283014,120.6938038
Cooper Nicholson,,"Chapel Hill, N.C.",mens-swimming-and-diving,2024,35.9131542,-79.05578
Ryan McGuirk,,"Minnetonka, Minn.",mens-swimming-and-diving,2024,44.9405086,-93.4638936
Matt Fallon,,"Warren, N.J.",mens-swimming-and-diving,2024,40.8602222,-74.9720493
Cody Hopkins,,"Mission Viejo, Calif.",mens-swimming-and-diving,2024,33.5965685,-117.659405
Andy Zhou,,"Blue Bell, Pa.",mens-swimming-and-diving,2024,40.147809,-75.272781
Weifan Zhang,,"Houston, Texas",mens-swimming-and-diving,2024,29.7589382,-95.3676974
Victor Dang,,"Palo Alto, Calif.",mens-swimming-and-diving,2024,37.4443293,-122.1598465
James Curreri,,"Kinnelon, N.J.",mens-swimming-and-diving,2024,41.0017644,-74.367096
John Lieberman,,"New York, N.Y.",mens-swimming-and-diving,2024,40.7127281,-74.0060152
Evan Spagnoletti,,"Huntington, N.Y.",mens-swimming-and-diving,2024,40.868154,-73.425676
Ryan McGuirk,,"Minnetonka, Minn.",mens-swimming-and-diving,2025,44.9405086,-93.4638936
Watson Nguyen,,"Dallas, Texas",mens-swimming-and-diving,2025,32.7762719,-96.7968559
Victor Dang,,"Palo Alto, Calif.",mens-swimming-and-diving,2025,37.4443293,-122.1598465
Rohan D'Souza Larson,,"Minneapolis, Minn.",mens-swimming-and-diving,2025,44.9772995,-93.2654692
Aiden Rhee,,"New York, N.Y.",mens-swimming-and-diving,2025,40.7127281,-74.0060152
Truman Armstrong,,"Austin, Texas",mens-swimming-and-diving,2025,30.2711286,-97.7436995
Peter Whittington,,Hong Kong,mens-swimming-and-diving,2025,22.2818333,114.1582831
Andrew Xie,,"Montreal, Quebec",mens-swimming-and-diving,2025,45.5031824,-73.5698065
John Lieberman,,"New York, N.Y.",mens-swimming-and-diving,2025,40.7127281,-74.0060152
Neo Matsuyama,,"Bethesda, Md.",mens-swimming-and-diving,2025,38.9812726,-77.1233587
Jack Handelman,,"Burlingame, Calif.",mens-swimming-and-diving,2025,37.5780965,-122.3473099
Robert Melsom,,"St. Petersburg, Fla.",mens-swimming-and-diving,2025,27.7712264,-82.6340259
Cooper Nicholson,,"Chapel Hill, N.C.",mens-swimming-and-diving,2025,35.9131542,-79.05578
Kevin Jiang,,"Scarsdale, N.Y.",mens-swimming-and-diving,2025,40.9885221,-73.8085608
Can John Yeniay,,"Berwyn, Pa.",mens-swimming-and-diving,2025,40.0477701,-75.4421325
Aaron Jia,,"Falls Church, Va.",mens-swimming-and-diving,2025,38.882334,-77.1710914
James Curreri,,"Kinnelon, N.J.",mens-swimming-and-diving,2025,41.0017644,-74.367096
Colin Zhang,,"Buffalo Grove, Ill.",mens-swimming-and-diving,2025,42.1544205,-87.9589621
Alex Fu,,"Sugarland, Texas",mens-swimming-and-diving,2025,29.6000008,-95.6230734
Max Malakhovets,,"Toronto, Ontario",mens-swimming-and-diving,2025,43.6534817,-79.3839347
Eddie Jin,,"Kingwood, Texas",mens-swimming-and-diving,2025,30.0497077,-95.1846301
Xavier Hill,,"Denver, Co.",mens-swimming-and-diving,2025,39.7392364,-104.984862
Jeffrey Hou,,"Willowbrook, Ill.",mens-swimming-and-diving,2025,41.7697533,-87.9358931
Vincent Vinciguerra,,"East Setauket, N.Y.",mens-swimming-and-diving,2025,40.919085,-73.0963408
Liam Campbell,,"Bellevue, Wash.",mens-swimming-and-diving,2025,47.6144219,-122.192337
Henry Guo,,"Westmont, Ill.",mens-swimming-and-diving,2025,41.7950525,-87.9751964
Pippin Kantakom,,"Bangkok, Thailand",mens-swimming-and-diving,2025,13.7524938,100.4935089
Andy Zhou,,"Blue Bell, Pa.",mens-swimming-and-diving,2025,40.147809,-75.272781
Camillia Nwokedi,,"Burbank, Calif.",womens-soccer,2016,34.1812089,-118.307201
Romie Boyd,,"Acton, Mass.",womens-soccer,2016,42.4850931,-71.43284
Abby Reed,,"Reading, England",womens-soccer,2016,51.4564242,-0.9700664
Cameo Hazlewood,,"Peoria, Ill.",womens-soccer,2016,40.6938609,-89.5891008
Miranda Schwartz,,"Mill Valley, Calif.",womens-soccer,2016,37.9060368,-122.5449763
Carrie Crook,,"Mobile, Ala.",womens-soccer,2016,30.6913462,-88.0437509
Kelsey Andrews,,"Hillsborough, Calif.",womens-soccer,2016,37.557252,-122.362529
Ann Manella,,"Toluca Lake, Calif.",womens-soccer,2016,34.1521688,-118.357141
Olivia Blaber,,"Haddonfield, N.J.",womens-soccer,2016,39.8915022,-75.0376707
Anna Estep,,"Concord, N.C.",womens-soccer,2016,35.4094178,-80.5800049
Madison Dawkins,,"Wynnewood, Pa.",womens-soccer,2016,40.0028514,-75.2707469
Erica Higa,,"Los Altos Hills, Calif.",womens-soccer,2016,37.3796627,-122.137463
Kitty Qu,,"Foster City, Calif.",womens-soccer,2016,37.5600336,-122.2688522
Lindsey Sawczuk,,"Alexandria, Va.",womens-soccer,2016,38.8051095,-77.0470229
Tahirih Nesmith,,"Charleston, S.C.",womens-soccer,2016,32.7884363,-79.9399309
Riann Winget,,"Midlothian, Texas",womens-soccer,2016,32.482361,-96.9944489
Lauren Petite,,"Moraga, Calif.",womens-soccer,2016,37.834897,-122.12883
Victoria Metelkine,,"Marlboro, N.J.",womens-soccer,2016,39.4850245,-75.3211259
Megan Lloyd,,"Los Altos, Calif.",womens-soccer,2016,37.3790629,-122.116578
Darby Mason,,"Seattle, Wash.",womens-soccer,2016,47.6038321,-122.330062
Emma Loving,,"Doylestown, Pa.",womens-soccer,2016,40.3100446,-75.1304588
Samantha Klingelhofer,,"Belvedere, Calif.",womens-soccer,2016,37.8663951,-122.462699
Paige Lombard,,"Belleair Bluffs, Fla.",womens-soccer,2016,27.9214103,-82.8170475
Kiera Towell,,"Woodway, Wash.",womens-soccer,2016,47.7900365,-122.382362
Kristen Miller,,"Rutledge, Pa.",womens-soccer,2016,39.901779,-75.3285218
Emily Sands,,"West Chester, Pa.",womens-soccer,2016,39.9597389,-75.6044609
Allie Trzaska,,"Yardley, Pa.",womens-soccer,2016,40.242506,-74.8389704
Sasha Stephens,,"La Mesa, Calif.",womens-soccer,2016,32.7678288,-117.0230839
Kitty Qu,,"Foster City, Calif.",womens-soccer,2017,37.5600336,-122.2688522
Ann Manella,,"Toluca Lake, Calif.",womens-soccer,2017,34.1521688,-118.357141
Ashley Gabor,,"White Hall, Md.",womens-soccer,2017,38.6862275,-76.9888636
McRae Fried,,"San Francisco, Calif.",womens-soccer,2017,37.7879363,-122.4075201
Ellie Bryant,,"Medina, Wash.",womens-soccer,2017,47.620548,-122.2264453
Jadyn Wilensky,,"Kensington, Md.",womens-soccer,2017,39.0258405,-77.0750246
Madison Dawkins,,"Wynnewood, Pa.",womens-soccer,2017,40.0028514,-75.2707469
Erica Higa,,"Los Altos Hills, Calif.",womens-soccer,2017,37.3796627,-122.137463
Romie Boyd,,"Acton, Mass.",womens-soccer,2017,42.4850931,-71.43284
Emma Loving,,"Doylestown, Pa.",womens-soccer,2017,40.3100446,-75.1304588
Miranda Schwartz,,"Mill Valley, Calif.",womens-soccer,2017,37.9060368,-122.5449763
Kiera Towell,,"Woodway, Wash.",womens-soccer,2017,47.7900365,-122.382362
Chase Geffert,,"Mill Valley, Calif.",womens-soccer,2017,37.9060368,-122.5449763
Laura Hamilton,,"Tampa, Fla.",womens-soccer,2017,27.9449854,-82.4583107
Megan Lloyd,,"Los Altos, Calif.",womens-soccer,2017,37.3790629,-122.116578
Cameron Keating,,"Greensboro, N.C.",womens-soccer,2017,36.0726355,-79.7919754
Camillia Nwokedi,,"Burbank, Calif.",womens-soccer,2017,34.1812089,-118.307201
Darby Mason,,"Seattle, Wash.",womens-soccer,2017,47.6038321,-122.330062
Victoria Metelkine,,"Marlboro, N.J.",womens-soccer,2017,39.4850245,-75.3211259
Abby Reed,,"Reading, England",womens-soccer,2017,51.4564242,-0.9700664
Kristen Miller,,"Rutledge, Pa.",womens-soccer,2017,39.901779,-75.3285218
Anna Estep,,"Concord, N.C.",womens-soccer,2017,35.4094178,-80.5800049
Samantha Klingelhofer,,"Belvedere, Calif.",womens-soccer,2017,37.8663951,-122.462699
Sasha Stephens,,"La Mesa, Calif.",womens-soccer,2017,32.7678288,-117.0230839
Allie Trzaska,,"Yardley, Pa.",womens-soccer,2017,40.242506,-74.8389704
Katharine Larson,,"Lafayette, Calif.",womens-soccer,2017,37.8857582,-122.1180201
Kelsey Andrews,,"Hillsborough, Calif.",womens-soccer,2017,37.557252,-122.362529
Emily Sands,,"West Chester, Pa.",womens-soccer,2017,39.9597389,-75.6044609
Paige Howard,,"Encino, Calif.",womens-soccer,2017,34.1591324,-118.5016166
Kelsey Andrews,,"Hillsborough, Calif.",womens-soccer,2018,37.557252,-122.362529
Laura Hamilton,,"Tampa, Fla.",womens-soccer,2018,27.9449854,-82.4583107
Mia Shenk,,"Woodside, Calif.",womens-soccer,2018,37.4280637,-122.2507435
Paige Howard,,"Encino, Calif.",womens-soccer,2018,34.1591324,-118.5016166
Katharine Larson,,"Lafayette, Calif.",womens-soccer,2018,37.8857582,-122.1180201
Breukelen Woodard,,"Rutland, Vt.",womens-soccer,2018,43.6084792,-72.9724768
Sasha Stephens,,"La Mesa, Calif.",womens-soccer,2018,32.7678288,-117.0230839
Abby Reed,,"Reading, England",womens-soccer,2018,51.4564242,-0.9700664
Allie Schachter,,"Houston, Texas",womens-soccer,2018,29.7589382,-95.3676974
Abbey Duncan,,"Nokesville, Va.",womens-soccer,2018,38.692382,-77.5768355
Emily Sands,,"West Chester, Pa.",womens-soccer,2018,39.9597389,-75.6044609
Malia Kealaluhi,,"El Cajon, Calif.",womens-soccer,2018,32.7947731,-116.962526
Ann Manella,,"Toluca Lake, Calif.",womens-soccer,2018,34.1521688,-118.357141
Jackie Bruder,,"Bell Canyon, Calif.",womens-soccer,2018,34.2063463,-118.6858253
Lucy Kellogg,,"Washington, D.C.",womens-soccer,2018,38.8950982,-77.0363849
Kiera Towell,,"Woodway, Wash.",womens-soccer,2018,47.7900365,-122.382362
JoJo Cotto,,"Menlo Park, Calif.",womens-soccer,2018,37.4519671,-122.177992
Romie Boyd,,"Acton, Mass.",womens-soccer,2018,42.4850931,-71.43284
Kitty Qu,,"Foster City, Calif.",womens-soccer,2018,37.5600336,-122.2688522
Ashley Gabor,,"White Hall, Md.",womens-soccer,2018,38.6862275,-76.9888636
McRae Fried,,"San Francisco, Calif.",womens-soccer,2018,37.7879363,-122.4075201
Camillia Nwokedi,,"Burbank, Calif.",womens-soccer,2018,34.1812089,-118.307201
Emma Loving,,"Doylestown, Pa.",womens-soccer,2018,40.3100446,-75.1304588
Ellie Bryant,,"Medina, Wash.",womens-soccer,2018,47.620548,-122.2264453
Megan Lloyd,,"Los Altos, Calif.",womens-soccer,2018,37.3790629,-122.116578
Jadyn Wilensky,,"Kensington, Md.",womens-soccer,2018,39.0258405,-77.0750246
Chase Geffert,,"Mill Valley, Calif.",womens-soccer,2018,37.9060368,-122.5449763
Allie Trzaska,,"Yardley, Pa.",womens-soccer,2018,40.242506,-74.8389704
Madison Dawkins,,"Wynnewood, Pa.",womens-soccer,2018,40.0028514,-75.2707469
Megan Lloyd,,"Los Altos, Calif.",womens-soccer,2019,37.3790629,-122.116578
Chase Geffert,,"Mill Valley, Calif.",womens-soccer,2019,37.9060368,-122.5449763
Kitty Qu,,"Foster City, Calif.",womens-soccer,2019,37.5600336,-122.2688522
Ashley Gabor,,"White Hall, Md.",womens-soccer,2019,38.6862275,-76.9888636
McRae Fried,,"San Francisco, Calif.",womens-soccer,2019,37.7879363,-122.4075201
Ann Manella,,"Toluca Lake, Calif.",womens-soccer,2019,34.1521688,-118.357141
Lucy Kellogg,,"Washington, D.C.",womens-soccer,2019,38.8950982,-77.0363849
Emily Pringle,,"La Jolla, Calif.",womens-soccer,2019,32.8458529,-117.2575702
JoJo Cotto,,"Menlo Park, Calif.",womens-soccer,2019,37.4519671,-122.177992
Jadyn Wilensky,,"Kensington, Md.",womens-soccer,2019,39.0258405,-77.0750246
Ellie Bryant,,"Medina, Wash.",womens-soccer,2019,47.620548,-122.2264453
Sara Readinger,,"Telford, Pa.",womens-soccer,2019,40.3220483,-75.3279538
Kelsey Andrews,,"Hillsborough, Calif.",womens-soccer,2019,37.557252,-122.362529
Breukelen Woodard,,"Rutland, Vt.",womens-soccer,2019,43.6084792,-72.9724768
Ella Wright,,"Santa Rosa, Calif.",womens-soccer,2019,38.4404925,-122.7141049
Mia Shenk,,"Woodside, Calif.",womens-soccer,2019,37.4280637,-122.2507435
Abbey Duncan,,"Nokesville, Va.",womens-soccer,2019,38.692382,-77.5768355
Maggie Robinson,,"Nashville, Tenn.",womens-soccer,2019,36.1622767,-86.7742984
Allie Schachter,,"Houston, Texas",womens-soccer,2019,29.7589382,-95.3676974
Katharine Larson,,"Lafayette, Calif.",womens-soccer,2019,37.8857582,-122.1180201
Miranda Farman,,"Irvington, N.Y.",womens-soccer,2019,41.0398662,-73.872717
Jackie Bruder,,"Bell Canyon, Calif.",womens-soccer,2019,34.2063463,-118.6858253
Emma Loving,,"Doylestown, Pa.",womens-soccer,2019,40.3100446,-75.1304588
Abby Reed,,"Reading, England",womens-soccer,2019,51.4564242,-0.9700664
Laura Hamilton,,"Tampa, Fla.",womens-soccer,2019,27.9449854,-82.4583107
Sizzy Lawton,,"Fort Washington, Pa.",womens-soccer,2019,40.1478532,-75.1897243
Emily Sands,,"West Chester, Pa.",womens-soccer,2019,39.9597389,-75.6044609
Peyton Raun,,"Pleasanton, Calif.",womens-soccer,2019,37.6624312,-121.8746789
Paige Howard,,"Encino, Calif.",womens-soccer,2019,34.1591324,-118.5016166
Ellie Bryant,,"Medina, Wash.",womens-soccer,2020,47.620548,-122.2264453
Paige Kenton,,"Wilmington, Del.",womens-soccer,2020,39.7459468,-75.546589
Jadyn Wilensky,,"Kensington, Md.",womens-soccer,2020,39.0258405,-77.0750246
Madison Liebman,,"Scottsdale, Ariz.",womens-soccer,2020,33.4942189,-111.926018
Sizzy Lawton,,"Fort Washington, Pa.",womens-soccer,2020,40.1478532,-75.1897243
McRae Fried,,"San Francisco, Calif.",womens-soccer,2020,37.7879363,-122.4075201
Ashley Gabor,,"White Hall, Md.",womens-soccer,2020,38.6862275,-76.9888636
Julia Olander,,"Elmhurst, Ill.",womens-soccer,2020,41.8994745,-87.9403418
Grace Seymour,,"Port Neches, Texas",womens-soccer,2020,29.9913244,-93.9585067
Emily Pringle,,"La Jolla, Calif.",womens-soccer,2020,32.8458529,-117.2575702
Chase Geffert,,"Mill Valley, Calif.",womens-soccer,2020,37.9060368,-122.5449763
Sara Readinger,,"Telford, Pa.",womens-soccer,2020,40.3220483,-75.3279538
Ginger Fontenot,,"Camarillo, Calif.",womens-soccer,2020,34.2176371,-119.0383541
JoJo Cotto,,"Menlo Park, Calif.",womens-soccer,2020,37.4519671,-122.177992
Ella Wright,,"Santa Rosa, Calif.",womens-soccer,2020,38.4404925,-122.7141049
Maggie Robinson,,"Nashville, Tenn.",womens-soccer,2020,36.1622767,-86.7742984
Katharine Larson,,"Lafayette, Calif.",womens-soccer,2020,37.8857582,-122.1180201
Peyton Raun,,"Pleasanton, Calif.",womens-soccer,2020,37.6624312,-121.8746789
Abbey Duncan,,"Nokesville, Va.",womens-soccer,2020,38.692382,-77.5768355
Allie Schachter,,"Houston, Texas",womens-soccer,2020,29.7589382,-95.3676974
Mia Shenk,,"Woodside, Calif.",womens-soccer,2020,37.4280637,-122.2507435
Laurence Gladu,,"Longueuil, Quebec",womens-soccer,2020,45.521906,-73.4644578
Lauren Teuschl,,"Oakton, Va.",womens-soccer,2020,38.896795,-77.2987377
Paige Howard,,"Encino, Calif.",womens-soccer,2020,34.1591324,-118.5016166
Breukelen Woodard,,"Rutland, Vt.",womens-soccer,2020,43.6084792,-72.9724768
Miranda Farman,,"Irvington, N.Y.",womens-soccer,2020,41.0398662,-73.872717
Adrienne Evans,,"Redwood City, Calif.",womens-soccer,2020,37.4863239,-122.232523
Jackie Bruder,,"Bell Canyon, Calif.",womens-soccer,2020,34.2063463,-118.6858253
Reese Sutter,,"Westport, Conn.",womens-soccer,2020,41.1414855,-73.3578955
Maya Leschly,,"Brookline, Mass.",womens-soccer,2020,42.332918,-71.1187829
Kat Peroulas,,"Charlotte, N.C.",womens-soccer,2021,35.2272086,-80.8430827
Julia Olander,,"Elmhurst, Ill.",womens-soccer,2021,41.8994745,-87.9403418
Laurence Gladu,,"Longueuil, Quebec",womens-soccer,2021,45.521906,-73.4644578
JoJo Cotto,,"Menlo Park, Calif.",womens-soccer,2021,37.4519671,-122.177992
Ella Wright,,"Santa Rosa, Calif.",womens-soccer,2021,38.4404925,-122.7141049
Grace Seymour,,"Port Neches, Texas",womens-soccer,2021,29.9913244,-93.9585067
Emily Pringle,,"La Jolla, Calif.",womens-soccer,2021,32.8458529,-117.2575702
Karoline Conte,,"Andover, Mass.",womens-soccer,2021,42.65717,-71.1408776
Alli Lester,,"Lawrenceville, Ga.",womens-soccer,2021,33.9566391,-83.9890066
Sara Readinger,,"Telford, Pa.",womens-soccer,2021,40.3220483,-75.3279538
Ginger Fontenot,,"Camarillo, Calif.",womens-soccer,2021,34.2176371,-119.0383541
Madison Liebman,,"Scottsdale, Ariz.",womens-soccer,2021,33.4942189,-111.926018
Lucy Kellogg,,"Washington, D.C.",womens-soccer,2021,38.8950982,-77.0363849
Isobel Glass,,"Beverly Farms, Mass.",womens-soccer,2021,42.5639842,-70.8106029
Adrienne Evans,,"Redwood City, Calif.",womens-soccer,2021,37.4863239,-122.232523
Paige Kenton,,"Wilmington, Del.",womens-soccer,2021,39.7459468,-75.546589
Janae Stewart,,"North Wales, Pa.",womens-soccer,2021,40.2109404,-75.2782317
Sizzy Lawton,,"Fort Washington, Pa.",womens-soccer,2021,40.1478532,-75.1897243
Reese Sutter,,"Westport, Conn.",womens-soccer,2021,41.1414855,-73.3578955
Jackie Bruder,,"Bell Canyon, Calif.",womens-soccer,2021,34.2063463,-118.6858253
Miranda Farman,,"Irvington, N.Y.",womens-soccer,2021,41.0398662,-73.872717
Andrea Escobio,,"Pinecrest, Fla.",womens-soccer,2021,25.6670476,-80.3081074
Abbey Duncan,,"Nokesville, Va.",womens-soccer,2021,38.692382,-77.5768355
Lauren Teuschl,,"Oakton, Va.",womens-soccer,2021,38.896795,-77.2987377
Peyton Raun,,"Pleasanton, Calif.",womens-soccer,2021,37.6624312,-121.8746789
Mia Shenk,,"Woodside, Calif.",womens-soccer,2021,37.4280637,-122.2507435
Maggie Robinson,,"Nashville, Tenn.",womens-soccer,2021,36.1622767,-86.7742984
Allie Schachter,,"Houston, Texas",womens-soccer,2021,29.7589382,-95.3676974
Maya Leschly,,"Brookline, Mass.",womens-soccer,2021,42.332918,-71.1187829
Reese Sutter,,"Westport, Conn.",womens-soccer,2022,41.1414855,-73.3578955
Julia Olander,,"Elmhurst, Ill.",womens-soccer,2022,41.8994745,-87.9403418
Anuli Okafor,,"Phoenix, Ariz.",womens-soccer,2022,33.4484367,-112.074141
Ginger Fontenot,,"Camarillo, Calif.",womens-soccer,2022,34.2176371,-119.0383541
Sara Readinger,,"Telford, Pa.",womens-soccer,2022,40.3220483,-75.3279538
Sarah Sullivan,,"Dedham, Mass.",womens-soccer,2022,42.2481895,-71.1734418
Sizzy Lawton,,"Fort Washington, Pa.",womens-soccer,2022,40.1478532,-75.1897243
Ella Wright,,"Santa Rosa, Calif.",womens-soccer,2022,38.4404925,-122.7141049
Kat Peroulas,,"Charlotte, N.C.",womens-soccer,2022,35.2272086,-80.8430827
Chloe Skipper,,"Montclair, N.J.",womens-soccer,2022,40.8164458,-74.2210643
Karoline Conte,,"Andover, Mass.",womens-soccer,2022,42.65717,-71.1408776
Lauren Teuschl,,"Oakton, Va.",womens-soccer,2022,38.896795,-77.2987377
Peyton Raun,,"Pleasanton, Calif.",womens-soccer,2022,37.6624312,-121.8746789
Mallory Lucas,,"Whitman, Mass.",womens-soccer,2022,42.0806617,-70.935599
Emily Pringle,,"La Jolla, Calif.",womens-soccer,2022,32.8458529,-117.2575702
Madison Liebman,,"Scottsdale, Ariz.",womens-soccer,2022,33.4942189,-111.926018
Isobel Glass,,"Beverly Farms, Mass.",womens-soccer,2022,42.5639842,-70.8106029
Laurence Gladu,,"Longueuil, Quebec",womens-soccer,2022,45.521906,-73.4644578
Andrea Escobio,,"Pinecrest, Fla.",womens-soccer,2022,25.6670476,-80.3081074
Clare Robke,,"San Jose, Calif.",womens-soccer,2022,37.3361663,-121.890591
Rachel Herman,,"Dover, Mass.",womens-soccer,2022,42.2452466,-71.2823588
Janae Stewart,,"North Wales, Pa.",womens-soccer,2022,40.2109404,-75.2782317
Kaia Chambers,,"Houston, Texas",womens-soccer,2022,29.7589382,-95.3676974
Maya Leschly,,"Brookline, Mass.",womens-soccer,2022,42.332918,-71.1187829
Paige Kenton,,"Wilmington, Del.",womens-soccer,2022,39.7459468,-75.546589
Adrienne Evans,,"Redwood City, Calif.",womens-soccer,2022,37.4863239,-122.232523
Miranda Farman,,"Irvington, N.Y.",womens-soccer,2022,41.0398662,-73.872717
Lucy Kellogg,,"Washington, D.C.",womens-soccer,2022,38.8950982,-77.0363849
Annabel Austen,,"Concord, Mass.",womens-soccer,2022,42.4605189,-71.3488963
Mia Fuss,,"Austin, Texas",womens-soccer,2023,30.2711286,-97.7436995
Madison Liebman,,"Scottsdale, Ariz.",womens-soccer,2023,33.4942189,-111.926018
Megan Lusher,,"Park City, Utah",womens-soccer,2023,40.6460921,-111.4979963
Kat Peroulas,,"Charlotte, N.C.",womens-soccer,2023,35.2272086,-80.8430827
Maya Leschly,,"Brookline, Mass.",womens-soccer,2023,42.332918,-71.1187829
Adrienne Evans,,"Redwood City, Calif.",womens-soccer,2023,37.4863239,-122.232523
Janae Stewart,,"North Wales, Pa.",womens-soccer,2023,40.2109404,-75.2782317
Rachel Herman,,"Dover, Mass.",womens-soccer,2023,42.2452466,-71.2823588
Paige Kenton,,"Wilmington, Del.",womens-soccer,2023,39.7459468,-75.546589
Lauren Teuschl,,"Oakton, Va.",womens-soccer,2023,38.896795,-77.2987377
Avery Chapel,,"Leesburg, Va.",womens-soccer,2023,39.1154506,-77.5645607
Annabel Austen,,"Concord, Mass.",womens-soccer,2023,42.4605189,-71.3488963
Laurence Gladu,,"Longueuil, Quebec",womens-soccer,2023,45.521906,-73.4644578
Leah Finkelman,,"Coral Springs, Fla.",womens-soccer,2023,26.271192,-80.2706044
Kaia Chambers,,"Houston, Texas",womens-soccer,2023,29.7589382,-95.3676974
Mallory Lucas,,"Whitman, Mass.",womens-soccer,2023,42.0806617,-70.935599
Julia Olander,,"Elmhurst, Ill.",womens-soccer,2023,41.8994745,-87.9403418
Anuli Okafor,,"Phoenix, Ariz.",womens-soccer,2023,33.4484367,-112.074141
Ginger Fontenot,,"Camarillo, Calif.",womens-soccer,2023,34.2176371,-119.0383541
Sarah Sullivan,,"Dedham, Mass.",womens-soccer,2023,42.2481895,-71.1734418
Taylor Ferraro,,"Camp Hill, Pa.",womens-soccer,2023,40.2398118,-76.9199742
Clare Robke,,"San Jose, Calif.",womens-soccer,2023,37.3361663,-121.890591
Karly Murlless,,"Downingtown, Pa.",womens-soccer,2023,40.0064958,-75.7032742
Reese Sutter,,"Westport, Conn.",womens-soccer,2023,41.1414855,-73.3578955
Magali Capdevila,,"Barcelona, Spain",womens-soccer,2023,41.3825802,2.177073
Isobel Glass,,"Beverly Farms, Mass.",womens-soccer,2023,42.5639842,-70.8106029
Karoline Conte,,"Andover, Mass.",womens-soccer,2023,42.65717,-71.1408776
Megan Graves,,"Redmond, Wash.",womens-soccer,2023,47.6694141,-122.1238767
Abbey Cook,,"Upland, Calif.",womens-soccer,2023,34.09751,-117.6483876
Karoline Conte,,"Andover, Mass.",womens-soccer,2024,42.65717,-71.1408776
Mila Maltby,,"Washington, D.C.",womens-soccer,2024,38.8950982,-77.0363849
Lily White,,"Boynton Beach, Fla.",womens-soccer,2024,26.5289139,-80.058141
Isabella Zulli,,"Harrisburg, Pa.",womens-soccer,2024,40.2663107,-76.8861122
Taylor Ferraro,,"Camp Hill, Pa.",womens-soccer,2024,40.2398118,-76.9199742
Edie Priest,,"London, England",womens-soccer,2024,51.5074456,-0.1277653
Megan Graves,,"Redmond, Wash.",womens-soccer,2024,47.6694141,-122.1238767
Sarah Sullivan,,"Dedham, Mass.",womens-soccer,2024,42.2481895,-71.1734418
Avery Chapel,,"Leesburg, Va.",womens-soccer,2024,39.1154506,-77.5645607
Charlotte Wilfert,,"Thousand Oaks, Calif.",womens-soccer,2024,34.1705609,-118.8375937
Rachel Herman,,"Dover, Mass.",womens-soccer,2024,42.2452466,-71.2823588
Mallory Lucas,,"Whitman, Mass.",womens-soccer,2024,42.0806617,-70.935599
Isobel Glass,,"Beverly Farms, Mass.",womens-soccer,2024,42.5639842,-70.8106029
Ariel Katz,,"Penn Valley, Pa",womens-soccer,2024,40.0184454,-75.2612932
Clare Robke,,"San Jose, Calif.",womens-soccer,2024,37.3361663,-121.890591
Megan Lusher,,"Park City, Utah",womens-soccer,2024,40.6460921,-111.4979963
Eden Veenema,,"Lincoln University, Pa.",womens-soccer,2024,39.8065518,-75.9287055
Magali Capdevila,,"Barcelona, Spain",womens-soccer,2024,41.3825802,2.177073
Karly Murlless,,"Downingtown, Pa.",womens-soccer,2024,40.0064958,-75.7032742
Hailey Adamsky,,"Lawrenceville, N.J.",womens-soccer,2024,40.3009876,-74.7373728
Mia Fuss,,"Austin, Texas",womens-soccer,2024,30.2711286,-97.7436995
Leah Finkelman,,"Coral Springs, Fla.",womens-soccer,2024,26.271192,-80.2706044
Maya Leschly,,"Brookline, Mass.",womens-soccer,2024,42.332918,-71.1187829
Leigha Matter,,"Chatham, N.J.",womens-soccer,2024,40.7409242,-74.3836711
Janae Stewart,,"North Wales, Pa.",womens-soccer,2024,40.2109404,-75.2782317
Abbey Cook,,"Upland, Calif.",womens-soccer,2024,34.09751,-117.6483876
Kat Peroulas,,"Charlotte, N.C.",womens-soccer,2024,35.2272086,-80.8430827
Anuli Okafor,,"Phoenix, Ariz.",womens-soccer,2024,33.4484367,-112.074141
Annabel Austen,,"Concord, Mass.",womens-soccer,2024,42.4605189,-71.3488963
Isabella Zulli,,"Harrisburg, Pa.",womens-soccer,2025,40.2663107,-76.8861122
Magali Capdevila,,"Barcelona, Spain",womens-soccer,2025,41.3825802,2.177073
Sarah Sullivan,,"Dedham, Mass.",womens-soccer,2025,42.2481895,-71.1734418
Kylie Emanuel,,"Washington, D.C.",womens-soccer,2025,38.8950982,-77.0363849
Lauren Stevens,,"Encinitas, Calif.",womens-soccer,2025,33.0431846,-117.2849848
Nicki Masseur,,"New York, N.Y.",womens-soccer,2025,40.7127281,-74.0060152
Lily White,,"Boynton Beach, Fla.",womens-soccer,2025,26.5289139,-80.058141
Zula Root,,"Berkeley, Calif.",womens-soccer,2025,37.8708393,-122.272863
Edie Priest,,"London, England",womens-soccer,2025,51.5074456,-0.1277653
Leah Lynch,,"Los Altos, Calif.",womens-soccer,2025,37.3790629,-122.116578
Eden Veenema,,"Lincoln University, Pa.",womens-soccer,2025,39.8065518,-75.9287055
Anuli Okafor,,"Phoenix, Ariz.",womens-soccer,2025,33.4484367,-112.074141
Landon Lipton,,"New York, N.Y.",womens-soccer,2025,40.7127281,-74.0060152
Mallory Lucas,,"Whitman, Mass.",womens-soccer,2025,42.0806617,-70.935599
Abbey Cook,,"Upland, Calif.",womens-soccer,2025,34.09751,-117.6483876
Leigha Matter,,"Chatham, N.J.",womens-soccer,2025,40.7409242,-74.3836711
Annabel Austen,,"Concord, Mass.",womens-soccer,2025,42.4605189,-71.3488963
Casey Forman,,"Wynnewood, Pa.",womens-soccer,2025,40.0028514,-75.2707469
Hailey Adamsky,,"Lawrenceville, N.J.",womens-soccer,2025,40.3009876,-74.7373728
Karly Murlless,,"Downingtown, Pa.",womens-soccer,2025,40.0064958,-75.7032742
Avery Chapel,,"Leesburg, Va.",womens-soccer,2025,39.1154506,-77.5645607
Mia Fuss,,"Austin, Texas",womens-soccer,2025,30.2711286,-97.7436995
Megan Graves,,"Redmond, Wash.",womens-soccer,2025,47.6694141,-122.1238767
Taylor Ferraro,,"Camp Hill, Pa.",womens-soccer,2025,40.2398118,-76.9199742
Clare Robke,,"San Jose, Calif.",womens-soccer,2025,37.3361663,-121.890591
Lauren Anderson,,"Spring Hill, Fla.",womens-soccer,2025,28.4635266,-82.5363557
Leah Finkelman,,"Coral Springs, Fla.",womens-soccer,2025,26.271192,-80.2706044
Rachel Herman,,"Dover, Mass.",womens-soccer,2025,42.2452466,-71.2823588
Lauren Stevens,,"Encinitas, Calif.",womens-soccer,2026,33.0431846,-117.2849848
Abbey Cook,,"Upland, Calif.",womens-soccer,2026,34.09751,-117.6483876
Lane Flanagan,,"Rancho Palos Verdes, Calif.",womens-soccer,2026,33.7483311,-118.3707683
Marley Murdock,,"Stillwater, Minn.",womens-soccer,2026,45.0559126,-92.807572
Isabella Zulli,,"Harrisburg, Pa.",womens-soccer,2026,40.2663107,-76.8861122
Lily White,,"Boynton Beach, Fla.",womens-soccer,2026,26.5289139,-80.058141
Grace Saxton,,"Wyckoff, N.J.",womens-soccer,2026,41.0095417,-74.1729222
Kylie Emanuel,,"Washington, D.C.",womens-soccer,2026,38.8950982,-77.0363849
Eden Veenema,,"Lincoln University, Pa.",womens-soccer,2026,39.8065518,-75.9287055
Leah Lynch,,"Los Altos, Calif.",womens-soccer,2026,37.3790629,-122.116578
Marijke Terhorst,,"Amsterdam, Netherlands",womens-soccer,2026,52.3730796,4.8924534
Zula Root,,"Berkeley, Calif.",womens-soccer,2026,37.8708393,-122.272863
Alisa Ziletkina,,"Vienna, Austria",womens-soccer,2026,48.2083537,16.3725042
Lauren Anderson,,"Spring Hill, Fla.",womens-soccer,2026,28.4635266,-82.5363557
Magali Capdevila,,"Barcelona, Spain",womens-soccer,2026,41.3825802,2.177073
Camarin Choi,,"Cypress, Calif.",womens-soccer,2026,33.8248235,-118.0399368
Avery Chapel,,"Leesburg, Va.",womens-soccer,2026,39.1154506,-77.5645607
Leah Finkelman,,"Coral Springs, Fla.",womens-soccer,2026,26.271192,-80.2706044
Mia Fuss,,"Austin, Texas",womens-soccer,2026,30.2711286,-97.7436995
Emily Burnham,,"Wellesley, Mass.",womens-soccer,2026,42.2964859,-71.2925571
Taylor Ferraro,,"Camp Hill, Pa.",womens-soccer,2026,40.2398118,-76.9199742
Leigha Matter,,"Chatham, N.J.",womens-soccer,2026,40.7409242,-74.3836711
Hailey Adamsky,,"Lawrenceville, N.J.",womens-soccer,2026,40.3009876,-74.7373728
Casey Forman,,"Wynnewood, Pa.",womens-soccer,2026,40.0028514,-75.2707469
Ria Desai,,"Manhattan Beach, Calif.",womens-soccer,2026,33.8872777,-118.4104324
Josephine Hensley,,"St. Louis, Mo.",womens-soccer,2026,38.6254063,-90.190009
Megan Graves,,"Redmond, Wash.",womens-soccer,2026,47.6694141,-122.1238767
Nicki Masseur,,"New York, N.Y.",womens-soccer,2026,40.7127281,-74.0060152
Karly Murlless,,"Downingtown, Pa.",womens-soccer,2026,40.0064958,-75.7032742
Edie Priest,,"London, England",womens-soccer,2026,51.5074456,-0.1277653
Alexa Schneck,,"Reading, Pa.",field-hockey,2016,40.335345,-75.9279495
Ava Rosati,,"Ambler, Pa.",field-hockey,2016,40.1544727,-75.2221643
Gina Guccione,,"Fairfield, N.J.",field-hockey,2016,40.8837238,-74.3068718
Laura Shelton,,"Schwenksville, Pa.",field-hockey,2016,40.256213,-75.4637876
Kelsey Mendell,,"Landenberg, Pa.",field-hockey,2016,39.7773329,-75.7713264
Rachel Huang,,"East Brunswick, N.J.",field-hockey,2016,40.4278841,-74.415984
Madison Hendry,,"Wilton, Conn.",field-hockey,2016,41.1953739,-73.4378988
Claire Kneizys,,"Newtown Square, Pa.",field-hockey,2016,39.9868117,-75.4007633
Alexa Murray,,"Greenwich, Conn.",field-hockey,2016,41.0264862,-73.6284598
Liz Mata,,"Severna Park, Md.",field-hockey,2016,39.0826193,-76.5719676
Paige Meily,,"State College, Pa.",field-hockey,2016,40.7944504,-77.8616386
Jasmine Li,,"Stamford, Conn.",field-hockey,2016,41.0534302,-73.5387341
Rachel Mirkin,,"Winnetka, Ill.",field-hockey,2016,42.1080703,-87.7365286
Alexa Hoover,,"Collegeville, Pa.",field-hockey,2016,40.1854712,-75.4512163
Elise Tilton,,"Bangor, Maine",field-hockey,2016,44.8016255,-68.7713289
Sofia Palacios,,"Herndon, Va.",field-hockey,2016,38.9695316,-77.3859479
Chelsea Duggan,,"Huntingdon Valley, Pa.",field-hockey,2016,40.1226101,-75.0635049
Haley Gelberg,,"Philadelphia, Pa.",field-hockey,2016,39.9527237,-75.1635262
Karen Seid,,"Larchmont, N.Y.",field-hockey,2016,40.9278769,-73.7517983
Laura Shelton,,"Schwenksville, Pa.",field-hockey,2017,40.256213,-75.4637876
Liz Mata,,"Severna Park, Md.",field-hockey,2017,39.0826193,-76.5719676
Ava Rosati,,"Ambler, Pa.",field-hockey,2017,40.1544727,-75.2221643
Kristen Rusas,,"Far Hills, N.J.",field-hockey,2017,40.684268,-74.6357148
Alexa Murray,,"Greenwich, Conn.",field-hockey,2017,41.0264862,-73.6284598
Erin Quinn,,"Marlton, N.J.",field-hockey,2017,39.9005585,-74.9338911
Rachel Huang,,"East Brunswick, N.J.",field-hockey,2017,40.4278841,-74.415984
Gina Guccione,,"Fairfield, N.J.",field-hockey,2017,40.8837238,-74.3068718
Kelsey Mendell,,"Landenberg, Pa.",field-hockey,2017,39.7773329,-75.7713264
Katelyn Mark,,"Palmyra, Pa.",field-hockey,2017,40.3088578,-76.5932369
Alexa Schneck,,"Reading, Pa.",field-hockey,2017,40.335345,-75.9279495
Chelsea Duggan,,"Huntingdon Valley, Pa.",field-hockey,2017,40.1226101,-75.0635049
Rachel Mirkin,,"Winnetka, Ill.",field-hockey,2017,42.1080703,-87.7365286
Erin Kelly,,"Bethlehem, Pa.",field-hockey,2017,-1.45056,-48.4682453
Reese Vogel,,"Houston, Texas",field-hockey,2017,29.7589382,-95.3676974
Alexa Hoover,,"Collegeville, Pa.",field-hockey,2017,40.1854712,-75.4512163
Jasmine Li,,"Stamford, Conn.",field-hockey,2017,41.0534302,-73.5387341
Jordyn Thies,,"North Caldwell, N.J.",field-hockey,2017,40.8648215,-74.2582027
Karen Seid,,"Larchmont, N.Y.",field-hockey,2017,40.9278769,-73.7517983
Paige Meily,,"State College, Pa.",field-hockey,2017,40.7944504,-77.8616386
Sofia Palacios,,"Herndon, Va.",field-hockey,2017,38.9695316,-77.3859479
Hana Charnley,,"Short Hills, N.J.",field-hockey,2017,40.7381585,-74.3377392
Alexa Schneck,,"Reading, Pa.",field-hockey,2018,40.335345,-75.9279495
Alexa Murray,,"Greenwich, Conn.",field-hockey,2018,41.0264862,-73.6284598
Rachel Mirkin,,"Winnetka, Ill.",field-hockey,2018,42.1080703,-87.7365286
Lily Clarkson,,"Virginia Beach, Va.",field-hockey,2018,36.8496579,-75.9760751
Madison Jiranek,,"Richmond, Va.",field-hockey,2018,37.5385087,-77.43428
Sarah Lavers,,"Harpenden, England",field-hockey,2018,51.8145103,-0.3549311
Katelyn Mark,,"Palmyra, Pa.",field-hockey,2018,40.3088578,-76.5932369
Paige Meily,,"State College, Pa.",field-hockey,2018,40.7944504,-77.8616386
Kelsey Mendell,,"Landenberg, Pa.",field-hockey,2018,39.7773329,-75.7713264
Catherine McInerney,,"Blue Bell, Pa.",field-hockey,2018,40.147809,-75.272781
Karen Seid,,"Larchmont, N.Y.",field-hockey,2018,40.9278769,-73.7517983
Laura Shelton,,"Schwenksville, Pa.",field-hockey,2018,40.256213,-75.4637876
Julia Russo,,"North Caldwell, N.J.",field-hockey,2018,40.8648215,-74.2582027
Madison Woods,,"Kingston, Pa.",field-hockey,2018,41.2620137,-75.897197
Jordyn Thies,,"North Caldwell, N.J.",field-hockey,2018,40.8648215,-74.2582027
Erin Kelly,,"Bethlehem, Pa.",field-hockey,2018,-1.45056,-48.4682453
Maddy Fagan,,"Charlottesville, Va.",field-hockey,2018,38.029306,-78.4766781
Hana Charnley,,"Short Hills, N.J.",field-hockey,2018,40.7381585,-74.3377392
Erin Quinn,,"Marlton, N.J.",field-hockey,2018,39.9005585,-74.9338911
Reese Vogel,,"Houston, Texas",field-hockey,2018,29.7589382,-95.3676974
Ashley Wetzel,,"Medford, N.J.",field-hockey,2018,39.9009472,-74.8234961
Kristen Rusas,,"Far Hills, N.J.",field-hockey,2018,40.684268,-74.6357148
Ava Rosati,,"Ambler, Pa.",field-hockey,2018,40.1544727,-75.2221643
Gracyn Banks,,"Burlington, N.J.",field-hockey,2018,39.9325409,-74.7226665
Sofia Palacios,,"Herndon, Va.",field-hockey,2018,38.9695316,-77.3859479
Ashley Wetzel,,"Medford, N.J.",field-hockey,2019,39.9009472,-74.8234961
Sydney Huang,,"Dallas, Texas",field-hockey,2019,32.7762719,-96.7968559
Laura Shelton,,"Schwenksville, Pa.",field-hockey,2019,40.256213,-75.4637876
Alexa Murray,,"Greenwich, Conn.",field-hockey,2019,41.0264862,-73.6284598
Katelyn Mark,,"Palmyra, Pa.",field-hockey,2019,40.3088578,-76.5932369
Sarah Lavers,,"Harpenden, England",field-hockey,2019,51.8145103,-0.3549311
Elita Van Staden,,"Pretoria, South Africa",field-hockey,2019,-25.7459277,28.1879101
Erin Quinn,,"Marlton, N.J.",field-hockey,2019,39.9005585,-74.9338911
Meghan Ward,,"Boston, Mass.",field-hockey,2019,42.3588336,-71.0578303
Lily Clarkson,,"Virginia Beach, Va.",field-hockey,2019,36.8496579,-75.9760751
Kristen Rusas,,"Far Hills, N.J.",field-hockey,2019,40.684268,-74.6357148
Jordyn Thies,,"North Caldwell, N.J.",field-hockey,2019,40.8648215,-74.2582027
Catherine McInerney,,"Blue Bell, Pa.",field-hockey,2019,40.147809,-75.272781
Reese Vogel,,"Houston, Texas",field-hockey,2019,29.7589382,-95.3676974
Maya Geller,,"Yardley, Pa.",field-hockey,2019,40.242506,-74.8389704
Hana Charnley,,"Short Hills, N.J.",field-hockey,2019,40.7381585,-74.3377392
Olivia Kenny,,"Towson, Md.",field-hockey,2019,39.3964591,-76.6148148
Madison Woods,,"Kingston, Pa.",field-hockey,2019,41.2620137,-75.897197
Ava Rosati,,"Ambler, Pa.",field-hockey,2019,40.1544727,-75.2221643
Erin Kelly,,"Bethlehem, Pa.",field-hockey,2019,-1.45056,-48.4682453
Gracyn Banks,,"Burlington, N.J.",field-hockey,2019,39.9325409,-74.7226665
Alexa Schneck,,"Reading, Pa.",field-hockey,2019,40.335345,-75.9279495
Maddy Fagan,,"Charlottesville, Va.",field-hockey,2019,38.029306,-78.4766781
Jaya Krishnan,,"Houston, Texas",field-hockey,2019,29.7589382,-95.3676974
Madison Jiranek,,"Richmond, Va.",field-hockey,2019,37.5385087,-77.43428
Julia Russo,,"North Caldwell, N.J.",field-hockey,2020,40.8648215,-74.2582027
Ashley Wetzel,,"Medford, N.J.",field-hockey,2020,39.9009472,-74.8234961
Lily Clarkson,,"Virginia Beach, Va.",field-hockey,2020,36.8496579,-75.9760751
Erin Quinn,,"Marlton, N.J.",field-hockey,2020,39.9005585,-74.9338911
Maddy Fagan,,"Charlottesville, Va.",field-hockey,2020,38.029306,-78.4766781
Catherine McInerney,,"Blue Bell, Pa.",field-hockey,2020,40.147809,-75.272781
Kate Ainbinder,,"Houston, Texas",field-hockey,2020,29.7589382,-95.3676974
Sabien Paumen,,"Oegstgeest, The Netherlands",field-hockey,2020,52.1833669,4.4721294
Katelyn Mark,,"Palmyra, Pa.",field-hockey,2020,40.3088578,-76.5932369
Sarah Lavers,,"Harpenden, England",field-hockey,2020,51.8145103,-0.3549311
Hayley Hayden,,"Northport, N.Y.",field-hockey,2020,40.9009595,-73.343167
Kristen Rusas,,"Far Hills, N.J.",field-hockey,2020,40.684268,-74.6357148
Madison Jiranek,,"Richmond, Va.",field-hockey,2020,37.5385087,-77.43428
Olivia Kenny,,"Towson, Md.",field-hockey,2020,39.3964591,-76.6148148
Jordyn Thies,,"North Caldwell, N.J.",field-hockey,2020,40.8648215,-74.2582027
Reese Vogel,,"Houston, Texas",field-hockey,2020,29.7589382,-95.3676974
Elita Van Staden,,"Pretoria, South Africa",field-hockey,2020,-25.7459277,28.1879101
Madison Woods,,"Kingston, Pa.",field-hockey,2020,41.2620137,-75.897197
Lis Zandbergen,,"Eijsden, The Netherlands",field-hockey,2020,50.7782686,5.7075337
Annie Bartosz,,"Hartland, Wis.",field-hockey,2020,43.105008,-88.3420398
Maya Geller,,"Yardley, Pa.",field-hockey,2020,40.242506,-74.8389704
Sydney Huang,,"Dallas, Texas",field-hockey,2020,32.7762719,-96.7968559
Erin Kelly,,"Bethlehem, Pa.",field-hockey,2020,-1.45056,-48.4682453
Jaya Krishnan,,"Houston, Texas",field-hockey,2020,29.7589382,-95.3676974
Gracyn Banks,,"Burlington, N.J.",field-hockey,2020,39.9325409,-74.7226665
Meghan Ward,,"Boston, Mass.",field-hockey,2020,42.3588336,-71.0578303
Allison Kuzyk,,"Vancouver, B.C.",field-hockey,2020,49.2608724,-123.113952
Hana Charnley,,"Short Hills, N.J.",field-hockey,2020,40.7381585,-74.3377392
Courtney Kenah,,"Souderton, Pa.",field-hockey,2021,40.3117707,-75.3251759
Ashley Wetzel,,"Medford, N.J.",field-hockey,2021,39.9009472,-74.8234961
Lily Clarkson,,"Virginia Beach, Va.",field-hockey,2021,36.8496579,-75.9760751
Bridget Skelly,,"Ann Arbor, Mich.",field-hockey,2021,42.2813722,-83.7484616
Hayley Hayden,,"Northport, N.Y.",field-hockey,2021,40.9009595,-73.343167
Catherine McInerney,,"Blue Bell, Pa.",field-hockey,2021,40.147809,-75.272781
MaryGrace Farrell,,"Greenwich, Conn.",field-hockey,2021,41.0264862,-73.6284598
Sabien Paumen,,"Oegstgeest, The Netherlands",field-hockey,2021,52.1833669,4.4721294
Frederique Wollaert,,"Hilversum, The Netherlands",field-hockey,2021,52.231587,5.1734935
Olivia Kenny,,"Towson, Md.",field-hockey,2021,39.3964591,-76.6148148
Meghan Ward,,"Boston, Mass.",field-hockey,2021,42.3588336,-71.0578303
Annie Bartosz,,"Hartland, Wis.",field-hockey,2021,43.105008,-88.3420398
Maddy Fagan,,"Charlottesville, Va.",field-hockey,2021,38.029306,-78.4766781
Madison Jiranek,,"Richmond, Va.",field-hockey,2021,37.5385087,-77.43428
Kate Ainbinder,,"Houston, Texas",field-hockey,2021,29.7589382,-95.3676974
Lis Zandbergen,,"Eijsden, The Netherlands",field-hockey,2021,50.7782686,5.7075337
Madison Woods,,"Kingston, Pa.",field-hockey,2021,41.2620137,-75.897197
Kylie Wall,,"Hummelstown, Pa.",field-hockey,2021,40.2653927,-76.7082778
Elita Van Staden,,"Pretoria, South Africa",field-hockey,2021,-25.7459277,28.1879101
Gracyn Banks,,"Burlington, N.J.",field-hockey,2021,39.9325409,-74.7226665
Sydney Huang,,"Dallas, Texas",field-hockey,2021,32.7762719,-96.7968559
Sophie Freedman,,"Greenwich, Conn.",field-hockey,2021,41.0264862,-73.6284598
Meghan McGinley,,"Plymouth Meeting, Pa.",field-hockey,2021,40.102332,-75.2743467
Julia Russo,,"North Caldwell, N.J.",field-hockey,2021,40.8648215,-74.2582027
Maya Geller,,"Yardley, Pa.",field-hockey,2021,40.242506,-74.8389704
Allison Kuzyk,,"Vancouver, B.C.",field-hockey,2021,49.2608724,-123.113952
Kate Ainbinder,,"Houston, Texas",field-hockey,2022,29.7589382,-95.3676974
Annie Bartosz,,"Hartland, Wis.",field-hockey,2022,43.105008,-88.3420398
Allison Kuzyk,,"Vancouver, B.C.",field-hockey,2022,49.2608724,-123.113952
Frederique Wollaert,,"Hilversum, The Netherlands",field-hockey,2022,52.231587,5.1734935
Kylie Wall,,"Hummelstown, Pa.",field-hockey,2022,40.2653927,-76.7082778
Hayley Hayden,,"Northport, N.Y.",field-hockey,2022,40.9009595,-73.343167
Lis Zandbergen,,"Eijsden, The Netherlands",field-hockey,2022,50.7782686,5.7075337
Lily Kumar,,"Lebanon, N.J.",field-hockey,2022,40.6417683,-74.8359987
Courtney Kenah,,"Souderton, Pa.",field-hockey,2022,40.3117707,-75.3251759
Julia Ryan,,"Brookline, Mass.",field-hockey,2022,42.332918,-71.1187829
Dylan Breier,,"Louisville, Ky.",field-hockey,2022,38.2542376,-85.759407
Meghan McGinley,,"Plymouth Meeting, Pa.",field-hockey,2022,40.102332,-75.2743467
Meghan Ward,,"Boston, Mass.",field-hockey,2022,42.3588336,-71.0578303
Sydney Huang,,"Dallas, Texas",field-hockey,2022,32.7762719,-96.7968559
Amy Lanouette,,"Windham, N.H.",field-hockey,2022,42.8006441,-71.304229
Elita Van Staden,,"Pretoria, South Africa",field-hockey,2022,-25.7459277,28.1879101
Sophie Freedman,,"Greenwich, Conn.",field-hockey,2022,41.0264862,-73.6284598
Maya Geller,,"Yardley, Pa.",field-hockey,2022,40.242506,-74.8389704
Julia Russo,,"North Caldwell, N.J.",field-hockey,2022,40.8648215,-74.2582027
Philine Klas,,"Bonn, Germany",field-hockey,2022,50.7352621,7.1024635
Livia Loozen,,"Utrecht, The Netherlands",field-hockey,2022,52.0907006,5.1215634
Bridget Skelly,,"Ann Arbor, Mich.",field-hockey,2022,42.2813722,-83.7484616
Olivia Kenny,,"Towson, Md.",field-hockey,2022,39.3964591,-76.6148148
Gracyn Banks,,"Burlington, N.J.",field-hockey,2022,39.9325409,-74.7226665
MaryGrace Farrell,,"Greenwich, Conn.",field-hockey,2022,41.0264862,-73.6284598
Ellie Almeida,,"Kennett Square, Pa.",field-hockey,2023,39.8467414,-75.7116997
Emily Stafford,,"Arlington, Va.",field-hockey,2023,38.8769326,-77.0893094
Honor Roberts,,"Winnetka, Ill.",field-hockey,2023,42.1080703,-87.7365286
Philine Klas,,"Bonn, Germany",field-hockey,2023,50.7352621,7.1024635
Amy Lanouette,,"Windham, N.H.",field-hockey,2023,42.8006441,-71.304229
Meghan McGinley,,"Plymouth Meeting, Pa.",field-hockey,2023,40.102332,-75.2743467
Julia Ryan,,"Brookline, Mass.",field-hockey,2023,42.332918,-71.1187829
Sophie Freedman,,"Greenwich, Conn.",field-hockey,2023,41.0264862,-73.6284598
Bridget Skelly,,"Ann Arbor, Mich.",field-hockey,2023,42.2813722,-83.7484616
Courtney Kenah,,"Souderton, Pa.",field-hockey,2023,40.3117707,-75.3251759
Sydney Mandato,,"Gwynedd Valley, Pa.",field-hockey,2023,40.1842749,-75.2562876
Kylie Wall,,"Hummelstown, Pa.",field-hockey,2023,40.2653927,-76.7082778
Frederique Wollaert,,"Hilversum, The Netherlands",field-hockey,2023,52.231587,5.1734935
Hayley Hayden,,"Northport, N.Y.",field-hockey,2023,40.9009595,-73.343167
MaryGrace Farrell,,"Greenwich, Conn.",field-hockey,2023,41.0264862,-73.6284598
Allison Kuzyk,,"Vancouver, B.C.",field-hockey,2023,49.2608724,-123.113952
Emma Nahon,,"Westport, Conn.",field-hockey,2023,41.1414855,-73.3578955
Lis Zandbergen,,"Eijsden, The Netherlands",field-hockey,2023,50.7782686,5.7075337
Lily Kumar,,"Lebanon, N.J.",field-hockey,2023,40.6417683,-74.8359987
Ruby de Frees,,"Crofton, Md.",field-hockey,2023,39.0159547,-76.6842057
Livia Loozen,,"Utrecht, The Netherlands",field-hockey,2023,52.0907006,5.1215634
Dylan Breier,,"Louisville, Ky.",field-hockey,2023,38.2542376,-85.759407
Maxi Aranowitz,,"Roseland, N.J.",field-hockey,2024,40.8206555,-74.2937595
Dylan Breier,,"Louisville, Ky.",field-hockey,2024,38.2542376,-85.759407
Kylie Wall,,"Hummelstown, Pa.",field-hockey,2024,40.2653927,-76.7082778
Ava Hughes,,"West Chester, Pa.",field-hockey,2024,39.9597389,-75.6044609
Livia Loozen,,"Utrecht, The Netherlands",field-hockey,2024,52.0907006,5.1215634
Megan Frank,,"Ellicott City, Md.",field-hockey,2024,39.2757359,-76.8317417
Riley Thomson,,"Perth, Scotland",field-hockey,2024,56.3958757,-3.4303103
Bridget Skelly,,"Ann Arbor, Mich.",field-hockey,2024,42.2813722,-83.7484616
Alexis Williams,,"Arlington, Va.",field-hockey,2024,38.8769326,-77.0893094
Amy Lanouette,,"Windham, N.H.",field-hockey,2024,42.8006441,-71.304229
Philine Klas,,"Bonn, Germany",field-hockey,2024,50.7352621,7.1024635
Meghan McGinley,,"Plymouth Meeting, Pa.",field-hockey,2024,40.102332,-75.2743467
Sydney Mandato,,"Gwynedd Valley, Pa.",field-hockey,2024,40.1842749,-75.2562876
Emily Stafford,,"Arlington, Va.",field-hockey,2024,38.8769326,-77.0893094
MaryGrace Farrell,,"Greenwich, Conn.",field-hockey,2024,41.0264862,-73.6284598
Beau Lilly Barrington-Hibbert,,"Suffolk, England",field-hockey,2024,52.2410014,1.0465716
Honor Roberts,,"Winnetka, Ill.",field-hockey,2024,42.1080703,-87.7365286
Sophie Freedman,,"Greenwich, Conn.",field-hockey,2024,41.0264862,-73.6284598
Ellie Almeida,,"Kennett Square, Pa.",field-hockey,2024,39.8467414,-75.7116997
Julia Ryan,,"Brookline, Mass.",field-hockey,2024,42.332918,-71.1187829
Courtney Kenah,,"Souderton, Pa.",field-hockey,2024,40.3117707,-75.3251759
Darcey Chapman,,"Summit, N.J.",field-hockey,2024,40.7182356,-74.3592296
Ruby de Frees,,"Crofton, Md.",field-hockey,2024,39.0159547,-76.6842057
Naomi Esterowitz,,"Rockville, Md.",field-hockey,2024,39.0817985,-77.1516844
Emma Nahon,,"Westport, Conn.",field-hockey,2024,41.1414855,-73.3578955
Sophie Watson,,"Littleton, Mass.",field-hockey,2025,42.5375917,-71.5120096
Naomi Esterowitz,,"Rockville, Md.",field-hockey,2025,39.0817985,-77.1516844
Darcey Chapman,,"Summit, N.J.",field-hockey,2025,40.7182356,-74.3592296
Emily Stafford,,"Arlington, Va.",field-hockey,2025,38.8769326,-77.0893094
Philine Klas,,"Bonn, Germany",field-hockey,2025,50.7352621,7.1024635
Ava Hughes,,"West Chester, Pa.",field-hockey,2025,39.9597389,-75.6044609
Jazmin Borensztein,,"Buenos Aires, Argentina",field-hockey,2025,-34.6095579,-58.3887904
Riley Thomson,,"Perth, Scotland",field-hockey,2025,56.3958757,-3.4303103
Ruby de Frees,,"Crofton, Md.",field-hockey,2025,39.0159547,-76.6842057
Megan Frank,,"Ellicott City, Md.",field-hockey,2025,39.2757359,-76.8317417
Livia Loozen,,"Utrecht, The Netherlands",field-hockey,2025,52.0907006,5.1215634
Emma Nahon,,"Westport, Conn.",field-hockey,2025,41.1414855,-73.3578955
Maxi Aranowitz,,"Roseland, N.J.",field-hockey,2025,40.8206555,-74.2937595
Julia Ryan,,"Brookline, Mass.",field-hockey,2025,42.332918,-71.1187829
Monet Thurbide,,"Victoria, British Columbia",field-hockey,2025,48.4283182,-123.364953
Ellie Almeida,,"Kennett Square, Pa.",field-hockey,2025,39.8467414,-75.7116997
Honor Roberts,,"Winnetka, Ill.",field-hockey,2025,42.1080703,-87.7365286
Samira Rafide,,"Santiago, Chile",field-hockey,2025,-33.4376995,-70.6510671
Alexis Williams,,"Arlington, Va.",field-hockey,2025,38.8769326,-77.0893094
Lucy Mangat,,"Wimbledon, England",field-hockey,2025,51.4214787,-0.2064027
Amy Lanouette,,"Windham, N.H.",field-hockey,2025,42.8006441,-71.304229
Sarah Ding,,"St. Louis, Mo.",field-hockey,2025,38.6254063,-90.190009
Beau Lilly Barrington-Hibbert,,"Suffolk, England",field-hockey,2025,52.2410014,1.0465716
Sydney Mandato,,"Gwynedd Valley, Pa.",field-hockey,2025,40.1842749,-75.2562876
Riley Thomson,,"Perth, Scotland",field-hockey,2026,56.3958757,-3.4303103
Darcey Chapman,,"Summit, N.J.",field-hockey,2026,40.7182356,-74.3592296
Maxi Aranowitz,,"Roseland, N.J.",field-hockey,2026,40.8206555,-74.2937595
Lucy Mangat,,"Wimbledon, England",field-hockey,2026,51.4214787,-0.2064027
Naomi Esterowitz,,"Rockville, Md.",field-hockey,2026,39.0817985,-77.1516844
Maggie Koo,,"Los Angeles, Calif.",field-hockey,2026,34.0536909,-118.242766
Megan Frank,,"Ellicott City, Md.",field-hockey,2026,39.2757359,-76.8317417
Emma Nahon,,"Westport, Conn.",field-hockey,2026,41.1414855,-73.3578955
Victoria Manzur,,"Mareil-Marly, France",field-hockey,2026,48.8823232,2.0764516
Leah Foltyn,,"Bel Air, Md.",field-hockey,2026,39.5797515,-78.8531894
Anna Fisher,,"Lancaster, Pa.",field-hockey,2026,40.0379958,-76.3056707
Bebe Smith,,"Columbus, Ohio",field-hockey,2026,39.9622601,-83.0007065
Zola Piekarski,,"Concord, Mass.",field-hockey,2026,42.4605189,-71.3488963
Sydney Mandato,,"Gwynedd Valley, Pa.",field-hockey,2026,40.1842749,-75.2562876
Honor Roberts,,"Winnetka, Ill.",field-hockey,2026,42.1080703,-87.7365286
Ellie Almeida,,"Kennett Square, Pa.",field-hockey,2026,39.8467414,-75.7116997
Sarah Ding,,"St. Louis, Mo.",field-hockey,2026,38.6254063,-90.190009
Reese Czajkowski,,"Berwyn, Pa.",field-hockey,2026,40.0477701,-75.4421325
Samira Rafide,,"Santiago, Chile",field-hockey,2026,-33.4376995,-70.6510671
Jazmin Borensztein,,"Buenos Aires, Argentina",field-hockey,2026,-34.6095579,-58.3887904
Beau Lilly Barrington-Hibbert,,"Suffolk, England",field-hockey,2026,52.2410014,1.0465716
Ruby de Frees,,"Crofton, Md.",field-hockey,2026,39.0159547,-76.6842057
Carole Harsch,,"Randolph, N.J.",womens-track-and-field,2016,40.844265,-74.5857218
Taylor McCorkle,,"Pittsburgh, Pa.",womens-track-and-field,2016,40.4406968,-80.0025666
Ana Przybylowski,,"Perkasie, Pa.",womens-track-and-field,2016,40.372048,-75.292676
Christina Rancan,,"Princeton Junction, N.J.",womens-track-and-field,2016,40.3159898,-74.6241189
Olivia Ryan,,"Western Springs, Ill.",womens-track-and-field,2016,41.8096132,-87.900671
Mikayla Schneider,,"Villanova, Pa.",womens-track-and-field,2016,40.0411671,-75.3310527
Kathryn Schoenauer,,"Princeton Junction, N.J.",womens-track-and-field,2016,40.3159898,-74.6241189
Katie Schroeder,,"Grayslake, Ill.",womens-track-and-field,2016,42.3433518,-88.0412192
Lisa Sesink-Clee,,"Wyckoff, N.J.",womens-track-and-field,2016,41.0095417,-74.1729222
Anna Peyton Malizia,,"Tampa, Fla.",womens-track-and-field,2016,27.9449854,-82.4583107
Maura Kimmel,,"West Sunbury, Pa.",womens-track-and-field,2016,41.0060103,-79.8964374
Anna Schug,,"Syracuse, N.Y.",womens-track-and-field,2016,43.0481221,-76.1474244
Molly Minnig,,"Falls Church, Va.",womens-track-and-field,2016,38.882334,-77.1710914
Imani Solan,,"Montebello, N.Y.",womens-track-and-field,2016,41.1359287,-74.118477
Ashley Montgomery,,"Mt. Pleasant, Mich.",womens-track-and-field,2016,43.597646,-84.7668495
Rachel Stremme,,"Seaville, N.J.",womens-track-and-field,2016,39.2131405,-74.7102049
Tia Livingston,,"Piscataway, N.J.",womens-track-and-field,2016,40.5464326,-74.4660542
Kristen Tilley,,"Windham, N.H.",womens-track-and-field,2016,42.8006441,-71.304229
Maddie Villalba,,"Doylestown, Pa.",womens-track-and-field,2016,40.3100446,-75.1304588
Karli Visconto,,"Philadelphia, Pa.",womens-track-and-field,2016,39.9527237,-75.1635262
Olivia Welsh,,"Dunedin, Fla.",womens-track-and-field,2016,28.0116627,-82.7893788
Nicole Macco,,"Aberdeen, N.J.",womens-track-and-field,2016,40.4071138,-74.2216287
Clarissa Whiting,,"Delta, Colo.",womens-track-and-field,2016,38.8368777,-107.8568294
Cleo Whiting,,"Delta, Colo.",womens-track-and-field,2016,38.8368777,-107.8568294
Rachel Lee Wilson,,"Homewood, Ill.",womens-track-and-field,2016,41.5574046,-87.6651467
Ella Wurth,,"Boca Raton, Fla.",womens-track-and-field,2016,26.3586885,-80.0830984
Candace Taylor,,"Westbury Hills, N.Y.",womens-track-and-field,2016,40.7836037,-73.6371103
Marin Warner,,"Holmdel, N.J.",womens-track-and-field,2016,40.3451095,-74.1840322
Juliet Kohli,,"Montclair, N.J.",womens-track-and-field,2016,40.8164458,-74.2210643
Devinne Miller,,"Dallas, Texas",womens-track-and-field,2016,32.7762719,-96.7968559
Gina Alm,,"Allison Park, Pa.",womens-track-and-field,2016,40.5584013,-79.9581094
Donnisa Edmonds,,"New Albany, Ohio",womens-track-and-field,2016,40.0811745,-82.8087864
Rachel Beston,,"Newark, Del.",womens-track-and-field,2016,39.6828358,-75.7515682
Breanne Bygrave,,"Raleigh, N.C.",womens-track-and-field,2016,35.7803977,-78.6390989
Julianna Catania,,"Egg Harbor Township, N.J.",womens-track-and-field,2016,39.3820672,-74.6171489
Kylene Cochrane,,"Long Valley, N.J.",womens-track-and-field,2016,40.7816814,-74.7592328
Madison Connelly,,"Rocky River, Colo.",womens-track-and-field,2016,38.4298168,-105.8147656
Hannah Connolly-Sporing,,"Southampton, N.Y.",womens-track-and-field,2016,40.8842482,-72.3897131
Allysha Davis,,"San Antonio, Texas",womens-track-and-field,2016,29.4246002,-98.4951405
Katie DeVore,,"Mamaroneck, N.Y.",womens-track-and-field,2016,40.9487314,-73.7331416
Meghan Barnes,,"Prosper, Texas",womens-track-and-field,2016,33.2371585,-96.7977048
Monica Benz,,"Chester, N.J.",womens-track-and-field,2016,40.7842667,-74.6968284
Karen Xiang,,"Ponte Vedra, Fla.",womens-track-and-field,2016,30.2396865,-81.3856384
Barbara Biney,,"Mountlake Terrace, Wash.",womens-track-and-field,2016,47.7909667,-122.3066395
Zoe Early,,"Cary, N.C.",womens-track-and-field,2016,35.7873617,-78.7811623
Elena Brown-Soler,,"Chamblee, Ga.",womens-track-and-field,2016,33.892176,-84.2988296
Lauren Brunsdale,,"Lakewood, Colo.",womens-track-and-field,2016,39.7085736,-105.0846694
Lily Huntsman,,"Salt Lake City, Utah",womens-track-and-field,2016,40.7596198,-111.886797
Erin Feeney,,"Scranton, Pa.",womens-track-and-field,2016,41.4086874,-75.6621294
Cecil Ene,,"Rockwell, Texas",womens-track-and-field,2016,33.5912176,-95.5496789
Emily Fisher,,"West Chester, Pa.",womens-track-and-field,2016,39.9597389,-75.6044609
Isabel Griffith,,"Timonium, Md.",womens-track-and-field,2016,39.4475075,-76.5974223
Taylor Hojnacki,,"Doylestown, Pa.",womens-track-and-field,2016,40.3100446,-75.1304588
Abby Hong,,"Manhattan Beach, Calif.",womens-track-and-field,2016,33.8872777,-118.4104324
Noel Jancewicz,,"Robbinsville, N.J.",womens-track-and-field,2016,40.2162828,-74.619833
Elo Agbaike,,"Dublin, Ohio",womens-track-and-field,2016,40.0996009,-83.1135563
Emily Jiang,,"Ardsley, N.Y.",womens-track-and-field,2016,41.0114017,-73.8466414
Eva Kiehl,,"East Greenbush, N.Y.",womens-track-and-field,2016,42.5909135,-73.7017858
Bianca Donadio,,"Providence, R.I.",womens-track-and-field,2016,41.8239891,-71.4128343
Nia Akins,,"San Diego, Calif.",womens-track-and-field,2016,32.7157062,-117.1638284
Amanda Fields,,"Demarest, N.J.",womens-track-and-field,2016,40.9573205,-73.9634708
Taylor McCorkle,,"Pittsburgh, Pa.",womens-track-and-field,2017,40.4406968,-80.0025666
Michelle Rubinetti,,"Demarest, N.J.",womens-track-and-field,2017,40.9573205,-73.9634708
Nicole Macco,,"Aberdeen, N.J.",womens-track-and-field,2017,40.4071138,-74.2216287
Anna Peyton Malizia,,"Tampa, Fla.",womens-track-and-field,2017,27.9449854,-82.4583107
Christina Rancan,,"Princeton Junction, N.J.",womens-track-and-field,2017,40.3159898,-74.6241189
Hannah Lueders,,"Rogers, Ark.",womens-track-and-field,2017,36.334857,-94.1193816
Ana Przybylowski,,"Perkasie, Pa.",womens-track-and-field,2017,40.372048,-75.292676
Caroline O'Neil,,"Madison, Conn.",womens-track-and-field,2017,41.2794282,-72.5983151
Danielle Orie,,"Buffalo, N.Y.",womens-track-and-field,2017,42.8864163,-78.8781493
Mikayla Schneider,,"Villanova, Pa.",womens-track-and-field,2017,40.0411671,-75.3310527
Molly Minnig,,"Falls Church, Va.",womens-track-and-field,2017,38.882334,-77.1710914
Juliet Kohli,,"Montclair, N.J.",womens-track-and-field,2017,40.8164458,-74.2210643
Devinne Miller,,"Dallas, Texas",womens-track-and-field,2017,32.7762719,-96.7968559
Rachel Stremme,,"Seaville, N.J.",womens-track-and-field,2017,39.2131405,-74.7102049
Karli Visconto,,"Philadelphia, Pa.",womens-track-and-field,2017,39.9527237,-75.1635262
Tia Livingston,,"Piscataway, N.J.",womens-track-and-field,2017,40.5464326,-74.4660542
Candace Taylor,,"Westbury Hills, N.Y.",womens-track-and-field,2017,40.7836037,-73.6371103
Anna Schug,,"Syracuse, N.Y.",womens-track-and-field,2017,43.0481221,-76.1474244
Imani Solan,,"Montebello, N.Y.",womens-track-and-field,2017,41.1359287,-74.118477
Kathryn Schoenauer,,"Princeton Junction, N.J.",womens-track-and-field,2017,40.3159898,-74.6241189
Marin Warner,,"Holmdel, N.J.",womens-track-and-field,2017,40.3451095,-74.1840322
Mary Webb,,"Yardley, Pa.",womens-track-and-field,2017,40.242506,-74.8389704
Olivia Welsh,,"Dunedin, Fla.",womens-track-and-field,2017,28.0116627,-82.7893788
Rachel Lee Wilson,,"Homewood, Ill.",womens-track-and-field,2017,41.5574046,-87.6651467
Katie Schroeder,,"Grayslake, Ill.",womens-track-and-field,2017,42.3433518,-88.0412192
Maddie Villalba,,"Doylestown, Pa.",womens-track-and-field,2017,40.3100446,-75.1304588
Melissa Tanaka,,"Long Beach, Calif.",womens-track-and-field,2017,33.7690164,-118.191604
Olivia Ryan,,"Western Springs, Ill.",womens-track-and-field,2017,41.8096132,-87.900671
Hannah Connolly-Sporing,,"Southampton, N.Y.",womens-track-and-field,2017,40.8842482,-72.3897131
Cecil Ene,,"Rockwell, Texas",womens-track-and-field,2017,33.5912176,-95.5496789
Alyssa Condell,,"Erial, N.J.",womens-track-and-field,2017,39.773448,-75.006278
Kylene Cochrane,,"Long Valley, N.J.",womens-track-and-field,2017,40.7816814,-74.7592328
Ashley Anumba,,"Rancho Cucamonga, Calif.",womens-track-and-field,2017,34.1033192,-117.575173
Meghan Barnes,,"Prosper, Texas",womens-track-and-field,2017,33.2371585,-96.7977048
Julianna Catania,,"Egg Harbor Township, N.J.",womens-track-and-field,2017,39.3820672,-74.6171489
Gina Alm,,"Allison Park, Pa.",womens-track-and-field,2017,40.5584013,-79.9581094
Uchechi Nwogwugwu,,"Lansdale, Pa.",womens-track-and-field,2017,40.2414952,-75.2837862
Elena Brown-Soler,,"Chamblee, Ga.",womens-track-and-field,2017,33.892176,-84.2988296
Breanne Bygrave,,"Raleigh, N.C.",womens-track-and-field,2017,35.7803977,-78.6390989
Barbara Biney,,"Mountlake Terrace, Wash.",womens-track-and-field,2017,47.7909667,-122.3066395
Nia Akins,,"San Diego, Calif.",womens-track-and-field,2017,32.7157062,-117.1638284
Maura Kimmel,,"West Sunbury, Pa.",womens-track-and-field,2017,41.0060103,-79.8964374
Monica Benz,,"Chester, N.J.",womens-track-and-field,2017,40.7842667,-74.6968284
Niamh Hayes,,"Farmingdale, N.J.",womens-track-and-field,2017,40.1965018,-74.1684757
Zoe Early,,"Cary, N.C.",womens-track-and-field,2017,35.7873617,-78.7811623
Rachel Beston,,"Newark, Del.",womens-track-and-field,2017,39.6828358,-75.7515682
Taylor Hojnacki,,"Doylestown, Pa.",womens-track-and-field,2017,40.3100446,-75.1304588
Brooke Cope,,"Jim Thorpe, Pa.",womens-track-and-field,2017,40.8636074,-75.7386948
Lily Huntsman,,"Salt Lake City, Utah",womens-track-and-field,2017,40.7596198,-111.886797
Abby Hong,,"Manhattan Beach, Calif.",womens-track-and-field,2017,33.8872777,-118.4104324
Carole Harsch,,"Randolph, N.J.",womens-track-and-field,2017,40.844265,-74.5857218
Camille Dickson,,"Buda, Texas",womens-track-and-field,2017,30.082475,-97.8417144
Katie DeVore,,"Mamaroneck, N.Y.",womens-track-and-field,2017,40.9487314,-73.7331416
Erin Feeney,,"Scranton, Pa.",womens-track-and-field,2017,41.4086874,-75.6621294
Emily Jiang,,"Ardsley, N.Y.",womens-track-and-field,2017,41.0114017,-73.8466414
Allysha Davis,,"San Antonio, Texas",womens-track-and-field,2017,29.4246002,-98.4951405
Ashley Anumba,,"Rancho Cucamonga, Calif.",womens-track-and-field,2018,34.1033192,-117.575173
Breanne Bygrave,,"Raleigh, N.C.",womens-track-and-field,2018,35.7803977,-78.6390989
Katie DeVore,,"Mamaroneck, N.Y.",womens-track-and-field,2018,40.9487314,-73.7331416
Cecil Ene,,"Rockwell, Texas",womens-track-and-field,2018,33.5912176,-95.5496789
Hannah Connolly-Sporing,,"Southampton, N.Y.",womens-track-and-field,2018,40.8842482,-72.3897131
Alyssa Condell,,"Erial, N.J.",womens-track-and-field,2018,39.773448,-75.006278
Nia Caldwell,,"Houston, Texas",womens-track-and-field,2018,29.7589382,-95.3676974
Olivia Ryan,,"Western Springs, Ill.",womens-track-and-field,2018,41.8096132,-87.900671
Katie Schroeder,,"Grayslake, Ill.",womens-track-and-field,2018,42.3433518,-88.0412192
Elena Brown-Soler,,"Chamblee, Ga.",womens-track-and-field,2018,33.892176,-84.2988296
Nia Akins,,"San Diego, Calif.",womens-track-and-field,2018,32.7157062,-117.1638284
Brooke Cope,,"Jim Thorpe, Pa.",womens-track-and-field,2018,40.8636074,-75.7386948
Ellen Byrnes,,"Port Washington, N.Y.",womens-track-and-field,2018,40.8263965,-73.684993
Victoria Agyin,,"Marietta, Ga.",womens-track-and-field,2018,33.952845,-84.5496054
Julianna Catania,,"Egg Harbor Township, N.J.",womens-track-and-field,2018,39.3820672,-74.6171489
Melissa Tanaka,,"Long Beach, Calif.",womens-track-and-field,2018,33.7690164,-118.191604
Michelle Rubinetti,,"Demarest, N.J.",womens-track-and-field,2018,40.9573205,-73.9634708
Camille Dickson,,"Buda, Texas",womens-track-and-field,2018,30.082475,-97.8417144
Marin Warner,,"Holmdel, N.J.",womens-track-and-field,2018,40.3451095,-74.1840322
Rachel Stremme,,"Seaville, N.J.",womens-track-and-field,2018,39.2131405,-74.7102049
Imani Solan,,"Montebello, N.Y.",womens-track-and-field,2018,41.1359287,-74.118477
Carole Harsch,,"Randolph, N.J.",womens-track-and-field,2018,40.844265,-74.5857218
Zoe Early,,"Cary, N.C.",womens-track-and-field,2018,35.7873617,-78.7811623
Meghan Barnes,,"Prosper, Texas",womens-track-and-field,2018,33.2371585,-96.7977048
Olivia Babski,,"Doha, Qatar",womens-track-and-field,2018,25.3108807,51.5081812
Maddie Villalba,,"Doylestown, Pa.",womens-track-and-field,2018,40.3100446,-75.1304588
Karli Visconto,,"Philadelphia, Pa.",womens-track-and-field,2018,39.9527237,-75.1635262
Mary Webb,,"Yardley, Pa.",womens-track-and-field,2018,40.242506,-74.8389704
Olivia Welsh,,"Dunedin, Fla.",womens-track-and-field,2018,28.0116627,-82.7893788
Christina Rancan,,"Princeton Junction, N.J.",womens-track-and-field,2018,40.3159898,-74.6241189
Rachel Lee Wilson,,"Homewood, Ill.",womens-track-and-field,2018,41.5574046,-87.6651467
Caroline O'Neil,,"Madison, Conn.",womens-track-and-field,2018,41.2794282,-72.5983151
Annie Zimmer,,"Chagrin, Ohio",womens-track-and-field,2018,41.436589,-81.3855058
Ariana Gardizy,,"Lansdale, Pa.",womens-track-and-field,2018,40.2414952,-75.2837862
Haley Rizek,,"Albuquerque, N.M.",womens-track-and-field,2018,35.0841034,-106.650985
Anna Peyton Malizia,,"Tampa, Fla.",womens-track-and-field,2018,27.9449854,-82.4583107
Kayla Lee,,"Mercer Island, Wash.",womens-track-and-field,2018,47.5766324,-122.2276378
Caroline O'Sullivan,,"Northvale, N.J.",womens-track-and-field,2018,41.0066649,-73.9490627
Maura Kimmel,,"West Sunbury, Pa.",womens-track-and-field,2018,41.0060103,-79.8964374
Skyla Wilson,,"Susquehanna, Pa.",womens-track-and-field,2018,41.9439867,-75.6041902
Mayyi Mahama,,"Pullman, Wash.",womens-track-and-field,2018,46.7295818,-117.1799363
Kathryn Schoenauer,,"Princeton Junction, N.J.",womens-track-and-field,2018,40.3159898,-74.6241189
Mia Knight,,"Beachwood, Ohio",womens-track-and-field,2018,41.464498,-81.508732
Ana Przybylowski,,"Perkasie, Pa.",womens-track-and-field,2018,40.372048,-75.292676
Niamh Hayes,,"Farmingdale, N.J.",womens-track-and-field,2018,40.1965018,-74.1684757
Juliet Kohli,,"Montclair, N.J.",womens-track-and-field,2018,40.8164458,-74.2210643
Uchechi Nwogwugwu,,"Lansdale, Pa.",womens-track-and-field,2018,40.2414952,-75.2837862
Nicole Macco,,"Aberdeen, N.J.",womens-track-and-field,2018,40.4071138,-74.2216287
Isabel Hebner,,"Allendale, N.J.",womens-track-and-field,2018,41.0413199,-74.1291407
Abby Norwillo,,"Pittston, Pa.",womens-track-and-field,2018,41.3259134,-75.7893604
Kirstin West,,"Palmyra, Pa.",womens-track-and-field,2018,40.3088578,-76.5932369
Danielle Orie,,"Buffalo, N.Y.",womens-track-and-field,2018,42.8864163,-78.8781493
Claire Moreau,,"Robert, La.",womens-track-and-field,2018,30.5063027,-90.3409185
Tia Livingston,,"Piscataway, N.J.",womens-track-and-field,2018,40.5464326,-74.4660542
Juliet Kohli,,"Montclair, N.J.",womens-track-and-field,2019,40.8164458,-74.2210643
Kayla Lee,,"Mercer Island, Wash.",womens-track-and-field,2019,47.5766324,-122.2276378
Danielle Orie,,"Buffalo, N.Y.",womens-track-and-field,2019,42.8864163,-78.8781493
Nikhila Obbineni,,"Wycoff, N.J.",womens-track-and-field,2019,40.420172,-74.4087902
Claire Moreau,,"Robert, La.",womens-track-and-field,2019,30.5063027,-90.3409185
Katherine Muccio,,"Ridgewood, N.J.",womens-track-and-field,2019,40.9796683,-74.1194403
Caroline O'Sullivan,,"Northvale, N.J.",womens-track-and-field,2019,41.0066649,-73.9490627
Mayyi Mahama,,"Pullman, Wash.",womens-track-and-field,2019,46.7295818,-117.1799363
Abby Norwillo,,"Pittston, Pa.",womens-track-and-field,2019,41.3259134,-75.7893604
Inumidun Oyebode,,"Lagos, Nigeria",womens-track-and-field,2019,6.4550575,3.3941795
Olivia Welsh,,"Dunedin, Fla.",womens-track-and-field,2019,28.0116627,-82.7893788
Mary Webb,,"Yardley, Pa.",womens-track-and-field,2019,40.242506,-74.8389704
Kirstin West,,"Palmyra, Pa.",womens-track-and-field,2019,40.3088578,-76.5932369
Sydney Woods,,"Demarest, N.J.",womens-track-and-field,2019,40.9573205,-73.9634708
Michelle Rubinetti,,"Demarest, N.J.",womens-track-and-field,2019,40.9573205,-73.9634708
Kathryn Schoenauer,,"Princeton Junction, N.J.",womens-track-and-field,2019,40.3159898,-74.6241189
Skyla Wilson,,"Susquehanna, Pa.",womens-track-and-field,2019,41.9439867,-75.6041902
Katie Schroeder,,"Grayslake, Ill.",womens-track-and-field,2019,42.3433518,-88.0412192
Delia Russo,,"Marlboro, N.J.",womens-track-and-field,2019,39.4850245,-75.3211259
Melissa Tanaka,,"Long Beach, Calif.",womens-track-and-field,2019,33.7690164,-118.191604
Uchechi Nwogwugwu,,"Lansdale, Pa.",womens-track-and-field,2019,40.2414952,-75.2837862
Maddie Villalba,,"Doylestown, Pa.",womens-track-and-field,2019,40.3100446,-75.1304588
Mia Knight,,"Beachwood, Ohio",womens-track-and-field,2019,41.464498,-81.508732
Haley Rizek,,"Albuquerque, N.M.",womens-track-and-field,2019,35.0841034,-106.650985
Morgan Johnson,,"Fayetteville, Ga.",womens-track-and-field,2019,33.4487257,-84.4549262
Lauryn Harris,,"Cheltenham, Md.",womens-track-and-field,2019,38.7356711,-76.8263594
Maura Kimmel,,"West Sunbury, Pa.",womens-track-and-field,2019,41.0060103,-79.8964374
Victoria Agyin,,"Marietta, Ga.",womens-track-and-field,2019,33.952845,-84.5496054
Nia Akins,,"San Diego, Calif.",womens-track-and-field,2019,32.7157062,-117.1638284
Ashley Anumba,,"Rancho Cucamonga, Calif.",womens-track-and-field,2019,34.1033192,-117.575173
Jacinta Arnold,,"Richmond Hill, Ontario",womens-track-and-field,2019,43.8801166,-79.4392925
Olivia Babski,,"Doha, Qatar",womens-track-and-field,2019,25.3108807,51.5081812
Lizzy Bader,,"Kennett Square, Pa.",womens-track-and-field,2019,39.8467414,-75.7116997
Elena Brown-Soler,,"Chamblee, Ga.",womens-track-and-field,2019,33.892176,-84.2988296
Breanne Bygrave,,"Raleigh, N.C.",womens-track-and-field,2019,35.7803977,-78.6390989
Jessica Riedman,,"Carlsbad, Calif.",womens-track-and-field,2019,33.1352045,-117.329126
Ellen Byrnes,,"Port Washington, N.Y.",womens-track-and-field,2019,40.8263965,-73.684993
Camille Dickson,,"Buda, Texas",womens-track-and-field,2019,30.082475,-97.8417144
Cecil Ene,,"Rockwell, Texas",womens-track-and-field,2019,33.5912176,-95.5496789
Samantha Green,,"Park Ridge, N.J.",womens-track-and-field,2019,41.035965,-74.0415551
Niamh Hayes,,"Farmingdale, N.J.",womens-track-and-field,2019,40.1965018,-74.1684757
Julianna Catania,,"Egg Harbor Township, N.J.",womens-track-and-field,2019,39.3820672,-74.6171489
Ariana Gardizy,,"Lansdale, Pa.",womens-track-and-field,2019,40.2414952,-75.2837862
Olive Coles,,"London, U.K.",womens-track-and-field,2019,-8.8162775,115.1541201
Nia Caldwell,,"Houston, Texas",womens-track-and-field,2019,29.7589382,-95.3676974
Alyssa Condell,,"Erial, N.J.",womens-track-and-field,2019,39.773448,-75.006278
Christina Rancan,,"Princeton Junction, N.J.",womens-track-and-field,2019,40.3159898,-74.6241189
Katie DeVore,,"Mamaroneck, N.Y.",womens-track-and-field,2019,40.9487314,-73.7331416
Zoe Early,,"Cary, N.C.",womens-track-and-field,2019,35.7873617,-78.7811623
Omonye Osezua,,"Etobicoke, Ontario",womens-track-and-field,2020,43.6435559,-79.5656326
Fabianna Szorenyi,,"San Juan, Puerto Rico",womens-track-and-field,2020,18.384239,-66.05344
Addie Renner,,"Charlotte, N.C.",womens-track-and-field,2020,35.2272086,-80.8430827
Sarah Lavery,,"North Andover, Mass.",womens-track-and-field,2020,42.7029687,-71.1309117
Mayyi Mahama,,"Pullman, Wash.",womens-track-and-field,2020,46.7295818,-117.1799363
Haley Rizek,,"Albuquerque, N.M.",womens-track-and-field,2020,35.0841034,-106.650985
Nikhila Obbineni,,"Wycoff, N.J.",womens-track-and-field,2020,40.420172,-74.4087902
Olivia Morganti,,"Syracuse, N.Y.",womens-track-and-field,2020,43.0481221,-76.1474244
Aliya Garozzo,,"Sicklerville, N.J.",womens-track-and-field,2020,39.7173375,-74.9693329
Delia Russo,,"Marlboro, N.J.",womens-track-and-field,2020,39.4850245,-75.3211259
Melissa Tanaka,,"Long Beach, Calif.",womens-track-and-field,2020,33.7690164,-118.191604
Maeve Stiles,,"Norfolk, Va.",womens-track-and-field,2020,36.8493695,-76.2899539
Skyla Wilson,,"Susquehanna, Pa.",womens-track-and-field,2020,41.9439867,-75.6041902
Isabella Whittaker,,"Laurel, Md.",womens-track-and-field,2020,39.0984317,-76.8485094
Uchechi Nwogwugwu,,"Lansdale, Pa.",womens-track-and-field,2020,40.2414952,-75.2837862
Lily Orr,,"Rumson, N.J.",womens-track-and-field,2020,40.372054,-73.9990269
Caroline O'Sullivan,,"Northvale, N.J.",womens-track-and-field,2020,41.0066649,-73.9490627
Sydney Woods,,"Demarest, N.J.",womens-track-and-field,2020,40.9573205,-73.9634708
Zoe Shetty,,"Morgantown, W.Va.",womens-track-and-field,2020,39.6296809,-79.9559437
Mary Webb,,"Yardley, Pa.",womens-track-and-field,2020,40.242506,-74.8389704
Danielle Orie,,"Buffalo, N.Y.",womens-track-and-field,2020,42.8864163,-78.8781493
Inumidun Oyebode,,"Lagos, Nigeria",womens-track-and-field,2020,6.4550575,3.3941795
Abby Norwillo,,"Pittston, Pa.",womens-track-and-field,2020,41.3259134,-75.7893604
Victoria Agyin,,"Marietta, Ga.",womens-track-and-field,2020,33.952845,-84.5496054
Lizzy Bader,,"Kennett Square, Pa.",womens-track-and-field,2020,39.8467414,-75.7116997
Michelle Rubinetti,,"Demarest, N.J.",womens-track-and-field,2020,40.9573205,-73.9634708
Ellen Byrnes,,"Port Washington, N.Y.",womens-track-and-field,2020,40.8263965,-73.684993
Katherine Muccio,,"Ridgewood, N.J.",womens-track-and-field,2020,40.9796683,-74.1194403
Jacinta Arnold,,"Richmond Hill, Ontario",womens-track-and-field,2020,43.8801166,-79.4392925
Kirstin West,,"Palmyra, Pa.",womens-track-and-field,2020,40.3088578,-76.5932369
Phoebe White,,"Manlius, N.Y.",womens-track-and-field,2020,43.0020107,-75.9768632
Lauren Davis,,"El Segundo, Calif.",womens-track-and-field,2020,33.917028,-118.4156337
Ronn'e Bailey,,"New York, N.Y.",womens-track-and-field,2020,40.7127281,-74.0060152
Ashley Anumba,,"Rancho Cucamonga, Calif.",womens-track-and-field,2020,34.1033192,-117.575173
Kayla Lee,,"Mercer Island, Wash.",womens-track-and-field,2020,47.5766324,-122.2276378
Camille Dickson,,"Buda, Texas",womens-track-and-field,2020,30.082475,-97.8417144
Alyssa Condell,,"Erial, N.J.",womens-track-and-field,2020,39.773448,-75.006278
Tamara Grahovac,,"Kitchener, Ontario",womens-track-and-field,2020,43.451291,-80.4927815
Claire Moreau,,"Robert, La.",womens-track-and-field,2020,30.5063027,-90.3409185
Maggie Maier,,"Atlantic Beach, N.Y.",womens-track-and-field,2020,40.5886547,-73.7288791
Niamh Hayes,,"Farmingdale, N.J.",womens-track-and-field,2020,40.1965018,-74.1684757
Ruth Itua,,"Sayreville, N.J.",womens-track-and-field,2020,40.4635362,-74.3618499
Laura Baeyens,,"Stirling, N.J.",womens-track-and-field,2020,40.6747257,-74.4933902
Olive Coles,,"London, U.K.",womens-track-and-field,2020,-8.8162775,115.1541201
Trinity Eason,,"Woodbridge, N.J.",womens-track-and-field,2020,40.55418,-74.2860008
Ella Klein,,"Tel Aviv, Israel",womens-track-and-field,2020,32.0852997,34.7818064
Morgan Johnson,,"Fayetteville, Ga.",womens-track-and-field,2020,33.4487257,-84.4549262
Ariana Gardizy,,"Lansdale, Pa.",womens-track-and-field,2020,40.2414952,-75.2837862
Victoria Agyin,,"Marietta, Ga.",womens-track-and-field,2021,33.952845,-84.5496054
Nikhila Obbineni,,"Wycoff, N.J.",womens-track-and-field,2021,40.420172,-74.4087902
Lily Orr,,"Rumson, N.J.",womens-track-and-field,2021,40.372054,-73.9990269
Caroline O'Sullivan,,"Northvale, N.J.",womens-track-and-field,2021,41.0066649,-73.9490627
Christal Facey,,"Hollywood, Fla.",womens-track-and-field,2021,26.0112014,-80.1494901
Haley Rizek,,"Albuquerque, N.M.",womens-track-and-field,2021,35.0841034,-106.650985
Kirstin West,,"Palmyra, Pa.",womens-track-and-field,2021,40.3088578,-76.5932369
Ariana Gardizy,,"Lansdale, Pa.",womens-track-and-field,2021,40.2414952,-75.2837862
Fabianna Szorenyi,,"San Juan, Puerto Rico",womens-track-and-field,2021,18.384239,-66.05344
Katherine Muccio,,"Ridgewood, N.J.",womens-track-and-field,2021,40.9796683,-74.1194403
Zoe Shetty,,"Morgantown, W.Va.",womens-track-and-field,2021,39.6296809,-79.9559437
Abby Norwillo,,"Pittston, Pa.",womens-track-and-field,2021,41.3259134,-75.7893604
Omonye Osezua,,"Etobicoke, Ontario",womens-track-and-field,2021,43.6435559,-79.5656326
Skyla Wilson,,"Susquehanna, Pa.",womens-track-and-field,2021,41.9439867,-75.6041902
Olivia Morganti,,"Syracuse, N.Y.",womens-track-and-field,2021,43.0481221,-76.1474244
Samantha Schoenberg,,"Harvard, Mass.",womens-track-and-field,2021,42.3657432,-71.1222139
Isabella Whittaker,,"Laurel, Md.",womens-track-and-field,2021,39.0984317,-76.8485094
Phoebe White,,"Manlius, N.Y.",womens-track-and-field,2021,43.0020107,-75.9768632
Adriel Strickland,,"Jacksonville, Fla.",womens-track-and-field,2021,30.3262247,-81.6579179
Kira Lindner,,"Chappaqua, N.Y.",womens-track-and-field,2021,41.157284,-73.7676998
Maeve Stiles,,"Norfolk, Va.",womens-track-and-field,2021,36.8493695,-76.2899539
Tumi Onaleye,,"Katy, Texas",womens-track-and-field,2021,29.7857853,-95.8243956
Miranda Schriver,,"Los Angeles, Calif.",womens-track-and-field,2021,34.0536909,-118.242766
Addie Renner,,"Charlotte, N.C.",womens-track-and-field,2021,35.2272086,-80.8430827
Maggie Maier,,"Atlantic Beach, N.Y.",womens-track-and-field,2021,40.5886547,-73.7288791
Jocelyn Niemiec,,"Tustin, Calif.",womens-track-and-field,2021,33.7458511,-117.826166
Laura Baeyens,,"Stirling, N.J.",womens-track-and-field,2021,40.6747257,-74.4933902
Ellen Byrnes,,"Port Washington, N.Y.",womens-track-and-field,2021,40.8263965,-73.684993
Claire Moreau,,"Robert, La.",womens-track-and-field,2021,30.5063027,-90.3409185
Caia Gelli,,"Rockville, Md.",womens-track-and-field,2021,39.0817985,-77.1516844
Jacinta Arnold,,"Richmond Hill, Ontario",womens-track-and-field,2021,43.8801166,-79.4392925
Sarah Lavery,,"North Andover, Mass.",womens-track-and-field,2021,42.7029687,-71.1309117
Katie Pou,,"Fort Mill, S.C.",womens-track-and-field,2021,35.0073697,-80.9450759
Shevell Higgs,,"Atco, N.J.",womens-track-and-field,2021,39.7836223,-74.9077919
Olivia Babski,,"Doha, Qatar",womens-track-and-field,2021,25.3108807,51.5081812
Chloe Hassman,,"Coppell, Texas",womens-track-and-field,2021,32.9552598,-97.0155703
Lizzy Bader,,"Kennett Square, Pa.",womens-track-and-field,2021,39.8467414,-75.7116997
Aliya Garozzo,,"Sicklerville, N.J.",womens-track-and-field,2021,39.7173375,-74.9693329
Tamara Grahovac,,"Kitchener, Ontario",womens-track-and-field,2021,43.451291,-80.4927815
Mayyi Mahama,,"Pullman, Wash.",womens-track-and-field,2021,46.7295818,-117.1799363
Kai Eisenhardt,,"Montverde, Fla.",womens-track-and-field,2021,28.6002769,-81.673964
Trinity Eason,,"Woodbridge, N.J.",womens-track-and-field,2021,40.55418,-74.2860008
Kayla Lee,,"Mercer Island, Wash.",womens-track-and-field,2021,47.5766324,-122.2276378
Bronwyn Patterson,,"Edgewater, Md.",womens-track-and-field,2021,38.9358105,-76.5530141
Kyla Jamison,,"Salem, Ohio",womens-track-and-field,2021,40.9008923,-80.8567502
Ruth Itua,,"Sayreville, N.J.",womens-track-and-field,2021,40.4635362,-74.3618499
Natalia Ilieva,,"Bradenton, Fla.",womens-track-and-field,2021,27.4989278,-82.5748194
Arielle Breuninger,,"Lancaster, Pa.",womens-track-and-field,2021,40.0379958,-76.3056707
Meghan Hart,,"Kennett Square, Pa.",womens-track-and-field,2021,39.8467414,-75.7116997
Emma de Boer,,"Surrey, B.C.",womens-track-and-field,2021,49.1913033,-122.849143
Olivia Morganti,,"Syracuse, N.Y.",womens-track-and-field,2022,43.0481221,-76.1474244
Christiana Nwachuku,,"Vauxhall, N.J.",womens-track-and-field,2022,40.7181355,-74.2831959
Samantha Smith,,"Syosset, N.Y.",womens-track-and-field,2022,40.814858,-73.5017966
Kiera Duffy,,"Princeton, N.J.",womens-track-and-field,2022,40.3496953,-74.6597376
Daniella Oyenuga,,"Saskatoon, Sask.",womens-track-and-field,2022,52.131802,-106.660767
Bronwyn Patterson,,"Edgewater, Md.",womens-track-and-field,2022,38.9358105,-76.5530141
Katie Pou,,"Fort Mill, S.C.",womens-track-and-field,2022,35.0073697,-80.9450759
Maeve Stiles,,"Norfolk, Va.",womens-track-and-field,2022,36.8493695,-76.2899539
Natalia Ilieva,,"Bradenton, Fla.",womens-track-and-field,2022,27.4989278,-82.5748194
Tumi Onaleye,,"Katy, Texas",womens-track-and-field,2022,29.7857853,-95.8243956
Lily Orr,,"Rumson, N.J.",womens-track-and-field,2022,40.372054,-73.9990269
Megan Webb,,"Wellesley, Mass.",womens-track-and-field,2022,42.2964859,-71.2925571
Lily Murphy,,"Summit, N.J.",womens-track-and-field,2022,40.7182356,-74.3592296
Zoe Shetty,,"Morgantown, W.Va.",womens-track-and-field,2022,39.6296809,-79.9559437
Samantha Schoenberg,,"Harvard, Mass.",womens-track-and-field,2022,42.3657432,-71.1222139
Phoebe White,,"Manlius, N.Y.",womens-track-and-field,2022,43.0020107,-75.9768632
Katherine Muccio,,"Ridgewood, N.J.",womens-track-and-field,2022,40.9796683,-74.1194403
Miranda Schriver,,"Los Angeles, Calif.",womens-track-and-field,2022,34.0536909,-118.242766
Elliott Bush,,"Portland, Ore.",womens-track-and-field,2022,45.5202471,-122.674194
Isabella Whittaker,,"Laurel, Md.",womens-track-and-field,2022,39.0984317,-76.8485094
Anastasia Russell,,"Boise, Idaho",womens-track-and-field,2022,43.6166163,-116.200886
Danielle Peck,,"San Antonio, Texas",womens-track-and-field,2022,29.4246002,-98.4951405
Kira Lindner,,"Chappaqua, N.Y.",womens-track-and-field,2022,41.157284,-73.7676998
Annika Topchy,,"Alexandria, Va.",womens-track-and-field,2022,38.8051095,-77.0470229
Jocelyn Niemiec,,"Tustin, Calif.",womens-track-and-field,2022,33.7458511,-117.826166
Caia Gelli,,"Rockville, Md.",womens-track-and-field,2022,39.0817985,-77.1516844
Lizzy Bader,,"Kennett Square, Pa.",womens-track-and-field,2022,39.8467414,-75.7116997
Jacinta Arnold,,"Richmond Hill, Ontario",womens-track-and-field,2022,43.8801166,-79.4392925
Emma de Boer,,"Surrey, B.C.",womens-track-and-field,2022,49.1913033,-122.849143
Meghan Hart,,"Kennett Square, Pa.",womens-track-and-field,2022,39.8467414,-75.7116997
Kai Eisenhardt,,"Montverde, Fla.",womens-track-and-field,2022,28.6002769,-81.673964
Angeludi Asaah,,"Honolulu, Hawaii",womens-track-and-field,2022,21.304547,-157.855676
Laura Baeyens,,"Stirling, N.J.",womens-track-and-field,2022,40.6747257,-74.4933902
Trinity Eason,,"Woodbridge, N.J.",womens-track-and-field,2022,40.55418,-74.2860008
Ijeoma Eziri,,"Denver, N.C.",womens-track-and-field,2022,35.5312452,-81.0297994
Nikhila Obbineni,,"Wycoff, N.J.",womens-track-and-field,2022,40.420172,-74.4087902
Kyra Compton,,"Carlsbad, Calif.",womens-track-and-field,2022,33.1352045,-117.329126
Kyla Jamison,,"Salem, Ohio",womens-track-and-field,2022,40.9008923,-80.8567502
Moforehan Abinusawa,,"Ft. Washington, Pa.",womens-track-and-field,2022,40.1478532,-75.1897243
Laura Gugliotta,,"Manalapan, N.J.",womens-track-and-field,2022,40.2852895,-74.333495
Shevell Higgs,,"Atco, N.J.",womens-track-and-field,2022,39.7836223,-74.9077919
Tamara Grahovac,,"Kitchener, Ontario",womens-track-and-field,2022,43.451291,-80.4927815
Olivia Babski,,"Doha, Qatar",womens-track-and-field,2022,25.3108807,51.5081812
Chloe Hassman,,"Coppell, Texas",womens-track-and-field,2022,32.9552598,-97.0155703
Sarah Lavery,,"North Andover, Mass.",womens-track-and-field,2022,42.7029687,-71.1309117
Arielle Breuninger,,"Lancaster, Pa.",womens-track-and-field,2022,40.0379958,-76.3056707
Aliya Garozzo,,"Sicklerville, N.J.",womens-track-and-field,2022,39.7173375,-74.9693329
Fabianna Szorenyi,,"San Juan, Puerto Rico",womens-track-and-field,2022,18.384239,-66.05344
Morayo Kassim,,"Nashville, Tenn.",womens-track-and-field,2022,36.1622767,-86.7742984
Lara Cota,,"Summit, N.J.",womens-track-and-field,2022,40.7182356,-74.3592296
Meghan Hart,,"Kennett Square, Pa.",womens-track-and-field,2023,39.8467414,-75.7116997
Sarah Lavery,,"North Andover, Mass.",womens-track-and-field,2023,42.7029687,-71.1309117
Alexa Dochat,,"Clifton Park, N.Y.",womens-track-and-field,2023,42.8630374,-73.7747623
Lily Oliver,,"Toms River, N.J.",womens-track-and-field,2023,39.9528389,-74.196741
Natalia Ilieva,,"Bradenton, Fla.",womens-track-and-field,2023,27.4989278,-82.5748194
Kyra Compton,,"Carlsbad, Calif.",womens-track-and-field,2023,33.1352045,-117.329126
Olivia Morganti,,"Syracuse, N.Y.",womens-track-and-field,2023,43.0481221,-76.1474244
Amelia Kristen,,"Vancouver, B.C.",womens-track-and-field,2023,49.2608724,-123.113952
Tumi Onaleye,,"Katy, Texas",womens-track-and-field,2023,29.7857853,-95.8243956
Chloe Hassman,,"Coppell, Texas",womens-track-and-field,2023,32.9552598,-97.0155703
Kelly Murray,,"Fort Washington, Pa.",womens-track-and-field,2023,40.1478532,-75.1897243
Laura Gugliotta,,"Manalapan, N.J.",womens-track-and-field,2023,40.2852895,-74.333495
Katie Pou,,"Fort Mill, S.C.",womens-track-and-field,2023,35.0073697,-80.9450759
Lily Orr,,"Rumson, N.J.",womens-track-and-field,2023,40.372054,-73.9990269
Lara Cota,,"Summit, N.J.",womens-track-and-field,2023,40.7182356,-74.3592296
Kyla Jamison,,"Salem, Ohio",womens-track-and-field,2023,40.9008923,-80.8567502
Madison Knier,,"Manheim, Pa.",womens-track-and-field,2023,40.1637359,-76.3952429
Stella Inman,,"Windham, Maine",womens-track-and-field,2023,43.7894155,-70.4083434
Jocelyn Niemiec,,"Tustin, Calif.",womens-track-and-field,2023,33.7458511,-117.826166
Emma de Boer,,"Surrey, B.C.",womens-track-and-field,2023,49.1913033,-122.849143
Trinity Eason,,"Woodbridge, N.J.",womens-track-and-field,2023,40.55418,-74.2860008
Laura Baeyens,,"Stirling, N.J.",womens-track-and-field,2023,40.6747257,-74.4933902
Christiana Nwachuku,,"Vauxhall, N.J.",womens-track-and-field,2023,40.7181355,-74.2831959
Arielle Breuninger,,"Lancaster, Pa.",womens-track-and-field,2023,40.0379958,-76.3056707
Adannia Agbo,,"Rockaway, N.J.",womens-track-and-field,2023,40.9013539,-74.5138157
Simone Castelluccio,,"Baton Rouge, La.",womens-track-and-field,2023,30.4494155,-91.1869659
Elliott Bush,,"Portland, Ore.",womens-track-and-field,2023,45.5202471,-122.674194
Angeludi Asaah,,"Honolulu, Hawaii",womens-track-and-field,2023,21.304547,-157.855676
Kai Eisenhardt,,"Montverde, Fla.",womens-track-and-field,2023,28.6002769,-81.673964
Moforehan Abinusawa,,"Ft. Washington, Pa.",womens-track-and-field,2023,40.1478532,-75.1897243
Caia Gelli,,"Rockville, Md.",womens-track-and-field,2023,39.0817985,-77.1516844
Samantha Strydesky,,"Farmingdale, N.J.",womens-track-and-field,2023,40.1965018,-74.1684757
Aliya Garozzo,,"Sicklerville, N.J.",womens-track-and-field,2023,39.7173375,-74.9693329
Kiera Duffy,,"Princeton, N.J.",womens-track-and-field,2023,40.3496953,-74.6597376
Ijeoma Eziri,,"Denver, N.C.",womens-track-and-field,2023,35.5312452,-81.0297994
Zoe Shetty,,"Morgantown, W.Va.",womens-track-and-field,2023,39.6296809,-79.9559437
Camille Jordan,,"West Roxbury, Mass.",womens-track-and-field,2023,42.2792649,-71.1494972
Paris Ivery,,"Grovetown, Ga.",womens-track-and-field,2023,33.4504157,-82.1981764
Lily Murphy,,"Summit, N.J.",womens-track-and-field,2023,40.7182356,-74.3592296
Y'Lan Nguyen,,"Austin, Texas",womens-track-and-field,2023,30.2711286,-97.7436995
Fabianna Szorenyi,,"San Juan, Puerto Rico",womens-track-and-field,2023,18.384239,-66.05344
Ella Neskora,,"Jacksonville, Fla.",womens-track-and-field,2023,30.3262247,-81.6579179
Morayo Kassim,,"Nashville, Tenn.",womens-track-and-field,2023,36.1622767,-86.7742984
Annika Topchy,,"Alexandria, Va.",womens-track-and-field,2023,38.8051095,-77.0470229
Chloe Williams,,"Fremont, Calif.",womens-track-and-field,2023,37.5482697,-121.988571
Sarah Fischer,,"Hinsdale, Ill.",womens-track-and-field,2023,41.8024604,-87.9299841
Nora Wollen,,"Oak Park, Ill.",womens-track-and-field,2023,41.8878145,-87.7887615
Lindsay Yakaboski,,"Calverton, N.Y.",womens-track-and-field,2023,40.9117907,-72.7709709
Megan Webb,,"Wellesley, Mass.",womens-track-and-field,2023,42.2964859,-71.2925571
Phoebe White,,"Manlius, N.Y.",womens-track-and-field,2023,43.0020107,-75.9768632
Jordyn Reed,,"Vancouver, B.C.",womens-track-and-field,2023,49.2608724,-123.113952
Anastasia Russell,,"Boise, Idaho",womens-track-and-field,2023,43.6166163,-116.200886
Evangeline Thomson,,"Poway, Calif.",womens-track-and-field,2023,32.9628234,-117.035864
Maeve Stiles,,"Norfolk, Va.",womens-track-and-field,2023,36.8493695,-76.2899539
Daniella Oyenuga,,"Saskatoon, Sask.",womens-track-and-field,2023,52.131802,-106.660767
Gabrielle Jones,,"Sarnia, Ont.",womens-track-and-field,2023,42.9743821,-82.403533
Miranda Schriver,,"Los Angeles, Calif.",womens-track-and-field,2023,34.0536909,-118.242766
Raina Pietrzak,,"Highland Park, Texas",womens-track-and-field,2023,32.8334607,-96.7919454
Isabella Whittaker,,"Laurel, Md.",womens-track-and-field,2023,39.0984317,-76.8485094
Bronwyn Patterson,,"Edgewater, Md.",womens-track-and-field,2023,38.9358105,-76.5530141
Daniella Oyenuga,,"Saskatoon, Sask.",womens-track-and-field,2024,52.131802,-106.660767
Ella Neskora,,"Jacksonville, Fla.",womens-track-and-field,2024,30.3262247,-81.6579179
Kyra Compton,,"Carlsbad, Calif.",womens-track-and-field,2024,33.1352045,-117.329126
Raina Pietrzak,,"Highland Park, Texas",womens-track-and-field,2024,32.8334607,-96.7919454
Bronwyn Patterson,,"Edgewater, Md.",womens-track-and-field,2024,38.9358105,-76.5530141
Alexa Dochat,,"Clifton Park, N.Y.",womens-track-and-field,2024,42.8630374,-73.7747623
Christiana Nwachuku,,"Vauxhall, N.J.",womens-track-and-field,2024,40.7181355,-74.2831959
Katie Pou,,"Fort Mill, S.C.",womens-track-and-field,2024,35.0073697,-80.9450759
Zofia Limbert,,"Geneva, Switzerland",womens-track-and-field,2024,46.2017559,6.1466014
Angeludi Asaah,,"Honolulu, Hawaii",womens-track-and-field,2024,21.304547,-157.855676
Annika Topchy,,"Alexandria, Va.",womens-track-and-field,2024,38.8051095,-77.0470229
Y'Lan Nguyen,,"Austin, Texas",womens-track-and-field,2024,30.2711286,-97.7436995
Evangeline Thomson,,"Poway, Calif.",womens-track-and-field,2024,32.9628234,-117.035864
Olivia Williams,,"Lafayette, Calif.",womens-track-and-field,2024,37.8857582,-122.1180201
Mary Rozier,,"McDonough, Ga.",womens-track-and-field,2024,33.4473361,-84.1468616
Anastasia Russell,,"Boise, Idaho",womens-track-and-field,2024,43.6166163,-116.200886
Courtney Kaiser,,"Martinsville, N.J.",womens-track-and-field,2024,40.6012136,-74.5590452
Quin Stovall,,"Philadelphia, Pa.",womens-track-and-field,2024,39.9527237,-75.1635262
Mikaela Lyri,,"Agios Dimitrios, Greece",womens-track-and-field,2024,37.9395104,23.7315951
Jocelyn Niemiec,,"Tustin, Calif.",womens-track-and-field,2024,33.7458511,-117.826166
Nora Wollen,,"Oak Park, Ill.",womens-track-and-field,2024,41.8878145,-87.7887615
Lily Murphy,,"Summit, N.J.",womens-track-and-field,2024,40.7182356,-74.3592296
Milan Ramey,,"Ardmore, Pa.",womens-track-and-field,2024,40.004128,-75.2882893
Jordyn Reed,,"Vancouver, B.C.",womens-track-and-field,2024,49.2608724,-123.113952
Caia Gelli,,"Rockville, Md.",womens-track-and-field,2024,39.0817985,-77.1516844
Anna Weirich,,"Portola Valley, Calif.",womens-track-and-field,2024,37.3736298,-122.219047
Stella Inman,,"Windham, Maine",womens-track-and-field,2024,43.7894155,-70.4083434
Imani Pugh,,"Rome, N.Y.",womens-track-and-field,2024,43.2102196,-75.4583956
Chloe Hassman,,"Coppell, Texas",womens-track-and-field,2024,32.9552598,-97.0155703
Amelia Kristen,,"Vancouver, B.C.",womens-track-and-field,2024,49.2608724,-123.113952
L'Mio Edwards,,"Claremont, Calif.",womens-track-and-field,2024,34.0966764,-117.7197785
Lindsay Yakaboski,,"Calverton, N.Y.",womens-track-and-field,2024,40.9117907,-72.7709709
Lara Cota,,"Summit, N.J.",womens-track-and-field,2024,40.7182356,-74.3592296
Sarah Dumas,,"Frankin, Mass.",womens-track-and-field,2024,42.5896205,-72.6110645
Kiera Duffy,,"Princeton, N.J.",womens-track-and-field,2024,40.3496953,-74.6597376
Tumi Onaleye,,"Katy, Texas",womens-track-and-field,2024,29.7857853,-95.8243956
Ijeoma Eziri,,"Denver, N.C.",womens-track-and-field,2024,35.5312452,-81.0297994
Sarah Fischer,,"Hinsdale, Ill.",womens-track-and-field,2024,41.8024604,-87.9299841
Adannia Agbo,,"Rockaway, N.J.",womens-track-and-field,2024,40.9013539,-74.5138157
Simone Castelluccio,,"Baton Rouge, La.",womens-track-and-field,2024,30.4494155,-91.1869659
Arielle Breuninger,,"Lancaster, Pa.",womens-track-and-field,2024,40.0379958,-76.3056707
Kelly Murray,,"Fort Washington, Pa.",womens-track-and-field,2024,40.1478532,-75.1897243
Meghan Hart,,"Kennett Square, Pa.",womens-track-and-field,2024,39.8467414,-75.7116997
Avery Elliott,,"Chadds Ford, Pa.",womens-track-and-field,2024,39.872027,-75.5914213
Moforehan Abinusawa,,"Ft. Washington, Pa.",womens-track-and-field,2024,40.1478532,-75.1897243
Gabrielle Jones,,"Sarnia, Ont.",womens-track-and-field,2024,42.9743821,-82.403533
Sara Khiri,,"Jersey City, N.J.",womens-track-and-field,2024,40.7215682,-74.047455
Chloe Williams,,"Fremont, Calif.",womens-track-and-field,2024,37.5482697,-121.988571
Camille Jordan,,"West Roxbury, Mass.",womens-track-and-field,2024,42.2792649,-71.1494972
Samantha Strydesky,,"Farmingdale, N.J.",womens-track-and-field,2024,40.1965018,-74.1684757
Paris Ivery,,"Grovetown, Ga.",womens-track-and-field,2024,33.4504157,-82.1981764
Kai Eisenhardt,,"Montverde, Fla.",womens-track-and-field,2024,28.6002769,-81.673964
Kyla Jamison,,"Salem, Ohio",womens-track-and-field,2024,40.9008923,-80.8567502
Madison Knier,,"Manheim, Pa.",womens-track-and-field,2024,40.1637359,-76.3952429
Elliott Bush,,"Portland, Ore.",womens-track-and-field,2024,45.5202471,-122.674194
Kate Hos,,"Calgary, Alta.",womens-track-and-field,2024,51.0456064,-114.057541
Miranda Schriver,,"Los Angeles, Calif.",womens-track-and-field,2024,34.0536909,-118.242766
Natalia Ilieva,,"Bradenton, Fla.",womens-track-and-field,2024,27.4989278,-82.5748194
Chikaodinaka Akazi,,"Baldwin, N.Y.",womens-track-and-field,2024,40.6534835,-73.6113502
Y'Lan Nguyen,,"Austin, Texas",womens-track-and-field,2025,30.2711286,-97.7436995
Sarah Fischer,,"Hinsdale, Ill.",womens-track-and-field,2025,41.8024604,-87.9299841
Imani Pugh,,"Rome, N.Y.",womens-track-and-field,2025,43.2102196,-75.4583956
Margaret McCabe,,"Bayonne, N.J.",womens-track-and-field,2025,40.6687141,-74.1143091
Jessica Oji,,"Livingston, N.J.",womens-track-and-field,2025,40.7959335,-74.3148713
Ella Neskora,,"Jacksonville, Fla.",womens-track-and-field,2025,30.3262247,-81.6579179
Alexa Matora,,"Redmond, Wash.",womens-track-and-field,2025,47.6694141,-122.1238767
Kelly Murray,,"Fort Washington, Pa.",womens-track-and-field,2025,40.1478532,-75.1897243
Lydia Merrick,,"Freedom, Wis.",womens-track-and-field,2025,45.4146045,-88.7393853
Yuliya Maslouskaya,,"Zhodino, Belarus",womens-track-and-field,2025,54.0963334,28.3224192
Annika Topchy,,"Alexandria, Va.",womens-track-and-field,2025,38.8051095,-77.0470229
Jordyn Reed,,"Vancouver, B.C.",womens-track-and-field,2025,49.2608724,-123.113952
Christiana Nwachuku,,"Vauxhall, N.J.",womens-track-and-field,2025,40.7181355,-74.2831959
Lindsay Yakaboski,,"Calverton, N.Y.",womens-track-and-field,2025,40.9117907,-72.7709709
Adèle Martin,,"Paris, France",womens-track-and-field,2025,48.8534951,2.3483915
Sofia Swindell,,"Princeton, N.J.",womens-track-and-field,2025,40.3496953,-74.6597376
Quin Stovall,,"Philadelphia, Pa.",womens-track-and-field,2025,39.9527237,-75.1635262
Evangeline Thomson,,"Poway, Calif.",womens-track-and-field,2025,32.9628234,-117.035864
Mary Rozier,,"McDonough, Ga.",womens-track-and-field,2025,33.4473361,-84.1468616
Samantha Strydesky,,"Farmingdale, N.J.",womens-track-and-field,2025,40.1965018,-74.1684757
Anna Weirich,,"Portola Valley, Calif.",womens-track-and-field,2025,37.3736298,-122.219047
Raina Pietrzak,,"Highland Park, Texas",womens-track-and-field,2025,32.8334607,-96.7919454
Izzy Rodriguez,,"Fair Haven, N.J.",womens-track-and-field,2025,40.3606653,-74.0381947
Milan Ramey,,"Ardmore, Pa.",womens-track-and-field,2025,40.004128,-75.2882893
Isabella Tront,,"Glen Mills, Pa.",womens-track-and-field,2025,39.919698,-75.4904323
Daniella Oyenuga,,"Saskatoon, Sask.",womens-track-and-field,2025,52.131802,-106.660767
Lily Murphy,,"Summit, N.J.",womens-track-and-field,2025,40.7182356,-74.3592296
Ava Nebel,,"Sarasota, Fla.",womens-track-and-field,2025,27.3365805,-82.5308545
Aoife Shovlin,,"Cambridge, Mass.",womens-track-and-field,2025,42.3656347,-71.1040018
Jailyn Milord,,"Wellington, Fla.",womens-track-and-field,2025,26.6549551,-80.2375279
Alexa Dochat,,"Clifton Park, N.Y.",womens-track-and-field,2025,42.8630374,-73.7747623
Lara Cota,,"Summit, N.J.",womens-track-and-field,2025,40.7182356,-74.3592296
Zofia Limbert,,"Geneva, Switzerland",womens-track-and-field,2025,46.2017559,6.1466014
Rebecca Hoover,,"Haddonfield, N.J.",womens-track-and-field,2025,39.8915022,-75.0376707
Rianna Floyd,,"Kennedale, Texas",womens-track-and-field,2025,32.646801,-97.2258465
Adannia Agbo,,"Rockaway, N.J.",womens-track-and-field,2025,40.9013539,-74.5138157
Simone Castelluccio,,"Baton Rouge, La.",womens-track-and-field,2025,30.4494155,-91.1869659
Elliott Bush,,"Portland, Ore.",womens-track-and-field,2025,45.5202471,-122.674194
Kiera Duffy,,"Princeton, N.J.",womens-track-and-field,2025,40.3496953,-74.6597376
Kyra Compton,,"Carlsbad, Calif.",womens-track-and-field,2025,33.1352045,-117.329126
Kate Hos,,"Calgary, Alta.",womens-track-and-field,2025,51.0456064,-114.057541
Mikaela Lyri,,"Agios Dimitrios, Greece",womens-track-and-field,2025,37.9395104,23.7315951
Chikaodinaka Akazi,,"Baldwin, N.Y.",womens-track-and-field,2025,40.6534835,-73.6113502
Giuliana Ligor,,"North Reading, Mass.",womens-track-and-field,2025,42.5750939,-71.0786653
Sara Khiri,,"Jersey City, N.J.",womens-track-and-field,2025,40.7215682,-74.047455
L'Mio Edwards,,"Claremont, Calif.",womens-track-and-field,2025,34.0966764,-117.7197785
Amelia Kristen,,"Vancouver, B.C.",womens-track-and-field,2025,49.2608724,-123.113952
Ijeoma Eziri,,"Denver, N.C.",womens-track-and-field,2025,35.5312452,-81.0297994
Angeludi Asaah,,"Honolulu, Hawaii",womens-track-and-field,2025,21.304547,-157.855676
Courtney Kaiser,,"Martinsville, N.J.",womens-track-and-field,2025,40.6012136,-74.5590452
Moforehan Abinusawa,,"Ft. Washington, Pa.",womens-track-and-field,2025,40.1478532,-75.1897243
Svanna Strandberg,,"Fairless Hills, Pa.",womens-track-and-field,2025,40.178142,-74.8564446
Emme Hoarle,,"Branchburg, N.J.",womens-track-and-field,2025,40.5688245,-74.7002714
Keira Beaumont,,"Acworth, Ga.",womens-track-and-field,2025,34.0659329,-84.6768796
Avery Elliott,,"Chadds Ford, Pa.",womens-track-and-field,2025,39.872027,-75.5914213
Paris Ivery,,"Grovetown, Ga.",womens-track-and-field,2025,33.4504157,-82.1981764
Gabrielle Jones,,"Sarnia, Ont.",womens-track-and-field,2025,42.9743821,-82.403533
Camille Jordan,,"West Roxbury, Mass.",womens-track-and-field,2025,42.2792649,-71.1494972
Madison Knier,,"Manheim, Pa.",womens-track-and-field,2025,40.1637359,-76.3952429
Stella Inman,,"Windham, Maine",womens-track-and-field,2025,43.7894155,-70.4083434
Imani Pugh,,"Rome, N.Y.",womens-track-and-field,2026,43.2102196,-75.4583956
Michaela Poland,,"Sicklerville, N.J.",womens-track-and-field,2026,39.7173375,-74.9693329
Jessica Oji,,"Livingston, N.J.",womens-track-and-field,2026,40.7959335,-74.3148713
Ella Neskora,,"Jacksonville, Fla.",womens-track-and-field,2026,30.3262247,-81.6579179
Alexa Matora,,"Redmond, Wash.",womens-track-and-field,2026,47.6694141,-122.1238767
Natalie Murphy,,"New York, N.Y.",womens-track-and-field,2026,40.7127281,-74.0060152
Kira Moses,,"Bucks County, Pa.",womens-track-and-field,2026,40.3451668,-75.1263909
Jailyn Milord,,"Wellington, Fla.",womens-track-and-field,2026,26.6549551,-80.2375279
Lydia Merrick,,"Freedom, Wis.",womens-track-and-field,2026,45.4146045,-88.7393853
Margaret McCabe,,"Bayonne, N.J.",womens-track-and-field,2026,40.6687141,-74.1143091
Ava Nebel,,"Sarasota, Fla.",womens-track-and-field,2026,27.3365805,-82.5308545
Milan Ramey,,"Ardmore, Pa.",womens-track-and-field,2026,40.004128,-75.2882893
Jordynn Scott,,"Toronto, ON",womens-track-and-field,2026,43.6534817,-79.3839347
Jordyn Reed,,"Vancouver, B.C.",womens-track-and-field,2026,49.2608724,-123.113952
Emily Reid,,"Burlington, ON",womens-track-and-field,2026,43.3248924,-79.7966835
Izzy Rodriguez,,"Fair Haven, N.J.",womens-track-and-field,2026,40.3606653,-74.0381947
Mary Rozier,,"McDonough, Ga.",womens-track-and-field,2026,33.4473361,-84.1468616
Jurnee Scott,,"Toronto, ON",womens-track-and-field,2026,43.6534817,-79.3839347
Aoife Shovlin,,"Cambridge, Mass.",womens-track-and-field,2026,42.3656347,-71.1040018
Quin Stovall,,"Philadelphia, Pa.",womens-track-and-field,2026,39.9527237,-75.1635262
Svanna Strandberg,,"Fairless Hills, Pa.",womens-track-and-field,2026,40.178142,-74.8564446
Samantha Strydesky,,"Farmingdale, N.J.",womens-track-and-field,2026,40.1965018,-74.1684757
Sofia Swindell,,"Princeton, N.J.",womens-track-and-field,2026,40.3496953,-74.6597376
Isabella Tront,,"Glen Mills, Pa.",womens-track-and-field,2026,39.919698,-75.4904323
Yuliya Maslouskaya,,"Zhodino, Belarus",womens-track-and-field,2026,54.0963334,28.3224192
Corbin Raston,,"Atlanta, Ga.",womens-track-and-field,2026,33.7544657,-84.3898151
Adèle Martin,,"Paris, France",womens-track-and-field,2026,48.8534951,2.3483915
Rebecca Hoover,,"Haddonfield, N.J.",womens-track-and-field,2026,39.8915022,-75.0376707
Lily Lyons,,"Darien, Conn.",womens-track-and-field,2026,41.0787079,-73.4692873
Ginnie Wu,,"Beaverton, Ore.",womens-track-and-field,2026,45.4871723,-122.80378
Adannia Agbo,,"Rockaway, N.J.",womens-track-and-field,2026,40.9013539,-74.5138157
Chikaodinaka Akazi,,"Baldwin, N.Y.",womens-track-and-field,2026,40.6534835,-73.6113502
Keira Beaumont,,"Acworth, Ga.",womens-track-and-field,2026,34.0659329,-84.6768796
Simone Castelluccio,,"Baton Rouge, La.",womens-track-and-field,2026,30.4494155,-91.1869659
Alexa Dochat,,"Clifton Park, N.Y.",womens-track-and-field,2026,42.8630374,-73.7747623
L'Mio Edwards,,"Claremont, Calif.",womens-track-and-field,2026,34.0966764,-117.7197785
Avery Elliott,,"Chadds Ford, Pa.",womens-track-and-field,2026,39.872027,-75.5914213
Sarah Fischer,,"Hinsdale, Ill.",womens-track-and-field,2026,41.8024604,-87.9299841
Rianna Floyd,,"Kennedale, Texas",womens-track-and-field,2026,32.646801,-97.2258465
Maeve Going,,"Westbury, N.Y.",womens-track-and-field,2026,40.7556561,-73.5876273
Nadia Henley,,"Ashburn, Va.",womens-track-and-field,2026,39.029784,-77.4744148
Mikaela Lyri,,"Agios Dimitrios, Greece",womens-track-and-field,2026,37.9395104,23.7315951
Emme Hoarle,,"Branchburg, N.J.",womens-track-and-field,2026,40.5688245,-74.7002714
Kate Hos,,"Calgary, Alta.",womens-track-and-field,2026,51.0456064,-114.057541
Paris Ivery,,"Grovetown, Ga.",womens-track-and-field,2026,33.4504157,-82.1981764
Gabrielle Jones,,"Sarnia, Ont.",womens-track-and-field,2026,42.9743821,-82.403533
Camille Jordan,,"West Roxbury, Mass.",womens-track-and-field,2026,42.2792649,-71.1494972
Courtney Kaiser,,"Martinsville, N.J.",womens-track-and-field,2026,40.6012136,-74.5590452
Aaliyah Khan,,"Mercer Island, Wash.",womens-track-and-field,2026,47.5766324,-122.2276378
Sara Khiri,,"Jersey City, N.J.",womens-track-and-field,2026,40.7215682,-74.047455
Madison Knier,,"Manheim, Pa.",womens-track-and-field,2026,40.1637359,-76.3952429
Amelia Kristen,,"Vancouver, B.C.",womens-track-and-field,2026,49.2608724,-123.113952
Allison Lee,,"Princeton, N.J.",womens-track-and-field,2026,40.3496953,-74.6597376
Giuliana Ligor,,"North Reading, Mass.",womens-track-and-field,2026,42.5750939,-71.0786653
Zofia Limbert,,"Geneva, Switzerland",womens-track-and-field,2026,46.2017559,6.1466014
Joniah Holson,,"Sebastian, Fla.",womens-track-and-field,2026,27.817357,-80.4694039
Lindsay Yakaboski,,"Calverton, N.Y.",womens-track-and-field,2026,40.9117907,-72.7709709
Ace Escobedo,,"Aurora, Colo.",football,2016,39.7401441,-104.8733376
Nathan Kirchmier,,"Pembroke Pines, Fla.",football,2016,26.0061943,-80.2872086
Quinn Hudak,,"Huntington Beach, Calif.",football,2016,33.6783336,-118.000016
Jacob Halter,,"Lebanon, Ohio",football,2016,39.4353373,-84.2029922
Jeff Gibbs,,"Austin, Texas",football,2016,30.2711286,-97.7436995
Pat McInerney,,"Blue Bell, Pa.",football,2016,40.147809,-75.272781
Taheeb Sonekan,,"Bowie, Md.",football,2016,39.0080601,-76.7797899
Choyce Bostian III,,"Jamul, Calif.",football,2016,32.715507,-116.866801
Sean Pahls,,"Kansas City, Kan.",football,2016,39.1134562,-94.626497
Alex Weber,,"Pasco, Wash.",football,2016,46.2306739,-119.0921
Connor Jangro,,"Jessup, Md.",football,2016,39.1470015,-76.7699177
Nick Miller,,"New Market, Md.",football,2016,39.3827893,-77.2726393
Hunter Kelley,,"Huntington Beach, Calif.",football,2016,33.6783336,-118.000016
Lukas Sontich,,"Chagrin Falls, Ohio",football,2016,41.436589,-81.3855058
Cooper Gardner,,"Broomfield, Colo.",football,2016,39.9403995,-105.05208
Brody Graham,,"Jackson, N.J.",football,2016,39.7765048,-74.8623849
Tayler Hendrickson,,"Middletown, N.J.",football,2016,40.3898188,-74.1162152
Drew Brennan,,"Downingtown, Pa.",football,2016,40.0064958,-75.7032742
Louis Vecchio,,"Orange, Calif.",football,2016,33.750631,-117.8722311
Kevin Cadigan,,"Barrington, R.I.",football,2016,41.7407661,-71.3084633
Jonathan Lilley,,"Wrentham, Mass.",football,2016,42.0667652,-71.3281114
Nick Shablom,,"Haymarket, Va.",football,2016,38.8121398,-77.6368038
Matt Norton,,"Long Grove, Pa.",football,2016,40.3004972,-75.1383982
Nicholas Bokun,,"Hobart, Ind.",football,2016,41.5322592,-87.2550353
Kailash Graham-Bell,,"Boulder, Colo.",football,2016,40.0149856,-105.270545
Carson Vey,,"Pennington, N.J.",football,2016,40.3281213,-74.7909992
Mike Akai,,"Universal City, Texas",football,2016,29.5480071,-98.2911235
Logan Sharp,,"Bridgeville, Pa.",football,2016,40.3561805,-80.1100556
Prince Emili,,"New City, N.Y.",football,2016,41.1509835,-73.9897782
Greg Begnoche,,"Delray Beach, Fla.",football,2016,26.4614625,-80.0728201
Colton Moskal,,"Lake Zurich, Ill.",football,2016,42.1969689,-88.0934108
Austin Stapleton,,"Ho-Ho-Kus, N.J.",football,2016,40.9976524,-74.110284
Brendan O'Hara,,"New Lenox, Ill.",football,2016,41.5119761,-87.9656098
Hunter Hayes,,"Oakdale, Pa.",football,2016,40.3981246,-80.1856134
Hassan Smith,,"Los Angeles, Calif.",football,2016,34.0536909,-118.242766
Trevor Cefalu,,"Atlanta, Ga.",football,2016,33.7544657,-84.3898151
Nico Ament,,"Anaheim, Calif.",football,2016,33.8347516,-117.911732
Will Fischer-Colbrie,,"Los Altos, Calif.",football,2016,37.3790629,-122.116578
Nick Rittenhouse,,"Cocoa, Fla.",football,2016,28.3556635,-80.7325345
Justin Morrison,,"Swedesboro, N.J.",football,2016,39.7476136,-75.3104654
Tyler Herrick,,"Hutto, Texas.",football,2016,30.5427638,-97.5468898
Christian Pearson,,"Northridge, Calif.",football,2016,34.2345615,-118.5369316
Jyron Walker,,"Baton Rouge, La.",football,2016,30.4494155,-91.1869659
Justin Watson,,"Bridgeville, Pa.",football,2016,40.3561805,-80.1100556
Eric Markes,,"Valencia, Calif.",football,2016,34.4131941,-118.559849
Jacob Martin,,"Buford, Ga.",football,2016,34.1206564,-84.0043513
Sebastian Sanchez,,"Bedminster, N.J.",football,2016,40.6811135,-74.6442951
Kohl Hollinquest,,"Granada Hills, Calif.",football,2016,34.2661558,-118.5174342
Tre Solomon,,"Brooklyn, N.Y.",football,2016,40.6526006,-73.9497211
Abe Willows,,"Austin, Texas",football,2016,30.2711286,-97.7436995
Luke Bullock,,"Adams, Tenn.",football,2016,36.5823718,-87.0655751
Brandon Mills,,"Hawthorne, Calif.",football,2016,33.9128272,-118.3426122
Michael Rolfe,,"Scarsdale, N.Y.",football,2016,40.9885221,-73.8085608
Conor O'Brien,,"San Clemente, Calif.",football,2016,33.4270275,-117.6124179
Tristan Peyton,,"Tamarac, Fla.",football,2016,26.2128609,-80.2497707
"Jay Cammon, Jr.",,"Landover, Md.",football,2016,38.925313,-76.8815433
Tayte Doddy,,"Houston, Texas",football,2016,29.7589382,-95.3676974
Dante' Moore,,"Egg Harbor Township, N.J.",football,2016,39.3820672,-74.6171489
Steve Farrell,,"Hillsdale, N.J.",football,2016,41.0025975,-74.0404175
Austin Cooper,,"Centennial, Colo.",football,2016,39.579155,-104.8769227
Ayman Mayberry,,"Chula Vista, Calif.",football,2016,32.6400541,-117.084195
Zach Evans,,"Harrison, N.Y.",football,2016,40.9689871,-73.71263
Karekin Brooks,,"Marietta, Ga.",football,2016,33.952845,-84.5496054
Brian O'Neill,,"Roseland, N.J.",football,2017,40.8206555,-74.2937595
Payton Matous,,"Ennis, Texas.",football,2017,32.3293111,-96.6252679
Quinn Hudak,,"Huntington Beach, Calif.",football,2017,33.6783336,-118.000016
Tommy Dennis,,"East Setauket, N.Y.",football,2017,40.919085,-73.0963408
Ben Padon,,"Houston, Texas",football,2017,29.7589382,-95.3676974
Austin Stapleton,,"Ho-Ho-Kus, N.J.",football,2017,40.9976524,-74.110284
William Long,,"Calhoun, Ga.",football,2017,31.5311784,-84.614328
Nick Shablom,,"Haymarket, Va.",football,2017,38.8121398,-77.6368038
Colton Moskal,,"Lake Zurich, Ill.",football,2017,42.1969689,-88.0934108
Nathan Kirchmier,,"Pembroke Pines, Fla.",football,2017,26.0061943,-80.2872086
Nick Neu,,"Indianapolis, Ind.",football,2017,39.7683331,-86.1583502
Choyce Bostian III,,"Jamul, Calif.",football,2017,32.715507,-116.866801
Pat McInerney,,"Blue Bell, Pa.",football,2017,40.147809,-75.272781
Sam Follansbee,,"Annandale, N.J.",football,2017,40.6475975,-74.8862631
Taheeb Sonekan,,"Bowie, Md.",football,2017,39.0080601,-76.7797899
Sean Pahls,,"Kansas City, Kan.",football,2017,39.1134562,-94.626497
Connor Jangro,,"Jessup, Md.",football,2017,39.1470015,-76.7699177
Khalil Lewis,,"McKinney, Texas",football,2017,33.1976496,-96.6154471
Nick Miller,,"New Market, Md.",football,2017,39.3827893,-77.2726393
Hunter Kelley,,"Huntington Beach, Calif.",football,2017,33.6783336,-118.000016
Lukas Sontich,,"Chagrin Falls, Ohio",football,2017,41.436589,-81.3855058
Greg Begnoche,,"Delray Beach, Fla.",football,2017,26.4614625,-80.0728201
Jeff Gibbs,,"Austin, Texas",football,2017,30.2711286,-97.7436995
Ace Escobedo,,"Aurora, Colo.",football,2017,39.7401441,-104.8733376
Nicholas Bokun,,"Hobart, Ind.",football,2017,41.5322592,-87.2550353
Nate Miller,,"Wellesley, Mass.",football,2017,42.2964859,-71.2925571
Sebastian Sanchez,,"Bedminster, N.J.",football,2017,40.6811135,-74.6442951
Peter Kendall,,"Norwell, Mass.",football,2017,42.1617681,-70.7939307
Cooper Gardner,,"Broomfield, Colo.",football,2017,39.9403995,-105.05208
Brody Graham,,"Jackson, N.J.",football,2017,39.7765048,-74.8623849
Mike Rodriguez,,"Miami Lakes, Fla.",football,2017,25.9087056,-80.3086619
Tayler Hendrickson,,"Middletown, N.J.",football,2017,40.3898188,-74.1162152
Drew Brennan,,"Downingtown, Pa.",football,2017,40.0064958,-75.7032742
Louis Vecchio,,"Orange, Calif.",football,2017,33.750631,-117.8722311
Evan Carp,,"Wayland, Mass.",football,2017,42.3632063,-71.3606721
Kevin Cadigan,,"Barrington, R.I.",football,2017,41.7407661,-71.3084633
Preston Norwood,,"Dacula, Ga.",football,2017,33.9887165,-83.8979573
Jonathan Lilley,,"Wrentham, Mass.",football,2017,42.0667652,-71.3281114
Matt Norton,,"Long Grove, Pa.",football,2017,40.3004972,-75.1383982
Lewis Gibson,,"Dallas, Texas",football,2017,32.7762719,-96.7968559
Niko Rice,,"Fallston, Md.",football,2017,39.5348431,-76.4221064
Kailash Graham-Bell,,"Boulder, Colo.",football,2017,40.0149856,-105.270545
Carson Vey,,"Pennington, N.J.",football,2017,40.3281213,-74.7909992
Mike Akai,,"Universal City, Texas",football,2017,29.5480071,-98.2911235
Logan Sharp,,"Bridgeville, Pa.",football,2017,40.3561805,-80.1100556
Brian Bond,,"Montclair, N.J.",football,2017,40.8164458,-74.2210643
Prince Emili,,"New City, N.Y.",football,2017,41.1509835,-73.9897782
David Ryslik,,"Freehold, N.J.",football,2017,40.2601096,-74.2737573
Dan Beaver,,"Hummelstown, Pa.",football,2017,40.2653927,-76.7082778
Johnathan Gessner,,"San Antonio, Texas",football,2017,29.4246002,-98.4951405
Brendan O'Hara,,"New Lenox, Ill.",football,2017,41.5119761,-87.9656098
Hassan Smith,,"Los Angeles, Calif.",football,2017,34.0536909,-118.242766
Luke Bullock,,"Adams, Tenn.",football,2017,36.5823718,-87.0655751
David Perkins,,"Houston, Texas",football,2017,29.7589382,-95.3676974
Gavin Geib,,"Houston, Texas",football,2017,29.7589382,-95.3676974
Sam Philippi,,"Trabuco Canyon, Calif.",football,2017,33.6626232,-117.58938
Will Fischer-Colbrie,,"Los Altos, Calif.",football,2017,37.3790629,-122.116578
Ian Ude,,"Atlanta, Ga.",football,2017,33.7544657,-84.3898151
Nick Rittenhouse,,"Cocoa, Fla.",football,2017,28.3556635,-80.7325345
Sire Woods,,"Long Beach, Calif.",football,2017,33.7690164,-118.191604
Tyler Herrick,,"Hutto, Texas.",football,2017,30.5427638,-97.5468898
Kolton Huber,,"Basking Ridge, N.J.",football,2017,40.7064088,-74.5492725
Nick Robinson,,"Trabuco Canyon, Calif.",football,2017,33.6626232,-117.58938
Trevor Cefalu,,"Atlanta, Ga.",football,2017,33.7544657,-84.3898151
Christian Pearson,,"Northridge, Calif.",football,2017,34.2345615,-118.5369316
Jyron Walker,,"Baton Rouge, La.",football,2017,30.4494155,-91.1869659
Justin Watson,,"Bridgeville, Pa.",football,2017,40.3561805,-80.1100556
Eric Markes,,"Valencia, Calif.",football,2017,34.4131941,-118.559849
"Jay Cammon, Jr.",,"Landover, Md.",football,2017,38.925313,-76.8815433
Mac Humble,,"Spicewood, Texas.",football,2017,30.4759222,-98.1566355
Nico Ament,,"Anaheim, Calif.",football,2017,33.8347516,-117.911732
Kohl Hollinquest,,"Granada Hills, Calif.",football,2017,34.2661558,-118.5174342
Ryan Glover,,"Atlanta, Ga.",football,2017,33.7544657,-84.3898151
Tristan Peyton,,"Tamarac, Fla.",football,2017,26.2128609,-80.2497707
Winston Britton,,"Chester, N.Y.",football,2017,41.3624533,-74.2714981
Steve Farrell,,"Hillsdale, N.J.",football,2017,41.0025975,-74.0404175
Justin Morrison,,"Swedesboro, N.J.",football,2017,39.7476136,-75.3104654
Benji Mowatt,,"Fort Lee, N.J.",football,2017,40.8509333,-73.9701382
Brandon Mills,,"Hawthorne, Calif.",football,2017,33.9128272,-118.3426122
Jacob Martin,,"Buford, Ga.",football,2017,34.1206564,-84.0043513
Michael Rolfe,,"Scarsdale, N.Y.",football,2017,40.9885221,-73.8085608
Zach O'Leary,,"Mateca, Calif.",football,2017,37.7986184,-121.2117148
Keegan Otte,,"Katy, Texas",football,2017,29.7857853,-95.8243956
Patrick McGettigan,,"Ambler, Pa.",football,2017,40.1544727,-75.2221643
Isaiah Malcome,,"Atlanta, Ga.",football,2017,33.7544657,-84.3898151
Conor O'Brien,,"San Clemente, Calif.",football,2017,33.4270275,-117.6124179
Jack Soslow,,"Bryn Mawr, Pa.",football,2017,40.0238245,-75.3173407
Karekin Brooks,,"Marietta, Ga.",football,2017,33.952845,-84.5496054
Tayte Doddy,,"Houston, Texas",football,2017,29.7589382,-95.3676974
James McCarthy,,"Red Bank, N.J.",football,2017,40.3470543,-74.0643065
Dante' Moore,,"Egg Harbor Township, N.J.",football,2017,39.3820672,-74.6171489
Anthony Lotti,,"Freehold, N.J.",football,2017,40.2601096,-74.2737573
Hunter Hayes,,"Oakdale, Pa.",football,2017,40.3981246,-80.1856134
Austin Cooper,,"Centennial, Colo.",football,2017,39.579155,-104.8769227
Ayman Mayberry,,"Chula Vista, Calif.",football,2017,32.6400541,-117.084195
Zach Evans,,"Harrison, N.Y.",football,2017,40.9689871,-73.71263
Chaz Augustini,,"Medfield, Mass.",football,2017,42.1865609,-71.30546
Tre Solomon,,"Brooklyn, N.Y.",football,2017,40.6526006,-73.9497211
Jared Noble,,"Blacklick, Ohio",football,2017,39.9956195,-82.811286
Abe Willows,,"Austin, Texas",football,2017,30.2711286,-97.7436995
Riley O'Brien,,"San Clemente, Calif.",football,2017,33.4270275,-117.6124179
Trevor Radosevich,,"Englishtown, N.J.",football,2018,40.2973319,-74.3582041
Vince Oliver,,"Weirton, WVa.",football,2018,40.4002396,-80.5899788
Brian O'Neill,,"Roseland, N.J.",football,2018,40.8206555,-74.2937595
Quinn Hudak,,"Huntington Beach, Calif.",football,2018,33.6783336,-118.000016
Tommy Dennis,,"East Setauket, N.Y.",football,2018,40.919085,-73.0963408
Brendan O'Hara,,"New Lenox, Ill.",football,2018,41.5119761,-87.9656098
Joe Basiura,,"Malvern, Pa.",football,2018,40.036202,-75.5138959
William Long,,"Calhoun, Ga.",football,2018,31.5311784,-84.614328
Travis Wang,,"Taipei, Taiwan",football,2018,25.0375198,121.5636796
Ben Padon,,"Houston, Texas",football,2018,29.7589382,-95.3676974
Travis Spreen,,"Sherwood, Ore.",football,2018,45.3569315,-122.8403744
Jeff Gibbs,,"Austin, Texas",football,2018,30.2711286,-97.7436995
Sebastian Sanchez,,"Bedminster, N.J.",football,2018,40.6811135,-74.6442951
Cortez Alston,,"Atlanta, Ga.",football,2018,33.7544657,-84.3898151
Taheeb Sonekan,,"Bowie, Md.",football,2018,39.0080601,-76.7797899
Cameron Landis,,"Madison, Ohio",football,2018,39.8868227,-83.3937233
Choyce Bostian III,,"Jamul, Calif.",football,2018,32.715507,-116.866801
Sean Pahls,,"Kansas City, Kan.",football,2018,39.1134562,-94.626497
Connor Jangro,,"Jessup, Md.",football,2018,39.1470015,-76.7699177
Matthew McElroy,,"New Milford, N.J.",football,2018,40.9350986,-74.0190281
Nick Miller,,"New Market, Md.",football,2018,39.3827893,-77.2726393
Jake Heimlicher,,"Aurora, Colo.",football,2018,39.7401441,-104.8733376
Greg Begnoche,,"Delray Beach, Fla.",football,2018,26.4614625,-80.0728201
Pat McInerney,,"Blue Bell, Pa.",football,2018,40.147809,-75.272781
Ace Escobedo,,"Aurora, Colo.",football,2018,39.7401441,-104.8733376
Brody Graham,,"Jackson, N.J.",football,2018,39.7765048,-74.8623849
Nate Miller,,"Wellesley, Mass.",football,2018,42.2964859,-71.2925571
Luke Bullock,,"Adams, Tenn.",football,2018,36.5823718,-87.0655751
Cooper Gardner,,"Broomfield, Colo.",football,2018,39.9403995,-105.05208
Mike Rodriguez,,"Miami Lakes, Fla.",football,2018,25.9087056,-80.3086619
David Ryslik,,"Freehold, N.J.",football,2018,40.2601096,-74.2737573
Jake Haggard,,"Laguna Niguel, Calif.",football,2018,33.5225261,-117.7075526
Daniel Karrash,,"North Wales, Pa.",football,2018,40.2109404,-75.2782317
Drew Brennan,,"Downingtown, Pa.",football,2018,40.0064958,-75.7032742
Mark Evanchick,,"Darien, Conn.",football,2018,41.0787079,-73.4692873
Evan Carp,,"Wayland, Mass.",football,2018,42.3632063,-71.3606721
Kevin Cadigan,,"Barrington, R.I.",football,2018,41.7407661,-71.3084633
Ryan Cragun,,"San Juan Capistrano, Calif.",football,2018,33.5016932,-117.6625509
Johnathan Gessner,,"San Antonio, Texas",football,2018,29.4246002,-98.4951405
Nick Shablom,,"Haymarket, Va.",football,2018,38.8121398,-77.6368038
Chris Mottillo,,"Fairview, Pa.",football,2018,41.0145075,-79.7428275
Lewis Gibson,,"Dallas, Texas",football,2018,32.7762719,-96.7968559
Niko Rice,,"Fallston, Md.",football,2018,39.5348431,-76.4221064
Kailash Graham-Bell,,"Boulder, Colo.",football,2018,40.0149856,-105.270545
Chaz Augustini,,"Medfield, Mass.",football,2018,42.1865609,-71.30546
Carson Vey,,"Pennington, N.J.",football,2018,40.3281213,-74.7909992
Mike Akai,,"Universal City, Texas",football,2018,29.5480071,-98.2911235
Brian Bond,,"Montclair, N.J.",football,2018,40.8164458,-74.2210643
Prince Emili,,"New City, N.Y.",football,2018,41.1509835,-73.9897782
Sean Boles,,"Van Meter, Iowa",football,2018,41.5332166,-93.9548406
Dan Beaver,,"Hummelstown, Pa.",football,2018,40.2653927,-76.7082778
Matt Norton,,"Long Grove, Pa.",football,2018,40.3004972,-75.1383982
Michael Rolfe,,"Scarsdale, N.Y.",football,2018,40.9885221,-73.8085608
Logan Sharp,,"Bridgeville, Pa.",football,2018,40.3561805,-80.1100556
Adam Conyer,,"Burlington, N.J.",football,2018,39.9325409,-74.7226665
"Rory Starkey, Jr.",,"Atlanta, Ga.",football,2018,33.7544657,-84.3898151
Sam Philippi,,"Trabuco Canyon, Calif.",football,2018,33.6626232,-117.58938
Ian Ude,,"Atlanta, Ga.",football,2018,33.7544657,-84.3898151
"Jason McCleod, Jr.",,"West Palm Beach, Fla.",football,2018,26.715364,-80.0532942
Mason Quandt,,"Simi Valley, Calif.",football,2018,34.2677404,-118.7538071
Sire Woods,,"Long Beach, Calif.",football,2018,33.7690164,-118.191604
Tyler Herrick,,"Hutto, Texas.",football,2018,30.5427638,-97.5468898
Kolton Huber,,"Basking Ridge, N.J.",football,2018,40.7064088,-74.5492725
Shane Sweitzer,,"Madison, Conn.",football,2018,41.2794282,-72.5983151
Justin Morrison,,"Swedesboro, N.J.",football,2018,39.7476136,-75.3104654
Hunter Hayes,,"Oakdale, Pa.",football,2018,40.3981246,-80.1856134
Christian Pearson,,"Northridge, Calif.",football,2018,34.2345615,-118.5369316
Winston Britton,,"Chester, N.Y.",football,2018,41.3624533,-74.2714981
Jyron Walker,,"Baton Rouge, La.",football,2018,30.4494155,-91.1869659
John Quinnelly,,"Daphne, Ala.",football,2018,30.6035255,-87.9036047
Eric Markes,,"Valencia, Calif.",football,2018,34.4131941,-118.559849
Darnell Fleury,,"Sunrise, Fla.",football,2018,26.1666888,-80.2787573
"Jay Cammon, Jr.",,"Landover, Md.",football,2018,38.925313,-76.8815433
Mac Humble,,"Spicewood, Texas.",football,2018,30.4759222,-98.1566355
Nico Ament,,"Anaheim, Calif.",football,2018,33.8347516,-117.911732
Jared Noble,,"Blacklick, Ohio",football,2018,39.9956195,-82.811286
Ryan Glover,,"Atlanta, Ga.",football,2018,33.7544657,-84.3898151
Gavin Geib,,"Houston, Texas",football,2018,29.7589382,-95.3676974
David Perkins,,"Houston, Texas",football,2018,29.7589382,-95.3676974
Nick Robinson,,"Trabuco Canyon, Calif.",football,2018,33.6626232,-117.58938
Trevor Cefalu,,"Atlanta, Ga.",football,2018,33.7544657,-84.3898151
Malcolm Strickland,,"Atlanta, Ga.",football,2018,33.7544657,-84.3898151
Isaiah Malcome,,"Atlanta, Ga.",football,2018,33.7544657,-84.3898151
Tanner Long,,"Ambler, Pa.",football,2018,40.1544727,-75.2221643
Conor O'Brien,,"San Clemente, Calif.",football,2018,33.4270275,-117.6124179
Benji Mowatt,,"Fort Lee, N.J.",football,2018,40.8509333,-73.9701382
Jack Soslow,,"Bryn Mawr, Pa.",football,2018,40.0238245,-75.3173407
Karekin Brooks,,"Marietta, Ga.",football,2018,33.952845,-84.5496054
James McCarthy,,"Red Bank, N.J.",football,2018,40.3470543,-74.0643065
Tayte Doddy,,"Houston, Texas",football,2018,29.7589382,-95.3676974
Riley O'Brien,,"San Clemente, Calif.",football,2018,33.4270275,-117.6124179
Dante' Moore,,"Egg Harbor Township, N.J.",football,2018,39.3820672,-74.6171489
Mohammed Diakite,,"Northampton, Pa.",football,2018,40.7451356,-75.3289302
Patrick McGettigan,,"Ambler, Pa.",football,2018,40.1544727,-75.2221643
Hassan Smith,,"Los Angeles, Calif.",football,2018,34.0536909,-118.242766
Austin Cooper,,"Centennial, Colo.",football,2018,39.579155,-104.8769227
Anthony Lotti,,"Freehold, N.J.",football,2018,40.2601096,-74.2737573
Trey Flowers,,"Miami, Fla.",football,2018,25.7741566,-80.1935973
Zach Evans,,"Harrison, N.Y.",football,2018,40.9689871,-73.71263
Abe Willows,,"Austin, Texas",football,2018,30.2711286,-97.7436995
Justin Sands,,"Cleveland, Ohio",football,2018,41.4996574,-81.6936772
Jacob Martin,,"Buford, Ga.",football,2018,34.1206564,-84.0043513
Khalil Weathers,,"Pittsburgh, Pa.",football,2018,40.4406968,-80.0025666
Steve Farrell,,"Hillsdale, N.J.",football,2018,41.0025975,-74.0404175
Keegan Otte,,"Katy, Texas",football,2018,29.7857853,-95.8243956
Garrett Morris,,"Auburn, Ala.",football,2018,32.6098566,-85.4807825
Brian O'Neill,,"Roseland, N.J.",football,2019,40.8206555,-74.2937595
JC Dobis,,"Medford, N.J.",football,2019,39.9009472,-74.8234961
Jack Iuliano,,"Rye, N.Y.",football,2019,40.9821371,-73.6840902
Travis Spreen,,"Sherwood, Ore.",football,2019,45.3569315,-122.8403744
Greg Begnoche,,"Delray Beach, Fla.",football,2019,26.4614625,-80.0728201
Joe Basiura,,"Malvern, Pa.",football,2019,40.036202,-75.5138959
William Long,,"Calhoun, Ga.",football,2019,31.5311784,-84.614328
Declan Vargas,,"McLean, Va.",football,2019,38.9366852,-77.185843
Ben Padon,,"Houston, Texas",football,2019,29.7589382,-95.3676974
Trevor Radosevich,,"Englishtown, N.J.",football,2019,40.2973319,-74.3582041
Ben Hoitink,,"Hartford, Wis.",football,2019,43.317744,-88.3788508
Travis Wang,,"Taipei, Taiwan",football,2019,25.0375198,121.5636796
Connor Jangro,,"Jessup, Md.",football,2019,39.1470015,-76.7699177
Joshua Chapman,,"Silver Spring, Md.",football,2019,38.9997621,-77.0240371
Jordan Ford,,"Phoenixville, Pa.",football,2019,40.1338784,-75.5172827
Choyce Bostian III,,"Jamul, Calif.",football,2019,32.715507,-116.866801
Sean Pahls,,"Kansas City, Kan.",football,2019,39.1134562,-94.626497
Will Seiler,,"Atlanta, Ga.",football,2019,33.7544657,-84.3898151
Matthew McElroy,,"New Milford, N.J.",football,2019,40.9350986,-74.0190281
Mitzseen Joseph,,"Palm Beach County, Fla.",football,2019,26.6279798,-80.4494174
Jake Gonzalez,,"Wilmette, Ill.",football,2019,42.076066,-87.7115555
Jake Heimlicher,,"Aurora, Colo.",football,2019,39.7401441,-104.8733376
Khalil Lewis,,"McKinney, Texas",football,2019,33.1976496,-96.6154471
Sebastian Sanchez,,"Bedminster, N.J.",football,2019,40.6811135,-74.6442951
Jeff Gibbs,,"Austin, Texas",football,2019,30.2711286,-97.7436995
Ace Escobedo,,"Aurora, Colo.",football,2019,39.7401441,-104.8733376
Matt Norton,,"Long Grove, Pa.",football,2019,40.3004972,-75.1383982
Johnathan Gessner,,"San Antonio, Texas",football,2019,29.4246002,-98.4951405
Brendan O'Hara,,"New Lenox, Ill.",football,2019,41.5119761,-87.9656098
Anthony Lotti,,"Freehold, N.J.",football,2019,40.2601096,-74.2737573
Ben Krimm,,"Columbus, Ohio",football,2019,39.9622601,-83.0007065
Micah Morris,,"Pittsburgh, Pa.",football,2019,40.4406968,-80.0025666
Mike Rodriguez,,"Miami Lakes, Fla.",football,2019,25.9087056,-80.3086619
David Ryslik,,"Freehold, N.J.",football,2019,40.2601096,-74.2737573
Jake Haggard,,"Laguna Niguel, Calif.",football,2019,33.5225261,-117.7075526
Daniel Karrash,,"North Wales, Pa.",football,2019,40.2109404,-75.2782317
Drew Brennan,,"Downingtown, Pa.",football,2019,40.0064958,-75.7032742
Ryan Mannelly,,"Atlanta, Ga.",football,2019,33.7544657,-84.3898151
Grant Ristoff,,"Ladera Ranch, Calif.",football,2019,33.551225,-117.6442582
Jack Purcell,,"Glen Mills, Pa.",football,2019,39.919698,-75.4904323
Ryan Cragun,,"San Juan Capistrano, Calif.",football,2019,33.5016932,-117.6625509
Chris Mottillo,,"Fairview, Pa.",football,2019,41.0145075,-79.7428275
Malone Howley,,"Portsmouth, R.I.",football,2019,41.6024068,-71.2503157
Niko Rice,,"Fallston, Md.",football,2019,39.5348431,-76.4221064
Mike Hoffler,,"Brooklyn, N.Y.",football,2019,40.6526006,-73.9497211
Kailash Graham-Bell,,"Boulder, Colo.",football,2019,40.0149856,-105.270545
Jake Ligos,,"Long Valley, N.J.",football,2019,40.7816814,-74.7592328
Owen Goldsberry,,"Arlington Heights, Ill.",football,2019,42.0811563,-87.9802164
Lawal Oyedemi,,"Sugar Land, Texas",football,2019,29.6196787,-95.6349463
Chase Bahr,,"Lake Forest, Ill.",football,2019,42.2586461,-87.8407055
Prince Emili,,"New City, N.Y.",football,2019,41.1509835,-73.9897782
Dan Beaver,,"Hummelstown, Pa.",football,2019,40.2653927,-76.7082778
Nick Shablom,,"Haymarket, Va.",football,2019,38.8121398,-77.6368038
Jonathan Melvin,,"Hampton, Va.",football,2019,37.0264414,-76.3442846
Tysen Comizio,,"Greenwich, Conn.",football,2019,41.0264862,-73.6284598
David Perkins,,"Houston, Texas",football,2019,29.7589382,-95.3676974
Gavin Geib,,"Houston, Texas",football,2019,29.7589382,-95.3676974
"Rory Starkey, Jr.",,"Atlanta, Ga.",football,2019,33.7544657,-84.3898151
Sam Philippi,,"Trabuco Canyon, Calif.",football,2019,33.6626232,-117.58938
Mason Quandt,,"Simi Valley, Calif.",football,2019,34.2677404,-118.7538071
Tanner Long,,"Ambler, Pa.",football,2019,40.1544727,-75.2221643
Sire Woods,,"Long Beach, Calif.",football,2019,33.7690164,-118.191604
Tyler Herrick,,"Hutto, Texas.",football,2019,30.5427638,-97.5468898
Kolton Huber,,"Basking Ridge, N.J.",football,2019,40.7064088,-74.5492725
Shane Sweitzer,,"Madison, Conn.",football,2019,41.2794282,-72.5983151
Nick Robinson,,"Trabuco Canyon, Calif.",football,2019,33.6626232,-117.58938
Malcolm Strickland,,"Atlanta, Ga.",football,2019,33.7544657,-84.3898151
Hunter Hayes,,"Oakdale, Pa.",football,2019,40.3981246,-80.1856134
Winston Britton,,"Chester, N.Y.",football,2019,41.3624533,-74.2714981
John Quinnelly,,"Daphne, Ala.",football,2019,30.6035255,-87.9036047
Mohammed Diakite,,"Northampton, Pa.",football,2019,40.7451356,-75.3289302
Eric Markes,,"Valencia, Calif.",football,2019,34.4131941,-118.559849
Ben Gerber,,"Wayne, Pa.",football,2019,41.6264414,-75.3045103
Khalil Weathers,,"Pittsburgh, Pa.",football,2019,40.4406968,-80.0025666
Mac Humble,,"Spicewood, Texas.",football,2019,30.4759222,-98.1566355
Abe Willows,,"Austin, Texas",football,2019,30.2711286,-97.7436995
Taheeb Sonekan,,"Bowie, Md.",football,2019,39.0080601,-76.7797899
Ryan Glover,,"Atlanta, Ga.",football,2019,33.7544657,-84.3898151
Ethan Zemla,,"Highlands Ranch, Colo.",football,2019,39.538565,-104.9725904
Garrett Morris,,"Auburn, Ala.",football,2019,32.6098566,-85.4807825
"Jason McCleod, Jr.",,"West Palm Beach, Fla.",football,2019,26.715364,-80.0532942
Lewis Gibson,,"Dallas, Texas",football,2019,32.7762719,-96.7968559
Preston Norwood,,"Dacula, Ga.",football,2019,33.9887165,-83.8979573
Jaden Key,,"Neptune, N.J.",football,2019,39.2191278,-74.7129026
Jesse Walsh,,"Branford, Conn.",football,2019,41.2795414,-72.8150989
Adam Conyer,,"Burlington, N.J.",football,2019,39.9325409,-74.7226665
Luke Hoggard,,"Huntington Beach, Calif.",football,2019,33.6783336,-118.000016
Patrick McGettigan,,"Ambler, Pa.",football,2019,40.1544727,-75.2221643
Jack Meehan,,"Tappan, N.Y.",football,2019,41.0248325,-73.9504523
Isaiah Malcome,,"Atlanta, Ga.",football,2019,33.7544657,-84.3898151
Conor O'Brien,,"San Clemente, Calif.",football,2019,33.4270275,-117.6124179
Benji Mowatt,,"Fort Lee, N.J.",football,2019,40.8509333,-73.9701382
Miles Thompson,,"Fairfax, Va.",football,2019,38.8462236,-77.3063733
Karekin Brooks,,"Marietta, Ga.",football,2019,33.952845,-84.5496054
James McCarthy,,"Red Bank, N.J.",football,2019,40.3470543,-74.0643065
Tayte Doddy,,"Houston, Texas",football,2019,29.7589382,-95.3676974
Michael Rolfe,,"Scarsdale, N.Y.",football,2019,40.9885221,-73.8085608
Nance Hill,,"Atlanta, Ga.",football,2019,33.7544657,-84.3898151
Kendren Smith,,"Charlotte, N.C.",football,2019,35.2272086,-80.8430827
Austin Cooper,,"Centennial, Colo.",football,2019,39.579155,-104.8769227
Chris Rankins,,"Sylmar, Calif.",football,2019,34.3076252,-118.4492148
Trey Flowers,,"Miami, Fla.",football,2019,25.7741566,-80.1935973
Zach Evans,,"Harrison, N.Y.",football,2019,40.9689871,-73.71263
Johnny Williams,,"Calabasas, Calif.",football,2019,34.1446643,-118.644097
Justin Sands,,"Cleveland, Ohio",football,2019,41.4996574,-81.6936772
Jonathan Mulatu,,"Springfield, Va.",football,2019,38.7749935,-77.1803819
Jacob Martin,,"Buford, Ga.",football,2019,34.1206564,-84.0043513
Riley O'Brien,,"San Clemente, Calif.",football,2019,33.4270275,-117.6124179
Dante' Moore,,"Egg Harbor Township, N.J.",football,2019,39.3820672,-74.6171489
Jack Iuliano,,"Rye, N.Y.",football,2020,40.9821371,-73.6840902
JC Dobis,,"Medford, N.J.",football,2020,39.9009472,-74.8234961
Jack Kirby,,"Cincinnati, Ohio",football,2020,39.1012809,-84.5127405
Griffin Jackstadt,,"Barnegat, N.J.",football,2020,39.7557459,-74.2207395
Ben Padon,,"Houston, Texas",football,2020,29.7589382,-95.3676974
Ben Hoitink,,"Hartford, Wis.",football,2020,43.317744,-88.3788508
Joe Basiura,,"Malvern, Pa.",football,2020,40.036202,-75.5138959
William Long,,"Calhoun, Ga.",football,2020,31.5311784,-84.614328
Declan Vargas,,"McLean, Va.",football,2020,38.9366852,-77.185843
Trevor Radosevich,,"Englishtown, N.J.",football,2020,40.2973319,-74.3582041
Travis Spreen,,"Sherwood, Ore.",football,2020,45.3569315,-122.8403744
Travis Wang,,"Taipei, Taiwan",football,2020,25.0375198,121.5636796
Bennett Smith,,"Charlotte, N.C.",football,2020,35.2272086,-80.8430827
Joshua Chapman,,"Silver Spring, Md.",football,2020,38.9997621,-77.0240371
Ethan Zemla,,"Highlands Ranch, Colo.",football,2020,39.538565,-104.9725904
Jordan Ford,,"Phoenixville, Pa.",football,2020,40.1338784,-75.5172827
Henry Iloanya,,"Glenn Dale, Md.",football,2020,38.9835145,-76.7979971
Will Seiler,,"Atlanta, Ga.",football,2020,33.7544657,-84.3898151
Matthew McElroy,,"New Milford, N.J.",football,2020,40.9350986,-74.0190281
Mitzseen Joseph,,"Palm Beach County, Fla.",football,2020,26.6279798,-80.4494174
Jake Gonzalez,,"Wilmette, Ill.",football,2020,42.076066,-87.7115555
Mozi Bici,,"Suffield, Conn.",football,2020,41.9816944,-72.6506604
Khalil Lewis,,"McKinney, Texas",football,2020,33.1976496,-96.6154471
Sam Carlson,,"Bozeman, Mont.",football,2020,45.6794293,-111.044047
Callum Abernethy,,"Greenwich, Conn.",football,2020,41.0264862,-73.6284598
Jack Purcell,,"Glen Mills, Pa.",football,2020,39.919698,-75.4904323
Isaiah Jordan,,"Rockville, Md.",football,2020,39.0817985,-77.1516844
Chase Bahr,,"Lake Forest, Ill.",football,2020,42.2586461,-87.8407055
Ben Krimm,,"Columbus, Ohio",football,2020,39.9622601,-83.0007065
Micah Morris,,"Pittsburgh, Pa.",football,2020,40.4406968,-80.0025666
Mike Rodriguez,,"Miami Lakes, Fla.",football,2020,25.9087056,-80.3086619
Travis McFarling,,"Flower Mound, Texas",football,2020,33.0283854,-97.0867203
Jake Haggard,,"Laguna Niguel, Calif.",football,2020,33.5225261,-117.7075526
Daniel Karrash,,"North Wales, Pa.",football,2020,40.2109404,-75.2782317
Graham Gotlieb,,"Boca Raton, Fla.",football,2020,26.3586885,-80.0830984
Ryan Mannelly,,"Atlanta, Ga.",football,2020,33.7544657,-84.3898151
Charlie Mossy,,"Rancho Sante Fe, Calif.",football,2020,33.0242314,-117.1979781
Grant Ristoff,,"Ladera Ranch, Calif.",football,2020,33.551225,-117.6442582
Tanner Duve,,"Culver City, Calif.",football,2020,34.0211224,-118.396466
Johnathan Gessner,,"San Antonio, Texas",football,2020,29.4246002,-98.4951405
Cameron Williams,,"Villanova, Pa.",football,2020,40.0411671,-75.3310527
Chris Mottillo,,"Fairview, Pa.",football,2020,41.0145075,-79.7428275
Malone Howley,,"Portsmouth, R.I.",football,2020,41.6024068,-71.2503157
Niko Rice,,"Fallston, Md.",football,2020,39.5348431,-76.4221064
Mike Hoffler,,"Brooklyn, N.Y.",football,2020,40.6526006,-73.9497211
Jake Ligos,,"Long Valley, N.J.",football,2020,40.7816814,-74.7592328
Owen Goldsberry,,"Arlington Heights, Ill.",football,2020,42.0811563,-87.9802164
Lawal Oyedemi,,"Sugar Land, Texas",football,2020,29.6196787,-95.6349463
Cameron Polemeni-Hegarty,,"Goldens Bridge, N.Y.",football,2020,41.2871685,-73.6633145
Prince Emili,,"New City, N.Y.",football,2020,41.1509835,-73.9897782
Ned Freeland,,"Nashville, Tenn.",football,2020,36.1622767,-86.7742984
Dan Beaver,,"Hummelstown, Pa.",football,2020,40.2653927,-76.7082778
Joshua Casilli,,"McMurray, Pa.",football,2020,40.2791485,-80.088632
Jonathan Melvin,,"Hampton, Va.",football,2020,37.0264414,-76.3442846
Aidan Nash,,"Philadelphia, Pa.",football,2020,39.9527237,-75.1635262
Mason Quandt,,"Simi Valley, Calif.",football,2020,34.2677404,-118.7538071
Tanner Long,,"Ambler, Pa.",football,2020,40.1544727,-75.2221643
Sire Woods,,"Long Beach, Calif.",football,2020,33.7690164,-118.191604
Hugh Brady,,"Honolulu, Hawaii",football,2020,21.304547,-157.855676
Ryan Zanelli,,"Santa Ana, Calif.",football,2020,33.7494951,-117.873221
Adam Conyer,,"Burlington, N.J.",football,2020,39.9325409,-74.7226665
Shane Sweitzer,,"Madison, Conn.",football,2020,41.2794282,-72.5983151
Lewis Gibson,,"Dallas, Texas",football,2020,32.7762719,-96.7968559
Garrett Morris,,"Auburn, Ala.",football,2020,32.6098566,-85.4807825
Trey Flowers,,"Miami, Fla.",football,2020,25.7741566,-80.1935973
John Quinnelly,,"Daphne, Ala.",football,2020,30.6035255,-87.9036047
Mohammed Diakite,,"Northampton, Pa.",football,2020,40.7451356,-75.3289302
Brian O'Neill,,"Roseland, N.J.",football,2020,40.8206555,-74.2937595
Ben Gerber,,"Wayne, Pa.",football,2020,41.6264414,-75.3045103
Khalil Weathers,,"Pittsburgh, Pa.",football,2020,40.4406968,-80.0025666
Kendren Smith,,"Charlotte, N.C.",football,2020,35.2272086,-80.8430827
Benji Mowatt,,"Fort Lee, N.J.",football,2020,40.8509333,-73.9701382
Mac Humble,,"Spicewood, Texas.",football,2020,30.4759222,-98.1566355
Chris Rankins,,"Sylmar, Calif.",football,2020,34.3076252,-118.4492148
Ryan Cragun,,"San Juan Capistrano, Calif.",football,2020,33.5016932,-117.6625509
Jaden Key,,"Neptune, N.J.",football,2020,39.2191278,-74.7129026
Ryan Glover,,"Atlanta, Ga.",football,2020,33.7544657,-84.3898151
Tysen Comizio,,"Greenwich, Conn.",football,2020,41.0264862,-73.6284598
Maurcus McDaniel,,"King of Prussia, Pa.",football,2020,40.0947625,-75.3851334
"Rory Starkey, Jr.",,"Atlanta, Ga.",football,2020,33.7544657,-84.3898151
Winston Britton,,"Chester, N.Y.",football,2020,41.3624533,-74.2714981
Malcolm Strickland,,"Atlanta, Ga.",football,2020,33.7544657,-84.3898151
Gabe Wright,,"Stockbridge, Ga.",football,2020,33.5442781,-84.2338093
Jake Heimlicher,,"Aurora, Colo.",football,2020,39.7401441,-104.8733376
Anthony Bell,,"Easton, Pa.",football,2020,40.6916081,-75.2099866
Luke Hoggard,,"Huntington Beach, Calif.",football,2020,33.6783336,-118.000016
Patrick McGettigan,,"Ambler, Pa.",football,2020,40.1544727,-75.2221643
Jack Meehan,,"Tappan, N.Y.",football,2020,41.0248325,-73.9504523
Isaiah Malcome,,"Atlanta, Ga.",football,2020,33.7544657,-84.3898151
Chandler McGruder,,"Indianapolis, Ind.",football,2020,39.7683331,-86.1583502
James McCarthy,,"Red Bank, N.J.",football,2020,40.3470543,-74.0643065
Logan Nash,,"Richmond Heights, Ohio",football,2020,41.552829,-81.510121
Riley O'Brien,,"San Clemente, Calif.",football,2020,33.4270275,-117.6124179
Shiloh Means,,"Indianapolis, Ind.",football,2020,39.7683331,-86.1583502
Lawson Nash,,"Richmond Heights, Ohio",football,2020,41.552829,-81.510121
Nance Hill,,"Atlanta, Ga.",football,2020,33.7544657,-84.3898151
Jack Fairman,,"Bloomfield Hills, Mich.",football,2020,42.583645,-83.2454883
Johnny Williams,,"Calabasas, Calif.",football,2020,34.1446643,-118.644097
Justin Sands,,"Cleveland, Ohio",football,2020,41.4996574,-81.6936772
Jonathan Mulatu,,"Springfield, Va.",football,2020,38.7749935,-77.1803819
Nate White,,"Dana Point, Calif.",football,2020,33.4669721,-117.6981075
Jack Plank,,"Kensington, Md.",football,2020,39.0258405,-77.0750246
"Jason McCleod, Jr.",,"West Palm Beach, Fla.",football,2020,26.715364,-80.0532942
Walter Soefker,,"Memphis, Tenn.",football,2020,35.146026,-90.0517786
Preston Norwood,,"Dacula, Ga.",football,2020,33.9887165,-83.8979573
Jordan Niles,,"Clearwater, Fla.",football,2020,27.9658533,-82.8001026
Sterling Stokes,,"Oakland, Calif.",football,2020,37.8044557,-122.271356
JC Dobis,,"Medford, N.J.",football,2021,39.9009472,-74.8234961
Sulayman Adeoye,,"Mission Hills, Calif.",football,2021,34.687584,-120.4390175
Jack Iuliano,,"Rye, N.Y.",football,2021,40.9821371,-73.6840902
Griffin Jackstadt,,"Barnegat, N.J.",football,2021,39.7557459,-74.2207395
Travis Spreen,,"Sherwood, Ore.",football,2021,45.3569315,-122.8403744
Ben Hoitink,,"Hartford, Wis.",football,2021,43.317744,-88.3788508
Joe Basiura,,"Malvern, Pa.",football,2021,40.036202,-75.5138959
Trevor Mayberry,,"Odessa, Fla.",football,2021,28.183222,-82.5540279
Declan Vargas,,"McLean, Va.",football,2021,38.9366852,-77.185843
Liam Kearney,,"Pittsburgh, Pa.",football,2021,40.4406968,-80.0025666
Cameron Polemeni-Hegarty,,"Goldens Bridge, N.Y.",football,2021,41.2871685,-73.6633145
Trevor Radosevich,,"Englishtown, N.J.",football,2021,40.2973319,-74.3582041
Mozi Bici,,"Suffield, Conn.",football,2021,41.9816944,-72.6506604
Callum Abernethy,,"Greenwich, Conn.",football,2021,41.0264862,-73.6284598
Joshua Chapman,,"Silver Spring, Md.",football,2021,38.9997621,-77.0240371
Ethan Zemla,,"Highlands Ranch, Colo.",football,2021,39.538565,-104.9725904
Henry Iloanya,,"Glenn Dale, Md.",football,2021,38.9835145,-76.7979971
Will Seiler,,"Atlanta, Ga.",football,2021,33.7544657,-84.3898151
Jake Ligos,,"Long Valley, N.J.",football,2021,40.7816814,-74.7592328
Bennett Smith,,"Charlotte, N.C.",football,2021,35.2272086,-80.8430827
Matthew McElroy,,"New Milford, N.J.",football,2021,40.9350986,-74.0190281
Mitzseen Joseph,,"Palm Beach County, Fla.",football,2021,26.6279798,-80.4494174
Isaiah Jordan,,"Rockville, Md.",football,2021,39.0817985,-77.1516844
Khalil Lewis,,"McKinney, Texas",football,2021,33.1976496,-96.6154471
Devin Spencer,,"Corona, Calif.",football,2021,33.8752945,-117.566444
Nicholas Ostlund,,"Dana Point, Calif.",football,2021,33.4669721,-117.6981075
William Bergin,,"Cheshire, Conn.",football,2021,41.4989355,-72.9009925
Micah Morris,,"Pittsburgh, Pa.",football,2021,40.4406968,-80.0025666
Chase Bahr,,"Lake Forest, Ill.",football,2021,42.2586461,-87.8407055
Mike Fraraccio,,"Sarasota, Fla.",football,2021,27.3365805,-82.5308545
Ben Krimm,,"Columbus, Ohio",football,2021,39.9622601,-83.0007065
Travis McFarling,,"Flower Mound, Texas",football,2021,33.0283854,-97.0867203
John Bergeron,,"Covington, La.",football,2021,30.4753525,-90.1010474
Daniel Karrash,,"North Wales, Pa.",football,2021,40.2109404,-75.2782317
Bryce Hall,,"Southfield, Mich.",football,2021,42.4733689,-83.2218731
Graham Gotlieb,,"Boca Raton, Fla.",football,2021,26.3586885,-80.0830984
Ryan Mannelly,,"Atlanta, Ga.",football,2021,33.7544657,-84.3898151
Charlie Mossy,,"Rancho Sante Fe, Calif.",football,2021,33.0242314,-117.1979781
Grant Ristoff,,"Ladera Ranch, Calif.",football,2021,33.551225,-117.6442582
Tanner Duve,,"Culver City, Calif.",football,2021,34.0211224,-118.396466
Cameron Williams,,"Villanova, Pa.",football,2021,40.0411671,-75.3310527
Jack Purcell,,"Glen Mills, Pa.",football,2021,39.919698,-75.4904323
Joshua Casilli,,"McMurray, Pa.",football,2021,40.2791485,-80.088632
Bo Sprague,,"Leawood, Kan.",football,2021,38.966673,-94.6169012
Justin Cayenne,,"Ponte Vedra, Fla.",football,2021,30.2396865,-81.3856384
Paul Jennings,,"Ambler, Pa.",football,2021,40.1544727,-75.2221643
Mike Hoffler,,"Brooklyn, N.Y.",football,2021,40.6526006,-73.9497211
Kobe Comizio,,"Greenwich, Conn.",football,2021,41.0264862,-73.6284598
Davis Ellis,,"Jacksonville, Fla.",football,2021,30.3262247,-81.6579179
Clay Petry,,"San Diego, Calif.",football,2021,32.7157062,-117.1638284
Albert Jang,,"Duluth, Ga.",football,2021,34.0028569,-84.1441046
Joey Slackman,,"Commack, N.Y.",football,2021,40.8393515,-73.2858994
Prince Emili,,"New City, N.Y.",football,2021,41.1509835,-73.9897782
Ned Freeland,,"Nashville, Tenn.",football,2021,36.1622767,-86.7742984
Scott Dochat,,"Clifton Park, N.Y.",football,2021,42.8630374,-73.7747623
Chris Mottillo,,"Fairview, Pa.",football,2021,41.0145075,-79.7428275
Max Matolcsy,,"Pittsburgh, Pa.",football,2021,40.4406968,-80.0025666
Travis Wang,,"Taipei, Taiwan",football,2021,25.0375198,121.5636796
Bryce Myers,,"Bridgewater, N.J.",football,2021,40.5598127,-74.5517146
Jake Heimlicher,,"Aurora, Colo.",football,2021,39.7401441,-104.8733376
Maurcus McDaniel,,"King of Prussia, Pa.",football,2021,40.0947625,-75.3851334
Julien Stokes,,"Newbury Park, Calif.",football,2021,34.183671,-118.91183
Tanner Long,,"Ambler, Pa.",football,2021,40.1544727,-75.2221643
Shane Sweitzer,,"Madison, Conn.",football,2021,41.2794282,-72.5983151
Owen Goldsberry,,"Arlington Heights, Ill.",football,2021,42.0811563,-87.9802164
Ryan Zanelli,,"Santa Ana, Calif.",football,2021,33.7494951,-117.873221
Adam Conyer,,"Burlington, N.J.",football,2021,39.9325409,-74.7226665
Grant Parker,,"Beltsville, Md.",football,2021,39.0397735,-76.9271851
Lewis Gibson,,"Dallas, Texas",football,2021,32.7762719,-96.7968559
CJ Tremble,,"Jacksonville, Fla.",football,2021,30.3262247,-81.6579179
Trey Flowers,,"Miami, Fla.",football,2021,25.7741566,-80.1935973
"Rory Starkey, Jr.",,"Atlanta, Ga.",football,2021,33.7544657,-84.3898151
Garrett Morris,,"Auburn, Ala.",football,2021,32.6098566,-85.4807825
John Quinnelly,,"Daphne, Ala.",football,2021,30.6035255,-87.9036047
Mohammed Diakite,,"Northampton, Pa.",football,2021,40.7451356,-75.3289302
Brian O'Neill,,"Roseland, N.J.",football,2021,40.8206555,-74.2937595
Ben Gerber,,"Wayne, Pa.",football,2021,41.6264414,-75.3045103
Kendren Smith,,"Charlotte, N.C.",football,2021,35.2272086,-80.8430827
Aidan Sayin,,"Carlsbad, Calif.",football,2021,33.1352045,-117.329126
Jonathan Melvin,,"Hampton, Va.",football,2021,37.0264414,-76.3442846
Hugh Brady,,"Honolulu, Hawaii",football,2021,21.304547,-157.855676
Chris Rankins,,"Sylmar, Calif.",football,2021,34.3076252,-118.4492148
Ryan Cragun,,"San Juan Capistrano, Calif.",football,2021,33.5016932,-117.6625509
Jaden Key,,"Neptune, N.J.",football,2021,39.2191278,-74.7129026
Malcolm Strickland,,"Atlanta, Ga.",football,2021,33.7544657,-84.3898151
"Jason McCleod, Jr.",,"West Palm Beach, Fla.",football,2021,26.715364,-80.0532942
Preston Norwood,,"Dacula, Ga.",football,2021,33.9887165,-83.8979573
Tysen Comizio,,"Greenwich, Conn.",football,2021,41.0264862,-73.6284598
Nick Fryhoff,,"Tustin, Calif.",football,2021,33.7458511,-117.826166
Aidan Nash,,"Philadelphia, Pa.",football,2021,39.9527237,-75.1635262
Gabe Wright,,"Stockbridge, Ga.",football,2021,33.5442781,-84.2338093
Anthony Bell,,"Easton, Pa.",football,2021,40.6916081,-75.2099866
Luke Hoggard,,"Huntington Beach, Calif.",football,2021,33.6783336,-118.000016
Jake Peterson,,"Spring, Texas",football,2021,30.070979,-95.4013419
Sterling Stokes,,"Oakland, Calif.",football,2021,37.8044557,-122.271356
Chandler McGruder,,"Indianapolis, Ind.",football,2021,39.7683331,-86.1583502
Lawson Nash,,"Richmond Heights, Ohio",football,2021,41.552829,-81.510121
Julian Talley,,"Hatfield, Pa.",football,2021,40.2796371,-75.2995777
Sam Carlson,,"Bozeman, Mont.",football,2021,45.6794293,-111.044047
Jacob Cisneros,,"Anthem, Ariz.",football,2021,33.8538898,-112.1132905
Isaiah Malcome,,"Atlanta, Ga.",football,2021,33.7544657,-84.3898151
Jack Meehan,,"Tappan, N.Y.",football,2021,41.0248325,-73.9504523
Logan Nash,,"Richmond Heights, Ohio",football,2021,41.552829,-81.510121
Walter Soefker,,"Memphis, Tenn.",football,2021,35.146026,-90.0517786
Malone Howley,,"Portsmouth, R.I.",football,2021,41.6024068,-71.2503157
Jack Plank,,"Kensington, Md.",football,2021,39.0258405,-77.0750246
Jonathan Mulatu,,"Springfield, Va.",football,2021,38.7749935,-77.1803819
Nate White,,"Dana Point, Calif.",football,2021,33.4669721,-117.6981075
Jack Fairman,,"Bloomfield Hills, Mich.",football,2021,42.583645,-83.2454883
Jordan Niles,,"Clearwater, Fla.",football,2021,27.9658533,-82.8001026
Shiloh Means,,"Indianapolis, Ind.",football,2021,39.7683331,-86.1583502
Jake Gonzalez,,"Wilmette, Ill.",football,2021,42.076066,-87.7115555
Aaron Jones,,"Bethesda, Md.",football,2021,38.9812726,-77.1233587
Jack Kosick,,"Huntington Beach, Calif.",football,2021,33.6783336,-118.000016
Bryce Hall,,"Southfield, Mich.",football,2022,42.4733689,-83.2218731
Bo Sprague,,"Leawood, Kan.",football,2022,38.966673,-94.6169012
Callum Abernethy,,"Greenwich, Conn.",football,2022,41.0264862,-73.6284598
Nicholas Ostlund,,"Dana Point, Calif.",football,2022,33.4669721,-117.6981075
Trevor Radosevich,,"Englishtown, N.J.",football,2022,40.2973319,-74.3582041
Cameron Polemeni-Hegarty,,"Goldens Bridge, N.Y.",football,2022,41.2871685,-73.6633145
Trevor Mayberry,,"Odessa, Fla.",football,2022,28.183222,-82.5540279
Michael Gavin,,"West Chester, Pa.",football,2022,39.9597389,-75.6044609
Griffin Jackstadt,,"Barnegat, N.J.",football,2022,39.7557459,-74.2207395
Jake Bingham,,"Virginia Beach, Va.",football,2022,36.8496579,-75.9760751
Liam Kearney,,"Pittsburgh, Pa.",football,2022,40.4406968,-80.0025666
Matthew Leyes,,"Holly, Mich.",football,2022,42.7919727,-83.6277255
Bryce Myers,,"Bridgewater, N.J.",football,2022,40.5598127,-74.5517146
Paul Jennings,,"Ambler, Pa.",football,2022,40.1544727,-75.2221643
Jake Ligos,,"Long Valley, N.J.",football,2022,40.7816814,-74.7592328
Bennett Smith,,"Charlotte, N.C.",football,2022,35.2272086,-80.8430827
Jack Iuliano,,"Rye, N.Y.",football,2022,40.9821371,-73.6840902
Mitzseen Joseph,,"Palm Beach County, Fla.",football,2022,26.6279798,-80.4494174
Alec Wills,,"Carson, Calif.",football,2022,33.8322043,-118.2517547
Jake Davis,,"Wall, N.J.",football,2022,40.1743052,-74.0902219
John Bergeron,,"Covington, La.",football,2022,30.4753525,-90.1010474
John Lista,,"Fair Haven, N.J.",football,2022,40.3606653,-74.0381947
Mike Fraraccio,,"Sarasota, Fla.",football,2022,27.3365805,-82.5308545
Max Matolcsy,,"Pittsburgh, Pa.",football,2022,40.4406968,-80.0025666
Cameron Wilson,,"Lovettsville, Va.",football,2022,39.2747722,-77.6393091
Ethan Zemla,,"Highlands Ranch, Colo.",football,2022,39.538565,-104.9725904
Maxwell Freeman,,"Alpharetta, Ga.",football,2022,34.0755962,-84.2945964
Joshua Casilli,,"McMurray, Pa.",football,2022,40.2791485,-80.088632
William Bergin,,"Cheshire, Conn.",football,2022,41.4989355,-72.9009925
Tysen Comizio,,"Greenwich, Conn.",football,2022,41.0264862,-73.6284598
Ben Krimm,,"Columbus, Ohio",football,2022,39.9622601,-83.0007065
Micah Morris,,"Pittsburgh, Pa.",football,2022,40.4406968,-80.0025666
Joey Slackman,,"Commack, N.Y.",football,2022,40.8393515,-73.2858994
Travis McFarling,,"Flower Mound, Texas",football,2022,33.0283854,-97.0867203
Santiago Sturla,,"Blue Bell, Pa.",football,2022,40.147809,-75.272781
Sam Smith,,"Gaithersburg, Md.",football,2022,39.1399187,-77.1929215
Brady Ioannidis,,"Kitchener, Ontario",football,2022,43.451291,-80.4927815
Graham Gotlieb,,"Boca Raton, Fla.",football,2022,26.3586885,-80.0830984
Ryan Mannelly,,"Atlanta, Ga.",football,2022,33.7544657,-84.3898151
Charlie Mossy,,"Rancho Sante Fe, Calif.",football,2022,33.0242314,-117.1979781
Chase Meyer,,"Costa Mesa, Calif.",football,2022,33.6633386,-117.903317
Grant Ristoff,,"Ladera Ranch, Calif.",football,2022,33.551225,-117.6442582
Sulayman Adeoye,,"Mission Hills, Calif.",football,2022,34.687584,-120.4390175
Patrick Hawkins,,"Santa Ana, Calif.",football,2022,33.7494951,-117.873221
Justin Cayenne,,"Ponte Vedra, Fla.",football,2022,30.2396865,-81.3856384
Mike Hoffler,,"Brooklyn, N.Y.",football,2022,40.6526006,-73.9497211
Kobe Comizio,,"Greenwich, Conn.",football,2022,41.0264862,-73.6284598
Davis Ellis,,"Jacksonville, Fla.",football,2022,30.3262247,-81.6579179
Clay Petry,,"San Diego, Calif.",football,2022,32.7157062,-117.1638284
Carter Janki,,"Redding, Conn.",football,2022,41.3029342,-73.3833661
Scott Dochat,,"Clifton Park, N.Y.",football,2022,42.8630374,-73.7747623
Chase Bahr,,"Lake Forest, Ill.",football,2022,42.2586461,-87.8407055
Netinho Olivieri,,"Newton, Mass.",football,2022,42.3300435,-71.194862
Jack Purcell,,"Glen Mills, Pa.",football,2022,39.919698,-75.4904323
Ben Hoitink,,"Hartford, Wis.",football,2022,43.317744,-88.3788508
Sam Carlson,,"Bozeman, Mont.",football,2022,45.6794293,-111.044047
Aidan Nash,,"Philadelphia, Pa.",football,2022,39.9527237,-75.1635262
Gabe Wright,,"Stockbridge, Ga.",football,2022,33.5442781,-84.2338093
Jake Peterson,,"Spring, Texas",football,2022,30.070979,-95.4013419
Maurcus McDaniel,,"King of Prussia, Pa.",football,2022,40.0947625,-75.3851334
Julien Stokes,,"Newbury Park, Calif.",football,2022,34.183671,-118.91183
Kadari Machen,,"Silver Spring, Md.",football,2022,38.9997621,-77.0240371
Shane Sweitzer,,"Madison, Conn.",football,2022,41.2794282,-72.5983151
Alex Haight,,"Delhi, N.Y.",football,2022,42.2781401,-74.9159946
Ryan Zanelli,,"Santa Ana, Calif.",football,2022,33.7494951,-117.873221
Adam Conyer,,"Burlington, N.J.",football,2022,39.9325409,-74.7226665
Aidan Sayin,,"Carlsbad, Calif.",football,2022,33.1352045,-117.329126
Grant Parker,,"Beltsville, Md.",football,2022,39.0397735,-76.9271851
Trey Flowers,,"Miami, Fla.",football,2022,25.7741566,-80.1935973
Jake Heimlicher,,"Aurora, Colo.",football,2022,39.7401441,-104.8733376
"Rory Starkey, Jr.",,"Atlanta, Ga.",football,2022,33.7544657,-84.3898151
Khalil Weathers,,"Pittsburgh, Pa.",football,2022,40.4406968,-80.0025666
Logan Nash,,"Richmond Heights, Ohio",football,2022,41.552829,-81.510121
Ben Gerber,,"Wayne, Pa.",football,2022,41.6264414,-75.3045103
Sage Webb,,"Pounding Mill, Va.",football,2022,37.0798475,-81.7131254
Kendren Smith,,"Charlotte, N.C.",football,2022,35.2272086,-80.8430827
Jonathan Melvin,,"Hampton, Va.",football,2022,37.0264414,-76.3442846
Hugh Brady,,"Honolulu, Hawaii",football,2022,21.304547,-157.855676
Chris Rankins,,"Sylmar, Calif.",football,2022,34.3076252,-118.4492148
Liam O'Brien,,"Boulder, Colo.",football,2022,40.0149856,-105.270545
Jaden Key,,"Neptune, N.J.",football,2022,39.2191278,-74.7129026
Garrett Morris,,"Auburn, Ala.",football,2022,32.6098566,-85.4807825
Ryan O'Connell,,"Fairfield, Conn.",football,2022,41.1412078,-73.2637258
CJ Tremble,,"Jacksonville, Fla.",football,2022,30.3262247,-81.6579179
Will Seiler,,"Atlanta, Ga.",football,2022,33.7544657,-84.3898151
Bisi Owens,,"Cooksville, Md.",football,2022,39.3201044,-77.0205346
Luke Hoggard,,"Huntington Beach, Calif.",football,2022,33.6783336,-118.000016
Walter Soefker,,"Memphis, Tenn.",football,2022,35.146026,-90.0517786
Chandler McGruder,,"Indianapolis, Ind.",football,2022,39.7683331,-86.1583502
Lawson Nash,,"Richmond Heights, Ohio",football,2022,41.552829,-81.510121
Julian Talley,,"Hatfield, Pa.",football,2022,40.2796371,-75.2995777
Francesco Barone,,"Colts Neck, N.J.",football,2022,40.2876108,-74.1723652
David Okechukwu,,"Washington, D.C.",football,2022,38.8950982,-77.0363849
Jake Hsu,,"Ambler, Pa.",football,2022,40.1544727,-75.2221643
Jack Meehan,,"Tappan, N.Y.",football,2022,41.0248325,-73.9504523
Aaron Jones,,"Bethesda, Md.",football,2022,38.9812726,-77.1233587
Jake Gonzalez,,"Wilmette, Ill.",football,2022,42.076066,-87.7115555
Isaac Shabay,,"Colleyville, Texas",football,2022,32.8809603,-97.155012
Isaiah Jordan,,"Rockville, Md.",football,2022,39.0817985,-77.1516844
Malone Howley,,"Portsmouth, R.I.",football,2022,41.6024068,-71.2503157
Jordan Niles,,"Clearwater, Fla.",football,2022,27.9658533,-82.8001026
Jack Fairman,,"Bloomfield Hills, Mich.",football,2022,42.583645,-83.2454883
Jack Kosick,,"Huntington Beach, Calif.",football,2022,33.6783336,-118.000016
Jonathan Mulatu,,"Springfield, Va.",football,2022,38.7749935,-77.1803819
Anthony Bell,,"Easton, Pa.",football,2022,40.6916081,-75.2099866
Jacob Cisneros,,"Anthem, Ariz.",football,2022,33.8538898,-112.1132905
Jack Plank,,"Kensington, Md.",football,2022,39.0258405,-77.0750246
Shiloh Means,,"Indianapolis, Ind.",football,2022,39.7683331,-86.1583502
Jared Richardson,,"Blakeslee, Pa.",football,2022,41.0925133,-75.5926681
Nick Fryhoff,,"Tustin, Calif.",football,2022,33.7458511,-117.826166
Sterling Stokes,,"Oakland, Calif.",football,2022,37.8044557,-122.271356
Nicholas Ostlund,,"Dana Point, Calif.",football,2023,33.4669721,-117.6981075
William Bergin,,"Cheshire, Conn.",football,2023,41.4989355,-72.9009925
Bo Sprague,,"Leawood, Kan.",football,2023,38.966673,-94.6169012
Callum Abernethy,,"Greenwich, Conn.",football,2023,41.0264862,-73.6284598
Liam Kearney,,"Pittsburgh, Pa.",football,2023,40.4406968,-80.0025666
Maxwell Freeman,,"Alpharetta, Ga.",football,2023,34.0755962,-84.2945964
Michael Gavin,,"West Chester, Pa.",football,2023,39.9597389,-75.6044609
Griffin Jackstadt,,"Barnegat, N.J.",football,2023,39.7557459,-74.2207395
David Rolands,,"Huntington Woods, Mich.",football,2023,42.4805913,-83.1668713
Cameron Wilson,,"Lovettsville, Va.",football,2023,39.2747722,-77.6393091
Michael Zack,,"Minesing, Ontario",football,2023,44.4429839,-79.8423725
Jake Bingham,,"Virginia Beach, Va.",football,2023,36.8496579,-75.9760751
Zach Darche,,"Overland Park, Kan.",football,2023,38.9742502,-94.6851702
Mitzseen Joseph,,"Palm Beach County, Fla.",football,2023,26.6279798,-80.4494174
Aaron Kruse,,"Johns Creek, Ga.",football,2023,34.0181557,-84.190196
Jake Ligos,,"Long Valley, N.J.",football,2023,40.7816814,-74.7592328
Bennett Smith,,"Charlotte, N.C.",football,2023,35.2272086,-80.8430827
Jack Iuliano,,"Rye, N.Y.",football,2023,40.9821371,-73.6840902
Matthew Leyes,,"Holly, Mich.",football,2023,42.7919727,-83.6277255
John Lista,,"Fair Haven, N.J.",football,2023,40.3606653,-74.0381947
Mike Fraraccio,,"Sarasota, Fla.",football,2023,27.3365805,-82.5308545
Jake Davis,,"Wall, N.J.",football,2023,40.1743052,-74.0902219
Sam Carlson,,"Bozeman, Mont.",football,2023,45.6794293,-111.044047
Ryan O'Connell,,"Fairfield, Conn.",football,2023,41.1412078,-73.2637258
Bryce Hall,,"Southfield, Mich.",football,2023,42.4733689,-83.2218731
Cole Olsztyn,,"Rochester Hills, Mich.",football,2023,42.6583661,-83.1499322
Jack Purcell,,"Glen Mills, Pa.",football,2023,39.919698,-75.4904323
Chandler McGruder,,"Indianapolis, Ind.",football,2023,39.7683331,-86.1583502
Luke Sacchetti,,"Ball Ground, Ga.",football,2023,34.3382257,-84.3765714
Josh Narcisse,,"Peekskill, N.Y.",football,2023,41.289811,-73.9204922
Jack Kosick,,"Huntington Beach, Calif.",football,2023,33.6783336,-118.000016
Travis McFarling,,"Flower Mound, Texas",football,2023,33.0283854,-97.0867203
Micah Morris,,"Pittsburgh, Pa.",football,2023,40.4406968,-80.0025666
Joey Slackman,,"Commack, N.Y.",football,2023,40.8393515,-73.2858994
Christian de Villiers,,"Doral, Fla.",football,2023,25.8195424,-80.3553302
Davis Greene,,"Brentwood, Tenn.",football,2023,36.0325687,-86.7825235
Santiago Sturla,,"Blue Bell, Pa.",football,2023,40.147809,-75.272781
James Quinnelly,,"Daphne, Ala.",football,2023,30.6035255,-87.9036047
Sam Smith,,"Gaithersburg, Md.",football,2023,39.1399187,-77.1929215
Brady Ioannidis,,"Kitchener, Ontario",football,2023,43.451291,-80.4927815
Raashed Hall,,"Crofton, Md.",football,2023,39.0159547,-76.6842057
Netinho Olivieri,,"Newton, Mass.",football,2023,42.3300435,-71.194862
Graham Gotlieb,,"Boca Raton, Fla.",football,2023,26.3586885,-80.0830984
Charlie Mossy,,"Rancho Sante Fe, Calif.",football,2023,33.0242314,-117.1979781
Mike Fernicola,,"Wayne, N.J.",football,2023,40.9491723,-74.2376802
Sulayman Adeoye,,"Mission Hills, Calif.",football,2023,34.687584,-120.4390175
Joshua Casilli,,"McMurray, Pa.",football,2023,40.2791485,-80.088632
Patrick Hawkins,,"Santa Ana, Calif.",football,2023,33.7494951,-117.873221
Dante Barone,,"Colts Neck, N.J.",football,2023,40.2876108,-74.1723652
Justin Cayenne,,"Ponte Vedra, Fla.",football,2023,30.2396865,-81.3856384
Kobe Comizio,,"Greenwich, Conn.",football,2023,41.0264862,-73.6284598
Carter Janki,,"Redding, Conn.",football,2023,41.3029342,-73.3833661
Albert Jang,,"Duluth, Ga.",football,2023,34.0028569,-84.1441046
Cameron Polemeni-Hegarty,,"Goldens Bridge, N.Y.",football,2023,41.2871685,-73.6633145
Scott Dochat,,"Clifton Park, N.Y.",football,2023,42.8630374,-73.7747623
Hunter Lay,,"Denver, Colo.",football,2023,39.7392364,-104.984862
Aidan Nash,,"Philadelphia, Pa.",football,2023,39.9527237,-75.1635262
Isaiah Jordan,,"Rockville, Md.",football,2023,39.0817985,-77.1516844
Jake Peterson,,"Spring, Texas",football,2023,30.070979,-95.4013419
Maurcus McDaniel,,"King of Prussia, Pa.",football,2023,40.0947625,-75.3851334
Julien Stokes,,"Newbury Park, Calif.",football,2023,34.183671,-118.91183
Kadari Machen,,"Silver Spring, Md.",football,2023,38.9997621,-77.0240371
Jayden Drayton,,"Brunswick, Ga.",football,2023,31.1499528,-81.4914894
Alex Haight,,"Delhi, N.Y.",football,2023,42.2781401,-74.9159946
Ryan Zanelli,,"Santa Ana, Calif.",football,2023,33.7494951,-117.873221
Paul Jennings,,"Ambler, Pa.",football,2023,40.1544727,-75.2221643
Aidan Sayin,,"Carlsbad, Calif.",football,2023,33.1352045,-117.329126
Grant Parker,,"Beltsville, Md.",football,2023,39.0397735,-76.9271851
CJ Tremble,,"Jacksonville, Fla.",football,2023,30.3262247,-81.6579179
Cadin Olsen,,"Ford City, Pa.",football,2023,40.7706966,-79.5314119
Julian Talley,,"Hatfield, Pa.",football,2023,40.2796371,-75.2995777
Aaron Jones,,"Bethesda, Md.",football,2023,38.9812726,-77.1233587
Alec Wills,,"Carson, Calif.",football,2023,33.8322043,-118.2517547
Devin Page,,"Valley Stream, N.Y.",football,2023,40.6631362,-73.7056955
"Sean Williams, Jr.",,"Baltimore, Md.",football,2023,39.2908816,-76.610759
Logan Nash,,"Richmond Heights, Ohio",football,2023,41.552829,-81.510121
Sage Webb,,"Pounding Mill, Va.",football,2023,37.0798475,-81.7131254
Kendren Smith,,"Charlotte, N.C.",football,2023,35.2272086,-80.8430827
Jonathan Melvin,,"Hampton, Va.",football,2023,37.0264414,-76.3442846
Davis Ellis,,"Jacksonville, Fla.",football,2023,30.3262247,-81.6579179
Liam O'Brien,,"Boulder, Colo.",football,2023,40.0149856,-105.270545
Lawson Nash,,"Richmond Heights, Ohio",football,2023,41.552829,-81.510121
Gabe Wright,,"Stockbridge, Ga.",football,2023,33.5442781,-84.2338093
Max Matolcsy,,"Pittsburgh, Pa.",football,2023,40.4406968,-80.0025666
Bryce Myers,,"Bridgewater, N.J.",football,2023,40.5598127,-74.5517146
Jaden Key,,"Neptune, N.J.",football,2023,39.2191278,-74.7129026
Will Seiler,,"Atlanta, Ga.",football,2023,33.7544657,-84.3898151
Bisi Owens,,"Cooksville, Md.",football,2023,39.3201044,-77.0205346
Devin Malloy,,"Fort Washington, Md.",football,2023,38.7379938,-77.0043036
Walter Soefker,,"Memphis, Tenn.",football,2023,35.146026,-90.0517786
Kayleb Ervin,,"Las Vegas, Nev.",football,2023,36.1674263,-115.1484131
John Ruvo IV,,"Scottsdale, Ariz.",football,2023,33.4942189,-111.926018
Emmanuel Deng,,"Dayton, Ohio",football,2023,39.7589478,-84.1916069
Francesco Barone,,"Colts Neck, N.J.",football,2023,40.2876108,-74.1723652
David Okechukwu,,"Washington, D.C.",football,2023,38.8950982,-77.0363849
Christian Carter,,"Tampa, Fla.",football,2023,27.9449854,-82.4583107
Isaac Shabay,,"Colleyville, Texas",football,2023,32.8809603,-97.155012
Cole Shannon,,"Somerset, N.J.",football,2023,40.5675084,-74.6189556
Shiloh Means,,"Indianapolis, Ind.",football,2023,39.7683331,-86.1583502
Jordan Niles,,"Clearwater, Fla.",football,2023,27.9658533,-82.8001026
DJ Brown,,"Memphis, Tenn.",football,2023,35.146026,-90.0517786
Malachi Hosley,,"Columbus, Ga.",football,2023,32.4610708,-84.9880449
Joey Holliday,,"Atlanta, Ga.",football,2023,33.7544657,-84.3898151
Sterling Stokes,,"Oakland, Calif.",football,2023,37.8044557,-122.271356
Nick Fryhoff,,"Tustin, Calif.",football,2023,33.7458511,-117.826166
Jared Richardson,,"Blakeslee, Pa.",football,2023,41.0925133,-75.5926681
Jack Plank,,"Kensington, Md.",football,2023,39.0258405,-77.0750246
Malone Howley,,"Portsmouth, R.I.",football,2023,41.6024068,-71.2503157
Jacob Cisneros,,"Anthem, Ariz.",football,2023,33.8538898,-112.1132905
Anthony Bell,,"Easton, Pa.",football,2023,40.6916081,-75.2099866
Jonathan Mulatu,,"Springfield, Va.",football,2023,38.7749935,-77.1803819
"Jamal Bing, Jr.",,"Savannah, Ga.",football,2023,32.0790074,-81.0921335
Jack Fairman,,"Bloomfield Hills, Mich.",football,2023,42.583645,-83.2454883
Darius Beauvoir,,"Naples, Fla.",football,2023,26.1421976,-81.7942944
Liam Forster,,"Patterson, N.Y.",football,2024,41.513726,-73.6062323
Jake Bingham,,"Virginia Beach, Va.",football,2024,36.8496579,-75.9760751
David Rolands,,"Huntington Woods, Mich.",football,2024,42.4805913,-83.1668713
Maxwell Freeman,,"Alpharetta, Ga.",football,2024,34.0755962,-84.2945964
Luke Sacchetti,,"Ball Ground, Ga.",football,2024,34.3382257,-84.3765714
Nathan Sayle,,"Huntsville, Ala.",football,2024,34.729847,-86.5859011
William Bergin,,"Cheshire, Conn.",football,2024,41.4989355,-72.9009925
Austin Zimm,,"Naples, Fla.",football,2024,26.1421976,-81.7942944
Netinho Olivieri,,"Newton, Mass.",football,2024,42.3300435,-71.194862
Trenton VanBoening,,"Libertyville, Ill.",football,2024,42.2830786,-87.9531303
Alex Jordan,,"Castle Pines, Colo.",football,2024,39.4702853,-104.8804384
Oliver Roaman,,"New York, N.Y.",football,2024,40.7127281,-74.0060152
Cosmo Fusco,,"Boonton, N.J.",football,2024,40.9025989,-74.4070971
Michael Zack,,"Minesing, Ontario",football,2024,44.4429839,-79.8423725
Zach Darche,,"Overland Park, Kan.",football,2024,38.9742502,-94.6851702
Ryan Mitchell,,"Midlothian, Va.",football,2024,37.486806,-77.6473195
Aaron Kruse,,"Johns Creek, Ga.",football,2024,34.0181557,-84.190196
Nicholas Ostlund,,"Dana Point, Calif.",football,2024,33.4669721,-117.6981075
Remo Marcaccio,,"New York, N.Y.",football,2024,40.7127281,-74.0060152
Aiden Bergin,,"Bloomfield Hills, Mich.",football,2024,42.583645,-83.2454883
Derek McCrum,,"Avon Lake, Ohio",football,2024,41.510033,-82.0185895
Brayden Phinney,,"Marshfield, Mass.",football,2024,42.091769,-70.7055941
Matthew Leyes,,"Holly, Mich.",football,2024,42.7919727,-83.6277255
Scott Dochat,,"Clifton Park, N.Y.",football,2024,42.8630374,-73.7747623
Mike Fernicola,,"Wayne, N.J.",football,2024,40.9491723,-74.2376802
Cameron Polemeni-Hegarty,,"Goldens Bridge, N.Y.",football,2024,41.2871685,-73.6633145
Connor Johns,,"Orefield, Pa.",football,2024,40.6348182,-75.5843529
Jack Donnelly,,"Doylestown, Pa.",football,2024,40.3100446,-75.1304588
John Lista,,"Fair Haven, N.J.",football,2024,40.3606653,-74.0381947
Cameron Wilson,,"Lovettsville, Va.",football,2024,39.2747722,-77.6393091
Bo Sprague,,"Leawood, Kan.",football,2024,38.966673,-94.6169012
Travis McFarling,,"Flower Mound, Texas",football,2024,33.0283854,-97.0867203
David McMorris,,"Glenn Dale, Md.",football,2024,38.9835145,-76.7979971
Christian de Villiers,,"Doral, Fla.",football,2024,25.8195424,-80.3553302
Santiago Sturla,,"Blue Bell, Pa.",football,2024,40.147809,-75.272781
James Quinnelly,,"Daphne, Ala.",football,2024,30.6035255,-87.9036047
Brady Ioannidis,,"Kitchener, Ontario",football,2024,43.451291,-80.4927815
Raashed Hall,,"Crofton, Md.",football,2024,39.0159547,-76.6842057
Josh Barnavon,,"Los Angeles, Calif.",football,2024,34.0536909,-118.242766
Hunter Lay,,"Denver, Colo.",football,2024,39.7392364,-104.984862
Sam Smith,,"Gaithersburg, Md.",football,2024,39.1399187,-77.1929215
Carter Janki,,"Redding, Conn.",football,2024,41.3029342,-73.3833661
Justin Alpert,,"New Albany, Ohio",football,2024,40.0811745,-82.8087864
Sulayman Adeoye,,"Mission Hills, Calif.",football,2024,34.687584,-120.4390175
Joshua Casilli,,"McMurray, Pa.",football,2024,40.2791485,-80.088632
Patrick Hawkins,,"Santa Ana, Calif.",football,2024,33.7494951,-117.873221
Dante Barone,,"Colts Neck, N.J.",football,2024,40.2876108,-74.1723652
Justin Cayenne,,"Ponte Vedra, Fla.",football,2024,30.2396865,-81.3856384
Dylan Karz,,"Los Angeles, Calif.",football,2024,34.0536909,-118.242766
"Alexandro Armour, Jr.",,"Lorton, Va.",football,2024,38.6946355,-77.2199931
Connor Martin,,"Towaco, N.J.",football,2024,40.9230477,-74.3433955
Markus Brown,,"Rumson, N.J.",football,2024,40.372054,-73.9990269
Albert Jang,,"Duluth, Ga.",football,2024,34.0028569,-84.1441046
Marco Carone,,"Pittsburgh, Pa.",football,2024,40.4406968,-80.0025666
Mike Fraraccio,,"Sarasota, Fla.",football,2024,27.3365805,-82.5308545
Julian Talley,,"Hatfield, Pa.",football,2024,40.2796371,-75.2995777
Sam Carlson,,"Bozeman, Mont.",football,2024,45.6794293,-111.044047
Aaron Jones,,"Bethesda, Md.",football,2024,38.9812726,-77.1233587
Bryce Myers,,"Bridgewater, N.J.",football,2024,40.5598127,-74.5517146
Max Matolcsy,,"Pittsburgh, Pa.",football,2024,40.4406968,-80.0025666
Jake Peterson,,"Spring, Texas",football,2024,30.070979,-95.4013419
Julien Stokes,,"Newbury Park, Calif.",football,2024,34.183671,-118.91183
Jayden Drayton,,"Brunswick, Ga.",football,2024,31.1499528,-81.4914894
Alex Haight,,"Delhi, N.Y.",football,2024,42.2781401,-74.9159946
Cole Spencer,,"Gibsonia, Pa.",football,2024,40.6300671,-79.9695004
Paul Jennings,,"Ambler, Pa.",football,2024,40.1544727,-75.2221643
Aidan Sayin,,"Carlsbad, Calif.",football,2024,33.1352045,-117.329126
Grant Parker,,"Beltsville, Md.",football,2024,39.0397735,-76.9271851
Josh Narcisse,,"Peekskill, N.Y.",football,2024,41.289811,-73.9204922
CJ Tremble,,"Jacksonville, Fla.",football,2024,30.3262247,-81.6579179
Bisi Owens,,"Cooksville, Md.",football,2024,39.3201044,-77.0205346
Alec Wills,,"Carson, Calif.",football,2024,33.8322043,-118.2517547
Karson Siqueiros-Lasky,,"Lake Mary, Fla.",football,2024,28.7562749,-81.322093
"Sean Williams, Jr.",,"Baltimore, Md.",football,2024,39.2908816,-76.610759
Sage Webb,,"Pounding Mill, Va.",football,2024,37.0798475,-81.7131254
Devin Malloy,,"Fort Washington, Md.",football,2024,38.7379938,-77.0043036
Davis Ellis,,"Jacksonville, Fla.",football,2024,30.3262247,-81.6579179
Liam O'Brien,,"Boulder, Colo.",football,2024,40.0149856,-105.270545
Malachi Hosley,,"Columbus, Ga.",football,2024,32.4610708,-84.9880449
Jake Davis,,"Wall, N.J.",football,2024,40.1743052,-74.0902219
Cadin Olsen,,"Ford City, Pa.",football,2024,40.7706966,-79.5314119
Jared Richardson,,"Blakeslee, Pa.",football,2024,41.0925133,-75.5926681
Kadari Machen,,"Silver Spring, Md.",football,2024,38.9997621,-77.0240371
Dylan Seay,,"Collingswood, N.J.",football,2024,39.9181686,-75.071284
Ryan O'Connell,,"Fairfield, Conn.",football,2024,41.1412078,-73.2637258
Nick Fryhoff,,"Tustin, Calif.",football,2024,33.7458511,-117.826166
Bryce Hall,,"Southfield, Mich.",football,2024,42.4733689,-83.2218731
Ty Cortes,,"San Diego, Calif.",football,2024,32.7157062,-117.1638284
DJ Brown,,"Memphis, Tenn.",football,2024,35.146026,-90.0517786
Trevor Pajak,,"Huntington Beach, Calif.",football,2024,33.6783336,-118.000016
Lawson Douglas,,"Aurora, Colo.",football,2024,39.7401441,-104.8733376
Cole Olsztyn,,"Rochester Hills, Mich.",football,2024,42.6583661,-83.1499322
Kayleb Ervin,,"Las Vegas, Nev.",football,2024,36.1674263,-115.1484131
Griffin Rosenbloom,,"Carlsbad, Calif.",football,2024,33.1352045,-117.329126
Emmanuel Deng,,"Dayton, Ohio",football,2024,39.7589478,-84.1916069
Francesco Barone,,"Colts Neck, N.J.",football,2024,40.2876108,-74.1723652
Ben Wable,,"Cheshire, Conn.",football,2024,41.4989355,-72.9009925
Christian Carter,,"Tampa, Fla.",football,2024,27.9449854,-82.4583107
Donte West,,"Forestville, Md.",football,2024,38.8525535,-76.8723366
Cole Shannon,,"Somerset, N.J.",football,2024,40.5675084,-74.6189556
Shiloh Means,,"Indianapolis, Ind.",football,2024,39.7683331,-86.1583502
Joey Holliday,,"Atlanta, Ga.",football,2024,33.7544657,-84.3898151
Ronan Johannson,,"West St. Paul, Manitoba, Canada",football,2024,49.997147,-97.077942
Jack Fairman,,"Bloomfield Hills, Mich.",football,2024,42.583645,-83.2454883
"Jamal Bing, Jr.",,"Savannah, Ga.",football,2024,32.0790074,-81.0921335
Darius Beauvoir,,"Naples, Fla.",football,2024,26.1421976,-81.7942944
John Ruvo IV,,"Scottsdale, Ariz.",football,2024,33.4942189,-111.926018
Jacob Cisneros,,"Anthem, Ariz.",football,2024,33.8538898,-112.1132905
David Okechukwu,,"Washington, D.C.",football,2024,38.8950982,-77.0363849
Andrew Bruce,,"Chardon, Ohio",football,2024,41.5824944,-81.2034066
Jake Bingham,,"Virginia Beach, Va.",football,2025,36.8496579,-75.9760751
David Rolands,,"Huntington Woods, Mich.",football,2025,42.4805913,-83.1668713
Maxwell Freeman,,"Alpharetta, Ga.",football,2025,34.0755962,-84.2945964
Austin Zimm,,"Naples, Fla.",football,2025,26.1421976,-81.7942944
Nathan Sayle,,"Huntsville, Ala.",football,2025,34.729847,-86.5859011
William Bergin,,"Cheshire, Conn.",football,2025,41.4989355,-72.9009925
Netinho Olivieri,,"Newton, Mass.",football,2025,42.3300435,-71.194862
Luke Sacchetti,,"Ball Ground, Ga.",football,2025,34.3382257,-84.3765714
Alex Fletcher,,"Ottawa, Ontario",football,2025,45.4208777,-75.6901106
Alex Jordan,,"Castle Pines, Colo.",football,2025,39.4702853,-104.8804384
Jake Marzich,,"Delaware, Ohio",football,2025,40.2317686,-82.9651045
Michael Gidaro,,"Woodbridge, Ontario",football,2025,43.7848982,-79.5923855
Cosmo Fusco,,"Boonton, N.J.",football,2025,40.9025989,-74.4070971
Michael Zack,,"Minesing, Ontario",football,2025,44.4429839,-79.8423725
Ryan Mitchell,,"Midlothian, Va.",football,2025,37.486806,-77.6473195
Aaron Kruse,,"Johns Creek, Ga.",football,2025,34.0181557,-84.190196
Brayden Phinney,,"Marshfield, Mass.",football,2025,42.091769,-70.7055941
Daniel Russo,,"Vineland, N.J.",football,2025,39.4862777,-75.0254256
Matthew Leyes,,"Holly, Mich.",football,2025,42.7919727,-83.6277255
Tyler Blevins,,"Yelm, Wash.",football,2025,46.9413877,-122.60639
John Lista,,"Fair Haven, N.J.",football,2025,40.3606653,-74.0381947
Jake Davis,,"Wall, N.J.",football,2025,40.1743052,-74.0902219
Mike Fernicola,,"Wayne, N.J.",football,2025,40.9491723,-74.2376802
Marco Carone,,"Pittsburgh, Pa.",football,2025,40.4406968,-80.0025666
Sam Smith,,"Gaithersburg, Md.",football,2025,39.1399187,-77.1929215
Luca Lopez,,"Randolph, N.J.",football,2025,40.844265,-74.5857218
Cameron Wilson,,"Lovettsville, Va.",football,2025,39.2747722,-77.6393091
Luke McIlhon,,"Palatine, Ill.",football,2025,42.1105502,-88.0434304
Francesco Barone,,"Colts Neck, N.J.",football,2025,40.2876108,-74.1723652
Liam Forster,,"Patterson, N.Y.",football,2025,41.513726,-73.6062323
Duncan McPherson,,"Calgary, Alberta",football,2025,51.0456064,-114.057541
Christian de Villiers,,"Doral, Fla.",football,2025,25.8195424,-80.3553302
Mason Walters,,"Littleton, Colo.",football,2025,39.613321,-105.016649
"Alexandro Armour, Jr.",,"Lorton, Va.",football,2025,38.6946355,-77.2199931
Brady Ioannidis,,"Kitchener, Ontario",football,2025,43.451291,-80.4927815
Luke Castelli,,"Park City, Utah",football,2025,40.6460921,-111.4979963
Raashed Hall,,"Crofton, Md.",football,2025,39.0159547,-76.6842057
Josh Barnavon,,"Los Angeles, Calif.",football,2025,34.0536909,-118.242766
Cole Erickson,,"Lincoln, Neb.",football,2025,40.8088861,-96.7077751
Carter Janki,,"Redding, Conn.",football,2025,41.3029342,-73.3833661
Isaac Price,,"Phoenix, Ariz.",football,2025,33.4484367,-112.074141
James Quinnelly,,"Daphne, Ala.",football,2025,30.6035255,-87.9036047
Isaac Lee,,"Byron Center, Mich.",football,2025,42.8143115,-85.7279047
Dante Barone,,"Colts Neck, N.J.",football,2025,40.2876108,-74.1723652
Justin Alpert,,"New Albany, Ohio",football,2025,40.0811745,-82.8087864
Remo Marcaccio,,"New York, N.Y.",football,2025,40.7127281,-74.0060152
Kobe Comizio,,"Greenwich, Conn.",football,2025,41.0264862,-73.6284598
Connor Martin,,"Towaco, N.J.",football,2025,40.9230477,-74.3433955
Markus Brown,,"Rumson, N.J.",football,2025,40.372054,-73.9990269
Adeyeye Adebawore,,"Kansas City, Mo.",football,2025,39.100105,-94.5781416
Hunter Lay,,"Denver, Colo.",football,2025,39.7392364,-104.984862
Trenton VanBoening,,"Libertyville, Ill.",football,2025,42.2830786,-87.9531303
Ezra Fearon,,"Orange, Conn.",football,2025,41.2784304,-73.0256609
Sage Webb,,"Pounding Mill, Va.",football,2025,37.0798475,-81.7131254
Michael Malone,,"Pittsburgh, Pa.",football,2025,40.4406968,-80.0025666
Jayden Drayton,,"Brunswick, Ga.",football,2025,31.1499528,-81.4914894
Alex Haight,,"Delhi, N.Y.",football,2025,42.2781401,-74.9159946
Connor Johns,,"Orefield, Pa.",football,2025,40.6348182,-75.5843529
Paul Jennings,,"Ambler, Pa.",football,2025,40.1544727,-75.2221643
Cole Shannon,,"Somerset, N.J.",football,2025,40.5675084,-74.6189556
Kayleb Ervin,,"Las Vegas, Nev.",football,2025,36.1674263,-115.1484131
Cole Olsztyn,,"Rochester Hills, Mich.",football,2025,42.6583661,-83.1499322
Bisi Owens,,"Cooksville, Md.",football,2025,39.3201044,-77.0205346
Derek McCrum,,"Avon Lake, Ohio",football,2025,41.510033,-82.0185895
Ryan O'Connell,,"Fairfield, Conn.",football,2025,41.1412078,-73.2637258
Karson Siqueiros-Lasky,,"Lake Mary, Fla.",football,2025,28.7562749,-81.322093
"Sean Williams, Jr.",,"Baltimore, Md.",football,2025,39.2908816,-76.610759
Cadin Olsen,,"Ford City, Pa.",football,2025,40.7706966,-79.5314119
Devin Malloy,,"Fort Washington, Md.",football,2025,38.7379938,-77.0043036
Davis Ellis,,"Jacksonville, Fla.",football,2025,30.3262247,-81.6579179
Liam O'Brien,,"Boulder, Colo.",football,2025,40.0149856,-105.270545
Kadari Machen,,"Silver Spring, Md.",football,2025,38.9997621,-77.0240371
Josh Narcisse,,"Peekskill, N.Y.",football,2025,41.289811,-73.9204922
Michael Hegarty,,"Needham, Mass.",football,2025,42.2802645,-71.2360624
Alec Wills,,"Carson, Calif.",football,2025,33.8322043,-118.2517547
Griffin Rosenbloom,,"Carlsbad, Calif.",football,2025,33.1352045,-117.329126
Julien Stokes,,"Newbury Park, Calif.",football,2025,34.183671,-118.91183
Jack Grusser,,"Wyckoff, N.J.",football,2025,41.0095417,-74.1729222
Zach Darche,,"Overland Park, Kan.",football,2025,38.9742502,-94.6851702
Ty Cortes,,"San Diego, Calif.",football,2025,32.7157062,-117.1638284
Trevor Pajak,,"Huntington Beach, Calif.",football,2025,33.6783336,-118.000016
Jahir Dawud,,"North Brunswick, N.J.",football,2025,40.4539249,-74.476545
Tommy Lafayette,,"Suwanee, Ga.",football,2025,34.0514898,-84.0712997
Mack Long,,"La Grange Park, Ill.",football,2025,41.8333646,-87.8677324
Santiago Sturla,,"Blue Bell, Pa.",football,2025,40.147809,-75.272781
Aiden Bergin,,"Bloomfield Hills, Mich.",football,2025,42.583645,-83.2454883
Christian Carter,,"Tampa, Fla.",football,2025,27.9449854,-82.4583107
Donte West,,"Forestville, Md.",football,2025,38.8525535,-76.8723366
Joey Holliday,,"Atlanta, Ga.",football,2025,33.7544657,-84.3898151
DJ Brown,,"Memphis, Tenn.",football,2025,35.146026,-90.0517786
Luke Johnson,,"Los Angeles, Calif.",football,2025,34.0536909,-118.242766
Shane Throgmartin,,"Buford, Ga.",football,2025,34.1206564,-84.0043513
"EJ Carter, Jr.",,"Chattanooga, Tenn.",football,2025,35.0457219,-85.3094883
Ethan Cohall,,"Westfield, N.J.",football,2025,40.651726,-74.3483059
Jared Richardson,,"Blakeslee, Pa.",football,2025,41.0925133,-75.5926681
Ronan Johannson,,"West St. Paul, Manitoba, Canada",football,2025,49.997147,-97.077942
Ben Wable,,"Cheshire, Conn.",football,2025,41.4989355,-72.9009925
Dakota Brower,,"Gainesville, Fla.",football,2025,29.6519684,-82.3249846
Andrew Bruce,,"Chardon, Ohio",football,2025,41.5824944,-81.2034066
Brock Cornell,,"McDonald, Pa.",football,2025,40.3709025,-80.2347814
John Ruvo IV,,"Scottsdale, Ariz.",football,2025,33.4942189,-111.926018
Jack Donnelly,,"Doylestown, Pa.",football,2025,40.3100446,-75.1304588
Joe Weiler,,"Lake Oswego, Ore.",football,2026,45.4206749,-122.670649
Nathan Sayle,,"Huntsville, Ala.",football,2026,34.729847,-86.5859011
Jack Sacchetti,,"Ball Ground, Ga.",football,2026,34.3382257,-84.3765714
Alex Fletcher,,"Ottawa, Ontario",football,2026,45.4208777,-75.6901106
David Rolands,,"Huntington Woods, Mich.",football,2026,42.4805913,-83.1668713
Maddox Welborn,,"Rogers, Ark.",football,2026,36.334857,-94.1193816
Jacob Earnest,,"Wadsworth, Ohio",football,2026,41.0256101,-81.7298519
Mike Fernicola,,"Wayne, N.J.",football,2026,40.9491723,-74.2376802
Gavin Jeffries,,"Alexandria, Va.",football,2026,38.8051095,-77.0470229
Cosmo Fusco,,"Boonton, N.J.",football,2026,40.9025989,-74.4070971
Michael Zack,,"Minesing, Ontario",football,2026,44.4429839,-79.8423725
Jake Marzich,,"Delaware, Ohio",football,2026,40.2317686,-82.9651045
Aaron Kruse,,"Johns Creek, Ga.",football,2026,34.0181557,-84.190196
Colter Oldham,,"Lakin, Kans.",football,2026,37.9405751,-101.254892
Brayden Phinney,,"Marshfield, Mass.",football,2026,42.091769,-70.7055941
Daniel Russo,,"Vineland, N.J.",football,2026,39.4862777,-75.0254256
Patrick Smith,,"Mt. Lebanon, Pa.",football,2026,40.3765,-80.0508
Austin Zimm,,"Naples, Fla.",football,2026,26.1421976,-81.7942944
Luke McIlhon,,"Palatine, Ill.",football,2026,42.1105502,-88.0434304
Michael Gidaro,,"Woodbridge, Ontario",football,2026,43.7848982,-79.5923855
Ryan Mitchell,,"Midlothian, Va.",football,2026,37.486806,-77.6473195
Justin Alpert,,"New Albany, Ohio",football,2026,40.0811745,-82.8087864
Luke Sacchetti,,"Ball Ground, Ga.",football,2026,34.3382257,-84.3765714
Hunter Lay,,"Denver, Colo.",football,2026,39.7392364,-104.984862
Mason Walters,,"Littleton, Colo.",football,2026,39.613321,-105.016649
"Alexandro Armour, Jr.",,"Lorton, Va.",football,2026,38.6946355,-77.2199931
Luke Castelli,,"Park City, Utah",football,2026,40.6460921,-111.4979963
Raashed Hall,,"Crofton, Md.",football,2026,39.0159547,-76.6842057
Nate Kashey,,"Northfield, N.J.",football,2026,39.3703942,-74.5501546
Adeyeye Adebawore,,"Kansas City, Mo.",football,2026,39.100105,-94.5781416
Michael Hegarty,,"Needham, Mass.",football,2026,42.2802645,-71.2360624
Isaac Price,,"Phoenix, Ariz.",football,2026,33.4484367,-112.074141
Jase Catullo,,"Chatham, N.J.",football,2026,40.7409242,-74.3836711
Luca Lopez,,"Randolph, N.J.",football,2026,40.844265,-74.5857218
Remo Marcaccio,,"New York, N.Y.",football,2026,40.7127281,-74.0060152
Simon Cofrancesco,,"Milton, Ga.",football,2026,34.1134001,-84.2693745
Connor Martin,,"Towaco, N.J.",football,2026,40.9230477,-74.3433955
Markus Brown,,"Rumson, N.J.",football,2026,40.372054,-73.9990269
Crawford Taylor,,"Southlake, Texas",football,2026,32.9412363,-97.1341783
Tyler George,,"Beaumont, Calif.",football,2026,33.9299925,-116.9763092
Marco Carone,,"Pittsburgh, Pa.",football,2026,40.4406968,-80.0025666
Foard Polley,,"Houston, Texas",football,2026,29.7589382,-95.3676974
Tyler Blevins,,"Yelm, Wash.",football,2026,46.9413877,-122.60639
Mason Page,,"Cumming, Ga.",football,2026,34.2073196,-84.1401926
Andrew Gillman,,"Northfield, N.J.",football,2026,39.3703942,-74.5501546
Miles Teodecki,,"Austin, Texas",football,2026,30.2711286,-97.7436995
Jorel Sahay,,"Kelowna, British Columbia",football,2026,49.8879177,-119.495902
Isaac Lee,,"Byron Center, Mich.",football,2026,42.8143115,-85.7279047
Ezra Fearon,,"Orange, Conn.",football,2026,41.2784304,-73.0256609
Kayleb Ervin,,"Las Vegas, Nev.",football,2026,36.1674263,-115.1484131
Dante Barone,,"Colts Neck, N.J.",football,2026,40.2876108,-74.1723652
Cole Olsztyn,,"Rochester Hills, Mich.",football,2026,42.6583661,-83.1499322
Connor Johns,,"Orefield, Pa.",football,2026,40.6348182,-75.5843529
Karson Siqueiros-Lasky,,"Lake Mary, Fla.",football,2026,28.7562749,-81.322093
Ethan Cohall,,"Westfield, N.J.",football,2026,40.651726,-74.3483059
Vincent Smith,,"San Diego, Calif.",football,2026,32.7157062,-117.1638284
Luke Johnson,,"Los Angeles, Calif.",football,2026,34.0536909,-118.242766
Christian Carter,,"Tampa, Fla.",football,2026,27.9449854,-82.4583107
Ty Cortes,,"San Diego, Calif.",football,2026,32.7157062,-117.1638284
Cadin Olsen,,"Ford City, Pa.",football,2026,40.7706966,-79.5314119
Devin Malloy,,"Fort Washington, Md.",football,2026,38.7379938,-77.0043036
"EJ Carter, Jr.",,"Chattanooga, Tenn.",football,2026,35.0457219,-85.3094883
Donte West,,"Forestville, Md.",football,2026,38.8525535,-76.8723366
Joey Holliday,,"Atlanta, Ga.",football,2026,33.7544657,-84.3898151
Josh Narcisse,,"Peekskill, N.Y.",football,2026,41.289811,-73.9204922
Jayden Drayton,,"Brunswick, Ga.",football,2026,31.1499528,-81.4914894
Duncan McPherson,,"Calgary, Alberta",football,2026,51.0456064,-114.057541
"Sean Williams, Jr.",,"Baltimore, Md.",football,2026,39.2908816,-76.610759
Ben Wable,,"Cheshire, Conn.",football,2026,41.4989355,-72.9009925
Michael Malone,,"Pittsburgh, Pa.",football,2026,40.4406968,-80.0025666
Zach Darche,,"Overland Park, Kan.",football,2026,38.9742502,-94.6851702
Trevor Pajak,,"Huntington Beach, Calif.",football,2026,33.6783336,-118.000016
Jack Nelin,,"Mooresville, N.C.",football,2026,35.5848596,-80.8100724
Tommy Lafayette,,"Suwanee, Ga.",football,2026,34.0514898,-84.0712997
Mack Long,,"La Grange Park, Ill.",football,2026,41.8333646,-87.8677324
DJ Brown,,"Lake Hopatcong, N.J.",football,2026,40.904011,-74.665452
Jaydon Avery,,"Atlanta, Ga.",football,2026,33.7544657,-84.3898151
Aiden Bergin,,"Bloomfield Hills, Mich.",football,2026,42.583645,-83.2454883
Cole Erickson,,"Lincoln, Neb.",football,2026,40.8088861,-96.7077751
Aaron Radke,,"Belmont, Mass.",football,2026,42.3959296,-71.1786655
Derek McCrum,,"Avon Lake, Ohio",football,2026,41.510033,-82.0185895
Jack Donnelly,,"Doylestown, Pa.",football,2026,40.3100446,-75.1304588
DJ Lee,,"Blakely, Ga.",football,2026,31.3773475,-84.9343388
Luke Flowers,,"Simsbury, Conn.",football,2026,41.8759152,-72.8012211
Jahir Dawud,,"North Brunswick, N.J.",football,2026,40.4539249,-74.476545
Dakota Brower,,"Gainesville, Fla.",football,2026,29.6519684,-82.3249846
Andrew Bruce,,"Chardon, Ohio",football,2026,41.5824944,-81.2034066
Ronan Johannson,,"West St. Paul, Manitoba, Canada",football,2026,49.997147,-97.077942
Owen van der Veen,,"Grand Rapids, Mich.",football,2026,42.9632425,-85.6678639
Shane Throgmartin,,"Buford, Ga.",football,2026,34.1206564,-84.0043513
Jack Grusser,,"Wyckoff, N.J.",football,2026,41.0095417,-74.1729222
Brock Cornell,,"McDonald, Pa.",football,2026,40.3709025,-80.2347814
Liam Forster,,"Patterson, N.Y.",football,2026,41.513726,-73.6062323
Max Cancilla,,"Huntington Beach, Calif.",mens-tennis,2016,33.6783336,-118.000016
Dmitry Shatalin,,"Moscow, Russia",mens-tennis,2016,55.625578,37.6063916
Nicolas Podesta,,"Rumson, N.J.",mens-tennis,2016,40.372054,-73.9990269
Kaden Funk,,"Orlando, Fla.",mens-tennis,2016,28.5421218,-81.379045
Matt Nardella,,"Manlius, N.Y.",mens-tennis,2016,43.0020107,-75.9768632
Robert Smithline,,"Rye, N.Y.",mens-tennis,2016,40.9821371,-73.6840902
Dan Harris,,"Kingston, Jamaica",mens-tennis,2016,17.9712148,-76.7928128
Gabriel Rapoport,,"Malibu, Calif.",mens-tennis,2016,34.035591,-118.689423
Marshall Sharp,,"Memphis, Tenn.",mens-tennis,2016,35.146026,-90.0517786
Thomas Spratt,,"Charleston, S.C.",mens-tennis,2016,32.7884363,-79.9399309
Nicholai Westergaard,,"Manlius, N.Y.",mens-tennis,2016,43.0020107,-75.9768632
Josh Pompan,,"Salinas, Calif.",mens-tennis,2016,36.6744117,-121.655037
Kyle Mautner,,"Greenwich, Conn.",mens-tennis,2016,41.0264862,-73.6284598
Noah Makarome,,"Wesley Chapel, Fla.",mens-tennis,2017,28.1866014,-82.366121
Kyle Mautner,,"Greenwich, Conn.",mens-tennis,2017,41.0264862,-73.6284598
Max Cancilla,,"Huntington Beach, Calif.",mens-tennis,2017,33.6783336,-118.000016
Aleks Huryn,,"Alpharetta, Ga.",mens-tennis,2017,34.0755962,-84.2945964
Kaden Funk,,"Orlando, Fla.",mens-tennis,2017,28.5421218,-81.379045
Jeff Zucker,,"Short Hills, N.J.",mens-tennis,2017,40.7381585,-74.3377392
Dmitry Shatalin,,"Moscow, Russia",mens-tennis,2017,55.625578,37.6063916
Nicholai Westergaard,,"Manlius, N.Y.",mens-tennis,2017,43.0020107,-75.9768632
Gabriel Rapoport,,"Malibu, Calif.",mens-tennis,2017,34.035591,-118.689423
Josh Pompan,,"Salinas, Calif.",mens-tennis,2017,36.6744117,-121.655037
RJ Sands,,"Pacific Palisades, Calif.",mens-tennis,2017,34.0480643,-118.5264706
Robert Smithline,,"Rye, N.Y.",mens-tennis,2017,40.9821371,-73.6840902
Aleks Huryn,,"Alpharetta, Ga.",mens-tennis,2018,34.0755962,-84.2945964
Jonah Jurick,,"New York, N.Y.",mens-tennis,2018,40.7127281,-74.0060152
Max Cancilla,,"Huntington Beach, Calif.",mens-tennis,2018,33.6783336,-118.000016
Kaden Funk,,"Orlando, Fla.",mens-tennis,2018,28.5421218,-81.379045
Edoardo Graziani,,"Padua, Italy",mens-tennis,2018,45.3984428,11.8956829
Jason Hildebrandt,,"Pinneberg, Germany",mens-tennis,2018,53.7278939,9.6979598
Noah Makarome,,"Wesley Chapel, Fla.",mens-tennis,2018,28.1866014,-82.366121
Kyle Mautner,,"Greenwich, Conn.",mens-tennis,2018,41.0264862,-73.6284598
Dmitry Shatalin,,"Moscow, Russia",mens-tennis,2018,55.625578,37.6063916
Robert Smithline,,"Rye, N.Y.",mens-tennis,2018,40.9821371,-73.6840902
Kevin Zhu,,"Pearland, Texas",mens-tennis,2018,29.5639758,-95.2864299
Jeff Zucker,,"Short Hills, N.J.",mens-tennis,2018,40.7381585,-74.3377392
RJ Sands,,"Pacific Palisades, Calif.",mens-tennis,2018,34.0480643,-118.5264706
Zach Smith,,"New Orleans, La.",mens-tennis,2019,29.9574657,-90.0629493
Aleks Huryn,,"Alpharetta, Ga.",mens-tennis,2019,34.0755962,-84.2945964
Edoardo Graziani,,"Padua, Italy",mens-tennis,2019,45.3984428,11.8956829
Aditya Gupta,,"Irvine, Calif.",mens-tennis,2019,33.6856969,-117.825981
Jason Hildebrandt,,"Pinneberg, Germany",mens-tennis,2019,53.7278939,9.6979598
Kevin Zhu,,"Pearland, Texas",mens-tennis,2019,29.5639758,-95.2864299
Max Cancilla,,"Huntington Beach, Calif.",mens-tennis,2019,33.6783336,-118.000016
Noah Makarome,,"Wesley Chapel, Fla.",mens-tennis,2019,28.1866014,-82.366121
Harsh Parikh,,"Tucson, Ariz.",mens-tennis,2019,32.2228765,-110.974847
Dmitry Shatalin,,"Moscow, Russia",mens-tennis,2019,55.625578,37.6063916
Jeff Zucker,,"Short Hills, N.J.",mens-tennis,2019,40.7381585,-74.3377392
Jonah Jurick,,"New York, N.Y.",mens-tennis,2019,40.7127281,-74.0060152
Kaden Funk,,"Orlando, Fla.",mens-tennis,2019,28.5421218,-81.379045
Noah Makarome,,"Wesley Chapel, Fla.",mens-tennis,2020,28.1866014,-82.366121
Jonah Jurick,,"New York, N.Y.",mens-tennis,2020,40.7127281,-74.0060152
Sameer Gangoli,,"Malvern, Pa.",mens-tennis,2020,40.036202,-75.5138959
Aditya Gupta,,"Irvine, Calif.",mens-tennis,2020,33.6856969,-117.825981
Harsh Parikh,,"Tucson, Ariz.",mens-tennis,2020,32.2228765,-110.974847
Zach Smith,,"New Orleans, La.",mens-tennis,2020,29.9574657,-90.0629493
Jeff Zucker,,"Short Hills, N.J.",mens-tennis,2020,40.7381585,-74.3377392
Aleks Huryn,,"Alpharetta, Ga.",mens-tennis,2020,34.0755962,-84.2945964
Jason Hildebrandt,,"Pinneberg, Germany",mens-tennis,2020,53.7278939,9.6979598
Edoardo Graziani,,"Padua, Italy",mens-tennis,2021,45.3984428,11.8956829
Kevin Zhu,,"Pearland, Texas",mens-tennis,2021,29.5639758,-95.2864299
Aditya Gupta,,"Irvine, Calif.",mens-tennis,2021,33.6856969,-117.825981
Sameer Gangoli,,"Malvern, Pa.",mens-tennis,2021,40.036202,-75.5138959
Jason Hildebrandt,,"Pinneberg, Germany",mens-tennis,2021,53.7278939,9.6979598
Tal Goodman,,"Thornhill, Ontario",mens-tennis,2021,43.8161477,-79.4245925
Zachery Lim,,"Fairfield, Calif.",mens-tennis,2021,38.2493581,-122.039966
Zach Smith,,"New Orleans, La.",mens-tennis,2021,29.9574657,-90.0629493
Harsh Parikh,,"Tucson, Ariz.",mens-tennis,2021,32.2228765,-110.974847
Baylor Sai,,"Nashville, Tenn.",mens-tennis,2021,36.1622767,-86.7742984
Jonah Jurick,,"New York, N.Y.",mens-tennis,2021,40.7127281,-74.0060152
Sameer Gangoli,,"Malvern, Pa.",mens-tennis,2022,40.036202,-75.5138959
Tal Goodman,,"Thornhill, Ontario",mens-tennis,2022,43.8161477,-79.4245925
Edoardo Graziani,,"Padua, Italy",mens-tennis,2022,45.3984428,11.8956829
Manfredi Graziani,,"Florence, Italy",mens-tennis,2022,43.7697955,11.2556404
Aditya Gupta,,"Irvine, Calif.",mens-tennis,2022,33.6856969,-117.825981
Zachery Lim,,"Fairfield, Calif.",mens-tennis,2022,38.2493581,-122.039966
Harsh Parikh,,"Tucson, Ariz.",mens-tennis,2022,32.2228765,-110.974847
Matthew Rutter,,"Exeter, Devon, United Kingdom",mens-tennis,2022,50.7256138,-3.5269209
Baylor Sai,,"Nashville, Tenn.",mens-tennis,2022,36.1622767,-86.7742984
Zach Smith,,"New Orleans, La.",mens-tennis,2022,29.9574657,-90.0629493
Kian Vakili,,"Longwood, Fla.",mens-tennis,2022,28.7012172,-81.3461738
Kevin Zhu,,"Pearland, Texas",mens-tennis,2022,29.5639758,-95.2864299
Sameer Gangoli,,"Malvern, Pa.",mens-tennis,2023,40.036202,-75.5138959
Tal Goodman,,"Thornhill, Ontario",mens-tennis,2023,43.8161477,-79.4245925
Parashar Bharadwaj,,"Irvine, Calif.",mens-tennis,2023,33.6856969,-117.825981
Luka Butera,,"Ho Ho Kus, N.J.",mens-tennis,2023,40.9976524,-74.110284
Manfredi Graziani,,"Florence, Italy",mens-tennis,2023,43.7697955,11.2556404
Zachery Lim,,"Fairfield, Calif.",mens-tennis,2023,38.2493581,-122.039966
Aaron Sandler,,"Huntingdon Valley, Pa.",mens-tennis,2023,40.1226101,-75.0635049
Kian Vakili,,"Longwood, Fla.",mens-tennis,2023,28.7012172,-81.3461738
Matthew Rutter,,"Exeter, Devon, United Kingdom",mens-tennis,2023,50.7256138,-3.5269209
Baylor Sai,,"Nashville, Tenn.",mens-tennis,2023,36.1622767,-86.7742984
Manfredi Graziani,,"Florence, Italy",mens-tennis,2024,43.7697955,11.2556404
Stephan Gershfeld,,"Hewlett, N.Y.",mens-tennis,2024,40.641438,-73.6929671
Parashar Bharadwaj,,"Irvine, Calif.",mens-tennis,2024,33.6856969,-117.825981
Shaurya Bharadwaj,,"Charlotte, N.C.",mens-tennis,2024,35.2272086,-80.8430827
Justin Chung,,"Irvine, Calif.",mens-tennis,2024,33.6856969,-117.825981
Matthew Rutter,,"Exeter, Devon, United Kingdom",mens-tennis,2024,50.7256138,-3.5269209
Tal Goodman,,"Thornhill, Ontario",mens-tennis,2024,43.8161477,-79.4245925
Baylor Sai,,"Nashville, Tenn.",mens-tennis,2024,36.1622767,-86.7742984
Aaron Sandler,,"Huntingdon Valley, Pa.",mens-tennis,2024,40.1226101,-75.0635049
Sanjeev Chundu,,"Las Vegas, N.V.",mens-tennis,2024,45.507435,12.6495318
Luka Butera,,"Ho Ho Kus, N.J.",mens-tennis,2024,40.9976524,-74.110284
Parashar Bharadwaj,,"Irvine, Calif.",mens-tennis,2025,33.6856969,-117.825981
Justin Chung,,"Irvine, Calif.",mens-tennis,2025,33.6856969,-117.825981
Shaurya Bharadwaj,,"Charlotte, N.C.",mens-tennis,2025,35.2272086,-80.8430827
Luka Butera,,"Ho Ho Kus, N.J.",mens-tennis,2025,40.9976524,-74.110284
Sanjeev Chundu,,"Las Vegas, N.V.",mens-tennis,2025,45.507435,12.6495318
Adam Bain,,"Newport Beach, Calif.",mens-tennis,2025,33.6170092,-117.9294401
Stephan Gershfeld,,"Hewlett, N.Y.",mens-tennis,2025,40.641438,-73.6929671
Manfredi Graziani,,"Florence, Italy",mens-tennis,2025,43.7697955,11.2556404
Matthew Rutter,,"Exeter, Devon, United Kingdom",mens-tennis,2025,50.7256138,-3.5269209
Vojtech Vales,,"Prague, Czech Republic",mens-tennis,2025,50.0874654,14.4212535
Aaron Sandler,,"Huntingdon Valley, Pa.",mens-tennis,2025,40.1226101,-75.0635049
Nischal Spurling,,"Los Angeles, Calif.",mens-tennis,2025,34.0536909,-118.242766
Aaron Sandler,,"Huntingdon Valley, Pa.",mens-tennis,2026,40.1226101,-75.0635049
Callum Markowitz,,"White Plains, NY",mens-tennis,2026,41.0339862,-73.7629097
Justin Chung,,"Irvine, Calif.",mens-tennis,2026,33.6856969,-117.825981
Sebastian Chodura,,"Ostrava, Czech Republic",mens-tennis,2026,49.8354045,18.292978
Jonah Chernett,,"Bloomfield Hills, Mich",mens-tennis,2026,42.583645,-83.2454883
Parashar Bharadwaj,,"Irvine, Calif.",mens-tennis,2026,33.6856969,-117.825981
Shaurya Bharadwaj,,"Charlotte, N.C.",mens-tennis,2026,35.2272086,-80.8430827
Adam Bain,,"Newport Beach, Calif.",mens-tennis,2026,33.6170092,-117.9294401
Zaid Al Mashni,,"Amman, Jordan",mens-tennis,2026,31.9515694,35.9239625
Nischal Spurling,,"Los Angeles, Calif.",mens-tennis,2026,34.0536909,-118.242766
Luka Butera,,"Ho Ho Kus, N.J.",mens-tennis,2026,40.9976524,-74.110284
Vojtech Vales,,"Prague, Czech Republic",mens-tennis,2026,50.0874654,14.4212535
Matt Howard,,"Columbia, S.C.",mens-basketball,2016,34.000754,-81.0352313
AJ Brodeur,,"Northborough, Mass.",mens-basketball,2016,42.3196015,-71.6422408
Shawn Simmons,,"Virginia Beach, Va.",mens-basketball,2016,36.8496579,-75.9760751
Kuba Mijakowski,,"Warsaw, Poland",mens-basketball,2016,52.2333742,21.0711489
Darnell Foreman,,"Camden, N.J.",mens-basketball,2016,39.9440874,-75.1191932
Ryan Betley,,"Downingtown, Pa.",mens-basketball,2016,40.0064958,-75.7032742
Max Rothschild,,"Chicago, Ill.",mens-basketball,2016,41.8755616,-87.6244212
Ray Jerome,,"Latham, N.Y.",mens-basketball,2016,42.7436135,-73.7458456
Jake Silpe,,"Cherry Hill, N.J.",mens-basketball,2016,39.9348351,-75.0307264
Dan Dwyer,,"River Forest, Ill.",mens-basketball,2016,41.8978091,-87.8139483
Jackson Donahue,,"Pawcatuck, Conn.",mens-basketball,2016,41.3773663,-71.8456114
Caleb Wood,,"Reno, Nev.",mens-basketball,2016,39.5261788,-119.812658
Tyler Hamilton,,"Atlanta, Ga.",mens-basketball,2016,33.7544657,-84.3898151
Devon Goodman,,"Laverock, Pa.",mens-basketball,2016,40.0951105,-75.1810096
Matt MacDonald,,"Eggertsville, N.Y.",mens-basketball,2016,42.9657545,-78.807566
Dylan Jones,,"Houston, Texas",mens-basketball,2016,29.7589382,-95.3676974
Sam Jones,,"Gilbert, Ariz.",mens-basketball,2016,33.3527632,-111.789037
Collin McManus,,"Bedford, N.H.",mens-basketball,2016,42.9464737,-71.5159015
Zack Kaminsky,,"Atlanta, Ga.",mens-basketball,2016,33.7544657,-84.3898151
Zack Kaminsky,,"Atlanta, Ga.",mens-basketball,2017,33.7544657,-84.3898151
Collin McManus,,"Bedford, N.H.",mens-basketball,2017,42.9464737,-71.5159015
Mark Jackson,,"Salt Lake City, Utah",mens-basketball,2017,40.7596198,-111.886797
AJ Brodeur,,"Northborough, Mass.",mens-basketball,2017,42.3196015,-71.6422408
Jarrod Simmons,,"Crescent, Pa.",mens-basketball,2017,39.8962492,-75.175164
Jelani Williams,,"Washington, D.C.",mens-basketball,2017,38.8950982,-77.0363849
Dan Dwyer,,"River Forest, Ill.",mens-basketball,2017,41.8978091,-87.8139483
Eddie Scott,,"Bowie, Md.",mens-basketball,2017,39.0080601,-76.7797899
Kuba Mijakowski,,"Warsaw, Poland",mens-basketball,2017,52.2333742,21.0711489
Ryan Betley,,"Downingtown, Pa.",mens-basketball,2017,40.0064958,-75.7032742
Sam Jones,,"Gilbert, Ariz.",mens-basketball,2017,33.3527632,-111.789037
Tommy Johnston,,"Mount Laurel, N.J.",mens-basketball,2017,39.934002,-74.8909988
Jackson Donahue,,"Pawcatuck, Conn.",mens-basketball,2017,41.3773663,-71.8456114
Tyler Hamilton,,"Atlanta, Ga.",mens-basketball,2017,33.7544657,-84.3898151
Devon Goodman,,"Laverock, Pa.",mens-basketball,2017,40.0951105,-75.1810096
Ray Jerome,,"Latham, N.Y.",mens-basketball,2017,42.7436135,-73.7458456
Antonio Woods,,"Cincinnati, Ohio",mens-basketball,2017,39.1012809,-84.5127405
Caleb Wood,,"Reno, Nev.",mens-basketball,2017,39.5261788,-119.812658
Darnell Foreman,,"Camden, N.J.",mens-basketball,2017,39.9440874,-75.1191932
Max Rothschild,,"Chicago, Ill.",mens-basketball,2017,41.8755616,-87.6244212
Matt MacDonald,,"Eggertsville, N.Y.",mens-basketball,2017,42.9657545,-78.807566
Jake Silpe,,"Cherry Hill, N.J.",mens-basketball,2017,39.9348351,-75.0307264
Jake Silpe,,"Cherry Hill, N.J.",mens-basketball,2018,39.9348351,-75.0307264
Eddie Scott,,"Bowie, Md.",mens-basketball,2018,39.0080601,-76.7797899
Jackson Donahue,,"Pawcatuck, Conn.",mens-basketball,2018,41.3773663,-71.8456114
Tyler Hamilton,,"Atlanta, Ga.",mens-basketball,2018,33.7544657,-84.3898151
AJ Brodeur,,"Northborough, Mass.",mens-basketball,2018,42.3196015,-71.6422408
Jelani Williams,,"Washington, D.C.",mens-basketball,2018,38.8950982,-77.0363849
Tommy Johnston,,"Mount Laurel, N.J.",mens-basketball,2018,39.934002,-74.8909988
Ray Jerome,,"Latham, N.Y.",mens-basketball,2018,42.7436135,-73.7458456
Antonio Woods,,"Cincinnati, Ohio",mens-basketball,2018,39.1012809,-84.5127405
Max Rothschild,,"Chicago, Ill.",mens-basketball,2018,41.8755616,-87.6244212
Collin McManus,,"Bedford, N.H.",mens-basketball,2018,42.9464737,-71.5159015
Devon Goodman,,"Laverock, Pa.",mens-basketball,2018,40.0951105,-75.1810096
Alex Imegwu,,"Short Hills, N.J.",mens-basketball,2018,40.7381585,-74.3377392
Jarrod Simmons,,"Crescent, Pa.",mens-basketball,2018,39.8962492,-75.175164
Griffin Ryan,,"Winnetka, Ill.",mens-basketball,2018,42.1080703,-87.7365286
Mark Jackson,,"Salt Lake City, Utah",mens-basketball,2018,40.7596198,-111.886797
Bryce Washington,,"Southfield, Mich.",mens-basketball,2018,42.4733689,-83.2218731
Ryan Betley,,"Downingtown, Pa.",mens-basketball,2018,40.0064958,-75.7032742
Kuba Mijakowski,,"Warsaw, Poland",mens-basketball,2018,52.2333742,21.0711489
Michael Wang,,"Taiyuan, Shanxi (China)",mens-basketball,2018,37.8699921,112.5437075
Zack Kaminsky,,"Atlanta, Ga.",mens-basketball,2018,33.7544657,-84.3898151
Bryce Washington,,"Southfield, Mich.",mens-basketball,2019,42.4733689,-83.2218731
Mark Jackson,,"Salt Lake City, Utah",mens-basketball,2019,40.7596198,-111.886797
Max Martz,,"Upper Arlington, Ohio",mens-basketball,2019,40.0073887,-83.0581647
Jarrod Simmons,,"Crescent, Pa.",mens-basketball,2019,39.8962492,-75.175164
Devon Goodman,,"Laverock, Pa.",mens-basketball,2019,40.0951105,-75.1810096
Eddie Scott,,"Bowie, Md.",mens-basketball,2019,39.0080601,-76.7797899
Kuba Mijakowski,,"Warsaw, Poland",mens-basketball,2019,52.2333742,21.0711489
Lucas Monroe,,"Abington, Pa.",mens-basketball,2019,40.114354,-75.1216878
Michael Wang,,"Taiyuan, Shanxi (China)",mens-basketball,2019,37.8699921,112.5437075
Jelani Williams,,"Washington, D.C.",mens-basketball,2019,38.8950982,-77.0363849
AJ Brodeur,,"Northborough, Mass.",mens-basketball,2019,42.3196015,-71.6422408
Ryan Betley,,"Downingtown, Pa.",mens-basketball,2019,40.0064958,-75.7032742
Jonah Charles,,"Roselle, N.J.",mens-basketball,2019,40.6527033,-74.2579418
Max Lorca-Lloyd,,"Melbourne, Fla.",mens-basketball,2019,28.0785034,-80.6077908
Griffin Ryan,,"Winnetka, Ill.",mens-basketball,2019,42.1080703,-87.7365286
Jordan Dingle,,"Valley Stream, N.Y.",mens-basketball,2019,40.6631362,-73.7056955
Alex Imegwu,,"Short Hills, N.J.",mens-basketball,2019,40.7381585,-74.3377392
Ray Jerome,,"Latham, N.Y.",mens-basketball,2019,42.7436135,-73.7458456
Michael Wang,,"Taiyuan, Shanxi (China)",mens-basketball,2020,37.8699921,112.5437075
Lucas Monroe,,"Abington, Pa.",mens-basketball,2020,40.114354,-75.1216878
Eddie Scott,,"Bowie, Md.",mens-basketball,2020,39.0080601,-76.7797899
Matteus Case,,"Toronto, Ontario",mens-basketball,2020,43.6534817,-79.3839347
Mark Jackson,,"Salt Lake City, Utah",mens-basketball,2020,40.7596198,-111.886797
Bryce Washington,,"Southfield, Mich.",mens-basketball,2020,42.4733689,-83.2218731
Jarrod Simmons,,"Crescent, Pa.",mens-basketball,2020,39.8962492,-75.175164
Griffin Ryan,,"Winnetka, Ill.",mens-basketball,2020,42.1080703,-87.7365286
Andrew Laczkowski,,"Dallas, Texas",mens-basketball,2020,32.7762719,-96.7968559
Colin Chambers,,"Malvern, Pa.",mens-basketball,2020,40.036202,-75.5138959
Max Lorca-Lloyd,,"Melbourne, Fla.",mens-basketball,2020,28.0785034,-80.6077908
Jelani Williams,,"Washington, D.C.",mens-basketball,2020,38.8950982,-77.0363849
Alex Imegwu,,"Short Hills, N.J.",mens-basketball,2020,40.7381585,-74.3377392
Michael Moshkovitz,,"Jerusalem, Israel",mens-basketball,2020,31.7788472,35.2257856
Jonah Charles,,"Roselle, N.J.",mens-basketball,2020,40.6527033,-74.2579418
Clark Slajchert,,"Los Angeles, Calif.",mens-basketball,2020,34.0536909,-118.242766
Clark Slajchert,,"Los Angeles, Calif.",mens-basketball,2021,34.0536909,-118.242766
Nick Spinoso,,"Port Washington, N.Y.",mens-basketball,2021,40.8263965,-73.684993
Max Lorca-Lloyd,,"Melbourne, Fla.",mens-basketball,2021,28.0785034,-80.6077908
George Smith,,"Salem, N.H.",mens-basketball,2021,42.7884957,-71.2009035
Michael Moshkovitz,,"Jerusalem, Israel",mens-basketball,2021,31.7788472,35.2257856
Griffin Ryan,,"Winnetka, Ill.",mens-basketball,2021,42.1080703,-87.7365286
Colin Chambers,,"Malvern, Pa.",mens-basketball,2021,40.036202,-75.5138959
Ed Holland III,,"Philadelphia, Pa.",mens-basketball,2021,39.9527237,-75.1635262
Max Martz,,"Upper Arlington, Ohio",mens-basketball,2021,40.0073887,-83.0581647
Alex Imegwu,,"Short Hills, N.J.",mens-basketball,2021,40.7381585,-74.3377392
Andrew Laczkowski,,"Dallas, Texas",mens-basketball,2021,32.7762719,-96.7968559
Jordan Dingle,,"Valley Stream, N.Y.",mens-basketball,2021,40.6631362,-73.7056955
Lucas Monroe,,"Abington, Pa.",mens-basketball,2021,40.114354,-75.1216878
Jonah Charles,,"Roselle, N.J.",mens-basketball,2021,40.6527033,-74.2579418
Bryce Washington,,"Southfield, Mich.",mens-basketball,2021,42.4733689,-83.2218731
Gus Larson,,"New Canaan, Conn.",mens-basketball,2021,41.146763,-73.4948446
Reese McMullen,,"Memphis, Tenn.",mens-basketball,2021,35.146026,-90.0517786
Jelani Williams,,"Washington, D.C.",mens-basketball,2021,38.8950982,-77.0363849
Michael Wang,,"Taiyuan, Shanxi (China)",mens-basketball,2021,37.8699921,112.5437075
George Smith,,"Salem, N.H.",mens-basketball,2022,42.7884957,-71.2009035
Lucas Monroe,,"Abington, Pa.",mens-basketball,2022,40.114354,-75.1216878
Nick Spinoso,,"Port Washington, N.Y.",mens-basketball,2022,40.8263965,-73.684993
Max Martz,,"Upper Arlington, Ohio",mens-basketball,2022,40.0073887,-83.0581647
Gus Larson,,"New Canaan, Conn.",mens-basketball,2022,41.146763,-73.4948446
Andrew Laczkowski,,"Dallas, Texas",mens-basketball,2022,32.7762719,-96.7968559
Ed Holland III,,"Philadelphia, Pa.",mens-basketball,2022,39.9527237,-75.1635262
Michael Moshkovitz,,"Jerusalem, Israel",mens-basketball,2022,31.7788472,35.2257856
Cam Thrower,,"Manhattan Beach, Calif.",mens-basketball,2022,33.8872777,-118.4104324
Max Lorca-Lloyd,,"Melbourne, Fla.",mens-basketball,2022,28.0785034,-80.6077908
Jonah Charles,,"Roselle, N.J.",mens-basketball,2022,40.6527033,-74.2579418
Chris Ubochi,,"Lagos, Nigeria",mens-basketball,2022,6.4550575,3.3941795
Colin Chambers,,"Malvern, Pa.",mens-basketball,2022,40.036202,-75.5138959
Reese McMullen,,"Memphis, Tenn.",mens-basketball,2022,35.146026,-90.0517786
Clark Slajchert,,"Los Angeles, Calif.",mens-basketball,2022,34.0536909,-118.242766
Jordan Dingle,,"Valley Stream, N.Y.",mens-basketball,2022,40.6631362,-73.7056955
Clark Slajchert,,"Los Angeles, Calif.",mens-basketball,2023,34.0536909,-118.242766
Johnnie Walter,,"Agoura Hills, Calif.",mens-basketball,2023,34.1481692,-118.7655456
Tyler Perkins,,"Lorton, Va.",mens-basketball,2023,38.6946355,-77.2199931
Nick Spinoso,,"Port Washington, N.Y.",mens-basketball,2023,40.8263965,-73.684993
Cam Thrower,,"Manhattan Beach, Calif.",mens-basketball,2023,33.8872777,-118.4104324
Ed Holland III,,"Philadelphia, Pa.",mens-basketball,2023,39.9527237,-75.1635262
Sam Brown,,"Merion Station, Pa.",mens-basketball,2023,39.9981758,-75.2513256
Colin Chambers,,"Malvern, Pa.",mens-basketball,2023,40.036202,-75.5138959
Jake Hsu,,"Ambler, Pa.",mens-basketball,2023,40.1544727,-75.2221643
Reese McMullen,,"Memphis, Tenn.",mens-basketball,2023,35.146026,-90.0517786
Augustus Gerhart,,"Denver, Pa.",mens-basketball,2023,40.2331483,-76.1371684
Chris Ubochi,,"Lagos, Nigeria",mens-basketball,2023,6.4550575,3.3941795
Niklas Polonowski,,"La Grange, Ill.",mens-basketball,2023,41.81483,-87.8735662
George Smith,,"Salem, N.H.",mens-basketball,2023,42.7884957,-71.2009035
Andrew Laczkowski,,"Dallas, Texas",mens-basketball,2023,32.7762719,-96.7968559
Ethan Roberts,,"Arlington Heights, Ill.",mens-basketball,2024,42.0811563,-87.9802164
Niklas Polonowski,,"La Grange, Ill.",mens-basketball,2024,41.81483,-87.8735662
Michelangelo Oberti,,"Riva di Solto, Italy",mens-basketball,2024,45.7734318,10.0385394
Cam Thrower,,"Manhattan Beach, Calif.",mens-basketball,2024,33.8872777,-118.4104324
Chris Ubochi,,"Lagos, Nigeria",mens-basketball,2024,6.4550575,3.3941795
Bradyn Foster,,"Natrona Heights, Pa.",mens-basketball,2024,40.621456,-79.7277765
Augustus Gerhart,,"Denver, Pa.",mens-basketball,2024,40.2331483,-76.1371684
Reese McMullen,,"Memphis, Tenn.",mens-basketball,2024,35.146026,-90.0517786
Sam Brown,,"Merion Station, Pa.",mens-basketball,2024,39.9981758,-75.2513256
Michael Zanoni,,"Charlotte, N.C.",mens-basketball,2024,35.2272086,-80.8430827
George Smith,,"Salem, N.H.",mens-basketball,2024,42.7884957,-71.2009035
Nick Spinoso,,"Port Washington, N.Y.",mens-basketball,2024,40.8263965,-73.684993
Alex Massung,,"West Orange, N.J.",mens-basketball,2024,40.7987113,-74.2390353
Johnnie Walter,,"Agoura Hills, Calif.",mens-basketball,2024,34.1481692,-118.7655456
Dylan Williams,,"Columbia, S.C.",mens-basketball,2024,34.000754,-81.0352313
AJ Levine,,"Elmhurst, Ill.",mens-basketball,2024,41.8994745,-87.9403418
Dalton Scantlebury,,"Chicago, Ill.",mens-basketball,2025,41.8755616,-87.6244212
Niklas Polonowski,,"La Grange, Ill.",mens-basketball,2025,41.81483,-87.8735662
William Kruse,,"Nesbru, Norway",mens-basketball,2025,59.8658518,10.4892236
Michelangelo Oberti,,"Riva di Solto, Italy",mens-basketball,2025,45.7734318,10.0385394
Lucas Lueth,,"Ames, Iowa",mens-basketball,2025,42.0267567,-93.6170448
Augustus Gerhart,,"Denver, Pa.",mens-basketball,2025,40.2331483,-76.1371684
Payton Kamin,,"Chicago, Ill.",mens-basketball,2025,41.8755616,-87.6244212
Bradyn Foster,,"Natrona Heights, Pa.",mens-basketball,2025,40.621456,-79.7277765
AJ Levine,,"Elmhurst, Ill.",mens-basketball,2025,41.8994745,-87.9403418
Ethan Roberts,,"Arlington Heights, Ill.",mens-basketball,2025,42.0811563,-87.9802164
Alex Massung,,"West Orange, N.J.",mens-basketball,2025,40.7987113,-74.2390353
Ryan Altman,,"Chestnut Hill, Mass.",mens-basketball,2025,42.3234553,-71.1639439
Michael Zanoni,,"Charlotte, N.C.",mens-basketball,2025,35.2272086,-80.8430827
Cam Thrower,,"Manhattan Beach, Calif.",mens-basketball,2025,33.8872777,-118.4104324
Jay Jones,,"Chestnut Hill, Mass.",mens-basketball,2025,42.3234553,-71.1639439
TJ Power,,"Shrewsbury, Mass.",mens-basketball,2025,42.2960187,-71.71351
Dylan Williams,,"Columbia, S.C.",mens-basketball,2025,34.000754,-81.0352313
Johnnie Walter,,"Agoura Hills, Calif.",mens-basketball,2025,34.1481692,-118.7655456
Dalton Scantlebury,,"Chicago, Ill.",mens-basketball,2026,41.8755616,-87.6244212
Sir Mohammed,,"Charlotte, N.C.",mens-basketball,2026,35.2272086,-80.8430827
Payton Kamin,,"Chicago, Ill.",mens-basketball,2026,41.8755616,-87.6244212
Lucas Lueth,,"Ames, Iowa",mens-basketball,2026,42.0267567,-93.6170448
Dorian Glogovac,,"Vancouver, Canada",mens-basketball,2026,49.2608724,-123.113952
Augustus Gerhart,,"Denver, Pa.",mens-basketball,2026,40.2331483,-76.1371684
TJ Power,,"Shrewsbury, Mass.",mens-basketball,2026,42.2960187,-71.71351
Michael Pereira,,"Plymouth Meeting, Pa.",mens-basketball,2026,40.102332,-75.2743467
Alex Massung,,"West Orange, N.J.",mens-basketball,2026,40.7987113,-74.2390353
Johnny Keenan,,"Rye, N.Y.",mens-basketball,2026,40.9821371,-73.6840902
Ethan Lin,,"Montgomery, N.J.",mens-basketball,2026,39.4607526,-74.6576009
Michael Zanoni,,"Charlotte, N.C.",mens-basketball,2026,35.2272086,-80.8430827
Jay Jones,,"Chestnut Hill, Mass.",mens-basketball,2026,42.3234553,-71.1639439
Isaiah Carroll,,"Woodland Hills, Calif.",mens-basketball,2026,34.1684364,-118.6058382
Chase Geremia,,"Madison, Conn.",mens-basketball,2026,41.2794282,-72.5983151
Finley Billy,,"Arlington, Va.",mens-basketball,2026,38.8769326,-77.0893094
AJ Levine,,"Elmhurst, Ill.",mens-basketball,2026,41.8994745,-87.9403418
Niklas Polonowski,,"La Grange, Ill.",mens-basketball,2026,41.81483,-87.8735662
Ryan Altman,,"Chestnut Hill, Mass.",mens-basketball,2026,42.3234553,-71.1639439
William Kruse,,"Nesbru, Norway",mens-basketball,2026,59.8658518,10.4892236
