name,position,hometown,sport,year,latitude,longitude
Alex Dickinson,C,"Ft. Lauderdale, Fla.",baseball,2016,26.1223084,-80.1433786
Andrew Gnazzo,RHP,"Farmington, Conn.",baseball,2016,41.7198216,-72.8320435
Asher Lee-Tyson,IF,"Weston, Conn.",baseball,2016,41.2021302,-73.3812743
Ben Gross,RHP,"Cranbury, N.J.",baseball,2016,40.3133907,-74.5201927
Blake Thomsen,IF,"Newport Beach, Calif.",baseball,2016,33.6170092,-117.9294401
Brendan Galvin,C,"Spring Lake, N.J.",baseball,2016,40.1535132,-74.0293941
Bryce Keller,RHP,"Port Washington, N.Y.",baseball,2016,40.8263965,-73.684993
Chad Powers,RHP,"La Canada, Calif.",baseball,2016,33.7301661,-117.7638553
Chris Davis,OF/LHP,"Avon, Conn.",baseball,2016,41.8098209,-72.8306541
Chris Giglio,RHP,"New York, N.Y.",baseball,2016,40.7127281,-74.0060152
Cody Phillips,IF,"Simi Valley, Calif.",baseball,2016,34.2677404,-118.7538071
Conor Nolan,OF/RHP,"Henrico, Va.",baseball,2016,37.5131191,-77.3465081
Danny Baer,OF,"Edina, Minn.",baseball,2016,44.8897027,-93.3501222
David Harding,IF,"Severna Park, Md.",baseball,2016,39.0826193,-76.5719676
Eli Kimbell,OF/RHP,"New York, N.Y.",baseball,2016,40.7127281,-74.0060152
Eric Rojas,RHP,"Richmond Hill, N.Y.",baseball,2016,40.6994253,-73.8309672
James Proctor,RHP,"St. Louis, Mo.",baseball,2016,38.6254063,-90.190009
Jesper Horsted,OF,"Roseville, Minn.",baseball,2016,45.0060767,-93.1566107
Joseph Flynn,IF,"East Setauket, N.Y.",baseball,2016,40.919085,-73.0963408
Keelan Smithers,LHP,"Framingham, Mass.",baseball,2016,42.2773177,-71.4165905
Kevin Thomsen,RHP,"Newport Beach, Calif.",baseball,2016,33.6170092,-117.9294401
Max Machiorlette,IF/OF,"Houston, Texas",baseball,2016,29.7589382,-95.3676974
Max West,C,Singapore,baseball,2016,1.357107,103.8194992
Nick Brady,RHP,"Vienna, Va.",baseball,2016,38.9013729,-77.2651762
Nick Hernandez,OF,"Miami, Fla.",baseball,2016,25.7741566,-80.1935973
Paul Tupper,OF,"Milford, Conn.",baseball,2016,41.2222218,-73.0570603
Ramzi Haddad,IF,"Olivette, Mo.",baseball,2016,38.6653297,-90.3759499
Ryan Smith,LHP,"Garden City, N.Y.",baseball,2016,40.7266477,-73.6343052
Tanner Kliewer,RHP,"Edmond, Okla.",baseball,2016,35.6571367,-97.4649038
Trey Ramsey,RHP,"Vienna, Va.",baseball,2016,38.9013729,-77.2651762
Zack Belski,IF,"Missouri City, Texas",baseball,2016,29.6185669,-95.5377215
Alex Dickinson,C,"Ft. Lauderdale, Fla.",baseball,2017,26.1223084,-80.1433786
Andrew Gnazzo,RHP,"Farmington, Conn.",baseball,2017,41.7198216,-72.8320435
Asher Lee-Tyson,IF,"Weston, Conn.",baseball,2017,41.2021302,-73.3812743
Ben Gross,RHP,"Cranbury, N.J.",baseball,2017,40.3133907,-74.5201927
Brendan Galvin,C,"Spring Lake, N.J.",baseball,2017,40.1535132,-74.0293941
Brian Kregel,OF,"Richardson, Texas",baseball,2017,32.9481789,-96.7297206
Bryce Keller,RHP,"Port Washington, N.Y.",baseball,2017,40.8263965,-73.684993
Chris Davis,OF,"Avon, Conn.",baseball,2017,41.8098209,-72.8306541
Connor Udell,P,"Longwood, Fla.",baseball,2017,28.7012172,-81.3461738
Conor Nolan,OF/RHP,"Henrico, Va.",baseball,2017,37.5131191,-77.3465081
David Harding,IF,"Severna Park, Md.",baseball,2017,39.0826193,-76.5719676
Eli Kimbell,RHP,"New York, N.Y.",baseball,2017,40.7127281,-74.0060152
Eric Rojas,RHP,"Richmond Hill, N.Y.",baseball,2017,40.6994253,-73.8309672
Jack Anderson,P,"Nashville, Tenn.",baseball,2017,36.1622767,-86.7742984
Jake Boone,INF,"San Diego, Calif.",baseball,2017,32.7157062,-117.1638284
James Proctor,RHP,"St. Louis, Mo.",baseball,2017,38.6254063,-90.190009
Jesper Horsted,OF,"Roseville, Minn.",baseball,2017,45.0060767,-93.1566107
Joseph Flynn,IF,"East Setauket, N.Y.",baseball,2017,40.919085,-73.0963408
Keith Gabrielson,P,"Knoxville, Tenn.",baseball,2017,35.9603948,-83.9210261
Kevin Thomsen,RHP,"Newport Beach, Calif.",baseball,2017,33.6170092,-117.9294401
Max Machiorlette,IF/OF,"Houston, Texas",baseball,2017,29.7589382,-95.3676974
Max West,C,Singapore,baseball,2017,1.357107,103.8194992
Ramzi Haddad,IF,"Olivette, Mo.",baseball,2017,38.6653297,-90.3759499
Ryan Smith,LHP,"Garden City, N.Y.",baseball,2017,40.7266477,-73.6343052
Sy Snedeker,C/IF,"Tulsa, Okla.",baseball,2017,36.1563122,-95.9927516
Tanner Kliewer,RHP,"Edmond, Okla.",baseball,2017,35.6571367,-97.4649038
Taylor Beckett,IF/OF,"Wellesley, Mass.",baseball,2017,42.2964859,-71.2925571
Trey Ramsey,RHP,"Vienna, Va.",baseball,2017,38.9013729,-77.2651762
Alex Dickinson,C,"Ft. Lauderdale, Fla.",baseball,2018,26.1223084,-80.1433786
Andrew Gnazzo,P,"Farmington, Conn.",baseball,2018,41.7198216,-72.8320435
Brendan Galvin,C,"Spring Lake, N.J.",baseball,2018,40.1535132,-74.0293941
Brian Kregel,OF,"Richardson, Texas",baseball,2018,32.9481789,-96.7297206
Chris Davis,OF,"Avon, Conn.",baseball,2018,41.8098209,-72.8306541
Connor Udell,P,"Longwood, Fla.",baseball,2018,28.7012172,-81.3461738
Conor Nolan,OF/P,"Henrico, Va.",baseball,2018,37.5131191,-77.3465081
David Harding,IF,"Severna Park, Md.",baseball,2018,39.0826193,-76.5719676
Eli Kimbell,P,"New York, N.Y.",baseball,2018,40.7127281,-74.0060152
Eric Hoefer,P,"Washington Crossing, Pa.",baseball,2018,40.2934408,-74.8704424
Eric Marasheski,IF,"North Wales, Pa.",baseball,2018,40.2109404,-75.2782317
Eric Rojas,P,"Richmond Hill, N.Y.",baseball,2018,40.6994253,-73.8309672
Jack Anderson,P,"Nashville, Tenn.",baseball,2018,36.1622767,-86.7742984
Jake Boone,INF,"San Diego, Calif.",baseball,2018,32.7157062,-117.1638284
James Proctor,P,"St. Louis, Mo.",baseball,2018,38.6254063,-90.190009
Joseph Flynn,IF,"East Setauket, N.Y.",baseball,2018,40.919085,-73.0963408
Keith Gabrielson,P,"Knoxville, Tenn.",baseball,2018,35.9603948,-83.9210261
Max Machiorlette,IF/OF,"Houston, Texas",baseball,2018,29.7589382,-95.3676974
Max West,C,Singapore,baseball,2018,1.357107,103.8194992
Nadir Lewis,OF,"Alpharetta, Ga.",baseball,2018,34.0755962,-84.2945964
Ramzi Haddad,IF,"Olivette, Mo.",baseball,2018,38.6653297,-90.3759499
Reece Rabin,P,"Dallas, Texas",baseball,2018,32.7762719,-96.7968559
Ryan Meszaros,P,"Hamilton Square, N.J.",baseball,2018,40.226459,-74.65399
Ryan Smith,P,"Garden City, N.Y.",baseball,2018,40.7266477,-73.6343052
Sy Snedeker,C/IF,"Tulsa, Okla.",baseball,2018,36.1563122,-95.9927516
Tanner Kliewer,P,"Edmond, Okla.",baseball,2018,35.6571367,-97.4649038
Taylor Beckett,IF/OF,"Wellesley, Mass.",baseball,2018,42.2964859,-71.2925571
Trey Ramsey,P,"Vienna, Va.",baseball,2018,38.9013729,-77.2651762
Alejandro Espinel,INF,"Roswell, Ga.",baseball,2019,34.02332,-84.360022
Andrew Gnazzo,P,"Farmington, Conn.",baseball,2019,41.7198216,-72.8320435
Brendan Cumming,OF,"Houston, Texas",baseball,2019,29.7589382,-95.3676974
Brendan Galvin,C,"Spring Lake, N.J.",baseball,2019,40.1535132,-74.0293941
Brian Kregel,OF,"Richardson, Texas",baseball,2019,32.9481789,-96.7297206
Caden MacDonald,OF/P,"Arlington, Texas",baseball,2019,32.7355816,-97.1071186
Carlos Abello,C,"Houston, Texas",baseball,2019,29.7589382,-95.3676974
Chris Davis,OF,"Avon, Conn.",baseball,2019,41.8098209,-72.8306541
Connor Udell,P,"Longwood, Fla.",baseball,2019,28.7012172,-81.3461738
Conor Nolan,OF/P,"Henrico, Va.",baseball,2019,37.5131191,-77.3465081
David Harding,IF,"Severna Park, Md.",baseball,2019,39.0826193,-76.5719676
Eli Kimbell,P,"New York, N.Y.",baseball,2019,40.7127281,-74.0060152
Eric Hoefer,P,"Washington Crossing, Pa.",baseball,2019,40.2934408,-74.8704424
Eric Marasheski,IF,"North Wales, Pa.",baseball,2019,40.2109404,-75.2782317
Eric Rojas,P,"Richmond Hill, N.Y.",baseball,2019,40.6994253,-73.8309672
Jack Anderson,P,"Nashville, Tenn.",baseball,2019,36.1622767,-86.7742984
Jackson Emus,P/1B/OF,"Clinton, Mass.",baseball,2019,42.4212463,-71.6874099
Jake Boone,INF,"San Diego, Calif.",baseball,2019,32.7157062,-117.1638284
James Proctor,P,"St. Louis, Mo.",baseball,2019,38.6254063,-90.190009
Keith Gabrielson,P,"Knoxville, Tenn.",baseball,2019,35.9603948,-83.9210261
Nadir Lewis,OF,"Alpharetta, Ga.",baseball,2019,34.0755962,-84.2945964
Noah Granet,INF,"Scranton, Pa.",baseball,2019,41.4086874,-75.6621294
Ramzi Haddad,IF,"Olivette, Mo.",baseball,2019,38.6653297,-90.3759499
Reece Rabin,P,"Dallas, Texas",baseball,2019,32.7762719,-96.7968559
Sy Snedeker,C/IF,"Tulsa, Okla.",baseball,2019,36.1563122,-95.9927516
Taylor Beckett,IF/OF,"Wellesley, Mass.",baseball,2019,42.2964859,-71.2925571
Alejandro Espinel,INF,"Roswell, Ga.",baseball,2021,34.02332,-84.360022
Andrew D'Alessio,P,"Staten Island, N.Y.",baseball,2021,40.5834557,-74.1496048
Brendan Cumming,OF,"Houston, Texas",baseball,2021,29.7589382,-95.3676974
Caden MacDonald,P,"Arlington, Texas",baseball,2021,32.7355816,-97.1071186
Caden Shapiro,OF,"Toronto, Ont.",baseball,2021,43.6534817,-79.3839347
Carlos Abello,C,"Houston, Texas",baseball,2021,29.7589382,-95.3676974
Eric Hoefer,P,"Washington Crossing, Pa.",baseball,2021,40.2934408,-74.8704424
Eric Marasheski,INF,"North Wales, Pa.",baseball,2021,40.2109404,-75.2782317
Jackson Emus,P/1B,"Clinton, Mass.",baseball,2021,42.4212463,-71.6874099
Jacob Faulkner,P,"Venice, Fla.",baseball,2021,27.0998315,-82.4442832
Jason Ramirez,P,"Princeton, N.J.",baseball,2021,40.3496953,-74.6597376
Jordan Kelly,UTL,"Missouri City, Texas",baseball,2021,29.6185669,-95.5377215
Kaden Kram,C,"Sugar Land, Texas",baseball,2021,29.6196787,-95.6349463
Keith Gabrielson,P,"Knoxville, Tenn.",baseball,2021,35.9603948,-83.9210261
Kevin Blowers,INF,"Tampa, Fla.",baseball,2021,27.9449854,-82.4583107
Kyle Vinci,1B,"Mendham, N.J.",baseball,2021,40.775941,-74.6009617
Matt Scannell,OF/P,"Stone Oak, Texas",baseball,2021,29.6493885,-98.4513456
Max Zdimal,P,"Scottsdale, Ariz.",baseball,2021,33.4942189,-111.926018
Nadir Lewis,OF,"Alpharetta, Ga.",baseball,2021,34.0755962,-84.2945964
Nick DiPietrantonio,INF,"Manalapan, N.J.",baseball,2021,40.2852895,-74.333495
Noah Granet,INF,"Scranton, Pa.",baseball,2021,41.4086874,-75.6621294
Patrick Jarvis,P,"Manhasset, N.Y.",baseball,2021,40.786702,-73.6967338
Reece Rabin,P,"Dallas, Texas",baseball,2021,32.7762719,-96.7968559
Richard Ferrer-Westrop,P,"Duluth, Ga.",baseball,2021,34.0028569,-84.1441046
Scott Bandura,OF,"Philadelphia, Pa.",baseball,2021,39.9527237,-75.1635262
Tom Chmielewski,P,"Needham, Mass.",baseball,2021,42.2802645,-71.2360624
Alejandro Espinel,INF,"Roswell, Ga.",baseball,2022,34.02332,-84.360022
Andrew D'Alessio,P,"Staten Island, N.Y.",baseball,2022,40.5834557,-74.1496048
Brendan Cumming,OF,"Houston, Texas",baseball,2022,29.7589382,-95.3676974
Caden MacDonald,P,"Arlington, Texas",baseball,2022,32.7355816,-97.1071186
Caden Shapiro,OF,"Toronto, Ont.",baseball,2022,43.6534817,-79.3839347
Carlos Abello,C,"Houston, Texas",baseball,2022,29.7589382,-95.3676974
Eric Hoefer,P,"Washington Crossing, Pa.",baseball,2022,40.2934408,-74.8704424
Eric Marasheski,INF,"North Wales, Pa.",baseball,2022,40.2109404,-75.2782317
Ethan Grover,P,"Blountstown, Fla.",baseball,2022,30.4435293,-85.0451953
Ethan Hsu,P,San Ramon Calif.,baseball,2022,37.7648021,-121.9544387
Jackson Emus,P/1B,"Clinton, Mass.",baseball,2022,42.4212463,-71.6874099
Jacob Faulkner,P,"Venice, Fla.",baseball,2022,27.0998315,-82.4442832
Jake Bold,C,"La Jolla, Calif.",baseball,2022,32.8458529,-117.2575702
Jake Koonin,IF,"Winston Salem, N.C.",baseball,2022,36.0998131,-80.2440518
Jason Ramirez,P,"Princeton, N.J.",baseball,2022,40.3496953,-74.6597376
Jordan Kelly,UTL,"Missouri City, Texas",baseball,2022,29.6185669,-95.5377215
Justin Kim,P,"Cypress, Texas",baseball,2022,29.9691116,-95.6971686
Kaden Kram,C,"Sugar Land, Texas",baseball,2022,29.6196787,-95.6349463
Kevin Blowers,INF,"Tampa, Fla.",baseball,2022,27.9449854,-82.4583107
Kyle Vinci,1B,"Mendham, N.J.",baseball,2022,40.775941,-74.6009617
Matt Scannell,OF/P,"Stone Oak, Texas",baseball,2022,29.6493885,-98.4513456
Max Zdimal,P,"Scottsdale, Ariz.",baseball,2022,33.4942189,-111.926018
Nick DiPietrantonio,INF,"Manalapan, N.J.",baseball,2022,40.2852895,-74.333495
Noah Granet,INF,"Scranton, Pa.",baseball,2022,41.4086874,-75.6621294
Patrick Jarvis,P,"Manhasset, N.Y.",baseball,2022,40.786702,-73.6967338
Reece Rabin,P,"Dallas, Texas",baseball,2022,32.7762719,-96.7968559
Richard Ferrer-Westrop,3B/P,"Duluth, Ga.",baseball,2022,34.0028569,-84.1441046
Scott Bandura,OF,"Philadelphia, Pa.",baseball,2022,39.9527237,-75.1635262
Tom Chmielewski,P,"Needham, Mass.",baseball,2022,42.2802645,-71.2360624
Will Sword,P,"Cary, N.C.",baseball,2022,35.7873617,-78.7811623
Andrew D'Alessio,P,"Staten Island, N.Y.",baseball,2023,40.5834557,-74.1496048
Bryce Gayan,OF,"Seattle, Wash.",baseball,2023,47.6038321,-122.330062
Caden Shapiro,OF,"Toronto, Ont.",baseball,2023,43.6534817,-79.3839347
Charlie Wolf,P,"Chicago, Ill.",baseball,2023,41.8755616,-87.6244212
Dylan Zdunek,C/UTL,"San Gabriel, Calif.",baseball,2023,34.0990995,-118.1085554
Elliott Eaton,P,"Washington, D.C.",baseball,2023,38.8950982,-77.0363849
Ethan Hsu,P,San Ramon Calif.,baseball,2023,37.7648021,-121.9544387
Jackson Baldrate,P,"McLean, Va.",baseball,2023,38.9366852,-77.185843
Jacob Faulkner,P,"Venice, Fla.",baseball,2023,27.0998315,-82.4442832
Jake Bold,C,"La Jolla, Calif.",baseball,2023,32.8458529,-117.2575702
Jake Kernodle,INF,"Charlotte, N.C.",baseball,2023,35.2272086,-80.8430827
Jake Koonin,IF,"Winston Salem, N.C.",baseball,2023,36.0998131,-80.2440518
Jason Ramirez,P,"Princeton, N.J.",baseball,2023,40.3496953,-74.6597376
Jay Mentink,OF,"Lake Tapps, Wash.",baseball,2023,47.2198473,-122.1753933
Jordan Kelly,UTL,"Missouri City, Texas",baseball,2023,29.6185669,-95.5377215
Justin Kim,P,"Cypress, Texas",baseball,2023,29.9691116,-95.6971686
Kaden Kram,C,"Sugar Land, Texas",baseball,2023,29.6196787,-95.6349463
Kasey Gilman,P,"Staten Island, N.Y.",baseball,2023,40.5834557,-74.1496048
Kevin Blowers,INF,"Tampa, Fla.",baseball,2023,27.9449854,-82.4583107
Kyle Vinci,1B,"Mendham, N.J.",baseball,2023,40.775941,-74.6009617
Matt Scannell,OF/P,"Stone Oak, Texas",baseball,2023,29.6493885,-98.4513456
Max Zdimal,P,"Scottsdale, Ariz.",baseball,2023,33.4942189,-111.926018
Nick DiPietrantonio,INF,"Manalapan, N.J.",baseball,2023,40.2852895,-74.333495
Patrick Jarvis,P,"Manhasset, N.Y.",baseball,2023,40.786702,-73.6967338
Richard Ferrer-Westrop,P,"Duluth, Ga.",baseball,2023,34.0028569,-84.1441046
Sean Episcope,P,"Chicago, Ill.",baseball,2023,41.8755616,-87.6244212
Tom Chmielewski,P,"Needham, Mass.",baseball,2023,42.2802645,-71.2360624
Tommy Googins,INF,"Cincinnati, Ohio",baseball,2023,39.1012809,-84.5127405
Will Sword,P,"Cary, N.C.",baseball,2023,35.7873617,-78.7811623
Andrew D'Alessio,P(C),"Staten Island, N.Y.",baseball,2024,40.5834557,-74.1496048
Bryce Gayan,OF,"Seattle, Wash.",baseball,2024,47.6038321,-122.330062
Caden Shapiro,OF(C),"Toronto, Ont.",baseball,2024,43.6534817,-79.3839347
Charlie Wolf,P,"Chicago, Ill.",baseball,2024,41.8755616,-87.6244212
Dylan Zdunek,C/UTL,"San Gabriel, Calif.",baseball,2024,34.0990995,-118.1085554
Elliott Eaton,P,"Washington, D.C.",baseball,2024,38.8950982,-77.0363849
Ethan Hsu,P,San Ramon Calif.,baseball,2024,37.7648021,-121.9544387
Grant Werdesheim,INF,"Studio City, Calif.",baseball,2024,34.1483989,-118.3961877
Isaac Lamson,INF,"Stow, Mass.",baseball,2024,42.4365949,-71.5050009
Jackson Baldrate,P,"McLean, Va.",baseball,2024,38.9366852,-77.185843
Jacob Faulkner,P(C),"Venice, Fla.",baseball,2024,27.0998315,-82.4442832
Jake Bold,C,"La Jolla, Calif.",baseball,2024,32.8458529,-117.2575702
Jake Kernodle,INF,"Charlotte, N.C.",baseball,2024,35.2272086,-80.8430827
Jake Koonin,IF,"Winston Salem, N.C.",baseball,2024,36.0998131,-80.2440518
James Beasley,P,"Herndon, Va.",baseball,2024,38.9695316,-77.3859479
Jay Mentink,OF,"Lake Tapps, Wash.",baseball,2024,47.2198473,-122.1753933
Jordan Kelly,UTL,"Missouri City, Texas",baseball,2024,29.6185669,-95.5377215
Joseph Zorc,INF,"Sterling, Va.",baseball,2024,39.003685,-77.4083096
Justin Kim,P,"Cypress, Texas",baseball,2024,29.9691116,-95.6971686
Kaden Kram,C,"Sugar Land, Texas",baseball,2024,29.6196787,-95.6349463
Kasey Gilman,P,"Staten Island, N.Y.",baseball,2024,40.5834557,-74.1496048
Kevin Blowers,INF,"Tampa, Fla.",baseball,2024,27.9449854,-82.4583107
Liam Kinneen,P,"Lexington, Mass.",baseball,2024,42.4473175,-71.2245003
Max Zdimal,P,"Scottsdale, Ariz.",baseball,2024,33.4942189,-111.926018
Nick Shenefelt,UTL,"Birmingham, Mich.",baseball,2024,42.5467012,-83.2113192
Patrick Jarvis,P,"Manhasset, N.Y.",baseball,2024,40.786702,-73.6967338
Richard Ferrer-Westrop,P,"Duluth, Ga.",baseball,2024,34.0028569,-84.1441046
Sean Episcope,P,"Chicago, Ill.",baseball,2024,41.8755616,-87.6244212
Tommy Googins,INF,"Cincinnati, Ohio",baseball,2024,39.1012809,-84.5127405
Will Robbins,C,"Hillsborough, Calif.",baseball,2024,37.557252,-122.362529
Will Sword,P,"Cary, N.C.",baseball,2024,35.7873617,-78.7811623
Bennett Crerar,INF,"Cheshire, Conn.",baseball,2025,41.4989355,-72.9009925
Brady Kaufman,P/UTL,"Dresden, Ohio",baseball,2025,40.1214579,-82.0106918
Bryce Gayan,OF,"Seattle, Wash.",baseball,2025,47.6038321,-122.330062
Charlie Wolf,P,"Chicago, Ill.",baseball,2025,41.8755616,-87.6244212
Christian Clarke,OF,"Wesley Chapel, Fla.",baseball,2025,28.1866014,-82.366121
Dylan Zdunek,C/UTL,"San Gabriel, Calif.",baseball,2025,34.0990995,-118.1085554
Elliott Eaton,P,"Washington, D.C.",baseball,2025,38.8950982,-77.0363849
Ethan Hsu,P,San Ramon Calif.,baseball,2025,37.7648021,-121.9544387
Grant Werdesheim,INF,"Studio City, Calif.",baseball,2025,34.1483989,-118.3961877
Isaac Lamson,INF,"Stow, Mass.",baseball,2025,42.4365949,-71.5050009
Jackson Baldrate,P,"McLean, Va.",baseball,2025,38.9366852,-77.185843
Jake Kernodle,INF,"Charlotte, N.C.",baseball,2025,35.2272086,-80.8430827
Jake Koonin,INF,"Winston Salem, N.C.",baseball,2025,36.0998131,-80.2440518
James Beasley,P,"Herndon, Va.",baseball,2025,38.9695316,-77.3859479
Jay Mentink,OF,"Lake Tapps, Wash.",baseball,2025,47.2198473,-122.1753933
Joe Montembeau,UTL,"Brookhaven, Ga.",baseball,2025,33.8584368,-84.340203
Joseph Zorc,INF,"Sterling, Va.",baseball,2025,39.003685,-77.4083096
Justin Kim,P,"Cypress, Texas",baseball,2025,29.9691116,-95.6971686
Kasey Gilman,P,"Staten Island, N.Y.",baseball,2025,40.5834557,-74.1496048
Liam Kinneen,P,"Lexington, Mass.",baseball,2025,42.4473175,-71.2245003
Nick Shenefelt,UTL,"Birmingham, Mich.",baseball,2025,42.5467012,-83.2113192
Parker Codington,P,"Virginia Beach, Va.",baseball,2025,36.8496579,-75.9760751
Ryan Penney,P,"Scottsdale, Ariz.",baseball,2025,33.4942189,-111.926018
Tomas Cernius,1B/OF,"Yorba Linda, Calif.",baseball,2025,33.8901096,-117.8249705
Tommy Googins,INF,"Cincinnati, Ohio",baseball,2025,39.1012809,-84.5127405
Vince Menard,P,"Newport Beach, Calif.",baseball,2025,33.6170092,-117.9294401
Will Robbins,C,"Hillsborough, Calif.",baseball,2025,37.557252,-122.362529
Will Sword,P,"Cary, N.C.",baseball,2025,35.7873617,-78.7811623
Bennett Crerar,INF,"Cheshire, Conn.",baseball,2026,41.4989355,-72.9009925
Brady Kaufman,P/UTL,"Dresden, Ohio",baseball,2026,40.1214579,-82.0106918
Bryce Gayan,OF,"Seattle, Wash.",baseball,2026,47.6038321,-122.330062
Charlie Wolf,P,"Chicago, Ill.",baseball,2026,41.8755616,-87.6244212
Christian Clarke,OF,"Wesley Chapel, Fla.",baseball,2026,28.1866014,-82.366121
Dylan Zdunek,C/UTL,"San Gabriel, Calif.",baseball,2026,34.0990995,-118.1085554
Elliott Eaton,P,"Washington, D.C.",baseball,2026,38.8950982,-77.0363849
Grant Werdesheim,INF,"Studio City, Calif.",baseball,2026,34.1483989,-118.3961877
Isaac Lamson,INF,"Stow, Mass.",baseball,2026,42.4365949,-71.5050009
Jackson Baldrate,P,"McLean, Va.",baseball,2026,38.9366852,-77.185843
Jake Kernodle,INF,"Charlotte, N.C.",baseball,2026,35.2272086,-80.8430827
James Beasley,P,"Herndon, Va.",baseball,2026,38.9695316,-77.3859479
Jay Mentink,OF,"Lake Tapps, Wash.",baseball,2026,47.2198473,-122.1753933
Joe Montembeau,UTL,"Brookhaven, Ga.",baseball,2026,33.8584368,-84.340203
Joseph Zorc,INF,"Sterling, Va.",baseball,2026,39.003685,-77.4083096
Kasey Gilman,P,"Staten Island, N.Y.",baseball,2026,40.5834557,-74.1496048
Liam Kinneen,P,"Lexington, Mass.",baseball,2026,42.4473175,-71.2245003
Nick Shenefelt,UTL,"Birmingham, Mich.",baseball,2026,42.5467012,-83.2113192
Parker Codington,P,"Virginia Beach, Va.",baseball,2026,36.8496579,-75.9760751
Ryan Penney,P,"Scottsdale, Ariz.",baseball,2026,33.4942189,-111.926018
Tomas Cernius,1B/OF,"Yorba Linda, Calif.",baseball,2026,33.8901096,-117.8249705
Tommy Googins,INF,"Cincinnati, Ohio",baseball,2026,39.1012809,-84.5127405
Vince Menard,P,"Newport Beach, Calif.",baseball,2026,33.6170092,-117.9294401
Will Robbins,C,"Hillsborough, Calif.",baseball,2026,37.557252,-122.362529
Carlotta von Gierke,MF,"Berlin, Germany",field-hockey,2016,52.5173885,13.3951309
Casey Swezey,MF/ST,"Ambler, Pa.",field-hockey,2016,40.1544727,-75.2221643
Cat Caro,MF/ST,"Bridgewater, N.J.",field-hockey,2016,40.5598127,-74.5517146
Danielle Duseau,MF/B,"Hatfield, Mass.",field-hockey,2016,42.3732087,-72.596091
Elise Wong,MF/B,"Lake Forest, Ill.",field-hockey,2016,42.2586461,-87.8407055
Ellen Dobrijevic,MF,"Sydney, Australia",field-hockey,2016,-33.8698439,151.2082848
Grace Baylis,GK,"London, England",field-hockey,2016,51.5074456,-0.1277653
Hailey Reeves,BK,"West Vancouver, B.C.",field-hockey,2016,49.3311208,-123.159479
Jane Donio-Enscoe,MF/ST,"Hammonton, N.J.",field-hockey,2016,39.6366543,-74.8027651
Krista Hoffman,MF,"Medford, N.J.",field-hockey,2016,39.9009472,-74.8234961
Lexi Quirk,ST,"Needham, Mass.",field-hockey,2016,42.2802645,-71.2360624
Maddie Bacskai,MF,"Berwyn, Pa.",field-hockey,2016,40.0477701,-75.4421325
Nicole Catalino,BK,"Lansdale, Pa.",field-hockey,2016,40.2414952,-75.2837862
Olivia LeSueur,MF,"Greenwich, Conn.",field-hockey,2016,41.0264862,-73.6284598
Rachel Park,ST,"Baltimore, Md.",field-hockey,2016,39.2908816,-76.610759
Ryan McCarthy,ST,"Madison, N.J.",field-hockey,2016,40.7598227,-74.417097
Sarah Brennan,BK,"Princeton, N.J.",field-hockey,2016,40.3496953,-74.6597376
Sarah Holland,B/MF,"Auckland, New Zealand",field-hockey,2016,-36.852095,174.7631803
Sophia Tornetta,ST,"Plymouth Meeting, Pa.",field-hockey,2016,40.102332,-75.2743467
Susan Orth,B,"Moorestown, N.J.",field-hockey,2016,39.9670569,-74.9426677
Taylor Nolan,MF,"Lancaster, Pa.",field-hockey,2016,40.0379958,-76.3056707
Annabeth Donovan,BK,"Unionville, Pa.",field-hockey,2017,40.907282,-77.8755588
Carlotta von Gierke,MF,"Berlin, Germany",field-hockey,2017,52.5173885,13.3951309
Casey Swezey,MF/ST,"Ambler, Pa.",field-hockey,2017,40.1544727,-75.2221643
Clara Roth,MF,"Schwetzingen, Germany",field-hockey,2017,49.3832919,8.5735135
Danielle Duseau,MF/BK,"Hatfield, Mass.",field-hockey,2017,42.3732087,-72.596091
Elise Wong,MF/BK,"Lake Forest, Ill.",field-hockey,2017,42.2586461,-87.8407055
Emma Street,ST,"Düsseldorf, Germany",field-hockey,2017,51.2254018,6.7763137
Grace Baylis,GK,"London, England",field-hockey,2017,51.5074456,-0.1277653
Grace Brightbill,GK,"Alexandria, Va.",field-hockey,2017,38.8051095,-77.0470229
Jane Donio-Enscoe,MF/ST,"Hammonton, N.J.",field-hockey,2017,39.6366543,-74.8027651
Julianna Tornetta,MF,"Plymouth Meeting, Pa.",field-hockey,2017,40.102332,-75.2743467
Krista Hoffman,MF,"Medford, N.J.",field-hockey,2017,39.9009472,-74.8234961
Lexi Quirk,ST,"Needham, Mass.",field-hockey,2017,42.2802645,-71.2360624
Maddie Bacskai,MF,"Berwyn, Pa.",field-hockey,2017,40.0477701,-75.4421325
Margaret Lynch,MF,"Fort Washington, Pa.",field-hockey,2017,40.1478532,-75.1897243
MaryKate Neff,BK,"Villanova, Pa.",field-hockey,2017,40.0411671,-75.3310527
Nicole Catalino,BK,"Lansdale, Pa.",field-hockey,2017,40.2414952,-75.2837862
Rachel Park,ST,"Baltimore, Md.",field-hockey,2017,39.2908816,-76.610759
Ryan McCarthy,ST,"Madison, N.J.",field-hockey,2017,40.7598227,-74.417097
Sarah Brennan,BK,"Princeton, N.J.",field-hockey,2017,40.3496953,-74.6597376
Sarah Holland,B/MF,"Auckland, New Zealand",field-hockey,2017,-36.852095,174.7631803
Sophia Tornetta,ST,"Plymouth Meeting, Pa.",field-hockey,2017,40.102332,-75.2743467
Susan Orth,BK,"Moorestown, N.J.",field-hockey,2017,39.9670569,-74.9426677
Taylor Nolan,MF,"Lancaster, Pa.",field-hockey,2017,40.0379958,-76.3056707
Ali McCarthy,ST,"Madison, N.J.",field-hockey,2018,40.7598227,-74.417097
Annabeth Donovan,BK,"Unionville, Pa.",field-hockey,2018,40.907282,-77.8755588
Carlotta von Gierke,MF/BK,"Berlin, Germany",field-hockey,2018,52.5173885,13.3951309
Casey Swezey,ST,"Ambler, Pa.",field-hockey,2018,40.1544727,-75.2221643
Claire Donovan,BK,"Kennett Square, Pa.",field-hockey,2018,39.8467414,-75.7116997
Clara Roth,ST,"Schwetzingen, Germany",field-hockey,2018,49.3832919,8.5735135
Elise Wong,MF,"Lake Forest, Ill.",field-hockey,2018,42.2586461,-87.8407055
Emma Street,ST,"Düsseldorf, Germany",field-hockey,2018,51.2254018,6.7763137
Gabby Andretta,BK,"Harding, N.J.",field-hockey,2018,39.643448,-75.1218443
Grace Baylis,GK,"London, England",field-hockey,2018,51.5074456,-0.1277653
Grace Brightbill,GK,"Alexandria, Va.",field-hockey,2018,38.8051095,-77.0470229
Hannah Davey,MF,"Derbyshire, England",field-hockey,2018,53.1185033,-1.5566179
Jane Donio-Enscoe,MF/ST,"Hammonton, N.J.",field-hockey,2018,39.6366543,-74.8027651
Julianna Tornetta,MF,"Plymouth Meeting, Pa.",field-hockey,2018,40.102332,-75.2743467
Krista Hoffman,MF,"Medford, N.J.",field-hockey,2018,39.9009472,-74.8234961
Maddie Bacskai,BK,"Berwyn, Pa.",field-hockey,2018,40.0477701,-75.4421325
Margaret Lynch,MF/BK,"Fort Washington, Pa.",field-hockey,2018,40.1478532,-75.1897243
MaryKate Neff,MF,"Villanova, Pa.",field-hockey,2018,40.0411671,-75.3310527
Nicole Catalino,MF,"Lansdale, Pa.",field-hockey,2018,40.2414952,-75.2837862
Sarah Holland,BK/MF,"Auckland, New Zealand",field-hockey,2018,-36.852095,174.7631803
Sophia Tornetta,ST,"Plymouth Meeting, Pa.",field-hockey,2018,40.102332,-75.2743467
Taylor Nolan,ST,"Lancaster, Pa.",field-hockey,2018,40.0379958,-76.3056707
Zoe Shephard,ST,"Cazenovia, N.Y.",field-hockey,2018,42.9300668,-75.8526969
Ali McCarthy,ST,"Madison, N.J.",field-hockey,2019,40.7598227,-74.417097
Autumn Brown,BK,"Rudgwick, West Sussex, England",field-hockey,2019,51.0900272,-0.4491403
Carlotta von Gierke,MF/BK,"Berlin, Germany",field-hockey,2019,52.5173885,13.3951309
Claire Donovan,BK,"Kennett Square, Pa.",field-hockey,2019,39.8467414,-75.7116997
Clara Roth,ST,"Schwetzingen, Germany",field-hockey,2019,49.3832919,8.5735135
Ellie Manriquez,F,"Cos Cob, Conn.",field-hockey,2019,41.0510193,-73.5919491
Emma Street,ST,"Düsseldorf, Germany",field-hockey,2019,51.2254018,6.7763137
Gabby Andretta,BK,"Harding, N.J.",field-hockey,2019,39.643448,-75.1218443
Grace Baylis,GK,"London, England",field-hockey,2019,51.5074456,-0.1277653
Grace Brightbill,GK,"Alexandria, Va.",field-hockey,2019,38.8051095,-77.0470229
Hannah Davey,MF,"Derbyshire, England",field-hockey,2019,53.1185033,-1.5566179
Isla Okkinga,GK,"Berkeley Heights, N.J.",field-hockey,2019,40.6834349,-74.442653
Julianna Tornetta,MF,"Plymouth Meeting, Pa.",field-hockey,2019,40.102332,-75.2743467
Krista Hoffman,MF,"Medford, N.J.",field-hockey,2019,39.9009472,-74.8234961
Maddie Bacskai,BK,"Berwyn, Pa.",field-hockey,2019,40.0477701,-75.4421325
Margaret Lynch,MF/BK,"Fort Washington, Pa.",field-hockey,2019,40.1478532,-75.1897243
MaryKate Neff,MF,"Villanova, Pa.",field-hockey,2019,40.0411671,-75.3310527
Ophélie Bemelmans,F/MF,"Riemst, Limburg, Belgium",field-hockey,2019,50.8115825,5.5978716
Sam Davidson,MF,"North Andover, Mass.",field-hockey,2019,42.7029687,-71.1309117
Sammy Popper,MF,"Blue Bell, Pa.",field-hockey,2019,40.147809,-75.272781
Taylor Nolan,ST,"Lancaster, Pa.",field-hockey,2019,40.0379958,-76.3056707
Zoe Shephard,ST,"Cazenovia, N.Y.",field-hockey,2019,42.9300668,-75.8526969
Autumn Brown,BK,"Rudgwick, West Sussex, England",field-hockey,2020,51.0900272,-0.4491403
Bridget Murphy,F,"Summit, N.J.",field-hockey,2020,40.7182356,-74.3592296
Clara Roth,ST,"Schwetzingen, Germany",field-hockey,2020,49.3832919,8.5735135
Ellie Manriquez,F,"Cos Cob, Conn.",field-hockey,2020,41.0510193,-73.5919491
Emma Street,ST,"Düsseldorf, Germany",field-hockey,2020,51.2254018,6.7763137
Grace Brightbill,GK,"Alexandria, Va.",field-hockey,2020,38.8051095,-77.0470229
Grace Schulze,F,"Greenwich, Conn.",field-hockey,2020,41.0264862,-73.6284598
Gracie McGowan,MF,"Lake Forest, Ill.",field-hockey,2020,42.2586461,-87.8407055
Isla Okkinga,GK,"Berkeley Heights, N.J.",field-hockey,2020,40.6834349,-74.442653
Julianna Tornetta,MF,"Plymouth Meeting, Pa.",field-hockey,2020,40.102332,-75.2743467
Liz Agatucci,MF,"Chapel Hill, N.C.",field-hockey,2020,35.9131542,-79.05578
Maddie Bacskai,BK,"Berwyn, Pa.",field-hockey,2020,40.0477701,-75.4421325
Margaret Lynch,MF/BK,"Fort Washington, Pa.",field-hockey,2020,40.1478532,-75.1897243
MaryKate Neff,MF,"Villanova, Pa.",field-hockey,2020,40.0411671,-75.3310527
Ophélie Bemelmans,F/MF,"Riemst, Limburg, Belgium",field-hockey,2020,50.8115825,5.5978716
Robyn Thompson,G,"Herne, Kent, England",field-hockey,2020,51.3503509,1.1337922
Sammy Popper,MF,"Blue Bell, Pa.",field-hockey,2020,40.147809,-75.272781
Aimee Jungfer,MF/MD,"Sydenham, Victoria, Australia",field-hockey,2021,-37.6997223,144.7653295
Ali McCarthy,ST,"Madison, N.J.",field-hockey,2021,40.7598227,-74.417097
Autumn Brown,BK,"Rudgwick, West Sussex, England",field-hockey,2021,51.0900272,-0.4491403
Beth Yeager,MF,"Greenwich, Conn.",field-hockey,2021,41.0264862,-73.6284598
Bridget Murphy,F,"Summit, N.J.",field-hockey,2021,40.7182356,-74.3592296
Claire Donovan,BK,"Kennett Square, Pa.",field-hockey,2021,39.8467414,-75.7116997
Clare Brennan,F,"Lake Forest, Ill.",field-hockey,2021,42.2586461,-87.8407055
Gabby Andretta,BK,"Harding, N.J.",field-hockey,2021,39.643448,-75.1218443
Grace Schulze,F,"Greenwich, Conn.",field-hockey,2021,41.0264862,-73.6284598
Gracie McGowan,MF,"Lake Forest, Ill.",field-hockey,2021,42.2586461,-87.8407055
Hannah Davey,MF,"Derbyshire, England",field-hockey,2021,53.1185033,-1.5566179
Isla Okkinga,GK,"Berkeley Heights, N.J.",field-hockey,2021,40.6834349,-74.442653
Lily Webb,F,"Wells, England",field-hockey,2021,51.2094511,-2.6451203
Liz Agatucci,MF,"Chapel Hill, N.C.",field-hockey,2021,35.9131542,-79.05578
Ophélie Bemelmans,F/MF,"Riemst, Limburg, Belgium",field-hockey,2021,50.8115825,5.5978716
Peggy Winterborn,MF,"Huntshaw, Devon, England",field-hockey,2021,50.986227,-4.1294116
Phine van Zijl,BK,"Rotterdam, The Netherlands",field-hockey,2021,51.9244424,4.47775
Robyn Thompson,G,"Herne, Kent, England",field-hockey,2021,51.3503509,1.1337922
Sam Davidson,MF,"North Andover, Mass.",field-hockey,2021,42.7029687,-71.1309117
Sammy Popper,MF,"Blue Bell, Pa.",field-hockey,2021,40.147809,-75.272781
Zoe Shephard,ST,"Cazenovia, N.Y.",field-hockey,2021,42.9300668,-75.8526969
Aimee Jungfer,Forward/Midfield,"Sydenham, Victoria, Australia",field-hockey,2022,-37.6997223,144.7653295
Ali McCarthy,Forward,"Madison, N.J.",field-hockey,2022,40.7598227,-74.417097
Autumn Brown,Defense,"Rudgwick, West Sussex, England",field-hockey,2022,51.0900272,-0.4491403
Ava Dempsey,Midfield/Defense,"Chester, England",field-hockey,2022,53.1908873,-2.8908955
Beth Yeager,Midfield,"Greenwich, Conn.",field-hockey,2022,41.0264862,-73.6284598
Bridget Murphy,Foward,"Summit, N.J.",field-hockey,2022,40.7182356,-74.3592296
Claire Donovan,Forward,"Kennett Square, Pa.",field-hockey,2022,39.8467414,-75.7116997
Clare Brennan,Forward/Midfield,"Lake Forest, Ill.",field-hockey,2022,42.2586461,-87.8407055
Ella Hampson,Defense,"Cheshire, England",field-hockey,2022,53.2141028,-2.4717701
Ella Thorburn,Goalie,"Johannesburg, South Africa",field-hockey,2022,-26.205,28.049722
Ellie Manriquez,Forward,"Cos Cob, Conn.",field-hockey,2022,41.0510193,-73.5919491
Gabby Andretta,Defense,"Harding, N.J.",field-hockey,2022,39.643448,-75.1218443
Grace Anne McCooey,Forward,Rumson,field-hockey,2022,40.372054,-73.9990269
Grace Schulze,Forward,"Greenwich, Conn.",field-hockey,2022,41.0264862,-73.6284598
Gracie McGowan,Defense,"Lake Forest, Ill.",field-hockey,2022,42.2586461,-87.8407055
Hannah Davey,Defense,"Derbyshire, England",field-hockey,2022,53.1185033,-1.5566179
Helena Große,Midfield,"Berlin, Germany",field-hockey,2022,52.5173885,13.3951309
Lily Webb,Forward,"Wells, England",field-hockey,2022,51.2094511,-2.6451203
Liz Agatucci,Forward,"Chapel Hill, N.C.",field-hockey,2022,35.9131542,-79.05578
Ophélie Bemelmans,Forward/Midfield,"Riemst, Limburg, Belgium",field-hockey,2022,50.8115825,5.5978716
Peggy Winterborn,Midfield,"Huntshaw, Devon, England",field-hockey,2022,50.986227,-4.1294116
Phine van Zijl,Defense,"Rotterdam, The Netherlands",field-hockey,2022,51.9244424,4.47775
Robyn Thompson,Goalie,"Herne, Kent, England",field-hockey,2022,51.3503509,1.1337922
Sam Davidson,Defense,"North Andover, Mass.",field-hockey,2022,42.7029687,-71.1309117
Sammy Popper,Forward/Defense,"Blue Bell, Pa.",field-hockey,2022,40.147809,-75.272781
Talia Schenck,Forward,"Lawrenceville, N.J.",field-hockey,2022,40.3009876,-74.7373728
Zoe Shephard,Midfield,"Cazenovia, N.Y.",field-hockey,2022,42.9300668,-75.8526969
Aimee Jungfer,Forward/Midfield,"Sydenham, Victoria, Australia",field-hockey,2023,-37.6997223,144.7653295
Ava Dempsey,Midfield/Defense,"Chester, England",field-hockey,2023,53.1908873,-2.8908955
Bridget Murphy,Foward,"Summit, N.J.",field-hockey,2023,40.7182356,-74.3592296
Clare Brennan,Forward/Midfield,"Lake Forest, Ill.",field-hockey,2023,42.2586461,-87.8407055
Ella Cashman,Midfield/Defense,"Surbiton, England",field-hockey,2023,51.3937557,-0.3033105
Ella Hampson,Defense,"Cheshire, England",field-hockey,2023,53.2141028,-2.4717701
Ellie Manriquez,Forward,"Cos Cob, Conn.",field-hockey,2023,41.0510193,-73.5919491
Grace Anne McCooey,Forward,Rumson,field-hockey,2023,40.372054,-73.9990269
Grace Schulze,Forward,"Greenwich, Conn.",field-hockey,2023,41.0264862,-73.6284598
Gracie McGowan,Defense,"Lake Forest, Ill.",field-hockey,2023,42.2586461,-87.8407055
Helena Große,Midfield,"Berlin, Germany",field-hockey,2023,52.5173885,13.3951309
Hope Delaney,Defense,"Radnor, Pa.",field-hockey,2023,40.0448619,-75.3594728
Lily Webb,Forward,"Wells, England",field-hockey,2023,51.2094511,-2.6451203
Liz Agatucci,Forward,"Chapel Hill, N.C.",field-hockey,2023,35.9131542,-79.05578
Lydia Bills,Forward,"Chester, England",field-hockey,2023,53.1908873,-2.8908955
Merle Broex,Forward,"Amsterdam, The Netherlands",field-hockey,2023,52.3730796,4.8924534
Olivia Caponiti,Goalie,"Rye, N.Y.",field-hockey,2023,40.9821371,-73.6840902
Ottilie Sykes,Defense,"Milton, England",field-hockey,2023,52.2422961,0.1604726
Robyn Thompson,Goalie,"Herne, Kent, England",field-hockey,2023,51.3503509,1.1337922
Sam Davidson,Defense,"North Andover, Mass.",field-hockey,2023,42.7029687,-71.1309117
Talia Schenck,Forward,"Lawrenceville, N.J.",field-hockey,2023,40.3009876,-74.7373728
Aimee Jungfer,Forward/Midfield,"Sydenham, Victoria, Australia",field-hockey,2024,-37.6997223,144.7653295
Anna Faulstich,Midfield,"Bromley, England",field-hockey,2024,51.4028046,0.0148142
Ava Dempsey,Midfield/Defense,"Chester, England",field-hockey,2024,53.1908873,-2.8908955
Beth Yeager,Midfield,"Greenwich, Conn.",field-hockey,2024,41.0264862,-73.6284598
Clare Brennan,Forward/Midfield,"Lake Forest, Ill.",field-hockey,2024,42.2586461,-87.8407055
Clem Houlden,Midfield,"Bristol, England",field-hockey,2024,51.4430141,-2.5816622
Ella Cashman,Midfield/Defense,"Surbiton, England",field-hockey,2024,51.3937557,-0.3033105
Ella Hampson,Defense,"Cheshire, England",field-hockey,2024,53.2141028,-2.4717701
Grace Anne McCooey,Forward,Rumson,field-hockey,2024,40.372054,-73.9990269
Grace Schulze,Forward,"Greenwich, Conn.",field-hockey,2024,41.0264862,-73.6284598
Gracie McGowan,Defense,"Lake Forest, Ill.",field-hockey,2024,42.2586461,-87.8407055
Helena Große,Midfield,"Berlin, Germany",field-hockey,2024,52.5173885,13.3951309
Hope Delaney,Defense,"Radnor, Pa.",field-hockey,2024,40.0448619,-75.3594728
Izzy Morgan,Defense,"Winnetka, Ill.",field-hockey,2024,42.1080703,-87.7365286
Libby Smith,Goalie,"Houston, Texas",field-hockey,2024,29.7589382,-95.3676974
Lilly Wojcik,Forward/Midfield,"New Freedom, Pa.",field-hockey,2024,39.7378811,-76.7013609
Lily Webb,Forward,"Wells, England",field-hockey,2024,51.2094511,-2.6451203
Lydia Bills,Forward,"Chester, England",field-hockey,2024,53.1908873,-2.8908955
Molly Nye,Midfield,"Cambridge, Mass.",field-hockey,2024,42.3656347,-71.1040018
Olivia Caponiti,Goalie,"Rye, N.Y.",field-hockey,2024,40.9821371,-73.6840902
Ottilie Sykes,Defense,"Milton, England",field-hockey,2024,52.2422961,0.1604726
Pru Lindsey,Forward,"Nantwich, England",field-hockey,2024,53.0671376,-2.5221184
Robyn Thompson,Goalie,"Herne, Kent, England",field-hockey,2024,51.3503509,1.1337922
Talia Schenck,Forward,"Lawrenceville, N.J.",field-hockey,2024,40.3009876,-74.7373728
Anna Faulstich,Midfield,"Bromley, England",field-hockey,2025,51.4028046,0.0148142
Ava Dempsey,Midfield/Defense,"Chester, England",field-hockey,2025,53.1908873,-2.8908955
Beth Yeager,Midfield,"Greenwich, Conn.",field-hockey,2025,41.0264862,-73.6284598
Caitlin Thompson,Midfield,"Cheltenham, England",field-hockey,2025,51.8995685,-2.0711559
Clem Houlden,Midfield,"Bristol, England",field-hockey,2025,51.4430141,-2.5816622
Ella Cashman,Midfield/Defense,"Surbiton, England",field-hockey,2025,51.3937557,-0.3033105
Ella Hampson,Defense,"Cheshire, England",field-hockey,2025,53.2141028,-2.4717701
Gabriella Anderson,Defense/Midfield,"Williamsburg, Va.",field-hockey,2025,37.2712497,-76.700035
Grace Anne McCooey,Forward,Rumson,field-hockey,2025,40.372054,-73.9990269
Helena Große,Midfield,"Berlin, Germany",field-hockey,2025,52.5173885,13.3951309
Hope Delaney,Defense,"Radnor, Pa.",field-hockey,2025,40.0448619,-75.3594728
Izzy Morgan,Defense,"Winnetka, Ill.",field-hockey,2025,42.1080703,-87.7365286
Kylie Elefante,Goalie,"Cream Ridge, N.J.",field-hockey,2025,40.1312275,-74.5350037
Libby Smith,Goalie,"Houston, Texas",field-hockey,2025,29.7589382,-95.3676974
Lilly Wojcik,Forward/Midfield,"New Freedom, Pa.",field-hockey,2025,39.7378811,-76.7013609
Lydia Bills,Forward,"Chester, England",field-hockey,2025,53.1908873,-2.8908955
Mia Ramirez,Forward,"Princeton, N.J.",field-hockey,2025,40.3496953,-74.6597376
Molly Nye,Midfield,"Cambridge, Mass.",field-hockey,2025,42.3656347,-71.1040018
Olivia Caponiti,Goalie,"Rye, N.Y.",field-hockey,2025,40.9821371,-73.6840902
Ottilie Sykes,Defense,"Milton, England",field-hockey,2025,52.2422961,0.1604726
Pru Lindsey,Forward,"Nantwich, England",field-hockey,2025,53.0671376,-2.5221184
Saylor Milone,Forward/Midfield,"Bryn Mawr, Pa.",field-hockey,2025,40.0238245,-75.3173407
Tabby Vaughan,Midfield,"Wirksworth, England",field-hockey,2025,53.0821999,-1.5732089
Talia Schenck,Forward,"Lawrenceville, N.J.",field-hockey,2025,40.3009876,-74.7373728
Anna Faulstich,Midfield,"Bromley, England",field-hockey,2026,51.4028046,0.0148142
Caitlin Thompson,Midfield,"Cheltenham, England",field-hockey,2026,51.8995685,-2.0711559
Clem Houlden,Midfield,"Bristol, England",field-hockey,2026,51.4430141,-2.5816622
Ella Cashman,Midfield/Defense,"Surbiton, England",field-hockey,2026,51.3937557,-0.3033105
Gabriella Anderson,Defense/Midfield,"Williamsburg, Va.",field-hockey,2026,37.2712497,-76.700035
Hope Delaney,Defense,"Radnor, Pa.",field-hockey,2026,40.0448619,-75.3594728
Izzy Morgan,Defense,"Winnetka, Ill.",field-hockey,2026,42.1080703,-87.7365286
Josie Bianco,Goalie,"Bel Air, Md.",field-hockey,2026,39.5797515,-78.8531894
Kylie Elefante,Goalie,"Cream Ridge, N.J.",field-hockey,2026,40.1312275,-74.5350037
Lilly Cimaroli,Midfield,"Glencoe, Ill.",field-hockey,2026,42.1350268,-87.7581188
Lilly McMahon,Midfield,"Madison, N.J.",field-hockey,2026,40.7598227,-74.417097
Lilly Wojcik,Forward/Midfield,"New Freedom, Pa.",field-hockey,2026,39.7378811,-76.7013609
Lizzie Trant,Forward,"Poquoson, Va.",field-hockey,2026,37.1241861,-76.3921461
Lydia Bills,Forward,"Chester, England",field-hockey,2026,53.1908873,-2.8908955
Mia Ramirez,Forward,"Princeton, N.J.",field-hockey,2026,40.3496953,-74.6597376
Molly Nye,Midfield,"Cambridge, Mass.",field-hockey,2026,42.3656347,-71.1040018
Olivia Caponiti,Goalie,"Rye, N.Y.",field-hockey,2026,40.9821371,-73.6840902
Ottilie Sykes,Defense,"Milton, England",field-hockey,2026,52.2422961,0.1604726
Pru Lindsey,Forward,"Nantwich, England",field-hockey,2026,53.0671376,-2.5221184
Reese Milone,Defense/Midfield,"Bryn Mawr, Pa.",field-hockey,2026,40.0238245,-75.3173407
Savannah Faulkner,Defense/Midfield,"Louisville, Kent.",field-hockey,2026,38.2149009,-85.744472
Saylor Milone,Forward/Midfield,"Bryn Mawr, Pa.",field-hockey,2026,40.0238245,-75.3173407
Tabby Vaughan,Midfield,"Wirksworth, England",field-hockey,2026,53.0821999,-1.5732089
AJ Glass,RB,"Lake Oswego, Ore.",football,2016,45.4206749,-122.670649
Adam Hoffman,DB,"Apple Valley, Minn.",football,2016,44.7319094,-93.21772
Alex Deters,OL,"Cincinnati, Ohio",football,2016,39.1012809,-84.5127405
Alex Dixon,OL,"Alpharetta, Ga.",football,2016,34.0755962,-84.2945964
Alex Ford,DB,"La Canada Flintridge, Calif.",football,2016,34.1998302,-118.2005236
Alex Parkinson,WR,"Mamaroneck, N.Y.",football,2016,40.9487314,-73.7331416
Andre Guest,OL,"Trafford, Pa.",football,2016,40.3821421,-79.7615695
Andrew Griffin,WR,"Avon, Ind.",football,2016,39.7628227,-86.3997168
Anthony Siragusa,LB,"Chagrin Falls, Ohio",football,2016,41.436589,-81.3855058
Ben Ellis,DB,"Memphis, Tenn.",football,2016,35.146026,-90.0517786
Ben Novello,DB,"Tampa, Fla.",football,2016,27.9449854,-82.4583107
Birk Olson,LB,"Monticello, Minn.",football,2016,45.3053901,-93.7939996
Bradley Bourque,OL,"Neptune Beach, Fla.",football,2016,30.311908,-81.3964734
Brannon Jones,DL,"Greenwood Village, Colo.",football,2016,39.6172101,-104.950814
Brent Holder,OL,"Chicago, Ill.",football,2016,41.8755616,-87.6244212
Brett Stewart,DB,"Garden City, N.Y.",football,2016,40.7266477,-73.6343052
Carter Mulroe,LB,"Tampa, Fla.",football,2016,27.9449854,-82.4583107
Chad Kanoff,QB,"Pacific Palisades, Calif.",football,2016,34.0480643,-118.5264706
Chance Melancon,DB,"Allen, Texas",football,2016,33.1031744,-96.6705503
Charles Tomassetti,DL,"Massapequa Park, N.Y.",football,2016,40.6803785,-73.4551241
Charlie Volker,RB,"Fair Haven, N.J.",football,2016,40.3606653,-74.0381947
Chase Williams,LB,"Atlanta, Ga.",football,2016,33.7544657,-84.3898151
Chris Sayan,LS,"Leonia, N.J.",football,2016,40.8617353,-73.9880495
Christian Sullivan,DB,"Marietta, Ga.",football,2016,33.952845,-84.5496054
Christopher Ryan,OL,"Lombard, Ill.",football,2016,41.8864687,-88.0201536
Cody Smith,RB,"Lincoln University, Pa.",football,2016,39.8065518,-75.9287055
Connor Grogan,DB,"Manasquan, N.J.",football,2016,40.126226,-74.049304
Dan Petticord,OL,"Lakewood, Ohio",football,2016,41.4819932,-81.7981908
David Garfunkel,OL,"Yorba Linda, Calif.",football,2016,33.8901096,-117.8249705
David Hartmeier,OL,"Los Angeles, Calif.",football,2016,34.0536909,-118.242766
Deion King,LB,"Buford, Ga.",football,2016,34.1206564,-84.0043513
Dominique Summerville,RB,"Charlotte, N.C.",football,2016,35.2272086,-80.8430827
Dorian Williams,DB,"Streetsboro, Ohio",football,2016,41.239223,-81.345941
Edward Rudinski,LB,"Santa Monica, Calif.",football,2016,34.0194704,-118.491227
Eli Stern,DB,"Los Angeles, Calif.",football,2016,34.0536909,-118.242766
Erik Ramirez,OL,"York, Pa.",football,2016,39.962493,-76.7276989
Evan Perkins,DB,"Menlo Park, Calif.",football,2016,37.4519671,-122.177992
George Attea,OL,"East Amherst, N.Y.",football,2016,43.0183913,-78.696697
Graham Adomitis,TE,"Pittsburgh, Pa.",football,2016,40.4406968,-80.0025666
Hashim Moore,TE,"Fort Lauderdale, Fla.",football,2016,26.1223084,-80.1433786
Hayden Murphy,RB,"Centerville, Mass.",football,2016,41.6499298,-70.3485753
Henry Schlossberg,DL,"Los Angeles, Calif.",football,2016,34.0536909,-118.242766
Hunter Hill,OL,"Roswell, Ga.",football,2016,34.02332,-84.360022
Isaiah Barnes,WR,"Freeport, N.Y.",football,2016,40.6576071,-73.5835826
JT Broyles,OL,"Fleming Island, Fla.",football,2016,24.5810655,-81.7963673
Jack Corso,OL,"Leesburg, Va.",football,2016,39.1154506,-77.5645607
Jack Knight,OL,"Charlotte, N.C.",football,2016,35.2272086,-80.8430827
Jackson Simcox,LB,"Westfield, N.J.",football,2016,40.651726,-74.3483059
Jacob Lewis,RB,"Edmond, Okla.",football,2016,35.6571367,-97.4649038
Jake Strain,DL,"Springfield, Pa.",football,2016,39.9306677,-75.3201879
James Frusciante,WR,"Westport, Conn.",football,2016,41.1414855,-73.3578955
James Gales,DB,"New York, N.Y.",football,2016,40.7127281,-74.0060152
Jay Rolader,DL,"Atlanta, Ga.",football,2016,33.7544657,-84.3898151
Jeremiah Tyler,DL,"Detroit, Mich.",football,2016,42.3315509,-83.0466403
Jesper Horsted,WR,"Shoreview, Minn.",football,2016,45.0722056,-93.1282878
Joe Percival,LB,"Melville, N.Y.",football,2016,40.7835914,-73.4075575
Joe Rhattigan,RB,"Naperville, Ill.",football,2016,41.7728699,-88.1479278
Joe Salter,QB,"West Caldwell, N.J.",football,2016,40.8409329,-74.3018154
Joey DeMarco,DL,"Del Mar, Calif.",football,2016,32.9594891,-117.2653146
John Clarke,WR,"Houston, Texas",football,2016,29.7589382,-95.3676974
John Gearon,DL,"Atlanta, Ga.",football,2016,33.7544657,-84.3898151
John Hummel,DL,"Ofallon, Mo.",football,2016,38.7306235,-90.6859466
John Lovett,QB,"Wantagh, N.Y.",football,2016,40.663289,-73.513589
John Orr,LB,"Nashville, Tenn.",football,2016,36.1622767,-86.7742984
Jordan Argue,WR,"Hartland, Wis.",football,2016,43.105008,-88.3420398
Kahdeem Cohens,WR,"New Haven, Conn.",football,2016,41.3082138,-72.9250518
Kevin Davidson,QB,"Danville, Calif.",football,2016,37.8225892,-122.0008254
Khalil Bryant,DL,"Fleming Island, Fla.",football,2016,24.5810655,-81.7963673
Kurt Holuba,DL,"Ho-Ho-Kus, N.J.",football,2016,40.9976524,-74.110284
Lawrence Wilson,TE,"Portland, Ore.",football,2016,45.5202471,-122.674194
Luke Catarius,LB,"Sandwich, Mass.",football,2016,41.7579043,-70.4968152
Luke Timm,WR,"Poughkeepsie, N.Y.",football,2016,41.7065539,-73.9283672
Mark Fossati,LB,"Upper Saddle River, N.J.",football,2016,41.0585352,-74.0984769
Markus Phox,DB,"Wichita, Kan.",football,2016,37.6922361,-97.3375448
Mason Darrow,OL,"Lake Barrington, Ill.",football,2016,42.2126265,-88.1671535
Matt Hampson,DL,"Pittsburgh, Pa.",football,2016,40.4406968,-80.0025666
Mike Perloski,LB,"Harrisburg, Pa.",football,2016,40.2663107,-76.8861122
Mike Wagner,LB,"Victor, N.Y.",football,2016,42.9825634,-77.4088794
Mitchell Dunay,FB,"Cicero, N.Y.",football,2016,43.1756248,-76.1197209
Mitchell Sweigart,OL,"Washington Boro, Pa.",football,2016,39.9925984,-76.4671863
Nick Fekula,LB,"Monongahela, Pa.",football,2016,39.952475,-79.9556098
Nick Peabody,QB,"West Yarmouth, Mass.",football,2016,41.6507557,-70.2422647
Nico Bayless,LB,"Glendale, Az.",football,2016,33.5386858,-112.185994
Pat Hall,LS,"Pittsburgh, Pa.",football,2016,40.4406968,-80.0025666
Phillip Frost,DB,"Fort Worth, Texas",football,2016,32.753177,-97.3327459
Quincy Wolff,LB,"Atlanta, Ga.",football,2016,33.7544657,-84.3898151
RJ Paige,LB,"West Hartford, Conn.",football,2016,41.7620447,-72.7420399
Reily Radosevich,OL,"Manalapan, N.J.",football,2016,40.2852895,-74.333495
Reinaldo Maristany,WR,"New Rochelle, N.Y.",football,2016,40.9115386,-73.7826363
Richard Bush,OL,"Tampa, Fla.",football,2016,27.9449854,-82.4583107
Rick Raga,LB,"Cincinnati, Ohio",football,2016,39.1012809,-84.5127405
Riley Held,TE,"East Longmeadow, Mass.",football,2016,42.064906,-72.5129296
Rohan Hylton,LB,"Orlando, Fla.",football,2016,28.5421218,-81.379045
Ryan Quigley,RB,"Lansdale, Pa.",football,2016,40.2414952,-75.2837862
Sam Johnson,TE,"Summit, N.J.",football,2016,40.7182356,-74.3592296
Samuel Huffman,DB,"Lima, Ohio",football,2016,40.7399785,-84.105006
Scott Carpenter,TE,"Vienna, Va.",football,2016,38.9013729,-77.2651762
Scott Northcutt,LB,"Plantation, Fla.",football,2016,26.1275862,-80.2331036
Sean Chambers,LB,"Geneva, Ill.",football,2016,41.8875281,-88.3053525
Simeon Lane,DL,"Cincinnati, Ohio",football,2016,39.1012809,-84.5127405
Spencer Cotten,WR,"Winnetka, Ill.",football,2016,42.1080703,-87.7365286
Stefan Ivanisevic,OL,"Hinsdale, Ill.",football,2016,41.8024604,-87.9299841
Stephen Carlson,WR,"Jamestown, N.Y.",football,2016,42.0965167,-79.2380322
Steven Fletcher,OL,"Old Brookville, N.Y.",football,2016,40.8320441,-73.6048493
Steven Mejia,P/K,"Doral, Fla.",football,2016,25.8195424,-80.3553302
TC Schneider,DB,"The Woodlands, Texas",football,2016,30.1734194,-95.504686
TJ Floyd,DB,"Jacksonville, Fla.",football,2016,30.3262247,-81.6579179
Tavish Rice,PK,"Miami, Fla.",football,2016,25.7741566,-80.1935973
Teddy Graves,LB,"Chappaqua, N.Y.",football,2016,41.157284,-73.7676998
Thomas Martello,LB,"Rumson, N.J.",football,2016,40.372054,-73.9990269
Tiger Bech,WR/PR,"Lafayette, La.",football,2016,30.2262187,-92.0178202
Tom Johnson,LB,"Moorestown, N.J.",football,2016,39.9670569,-74.9426677
Trevor Osborne,WR,"Peoria, Az.",football,2016,33.5806115,-112.237294
Ty Desiré,DL,"Uniondale, N.Y.",football,2016,40.7157545,-73.5898872
Tyler Campbell,DB,"Plano, Texas",football,2016,33.0136764,-96.6925096
Tyler Roth,P,"Pittsburgh, Pa.",football,2016,40.4406968,-80.0025666
Will Johnson,WR,"Lexington, Mass.",football,2016,42.4473175,-71.2245003
Zach Keller,QB,"Basking Ridge, N.J.",football,2016,40.7064088,-74.5492725
Zach Kelly,QB,"Clinton, La.",football,2016,30.8657362,-91.0156594
Zach Kuehm,OL,"Mountain Lakes, N.J.",football,2016,40.8948212,-74.4329314
Adam Buchanan,TE,"Lynnfield, Mass.",football,2017,42.5389836,-71.0481084
Adam Hoffman,DB,"Apple Valley, Minn.",football,2017,44.7319094,-93.21772
Alex Deters,OL,"Cincinnati, Ohio",football,2017,39.1012809,-84.5127405
Alex Parkinson,WR,"Mamaroneck, N.Y.",football,2017,40.9487314,-73.7331416
Andre Guest,OL,"Trafford, Pa.",football,2017,40.3821421,-79.7615695
Andrew Griffin,WR,"Avon, Ind.",football,2017,39.7628227,-86.3997168
Anthony Siragusa,LB,"Chagrin Falls, Ohio",football,2017,41.436589,-81.3855058
Antonio Ferrer,P,"Miami, Fla.",football,2017,25.7741566,-80.1935973
Austin Carbone,DB,"Richardson, Texas",football,2017,32.9481789,-96.7297206
Ben Ellis,DB,"Memphis, Tenn.",football,2017,35.146026,-90.0517786
Ben Novello,DB,"Tampa, Fla.",football,2017,27.9449854,-82.4583107
Bradley Bourque,OL,"Neptune Beach, Fla.",football,2017,30.311908,-81.3964734
Brent Holder,OL,"Chicago, Ill.",football,2017,41.8755616,-87.6244212
Brett Stewart,DB,"Garden City, N.Y.",football,2017,40.7266477,-73.6343052
CJ Wall,DB,"Plano, Texas",football,2017,33.0136764,-96.6925096
Carter Mulroe,LB,"Tampa, Fla.",football,2017,27.9449854,-82.4583107
Cash Goodhart,WR,"Sunnyvale, Texas",football,2017,32.7965165,-96.5608242
Chad Kanoff,QB(C),"Pacific Palisades, Calif.",football,2017,34.0480643,-118.5264706
Chance Melancon,DB,"Allen, Texas",football,2017,33.1031744,-96.6705503
Charles Tomassetti,DL,"Massapequa Park, N.Y.",football,2017,40.6803785,-73.4551241
Charlie Volker,RB,"Fair Haven, N.J.",football,2017,40.3606653,-74.0381947
Chase Williams,LB,"Atlanta, Ga.",football,2017,33.7544657,-84.3898151
Chris Sayan,LS,"Leonia, N.J.",football,2017,40.8617353,-73.9880495
Christian Sullivan,DB,"Marietta, Ga.",football,2017,33.952845,-84.5496054
Christopher Ryan,OL,"Lombard, Ill.",football,2017,41.8864687,-88.0201536
Cody Smith,RB,"Lincoln University, Pa.",football,2017,39.8065518,-75.9287055
Cole Smith,QB,"Knoxville, Tenn.",football,2017,35.9603948,-83.9210261
Collin Eaddy,RB,"Raleigh, N.C.",football,2017,35.7803977,-78.6390989
Connor Mills,DL,"Buford, Ga.",football,2017,34.1206564,-84.0043513
David Garfunkel,OL,"Yorba Linda, Calif.",football,2017,33.8901096,-117.8249705
David Hartmeier,OL,"Los Angeles, Calif.",football,2017,34.0536909,-118.242766
David Harvey,LB,"Mt. Lebanon, Pa.",football,2017,40.3765,-80.0508
David Hoffman,OL,"Basking Ridge, N.J.",football,2017,40.7064088,-74.5492725
Deion King,LB,"Buford, Ga.",football,2017,34.1206564,-84.0043513
Delan Stallworth,DB,"Cincinnati, Ohio",football,2017,39.1012809,-84.5127405
Dominique Summerville,RB,"Charlotte, N.C.",football,2017,35.2272086,-80.8430827
EJ Caldwell,RB,"Columbus, Ohio",football,2017,39.9622601,-83.0007065
Edward Rudinski,LB,"Santa Monica, Calif.",football,2017,34.0194704,-118.491227
Eli Stern,DB,"Los Angeles, Calif.",football,2017,34.0536909,-118.242766
Erik Ramirez,OL,"York, Pa.",football,2017,39.962493,-76.7276989
George Attea,OL,"East Amherst, N.Y.",football,2017,43.0183913,-78.696697
Graham Adomitis,TE,"Pittsburgh, Pa.",football,2017,40.4406968,-80.0025666
Hayden Murphy,RB,"Centerville, Mass.",football,2017,41.6499298,-70.3485753
Ian Lawrie,DB,"Hague, N.Y.",football,2017,43.745559,-73.4984768
JT Broyles,OL,"Fleming Island, Fla.",football,2017,24.5810655,-81.7963673
Jack Corso,OL,"Leesburg, Va.",football,2017,39.1154506,-77.5645607
Jackson Simcox,LB,"Westfield, N.J.",football,2017,40.651726,-74.3483059
Jacob Birmelin,WR,"Royal Palm Beach, Fla.",football,2017,26.7050822,-80.2279519
Jacob Lewis,RB,"Edmond, Okla.",football,2017,35.6571367,-97.4649038
Jake Strain,DL,"Springfield, Pa.",football,2017,39.9306677,-75.3201879
James Johnson,LB,"Moorestown, N.J.",football,2017,39.9670569,-74.9426677
Jay Rolader,DL,"Atlanta, Ga.",football,2017,33.7544657,-84.3898151
Jesper Horsted,WR,"Shoreview, Minn.",football,2017,45.0722056,-93.1282878
Joe Percival,LB,"Melville, N.Y.",football,2017,40.7835914,-73.4075575
Joe Salter,QB,"West Caldwell, N.J.",football,2017,40.8409329,-74.3018154
John Clarke,WR,"Houston, Texas",football,2017,29.7589382,-95.3676974
John Lovett,QB(C),"Wantagh, N.Y.",football,2017,40.663289,-73.513589
John Orr,LB,"Nashville, Tenn.",football,2017,36.1622767,-86.7742984
John Santillo,DB,"Ponte Vedra Beach, Fla.",football,2017,30.2396865,-81.3856384
John Tracy,QB,"Novi, Mich.",football,2017,42.48059,-83.4754913
Jordan Argue,WR,"Hartland, Wis.",football,2017,43.105008,-88.3420398
Kevin Davidson,QB,"Danville, Calif.",football,2017,37.8225892,-122.0008254
Khalil Bryant,DL,"Fleming Island, Fla.",football,2017,24.5810655,-81.7963673
Kurt Holuba,DL(C),"Ho-Ho-Kus, N.J.",football,2017,40.9976524,-74.110284
Luke Montgomery,WR,"Springfield, Mo.",football,2017,37.2081729,-93.2922715
Luke Turner,DB,"Naperville, Ill.",football,2017,41.7728699,-88.1479278
Mark Fossati,LB,"Upper Saddle River, N.J.",football,2017,41.0585352,-74.0984769
Matt Hampson,DL,"Pittsburgh, Pa.",football,2017,40.4406968,-80.0025666
Matthew Winston,DB,"Hoschton, Ga.",football,2017,34.096496,-83.7612839
Mike Perloski,LB,"Harrisburg, Pa.",football,2017,40.2663107,-76.8861122
Mike Wagner,LB,"Victor, N.Y.",football,2017,42.9825634,-77.4088794
Mitchell Dunay,FB,"Cicero, N.Y.",football,2017,43.1756248,-76.1197209
Mitchell Sweigart,OL,"Washington Boro, Pa.",football,2017,39.9925984,-76.4671863
Nick Peabody,TE,"West Yarmouth, Mass.",football,2017,41.6507557,-70.2422647
Nico Bayless,LB,"Glendale, Az.",football,2017,33.5386858,-112.185994
Nicolas Ramos,PK,"Miami, Fla.",football,2017,25.7741566,-80.1935973
Nikola Ivanisevic,OL,"Hinsdale, Ill.",football,2017,41.8024604,-87.9299841
Phillip Frost,DB,"Fort Worth, Texas",football,2017,32.753177,-97.3327459
Quincy Wolff,LB,"Atlanta, Ga.",football,2017,33.7544657,-84.3898151
Reily Radosevich,OL,"Manalapan, N.J.",football,2017,40.2852895,-74.333495
Reinaldo Maristany,WR,"New Rochelle, N.Y.",football,2017,40.9115386,-73.7826363
Richard Bush,OL,"Tampa, Fla.",football,2017,27.9449854,-82.4583107
Rick Raga,LB,"Cincinnati, Ohio",football,2017,39.1012809,-84.5127405
Ryan Huth,OL,"Cream Ridge, N.J.",football,2017,40.1312275,-74.5350037
Ryan McNeil,LS,"Marblehead, Mass.",football,2017,42.500096,-70.8578253
Ryan Quigley,RB,"Lansdale, Pa.",football,2017,40.2414952,-75.2837862
Sam Johnson,TE,"Summit, N.J.",football,2017,40.7182356,-74.3592296
Samuel Wright II,DL,"Lawrenceville, Ga.",football,2017,33.9566391,-83.9890066
Simeon Lane,DL,"Cincinnati, Ohio",football,2017,39.1012809,-84.5127405
Spencer Cotten,WR,"Winnetka, Ill.",football,2017,42.1080703,-87.7365286
Stefan Ivanisevic,OL,"Hinsdale, Ill.",football,2017,41.8024604,-87.9299841
Stephen Carlson,WR,"Jamestown, N.Y.",football,2017,42.0965167,-79.2380322
Steven Fletcher,OL,"Old Brookville, N.Y.",football,2017,40.8320441,-73.6048493
Steven Mejia,P/K,"Doral, Fla.",football,2017,25.8195424,-80.3553302
Sultaan Shabazz,DB,"College Park, Ga.",football,2017,33.6534427,-84.4493725
TC Schneider,DB,"The Woodlands, Texas",football,2017,30.1734194,-95.504686
TJ Floyd,DB,"Jacksonville, Fla.",football,2017,30.3262247,-81.6579179
Tavaris Noel,LB,"Yorktown, Va.",football,2017,37.2356655,-76.5136495
Tavish Rice,PK,"Miami, Fla.",football,2017,25.7741566,-80.1935973
Thomas Martello,LB,"Rumson, N.J.",football,2017,40.372054,-73.9990269
Tiger Bech,WR/PR,"Lafayette, La.",football,2017,30.2262187,-92.0178202
Tom Johnson,LB,"Moorestown, N.J.",football,2017,39.9670569,-74.9426677
Trevor Forbes,DB,"Memphis, Tenn.",football,2017,35.146026,-90.0517786
Tyler Campbell,DB,"Plano, Texas",football,2017,33.0136764,-96.6925096
Tyler McDonald,LB,"Clearwater, Fla.",football,2017,27.9658533,-82.8001026
Will Johnson,DB,"Lexington, Mass.",football,2017,42.4473175,-71.2245003
Zach Keller,QB,"Basking Ridge, N.J.",football,2017,40.7064088,-74.5492725
Zach Kelly,WR,"Clinton, La.",football,2017,30.8657362,-91.0156594
Zach Kuehm,OL,"Mountain Lakes, N.J.",football,2017,40.8948212,-74.4329314
Adam Buchanan,TE,"Lynnfield, Mass.",football,2018,42.5389836,-71.0481084
Alex Deters,OL,"Cincinnati, Ohio",football,2018,39.1012809,-84.5127405
Alex Kilander,DL,"Santa Margarita, Calif.",football,2018,35.3899734,-120.609057
Alex Parkinson,WR,"Mamaroneck, N.Y.",football,2018,40.9487314,-73.7331416
Andre Guest,OL,"Trafford, Pa.",football,2018,40.3821421,-79.7615695
Andrei Iosivas,WR,"Honolulu, Hawaii",football,2018,21.304547,-157.855676
Andrew Griffin,WR,"Avon, Ind.",football,2018,39.7628227,-86.3997168
Anthony Siragusa,LB,"Chagrin Falls, Ohio",football,2018,41.436589,-81.3855058
Antonio Ferrer,P,"Miami, Fla.",football,2018,25.7741566,-80.1935973
Austin Carbone,WR,"Richardson, Texas",football,2018,32.9481789,-96.7297206
Ben Ellis,DB,"Memphis, Tenn.",football,2018,35.146026,-90.0517786
Ben Novello,DB,"Tampa, Fla.",football,2018,27.9449854,-82.4583107
Bradley Bourque,OL,"Neptune Beach, Fla.",football,2018,30.311908,-81.3964734
Brent Holder,OL,"Chicago, Ill.",football,2018,41.8755616,-87.6244212
Brett Stewart,DB,"Garden City, N.Y.",football,2018,40.7266477,-73.6343052
Brevin White,QB,"Stevenson Ranch, Calif.",football,2018,34.3947903,-118.5885327
CJ Wall,DB,"Plano, Texas",football,2018,33.0136764,-96.6925096
Caden Dumas,TE,"Holden, Mass.",football,2018,42.3560836,-71.8623548
Carson Bobo,TE,"Birmingham, Ala.",football,2018,33.5206824,-86.8024326
Cash Goodhart,WR,"Sunnyvale, Texas",football,2018,32.7965165,-96.5608242
Charles Tomassetti,DL,"Massapequa Park, N.Y.",football,2018,40.6803785,-73.4551241
Charlie Volker,RB,"Fair Haven, N.J.",football,2018,40.3606653,-74.0381947
Chase Williams,LB,"Atlanta, Ga.",football,2018,33.7544657,-84.3898151
Chris Sayan,LS,"Leonia, N.J.",football,2018,40.8617353,-73.9880495
Christian Brown,DB,"Delray Beach, Fla.",football,2018,26.4614625,-80.0728201
Christian Sullivan,DB,"Marietta, Ga.",football,2018,33.952845,-84.5496054
Christopher Ryan,OL,"Lombard, Ill.",football,2018,41.8864687,-88.0201536
Ché Rogers,DB,"Tacoma, Wash.",football,2018,47.2455013,-122.438329
Cody Smith,RB,"Lincoln University, Pa.",football,2018,39.8065518,-75.9287055
Cole Smith,QB,"Knoxville, Tenn.",football,2018,35.9603948,-83.9210261
Collin Eaddy,RB,"Raleigh, N.C.",football,2018,35.7803977,-78.6390989
Connor Scaglione,OL,"Closter, N.J.",football,2018,40.9731536,-73.9615262
Daniel Beard,LB,"Mobile, Ala.",football,2018,30.6913462,-88.0437509
David Garfunkel,OL,"Yorba Linda, Calif.",football,2018,33.8901096,-117.8249705
David Hoffman,OL,"Basking Ridge, N.J.",football,2018,40.7064088,-74.5492725
Davis Kline,RB,"Everett, Pa.",football,2018,40.0114711,-78.3733484
Dawson De Iuliis,S,"Yardley, Pa.",football,2018,40.242506,-74.8389704
Delan Stallworth,DB,"Cincinnati, Ohio",football,2018,39.1012809,-84.5127405
Dominique Summerville,RB,"Charlotte, N.C.",football,2018,35.2272086,-80.8430827
Dylan Classi,WR,"Englewood Cliffs, N.J.",football,2018,40.8853773,-73.9523597
EJ Caldwell,RB,"Columbus, Ohio",football,2018,39.9622601,-83.0007065
Edward Rudinski,LB,"Santa Monica, Calif.",football,2018,34.0194704,-118.491227
Eli Stern,DB,"Los Angeles, Calif.",football,2018,34.0536909,-118.242766
Emmett McNamara,DL,"Little Silver, N.J.",football,2018,40.3367769,-74.0470837
Ford Roberts,OL,"Duluth, Ga.",football,2018,34.0028569,-84.1441046
George Attea,OL,"East Amherst, N.Y.",football,2018,43.0183913,-78.696697
George Triplett,P,"Elkins, W.V.",football,2018,38.9286659,-79.8651208
Graham Adomitis,TE,"Pittsburgh, Pa.",football,2018,40.4406968,-80.0025666
Harrison Caponiti,TE,"Rye, N.Y.",football,2018,40.9821371,-73.6840902
Henry Byrd,OL,"Nashville, Tenn.",football,2018,36.1622767,-86.7742984
Ian Lawrie,DB,"Hague, N.Y.",football,2018,43.745559,-73.4984768
Ike Hall,LB,"San Diego, Calif.",football,2018,32.7157062,-117.1638284
Jack Carter,OL,"Davidson, N.C.",football,2018,35.7902384,-80.2115053
Jack Corso,OL,"Leesburg, Va.",football,2018,39.1154506,-77.5645607
Jackson Simcox,LB,"Westfield, N.J.",football,2018,40.651726,-74.3483059
Jacob Birmelin,WR,"Royal Palm Beach, Fla.",football,2018,26.7050822,-80.2279519
Jake Strain,DL,"Springfield, Pa.",football,2018,39.9306677,-75.3201879
James Johnson,LB,"Moorestown, N.J.",football,2018,39.9670569,-74.9426677
Jay Rolader,DL,"Atlanta, Ga.",football,2018,33.7544657,-84.3898151
Jeremiah Tyler,LB,"Detroit, Mich.",football,2018,42.3315509,-83.0466403
Jesper Horsted,WR,"Shoreview, Minn.",football,2018,45.0722056,-93.1282878
Joe Percival,LB,"Melville, N.Y.",football,2018,40.7835914,-73.4075575
Joey DeMarco,DL,"Del Mar, Calif.",football,2018,32.9594891,-117.2653146
John Lovett,QB(C),"Wantagh, N.Y.",football,2018,40.663289,-73.513589
John Orr,LB,"Nashville, Tenn.",football,2018,36.1622767,-86.7742984
John Santillo,DB,"Ponte Vedra Beach, Fla.",football,2018,30.2396865,-81.3856384
John Tracy,QB,"Novi, Mich.",football,2018,42.48059,-83.4754913
Jordan Argue,WR,"Hartland, Wis.",football,2018,43.105008,-88.3420398
Kevin Bruce,LB,"Needham, Mass.",football,2018,42.2802645,-71.2360624
Kevin Davidson,QB,"Danville, Calif.",football,2018,37.8225892,-122.0008254
Kurt Holuba,DL(C),"Ho-Ho-Kus, N.J.",football,2018,40.9976524,-74.110284
Larkin Ison,LB,"Augusta, Ga.",football,2018,33.4709714,-81.9748429
Luke Aschenbrand,OL,"Phoenix, Az.",football,2018,33.4484367,-112.074141
Luke Montgomery,WR,"Springfield, Mo.",football,2018,37.2081729,-93.2922715
Manus McCracken,LB,"Mt. Carmel, Pa.",football,2018,40.7968393,-76.4131097
Mark Fossati,LB(C),"Upper Saddle River, N.J.",football,2018,41.0585352,-74.0984769
Matt Hampson,DL,"Pittsburgh, Pa.",football,2018,40.4406968,-80.0025666
Matthew Jester,LB,"Spring, Texas",football,2018,30.070979,-95.4013419
Matthew Winston,DB,"Hoschton, Ga.",football,2018,34.096496,-83.7612839
Michael Azevedo,DE,"San Diego, Calif.",football,2018,32.7157062,-117.1638284
Michael Polk,WR,"Long Beach, Calif.",football,2018,33.7690164,-118.191604
Mike Wagner,LB,"Victor, N.Y.",football,2018,42.9825634,-77.4088794
Mitch Stroebel,WR,"Cedarburg, Wis.",football,2018,43.2966545,-87.9875348
Nicolas Ramos,PK,"Miami, Fla.",football,2018,25.7741566,-80.1935973
Nikola Ivanisevic,OL,"Hinsdale, Ill.",football,2018,41.8024604,-87.9299841
Phillip Frost,DB,"Fort Worth, Texas",football,2018,32.753177,-97.3327459
Preston Parsons,WR,"Hanover, N.H.",football,2018,43.7023545,-72.2892164
Reily Radosevich,OL,"Manalapan, N.J.",football,2018,40.2852895,-74.333495
Rick Raga,FB,"Cincinnati, Ohio",football,2018,39.1012809,-84.5127405
Riley Held,TE,"East Longmeadow, Mass.",football,2018,42.064906,-72.5129296
Ryan Huth,OL,"Cream Ridge, N.J.",football,2018,40.1312275,-74.5350037
Ryan McNeil,LS,"Marblehead, Mass.",football,2018,42.500096,-70.8578253
Ryan Quigley,RB,"Lansdale, Pa.",football,2018,40.2414952,-75.2837862
Sam Johnson,TE,"Summit, N.J.",football,2018,40.7182356,-74.3592296
Samuel Wright II,DL,"Lawrenceville, Ga.",football,2018,33.9566391,-83.9890066
Sean Chambers,LB,"Geneva, Ill.",football,2018,41.8875281,-88.3053525
Simeon Lane,DL,"Cincinnati, Ohio",football,2018,39.1012809,-84.5127405
Stefan Ivanisevic,OL,"Hinsdale, Ill.",football,2018,41.8024604,-87.9299841
Stephen Carlson,WR,"Jamestown, N.Y.",football,2018,42.0965167,-79.2380322
Steven Mejia,P/K,"Doral, Fla.",football,2018,25.8195424,-80.3553302
Sultaan Shabazz,DB,"College Park, Ga.",football,2018,33.6534427,-84.4493725
TC Schneider,DB,"The Woodlands, Texas",football,2018,30.1734194,-95.504686
TJ Floyd,DB,"Jacksonville, Fla.",football,2018,30.3262247,-81.6579179
Tavaris Noel,LB,"Yorktown, Va.",football,2018,37.2356655,-76.5136495
Tavish Rice,PK,"Miami, Fla.",football,2018,25.7741566,-80.1935973
Tiger Bech,WR/PR,"Lafayette, La.",football,2018,30.2262187,-92.0178202
Tola Banjoko,DL,"Fort McMurray, Alberta",football,2018,56.7291997,-111.3885221
Tom Johnson,LB(C),"Moorestown, N.J.",football,2018,39.9670569,-74.9426677
Trevor Forbes,DB,"Memphis, Tenn.",football,2018,35.146026,-90.0517786
Trey Gray,RB,"Greenville, S.C.",football,2018,34.851354,-82.3984882
Tyler Campbell,RB,"Plano, Texas",football,2018,33.0136764,-96.6925096
Tyler McDonald,LB,"Clearwater, Fla.",football,2018,27.9658533,-82.8001026
Uche Ndukwe,DL,"Dedham, Mass.",football,2018,42.2481895,-71.1734418
Will Johnson,DB,"Lexington, Mass.",football,2018,42.4473175,-71.2245003
Zach Beagle,LB,"Rockledge, Fla.",football,2018,28.330831,-80.7349162
Zach Keller,QB,"Basking Ridge, N.J.",football,2018,40.7064088,-74.5492725
Zach Kelly,WR,"Clinton, La.",football,2018,30.8657362,-91.0156594
Zackary Zambrano,OL,"Fort Lauderdale, Fla.",football,2018,26.1223084,-80.1433786
Adam Buchanan,DL,"Lynnfield, Mass.",football,2019,42.5389836,-71.0481084
Alex Cherry,WR,"Norwood, Mass.",football,2019,42.194543,-71.1994976
Alex Deters,OL,"Cincinnati, Ohio",football,2019,39.1012809,-84.5127405
Alex Kilander,DL,"Santa Margarita, Calif.",football,2019,35.3899734,-120.609057
Andrei Iosivas,WR,"Honolulu, Hawaii",football,2019,21.304547,-157.855676
Andrew Griffin,WR,"Avon, Ind.",football,2019,39.7628227,-86.3997168
Anthony Corbin,LB,"Hackettstown, N.J.",football,2019,40.8538589,-74.8292553
Antonio Ferrer,P,"Miami, Fla.",football,2019,25.7741566,-80.1935973
Austin Carbone,WR,"Richardson, Texas",football,2019,32.9481789,-96.7297206
Blake Feigenspan,OL,"Kaneohe, Hawaii",football,2019,21.418555,-157.804184
Brent Holder,OL,"Chicago, Ill.",football,2019,41.8755616,-87.6244212
Brevin White,QB,"Stevenson Ranch, Calif.",football,2019,34.3947903,-118.5885327
Caden Dumas,TE,"Holden, Mass.",football,2019,42.3560836,-71.8623548
Carson Bobo,TE,"Birmingham, Ala.",football,2019,33.5206824,-86.8024326
Carter Christopher,DL,"Hershey, Pa.",football,2019,40.2850285,-76.6534662
Charles Tomassetti,DL,"Massapequa Park, N.Y.",football,2019,40.6803785,-73.4551241
Chase Williams,DB,"Atlanta, Ga.",football,2019,33.7544657,-84.3898151
Chiago Anyanwu,RB,"Hershey, Pa.",football,2019,40.2850285,-76.6534662
Chris Sayan,LS,"Leonia, N.J.",football,2019,40.8617353,-73.9880495
Christian Brown,DB,"Delray Beach, Fla.",football,2019,26.4614625,-80.0728201
Christian Sullivan,DB,"Marietta, Ga.",football,2019,33.952845,-84.5496054
Ché Rogers,DB,"Tacoma, Wash.",football,2019,47.2455013,-122.438329
Cole Aubrey,LB,"Laguna Niguel, Calif.",football,2019,33.5225261,-117.7075526
Cole Smith,QB,"Knoxville, Tenn.",football,2019,35.9603948,-83.9210261
Collin Eaddy,RB,"Raleigh, N.C.",football,2019,35.7803977,-78.6390989
Connor Scaglione,OL,"Closter, N.J.",football,2019,40.9731536,-73.9615262
Daiveon Carrington,S,"Raleigh, N.C.",football,2019,35.7803977,-78.6390989
Daniel Beard,LB,"Mobile, Ala.",football,2019,30.6913462,-88.0437509
David Garfunkel,OL,"Yorba Linda, Calif.",football,2019,33.8901096,-117.8249705
David Harvey,FB,"Mt. Lebanon, Pa.",football,2019,40.3765,-80.0508
David Hoffman,OL,"Basking Ridge, N.J.",football,2019,40.7064088,-74.5492725
Davis Kline,RB,"Everett, Pa.",football,2019,40.0114711,-78.3733484
Dawson De Iuliis,S,"Yardley, Pa.",football,2019,40.242506,-74.8389704
Delan Stallworth,DB,"Cincinnati, Ohio",football,2019,39.1012809,-84.5127405
Dylan Classi,WR,"Englewood Cliffs, N.J.",football,2019,40.8853773,-73.9523597
Eddie Duggan,TE,"Norwood, Mass.",football,2019,42.194543,-71.1994976
Ford Roberts,OL,"Duluth, Ga.",football,2019,34.0028569,-84.1441046
George Triplett,P,"Elkins, W.V.",football,2019,38.9286659,-79.8651208
Graham Adomitis,TE,"Pittsburgh, Pa.",football,2019,40.4406968,-80.0025666
Harrison Caponiti,TE,"Rye, N.Y.",football,2019,40.9821371,-73.6840902
Henry Byrd,OL,"Nashville, Tenn.",football,2019,36.1622767,-86.7742984
Ian Lawrie,DB,"Hague, N.Y.",football,2019,43.745559,-73.4984768
Ike Hall,LB,"San Diego, Calif.",football,2019,32.7157062,-117.1638284
Jacob Birmelin,WR,"Royal Palm Beach, Fla.",football,2019,26.7050822,-80.2279519
Jake Strain,DL,"Springfield, Pa.",football,2019,39.9306677,-75.3201879
James Johnson,LB,"Moorestown, N.J.",football,2019,39.9670569,-74.9426677
James Stagg,DL,"Phoenix, Ariz.",football,2019,33.4484367,-112.074141
Jayden Wickware,DB,"San Diego, Calif.",football,2019,32.7157062,-117.1638284
Jaylen Bailey,LB,"Framingham, Mass.",football,2019,42.2773177,-71.4165905
Jeremiah Tyler,LB,"Detroit, Mich.",football,2019,42.3315509,-83.0466403
Joey DeMarco,DL,"Del Mar, Calif.",football,2019,32.9594891,-117.2653146
John Orr,LB,"Nashville, Tenn.",football,2019,36.1622767,-86.7742984
John Santillo,DB,"Ponte Vedra Beach, Fla.",football,2019,30.2396865,-81.3856384
John Tracy,QB,"Novi, Mich.",football,2019,42.48059,-83.4754913
Jonathan Boyd,OL,"West Sacramento, Calif.",football,2019,38.5804609,-121.530234
Joseph Bonczek,LB,"Northfield, N.J.",football,2019,39.3703942,-74.5501546
Joseph Dalsey,LB,"Medford, N.J.",football,2019,39.9009472,-74.8234961
Joseph Hutchinson,QB,"Bailey, Miss.",football,2019,32.4676412,-88.7228236
Ken Lim,DB,"Thorofare, N.J.",football,2019,39.8539265,-75.1982182
Kevin Bruce,LB,"Needham, Mass.",football,2019,42.2802645,-71.2360624
Kevin Davidson,QB,"Danville, Calif.",football,2019,37.8225892,-122.0008254
Kurt Bernard,OL,"Coral Springs, Fla.",football,2019,26.271192,-80.2706044
Larkin Ison,LB,"Augusta, Ga.",football,2019,33.4709714,-81.9748429
Lucas Warfield,RB,"Bowie, Md.",football,2019,39.0080601,-76.7797899
Luke Aschenbrand,OL,"Phoenix, Az.",football,2019,33.4484367,-112.074141
Luke Gibson,TE,"San Antonio, Texas",football,2019,29.4246002,-98.4951405
Luke Montgomery,WR,"Springfield, Mo.",football,2019,37.2081729,-93.2922715
Luke Timm,WR,"Poughkeepsie, N.Y.",football,2019,41.7065539,-73.9283672
Manus McCracken,LB,"Mt. Carmel, Pa.",football,2019,40.7968393,-76.4131097
Matthew Jester,LB,"Spring, Texas",football,2019,30.070979,-95.4013419
Matthew Winston,DB,"Hoschton, Ga.",football,2019,34.096496,-83.7612839
Michael Axelrood,WR,"Evanston, Ill.",football,2019,42.0470043,-87.6846053
Michael Azevedo,DE,"San Diego, Calif.",football,2019,32.7157062,-117.1638284
Michael Polk,WR,"Long Beach, Calif.",football,2019,33.7690164,-118.191604
Michael Ruttlen Jr.,DB,"Mount Juliet, Tenn.",football,2019,36.200055,-86.5186054
Mitch Stroebel,WR,"Cedarburg, Wis.",football,2019,43.2966545,-87.9875348
Nick Basten,OL,"Woodbury, Minn.",football,2019,44.919896,-92.9339449
Nicolas Ramos,PK,"Miami, Fla.",football,2019,25.7741566,-80.1935973
Nikola Ivanisevic,OL,"Hinsdale, Ill.",football,2019,41.8024604,-87.9299841
Phillip Frost,DB,"Fort Worth, Texas",football,2019,32.753177,-97.3327459
Reece Hite,DL,"Laguna Niguel, Calif.",football,2019,33.5225261,-117.7075526
Richard Krebs,OL,"Huntington Beach, Calif.",football,2019,33.6783336,-118.000016
Rick Raga,FB,"Cincinnati, Ohio",football,2019,39.1012809,-84.5127405
Riley Held,OL,"East Longmeadow, Mass.",football,2019,42.064906,-72.5129296
Ryan Huth,OL,"Cream Ridge, N.J.",football,2019,40.1312275,-74.5350037
Ryan McNeil,LS,"Marblehead, Mass.",football,2019,42.500096,-70.8578253
Ryan Quigley,RB,"Lansdale, Pa.",football,2019,40.2414952,-75.2837862
Sam Johnson,TE,"Summit, N.J.",football,2019,40.7182356,-74.3592296
Samuel Wright II,DL,"Lawrenceville, Ga.",football,2019,33.9566391,-83.9890066
Sean Chambers,LB,"Geneva, Ill.",football,2019,41.8875281,-88.3053525
Sultaan Shabazz,DB,"College Park, Ga.",football,2019,33.6534427,-84.4493725
TJ Floyd,DB,"Jacksonville, Fla.",football,2019,30.3262247,-81.6579179
Tamatoa Falatea,WR,"Hau'ula, Hawaii",football,2019,21.6055533,-157.9036798
Tavaris Noel,LB,"Yorktown, Va.",football,2019,37.2356655,-76.5136495
Tavish Rice,PK,"Miami, Fla.",football,2019,25.7741566,-80.1935973
Tola Banjoko,DL,"Fort McMurray, Alberta",football,2019,56.7291997,-111.3885221
Trevor Forbes,DB,"Memphis, Tenn.",football,2019,35.146026,-90.0517786
Trey Gray,RB,"Greenville, S.C.",football,2019,34.851354,-82.3984882
Tyler Campbell,RB,"Plano, Texas",football,2019,33.0136764,-96.6925096
Tyler McDonald,LB,"Clearwater, Fla.",football,2019,27.9658533,-82.8001026
Uche Ndukwe,DL,"Dedham, Mass.",football,2019,42.2481895,-71.1734418
Will Johnson,DB,"Lexington, Mass.",football,2019,42.4473175,-71.2245003
Will Perez,LB,"North Caldwell, N.J.",football,2019,40.8648215,-74.2582027
Will Powers,P,"Manhattan Beach, Calif.",football,2019,33.8872777,-118.4104324
Zach Beagle,LB,"Rockledge, Fla.",football,2019,28.330831,-80.7349162
Zach Keller,QB,"Basking Ridge, N.J.",football,2019,40.7064088,-74.5492725
Zach Kelly,WR,"Clinton, La.",football,2019,30.8657362,-91.0156594
Zachary Bouggess,DB,"Swedesboro, N.J.",football,2019,39.7476136,-75.3104654
Zackary Zambrano,OL,"Fort Lauderdale, Fla.",football,2019,26.1223084,-80.1433786
Adam Buchanan,DL,"Lynnfield, Mass.",football,2020,42.5389836,-71.0481084
Alex Cherry,WR,"Norwood, Mass.",football,2020,42.194543,-71.1994976
Alex Kilander,DL,"Santa Margarita, Calif.",football,2020,35.3899734,-120.609057
Andrei Iosivas,WR,"Honolulu, Hawaii",football,2020,21.304547,-157.855676
Anthony Corbin,LB,"Hackettstown, N.J.",football,2020,40.8538589,-74.8292553
Antonio Ferrer,P,"Miami, Fla.",football,2020,25.7741566,-80.1935973
Austin Carbone,WR,"Richardson, Texas",football,2020,32.9481789,-96.7297206
Blake Feigenspan,OL,"Kaneohe, Hawaii",football,2020,21.418555,-157.804184
Brevin White,QB,"Stevenson Ranch, Calif.",football,2020,34.3947903,-118.5885327
Caden Dumas,TE,"Holden, Mass.",football,2020,42.3560836,-71.8623548
Carson Bobo,TE,"Birmingham, Ala.",football,2020,33.5206824,-86.8024326
Carter Christopher,DL,"Hershey, Pa.",football,2020,40.2850285,-76.6534662
Chiago Anyanwu,RB,"Hershey, Pa.",football,2020,40.2850285,-76.6534662
Christian Brown,DB,"Delray Beach, Fla.",football,2020,26.4614625,-80.0728201
Ché Rogers,DB,"Tacoma, Wash.",football,2020,47.2455013,-122.438329
Cole Aubrey,LB,"Laguna Niguel, Calif.",football,2020,33.5225261,-117.7075526
Cole Smith,QB,"Knoxville, Tenn.",football,2020,35.9603948,-83.9210261
Collin Eaddy,RB,"Raleigh, N.C.",football,2020,35.7803977,-78.6390989
Connor Scaglione,OL,"Closter, N.J.",football,2020,40.9731536,-73.9615262
Daiveon Carrington,S,"Raleigh, N.C.",football,2020,35.7803977,-78.6390989
Daniel Beard,LB,"Mobile, Ala.",football,2020,30.6913462,-88.0437509
David Harvey,FB,"Mt. Lebanon, Pa.",football,2020,40.3765,-80.0508
David Hoffman,OL,"Basking Ridge, N.J.",football,2020,40.7064088,-74.5492725
Davis Kline,RB,"Everett, Pa.",football,2020,40.0114711,-78.3733484
Dawson De Iuliis,S,"Yardley, Pa.",football,2020,40.242506,-74.8389704
Delan Stallworth,DB,"Cincinnati, Ohio",football,2020,39.1012809,-84.5127405
Dylan Classi,WR,"Englewood Cliffs, N.J.",football,2020,40.8853773,-73.9523597
Eddie Duggan,TE,"Norwood, Mass.",football,2020,42.194543,-71.1994976
Ford Roberts,OL,"Duluth, Ga.",football,2020,34.0028569,-84.1441046
George Triplett,P,"Elkins, W.V.",football,2020,38.9286659,-79.8651208
Harrison Caponiti,TE,"Rye, N.Y.",football,2020,40.9821371,-73.6840902
Henry Byrd,OL,"Nashville, Tenn.",football,2020,36.1622767,-86.7742984
Ian Lawrie,DB,"Hague, N.Y.",football,2020,43.745559,-73.4984768
Ike Hall,LB,"San Diego, Calif.",football,2020,32.7157062,-117.1638284
Jacob Birmelin,WR,"Royal Palm Beach, Fla.",football,2020,26.7050822,-80.2279519
James Johnson,LB,"Moorestown, N.J.",football,2020,39.9670569,-74.9426677
James Stagg,DL,"Phoenix, Ariz.",football,2020,33.4484367,-112.074141
Jayden Wickware,DB,"San Diego, Calif.",football,2020,32.7157062,-117.1638284
Jeremiah Tyler,LB,"Detroit, Mich.",football,2020,42.3315509,-83.0466403
John Santillo,DB,"Ponte Vedra Beach, Fla.",football,2020,30.2396865,-81.3856384
John Tracy,QB,"Novi, Mich.",football,2020,42.48059,-83.4754913
Jonathan Boyd,OL,"West Sacramento, Calif.",football,2020,38.5804609,-121.530234
Joseph Bonczek,LB,"Northfield, N.J.",football,2020,39.3703942,-74.5501546
Joseph Dalsey,LB,"Medford, N.J.",football,2020,39.9009472,-74.8234961
Joseph Hutchinson,QB,"Bailey, Miss.",football,2020,32.4676412,-88.7228236
Ken Lim,DB,"Thorofare, N.J.",football,2020,39.8539265,-75.1982182
Kevin Bruce,LB,"Needham, Mass.",football,2020,42.2802645,-71.2360624
Kurt Bernard,OL,"Coral Springs, Fla.",football,2020,26.271192,-80.2706044
Larkin Ison,LB,"Augusta, Ga.",football,2020,33.4709714,-81.9748429
Lucas Warfield,RB,"Bowie, Md.",football,2020,39.0080601,-76.7797899
Luke Aschenbrand,OL,"Phoenix, Az.",football,2020,33.4484367,-112.074141
Luke Gibson,TE,"San Antonio, Texas",football,2020,29.4246002,-98.4951405
Luke Montgomery,WR,"Springfield, Mo.",football,2020,37.2081729,-93.2922715
Luke Timm,WR,"Poughkeepsie, N.Y.",football,2020,41.7065539,-73.9283672
Manus McCracken,LB,"Mt. Carmel, Pa.",football,2020,40.7968393,-76.4131097
Matthew Jester,LB,"Spring, Texas",football,2020,30.070979,-95.4013419
Matthew Winston,DB,"Hoschton, Ga.",football,2020,34.096496,-83.7612839
Michael Axelrood,WR,"Evanston, Ill.",football,2020,42.0470043,-87.6846053
Michael Azevedo,DE,"San Diego, Calif.",football,2020,32.7157062,-117.1638284
Michael Polk,WR,"Long Beach, Calif.",football,2020,33.7690164,-118.191604
Michael Ruttlen Jr.,DB,"Mount Juliet, Tenn.",football,2020,36.200055,-86.5186054
Mitch Stroebel,WR,"Cedarburg, Wis.",football,2020,43.2966545,-87.9875348
Nick Basten,OL,"Woodbury, Minn.",football,2020,44.919896,-92.9339449
Nicolas Ramos,PK,"Miami, Fla.",football,2020,25.7741566,-80.1935973
Nikola Ivanisevic,OL,"Hinsdale, Ill.",football,2020,41.8024604,-87.9299841
Reece Hite,DL,"Laguna Niguel, Calif.",football,2020,33.5225261,-117.7075526
Richard Krebs,OL,"Huntington Beach, Calif.",football,2020,33.6783336,-118.000016
Riley Held,OL,"East Longmeadow, Mass.",football,2020,42.064906,-72.5129296
Ryan Huth,OL,"Cream Ridge, N.J.",football,2020,40.1312275,-74.5350037
Ryan McNeil,LB/LS,"Marblehead, Mass.",football,2020,42.500096,-70.8578253
Samuel Wright II,DL,"Lawrenceville, Ga.",football,2020,33.9566391,-83.9890066
Sean Chambers,LB,"Geneva, Ill.",football,2020,41.8875281,-88.3053525
Sultaan Shabazz,DB,"College Park, Ga.",football,2020,33.6534427,-84.4493725
Tamatoa Falatea,WR,"Hau'ula, Hawaii",football,2020,21.6055533,-157.9036798
Tavaris Noel,LB,"Yorktown, Va.",football,2020,37.2356655,-76.5136495
Tola Banjoko,DL,"Fort McMurray, Alberta",football,2020,56.7291997,-111.3885221
Trevor Forbes,DB,"Memphis, Tenn.",football,2020,35.146026,-90.0517786
Trey Gray,RB,"Greenville, S.C.",football,2020,34.851354,-82.3984882
Tyler McDonald,LB,"Clearwater, Fla.",football,2020,27.9658533,-82.8001026
Uche Ndukwe,DL,"Dedham, Mass.",football,2020,42.2481895,-71.1734418
Will Perez,LB,"North Caldwell, N.J.",football,2020,40.8648215,-74.2582027
Will Powers,P,"Manhattan Beach, Calif.",football,2020,33.8872777,-118.4104324
Zach Beagle,LB,"Rockledge, Fla.",football,2020,28.330831,-80.7349162
Zachary Bouggess,DB,"Swedesboro, N.J.",football,2020,39.7476136,-75.3104654
Zackary Zambrano,OL,"Fort Lauderdale, Fla.",football,2020,26.1223084,-80.1433786
AJ Barber,WR,"Old Greenwich, Conn.",football,2021,41.0274237,-73.5646262
Alex Cherry,WR,"Norwood, Mass.",football,2021,42.194543,-71.1994976
Alex Kilander,DL,"Santa Margarita, Calif.",football,2021,35.3899734,-120.609057
Andrei Iosivas,WR,"Honolulu, Hawaii",football,2021,21.304547,-157.855676
Anthony Bland,WR,"Stillwater, Okla.",football,2021,36.1156306,-97.0585717
Anthony Corbin,LB,"Hackettstown, N.J.",football,2021,40.8538589,-74.8292553
Arman Young,OL,"Wyckoff, N.J.",football,2021,41.0095417,-74.1729222
Austin Carbone,RB,"Richardson, Texas",football,2021,32.9481789,-96.7297206
Blaine McAllister,QB,"Milton, Ga.",football,2021,34.1134001,-84.2693745
Blake Feigenspan,OL,"Kaneohe, Hawaii",football,2021,21.418555,-157.804184
Blake Stenstrom,QB,"Highlands Ranch, Colo.",football,2021,39.538565,-104.9725904
Brevin White,QB,"Stevenson Ranch, Calif.",football,2021,34.3947903,-118.5885327
CJ Wall,DB,"Plano, Texas",football,2021,33.0136764,-96.6925096
Caden Dumas,TE,"Holden, Mass.",football,2021,42.3560836,-71.8623548
Caden Johnson,LB,"Draper, Utah",football,2021,40.5247777,-111.8627989
Caleb Coleman,LB,"Wellesley Hills, Mass.",football,2021,42.3105491,-71.277031
Carson Bobo,TE,"Birmingham, Ala.",football,2021,33.5206824,-86.8024326
Carson Irons,LB,"Fullerton, Calif.",football,2021,33.8708215,-117.929416
Carter Christopher,DL,"Hershey, Pa.",football,2021,40.2850285,-76.6534662
Cash Goodhart,WR,"Sunnyvale, Texas",football,2021,32.7965165,-96.5608242
Chase Robertson,DL,"Franklin, Tenn.",football,2021,35.925206,-86.8689419
Chiago Anyanwu,RB,"Hershey, Pa.",football,2021,40.2850285,-76.6534662
Christian Brown,DB,"Delray Beach, Fla.",football,2021,26.4614625,-80.0728201
Christopher Paige,WR,"Honolulu, Hawaii",football,2021,21.304547,-157.855676
Ché Rogers,WR,"Tacoma, Wash.",football,2021,47.2455013,-122.438329
Cole Aubrey,LB,"Laguna Niguel, Calif.",football,2021,33.5225261,-117.7075526
Cole Smith,QB,"Knoxville, Tenn.",football,2021,35.9603948,-83.9210261
Collin Eaddy,RB,"Raleigh, N.C.",football,2021,35.7803977,-78.6390989
Collin Taylor,DL,"North Andover, Mass.",football,2021,42.7029687,-71.1309117
Connor Hulstein,TE,"Frisco, Texas",football,2021,33.1505998,-96.8238183
Connor Scaglione,OL,"Closter, N.J.",football,2021,40.9731536,-73.9615262
Daiveon Carrington,DB,"Raleigh, N.C.",football,2021,35.7803977,-78.6390989
Daniel Beard,LB,"Mobile, Ala.",football,2021,30.6913462,-88.0437509
David Harvey,FB,"Mt. Lebanon, Pa.",football,2021,40.3765,-80.0508
David Heath,OL,"Sparta, N.J.",football,2021,41.0401567,-74.6310081
David Hoffman,OL,"Basking Ridge, N.J.",football,2021,40.7064088,-74.5492725
Davis Kline,RB,"Everett, Pa.",football,2021,40.0114711,-78.3733484
Dawson De Iuliis,DB,"Yardley, Pa.",football,2021,40.242506,-74.8389704
Delan Stallworth,DB,"Cincinnati, Ohio",football,2021,39.1012809,-84.5127405
Dyami Rios,LB,"Keizer, Ore.",football,2021,44.9969,-123.0266267
Dylan Classi,WR,"Englewood Cliffs, N.J.",football,2021,40.8853773,-73.9523597
EJ Caldwell,RB,"Columbus, Ohio",football,2021,39.9622601,-83.0007065
Eddie Duggan,TE,"Norwood, Mass.",football,2021,42.194543,-71.1994976
Ford Roberts,OL,"Duluth, Ga.",football,2021,34.0028569,-84.1441046
George Triplett,P,"Elkins, W.V.",football,2021,38.9286659,-79.8651208
Harrison Caponiti,TE,"Rye, N.Y.",football,2021,40.9821371,-73.6840902
Henry Byrd,OL,"Nashville, Tenn.",football,2021,36.1622767,-86.7742984
Ike Hall,LB,"San Diego, Calif.",football,2021,32.7157062,-117.1638284
Jackson Fischer,DB,"Manhattan Beach, Calif.",football,2021,33.8872777,-118.4104324
Jackson Ford,LB,"Chandler, Ariz.",football,2021,33.3062031,-111.841185
Jacob Birmelin,WR,"Royal Palm Beach, Fla.",football,2021,26.7050822,-80.2279519
Jalen Geer,WR,"Knoxville, Tenn.",football,2021,35.9603948,-83.9210261
Jalen Newman,DB,"Matthews, N.C.",football,2021,35.1159532,-80.7224386
Jalen Travis,OL,"Minneapolis, Minn.",football,2021,44.9772995,-93.2654692
James Johnson,LB,"Moorestown, N.J.",football,2021,39.9670569,-74.9426677
James Stagg,DL,"Phoenix, Ariz.",football,2021,33.4484367,-112.074141
Jayden Wickware,DB,"San Diego, Calif.",football,2021,32.7157062,-117.1638284
Jeffrey Sexton,K,"Louisville, Ky.",football,2021,38.2542376,-85.759407
Jeremiah Tyler,LB,"Detroit, Mich.",football,2021,42.3315509,-83.0466403
Jiggie Carr,RB,"Denver, Colo.",football,2021,39.7392364,-104.984862
Jo Jo Hawkins,WR,"Anaheim, Calif.",football,2021,33.8347516,-117.911732
John Tracy,QB,"Novi, Mich.",football,2021,42.48059,-83.4754913
John Volker,RB,"Fair Haven, N.J.",football,2021,40.3606653,-74.0381947
Jonathan Boyd,OL,"West Sacramento, Calif.",football,2021,38.5804609,-121.530234
Jonathan Pittman,DL,"Roswell, Ga.",football,2021,34.02332,-84.360022
Joseph Bonczek,LB,"Northfield, N.J.",football,2021,39.3703942,-74.5501546
Joseph Dalsey,FB,"Medford, N.J.",football,2021,39.9009472,-74.8234961
Joseph Hutchinson,QB,"Bailey, Miss.",football,2021,32.4676412,-88.7228236
Ken Lim,DB,"Thorofare, N.J.",football,2021,39.8539265,-75.1982182
Kevin Bruce,DL,"Needham, Mass.",football,2021,42.2802645,-71.2360624
Kurt Bernard,OL,"Coral Springs, Fla.",football,2021,26.271192,-80.2706044
Lance Reaves-Hicks,DL,"Piqua, Ohio",football,2021,40.1447732,-84.2424449
Larkin Ison,LB,"Augusta, Ga.",football,2021,33.4709714,-81.9748429
Lewis Stroebel,WR,"Cedarburg, Wis.",football,2021,43.2966545,-87.9875348
Liam Johnson,LB,"Moorestown, N.J.",football,2021,39.9670569,-74.9426677
Lucas Warfield,RB,"Bowie, Md.",football,2021,39.0080601,-76.7797899
Luke Aschenbrand,OL,"Phoenix, Az.",football,2021,33.4484367,-112.074141
Luke Colella,WR,"Wexford, Pa.",football,2021,40.6264561,-80.055891
Luke Gibson,TE,"San Antonio, Texas",football,2021,29.4246002,-98.4951405
Mac Duda,OL,"Jefferson Hills, Pa.",football,2021,40.2911809,-79.9319942
Manus McCracken,LB,"Mt. Carmel, Pa.",football,2021,40.7968393,-76.4131097
Mark Anthony Prescott,LB,"Clarksville, Tenn.",football,2021,36.5277607,-87.3588703
Mason Armstead,WR,"Omaha, Neb.",football,2021,41.2587459,-95.9383758
Mason Weber,DL,"Shawnee, Kansas",football,2021,39.0273676,-95.7627535
Matthew Jester,LB,"Spring, Texas",football,2021,30.070979,-95.4013419
Matthew Mahoney,WR,"West Des Moines, Iowa",football,2021,41.5644476,-93.7594059
Matthew Winston,DB,"Hoschton, Ga.",football,2021,34.096496,-83.7612839
Michael Axelrood,WR,"Evanston, Ill.",football,2021,42.0470043,-87.6846053
Michael Azevedo,DL,"San Diego, Calif.",football,2021,32.7157062,-117.1638284
Michael Ruttlen Jr.,DB,"Mount Juliet, Tenn.",football,2021,36.200055,-86.5186054
Mitch Stroebel,WR,"Cedarburg, Wis.",football,2021,43.2966545,-87.9875348
Nasir Cook,DB,"Gallatin, Tenn.",football,2021,36.3883031,-86.4475898
Nate Martey,DL,"Orleans, Ont.",football,2021,45.4653654,-75.5035343
Nicholas Hilliard,OL,"Darrow, La.",football,2021,30.1182542,-90.9853773
Nicholas Sanker,LB,"Charlottesville, Va.",football,2021,38.029306,-78.4766781
Nick Basten,OL,"Woodbury, Minn.",football,2021,44.919896,-92.9339449
Nick Patterson,TE,"Schertz, Texas",football,2021,29.5641617,-98.2695702
Niko Vangarelli,QB,"Acworth, Ga.",football,2021,34.0659329,-84.6768796
Nikola Ivanisevic,OL,"Hinsdale, Ill.",football,2021,41.8024604,-87.9299841
Ozzie Nicholas,LB,"Encinitas, Calif.",football,2021,33.0431846,-117.2849848
Payton Tally,DB,"Cypress, Texas",football,2021,29.9691116,-95.6971686
Pierson Tobia,DB,"Park Ridge, N.J.",football,2021,41.035965,-74.0415551
Preston Parsons,WR,"Hanover, N.H.",football,2021,43.7023545,-72.2892164
Reece Hite,DL,"Laguna Niguel, Calif.",football,2021,33.5225261,-117.7075526
Reily Radosevich,OL,"Manalapan, N.J.",football,2021,40.2852895,-74.333495
Richard Krebs,OL,"Huntington Beach, Calif.",football,2021,33.6783336,-118.000016
Ryan Ives,DL,"Sarasota, Fla.",football,2021,27.3365805,-82.5308545
Ryan McNeil,LB/LS,"Marblehead, Mass.",football,2021,42.500096,-70.8578253
Ryan Savage,DL,"Rydal, Pa.",football,2021,40.107492,-75.1106687
Sam Massick,K,"Blacklick, Ohio",football,2021,39.9956195,-82.811286
Samuel Wright II,DL,"Lawrenceville, Ga.",football,2021,33.9566391,-83.9890066
Samy Lamothe,DB,"Malden, Mass.",football,2021,42.4268484,-71.0683741
Sultaan Shabazz,DB,"College Park, Ga.",football,2021,33.6534427,-84.4493725
Tavaris Noel,LB,"Yorktown, Va.",football,2021,37.2356655,-76.5136495
Tola Banjoko,DL,"Fort McMurray, Alberta",football,2021,56.7291997,-111.3885221
Tommy Matheson,OL,"Gurnee, Ill.",football,2021,42.3702996,-87.9020186
Trevor Forbes,DB,"Memphis, Tenn.",football,2021,35.146026,-90.0517786
Trey Gray,RB,"Greenville, S.C.",football,2021,34.851354,-82.3984882
Tyler McDonald,LB,"Clearwater, Fla.",football,2021,27.9658533,-82.8001026
Tyler Picinic,TE,"New Milford, N.J.",football,2021,40.9350986,-74.0190281
Uche Ndukwe,DL,"Dedham, Mass.",football,2021,42.2481895,-71.1734418
Will Perez,LB,"North Caldwell, N.J.",football,2021,40.8648215,-74.2582027
Will Powers,P,"Manhattan Beach, Calif.",football,2021,33.8872777,-118.4104324
Will Reed,OL,"Redmond, Wash.",football,2021,47.6694141,-122.1238767
William Buhay,RB,"Atlanta, Ga.",football,2021,33.7544657,-84.3898151
William Suter,LS,"Cary, N.C.",football,2021,35.7873617,-78.7811623
Zach Beagle,LB,"Rockledge, Fla.",football,2021,28.330831,-80.7349162
Zachary Bouggess,DB,"Swedesboro, N.J.",football,2021,39.7476136,-75.3104654
Zackary Zambrano,OL,"Fort Lauderdale, Fla.",football,2021,26.1223084,-80.1433786
AJ Barber,WR,"Old Greenwich, Conn.",football,2022,41.0274237,-73.5646262
Aaron Richard,DL,"Gadsden, Ala.",football,2022,34.0128323,-86.0030251
Alex Cherry,WR,"Norwood, Mass.",football,2022,42.194543,-71.1994976
Andrei Iosivas,WR,"Honolulu, Hawaii",football,2022,21.304547,-157.855676
Anthony Bland,WR,"Stillwater, Okla.",football,2022,36.1156306,-97.0585717
Anthony Corbin,LB,"Hackettstown, N.J.",football,2022,40.8538589,-74.8292553
Arman Young,OL,"Wyckoff, N.J.",football,2022,41.0095417,-74.1729222
Austin Carbone,RB,"Richardson, Texas",football,2022,32.9481789,-96.7297206
Bakari Edwards,DL,"Homestead, Fla.",football,2022,25.4718946,-80.4759905
Blaine Hipa,QB,"Kailua, Hawaii",football,2022,19.641941,-155.996933
Blaine McAllister,QB,"Milton, Ga.",football,2022,34.1134001,-84.2693745
Blake Feigenspan,OL,"Kaneohe, Hawaii",football,2022,21.418555,-157.804184
Blake Stenstrom,QB,"Highlands Ranch, Colo.",football,2022,39.538565,-104.9725904
CJ Wall,DB,"Plano, Texas",football,2022,33.0136764,-96.6925096
Caden Dumas,TE,"Holden, Mass.",football,2022,42.3560836,-71.8623548
Caleb Coleman,LB,"Wellesley Hills, Mass.",football,2022,42.3105491,-71.277031
Carson Bobo,TE,"Birmingham, Ala.",football,2022,33.5206824,-86.8024326
Carson Irons,LB,"Fullerton, Calif.",football,2022,33.8708215,-117.929416
Carter Christopher,DL,"Hershey, Pa.",football,2022,40.2850285,-76.6534662
Charley Rossi,WR,"McDonald, Pa.",football,2022,40.3709025,-80.2347814
Charlie Lingon,DL,"Wheaton, Ill.",football,2022,41.8646959,-88.1101709
Chase Robertson,DL,"Franklin, Tenn.",football,2022,35.925206,-86.8689419
Christopher Paige,WR,"Honolulu, Hawaii",football,2022,21.304547,-157.855676
Cole Aubrey,LB,"Laguna Niguel, Calif.",football,2022,33.5225261,-117.7075526
Collin Taylor,DL,"North Andover, Mass.",football,2022,42.7029687,-71.1309117
Connor Hulstein,TE,"Frisco, Texas",football,2022,33.1505998,-96.8238183
Connor Scaglione,OL,"Closter, N.J.",football,2022,40.9731536,-73.9615262
Cooper Koers,OL,"Indianapolis, Ind.",football,2022,39.7683331,-86.1583502
Daiveon Carrington,DB,"Raleigh, N.C.",football,2022,35.7803977,-78.6390989
Dareion Murphy,RB,"Floresville, Texas",football,2022,29.1335781,-98.1561192
David Heath,OL,"Sparta, N.J.",football,2022,41.0401567,-74.6310081
Davis Kline,RB,"Everett, Pa.",football,2022,40.0114711,-78.3733484
Dawson De Iuliis,DB,"Yardley, Pa.",football,2022,40.242506,-74.8389704
Dyami Rios,LB,"Keizer, Ore.",football,2022,44.9969,-123.0266267
Dylan Classi,WR,"Englewood Cliffs, N.J.",football,2022,40.8853773,-73.9523597
D’Shawn Jones,DB,"Pacoima, Calif.",football,2022,34.2625025,-118.427027
Eddie Duggan,TE,"Norwood, Mass.",football,2022,42.194543,-71.1994976
Ethan Puckett,LB,"Westfield, N.C.",football,2022,36.4754147,-80.4467247
Glenie Cross III,DB,"Detroit, Mich.",football,2022,42.3315509,-83.0466403
Henry Byrd,OL,"Nashville, Tenn.",football,2022,36.1622767,-86.7742984
Ike Hall,LB,"San Diego, Calif.",football,2022,32.7157062,-117.1638284
Jack DelGarbino,DL,"Girard, Ohio",football,2022,41.1540381,-80.7009406
Jackson Fischer,DB,"Manhattan Beach, Calif.",football,2022,33.8872777,-118.4104324
Jackson Ford,LB,"Chandler, Ariz.",football,2022,33.3062031,-111.841185
Jaden Wedderburn,OL,"Glassboro, N.J.",football,2022,39.7027677,-75.1119434
Jalen Geer,WR,"Knoxville, Tenn.",football,2022,35.9603948,-83.9210261
Jalen Jones,DB,"Houston, Texas",football,2022,29.7589382,-95.3676974
Jalen Newman,DB,"Matthews, N.C.",football,2022,35.1159532,-80.7224386
Jalen Travis,OL,"Minneapolis, Minn.",football,2022,44.9772995,-93.2654692
James Stagg,DL,"Phoenix, Ariz.",football,2022,33.4484367,-112.074141
Jayden Wickware,LB,"San Diego, Calif.",football,2022,32.7157062,-117.1638284
Jeffrey Sexton,K,"Louisville, Ky.",football,2022,38.2542376,-85.759407
Jiggie Carr,RB,"Denver, Colo.",football,2022,39.7392364,-104.984862
Jo Jo Hawkins,WR,"Anaheim, Calif.",football,2022,33.8347516,-117.911732
John Volker,RB,"Fair Haven, N.J.",football,2022,40.3606653,-74.0381947
Jonathan Boyd,OL,"West Sacramento, Calif.",football,2022,38.5804609,-121.530234
Jonathan Pittman,DL,"Roswell, Ga.",football,2022,34.02332,-84.360022
Joseph Bonczek,LB,"Northfield, N.J.",football,2022,39.3703942,-74.5501546
Joseph Dalsey,FB,"Medford, N.J.",football,2022,39.9009472,-74.8234961
Joseph Hutchinson,QB,"Bailey, Miss.",football,2022,32.4676412,-88.7228236
Justice Musser,OL,"Bristol, Tenn.",football,2022,36.5945034,-82.1885212
Kai Colón,QB,"Middletown, N.Y.",football,2022,41.45011,-74.4164807
Ken Lim,DB,"Thorofare, N.J.",football,2022,39.8539265,-75.1982182
Kevin Bruce,DL,"Needham, Mass.",football,2022,42.2802645,-71.2360624
Kurt Bernard,OL,"Coral Springs, Fla.",football,2022,26.271192,-80.2706044
Lance Reaves-Hicks,DL,"Piqua, Ohio",football,2022,40.1447732,-84.2424449
Larkin Ison,LB,"Augusta, Ga.",football,2022,33.4709714,-81.9748429
Lewis Stroebel,WR,"Cedarburg, Wis.",football,2022,43.2966545,-87.9875348
Liam Johnson,LB,"Moorestown, N.J.",football,2022,39.9670569,-74.9426677
Logan Rager,LS,"Secaucus, N.J.",football,2022,40.7899291,-74.0566735
Lucas Warfield,RB,"Bowie, Md.",football,2022,39.0080601,-76.7797899
Luke Colella,WR,"Wexford, Pa.",football,2022,40.6264561,-80.055891
Luke Gibson,TE,"San Antonio, Texas",football,2022,29.4246002,-98.4951405
Mac Duda,OL,"Jefferson Hills, Pa.",football,2022,40.2911809,-79.9319942
Manus McCracken,LB,"Mt. Carmel, Pa.",football,2022,40.7968393,-76.4131097
Marco Scarano,LB,"Berlin, Conn.",football,2022,41.621488,-72.7456519
Mark Anthony Prescott,LB,"Clarksville, Tenn.",football,2022,36.5277607,-87.3588703
Mason Armstead,DB,"Omaha, Neb.",football,2022,41.2587459,-95.9383758
Mason Weber,DL,"Shawnee, Kansas",football,2022,39.0273676,-95.7627535
Matthew Jester,LB,"Spring, Texas",football,2022,30.070979,-95.4013419
Matthew Mahoney,WR,"West Des Moines, Iowa",football,2022,41.5644476,-93.7594059
Matthew Zhang,K/P,"Mishawaka, Ind.",football,2022,41.6611642,-86.1807031
Michael Axelrood,WR,"Evanston, Ill.",football,2022,42.0470043,-87.6846053
Michael Azevedo,DL,"San Diego, Calif.",football,2022,32.7157062,-117.1638284
Michael Ruttlen Jr.,DB,"Mount Juliet, Tenn.",football,2022,36.200055,-86.5186054
Nasir Cook,DB,"Gallatin, Tenn.",football,2022,36.3883031,-86.4475898
Nasir Hill,DB,"Pleasantville, N.J.",football,2022,39.3898388,-74.5240422
Nate Martey,DL,"Orleans, Ont.",football,2022,45.4653654,-75.5035343
Nicholas Hilliard,OL,"Darrow, La.",football,2022,30.1182542,-90.9853773
Nicholas Sanker,LB,"Charlottesville, Va.",football,2022,38.029306,-78.4766781
Nick Basten,OL,"Woodbury, Minn.",football,2022,44.919896,-92.9339449
Nick Patterson,TE,"Schertz, Texas",football,2022,29.5641617,-98.2695702
Niko Vangarelli,QB,"Acworth, Ga.",football,2022,34.0659329,-84.6768796
Noah Billings,DB,"McKinney, Texas",football,2022,33.1976496,-96.6154471
Ozzie Nicholas,LB,"Encinitas, Calif.",football,2022,33.0431846,-117.2849848
Payton Tally,DB,"Cypress, Texas",football,2022,29.9691116,-95.6971686
Pierson Tobia,DB,"Park Ridge, N.J.",football,2022,41.035965,-74.0415551
Price Williams,TE,"Purcellville, Va.",football,2022,39.1367039,-77.714845
Richard Krebs,OL,"Huntington Beach, Calif.",football,2022,33.6783336,-118.000016
Ryan Butler,RB,"Plainfield, N.J.",football,2022,40.6201412,-74.4222416
Ryan Ives,DL,"Sarasota, Fla.",football,2022,27.3365805,-82.5308545
Ryan Savage,DL,"Rydal, Pa.",football,2022,40.107492,-75.1106687
Sam Massick,K,"Blacklick, Ohio",football,2022,39.9956195,-82.811286
Samy Lamothe,DB,"Malden, Mass.",football,2022,42.4268484,-71.0683741
Scott Becker,OL,"Briarcliff Manor, N.Y.",football,2022,41.1456512,-73.8237456
Sekou Roland,LB,"Philadelphia, Pa.",football,2022,39.9527237,-75.1635262
Simon Brackin,TE,"Jacksonville, Fla.",football,2022,30.3262247,-81.6579179
Solomon Williams,DB,"Carmel, Ind.",football,2022,39.9784186,-86.1283681
Tahj Owens,DB,"Chino Hills, Calif.",football,2022,33.9926803,-117.760056
Tamatoa Falatea,WR,"Hau'ula, Hawaii",football,2022,21.6055533,-157.9036798
Tanner Mehrens,DL,"San Clemente, Calif.",football,2022,33.4270275,-117.6124179
Tola Banjoko,DL,"Fort McMurray, Alberta",football,2022,56.7291997,-111.3885221
Tommy Matheson,OL,"Gurnee, Ill.",football,2022,42.3702996,-87.9020186
Tyler Picinic,TE,"New Milford, N.J.",football,2022,40.9350986,-74.0190281
Uche Ndukwe,DL,"Dedham, Mass.",football,2022,42.2481895,-71.1734418
Will Beesley,LB,"Rochester Hills, Mich.",football,2022,42.6583661,-83.1499322
Will Perez,LB,"North Caldwell, N.J.",football,2022,40.8648215,-74.2582027
Will Powers,P,"Manhattan Beach, Calif.",football,2022,33.8872777,-118.4104324
Will Reed,OL,"Redmond, Wash.",football,2022,47.6694141,-122.1238767
William Buhay,DB,"Atlanta, Ga.",football,2022,33.7544657,-84.3898151
William Suter,LS,"Cary, N.C.",football,2022,35.7873617,-78.7811623
Zachary Bouggess,DB,"Swedesboro, N.J.",football,2022,39.7476136,-75.3104654
Zackary Zambrano,OL,"Fort Lauderdale, Fla.",football,2022,26.1223084,-80.1433786
AJ Barber,WR,"Old Greenwich, Conn.",football,2023,41.0274237,-73.5646262
Aaron Richard,DL,"Gadsden, Ala.",football,2023,34.0128323,-86.0030251
Aidan Besselman,WR,"Pittsburgh, Pa.",football,2023,40.4406968,-80.0025666
Anthony Bland,WR,"Stillwater, Okla.",football,2023,36.1156306,-97.0585717
Arman Young,OL,"Wyckoff, N.J.",football,2023,41.0095417,-74.1729222
Bakari Edwards,DL,"Homestead, Fla.",football,2023,25.4718946,-80.4759905
Barrett Eddlemon,OL,"La Vernia, Texas",football,2023,29.356348,-98.1155633
Barry Richardson,OL,"Bethlehem, Ga.",football,2023,33.9328842,-83.7129958
Blaine Hipa,QB,"Kailua, Hawaii",football,2023,19.641941,-155.996933
Blaine McAllister,QB,"Milton, Ga.",football,2023,34.1134001,-84.2693745
Blake Feigenspan,OL,"Kaneohe, Hawaii",football,2023,21.418555,-157.804184
Blake Stenstrom,QB,"Highlands Ranch, Colo.",football,2023,39.538565,-104.9725904
Brady Clark,P,"West Deptford, N.J.",football,2023,39.832362,-75.1888708
Caden Dumas,TE,"Holden, Mass.",football,2023,42.3560836,-71.8623548
Caden Wright,LB,"San Antonio, Texas",football,2023,29.4246002,-98.4951405
Caleb Coleman,LB,"Wellesley Hills, Mass.",football,2023,42.3105491,-71.277031
Carson Irons,LB,"Fullerton, Calif.",football,2023,33.8708215,-117.929416
Charley Rossi,WR,"McDonald, Pa.",football,2023,40.3709025,-80.2347814
Charlie Lingon,DL,"Wheaton, Ill.",football,2023,41.8646959,-88.1101709
Chase Christopher,LB,"Holly Springs, N.C.",football,2023,35.6512655,-78.8336218
Christopher Paige,WR,"Honolulu, Hawaii",football,2023,21.304547,-157.855676
Collin Taylor,DL,"North Andover, Mass.",football,2023,42.7029687,-71.1309117
Connor Hulstein,TE,"Frisco, Texas",football,2023,33.1505998,-96.8238183
Connor McAllen,OL,"Wayne, N.J.",football,2023,40.9491723,-74.2376802
Cooper Koers,OL,"Indianapolis, Ind.",football,2023,39.7683331,-86.1583502
Dareion Murphy,RB,"Floresville, Texas",football,2023,29.1335781,-98.1561192
David Heath,OL,"Sparta, N.J.",football,2023,41.0401567,-74.6310081
Dyami Rios,LB,"Keizer, Ore.",football,2023,44.9969,-123.0266267
Ethan Clark,RB,"Clarkston, Mich.",football,2023,42.735863,-83.4188304
Ethan Puckett,LB,"Westfield, N.C.",football,2023,36.4754147,-80.4467247
Evan Haynie,DB,"Chattanooga, Tenn.",football,2023,35.0457219,-85.3094883
Glenie Cross III,DB,"Detroit, Mich.",football,2023,42.3315509,-83.0466403
Jack Comeau,TE,"Saddle River, N.J.",football,2023,41.0317637,-74.1020866
Jack DelGarbino,DL,"Girard, Ohio",football,2023,41.1540381,-80.7009406
Jackson Fischer,DB,"Manhattan Beach, Calif.",football,2023,33.8872777,-118.4104324
Jackson Ford,LB,"Chandler, Ariz.",football,2023,33.3062031,-111.841185
Jackson Green,WR,"Rochester, N.Y.",football,2023,43.157285,-77.615214
Jaden Wedderburn,OL,"Glassboro, N.J.",football,2023,39.7027677,-75.1119434
Jalen Geer,WR,"Knoxville, Tenn.",football,2023,35.9603948,-83.9210261
Jalen Jones,DB,"Houston, Texas",football,2023,29.7589382,-95.3676974
Jalen Newman,DB,"Matthews, N.C.",football,2023,35.1159532,-80.7224386
Jalen Travis,OL,"Minneapolis, Minn.",football,2023,44.9772995,-93.2654692
Jason Lu,LB,"Concord, Mass.",football,2023,42.4605189,-71.3488963
Jay Mentink,DB,"Lake Tapps, Wash.",football,2023,47.2198473,-122.1753933
Jeffrey Sexton,K,"Louisville, Ky.",football,2023,38.2542376,-85.759407
Jiggie Carr,RB,"Denver, Colo.",football,2023,39.7392364,-104.984862
Jo Jo Hawkins,WR,"Anaheim, Calif.",football,2023,33.8347516,-117.911732
Joey Wassler,TE,"Cincinnati, Ohio",football,2023,39.1012809,-84.5127405
John Volker,RB,"Fair Haven, N.J.",football,2023,40.3606653,-74.0381947
Justice Musser,OL,"Bristol, Tenn.",football,2023,36.5945034,-82.1885212
Justin Selbert,OL,"Eureka, Mo.",football,2023,38.5025537,-90.6279044
Kai Colón,QB,"Middletown, N.Y.",football,2023,41.45011,-74.4164807
Kavon Miller,DB,"Fleming Island, Fla.",football,2023,24.5810655,-81.7963673
Kyler Ronquillo,DB,"Roy, Wash.",football,2023,47.0042643,-122.539846
Lance Reaves-Hicks,DL,"Piqua, Ohio",football,2023,40.1447732,-84.2424449
Lewis Stroebel,WR,"Cedarburg, Wis.",football,2023,43.2966545,-87.9875348
Liam Johnson,LB,"Moorestown, N.J.",football,2023,39.9670569,-74.9426677
Logan Rager,LS,"Secaucus, N.J.",football,2023,40.7899291,-74.0566735
London Robinson,DL,"Jersey City, N.J.",football,2023,40.7215682,-74.047455
Luke Colella,WR,"Wexford, Pa.",football,2023,40.6264561,-80.055891
Luke Tucci,RB,"Nutley, N.J.",football,2023,40.8223223,-74.1598663
Mac Duda,OL,"Jefferson Hills, Pa.",football,2023,40.2911809,-79.9319942
Marco Scarano,LB,"Berlin, Conn.",football,2023,41.621488,-72.7456519
Mark Anthony Prescott,LB,"Clarksville, Tenn.",football,2023,36.5277607,-87.3588703
Mason Armstead,DB,"Omaha, Neb.",football,2023,41.2587459,-95.9383758
Mason Weber,DL,"Shawnee, Kansas",football,2023,39.0273676,-95.7627535
Matthew Mahoney,WR,"West Des Moines, Iowa",football,2023,41.5644476,-93.7594059
Matthew Zhang,K/P,"Mishawaka, Ind.",football,2023,41.6611642,-86.1807031
Mavrick Torrico,LB,"Woodstock, Ga.",football,2023,34.1014112,-84.5192192
Nasir Cook,DB,"Gallatin, Tenn.",football,2023,36.3883031,-86.4475898
Nasir Hill,DB,"Pleasantville, N.J.",football,2023,39.3898388,-74.5240422
Nicholas Hilliard,OL,"Darrow, La.",football,2023,30.1182542,-90.9853773
Nicholas Sanker,LB,"Charlottesville, Va.",football,2023,38.029306,-78.4766781
Nick Patterson,TE,"Schertz, Texas",football,2023,29.5641617,-98.2695702
Nnamdi Udeogu,DL,"Lagos, Nigeria",football,2023,6.4550575,3.3941795
Noah Billings,RB,"McKinney, Texas",football,2023,33.1976496,-96.6154471
Oyintare Porbeni,OL,"Woodbury, Minn.",football,2023,44.919896,-92.9339449
Ozzie Nicholas,LB,"Encinitas, Calif.",football,2023,33.0431846,-117.2849848
Payton Tally,DB,"Cypress, Texas",football,2023,29.9691116,-95.6971686
Phil Eichelzer,OL,"Roswell, Ga.",football,2023,34.02332,-84.360022
Pierson Tobia,DB,"Park Ridge, N.J.",football,2023,41.035965,-74.0415551
Price Williams,TE,"Purcellville, Va.",football,2023,39.1367039,-77.714845
Ral Nwogbo,DL,"Avon, Conn.",football,2023,41.8098209,-72.8306541
Rashad Caldwell,WR,"Denver, Colo.",football,2023,39.7392364,-104.984862
Robert Sanders,LB,"Fort Worth, Texas",football,2023,32.753177,-97.3327459
Rocco Marcelino,DL,"Elkhorn, Neb.",football,2023,41.2860699,-96.2346121
Roman Laurio,WR,"Ann Arbor, Mich.",football,2023,42.2813722,-83.7484616
Ryan Ives,DL,"Sarasota, Fla.",football,2023,27.3365805,-82.5308545
Ryan Savage,DL,"Rydal, Pa.",football,2023,40.107492,-75.1106687
Sam Massick,K,"Blacklick, Ohio",football,2023,39.9956195,-82.811286
Samy Lamothe,DB,"Malden, Mass.",football,2023,42.4268484,-71.0683741
Scott Becker,OL,"Briarcliff Manor, N.Y.",football,2023,41.1456512,-73.8237456
Sekou Roland,LB,"Philadelphia, Pa.",football,2023,39.9527237,-75.1635262
Simon Brackin,TE,"Jacksonville, Fla.",football,2023,30.3262247,-81.6579179
Solomon Williams,DB,"Carmel, Ind.",football,2023,39.9784186,-86.1283681
Tahj Owens,DB,"Chino Hills, Calif.",football,2023,33.9926803,-117.760056
Tamatoa Falatea,WR,"Hau'ula, Hawaii",football,2023,21.6055533,-157.9036798
Tommy Matheson,OL,"Gurnee, Ill.",football,2023,42.3702996,-87.9020186
Torian Roberts,DB,"Orlando, Fla.",football,2023,28.5421218,-81.379045
Tyler Morris,LB,"Versailles, Ky.",football,2023,38.052576,-84.7299464
Tyler Picinic,TE,"New Milford, N.J.",football,2023,40.9350986,-74.0190281
West Smith,QB,"Colleyville, Texas",football,2023,32.8809603,-97.155012
Will Beargie,OL,"Clarendon Hills, Ill.",football,2023,41.7961237,-87.9551429
Will Beesley,LB,"Rochester Hills, Mich.",football,2023,42.6583661,-83.1499322
Will Perez,LB,"North Caldwell, N.J.",football,2023,40.8648215,-74.2582027
Will Reed,OL,"Redmond, Wash.",football,2023,47.6694141,-122.1238767
William Buhay,DB,"Atlanta, Ga.",football,2023,33.7544657,-84.3898151
William Suter,LS,"Cary, N.C.",football,2023,35.7873617,-78.7811623
AJ Barber,WR,"Old Greenwich, Conn.",football,2024,41.0274237,-73.5646262
AJ Pigford,LB,"Snellville, Ga.",football,2024,33.857328,-84.0199108
AJ Schwartz,DB,"Morganville, N.J.",football,2024,40.3410515,-74.2970515
Aaron Richard,DL,"Gadsden, Ala.",football,2024,34.0128323,-86.0030251
Aidan Besselman,WR,"Pittsburgh, Pa.",football,2024,40.4406968,-80.0025666
Andrew Pedersen,OL,"Nashville, Tenn.",football,2024,36.1622767,-86.7742984
Arman Young,DL,"Wyckoff, N.J.",football,2024,41.0095417,-74.1729222
Asher Weiner,QB,"Highlands Ranch, Colo.",football,2024,39.538565,-104.9725904
Bakari Edwards,DL,"Homestead, Fla.",football,2024,25.4718946,-80.4759905
Barrett Eddlemon,OL,"La Vernia, Texas",football,2024,29.356348,-98.1155633
Barry Richardson,OL,"Bethlehem, Ga.",football,2024,33.9328842,-83.7129958
Blaine Hipa,QB,"Kailua, Hawaii",football,2024,19.641941,-155.996933
Blaine McAllister,QB,"Milton, Ga.",football,2024,34.1134001,-84.2693745
Blake Feigenspan,OL,"Kaneohe, Hawaii",football,2024,21.418555,-157.804184
Brady Clark,P,"West Deptford, N.J.",football,2024,39.832362,-75.1888708
Brian Brennan,OL,"Grafton, Mass.",football,2024,42.2063399,-71.6853877
Caden Wright,DL,"San Antonio, Texas",football,2024,29.4246002,-98.4951405
Carson Irons,LB,"Fullerton, Calif.",football,2024,33.8708215,-117.929416
"Casey Etienne, Jr.",DB,"Coconut Creek, Fla.",football,2024,26.2517482,-80.1789351
Charley Rossi,WR,"McDonald, Pa.",football,2024,40.3709025,-80.2347814
Charlie Lingon,DL,"Wheaton, Ill.",football,2024,41.8646959,-88.1101709
Chase Christopher,LB,"Holly Springs, N.C.",football,2024,35.6512655,-78.8336218
Chris Oliver,DL,"Basking Ridge, N.J.",football,2024,40.7064088,-74.5492725
Christian Lynch,RB,"Youngstown, Ohio",football,2024,41.1035786,-80.6520161
Collin Taylor,DL,"North Andover, Mass.",football,2024,42.7029687,-71.1309117
Connor Cronin,LB,"Marblehead, Mass.",football,2024,42.500096,-70.8578253
Connor Hulstein,WR,"Frisco, Texas",football,2024,33.1505998,-96.8238183
Connor McAllen,OL,"Wayne, N.J.",football,2024,40.9491723,-74.2376802
Cooper Koers,OL,"Indianapolis, Ind.",football,2024,39.7683331,-86.1583502
Dane Borene,DL,"Edina, Minn.",football,2024,44.8897027,-93.3501222
Dareion Murphy,RB,"Floresville, Texas",football,2024,29.1335781,-98.1561192
Dustan Mark,DL,"Southlake, Texas",football,2024,32.9412363,-97.1341783
Dyami Rios,LB,"Keizer, Ore.",football,2024,44.9969,-123.0266267
D’Shawn Jones,DB,"Pacoima, Calif.",football,2024,34.2625025,-118.427027
Esteban Nunez Perez,K,"Fargo, N.D.",football,2024,46.877229,-96.789821
Ethan Clark,RB,"Clarkston, Mich.",football,2024,42.735863,-83.4188304
Ethan Puckett,LB,"Westfield, N.C.",football,2024,36.4754147,-80.4467247
Evan Haynie,DB,"Chattanooga, Tenn.",football,2024,35.0457219,-85.3094883
Evan Radosevich,OL,"Manalapan, N.J.",football,2024,40.2852895,-74.333495
Gavin Williams,DB,"Trussville, Ala.",football,2024,33.6196266,-86.6084342
Glenie Cross III,DB,"Detroit, Mich.",football,2024,42.3315509,-83.0466403
Ife Oluborode,DL,"New Britain, Conn.",football,2024,41.6612104,-72.7795419
Jack Comeau,TE,"Saddle River, N.J.",football,2024,41.0317637,-74.1020866
Jack DelGarbino,DL,"Girard, Ohio",football,2024,41.1540381,-80.7009406
Jackson Fischer,DB,"Manhattan Beach, Calif.",football,2024,33.8872777,-118.4104324
Jackson Ford,LB,"Chandler, Ariz.",football,2024,33.3062031,-111.841185
Jackson Green,WR,"Rochester, N.Y.",football,2024,43.157285,-77.615214
Jaden Wedderburn,OL,"Glassboro, N.J.",football,2024,39.7027677,-75.1119434
Jadon Spain,WR,"West Point, N.Y.",football,2024,41.3912693,-73.9658803
Jake Moore,LB,"Nashville, Tenn.",football,2024,36.1622767,-86.7742984
Jalen Geer,WR,"Knoxville, Tenn.",football,2024,35.9603948,-83.9210261
Jalen Jones,LB,"Houston, Texas",football,2024,29.7589382,-95.3676974
Jalen Newman,DB,"Matthews, N.C.",football,2024,35.1159532,-80.7224386
Jason Lu,LB,"Concord, Mass.",football,2024,42.4605189,-71.3488963
Jay Mentink,LB,"Lake Tapps, Wash.",football,2024,47.2198473,-122.1753933
Jeffrey Sexton,K,"Louisville, Ky.",football,2024,38.2542376,-85.759407
Joe Harris,WR,"Florissant, Mo.",football,2024,38.7919683,-90.3227803
Joey Wassler,TE,"Cincinnati, Ohio",football,2024,39.1012809,-84.5127405
John Volker,RB,"Fair Haven, N.J.",football,2024,40.3606653,-74.0381947
Josh Dalgetty,DB,"Englewood, N.J.",football,2024,40.8929329,-73.9726508
Justice Musser,OL,"Bristol, Tenn.",football,2024,36.5945034,-82.1885212
Justin Selbert,OL,"Eureka, Mo.",football,2024,38.5025537,-90.6279044
Kai Colón,QB,"Middletown, N.Y.",football,2024,41.45011,-74.4164807
Kai Honda,RB,"Manhattan Beach, Calif.",football,2024,33.8872777,-118.4104324
Kavon Miller,DB,"Fleming Island, Fla.",football,2024,24.5810655,-81.7963673
Kenny Jordan,RB,"Smyrna, Tenn.",football,2024,35.9824598,-86.5199492
Kyler Ronquillo,DB,"Roy, Wash.",football,2024,47.0042643,-122.539846
Lance Reaves-Hicks,DL,"Piqua, Ohio",football,2024,40.1447732,-84.2424449
Landon DePrima,WR,"Oakland, N.J.",football,2024,41.0220483,-74.2430988
Logan Rager,LS,"Secaucus, N.J.",football,2024,40.7899291,-74.0566735
London Robinson,DL,"Jersey City, N.J.",football,2024,40.7215682,-74.047455
Luke Colella,WR,"Wexford, Pa.",football,2024,40.6264561,-80.055891
Luke Gnepper,LS,"Ottawa Hills, Ohio",football,2024,41.6642169,-83.6432694
Luke Tucci,RB,"Nutley, N.J.",football,2024,40.8223223,-74.1598663
Mac Duda,OL,"Jefferson Hills, Pa.",football,2024,40.2911809,-79.9319942
Marco Scarano,LB,"Berlin, Conn.",football,2024,41.621488,-72.7456519
Mason Armstead,DB,"Omaha, Neb.",football,2024,41.2587459,-95.9383758
Matthew Mahoney,WR,"West Des Moines, Iowa",football,2024,41.5644476,-93.7594059
Mavrick Torrico,LB,"Woodstock, Ga.",football,2024,34.1014112,-84.5192192
Max Gainey,TE,"Kelowna, British Columbia, Canada",football,2024,49.8879177,-119.495902
Nasir Cook,DB,"Gallatin, Tenn.",football,2024,36.3883031,-86.4475898
Nasir Hill,DB,"Pleasantville, N.J.",football,2024,39.3898388,-74.5240422
Nicholas Hilliard,OL,"Darrow, La.",football,2024,30.1182542,-90.9853773
Nicholas Sanker,LB,"Charlottesville, Va.",football,2024,38.029306,-78.4766781
Nick Patterson,LB,"Schertz, Texas",football,2024,29.5641617,-98.2695702
Nnamdi Udeogu,DL,"Lagos, Nigeria",football,2024,6.4550575,3.3941795
Noah Billings,RB,"McKinney, Texas",football,2024,33.1976496,-96.6154471
Oyintare Porbeni,OL,"Woodbury, Minn.",football,2024,44.919896,-92.9339449
Paul Kuhner,WR,"Lafayette, Calif.",football,2024,37.8857582,-122.1180201
Payton Tally,DB,"Cypress, Texas",football,2024,29.9691116,-95.6971686
Phil Eichelzer,OL,"Roswell, Ga.",football,2024,34.02332,-84.360022
Pierson Tobia,DB,"Park Ridge, N.J.",football,2024,41.035965,-74.0415551
Ral Nwogbo,DL,"Avon, Conn.",football,2024,41.8098209,-72.8306541
Rashad Caldwell,WR,"Denver, Colo.",football,2024,39.7392364,-104.984862
Robert Sanders,LB,"Fort Worth, Texas",football,2024,32.753177,-97.3327459
Rocco Marcelino,DL,"Elkhorn, Neb.",football,2024,41.2860699,-96.2346121
Roman Laurio,WR,"Ann Arbor, Mich.",football,2024,42.2813722,-83.7484616
Ryan Ives,DL,"Sarasota, Fla.",football,2024,27.3365805,-82.5308545
Ryker Jones,LB,"Wyomissing, Pa.",football,2024,40.329537,-75.9652117
Sam Massick,K,"Blacklick, Ohio",football,2024,39.9956195,-82.811286
Sam McCormick,LB,"Bixby, Okla.",football,2024,35.9420431,-95.8833235
Samy Lamothe,DB,"Malden, Mass.",football,2024,42.4268484,-71.0683741
Scott Becker,OL,"Briarcliff Manor, N.Y.",football,2024,41.1456512,-73.8237456
Sekou Roland,LB,"Philadelphia, Pa.",football,2024,39.9527237,-75.1635262
Simon Brackin,TE,"Jacksonville, Fla.",football,2024,30.3262247,-81.6579179
Solomon Williams,DB,"Carmel, Ind.",football,2024,39.9784186,-86.1283681
Stephen Ordille,DB,"Linwood, N.J.",football,2024,39.3398404,-74.5751484
Tahj Owens,DB,"Chino Hills, Calif.",football,2024,33.9926803,-117.760056
Tamatoa Falatea,WR,"Hau'ula, Hawaii",football,2024,21.6055533,-157.9036798
Tommy Matheson,OL,"Gurnee, Ill.",football,2024,42.3702996,-87.9020186
Torian Roberts,DB,"Orlando, Fla.",football,2024,28.5421218,-81.379045
Tyler Morris,LB,"Versailles, Ky.",football,2024,38.052576,-84.7299464
Tyler Picinic,TE,"New Milford, N.J.",football,2024,40.9350986,-74.0190281
West Smith,QB,"Colleyville, Texas",football,2024,32.8809603,-97.155012
Will Beargie,OL,"Clarendon Hills, Ill.",football,2024,41.7961237,-87.9551429
Will Beesley,LB,"Rochester Hills, Mich.",football,2024,42.6583661,-83.1499322
Will Cluskey,K,"La Jolla, Calif.",football,2024,32.8458529,-117.2575702
Will Reed,OL,"Redmond, Wash.",football,2024,47.6694141,-122.1238767
Will Sather,OL,"Eden Prairie, Minn.",football,2024,44.8546856,-93.470786
Xavier Frank,LS,"Washington, Ind.",football,2024,38.5612578,-86.1179768
AJ Pigford,LB,"Snellville, Ga.",football,2025,33.857328,-84.0199108
AJ Schwartz,DB,"Morganville, N.J.",football,2025,40.3410515,-74.2970515
Aaron Richard,DL,"Gadsden, Ala.",football,2025,34.0128323,-86.0030251
Aidan Besselman,WR,"Pittsburgh, Pa.",football,2025,40.4406968,-80.0025666
Andrew Pedersen,OL,"Nashville, Tenn.",football,2025,36.1622767,-86.7742984
Anthony Liakhnovich,OL,"Hammonton, N.J.",football,2025,39.6366543,-74.8027651
Asher Weiner,QB,"Highlands Ranch, Colo.",football,2025,39.538565,-104.9725904
Bakari Edwards,DL,"Homestead, Fla.",football,2025,25.4718946,-80.4759905
Barrett Eddlemon,OL,"La Vernia, Texas",football,2025,29.356348,-98.1155633
Barry Richardson,OL,"Bethlehem, Ga.",football,2025,33.9328842,-83.7129958
Blaine Hipa,QB,"Kailua, Hawaii",football,2025,19.641941,-155.996933
Bradley Eaton,DB,"Conneaut, Ohio",football,2025,41.9440977,-80.5561011
Brady Clark,P,"West Deptford, N.J.",football,2025,39.832362,-75.1888708
Brian Brennan,OL,"Grafton, Mass.",football,2025,42.2063399,-71.6853877
Caden Wright,DL,"San Antonio, Texas",football,2025,29.4246002,-98.4951405
"Casey Etienne, Jr.",DB,"Coconut Creek, Fla.",football,2025,26.2517482,-80.1789351
Chance Arthur,RB,"Jacksonville, Fla.",football,2025,30.3262247,-81.6579179
Charley Rossi,WR,"McDonald, Pa.",football,2025,40.3709025,-80.2347814
Charlie Kaludis,TE,"San Francisco, Calif.",football,2025,37.7879363,-122.4075201
Charlie Lingon,DL,"Wheaton, Ill.",football,2025,41.8646959,-88.1101709
Chase Christopher,LB,"Holly Springs, N.C.",football,2025,35.6512655,-78.8336218
Chris Oliver,DL,"Basking Ridge, N.J.",football,2025,40.7064088,-74.5492725
Christian Clarke,WR,"Wesley Chapel, Fla.",football,2025,28.1866014,-82.366121
Christian Lynch,RB,"Youngstown, Ohio",football,2025,41.1035786,-80.6520161
Clayton Gary,DB,"Bowie, Md.",football,2025,39.0080601,-76.7797899
Cole Euker,OL,"Collegeville, Pa.",football,2025,40.1854712,-75.4512163
Connor Cronin,LB,"Marblehead, Mass.",football,2025,42.500096,-70.8578253
Connor McAllen,OL,"Wayne, N.J.",football,2025,40.9491723,-74.2376802
Cooper Koers,OL,"Indianapolis, Ind.",football,2025,39.7683331,-86.1583502
Dane Borene,DL,"Edina, Minn.",football,2025,44.8897027,-93.3501222
Dareion Murphy,RB,"Floresville, Texas",football,2025,29.1335781,-98.1561192
Darwin Walker II,LB,"Marlton, N.J.",football,2025,39.9005585,-74.9338911
Derrick Eddlemon,OL,"La Vernia, Texas",football,2025,29.356348,-98.1155633
Dustan Mark,DL,"Southlake, Texas",football,2025,32.9412363,-97.1341783
Dylan Torrico,LB,"Woodstock, Ga.",football,2025,34.1014112,-84.5192192
Eli Friend,QB,"New Orleans, La.",football,2025,29.9574657,-90.0629493
Esteban Nunez Perez,K,"Fargo, N.D.",football,2025,46.877229,-96.789821
Ethan Brown,DL,"Leesburg, Va.",football,2025,39.1154506,-77.5645607
Ethan Clark,RB,"Clarkston, Mich.",football,2025,42.735863,-83.4188304
Ethan Puckett,LB,"Westfield, N.C.",football,2025,36.4754147,-80.4467247
Evan Haynie,DB,"Chattanooga, Tenn.",football,2025,35.0457219,-85.3094883
Evan Radosevich,OL,"Manalapan, N.J.",football,2025,40.2852895,-74.333495
Gavin Williams,DB,"Trussville, Ala.",football,2025,33.6196266,-86.6084342
Glenie Cross III,DB,"Detroit, Mich.",football,2025,42.3315509,-83.0466403
Ife Oluborode,DL,"New Britain, Conn.",football,2025,41.6612104,-72.7795419
Jack Comeau,TE,"Saddle River, N.J.",football,2025,41.0317637,-74.1020866
Jack Yatchenko,OL,"Bradford Woods, Pa.",football,2025,40.637567,-80.0817249
Jackson Green,WR,"Rochester, N.Y.",football,2025,43.157285,-77.615214
Jaden Wedderburn,OL,"Glassboro, N.J.",football,2025,39.7027677,-75.1119434
Jake Kessner,TE,"Rye, N.Y.",football,2025,40.9821371,-73.6840902
Jake Moore,LB,"Nashville, Tenn.",football,2025,36.1622767,-86.7742984
Jalen Geer,WR,"Knoxville, Tenn.",football,2025,35.9603948,-83.9210261
Jalen Jones,LB,"Houston, Texas",football,2025,29.7589382,-95.3676974
Jason Lu,LB,"Concord, Mass.",football,2025,42.4605189,-71.3488963
Jay Mentink,LB,"Lake Tapps, Wash.",football,2025,47.2198473,-122.1753933
Jayden Hadzovic,OL,"Little Egg Harbor, N.J.",football,2025,39.5799861,-74.2789147
Joe Harris,WR,"Florissant, Mo.",football,2025,38.7919683,-90.3227803
Joey Wassler,TE,"Cincinnati, Ohio",football,2025,39.1012809,-84.5127405
John Teti,LB,"Alameda, Calf.",football,2025,37.6090291,-121.899142
Josh Dalgetty,DB,"Englewood, N.J.",football,2025,40.8929329,-73.9726508
Josh Robinson,WR,"Tampa, Fla.",football,2025,27.9449854,-82.4583107
Josh Smith,WR,"Mechanicsburg, Pa.",football,2025,40.2101972,-77.0047276
Justice Croffie,DB,"Norwalk, Calif.",football,2025,33.9092802,-118.0849169
Justice Musser,OL,"Bristol, Tenn.",football,2025,36.5945034,-82.1885212
Justin Selbert,OL,"Eureka, Mo.",football,2025,38.5025537,-90.6279044
Kai Colón,QB,"Middletown, N.Y.",football,2025,41.45011,-74.4164807
Kai Honda,RB,"Manhattan Beach, Calif.",football,2025,33.8872777,-118.4104324
Kavon Miller,DB,"Fleming Island, Fla.",football,2025,24.5810655,-81.7963673
Kenny Jordan,RB,"Smyrna, Tenn.",football,2025,35.9824598,-86.5199492
Konstantin Paschos,DL,"Dusseldorf, Germany",football,2025,51.2254018,6.7763137
Kyler Ronquillo,DB,"Roy, Wash.",football,2025,47.0042643,-122.539846
Lacy Rice,WR,"Chevy Chase, Md.",football,2025,38.9813699,-77.0849245
Landon DePrima,WR,"Oakland, N.J.",football,2025,41.0220483,-74.2430988
Logan Rager,LS,"Secaucus, N.J.",football,2025,40.7899291,-74.0566735
London Robinson,DL,"Jersey City, N.J.",football,2025,40.7215682,-74.047455
Luke Gnepper,LS,"Ottawa Hills, Ohio",football,2025,41.6642169,-83.6432694
Luke Tucci,RB,"Nutley, N.J.",football,2025,40.8223223,-74.1598663
Marco Scarano,LB,"Berlin, Conn.",football,2025,41.621488,-72.7456519
Matthias Banks,LB,"Lewisville, N.C.",football,2025,36.0970819,-80.4192216
Mavrick Torrico,LB,"Woodstock, Ga.",football,2025,34.1014112,-84.5192192
Max Gainey,TE,"Kelowna, British Columbia, Canada",football,2025,49.8879177,-119.495902
Michael Albert,DL,"Pittsburgh, Pa.",football,2025,40.4406968,-80.0025666
Nasir Hill,DB,"Pleasantville, N.J.",football,2025,39.3898388,-74.5240422
Nate Stohl,DL,"Pittsburgh, Pa.",football,2025,40.4406968,-80.0025666
Ned Zilinskas,OL,"Greenwood Village, Colo.",football,2025,39.6172101,-104.950814
Nick Patterson,TE,"Schertz, Texas",football,2025,29.5641617,-98.2695702
Noah Billings,DB,"McKinney, Texas",football,2025,33.1976496,-96.6154471
Oyintare Porbeni,OL,"Woodbury, Minn.",football,2025,44.919896,-92.9339449
Paul Kuhner,WR,"Lafayette, Calif.",football,2025,37.8857582,-122.1180201
Phil Eichelzer,OL,"Roswell, Ga.",football,2025,34.02332,-84.360022
Rashad Caldwell,WR,"Denver, Colo.",football,2025,39.7392364,-104.984862
Robert Sanders,LB,"Fort Worth, Texas",football,2025,32.753177,-97.3327459
Rocco Marcelino,DL,"Elkhorn, Neb.",football,2025,41.2860699,-96.2346121
Roman Laurio,WR,"Ann Arbor, Mich.",football,2025,42.2813722,-83.7484616
Ryker Jones,LB,"Wyomissing, Pa.",football,2025,40.329537,-75.9652117
Sam McCormick,LB,"Bixby, Okla.",football,2025,35.9420431,-95.8833235
Samy Lamothe,DB,"Malden, Mass.",football,2025,42.4268484,-71.0683741
Scott Becker,OL,"Briarcliff Manor, N.Y.",football,2025,41.1456512,-73.8237456
Sekou Roland,LB,"Philadelphia, Pa.",football,2025,39.9527237,-75.1635262
Solomon Williams,DB,"Carmel, Ind.",football,2025,39.9784186,-86.1283681
Stephen Ordille,LB,"Linwood, N.J.",football,2025,39.3398404,-74.5751484
Tahj Owens,DB,"Chino Hills, Calif.",football,2025,33.9926803,-117.760056
Thomas Sheehan,TE,"Winchester, Mass.",football,2025,42.4523178,-71.1369982
Torian Roberts,DB,"Orlando, Fla.",football,2025,28.5421218,-81.379045
Ty Ciongoli,QB,"Wellesley, Mass.",football,2025,42.2964859,-71.2925571
Tyler Morris,LB,"Versailles, Ky.",football,2025,38.052576,-84.7299464
Vaughn Lennon,K,"Fort Myers, Fla.",football,2025,26.640628,-81.8723084
West Smith,QB,"Colleyville, Texas",football,2025,32.8809603,-97.155012
Will Beargie,OL,"Clarendon Hills, Ill.",football,2025,41.7961237,-87.9551429
Will Beesley,LB,"Rochester Hills, Mich.",football,2025,42.6583661,-83.1499322
Will Cluskey,K,"La Jolla, Calif.",football,2025,32.8458529,-117.2575702
Will Sather,OL,"Eden Prairie, Minn.",football,2025,44.8546856,-93.470786
AJ Pigford,LB,"Snellville, Ga.",football,2026,33.857328,-84.0199108
AJ Schwartz,DB,"Morganville, N.J.",football,2026,40.3410515,-74.2970515
Aidan Besselman,WR,"Pittsburgh, Pa.",football,2026,40.4406968,-80.0025666
Alex Russey,LB,"New Canaan, Conn.",football,2026,41.146763,-73.4948446
Andre Ferdinand,DB,"Naples, Fla.",football,2026,26.1421976,-81.7942944
Andrew Pedersen,OL,"Nashville, Tenn.",football,2026,36.1622767,-86.7742984
Anthony Bitonti,LB,"Washington, Mich.",football,2026,42.3021687,-83.257153
Anthony Liakhnovich,OL,"Hammonton, N.J.",football,2026,39.6366543,-74.8027651
Asher Weiner,TE,"Highlands Ranch, Colo.",football,2026,39.538565,-104.9725904
Barrett Eddlemon,OL,"La Vernia, Texas",football,2026,29.356348,-98.1155633
Barry Richardson,OL,"Bethlehem, Ga.",football,2026,33.9328842,-83.7129958
Bradley Eaton,DB,"Conneaut, Ohio",football,2026,41.9440977,-80.5561011
Brady Clark,P,"West Deptford, N.J.",football,2026,39.832362,-75.1888708
Brady Scheier,WR,"Somerville, N.J.",football,2026,40.5742696,-74.60988
Brandon Clarke,DB,"Plantation, Fla.",football,2026,26.1275862,-80.2331036
Caden Wright,DL,"San Antonio, Texas",football,2026,29.4246002,-98.4951405
"Casey Etienne, Jr.",DB,"Coconut Creek, Fla.",football,2026,26.2517482,-80.1789351
Chance Arthur,RB,"Jacksonville, Fla.",football,2026,30.3262247,-81.6579179
Charlie Kaludis,TE,"San Francisco, Calif.",football,2026,37.7879363,-122.4075201
Chase Christopher,LB,"Holly Springs, N.C.",football,2026,35.6512655,-78.8336218
Chris Oliver,DL,"Basking Ridge, N.J.",football,2026,40.7064088,-74.5492725
Chris Oswitt,OL,"Princeton, Mass.",football,2026,42.448411,-71.8768079
Christian Clarke,WR,"Wesley Chapel, Fla.",football,2026,28.1866014,-82.366121
Christian Lynch,RB,"Youngstown, Ohio",football,2026,41.1035786,-80.6520161
Clayton Gary,DB,"Bowie, Md.",football,2026,39.0080601,-76.7797899
Cole Euker,OL,"Collegeville, Pa.",football,2026,40.1854712,-75.4512163
Connor Cronin,LB,"Marblehead, Mass.",football,2026,42.500096,-70.8578253
Connor McAllen,OL,"Wayne, N.J.",football,2026,40.9491723,-74.2376802
Cooper Bauer,LB,"Columbus, Ohio",football,2026,39.9622601,-83.0007065
Dane Borene,DL,"Edina, Minn.",football,2026,44.8897027,-93.3501222
Darwin Walker II,DB,"Marlton, N.J.",football,2026,39.9005585,-74.9338911
Derrick Eddlemon,OL,"La Vernia, Texas",football,2026,29.356348,-98.1155633
Derrick Williams,DB,"Livonia, Mich.",football,2026,42.36837,-83.3527097
Dominic Morin,WR,"Mooresville, N.C.",football,2026,35.5848596,-80.8100724
Dylan Torrico,LB,"Woodstock, Ga.",football,2026,34.1014112,-84.5192192
Eli Friend,QB,"New Orleans, La.",football,2026,29.9574657,-90.0629493
Esteban Nunez Perez,K,"Fargo, N.D.",football,2026,46.877229,-96.789821
Ethan Brown,DL,"Leesburg, Va.",football,2026,39.1154506,-77.5645607
Ethan Clark,RB,"Clarkston, Mich.",football,2026,42.735863,-83.4188304
Evan Haynie,DB,"Chattanooga, Tenn.",football,2026,35.0457219,-85.3094883
Evan Radosevich,OL,"Manalapan, N.J.",football,2026,40.2852895,-74.333495
Fifita Tauteoli-Moore,LB,"Corona, Calif.",football,2026,33.8752945,-117.566444
Glenie Cross III,DB,"Detroit, Mich.",football,2026,42.3315509,-83.0466403
Grayson Beck,LB,"Pittsburgh, Pa.",football,2026,40.4406968,-80.0025666
Hunter Stepanich,TE,"Elmhurst, Ill.",football,2026,41.8994745,-87.9403418
Jack Comeau,TE,"Saddle River, N.J.",football,2026,41.0317637,-74.1020866
Jack Martines,OL,"Farmingville, N.Y.",football,2026,40.8406525,-73.0349423
Jackson Green,WR,"Rochester, N.Y.",football,2026,43.157285,-77.615214
Jake Kessner,TE,"Rye, N.Y.",football,2026,40.9821371,-73.6840902
Jake Moore,LB,"Nashville, Tenn.",football,2026,36.1622767,-86.7742984
Jason Lu,LB,"Concord, Mass.",football,2026,42.4605189,-71.3488963
Jay Mentink,LB,"Lake Tapps, Wash.",football,2026,47.2198473,-122.1753933
Jayden Hadzovic,OL,"Little Egg Harbor, N.J.",football,2026,39.5799861,-74.2789147
Joe Harris,WR,"Florissant, Mo.",football,2026,38.7919683,-90.3227803
Joey Wassler,TE,"Cincinnati, Ohio",football,2026,39.1012809,-84.5127405
John Teti,LB,"Alameda, Calf.",football,2026,37.6090291,-121.899142
Josh Dalgetty,DB,"Englewood, N.J.",football,2026,40.8929329,-73.9726508
Josh Robinson,WR,"Tampa, Fla.",football,2026,27.9449854,-82.4583107
Josh Smith,WR,"Mechanicsburg, Pa.",football,2026,40.2101972,-77.0047276
Justin Selbert,OL,"Eureka, Mo.",football,2026,38.5025537,-90.6279044
Kai Honda,RB,"Manhattan Beach, Calif.",football,2026,33.8872777,-118.4104324
Kaio Agudinho de Oliveira,RB,"Winter Garden, Fla.",football,2026,28.5656649,-81.5856742
Kavon Miller,DB,"Fleming Island, Fla.",football,2026,24.5810655,-81.7963673
Kenny Jordan,RB,"Smyrna, Tenn.",football,2026,35.9824598,-86.5199492
Kieran Edwards,DB,"Danbury, Conn.",football,2026,41.394817,-73.4540111
Kole Fager,WR,"Palatine, Ill.",football,2026,42.1105502,-88.0434304
Konstantin Paschos,DL,"Dusseldorf, Germany",football,2026,51.2254018,6.7763137
Kyler Ronquillo,DB,"Roy, Wash.",football,2026,47.0042643,-122.539846
Lacy Rice,WR,"Chevy Chase, Md.",football,2026,38.9813699,-77.0849245
Landon DePrima,WR,"Oakland, N.J.",football,2026,41.0220483,-74.2430988
Liam Engelhardt,LS,"Brentwood, Tenn.",football,2026,36.0325687,-86.7825235
London Robinson,DL,"Jersey City, N.J.",football,2026,40.7215682,-74.047455
Luke Gnepper,LS,"Ottawa Hills, Ohio",football,2026,41.6642169,-83.6432694
Luke Tucci,RB,"Nutley, N.J.",football,2026,40.8223223,-74.1598663
Matt Bowers,OL,"Canonsburg, Pa.",football,2026,40.2588173,-80.1867206
Matthias Banks,LB,"Lewisville, N.C.",football,2026,36.0970819,-80.4192216
Mavrick Torrico,LB,"Woodstock, Ga.",football,2026,34.1014112,-84.5192192
Michael Albert,DL,"Pittsburgh, Pa.",football,2026,40.4406968,-80.0025666
Mycah Mitchell,LB,"Snellville, Ga.",football,2026,33.857328,-84.0199108
Myles Twyman,RB,"Rome, Ga.",football,2026,34.257038,-85.1646726
Nate Stohl,DL,"Pittsburgh, Pa.",football,2026,40.4406968,-80.0025666
Ned Zilinskas,OL,"Greenwood Village, Colo.",football,2026,39.6172101,-104.950814
Oyintare Porbeni,OL,"Woodbury, Minn.",football,2026,44.919896,-92.9339449
Paul Kuhner,WR,"Lafayette, Calif.",football,2026,37.8857582,-122.1180201
Phil Eichelzer,OL,"Roswell, Ga.",football,2026,34.02332,-84.360022
Rashad Caldwell,WR,"Denver, Colo.",football,2026,39.7392364,-104.984862
Robert Sanders,LB,"Fort Worth, Texas",football,2026,32.753177,-97.3327459
Rocco Marcelino,DL,"Elkhorn, Neb.",football,2026,41.2860699,-96.2346121
Roman Laurio,WR,"Ann Arbor, Mich.",football,2026,42.2813722,-83.7484616
Ryan Kerchner,TE,"Schwenksville, Pa.",football,2026,40.256213,-75.4637876
Ryan Myers,OL,"Batavia, Ill.",football,2026,41.8500284,-88.3125738
Ryan Rowe,LB,"Perkasie, Pa.",football,2026,40.372048,-75.292676
Ryker Jones,LB,"Wyomissing, Pa.",football,2026,40.329537,-75.9652117
Sam McCormick,LB,"Bixby, Okla.",football,2026,35.9420431,-95.8833235
Stephen Ordille,LB,"Linwood, N.J.",football,2026,39.3398404,-74.5751484
Thomas Freeman,LB,"Bronxville, N.Y.",football,2026,40.9381544,-73.8320784
Thomas Sheehan,TE,"Winchester, Mass.",football,2026,42.4523178,-71.1369982
Tommy Borgia,DL,"Long Valley, N.J.",football,2026,40.7816814,-74.7592328
Torian Roberts,DB,"Orlando, Fla.",football,2026,28.5421218,-81.379045
Trajan Frasier,DB,"Centennial, Colo.",football,2026,39.579155,-104.8769227
Ty Ciongoli,QB,"Wellesley, Mass.",football,2026,42.2964859,-71.2925571
Tyler Morris,LB,"Versailles, Ky.",football,2026,38.052576,-84.7299464
Vaughn Lennon,K,"Fort Myers, Fla.",football,2026,26.640628,-81.8723084
West Smith,QB,"Colleyville, Texas",football,2026,32.8809603,-97.155012
Will Beargie,OL,"Clarendon Hills, Ill.",football,2026,41.7961237,-87.9551429
Will Berry,DL,"River Ridge, La.",football,2026,29.9602043,-90.2156316
Will Cluskey,K,"La Jolla, Calif.",football,2026,32.8458529,-117.2575702
Will Sather,OL,"Eden Prairie, Minn.",football,2026,44.8546856,-93.470786
Wyatt Becker,QB,"La Canada, Calif.",football,2026,33.7301661,-117.7638553
Aaron Young,G,"Falls Church, Va.",mens-basketball,2016,38.882334,-77.1710914
Alec Brennan,F,"Weston, Mass.",mens-basketball,2016,42.3667625,-71.3031132
Alexander Lee,F,"Bethesda, Md.",mens-basketball,2016,38.9812726,-77.1233587
Amir Bell,G,"East Brunswick, N.J.",mens-basketball,2016,40.4278841,-74.415984
Devin Cannady,G,"Mishawaka, Ind.",mens-basketball,2016,41.6611642,-86.1807031
Elias Berbari,G,"Greenlawn, N.Y.",mens-basketball,2016,40.8608685,-73.3633136
Hans Brase,F,"Clover, S.C.",mens-basketball,2016,35.1112478,-81.2264646
Jackson Forbes,F,"Plano, Texas",mens-basketball,2016,33.0136764,-96.6925096
Jose Morales,G,"Miramar, Fla.",mens-basketball,2016,25.9873137,-80.2322706
Khyan Rayner,G,"Portland, Ore.",mens-basketball,2016,45.5202471,-122.674194
Mike LeBlanc,F,"Dover, N.H.",mens-basketball,2016,43.1981117,-70.8739761
Myles Stephens,G,"Lawrenceville, N.J.",mens-basketball,2016,40.3009876,-74.7373728
Noah Bramlage,F,"Glandorf, Ohio",mens-basketball,2016,41.0289961,-84.0791193
Pete Miller,F,"Winchester, Mass.",mens-basketball,2016,42.4523178,-71.1369982
Richmond Aririguzoh,C,"Ewing, N.J.",mens-basketball,2016,40.2688105,-74.8006895
Spencer Weisz,F,"Florham Park, N.J.",mens-basketball,2016,40.7881643,-74.3891647
Steven Cook,G,"Winnetka, Ill.",mens-basketball,2016,42.1080703,-87.7365286
Vittorio Reynoso-Avila,F,"La Mirada, Calif.",mens-basketball,2016,33.9060971,-118.0107092
Will Gladson,F,"Chesterfield, Mo.",mens-basketball,2016,38.6581764,-90.5680617
Aaron Young,G,"Falls Church, Va.",mens-basketball,2017,38.882334,-77.1710914
Alec Brennan,F,"Weston, Mass.",mens-basketball,2017,42.3667625,-71.3031132
Amir Bell,G,"East Brunswick, N.J.",mens-basketball,2017,40.4278841,-74.415984
Charlie Bagin,G,"Glen Ridge, N.J.",mens-basketball,2017,40.805378,-74.2037566
Devin Cannady,G,"Mishawaka, Ind.",mens-basketball,2017,41.6611642,-86.1807031
Elias Berbari,G,"Greenlawn, N.Y.",mens-basketball,2017,40.8608685,-73.3633136
Elijah Barnes,F,Freehold Borough,mens-basketball,2017,40.2680814,-74.2684496
Jerome Desrosiers,F,"Saint-Hyacinthe, Que.",mens-basketball,2017,45.627484,-72.940636
Jose Morales,G,"Miramar, Fla.",mens-basketball,2017,25.9873137,-80.2322706
Mike LeBlanc,F,"Dover, N.H.",mens-basketball,2017,43.1981117,-70.8739761
Myles Stephens,G,"Lawrenceville, N.J.",mens-basketball,2017,40.3009876,-74.7373728
Noah Bramlage,F,"Glandorf, Ohio",mens-basketball,2017,41.0289961,-84.0791193
Richmond Aririguzoh,C,"Ewing, N.J.",mens-basketball,2017,40.2688105,-74.8006895
Ryan Schwieger,G,"Matthews, N.C.",mens-basketball,2017,35.1159532,-80.7224386
Sebastian Much,F,"Laguna Niguel, Calif.",mens-basketball,2017,33.5225261,-117.7075526
Vittorio Reynoso-Avila,F,"La Mirada, Calif.",mens-basketball,2017,33.9060971,-118.0107092
Will Gladson,F,"Chesterfield, Mo.",mens-basketball,2017,38.6581764,-90.5680617
Charlie Bagin,G,"Glen Ridge, N.J.",mens-basketball,2018,40.805378,-74.2037566
Colby Kyle,F,"Monroe, Wash.",mens-basketball,2018,47.8552259,-121.971335
Drew Friberg,F,"State College, Pa.",mens-basketball,2018,40.7944504,-77.8616386
Elias Berbari,G,"Greenlawn, N.Y.",mens-basketball,2018,40.8608685,-73.3633136
Elijah Barnes,F,Freehold Borough,mens-basketball,2018,40.2680814,-74.2684496
Ethan Wright,G,"Newton Centre, Mass.",mens-basketball,2018,42.3300309,-71.1948774
Jaelin Llewellyn,G,"Mississauga, Ont.",mens-basketball,2018,43.5884727,-79.643658
Jerome Desrosiers,F,"Saint-Hyacinthe, Que.",mens-basketball,2018,45.627484,-72.940636
Jose Morales,G,"Miramar, Fla.",mens-basketball,2018,25.9873137,-80.2322706
Max Johns,G,"High Point, N.C.",mens-basketball,2018,35.9556924,-80.0053176
Myles Stephens,G(C),"Lawrenceville, N.J.",mens-basketball,2018,40.3009876,-74.7373728
Noah Bramlage,F,"Glandorf, Ohio",mens-basketball,2018,41.0289961,-84.0791193
Richmond Aririguzoh,C,"Ewing, N.J.",mens-basketball,2018,40.2688105,-74.8006895
Ryan Schwieger,G,"Matthews, N.C.",mens-basketball,2018,35.1159532,-80.7224386
Sebastian Much,F,"Laguna Niguel, Calif.",mens-basketball,2018,33.5225261,-117.7075526
Vittorio Reynoso-Avila,F,"La Mirada, Calif.",mens-basketball,2018,33.9060971,-118.0107092
Will Gladson,F,"Chesterfield, Mo.",mens-basketball,2018,38.6581764,-90.5680617
Charlie Bagin,G,"Glen Ridge, N.J.",mens-basketball,2019,40.805378,-74.2037566
Colby Kyle,F,"Monroe, Wash.",mens-basketball,2019,47.8552259,-121.971335
Drew Friberg,F,"State College, Pa.",mens-basketball,2019,40.7944504,-77.8616386
Elijah Barnes,F,Freehold Borough,mens-basketball,2019,40.2680814,-74.2684496
Ethan Wright,G,"Newton Centre, Mass.",mens-basketball,2019,42.3300309,-71.1948774
Jacob O'Connell,F,"Voorhees, N.J.",mens-basketball,2019,39.8512162,-74.9619779
Jaelin Llewellyn,G,"Mississauga, Ont.",mens-basketball,2019,43.5884727,-79.643658
Jerome Desrosiers,F,"Saint-Hyacinthe, Que.",mens-basketball,2019,45.627484,-72.940636
Jose Morales,G,"Miramar, Fla.",mens-basketball,2019,25.9873137,-80.2322706
Keeshawn Kellman,F,"Allentown, Pa.",mens-basketball,2019,40.6022552,-75.4716115
Konrad Kiszka,G,"Newtown, Pa.",mens-basketball,2019,40.2294046,-74.9365329
Max Johns,G,"High Point, N.C.",mens-basketball,2019,35.9556924,-80.0053176
Richmond Aririguzoh,C,"Ewing, N.J.",mens-basketball,2019,40.2688105,-74.8006895
Ryan Langborg,G,"San Diego, Calif.",mens-basketball,2019,32.7157062,-117.1638284
Ryan Schwieger,G,"Matthews, N.C.",mens-basketball,2019,35.1159532,-80.7224386
Tosan Evbuomwan,F,"Newcastle, England",mens-basketball,2019,54.9738474,-1.6131572
Will Gladson,F,"Chesterfield, Mo.",mens-basketball,2019,38.6581764,-90.5680617
Drew Friberg,F,"State College, Pa.",mens-basketball,2020,40.7944504,-77.8616386
Ethan Wright,G,"Newton Centre, Mass.",mens-basketball,2020,42.3300309,-71.1948774
Jacob O'Connell,F,"Voorhees, N.J.",mens-basketball,2020,39.8512162,-74.9619779
Jaelin Llewellyn,G,"Mississauga, Ont.",mens-basketball,2020,43.5884727,-79.643658
Jerome Desrosiers,F,"Saint-Hyacinthe, Que.",mens-basketball,2020,45.627484,-72.940636
Keeshawn Kellman,F,"Allentown, Pa.",mens-basketball,2020,40.6022552,-75.4716115
Konrad Kiszka,G,"Newtown, Pa.",mens-basketball,2020,40.2294046,-74.9365329
Leyi Adebayo,F,"Melbourne, Australia",mens-basketball,2020,-37.8142454,144.9631732
Matt Allocco,G,"Hilliard, Ohio",mens-basketball,2020,40.033814,-83.1596108
Max Johns,G,"High Point, N.C.",mens-basketball,2020,35.9556924,-80.0053176
Ryan Langborg,G,"San Diego, Calif.",mens-basketball,2020,32.7157062,-117.1638284
Ryan Schwieger,G,"Matthews, N.C.",mens-basketball,2020,35.1159532,-80.7224386
Tosan Evbuomwan,F,"Newcastle, England",mens-basketball,2020,54.9738474,-1.6131572
Zach Martini,F,"Warren, N.J.",mens-basketball,2020,40.8602222,-74.9720493
Blake Peters,G,"Evanston, Ill.",mens-basketball,2021,42.0470043,-87.6846053
Charlie Bagin,G,"Glen Ridge, N.J.",mens-basketball,2021,40.805378,-74.2037566
Darius Gakwasi,G,"Portland, Ore.",mens-basketball,2021,45.5202471,-122.674194
Drew Friberg,F,"State College, Pa.",mens-basketball,2021,40.7944504,-77.8616386
Elijah Barnes,F,Freehold Borough,mens-basketball,2021,40.2680814,-74.2684496
Ethan Wright,G,"Newton Centre, Mass.",mens-basketball,2021,42.3300309,-71.1948774
Garrett Johnson,G,"Oakton, Va.",mens-basketball,2021,38.896795,-77.2987377
Jacob O'Connell,F,"Voorhees, N.J.",mens-basketball,2021,39.8512162,-74.9619779
Jaelin Llewellyn,G,"Mississauga, Ont.",mens-basketball,2021,43.5884727,-79.643658
Keeshawn Kellman,F,"Allentown, Pa.",mens-basketball,2021,40.6022552,-75.4716115
Konrad Kiszka,G,"Newtown, Pa.",mens-basketball,2021,40.2294046,-74.9365329
Leyi Adebayo,F,"Melbourne, Australia",mens-basketball,2021,-37.8142454,144.9631732
Mason Hooks,F,"Los Angeles, Calif.",mens-basketball,2021,34.0536909,-118.242766
Matt Allocco,G,"Hilliard, Ohio",mens-basketball,2021,40.033814,-83.1596108
Max Johns,G,"High Point, N.C.",mens-basketball,2021,35.9556924,-80.0053176
Philip Byriel,F,"Drums, Pa.",mens-basketball,2021,41.018139,-75.9949252
Ryan Langborg,G,"San Diego, Calif.",mens-basketball,2021,32.7157062,-117.1638284
Tosan Evbuomwan,F,"Newcastle, England",mens-basketball,2021,54.9738474,-1.6131572
Zach Martini,F,"Warren, N.J.",mens-basketball,2021,40.8602222,-74.9720493
Blake Peters,G,"Evanston, Ill.",mens-basketball,2022,42.0470043,-87.6846053
Caden Pierce,F,"Glen Ellyn, Ill.",mens-basketball,2022,41.8775293,-88.0670118
Darius Gakwasi,G,"Portland, Ore.",mens-basketball,2022,45.5202471,-122.674194
Deven Austin,G,"Vernon, Conn.",mens-basketball,2022,41.8382921,-72.4663331
Jack Scott,G,"Pelican Island, N.J.",mens-basketball,2022,39.9425177,-74.0885471
Jacob O'Connell,F,"Voorhees, N.J.",mens-basketball,2022,39.8512162,-74.9619779
Keeshawn Kellman,F,"Allentown, Pa.",mens-basketball,2022,40.6022552,-75.4716115
Konrad Kiszka,G,"Newtown, Pa.",mens-basketball,2022,40.2294046,-74.9365329
Leyi Adebayo,F,"Melbourne, Australia",mens-basketball,2022,-37.8142454,144.9631732
Matt Allocco,G,"Hilliard, Ohio",mens-basketball,2022,40.033814,-83.1596108
Philip Byriel,F,"Drums, Pa.",mens-basketball,2022,41.018139,-75.9949252
Ryan Langborg,G,"San Diego, Calif.",mens-basketball,2022,32.7157062,-117.1638284
Tosan Evbuomwan,F,"Newcastle, England",mens-basketball,2022,54.9738474,-1.6131572
Vernon Collins,F,"Chocowinity, N.C.",mens-basketball,2022,35.5125955,-77.1009232
Xaivian Lee,G,"Toronto, Canada",mens-basketball,2022,43.6534817,-79.3839347
Zach Martini,F,"Warren, N.J.",mens-basketball,2022,40.8602222,-74.9720493
Blake Peters,G,"Evanston, Ill.",mens-basketball,2023,42.0470043,-87.6846053
Caden Pierce,F,"Glen Ellyn, Ill.",mens-basketball,2023,41.8775293,-88.0670118
Dalen Davis,G,"Chicago, Ill.",mens-basketball,2023,41.8755616,-87.6244212
Darius Gakwasi,G,"Portland, Ore.",mens-basketball,2023,45.5202471,-122.674194
Derek Sangster,F/G,"Sunnyvale, Calif.",mens-basketball,2023,37.3688301,-122.036349
Deven Austin,G,"Vernon, Conn.",mens-basketball,2023,41.8382921,-72.4663331
Jack Scott,G,"Pelican Island, N.J.",mens-basketball,2023,39.9425177,-74.0885471
Jackson Hicke,G,"Radnor, Pa.",mens-basketball,2023,40.0448619,-75.3594728
Jacob Huggins,F,"Oak Park, Calif.",mens-basketball,2023,34.1792025,-118.7619719
Matt Allocco,G,"Hilliard, Ohio",mens-basketball,2023,40.033814,-83.1596108
Philip Byriel,F,"Drums, Pa.",mens-basketball,2023,41.018139,-75.9949252
Ryan Duncan,G,"Chicago, Ill.",mens-basketball,2023,41.8755616,-87.6244212
Vernon Collins,F,"Chocowinity, N.C.",mens-basketball,2023,35.5125955,-77.1009232
Xaivian Lee,G,"Toronto, Canada",mens-basketball,2023,43.6534817,-79.3839347
Zach Martini,F,"Warren, N.J.",mens-basketball,2023,40.8602222,-74.9720493
Blake Peters,G,"Evanston, Ill.",mens-basketball,2024,42.0470043,-87.6846053
CJ Happy,F,"Sterling, Mass.",mens-basketball,2024,42.4374411,-71.7601869
Caden Pierce,F,"Glen Ellyn, Ill.",mens-basketball,2024,41.8775293,-88.0670118
Cooper Mueller,G,"Villanova, Pa.",mens-basketball,2024,40.0411671,-75.3310527
Dalen Davis,G,"Chicago, Ill.",mens-basketball,2024,41.8755616,-87.6244212
Darius Gakwasi,G,"Portland, Ore.",mens-basketball,2024,45.5202471,-122.674194
Jack Scott,G,"Pelican Island, N.J.",mens-basketball,2024,39.9425177,-74.0885471
Jack Stanton,G,"Downers Grove, Ill",mens-basketball,2024,41.7936822,-88.0102281
Jackson Hicke,G,"Radnor, Pa.",mens-basketball,2024,40.0448619,-75.3594728
Jacob Huggins,F,"Oak Park, Calif.",mens-basketball,2024,34.1792025,-118.7619719
Malik Abdullahi,F,"Miami, Fla.",mens-basketball,2024,25.7741566,-80.1935973
Peyton Seals,G,"Wyckoff, N.J.",mens-basketball,2024,41.0095417,-74.1729222
Philip Byriel,F,"Drums, Pa.",mens-basketball,2024,41.018139,-75.9949252
Ryan Duncan,G,"Chicago, Ill.",mens-basketball,2024,41.8755616,-87.6244212
Xaivian Lee,G,"Toronto, Canada",mens-basketball,2024,43.6534817,-79.3839347
Zio Kim,G,"Basking Ridge, N.J.",mens-basketball,2024,40.7064088,-74.5492725
CJ Happy,F,"Sterling, Mass.",mens-basketball,2025,42.4374411,-71.7601869
Cash McSweeney,F,"Raleigh, N.C.",mens-basketball,2025,35.7803977,-78.6390989
Cooper Mueller,G,"Villanova, Pa.",mens-basketball,2025,40.0411671,-75.3310527
Dalen Davis,G,"Chicago, Ill.",mens-basketball,2025,41.8755616,-87.6244212
Jack Stanton,G,"Downers Grove, Ill",mens-basketball,2025,41.7936822,-88.0102281
Jackson Hicke,G,"Radnor, Pa.",mens-basketball,2025,40.0448619,-75.3594728
Jacob Hammond,F,"Whitby, Ontario",mens-basketball,2025,43.87982,-78.9421751
Jacob Huggins,F,"Oak Park, Calif.",mens-basketball,2025,34.1792025,-118.7619719
Jake Sussberg,G,"Scarsdale, New York",mens-basketball,2025,40.9885221,-73.8085608
Landon Clark,G,"Bangor, Maine",mens-basketball,2025,44.8016255,-68.7713289
Lucas Denault,G,"Littlestown, Pa.",mens-basketball,2025,39.7446302,-77.0880163
Malik Abdullahi,F,"Miami, Fla.",mens-basketball,2025,25.7741566,-80.1935973
Peyton Seals,G,"Wyckoff, N.J.",mens-basketball,2025,41.0095417,-74.1729222
Ryan Mandes,G,"Denver, Colo.",mens-basketball,2025,39.7392364,-104.984862
Sebastian Whitfield,G/F,"Virginia Beach, Va.",mens-basketball,2025,36.8496579,-75.9760751
Will Kutzler,F,"Lakeville, Minn.",mens-basketball,2025,44.650051,-93.2432791
Zio Kim,G,"Basking Ridge, N.J.",mens-basketball,2025,40.7064088,-74.5492725
CJ Happy,F,"Sterling, Mass.",mens-basketball,2026,42.4374411,-71.7601869
Cash McSweeney,F,"Raleigh, N.C.",mens-basketball,2026,35.7803977,-78.6390989
Christopher Kirkpatrick,G,"Winnetka, Ill.",mens-basketball,2026,42.1080703,-87.7365286
Cooper Mueller,G,"Villanova, Pa.",mens-basketball,2026,40.0411671,-75.3310527
Dalen Davis,G,"Chicago, Ill.",mens-basketball,2026,41.8755616,-87.6244212
Ethan Sabec,G,"Tampa, Fla.",mens-basketball,2026,27.9449854,-82.4583107
Jack Stanton,G,"Downers Grove, Ill",mens-basketball,2026,41.7936822,-88.0102281
Jackson Hicke,G,"Radnor, Pa.",mens-basketball,2026,40.0448619,-75.3594728
Jacob Hammond,F,"Whitby, Ontario",mens-basketball,2026,43.87982,-78.9421751
Jacob Huggins,F,"Oak Park, Calif.",mens-basketball,2026,34.1792025,-118.7619719
Jake Sussberg,G,"Scarsdale, New York",mens-basketball,2026,40.9885221,-73.8085608
Landon Clark,G,"Bangor, Maine",mens-basketball,2026,44.8016255,-68.7713289
Louis O'Keefe,G,"Nashville, Tenn.",mens-basketball,2026,36.1622767,-86.7742984
Malik Abdullahi,F,"Miami, Fla.",mens-basketball,2026,25.7741566,-80.1935973
Peyton Seals,G,"Wyckoff, N.J.",mens-basketball,2026,41.0095417,-74.1729222
Ryan Mandes,G,"Denver, Colo.",mens-basketball,2026,39.7392364,-104.984862
Sebastian Whitfield,G/F,"Virginia Beach, Va.",mens-basketball,2026,36.8496579,-75.9760751
Will Kutzler,F,"Lakeville, Minn.",mens-basketball,2026,44.650051,-93.2432791
William Higgs,C,"Atlantic Highlands, N.J.",mens-basketball,2026,40.4078865,-74.034306
Zio Kim,G,"Basking Ridge, N.J.",mens-basketball,2026,40.7064088,-74.5492725
Ben Jacobson,,"Lexington, Mass.",mens-cross-country,2016,42.4473175,-71.2245003
Charlie Stahl,,"Shorewood, Wisc.",mens-cross-country,2016,43.0883957,-87.8881302
Conor Lundy,,"Tuckahoe, N.Y.",mens-cross-country,2016,40.9051175,-72.4393477
Eric Schulz,,"Seattle, Wash.",mens-cross-country,2016,47.6038321,-122.330062
Franklin Aririguzoh,,"Ewing, N.J.",mens-cross-country,2016,40.2688105,-74.8006895
Gannon Willcutts,,"Crozet, Va.",mens-cross-country,2016,38.065017,-78.690893
Garrett O'Toole,,"Weston, Mass.",mens-cross-country,2016,42.3667625,-71.3031132
Gavin Gaynor,,"Hudson, Ohio",mens-cross-country,2016,41.240056,-81.440667
Jack Leahey,,"Dunwoody, Ga.",mens-cross-country,2016,33.9463786,-84.3342686
Jared Lee,,"Norwalk, Ohio",mens-cross-country,2016,41.2424219,-82.6155745
Jeremy Spiezio,,"Greenwich, N.Y.",mens-cross-country,2016,43.0903515,-73.4993904
Jesus Covarrubias Robles,,"Santa Clara, Calif.",mens-cross-country,2016,37.2333253,-121.6846349
Josh Ingalls,,"Snellville, Ga.",mens-cross-country,2016,33.857328,-84.0199108
Kenan Farmer,,"Marietta, Ga.",mens-cross-country,2016,33.952845,-84.5496054
Liam Mullett,,"Madison, N.J.",mens-cross-country,2016,40.7598227,-74.417097
Noah Kauppila,,"St. Louis, Mo.",mens-cross-country,2016,38.6254063,-90.190009
Perrin Hagge,,"Middleton, Wisc.",mens-cross-country,2016,43.0962919,-89.5119565
Rob Stone,,"Short Hills, N.J.",mens-cross-country,2016,40.7381585,-74.3377392
Stephen Rossettie,,"Corning, N.Y.",mens-cross-country,2016,42.1435257,-77.0543408
Steven Sum,,"Saratoga, Calif.",mens-cross-country,2016,37.2638324,-122.0230146
Viraj Deokar,,"Acton, Mass.",mens-cross-country,2016,42.4850931,-71.43284
William Bertrand,,"Clarksburg, Md.",mens-cross-country,2016,39.2195565,-77.2678413
William Paulson,,"Tetbury, England",mens-cross-country,2016,51.639272,-2.1594783
Wolfgang Beck,,"Gig Harbor, Wash.",mens-cross-country,2016,47.3259697,-122.5878659
Zach Albright,,"Covington, La.",mens-cross-country,2016,30.4753525,-90.1010474
Ben Jacobson,,"Lexington, Mass.",mens-cross-country,2017,42.4473175,-71.2245003
Cole Sandvold,,"Oconomowoc, Wisc.",mens-cross-country,2017,43.1116731,-88.4992659
Conor Lundy,,"Tuckahoe, N.Y.",mens-cross-country,2017,40.9051175,-72.4393477
Drake Anzano,,"Toms River, N.J.",mens-cross-country,2017,39.9528389,-74.196741
Ed Trippas,,"Sydney, Australia",mens-cross-country,2017,-33.8698439,151.2082848
Eli Krahn,,"Marine on Saint Croix, Minn.",mens-cross-country,2017,45.1986675,-92.7696994
Eric Schulz,,"Seattle, Wash.",mens-cross-country,2017,47.6038321,-122.330062
Franklin Aririguzoh,,"Ewing, N.J.",mens-cross-country,2017,40.2688105,-74.8006895
Gannon Willcutts,,"Crozet, Va.",mens-cross-country,2017,38.065017,-78.690893
Garrett O'Toole,,"Weston, Mass.",mens-cross-country,2017,42.3667625,-71.3031132
Jeremy Spiezio,,"Greenwich, N.Y.",mens-cross-country,2017,43.0903515,-73.4993904
Joe Sartini,,"Bryant, Ark.",mens-cross-country,2017,34.5959045,-92.488348
Josh Ingalls,,"Snellville, Ga.",mens-cross-country,2017,33.857328,-84.0199108
Kenan Farmer,,"Marietta, Ga.",mens-cross-country,2017,33.952845,-84.5496054
Kevin Berry,,"Marlboro, N.J.",mens-cross-country,2017,39.4850245,-75.3211259
Liam Mullett,,"Madison, N.J.",mens-cross-country,2017,40.7598227,-74.417097
Matt Grossman,,"Millburn, N.J.",mens-cross-country,2017,40.7244443,-74.3069069
Noah Kauppila,,"St. Louis, Mo.",mens-cross-country,2017,38.6254063,-90.190009
Perrin Hagge,,"Middleton, Wisc.",mens-cross-country,2017,43.0962919,-89.5119565
Ramon Ayala,,"Cantua Creek, Calif.",mens-cross-country,2017,36.5011795,-120.316113
Rob Stone,,"Short Hills, N.J.",mens-cross-country,2017,40.7381585,-74.3377392
Sam Ellis,,"Decatur, Ga.",mens-cross-country,2017,30.8736613,-84.5740953
Steven Sum,,"Saratoga, Calif.",mens-cross-country,2017,37.2638324,-122.0230146
Viraj Deokar,,"Acton, Mass.",mens-cross-country,2017,42.4850931,-71.43284
William Paulson,,"Tetbury, England",mens-cross-country,2017,51.639272,-2.1594783
Wolfgang Beck,,"Gig Harbor, Wash.",mens-cross-country,2017,47.3259697,-122.5878659
Zach Albright,,"Covington, La.",mens-cross-country,2017,30.4753525,-90.1010474
Ben Jacobson,,"Lexington, Mass.",mens-cross-country,2018,42.4473175,-71.2245003
Cole Sandvold,,"Oconomowoc, Wisc.",mens-cross-country,2018,43.1116731,-88.4992659
Conor Lundy,,"Tuckahoe, N.Y.",mens-cross-country,2018,40.9051175,-72.4393477
Drake Anzano,,"Toms River, N.J.",mens-cross-country,2018,39.9528389,-74.196741
Ed Trippas,,"Sydney, Australia",mens-cross-country,2018,-33.8698439,151.2082848
Eli Krahn,,"Marine on Saint Croix, Minn.",mens-cross-country,2018,45.1986675,-92.7696994
Fahd Nasser,,"Jersey City, N.J.",mens-cross-country,2018,40.7215682,-74.047455
Franklin Aririguzoh,,"Ewing, N.J.",mens-cross-country,2018,40.2688105,-74.8006895
Gannon Willcutts,,"Crozet, Va.",mens-cross-country,2018,38.065017,-78.690893
Jakob Kintzele,,"Chesterton, Ind.",mens-cross-country,2018,41.6107243,-87.0522661
Jeremy Spiezio,,"Greenwich, N.Y.",mens-cross-country,2018,43.0903515,-73.4993904
Joe Sartini,,"Bryant, Ark.",mens-cross-country,2018,34.5959045,-92.488348
Kevin Berry,,"Marlboro, N.J.",mens-cross-country,2018,39.4850245,-75.3211259
Kieran McDermott,,"Bel Air, Md.",mens-cross-country,2018,39.5797515,-78.8531894
Matt Grossman,,"Millburn, N.J.",mens-cross-country,2018,40.7244443,-74.3069069
Perrin Hagge,,"Middleton, Wisc.",mens-cross-country,2018,43.0962919,-89.5119565
Sam Ellis,,"Decatur, Ga.",mens-cross-country,2018,30.8736613,-84.5740953
Scott Thompson,,"Nashville, Tenn.",mens-cross-country,2018,36.1622767,-86.7742984
Steven Sum,,"Saratoga, Calif.",mens-cross-country,2018,37.2638324,-122.0230146
Viraj Deokar,,"Acton, Mass.",mens-cross-country,2018,42.4850931,-71.43284
Camren Fischer,,"Fayetteville, Ark.",mens-cross-country,2019,36.0625843,-94.1574328
Cole Sandvold,,"Oconomowoc, Wisc.",mens-cross-country,2019,43.1116731,-88.4992659
Connor Livingston,,"Livermore, Calif.",mens-cross-country,2019,37.6820583,-121.768053
Connor Nisbet,,"Wilmington, Del.",mens-cross-country,2019,39.7459468,-75.546589
Conor Lundy,,"Tuckahoe, N.Y.",mens-cross-country,2019,40.9051175,-72.4393477
Drake Anzano,,"Toms River, N.J.",mens-cross-country,2019,39.9528389,-74.196741
Duncan Miller,,"Canberra, Australia",mens-cross-country,2019,-35.2975906,149.1012676
Ed Trippas,,"Sydney, Australia",mens-cross-country,2019,-33.8698439,151.2082848
Eli Krahn,,"Marine on Saint Croix, Minn.",mens-cross-country,2019,45.1986675,-92.7696994
Ethan Reese,,"Portland, Ore.",mens-cross-country,2019,45.5202471,-122.674194
Fahd Nasser,,"Jersey City, N.J.",mens-cross-country,2019,40.7215682,-74.047455
Gannon Willcutts,,"Crozet, Va.",mens-cross-country,2019,38.065017,-78.690893
Jack Stanley,,"Mendham, N.J.",mens-cross-country,2019,40.775941,-74.6009617
Jakob Kintzele,,"Chesterton, Ind.",mens-cross-country,2019,41.6107243,-87.0522661
Joe Sartini,,"Bryant, Ark.",mens-cross-country,2019,34.5959045,-92.488348
Josh Zelek,,"Stratford, Ont.",mens-cross-country,2019,43.3700899,-80.9818016
Kevin Berry,,"Marlboro, N.J.",mens-cross-country,2019,39.4850245,-75.3211259
Kieran McDermott,,"Bel Air, Md.",mens-cross-country,2019,39.5797515,-78.8531894
Matt Grossman,,"Millburn, N.J.",mens-cross-country,2019,40.7244443,-74.3069069
Perrin Hagge,,"Middleton, Wisc.",mens-cross-country,2019,43.0962919,-89.5119565
Sam Ellis,,"Decatur, Ga.",mens-cross-country,2019,30.8736613,-84.5740953
Scott Thompson,,"Nashville, Tenn.",mens-cross-country,2019,36.1622767,-86.7742984
Sebastian Fisher,,"Laguna Beach, Calif.",mens-cross-country,2019,33.5426975,-117.785366
Viraj Deokar,,"Acton, Mass.",mens-cross-country,2019,42.4850931,-71.43284
Anthony Monte,,"Austin, Texas",mens-cross-country,2020,30.2711286,-97.7436995
Britton Masback,,"Portland, Ore.",mens-cross-country,2020,45.5202471,-122.674194
Cole Sandvold,,"Oconomowoc, Wisc.",mens-cross-country,2020,43.1116731,-88.4992659
Drake Anzano,,"Toms River, N.J.",mens-cross-country,2020,39.9528389,-74.196741
Ethan Reese,,"Portland, Ore.",mens-cross-country,2020,45.5202471,-122.674194
Fahd Nasser,,"Jersey City, N.J.",mens-cross-country,2020,40.7215682,-74.047455
Jack Kenkel,,"Niwot, Colo.",mens-cross-country,2020,40.1016754,-105.1534902
Jakob Kintzele,,"Chesterton, Ind.",mens-cross-country,2020,41.6107243,-87.0522661
Jarrett Kirk,,"Flower Mound, Texas",mens-cross-country,2020,33.0283854,-97.0867203
Joe Fast,,"Ottawa, Canada",mens-cross-country,2020,45.4208777,-75.6901106
Joe Sartini,,"Bryant, Ark.",mens-cross-country,2020,34.5959045,-92.488348
Jordan Kaplan,,"Monroe Township, N.J.",mens-cross-country,2020,40.335756,-74.4334464
Josiah Taylor,,"Wyomissing, Pa.",mens-cross-country,2020,40.329537,-75.9652117
Matthew Farrell,,"Glastonbury, C.T.",mens-cross-country,2020,41.7123218,-72.608146
Nathan Tavakolian,,"Eugene, Ore.",mens-cross-country,2020,44.0505054,-123.0950506
Anthony Monte,,"Austin, Texas",mens-cross-country,2021,30.2711286,-97.7436995
Britton Masback,,"Portland, Ore.",mens-cross-country,2021,45.5202471,-122.674194
Camren Fischer,,"Fayetteville, Ark.",mens-cross-country,2021,36.0625843,-94.1574328
Connor Chen,,"Tiburon, Calif.",mens-cross-country,2021,37.8775332,-122.460808
Connor Livingston,,"Livermore, Calif.",mens-cross-country,2021,37.6820583,-121.768053
Connor Nisbet,,"Wilmington, Del.",mens-cross-country,2021,39.7459468,-75.546589
Daniel O'Brien,,"Lynchburg, Va.",mens-cross-country,2021,37.4137536,-79.1422464
Duncan Miller,,"Canberra, Australia",mens-cross-country,2021,-35.2975906,149.1012676
Ed Trippas,,"Sydney, Australia",mens-cross-country,2021,-33.8698439,151.2082848
Ethan Reese,,"Portland, Ore.",mens-cross-country,2021,45.5202471,-122.674194
Fahd Nasser,,"Jersey City, N.J.",mens-cross-country,2021,40.7215682,-74.047455
Harrison Witt,,"Highland Ranch, Colo.",mens-cross-country,2021,39.1252332,-106.8461025
Jack Kenkel,,"Niwot, Colo.",mens-cross-country,2021,40.1016754,-105.1534902
Jack Stanley,,"Mendham, N.J.",mens-cross-country,2021,40.775941,-74.6009617
Jakob Kintzele,,"Chesterton, Ind.",mens-cross-country,2021,41.6107243,-87.0522661
Jarrett Kirk,,"Flower Mound, Texas",mens-cross-country,2021,33.0283854,-97.0867203
Joe Fast,,"Ottawa, Canada",mens-cross-country,2021,45.4208777,-75.6901106
Jordan Kaplan,,"Monroe Township, N.J.",mens-cross-country,2021,40.335756,-74.4334464
Josh Zelek,,"Stratford, Ont.",mens-cross-country,2021,43.3700899,-80.9818016
Josiah Taylor,,"Wyomissing, Pa.",mens-cross-country,2021,40.329537,-75.9652117
Kevin Berry,,"Marlboro, N.J.",mens-cross-country,2021,39.4850245,-75.3211259
Kieran McDermott,,"Bel Air, Md.",mens-cross-country,2021,39.5797515,-78.8531894
Matt Grossman,,"Millburn, N.J.",mens-cross-country,2021,40.7244443,-74.3069069
Matthew Farrell,,"Glastonbury, C.T.",mens-cross-country,2021,41.7123218,-72.608146
Nathan Tavakolian,,"Eugene, Ore.",mens-cross-country,2021,44.0505054,-123.0950506
Nicholas Bendtsen,,"Wolcott, Conn.",mens-cross-country,2021,41.6023196,-72.9867718
Sam Ellis,,"Decatur, Ga.",mens-cross-country,2021,30.8736613,-84.5740953
Sam Rodman,,"Bealeton, Va.",mens-cross-country,2021,38.585005,-77.775644
Scott Thompson,,"Nashville, Tenn.",mens-cross-country,2021,36.1622767,-86.7742984
Sebastian Fisher,,"Laguna Beach, Calif.",mens-cross-country,2021,33.5426975,-117.785366
Anthony Monte,,"Austin, Texas",mens-cross-country,2022,30.2711286,-97.7436995
Britton Masback,,"Portland, Ore.",mens-cross-country,2022,45.5202471,-122.674194
Camren Fischer,,"Fayetteville, Ark.",mens-cross-country,2022,36.0625843,-94.1574328
Connor Chen,,"Tiburon, Calif.",mens-cross-country,2022,37.8775332,-122.460808
Connor Livingston,,"Livermore, Calif.",mens-cross-country,2022,37.6820583,-121.768053
Connor McCormick,,"Longmont, Colo.",mens-cross-country,2022,40.1672117,-105.101928
Connor Nisbet,,"Wilmington, Del.",mens-cross-country,2022,39.7459468,-75.546589
Cooper Austen,,"Concord, Mass.",mens-cross-country,2022,42.4605189,-71.3488963
Daniel O'Brien,,"Lynchburg, Va.",mens-cross-country,2022,37.4137536,-79.1422464
Duncan Miller,,"Canberra, Australia",mens-cross-country,2022,-35.2975906,149.1012676
Ethan Reese,,"Portland, Ore.",mens-cross-country,2022,45.5202471,-122.674194
Harrison Witt,,"Highland Ranch, Colo.",mens-cross-country,2022,39.1252332,-106.8461025
Jack Gregorski,,"Painted Post, N.Y.",mens-cross-country,2022,42.1620186,-77.0941366
Jack Kenkel,,"Niwot, Colo.",mens-cross-country,2022,40.1016754,-105.1534902
Jack Stanley,,"Mendham, N.J.",mens-cross-country,2022,40.775941,-74.6009617
Jackson Shorten,,"Loveland, Colo.",mens-cross-country,2022,40.3977612,-105.07498
Jarrett Kirk,,"Flower Mound, Texas",mens-cross-country,2022,33.0283854,-97.0867203
Joe Fast,,"Ottawa, Canada",mens-cross-country,2022,45.4208777,-75.6901106
Jordan Kaplan,,"Monroe Township, N.J.",mens-cross-country,2022,40.335756,-74.4334464
Josh Zelek,,"Stratford, Ont.",mens-cross-country,2022,43.3700899,-80.9818016
Josiah Taylor,,"Wyomissing, Pa.",mens-cross-country,2022,40.329537,-75.9652117
Kieran McDermott,,"Bel Air, Md.",mens-cross-country,2022,39.5797515,-78.8531894
Matthew Farrell,,"Glastonbury, C.T.",mens-cross-country,2022,41.7123218,-72.608146
Myles Hogan,,"Bronx, N.Y,",mens-cross-country,2022,40.8466508,-73.8785937
Nathan Tavakolian,,"Eugene, Ore.",mens-cross-country,2022,44.0505054,-123.0950506
Nicholas Bendtsen,,"Wolcott, Conn.",mens-cross-country,2022,41.6023196,-72.9867718
Sam Rodman,,"Bealeton, Va.",mens-cross-country,2022,38.585005,-77.775644
Scott Thompson,,"Nashville, Tenn.",mens-cross-country,2022,36.1622767,-86.7742984
Sebastian Fisher,,"Laguna Beach, Calif.",mens-cross-country,2022,33.5426975,-117.785366
Anthony Monte,,"Austin, Texas",mens-cross-country,2023,30.2711286,-97.7436995
Britton Masback,,"Portland, Ore.",mens-cross-country,2023,45.5202471,-122.674194
Camren Fischer,,"Fayetteville, Ark.",mens-cross-country,2023,36.0625843,-94.1574328
Connor Chen,,"Tiburon, Calif.",mens-cross-country,2023,37.8775332,-122.460808
Connor Livingston,,"Livermore, Calif.",mens-cross-country,2023,37.6820583,-121.768053
Connor McCormick,,"Longmont, Colo.",mens-cross-country,2023,40.1672117,-105.101928
Connor Nisbet,,"Wilmington, Del.",mens-cross-country,2023,39.7459468,-75.546589
Cooper Austen,,"Concord, Mass.",mens-cross-country,2023,42.4605189,-71.3488963
Daniel O'Brien,,"Lynchburg, Va.",mens-cross-country,2023,37.4137536,-79.1422464
Duncan Miller,,"Canberra, Australia",mens-cross-country,2023,-35.2975906,149.1012676
Harrison Witt,,"Highland Ranch, Colo.",mens-cross-country,2023,39.1252332,-106.8461025
Jack Gregorski,,"Painted Post, N.Y.",mens-cross-country,2023,42.1620186,-77.0941366
Jack Kenkel,,"Niwot, Colo.",mens-cross-country,2023,40.1016754,-105.1534902
Jack Stanley,,"Mendham, N.J.",mens-cross-country,2023,40.775941,-74.6009617
Jackson Shorten,,"Loveland, Colo.",mens-cross-country,2023,40.3977612,-105.07498
Jarrett Kirk,,"Flower Mound, Texas",mens-cross-country,2023,33.0283854,-97.0867203
Joe Fast,,"Ottawa, Canada",mens-cross-country,2023,45.4208777,-75.6901106
Jordan Kaplan,,"Monroe Township, N.J.",mens-cross-country,2023,40.335756,-74.4334464
Josh Zelek,,"Stratford, Ont.",mens-cross-country,2023,43.3700899,-80.9818016
Josiah Taylor,,"Wyomissing, Pa.",mens-cross-country,2023,40.329537,-75.9652117
Matthew Farrell,,"Glastonbury, C.T.",mens-cross-country,2023,41.7123218,-72.608146
Myles Hogan,,"Bronx, N.Y,",mens-cross-country,2023,40.8466508,-73.8785937
Nathan Tavakolian,,"Eugene, Ore.",mens-cross-country,2023,44.0505054,-123.0950506
Nicholas Bendtsen,,"Wolcott, Conn.",mens-cross-country,2023,41.6023196,-72.9867718
Sam Rodman,,"Bealeton, Va.",mens-cross-country,2023,38.585005,-77.775644
Sebastian Fisher,,"Laguna Beach, Calif.",mens-cross-country,2023,33.5426975,-117.785366
Alex Niemiec,,"Canyon, Texas",mens-cross-country,2024,34.9789849,-101.9281915
Avery Keith,,"Westfield, N.J.",mens-cross-country,2024,40.651726,-74.3483059
Brian Boler,,"Morristown, N.J.",mens-cross-country,2024,40.7970382,-74.4809868
Christian Groendyk,,"Fort Collins, Colo.",mens-cross-country,2024,40.5871782,-105.0770113
Collin Boler,,"Morristown, N.J.",mens-cross-country,2024,40.7970382,-74.4809868
Connor Chen,,"Tiburon, Calif.",mens-cross-country,2024,37.8775332,-122.460808
Connor McCormick,,"Longmont, Colo.",mens-cross-country,2024,40.1672117,-105.101928
Cooper Austen,,"Concord, Mass.",mens-cross-country,2024,42.4605189,-71.3488963
Daniel O'Brien,,"Lynchburg, Va.",mens-cross-country,2024,37.4137536,-79.1422464
Franco Parra,,"San Antonio, Texas",mens-cross-country,2024,29.4246002,-98.4951405
Harrison Witt,,"Highland Ranch, Colo.",mens-cross-country,2024,39.1252332,-106.8461025
Jack Gregorski,,"Painted Post, N.Y.",mens-cross-country,2024,42.1620186,-77.0941366
Jackson Shorten,,"Loveland, Colo.",mens-cross-country,2024,40.3977612,-105.07498
Jacob Nenow,,"Portland, Ore.",mens-cross-country,2024,45.5202471,-122.674194
Marcelo Parra,,"San Antonio, Texas",mens-cross-country,2024,29.4246002,-98.4951405
Myles Hogan,,"Bronx, N.Y,",mens-cross-country,2024,40.8466508,-73.8785937
Nicholas Bendtsen,,"Wolcott, Conn.",mens-cross-country,2024,41.6023196,-72.9867718
Sam Rodman,,"Bealeton, Va.",mens-cross-country,2024,38.585005,-77.775644
Sebastian Martinez,,"Ellicott City, Md.",mens-cross-country,2024,39.2757359,-76.8317417
Steven Hergenrother,,"Ridgefield, Conn.",mens-cross-country,2024,41.2814842,-73.4981792
Vijay Krishnamoorthi,,"Schaumburg, Ill.",mens-cross-country,2024,42.0333608,-88.083406
Weston Brown,,"Bozeman, Mont.",mens-cross-country,2024,45.6794293,-111.044047
Alex Niemiec,,"Canyon, Texas",mens-cross-country,2025,34.9789849,-101.9281915
Avery Keith,,"Westfield, N.J.",mens-cross-country,2025,40.651726,-74.3483059
Brian Boler,,"Morristown, N.J.",mens-cross-country,2025,40.7970382,-74.4809868
Christian Groendyk,,"Fort Collins, Colo.",mens-cross-country,2025,40.5871782,-105.0770113
Collin Boler,,"Morristown, N.J.",mens-cross-country,2025,40.7970382,-74.4809868
Connor McCormick,,"Longmont, Colo.",mens-cross-country,2025,40.1672117,-105.101928
Cooper Austen,,"Concord, Mass.",mens-cross-country,2025,42.4605189,-71.3488963
Franco Parra,,"San Antonio, Texas",mens-cross-country,2025,29.4246002,-98.4951405
Hayden Boaz,,"Bend, Ore.",mens-cross-country,2025,44.0581728,-121.3153096
Jack Gregorski,,"Painted Post, N.Y.",mens-cross-country,2025,42.1620186,-77.0941366
Jackson Shorten,,"Loveland, Colo.",mens-cross-country,2025,40.3977612,-105.07498
Jacob Nenow,,"Portland, Ore.",mens-cross-country,2025,45.5202471,-122.674194
James McLeay,,"Invercargill, New Zealand",mens-cross-country,2025,-46.4118465,168.3470632
Marcelo Parra,,"San Antonio, Texas",mens-cross-country,2025,29.4246002,-98.4951405
Myles Hogan,,"Bronx, N.Y,",mens-cross-country,2025,40.8466508,-73.8785937
Sebastian Martinez,,"Ellicott City, Md.",mens-cross-country,2025,39.2757359,-76.8317417
Sebi Hume,,"Bethesda, Md.",mens-cross-country,2025,38.9812726,-77.1233587
Steven Hergenrother,,"Ridgefield, Conn.",mens-cross-country,2025,41.2814842,-73.4981792
Thomas Arender,,"Nashville, Tn.",mens-cross-country,2025,36.1622767,-86.7742984
Tristan Yoder,,"Broadway, Va.",mens-cross-country,2025,38.6133035,-78.7993257
Tsedeke Jakovics,,"Severna Park, MD",mens-cross-country,2025,39.0826193,-76.5719676
Vijay Krishnamoorthi,,"Schaumburg, Ill.",mens-cross-country,2025,42.0333608,-88.083406
Weston Brown,,"Bozeman, Mont.",mens-cross-country,2025,45.6794293,-111.044047
Alex Niemiec,,"Canyon, Texas",mens-cross-country,2026,34.9789849,-101.9281915
Avery Keith,,"Westfield, N.J.",mens-cross-country,2026,40.651726,-74.3483059
Brian Boler,,"Morristown, N.J.",mens-cross-country,2026,40.7970382,-74.4809868
Caleb Rock,,"Washington, D.C.",mens-cross-country,2026,38.8950982,-77.0363849
Christian Groendyk,,"Fort Collins, Colo.",mens-cross-country,2026,40.5871782,-105.0770113
Collin Boler,,"Morristown, N.J.",mens-cross-country,2026,40.7970382,-74.4809868
Franco Parra,,"San Antonio, Texas",mens-cross-country,2026,29.4246002,-98.4951405
Hayden Boaz,,"Bend, Ore.",mens-cross-country,2026,44.0581728,-121.3153096
Henry Barker,,"London, UK",mens-cross-country,2026,51.5074456,-0.1277653
Jacob Nenow,,"Portland, Ore.",mens-cross-country,2026,45.5202471,-122.674194
James McLeay,,"Invercargill, New Zealand",mens-cross-country,2026,-46.4118465,168.3470632
Jon Nathan Lawrence,,"Charlottesville, Va.",mens-cross-country,2026,38.029306,-78.4766781
Karil Arnold,,"Washington, D.C.",mens-cross-country,2026,38.8950982,-77.0363849
Liam Luff,,"New York, N.Y.",mens-cross-country,2026,40.7127281,-74.0060152
Marcelo Parra,,"San Antonio, Texas",mens-cross-country,2026,29.4246002,-98.4951405
Sebastian Martinez,,"Ellicott City, Md.",mens-cross-country,2026,39.2757359,-76.8317417
Sebi Hume,,"Bethesda, Md.",mens-cross-country,2026,38.9812726,-77.1233587
Steven Hergenrother,,"Ridgefield, Conn.",mens-cross-country,2026,41.2814842,-73.4981792
Thomas Arender,,"Nashville, Tn.",mens-cross-country,2026,36.1622767,-86.7742984
Tristan Yoder,,"Broadway, Va.",mens-cross-country,2026,38.6133035,-78.7993257
Tsedeke Jakovics,,"Severna Park, MD",mens-cross-country,2026,39.0826193,-76.5719676
Vijay Krishnamoorthi,,"Schaumburg, Ill.",mens-cross-country,2026,42.0333608,-88.083406
Weston Brown,,"Bozeman, Mont.",mens-cross-country,2026,45.6794293,-111.044047
Alex Dombrowski,,"Gaylord, Mich.",mens-golf,2016,45.027513,-84.674752
Caden McLaughlin,,"Alcoa, Tenn.",mens-golf,2016,35.7847143,-83.986599
Eric Mitchell,,"Winston-Salem, N.C.",mens-golf,2016,36.0998131,-80.2440518
Evan Quinn,,"Morristown, N.J.",mens-golf,2016,40.7970382,-74.4809868
Jason Chen,,"Brea, Calif.",mens-golf,2016,33.9170444,-117.888855
Marc Hedrick,,"Encinitas, Calif.",mens-golf,2016,33.0431846,-117.2849848
Michael Davis,,"Newtown Square, Pa.",mens-golf,2016,39.9868117,-75.4007633
Caden McLaughlin,,"Alcoa, Tenn.",mens-golf,2017,35.7847143,-83.986599
Eric Mitchell,,"Winston-Salem, N.C.",mens-golf,2017,36.0998131,-80.2440518
Evan Quinn,,"Morristown, N.J.",mens-golf,2017,40.7970382,-74.4809868
Guy Waterhouse,,"Johannesburg, South Africa",mens-golf,2017,-26.205,28.049722
Jack Roberts,,"Wellesley, Mass.",mens-golf,2017,42.2964859,-71.2925571
Jake Mayer,,"Scotch Plains, N.J.",mens-golf,2017,40.65538,-74.3898732
Marc Hedrick,,"Encinitas, Calif.",mens-golf,2017,33.0431846,-117.2849848
Michael Davis,,"Newtown Square, Pa.",mens-golf,2017,39.9868117,-75.4007633
Sam Clayman,,"Dallas, Texas",mens-golf,2017,32.7762719,-96.7968559
Vinay Ramesh,,"Newtown, Pa.",mens-golf,2017,40.2294046,-74.9365329
Caden McLaughlin,,"Alcoa, Tenn.",mens-golf,2018,35.7847143,-83.986599
Evan Quinn,,"Morristown, N.J.",mens-golf,2018,40.7970382,-74.4809868
Guy Waterhouse,,"Johannesburg, South Africa",mens-golf,2018,-26.205,28.049722
Jack Roberts,,"Wellesley, Mass.",mens-golf,2018,42.2964859,-71.2925571
Jake Mayer,,"Scotch Plains, N.J.",mens-golf,2018,40.65538,-74.3898732
Max Holm,,"Walnut Creek, Calif.",mens-golf,2018,37.9020731,-122.0618702
Max Ting,,"Atherton, Calif.",mens-golf,2018,37.453773,-122.2058272
Sam Clayman,,"Dallas, Texas",mens-golf,2018,32.7762719,-96.7968559
Vinay Ramesh,,"Newtown, Pa.",mens-golf,2018,40.2294046,-74.9365329
Caden McLaughlin,,"Alcoa, Tenn.",mens-golf,2019,35.7847143,-83.986599
Connor Belcastro,,"Rowayton, Conn.",mens-golf,2019,41.0777255,-73.4442745
Evan Quinn,,"Morristown, N.J.",mens-golf,2019,40.7970382,-74.4809868
Guy Waterhouse,,"Johannesburg, South Africa",mens-golf,2019,-26.205,28.049722
Henry Dubiel,,"North Palm Beach, Fla.",mens-golf,2019,26.8237944,-80.0559266
Jack Roberts,,"Wellesley, Mass.",mens-golf,2019,42.2964859,-71.2925571
Jackson Fretty,,"Cos Cob, Conn.",mens-golf,2019,41.0510193,-73.5919491
Jake Mayer,,"Scotch Plains, N.J.",mens-golf,2019,40.65538,-74.3898732
Max Holm,,"Walnut Creek, Calif.",mens-golf,2019,37.9020731,-122.0618702
Max Ting,,"Atherton, Calif.",mens-golf,2019,37.453773,-122.2058272
Sam Clayman,,"Dallas, Texas",mens-golf,2019,32.7762719,-96.7968559
Carson Levit,,"San Francisco, Calif.",mens-golf,2020,37.7879363,-122.4075201
Carson Levit,,"San Francisco, Calif.",mens-golf,2021,37.7879363,-122.4075201
Connor Belcastro,,"Rowayton, Conn.",mens-golf,2021,41.0777255,-73.4442745
Guy Waterhouse,,"Johannesburg, South Africa",mens-golf,2021,-26.205,28.049722
Henry Dubiel,,"North Palm Beach, Fla.",mens-golf,2021,26.8237944,-80.0559266
Jack Roberts,,"Wellesley, Mass.",mens-golf,2021,42.2964859,-71.2925571
Jackson Fretty,,"Cos Cob, Conn.",mens-golf,2021,41.0510193,-73.5919491
Jake Mayer,,"Scotch Plains, N.J.",mens-golf,2021,40.65538,-74.3898732
Jeremy Yun,,"Menlo Park, Calif.",mens-golf,2021,37.4519671,-122.177992
Max Holm,,"Walnut Creek, Calif.",mens-golf,2021,37.9020731,-122.0618702
Max Ting,,"Atherton, Calif.",mens-golf,2021,37.453773,-122.2058272
Sam Clayman,,"Dallas, Texas",mens-golf,2021,32.7762719,-96.7968559
William Huang,,"Exeter, N.H.",mens-golf,2021,42.981477,-70.9478343
Connor Belcastro,,"Rowayton, Conn.",mens-golf,2022,41.0777255,-73.4442745
Henry Dubiel,,"North Palm Beach, Fla.",mens-golf,2022,26.8237944,-80.0559266
Jackson Fretty,,"Cos Cob, Conn.",mens-golf,2022,41.0510193,-73.5919491
Jeremy Yun,,"Menlo Park, Calif.",mens-golf,2022,37.4519671,-122.177992
Max Holm,,"Walnut Creek, Calif.",mens-golf,2022,37.9020731,-122.0618702
Max Ting,,"Atherton, Calif.",mens-golf,2022,37.453773,-122.2058272
Nathan Drogin,,"Essex Fells, N.J.",mens-golf,2022,40.8245442,-74.2845925
Riccardo Fantinelli,,"Rome, Italy",mens-golf,2022,41.8933203,12.4829321
William Huang,,"Exeter, N.H.",mens-golf,2022,42.981477,-70.9478343
Charlie Farrell,,"San Francisco, Calif.",mens-golf,2023,37.7879363,-122.4075201
Charlie Palmer,,"Paradise Valley, Ariz.",mens-golf,2023,33.5324295,-111.9505123
Connor Belcastro,,"Rowayton, Conn.",mens-golf,2023,41.0777255,-73.4442745
Henry Dubiel,,"North Palm Beach, Fla.",mens-golf,2023,26.8237944,-80.0559266
Jackson Fretty,,"Cos Cob, Conn.",mens-golf,2023,41.0510193,-73.5919491
Jeremy Yun,,"Menlo Park, Calif.",mens-golf,2023,37.4519671,-122.177992
Nathan Drogin,,"Essex Fells, N.J.",mens-golf,2023,40.8245442,-74.2845925
Riccardo Fantinelli,,"Rome, Italy",mens-golf,2023,41.8933203,12.4829321
Tommy Frist,,"Nashville, Tenn.",mens-golf,2023,36.1622767,-86.7742984
William Huang,,"Exeter, N.H.",mens-golf,2023,42.981477,-70.9478343
Charlie Farrell,,"San Francisco, Calif.",mens-golf,2024,37.7879363,-122.4075201
Charlie Palmer,,"Paradise Valley, Ariz.",mens-golf,2024,33.5324295,-111.9505123
Eric Yun,,"Menlo Park, Calif.",mens-golf,2024,37.4519671,-122.177992
Jeremy Yun,,"Menlo Park, Calif.",mens-golf,2024,37.4519671,-122.177992
Nathan Drogin,,"Essex Fells, N.J.",mens-golf,2024,40.8245442,-74.2845925
Reed Greyserman,,"Boca Raton, Fla.",mens-golf,2024,26.3586885,-80.0830984
Riccardo Fantinelli,,"Rome, Italy",mens-golf,2024,41.8933203,12.4829321
Tommy Frist,,"Nashville, Tenn.",mens-golf,2024,36.1622767,-86.7742984
William Huang,,"Exeter, N.H.",mens-golf,2024,42.981477,-70.9478343
Charlie Farrell,,"San Francisco, Calif.",mens-golf,2025,37.7879363,-122.4075201
Charlie Palmer,,"Paradise Valley, Ariz.",mens-golf,2025,33.5324295,-111.9505123
Eric Yun,,"Menlo Park, Calif.",mens-golf,2025,37.4519671,-122.177992
Eric Zhao,,"North York, Ontario",mens-golf,2025,43.7543217,-79.4491057
James Lee,,"Burlingame, California.",mens-golf,2025,37.5780965,-122.3473099
Jeremy Yun,,"Menlo Park, Calif.",mens-golf,2025,37.4519671,-122.177992
Luke Brandler,,"Pebble Beach, Calif.",mens-golf,2025,36.5672414,-121.9442134
Nathan Drogin,,"Essex Fells, N.J.",mens-golf,2025,40.8245442,-74.2845925
Reed Greyserman,,"Boca Raton, Fla.",mens-golf,2025,26.3586885,-80.0830984
Riccardo Fantinelli,,"Rome, Italy",mens-golf,2025,41.8933203,12.4829321
Tommy Frist,,"Nashville, Tenn.",mens-golf,2025,36.1622767,-86.7742984
Charlie Farrell,,"San Francisco, Calif.",mens-golf,2026,37.7879363,-122.4075201
Charlie Palmer,,"Paradise Valley, Ariz.",mens-golf,2026,33.5324295,-111.9505123
Eric Yun,,"Menlo Park, Calif.",mens-golf,2026,37.4519671,-122.177992
Eric Zhao,,"North York, Ontario",mens-golf,2026,43.7543217,-79.4491057
James Lee,,"Burlingame, California.",mens-golf,2026,37.5780965,-122.3473099
Jordan Brown,,"Lakewood Ranch, Fla.",mens-golf,2026,27.4091912,-82.3925294
Luke Brandler,,"Pebble Beach, Calif.",mens-golf,2026,36.5672414,-121.9442134
Reed Greyserman,,"Boca Raton, Fla.",mens-golf,2026,26.3586885,-80.0830984
Tommy Frist,,"Nashville, Tenn.",mens-golf,2026,36.1622767,-86.7742984
Will Chang,,"Danville, Calif.",mens-golf,2026,37.8225892,-122.0008254
Alex Riche,F,"Oakville, Ont.",mens-ice-hockey,2016,43.447436,-79.666672
Austin Shaw,G,"Denver, Colo.",mens-ice-hockey,2016,39.7392364,-104.984862
Ben Foster,F,"Darien, Conn.",mens-ice-hockey,2016,41.0787079,-73.4692873
Ben Halford,G,"Lenox, Mass.",mens-ice-hockey,2016,42.3568223,-73.2850851
Colton Phinney,G,"Chatham, N.J.",mens-ice-hockey,2016,40.7409242,-74.3836711
David Hallisey,F,"Wethersfield, Conn.",mens-ice-hockey,2016,41.7142665,-72.6525922
Derek Topatigh,D,"Mississauga, Ont.",mens-ice-hockey,2016,43.5884727,-79.643658
Eric Robinson,F,"Bellmawr, N.J.",mens-ice-hockey,2016,39.8676134,-75.0946183
Garrett Skrbich,F,"Hermantown, Minn.",mens-ice-hockey,2016,46.8068852,-92.2382464
Hayden Anderson,D,"Edina, Minn.",mens-ice-hockey,2016,44.8897027,-93.3501222
Jackson Cressey,F,"West Vancouver, B.C.",mens-ice-hockey,2016,49.3311208,-123.159479
Jeremy Germain,F,"Hamden, Conn.",mens-ice-hockey,2016,41.3836233,-72.9020069
Joe Grabowski,D,"Lawrenceville, N.J.",mens-ice-hockey,2016,40.3009876,-74.7373728
Joey Fallon,F,"West Islip, N.Y.",mens-ice-hockey,2016,40.7064515,-73.2987663
Jordan Fogarty,F,"Sarnia, Ont.",mens-ice-hockey,2016,42.9743821,-82.403533
Josh Teves,D,"Calgary, Alb.",mens-ice-hockey,2016,51.0456064,-114.057541
Liam Grande,F,"Whitby, Ont.",mens-ice-hockey,2016,43.87982,-78.9421751
Marlon Sabo,D,"Surrey, B.C.",mens-ice-hockey,2016,49.1913033,-122.849143
Matt Nelson,D,"Edina, Minn.",mens-ice-hockey,2016,44.8897027,-93.3501222
Max Becker,F,"Orange, Calif.",mens-ice-hockey,2016,33.750631,-117.8722311
Max Véronneau,F,"Ottawa, Ont.",mens-ice-hockey,2016,45.4208777,-75.6901106
Quin Pompi,D,"Springfield, Pa.",mens-ice-hockey,2016,39.9306677,-75.3201879
Ryan Berlin,F,"Edmonton, Alb.",mens-ice-hockey,2016,53.5462055,-113.491241
Ryan Kuffner,F,"Ottawa, Ont.",mens-ice-hockey,2016,45.4208777,-75.6901106
Ryan Siiro,F,"Bloomington, Minn.",mens-ice-hockey,2016,44.8322405,-93.3204872
Spencer Kryczka,F,"Calgary, Alb.",mens-ice-hockey,2016,51.0456064,-114.057541
Stuart Pomeroy,D,"Glenview, Ill.",mens-ice-hockey,2016,42.0700662,-87.8114044
Tommy Davis,D,"Ho-Ho-Kus, N.J.",mens-ice-hockey,2016,40.9976524,-74.110284
Alex Riche,F,"Oakville, Ont.",mens-ice-hockey,2017,43.447436,-79.666672
Austin Shaw,G,"Denver, Colo.",mens-ice-hockey,2017,39.7392364,-104.984862
Ben Halford,G,"Lenox, Mass.",mens-ice-hockey,2017,42.3568223,-73.2850851
Colin Tonge,F,"Kingston, Ont.",mens-ice-hockey,2017,44.3054151,-76.4283781
David Hallisey,F,"Wethersfield, Conn.",mens-ice-hockey,2017,41.7142665,-72.6525922
Derek Topatigh,D,"Mississauga, Ont.",mens-ice-hockey,2017,43.5884727,-79.643658
Eric Robinson,F,"Bellmawr, N.J.",mens-ice-hockey,2017,39.8676134,-75.0946183
Jackson Cressey,F,"West Vancouver, B.C.",mens-ice-hockey,2017,49.3311208,-123.159479
Jake Paganelli,F,"Verona, N.J.",mens-ice-hockey,2017,40.829822,-74.2401466
Jeremy Germain,F,"Hamden, Conn.",mens-ice-hockey,2017,41.3836233,-72.9020069
Joe Grabowski,D,"Lawrenceville, N.J.",mens-ice-hockey,2017,40.3009876,-74.7373728
Joey Fallon,F,"West Islip, N.Y.",mens-ice-hockey,2017,40.7064515,-73.2987663
Jordan Fogarty,F,"Sarnia, Ont.",mens-ice-hockey,2017,42.9743821,-82.403533
Josh Teves,D,"Calgary, Alb.",mens-ice-hockey,2017,51.0456064,-114.057541
Liam Grande,F,"Whitby, Ont.",mens-ice-hockey,2017,43.87982,-78.9421751
Luke Keenan,F,"Courtice, Ont.",mens-ice-hockey,2017,43.9117719,-78.7780464
Mark Paolini,D,"Toronto, Ont.",mens-ice-hockey,2017,43.6534817,-79.3839347
Matt Nelson,D,"Edina, Minn.",mens-ice-hockey,2017,44.8897027,-93.3501222
Matthew Thom,D,"Oakville, Ont.",mens-ice-hockey,2017,43.447436,-79.666672
Max Becker,F,"Orange, Calif.",mens-ice-hockey,2017,33.750631,-117.8722311
Max Véronneau,F,"Ottawa, Ont.",mens-ice-hockey,2017,45.4208777,-75.6901106
Neil Doef,F,"Smiths Falls, Ont.",mens-ice-hockey,2017,44.9013316,-76.0212062
Reid Yochim,D,"Port Robinson, Ont.",mens-ice-hockey,2017,43.0617673,-79.2076814
Ryan Berlin,F,"Edmonton, Alb.",mens-ice-hockey,2017,53.5462055,-113.491241
Ryan Ferland,G,"Franklin, Mass.",mens-ice-hockey,2017,42.5896205,-72.6110645
Ryan Kuffner,F,"Ottawa, Ont.",mens-ice-hockey,2017,45.4208777,-75.6901106
Spencer Kryczka,F,"Calgary, Alb.",mens-ice-hockey,2017,51.0456064,-114.057541
Stuart Pomeroy,D,"Glenview, Ill.",mens-ice-hockey,2017,42.0700662,-87.8114044
Alex Riche,F,"Oakville, Ont.",mens-ice-hockey,2018,43.447436,-79.666672
Austin Shaw,G,"Denver, Colo.",mens-ice-hockey,2018,39.7392364,-104.984862
Christian O'Neill,F,"Westwood, Mass.",mens-ice-hockey,2018,42.2186913,-71.2233829
Colin Tonge,F,"Kingston, Ont.",mens-ice-hockey,2018,44.3054151,-76.4283781
Corey Andonovski,F,"Uxbridge, Ont.",mens-ice-hockey,2018,44.1088502,-79.1226768
Derek Topatigh,D,"Mississauga, Ont.",mens-ice-hockey,2018,43.5884727,-79.643658
Finn Evans,F,"Toronto, Ont.",mens-ice-hockey,2018,43.6534817,-79.3839347
Jackson Cressey,F,"West Vancouver, B.C.",mens-ice-hockey,2018,49.3311208,-123.159479
Jake Paganelli,F,"Verona, N.J.",mens-ice-hockey,2018,40.829822,-74.2401466
Jeremie Forget,G,"Mascouche, Que.",mens-ice-hockey,2018,45.7453521,-73.6005591
Jeremy Germain,F,"Hamden, Conn.",mens-ice-hockey,2018,41.3836233,-72.9020069
Joey Fallon,F,"West Islip, N.Y.",mens-ice-hockey,2018,40.7064515,-73.2987663
Jordan Fogarty,F,"Sarnia, Ont.",mens-ice-hockey,2018,42.9743821,-82.403533
Josh Teves,D(C),"Calgary, Alb.",mens-ice-hockey,2018,51.0456064,-114.057541
Liam Grande,F,"Whitby, Ont.",mens-ice-hockey,2018,43.87982,-78.9421751
Luke Keenan,F,"Courtice, Ont.",mens-ice-hockey,2018,43.9117719,-78.7780464
Mark Paolini,D,"Toronto, Ont.",mens-ice-hockey,2018,43.6534817,-79.3839347
Matt Kellenberger,D,"Toronto, Ont.",mens-ice-hockey,2018,43.6534817,-79.3839347
Matthew Thom,D,"Oakville, Ont.",mens-ice-hockey,2018,43.447436,-79.666672
Max Véronneau,F,"Ottawa, Ont.",mens-ice-hockey,2018,45.4208777,-75.6901106
Mike Ufberg,D,"Richboro, Pa.",mens-ice-hockey,2018,40.229682,-74.9994889
Neil Doef,F,"Smiths Falls, Ont.",mens-ice-hockey,2018,44.9013316,-76.0212062
Reid Yochim,D,"Port Robinson, Ont.",mens-ice-hockey,2018,43.0617673,-79.2076814
Ryan Ferland,G,"Franklin, Mass.",mens-ice-hockey,2018,42.5896205,-72.6110645
Ryan Kuffner,F,"Ottawa, Ont.",mens-ice-hockey,2018,45.4208777,-75.6901106
Sami Pharaon,D,"North Vancouver, B.C.",mens-ice-hockey,2018,49.3206294,-123.0737925
Spencer Kryczka,F,"Calgary, Alb.",mens-ice-hockey,2018,51.0456064,-114.057541
Adam Robbins,F,"New York, N.Y.",mens-ice-hockey,2019,40.7127281,-74.0060152
Aidan Porter,G,"Weston, Mass.",mens-ice-hockey,2019,42.3667625,-71.3031132
Christian O'Neill,F,"Westwood, Mass.",mens-ice-hockey,2019,42.2186913,-71.2233829
Colin Tonge,F,"Kingston, Ont.",mens-ice-hockey,2019,44.3054151,-76.4283781
Corey Andonovski,F,"Uxbridge, Ont.",mens-ice-hockey,2019,44.1088502,-79.1226768
Derek Topatigh,D,"Mississauga, Ont.",mens-ice-hockey,2019,43.5884727,-79.643658
Finn Evans,F,"Toronto, Ont.",mens-ice-hockey,2019,43.6534817,-79.3839347
Jackson Cressey,F,"West Vancouver, B.C.",mens-ice-hockey,2019,49.3311208,-123.159479
Jake Paganelli,F,"Verona, N.J.",mens-ice-hockey,2019,40.829822,-74.2401466
Jeremie Forget,G,"Mascouche, Que.",mens-ice-hockey,2019,45.7453521,-73.6005591
Jeremy Germain,F,"Hamden, Conn.",mens-ice-hockey,2019,41.3836233,-72.9020069
Joey Fallon,F,"West Islip, N.Y.",mens-ice-hockey,2019,40.7064515,-73.2987663
Jordan Fogarty,F,"Sarnia, Ont.",mens-ice-hockey,2019,42.9743821,-82.403533
Liam Gorman,F,"Arlington, Mass.",mens-ice-hockey,2019,42.4153739,-71.1564428
Liam Grande,F,"Whitby, Ont.",mens-ice-hockey,2019,43.87982,-78.9421751
Luke Keenan,F,"Courtice, Ont.",mens-ice-hockey,2019,43.9117719,-78.7780464
Mark Paolini,D,"Toronto, Ont.",mens-ice-hockey,2019,43.6534817,-79.3839347
Matt Hayami,F,"Oakville, Ont.",mens-ice-hockey,2019,43.447436,-79.666672
Matt Kellenberger,D,"Toronto, Ont.",mens-ice-hockey,2019,43.6534817,-79.3839347
Matthew Thom,D,"Oakville, Ont.",mens-ice-hockey,2019,43.447436,-79.666672
Mike Ufberg,D,"Richboro, Pa.",mens-ice-hockey,2019,40.229682,-74.9994889
Neil Doef,F,"Smiths Falls, Ont.",mens-ice-hockey,2019,44.9013316,-76.0212062
Nick Seitz,F,"Manhattan, N.Y.",mens-ice-hockey,2019,40.7579554,-73.9855319
Pito Walton,D,"Peapack, N.J.",mens-ice-hockey,2019,40.7087982,-74.6583872
Reid Yochim,D,"Port Robinson, Ont.",mens-ice-hockey,2019,43.0617673,-79.2076814
Ryan Ferland,G,"Franklin, Mass.",mens-ice-hockey,2019,42.5896205,-72.6110645
Sami Pharaon,D,"North Vancouver, B.C.",mens-ice-hockey,2019,49.3206294,-123.0737925
Spencer Kersten,F,"Waterloo, Ont.",mens-ice-hockey,2019,43.4652699,-80.5222961
Adam Robbins,F,"New York, N.Y.",mens-ice-hockey,2020,40.7127281,-74.0060152
Aidan Porter,G,"Weston, Mass.",mens-ice-hockey,2020,42.3667625,-71.3031132
Christian O'Neill,F,"Westwood, Mass.",mens-ice-hockey,2020,42.2186913,-71.2233829
Colin Tonge,F,"Kingston, Ont.",mens-ice-hockey,2020,44.3054151,-76.4283781
Corey Andonovski,F,"Uxbridge, Ont.",mens-ice-hockey,2020,44.1088502,-79.1226768
Finn Evans,F,"Toronto, Ont.",mens-ice-hockey,2020,43.6534817,-79.3839347
Ian Murphy,F,"Scituate, Mass.",mens-ice-hockey,2020,42.1924492,-70.7261966
Jake Paganelli,F,"Verona, N.J.",mens-ice-hockey,2020,40.829822,-74.2401466
Jeremie Forget,G,"Mascouche, Que.",mens-ice-hockey,2020,45.7453521,-73.6005591
Joe Berg,F,"Plano, Texas",mens-ice-hockey,2020,33.0136764,-96.6925096
Liam Gorman,F,"Arlington, Mass.",mens-ice-hockey,2020,42.4153739,-71.1564428
Mackenzie Merriman,F,"White Rock, B.C.",mens-ice-hockey,2020,49.0235357,-122.797924
Matt Hayami,F,"Oakville, Ont.",mens-ice-hockey,2020,43.447436,-79.666672
Matt Kellenberger,D,"Toronto, Ont.",mens-ice-hockey,2020,43.6534817,-79.3839347
Mike Kennedy,D,"Holyoke, Mass.",mens-ice-hockey,2020,42.2071184,-72.6075851
Mike Ufberg,D,"Richboro, Pa.",mens-ice-hockey,2020,40.229682,-74.9994889
Neil Doef,F,"Smiths Falls, Ont.",mens-ice-hockey,2020,44.9013316,-76.0212062
Nick Carabin,D,"Mahwah, N.J.",mens-ice-hockey,2020,41.0887072,-74.1437552
Pito Walton,D,"Peapack, N.J.",mens-ice-hockey,2020,40.7087982,-74.6583872
Reid Yochim,D,"Port Robinson, Ont.",mens-ice-hockey,2020,43.0617673,-79.2076814
Ryan Ferland,G,"Franklin, Mass.",mens-ice-hockey,2020,42.5896205,-72.6110645
Sami Pharaon,D,"North Vancouver, B.C.",mens-ice-hockey,2020,49.3206294,-123.0737925
Spencer Kersten,F,"Waterloo, Ont.",mens-ice-hockey,2020,43.4652699,-80.5222961
Adam Robbins,F,"New York, N.Y.",mens-ice-hockey,2021,40.7127281,-74.0060152
Aidan Porter,G,"Weston, Mass.",mens-ice-hockey,2021,42.3667625,-71.3031132
Alex Konovalov,F,"Basking Ridge, N.J.",mens-ice-hockey,2021,40.7064088,-74.5492725
Christian O'Neill,F,"Westwood, Mass.",mens-ice-hockey,2021,42.2186913,-71.2233829
Corey Andonovski,F,"Uxbridge, Ont.",mens-ice-hockey,2021,44.1088502,-79.1226768
David Ma,D,"Yonkers, N.Y.",mens-ice-hockey,2021,40.9312099,-73.8987469
Ethan Pearson,G,"Fredericton, N.B.",mens-ice-hockey,2021,45.9488278,-66.6291827
Finn Evans,F,"Toronto, Ont.",mens-ice-hockey,2021,43.6534817,-79.3839347
Ian Murphy,F,"Scituate, Mass.",mens-ice-hockey,2021,42.1924492,-70.7261966
Jack Cronin,F,"South Hamilton, Mass.",mens-ice-hockey,2021,42.6130398,-70.8723954
Jeremie Forget,G,"Mascouche, Que.",mens-ice-hockey,2021,45.7453521,-73.6005591
Joe Berg,F,"Plano, Texas",mens-ice-hockey,2021,33.0136764,-96.6925096
Liam Gorman,F,"Arlington, Mass.",mens-ice-hockey,2021,42.4153739,-71.1564428
Luke Keenan,F,"Courtice, Ont.",mens-ice-hockey,2021,43.9117719,-78.7780464
Mackenzie Merriman,F,"White Rock, B.C.",mens-ice-hockey,2021,49.0235357,-122.797924
Mark Paolini,D,"Toronto, Ont.",mens-ice-hockey,2021,43.6534817,-79.3839347
Matt Hayami,F,"Oakville, Ont.",mens-ice-hockey,2021,43.447436,-79.666672
Matt Kellenberger,D,"Toronto, Ont.",mens-ice-hockey,2021,43.6534817,-79.3839347
Matthew Thom,D,"Oakville, Ont.",mens-ice-hockey,2021,43.447436,-79.666672
Mike Kennedy,D,"Holyoke, Mass.",mens-ice-hockey,2021,42.2071184,-72.6075851
Mike Ufberg,D,"Richboro, Pa.",mens-ice-hockey,2021,40.229682,-74.9994889
Nick Carabin,D,"Mahwah, N.J.",mens-ice-hockey,2021,41.0887072,-74.1437552
Nick Seitz,F,"Manhattan, N.Y.",mens-ice-hockey,2021,40.7579554,-73.9855319
Noah de la Durantaye,D,"Montreal, Que.",mens-ice-hockey,2021,45.5031824,-73.5698065
Pito Walton,D,"Peapack, N.J.",mens-ice-hockey,2021,40.7087982,-74.6583872
Spencer Kersten,F,"Waterloo, Ont.",mens-ice-hockey,2021,43.4652699,-80.5222961
Adam Robbins,F,"New York, N.Y.",mens-ice-hockey,2022,40.7127281,-74.0060152
Aidan Porter,G,"Weston, Mass.",mens-ice-hockey,2022,42.3667625,-71.3031132
Alex Konovalov,F,"Basking Ridge, N.J.",mens-ice-hockey,2022,40.7064088,-74.5492725
Ben Crewe,G,"Arlington, Va.",mens-ice-hockey,2022,38.8769326,-77.0893094
Brendan Gorman,F,"Arlington, Mass.",mens-ice-hockey,2022,42.4153739,-71.1564428
Brendan Wang,D,"Burnaby, B.C.",mens-ice-hockey,2022,49.2433804,-122.972545
David Jacobs,F,"Needham, Mass.",mens-ice-hockey,2022,42.2802645,-71.2360624
David Ma,D,"Yonkers, N.Y.",mens-ice-hockey,2022,40.9312099,-73.8987469
Ethan Pearson,G,"Fredericton, N.B.",mens-ice-hockey,2022,45.9488278,-66.6291827
Ian Murphy,F,"Scituate, Mass.",mens-ice-hockey,2022,42.1924492,-70.7261966
Jack Cronin,F,"South Hamilton, Mass.",mens-ice-hockey,2022,42.6130398,-70.8723954
Jaxson Ezman,F,"Middleton, Wisc.",mens-ice-hockey,2022,43.0962919,-89.5119565
Jayden Sison,F,"Paoli, Pa.",mens-ice-hockey,2022,40.0405675,-75.4927891
Joe Berg,F,"Plano, Texas",mens-ice-hockey,2022,33.0136764,-96.6925096
Kevin Anderson,F,"Regina, Sask.",mens-ice-hockey,2022,50.4479733,-104.6158764
Liam Gorman,F,"Arlington, Mass.",mens-ice-hockey,2022,42.4153739,-71.1564428
Mackenzie Merriman,F,"White Rock, B.C.",mens-ice-hockey,2022,49.0235357,-122.797924
Matt Hayami,F,"Oakville, Ont.",mens-ice-hockey,2022,43.447436,-79.666672
McKnight Pederson,G,"Park City, Utah",mens-ice-hockey,2022,40.6460921,-111.4979963
Mike Kennedy,D,"Holyoke, Mass.",mens-ice-hockey,2022,42.2071184,-72.6075851
Nick Carabin,D,"Mahwah, N.J.",mens-ice-hockey,2022,41.0887072,-74.1437552
Nick Marciano,D,"Greenwich, Conn.",mens-ice-hockey,2022,41.0264862,-73.6284598
Nick Seitz,F,"Manhattan, N.Y.",mens-ice-hockey,2022,40.7579554,-73.9855319
Noah de la Durantaye,D,"Montreal, Que.",mens-ice-hockey,2022,45.5031824,-73.5698065
Pito Walton,D,"Peapack, N.J.",mens-ice-hockey,2022,40.7087982,-74.6583872
Spencer Kersten,F,"Waterloo, Ont.",mens-ice-hockey,2022,43.4652699,-80.5222961
Tyler Rubin,D,"Natick, Mass.",mens-ice-hockey,2022,42.2836393,-71.346996
Adam Robbins,F,"New York, N.Y.",mens-ice-hockey,2023,40.7127281,-74.0060152
Alex Konovalov,F,"Basking Ridge, N.J.",mens-ice-hockey,2023,40.7064088,-74.5492725
Arthur Smith,G,"Farmington, Conn.",mens-ice-hockey,2023,41.7198216,-72.8320435
Brendan Gorman,F,"Arlington, Mass.",mens-ice-hockey,2023,42.4153739,-71.1564428
Brendan Wang,D,"Burnaby, B.C.",mens-ice-hockey,2023,49.2433804,-122.972545
Carson Buydens,F,"Gladstone, Man.",mens-ice-hockey,2023,50.2254903,-98.9510661
Conor Callaghan,G,"Ho Ho Kus, N.J.",mens-ice-hockey,2023,40.9976524,-74.110284
David Jacobs,F,"Needham, Mass.",mens-ice-hockey,2023,42.2802645,-71.2360624
Ethan Pearson,G,"Fredericton, N.B.",mens-ice-hockey,2023,45.9488278,-66.6291827
Ian Devlin,D,"Memphis, Tenn.",mens-ice-hockey,2023,35.146026,-90.0517786
Ian Murphy,F,"Scituate, Mass.",mens-ice-hockey,2023,42.1924492,-70.7261966
Jack Cronin,F,"South Hamilton, Mass.",mens-ice-hockey,2023,42.6130398,-70.8723954
Jaxson Ezman,F,"Middleton, Wisc.",mens-ice-hockey,2023,43.0962919,-89.5119565
Jayden Sison,F,"Paoli, Pa.",mens-ice-hockey,2023,40.0405675,-75.4927891
Joe Berg,F,"Plano, Texas",mens-ice-hockey,2023,33.0136764,-96.6925096
Joshua Karnish,F,"Marlton, N.J.",mens-ice-hockey,2023,39.9005585,-74.9338911
Kai Daniells,F,"Whistler, B.C.",mens-ice-hockey,2023,50.1171903,-122.9543022
Kevin Anderson,F,"Regina, Sask.",mens-ice-hockey,2023,50.4479733,-104.6158764
Mackenzie Merriman,F,"White Rock, B.C.",mens-ice-hockey,2023,49.0235357,-122.797924
Michael Young,F,"Kings Park, N.Y.",mens-ice-hockey,2023,40.8890985,-73.246843
Mike Kennedy,D,"Holyoke, Mass.",mens-ice-hockey,2023,42.2071184,-72.6075851
Nick Carabin,D,"Mahwah, N.J.",mens-ice-hockey,2023,41.0887072,-74.1437552
Nick Marciano,D,"Greenwich, Conn.",mens-ice-hockey,2023,41.0264862,-73.6284598
Nick Seitz,F,"Manhattan, N.Y.",mens-ice-hockey,2023,40.7579554,-73.9855319
Noah de la Durantaye,D,"Montreal, Que.",mens-ice-hockey,2023,45.5031824,-73.5698065
Tyler Rubin,D,"Natick, Mass.",mens-ice-hockey,2023,42.2836393,-71.346996
Alex Konovalov,F,"Basking Ridge, N.J.",mens-ice-hockey,2024,40.7064088,-74.5492725
Arthur Smith,G,"Farmington, Conn.",mens-ice-hockey,2024,41.7198216,-72.8320435
Brendan Gorman,F,"Arlington, Mass.",mens-ice-hockey,2024,42.4153739,-71.1564428
Brendan Wang,D,"Burnaby, B.C.",mens-ice-hockey,2024,49.2433804,-122.972545
Carson Buydens,F,"Gladstone, Man.",mens-ice-hockey,2024,50.2254903,-98.9510661
Conor Callaghan,G,"Ho Ho Kus, N.J.",mens-ice-hockey,2024,40.9976524,-74.110284
David Jacobs,F,"Needham, Mass.",mens-ice-hockey,2024,42.2802645,-71.2360624
David Ma,D,"Yonkers, N.Y.",mens-ice-hockey,2024,40.9312099,-73.8987469
Drew Garzone,F,"Dover, Mass.",mens-ice-hockey,2024,42.2452466,-71.2823588
Ethan Pearson,G,"Fredericton, N.B.",mens-ice-hockey,2024,45.9488278,-66.6291827
Ian Devlin,D,"Memphis, Tenn.",mens-ice-hockey,2024,35.146026,-90.0517786
Jack Cronin,F,"South Hamilton, Mass.",mens-ice-hockey,2024,42.6130398,-70.8723954
Jake Manfre,F,"Kings Park, N.Y.",mens-ice-hockey,2024,40.8890985,-73.246843
Jaxson Ezman,F,"Middleton, Wisc.",mens-ice-hockey,2024,43.0962919,-89.5119565
Jayden Sison,F/D,"Paoli, Pa.",mens-ice-hockey,2024,40.0405675,-75.4927891
Joshua Karnish,F,"Marlton, N.J.",mens-ice-hockey,2024,39.9005585,-74.9338911
Julian Facchinelli,F,"Woodbridge, Ont.",mens-ice-hockey,2024,43.7848982,-79.5923855
Kai Daniells,F,"Whistler, B.C.",mens-ice-hockey,2024,50.1171903,-122.9543022
Kai Greaves,D,"Cambridge, Ont.",mens-ice-hockey,2024,43.3600536,-80.3123023
Kevin Anderson,F,"Regina, Sask.",mens-ice-hockey,2024,50.4479733,-104.6158764
Luc Pelletier,F,"Courtenay, B.C.",mens-ice-hockey,2024,49.6894061,-124.9954959
Michael Young,F,"Kings Park, N.Y.",mens-ice-hockey,2024,40.8890985,-73.246843
Miles Gunty,F,"Bethesda, Md.",mens-ice-hockey,2024,38.9812726,-77.1233587
Nick Marciano,D,"Greenwich, Conn.",mens-ice-hockey,2024,41.0264862,-73.6284598
Noah de la Durantaye,D,"Montreal, Que.",mens-ice-hockey,2024,45.5031824,-73.5698065
Pat Reilly,D,"Avon, N.J.",mens-ice-hockey,2024,40.1923357,-74.0159703
Tyler Rubin,D,"Natick, Mass.",mens-ice-hockey,2024,42.2836393,-71.346996
Arthur Smith,G,"Farmington, Conn.",mens-ice-hockey,2025,41.7198216,-72.8320435
Brady Morris,G,"Rye, N.Y.",mens-ice-hockey,2025,40.9821371,-73.6840902
Brendan Gorman,F,"Arlington, Mass.",mens-ice-hockey,2025,42.4153739,-71.1564428
Brendan Wang,D,"Burnaby, B.C.",mens-ice-hockey,2025,49.2433804,-122.972545
Carson Buydens,F,"Gladstone, Man.",mens-ice-hockey,2025,50.2254903,-98.9510661
Chris Reiniger,D,"Brielle, N.J.",mens-ice-hockey,2025,40.1078931,-74.0565263
Conor Callaghan,G,"Ho Ho Kus, N.J.",mens-ice-hockey,2025,40.9976524,-74.110284
Dan Moor,G,"Allendale, N.J.",mens-ice-hockey,2025,41.0413199,-74.1291407
David Jacobs,F,"Needham, Mass.",mens-ice-hockey,2025,42.2802645,-71.2360624
David Ma,D,"Yonkers, N.Y.",mens-ice-hockey,2025,40.9312099,-73.8987469
Drew Garzone,F,"Dover, Mass.",mens-ice-hockey,2025,42.2452466,-71.2823588
Grayson Pohlman,,"Long Valley, N.J.",mens-ice-hockey,2025,40.7816814,-74.7592328
Hans Martin Ulvebne,F,"Oslo, Norway",mens-ice-hockey,2025,59.9133301,10.7389701
Ian Devlin,D,"Memphis, Tenn.",mens-ice-hockey,2025,35.146026,-90.0517786
Jake Manfre,F,"Kings Park, N.Y.",mens-ice-hockey,2025,40.8890985,-73.246843
Jaxson Ezman,F,"Middleton, Wisc.",mens-ice-hockey,2025,43.0962919,-89.5119565
Jayden Sison,D,"Paoli, Pa.",mens-ice-hockey,2025,40.0405675,-75.4927891
Joshua Karnish,F,"Marlton, N.J.",mens-ice-hockey,2025,39.9005585,-74.9338911
Julian Facchinelli,F,"Woodbridge, Ont.",mens-ice-hockey,2025,43.7848982,-79.5923855
Kai Daniells,F,"Whistler, B.C.",mens-ice-hockey,2025,50.1171903,-122.9543022
Kai Greaves,D,"Cambridge, Ont.",mens-ice-hockey,2025,43.3600536,-80.3123023
Kevin Anderson,F,"Regina, Sask.",mens-ice-hockey,2025,50.4479733,-104.6158764
Luc Pelletier,F,"Courtenay, B.C.",mens-ice-hockey,2025,49.6894061,-124.9954959
Malcolm Green,F,"Bedford, N.S.",mens-ice-hockey,2025,44.7303901,-63.6582365
Matthew Souliere,F,"London, Ontario",mens-ice-hockey,2025,42.9836747,-81.2496068
Michael Young,F,"Kings Park, N.Y.",mens-ice-hockey,2025,40.8890985,-73.246843
Miles Gunty,F,"Bethesda, Md.",mens-ice-hockey,2025,38.9812726,-77.1233587
Nick Marciano,D,"Greenwich, Conn.",mens-ice-hockey,2025,41.0264862,-73.6284598
Pat Reilly,D,"Avon, N.J.",mens-ice-hockey,2025,40.1923357,-74.0159703
Seamus Latta,F,"Bozeman, Mont.",mens-ice-hockey,2025,45.6794293,-111.044047
Tyler Rubin,D,"Natick, Mass.",mens-ice-hockey,2025,42.2836393,-71.346996
Arthur Smith,G,"Farmington, Conn.",mens-ice-hockey,2026,41.7198216,-72.8320435
Brady Morris,G,"Rye, N.Y.",mens-ice-hockey,2026,40.9821371,-73.6840902
Carson Buydens,F,"Gladstone, Man.",mens-ice-hockey,2026,50.2254903,-98.9510661
Chris Reiniger,D,"Brielle, N.J.",mens-ice-hockey,2026,40.1078931,-74.0565263
Christian Lyons,D,"St. Louis, Mo.",mens-ice-hockey,2026,38.6254063,-90.190009
Conor Callaghan,G,"Ho Ho Kus, N.J.",mens-ice-hockey,2026,40.9976524,-74.110284
Dan Moor,G,"Allendale, N.J.",mens-ice-hockey,2026,41.0413199,-74.1291407
Denny Monahan,D,"Norwell, Mass.",mens-ice-hockey,2026,42.1617681,-70.7939307
Drew Garzone,F,"Dover, Mass.",mens-ice-hockey,2026,42.2452466,-71.2823588
Ethan Mittelsteadt,D,"Victoria, B.C.",mens-ice-hockey,2026,48.4283182,-123.364953
Grayson Pohlman,,"Long Valley, N.J.",mens-ice-hockey,2026,40.7816814,-74.7592328
Hans Martin Ulvebne,F,"Oslo, Norway",mens-ice-hockey,2026,59.9133301,10.7389701
Ian Devlin,D,"Memphis, Tenn.",mens-ice-hockey,2026,35.146026,-90.0517786
Jake Gudelj,F,"Vancouver, B.C.",mens-ice-hockey,2026,49.2608724,-123.113952
Jake Manfre,F,"Kings Park, N.Y.",mens-ice-hockey,2026,40.8890985,-73.246843
Joshua Karnish,F,"Marlton, N.J.",mens-ice-hockey,2026,39.9005585,-74.9338911
Julian Facchinelli,F,"Woodbridge, Ont.",mens-ice-hockey,2026,43.7848982,-79.5923855
Kai Daniells,F,"Whistler, B.C.",mens-ice-hockey,2026,50.1171903,-122.9543022
Kai Greaves,D,"Cambridge, Ont.",mens-ice-hockey,2026,43.3600536,-80.3123023
Luc Pelletier,F,"Courtenay, B.C.",mens-ice-hockey,2026,49.6894061,-124.9954959
Malcolm Green,F,"Bedford, N.S.",mens-ice-hockey,2026,44.7303901,-63.6582365
Matthew Souliere,F,"London, Ontario",mens-ice-hockey,2026,42.9836747,-81.2496068
Max Lavoie,D,"Victoria, B.C.",mens-ice-hockey,2026,48.4283182,-123.364953
Michael Young,F,"Kings Park, N.Y.",mens-ice-hockey,2026,40.8890985,-73.246843
Miles Gunty,F,"Bethesda, Md.",mens-ice-hockey,2026,38.9812726,-77.1233587
Pat Reilly,D,"Avon, N.J.",mens-ice-hockey,2026,40.1923357,-74.0159703
Seamus Latta,F,"Bozeman, Mont.",mens-ice-hockey,2026,45.6794293,-111.044047
Shaan Kingwell,F,"Ottawa, Ontario",mens-ice-hockey,2026,45.4208777,-75.6901106
Adam Hardej,Midfield,"Hingham, Mass.",mens-lacrosse,2016,42.2417669,-70.8897676
Alexander Fish,Midfield,"San Francisco, Calif.",mens-lacrosse,2016,37.7879363,-122.4075201
Alistair Berven,Defense,"San Francisco, Calif.",mens-lacrosse,2016,37.7879363,-122.4075201
Andrew Bowman,Attack,"Darien, Conn.",mens-lacrosse,2016,41.0787079,-73.4692873
Aran Roberts,Defense,"Dublin, Ireland",mens-lacrosse,2016,53.3493795,-6.2605593
Arman Medghalchi,Defense/LSM,"Baltimore, Md.",mens-lacrosse,2016,39.2908816,-76.610759
Austin Sims,Midfield,"Fairfield, Conn.",mens-lacrosse,2016,41.1412078,-73.2637258
Bear Altemus,Attack,"Kensington, Md.",mens-lacrosse,2016,39.0258405,-77.0750246
Bear Goldstein,Defense,"Dallas, Texas",mens-lacrosse,2016,32.7762719,-96.7968559
Braedon Gait,Midfield,"Syracuse, N.Y.",mens-lacrosse,2016,43.0481221,-76.1474244
Carter Flaig,Attack,"Elkridge, Md.",mens-lacrosse,2016,39.1938632,-76.7420903
Charlie Durbin,Midfield,"Newton, Mass.",mens-lacrosse,2016,42.3300435,-71.194862
Charlie Tarry,Defense/LSM,"Bronxville, N.Y.",mens-lacrosse,2016,40.9381544,-73.8320784
Chase Williams,Midfield,"Atlanta, Ga.",mens-lacrosse,2016,33.7544657,-84.3898151
Christian Schade,Defense,"Hopewell, N.J.",mens-lacrosse,2016,40.3892726,-74.7618285
Connor McCarthy,Midfield,"Sudbury, Mass.",mens-lacrosse,2016,42.3834278,-71.4161725
Daniel Winschuh,Defense/LSM,"Chatham, N.J.",mens-lacrosse,2016,40.7409242,-74.3836711
David Sturtz,Defense,"Sparks, Md.",mens-lacrosse,2016,39.5303908,-76.6458407
Dawson McKenzie,Attack,"Fergus, Ont.",mens-lacrosse,2016,43.7059439,-80.3779366
Drew O'Connell,Midfield,"Middleton, Mass.",mens-lacrosse,2016,42.5951005,-71.0159146
Emmet Cordrey,Attack,"Summit, N.J.",mens-lacrosse,2016,40.7182356,-74.3592296
Gavin McBride,Attack,"Bryn Mawr, Pa.",mens-lacrosse,2016,40.0238245,-75.3173407
Greg Merrill,Attack,"Malvern, Pa.",mens-lacrosse,2016,40.036202,-75.5138959
J.T. Caputo,Midfield,"Huntington, N.Y.",mens-lacrosse,2016,40.868154,-73.425676
Jack O'Brien,Midfield,"McLean, Va.",mens-lacrosse,2016,38.9366852,-77.185843
Jasper Arnold,Defense,"Washington, D.C.",mens-lacrosse,2016,38.8950982,-77.0363849
Jeffers Guthrie,Midfield,"New York, N.Y.",mens-lacrosse,2016,40.7127281,-74.0060152
Jon Levine,Goalie,"Ridgewood, N.J.",mens-lacrosse,2016,40.9796683,-74.1194403
Luke Pascucci,Defense,"Needham, Mass.",mens-lacrosse,2016,42.2802645,-71.2360624
Mark Strabo,Defense,"Arlington, Va.",mens-lacrosse,2016,38.8769326,-77.0893094
Matt Brophy,Midfield,"Fairfield, Conn.",mens-lacrosse,2016,41.1412078,-73.2637258
Michael Sowers,Attack,"Dresher, Pa.",mens-lacrosse,2016,40.1409428,-75.1668414
Mike Morean,Midfield,"Denver, Colo.",mens-lacrosse,2016,39.7392364,-104.984862
Nick Bauer,Defense/LSM,"Newport Beach, Calif.",mens-lacrosse,2016,33.6170092,-117.9294401
Oliver Schmickel,Goalie,"Baltimore, Md.",mens-lacrosse,2016,39.2908816,-76.610759
Philip Thompson,Face-Off,"Los Angeles, Calif.",mens-lacrosse,2016,34.0536909,-118.242766
Phillip Robertson,Attack,"Salem, Va.",mens-lacrosse,2016,37.293198,-80.0556773
Ralph Chrappa,Face-Off,"Bronxville, N.Y.",mens-lacrosse,2016,40.9381544,-73.8320784
Riley Thompson,Attack,"Orangeville, Ont.",mens-lacrosse,2016,43.9193171,-80.0973754
Sam Bonafede,Midfield,"Bayshore, N.Y.",mens-lacrosse,2016,40.8472909,-73.8163737
Sam Gravitte,Midfield,"Ridgefield, Conn.",mens-lacrosse,2016,41.2814842,-73.4981792
Sean Connors,Attack,"Manhasset, N.Y.",mens-lacrosse,2016,40.786702,-73.6967338
Strib Walker,Midfield,"Richmond, Va.",mens-lacrosse,2016,37.5385087,-77.43428
Tyler Blaisdell,Goalie,"Hanover, Mass.",mens-lacrosse,2016,42.1131572,-70.8119859
Will Reynolds,Defense,"Newtown, Pa.",mens-lacrosse,2016,40.2294046,-74.9365329
Zach Currier,Midfield,"Peterborough, Ont.",mens-lacrosse,2016,44.3048009,-78.3199496
Zack Struckman,Midfield,"Wilmette, Ill.",mens-lacrosse,2016,42.076066,-87.7115555
Andrew Bowman,Attack,"Darien, Conn.",mens-lacrosse,2017,41.0787079,-73.4692873
Andrew Song,Defense/LSM,"Canton, Mass.",mens-lacrosse,2017,42.1584324,-71.1447732
Aran Roberts,Defense,"Dublin, Ireland",mens-lacrosse,2017,53.3493795,-6.2605593
Arman Medghalchi,Defense/LSM,"Baltimore, Md.",mens-lacrosse,2017,39.2908816,-76.610759
Austin Sims,Midfield,"Fairfield, Conn.",mens-lacrosse,2017,41.1412078,-73.2637258
Ben Churchill,Goalie,"Wellesley, Mass.",mens-lacrosse,2017,42.2964859,-71.2925571
Braedon Gait,Midfield,"Syracuse, N.Y.",mens-lacrosse,2017,43.0481221,-76.1474244
Carter Zavitz,Attack/Midfield,"St. Catharine's, Ont.",mens-lacrosse,2017,43.2504056,-79.8674877
Charlie Durbin,Midfield,"Newton, Mass.",mens-lacrosse,2017,42.3300435,-71.194862
Charlie Tarry,Defense/LSM,"Bronxville, N.Y.",mens-lacrosse,2017,40.9381544,-73.8320784
Chase Williams,Midfield,"Atlanta, Ga.",mens-lacrosse,2017,33.7544657,-84.3898151
Chris Brown,Midfield,"Fairfield, Conn.",mens-lacrosse,2017,41.1412078,-73.2637258
Connor McCarthy,Midfield,"Sudbury, Mass.",mens-lacrosse,2017,42.3834278,-71.4161725
Daniel Winschuh,Defense/LSM,"Chatham, N.J.",mens-lacrosse,2017,40.7409242,-74.3836711
David Sturtz,Defense,"Sparks, Md.",mens-lacrosse,2017,39.5303908,-76.6458407
Dawson McKenzie,Attack,"Fergus, Ont.",mens-lacrosse,2017,43.7059439,-80.3779366
Drew O'Connell,Midfield,"Middleton, Mass.",mens-lacrosse,2017,42.5951005,-71.0159146
Emmet Cordrey,Attack,"Summit, N.J.",mens-lacrosse,2017,40.7182356,-74.3592296
Erik Peters,Goalie,"Highlands Ranch, Colo.",mens-lacrosse,2017,39.538565,-104.9725904
George Baughan,Defense/LSM,"Wyndmoor, Pa.",mens-lacrosse,2017,40.0853435,-75.1940207
Greg Merrill,Attack,"Malvern, Pa.",mens-lacrosse,2017,40.036202,-75.5138959
J.T. Caputo,Midfield,"Huntington, N.Y.",mens-lacrosse,2017,40.868154,-73.425676
Jack-Henry Vara,Face-Off,"Medfield, Mass.",mens-lacrosse,2017,42.1865609,-71.30546
Jamie Atkinson,Midfield,"Garden City, N.Y.",mens-lacrosse,2017,40.7266477,-73.6343052
Jasper Arnold,Defense,"Washington, D.C.",mens-lacrosse,2017,38.8950982,-77.0363849
Jeffers Guthrie,Midfield,"New York, N.Y.",mens-lacrosse,2017,40.7127281,-74.0060152
Jon Levine,Goalie,"Ridgewood, N.J.",mens-lacrosse,2017,40.9796683,-74.1194403
Jordan Crissy,Defense,"Naperville, Ill.",mens-lacrosse,2017,41.7728699,-88.1479278
Luke Crimmins,Midfield,"Middletown, R.I.",mens-lacrosse,2017,41.5456578,-71.2914388
Luke Pascucci,Defense,"Needham, Mass.",mens-lacrosse,2017,42.2802645,-71.2360624
Michael Sowers,Attack,"Dresher, Pa.",mens-lacrosse,2017,40.1409428,-75.1668414
Mick Upchurch,Defense,"Jacksonville, Fla.",mens-lacrosse,2017,30.3262247,-81.6579179
Mike Morean,Midfield,"Denver, Colo.",mens-lacrosse,2017,39.7392364,-104.984862
Nick Bauer,Defense/LSM,"Newport Beach, Calif.",mens-lacrosse,2017,33.6170092,-117.9294401
Oliver Schmickel,Goalie,"Baltimore, Md.",mens-lacrosse,2017,39.2908816,-76.610759
Owen Engel,Defense,"Charlotte, N.C.",mens-lacrosse,2017,35.2272086,-80.8430827
Philip Thompson,Face-Off,"Los Angeles, Calif.",mens-lacrosse,2017,34.0536909,-118.242766
Phillip Robertson,Attack,"Salem, Va.",mens-lacrosse,2017,37.293198,-80.0556773
Ralph Chrappa,Face-Off,"Bronxville, N.Y.",mens-lacrosse,2017,40.9381544,-73.8320784
Riley Thompson,Midfield,"Orangeville, Ont.",mens-lacrosse,2017,43.9193171,-80.0973754
Sam Bonafede,Midfield,"Bayshore, N.Y.",mens-lacrosse,2017,40.8472909,-73.8163737
Strib Walker,Midfield,"Richmond, Va.",mens-lacrosse,2017,37.5385087,-77.43428
Terrell Seabrooks,Defense,"West Palm Beach, Fla.",mens-lacrosse,2017,26.715364,-80.0532942
Tyler Blaisdell,Goalie,"Hanover, Mass.",mens-lacrosse,2017,42.1131572,-70.8119859
Zack Struckman,Midfield,"Wilmette, Ill.",mens-lacrosse,2017,42.076066,-87.7115555
Alexander Fish,Midfield,"San Francisco, Calif.",mens-lacrosse,2018,37.7879363,-122.4075201
Alexander Vardaro,Midfield,"Woodmere, N.Y.",mens-lacrosse,2018,40.636793,-73.7240106
Andrew Bowman,Attack,"Darien, Conn.",mens-lacrosse,2018,41.0787079,-73.4692873
Andrew Song,Defense/LSM,"Canton, Mass.",mens-lacrosse,2018,42.1584324,-71.1447732
Aran Roberts,Defense,"Dublin, Ireland",mens-lacrosse,2018,53.3493795,-6.2605593
Arman Medghalchi,Defense,"Baltimore, Md.",mens-lacrosse,2018,39.2908816,-76.610759
Beau Pederson,Midfield,"Park City, Utah",mens-lacrosse,2018,40.6460921,-111.4979963
Ben Churchill,Goalie,"Wellesley, Mass.",mens-lacrosse,2018,42.2964859,-71.2925571
Carter Zavitz,Attack/Midfield,"St. Catharine's, Ont.",mens-lacrosse,2018,43.2504056,-79.8674877
Cathal Roberts,Defense,"Dublin, Ireland",mens-lacrosse,2018,53.3493795,-6.2605593
Charlie Durbin,Midfield,"Newton, Mass.",mens-lacrosse,2018,42.3300435,-71.194862
Charlie Tarry,Defense/LSM,"Bronxville, N.Y.",mens-lacrosse,2018,40.9381544,-73.8320784
Chase Williams,Midfield,"Atlanta, Ga.",mens-lacrosse,2018,33.7544657,-84.3898151
Chris Brown,Attack,"Fairfield, Conn.",mens-lacrosse,2018,41.1412078,-73.2637258
Connor McCarthy,Midfield,"Sudbury, Mass.",mens-lacrosse,2018,42.3834278,-71.4161725
David Sturtz,Defense,"Sparks, Md.",mens-lacrosse,2018,39.5303908,-76.6458407
Dawson McKenzie,Attack,"Fergus, Ont.",mens-lacrosse,2018,43.7059439,-80.3779366
Emmet Cordrey,Attack,"Summit, N.J.",mens-lacrosse,2018,40.7182356,-74.3592296
Erik Peters,Goalie,"Highlands Ranch, Colo.",mens-lacrosse,2018,39.538565,-104.9725904
George Baughan,Defense,"Wyndmoor, Pa.",mens-lacrosse,2018,40.0853435,-75.1940207
Jack Crockett,Attack,"Menlo Park, Calif.",mens-lacrosse,2018,37.4519671,-122.177992
Jack-Henry Vara,Face-Off,"Medfield, Mass.",mens-lacrosse,2018,42.1865609,-71.30546
Jacob Stoebner,Defense,"Austin, Texas",mens-lacrosse,2018,30.2711286,-97.7436995
Jake Stevens,Midfield,"Puslinch, Ont.",mens-lacrosse,2018,43.4771775,-80.113735
Jamie Atkinson,Midfield,"Garden City, N.Y.",mens-lacrosse,2018,40.7266477,-73.6343052
Jasper Arnold,Midfield,"Washington, D.C.",mens-lacrosse,2018,38.8950982,-77.0363849
Jon Levine,Goalie,"Ridgewood, N.J.",mens-lacrosse,2018,40.9796683,-74.1194403
Luc Anderson,Midfield,"Littleton, Colo.",mens-lacrosse,2018,39.613321,-105.016649
Luca Lazzaretto,Defense,"Lake Forest, Ill.",mens-lacrosse,2018,42.2586461,-87.8407055
Luke Crimmins,Midfield,"Middletown, R.I.",mens-lacrosse,2018,41.5456578,-71.2914388
Michael Sowers,Attack,"Dresher, Pa.",mens-lacrosse,2018,40.1409428,-75.1668414
Mike Morean,Midfield,"Denver, Colo.",mens-lacrosse,2018,39.7392364,-104.984862
Nick Bauer,Defense/LSM,"Newport Beach, Calif.",mens-lacrosse,2018,33.6170092,-117.9294401
Nicky Bond,Midfield,"Westfield, N.J.",mens-lacrosse,2018,40.651726,-74.3483059
Owen Engel,Defense,"Charlotte, N.C.",mens-lacrosse,2018,35.2272086,-80.8430827
Philip Thompson,Face-Off,"Los Angeles, Calif.",mens-lacrosse,2018,34.0536909,-118.242766
Phillip Robertson,Attack,"Salem, Va.",mens-lacrosse,2018,37.293198,-80.0556773
Ralph Chrappa,Face-Off,"Bronxville, N.Y.",mens-lacrosse,2018,40.9381544,-73.8320784
Strib Walker,Midfield,"Richmond, Va.",mens-lacrosse,2018,37.5385087,-77.43428
Terrell Seabrooks,Defense,"West Palm Beach, Fla.",mens-lacrosse,2018,26.715364,-80.0532942
Will Kusnierek,Midfield,"Manhasset, N.Y.",mens-lacrosse,2018,40.786702,-73.6967338
Zack Struckman,Midfield,"Wilmette, Ill.",mens-lacrosse,2018,42.076066,-87.7115555
Alex Slusher,Attack,"Portland, Ore.",mens-lacrosse,2019,45.5202471,-122.674194
Alexander Vardaro,Midfield,"Woodmere, N.Y.",mens-lacrosse,2019,40.636793,-73.7240106
Andrew Song,Defense/LSM,"Canton, Mass.",mens-lacrosse,2019,42.1584324,-71.1447732
Arman Medghalchi,Defense,"Baltimore, Md.",mens-lacrosse,2019,39.2908816,-76.610759
Bear Lockshin,Midfield,"Los Angeles, Calif.",mens-lacrosse,2019,34.0536909,-118.242766
Beau Pederson,Midfield,"Park City, Utah",mens-lacrosse,2019,40.6460921,-111.4979963
Ben Churchill,Goalie,"Wellesley, Mass.",mens-lacrosse,2019,42.2964859,-71.2925571
Ben Finlay,Defense,"Oakton, Va.",mens-lacrosse,2019,38.896795,-77.2987377
Carter Zavitz,Attack/Midfield,"St. Catharine's, Ont.",mens-lacrosse,2019,43.2504056,-79.8674877
Cathal Roberts,Defense,"Dublin, Ireland",mens-lacrosse,2019,53.3493795,-6.2605593
Chris Brown,Attack,"Fairfield, Conn.",mens-lacrosse,2019,41.1412078,-73.2637258
Christian Ronda,Attack,"Greenwich, Conn.",mens-lacrosse,2019,41.0264862,-73.6284598
Connor McCarthy,Midfield,"Sudbury, Mass.",mens-lacrosse,2019,42.3834278,-71.4161725
David Sturtz,Defense,"Sparks, Md.",mens-lacrosse,2019,39.5303908,-76.6458407
Erik Peters,Goalie,"Highlands Ranch, Colo.",mens-lacrosse,2019,39.538565,-104.9725904
George Baughan,Defense,"Wyndmoor, Pa.",mens-lacrosse,2019,40.0853435,-75.1940207
Griffen Rakower,Goalie,"Pleasantville, N.Y.",mens-lacrosse,2019,41.1328736,-73.7926335
Ian Murray,LSM/Defense,"Greenwich, Conn.",mens-lacrosse,2019,41.0264862,-73.6284598
Jack Crockett,Attack,"Menlo Park, Calif.",mens-lacrosse,2019,37.4519671,-122.177992
Jack-Henry Vara,Face-Off,"Medfield, Mass.",mens-lacrosse,2019,42.1865609,-71.30546
Jacob Stoebner,Defense,"Austin, Texas",mens-lacrosse,2019,30.2711286,-97.7436995
Jake Stevens,Midfield,"Puslinch, Ont.",mens-lacrosse,2019,43.4771775,-80.113735
Jamie Atkinson,Midfield,"Garden City, N.Y.",mens-lacrosse,2019,40.7266477,-73.6343052
Jasper Arnold,Midfield,"Washington, D.C.",mens-lacrosse,2019,38.8950982,-77.0363849
Jon Levine,Goalie,"Ridgewood, N.J.",mens-lacrosse,2019,40.9796683,-74.1194403
Luc Anderson,Midfield,"Littleton, Colo.",mens-lacrosse,2019,39.613321,-105.016649
Luca Lazzaretto,Defense,"Lake Forest, Ill.",mens-lacrosse,2019,42.2586461,-87.8407055
Luke Crimmins,Midfield,"Middletown, R.I.",mens-lacrosse,2019,41.5456578,-71.2914388
Luke Moriarty,LSM,"North Andover, Mass.",mens-lacrosse,2019,42.7029687,-71.1309117
Michael Sowers,Attack,"Dresher, Pa.",mens-lacrosse,2019,40.1409428,-75.1668414
Nick Bauer,Defense/LSM,"Newport Beach, Calif.",mens-lacrosse,2019,33.6170092,-117.9294401
Nicky Bond,Midfield,"Westfield, N.J.",mens-lacrosse,2019,40.651726,-74.3483059
Owen Engel,Defense,"Charlotte, N.C.",mens-lacrosse,2019,35.2272086,-80.8430827
Philip Thompson,Face-Off,"Los Angeles, Calif.",mens-lacrosse,2019,34.0536909,-118.242766
Phillip Robertson,Attack,"Salem, Va.",mens-lacrosse,2019,37.293198,-80.0556773
Ralph Chrappa,Face-Off,"Bronxville, N.Y.",mens-lacrosse,2019,40.9381544,-73.8320784
Sam English,Midfield,"Burlington, Ont.",mens-lacrosse,2019,43.3248924,-79.7966835
Terrell Seabrooks,Defense,"West Palm Beach, Fla.",mens-lacrosse,2019,26.715364,-80.0532942
Tommy Barnds,Midfield,"Woodside, Calif.",mens-lacrosse,2019,37.4280637,-122.2507435
Tyler Sandoval,FO,"Garden City, N.Y.",mens-lacrosse,2019,40.7266477,-73.6343052
Weston Carpenter,Attack,"Ridgefield, Conn.",mens-lacrosse,2019,41.2814842,-73.4981792
Will Kusnierek,Midfield,"Manhasset, N.Y.",mens-lacrosse,2019,40.786702,-73.6967338
Zack Struckman,Midfield,"Wilmette, Ill.",mens-lacrosse,2019,42.076066,-87.7115555
Alex Slusher,Attack,"Portland, Ore.",mens-lacrosse,2020,45.5202471,-122.674194
Ben Finlay,Defense,"Oakton, Va.",mens-lacrosse,2020,38.896795,-77.2987377
Billy Hefter,Defense,"Bethesda, Md.",mens-lacrosse,2020,38.9812726,-77.1233587
Christian Ronda,Attack,"Greenwich, Conn.",mens-lacrosse,2020,41.0264862,-73.6284598
Colin Freer,Defense,"Westfield, N.J.",mens-lacrosse,2020,40.651726,-74.3483059
Griffen Rakower,Goalie,"Pleasantville, N.Y.",mens-lacrosse,2020,41.1328736,-73.7926335
Hunter Engel,Attack,"Charlotte, N.C.",mens-lacrosse,2020,35.2272086,-80.8430827
Ian Murray,LSM/Defense,"Greenwich, Conn.",mens-lacrosse,2020,41.0264862,-73.6284598
Joseph Juengerkes,Midfield,"Islip, N.Y.",mens-lacrosse,2020,40.7300685,-73.2107266
Lukas Stanat,Attack,"Brighton, N.Y.",mens-lacrosse,2020,43.1257954,-77.5687343
Luke Moriarty,LSM,"North Andover, Mass.",mens-lacrosse,2020,42.7029687,-71.1309117
Marquez White,Midfield,"Poway, Calif.",mens-lacrosse,2020,32.9628234,-117.035864
Michael Gianforcaro,Goalie,"Lincoln University, Pa.",mens-lacrosse,2020,39.8065518,-75.9287055
Nicky Bond,Midfield,"Westfield, N.J.",mens-lacrosse,2020,40.651726,-74.3483059
Pace Billings,Defense,"Denver, Colo.",mens-lacrosse,2020,39.7392364,-104.984862
"Paul Weathington, Jr.",Midfield,"Atlanta, Ga.",mens-lacrosse,2020,33.7544657,-84.3898151
Sam English,Midfield,"Burlington, Ont.",mens-lacrosse,2020,43.3248924,-79.7966835
Teddy Gutman,Midfield,"Lawrenceville, N.J.",mens-lacrosse,2020,40.3009876,-74.7373728
Terrell Seabrooks,Defense,"West Palm Beach, Fla.",mens-lacrosse,2020,26.715364,-80.0532942
Varun Deb,Face-Off,"Hillsborough, N.J.",mens-lacrosse,2020,40.5052296,-74.6732941
Weston Carpenter,Attack,"Ridgefield, Conn.",mens-lacrosse,2020,41.2814842,-73.4981792
Will Kusnierek,Midfield,"Manhasset, N.Y.",mens-lacrosse,2020,40.786702,-73.6967338
Alex Slusher,Attack,"Portland, Ore.",mens-lacrosse,2021,45.5202471,-122.674194
Alexander Vardaro,Midfield,"Woodmere, N.Y.",mens-lacrosse,2021,40.636793,-73.7240106
Andrew Song,LSM,"Canton, Mass.",mens-lacrosse,2021,42.1584324,-71.1447732
Bear Lockshin,Attack,"Los Angeles, Calif.",mens-lacrosse,2021,34.0536909,-118.242766
Beau Pederson,Midfield,"Park City, Utah",mens-lacrosse,2021,40.6460921,-111.4979963
Ben Churchill,Goalie,"Wellesley, Mass.",mens-lacrosse,2021,42.2964859,-71.2925571
Ben Finlay,Defense,"Oakton, Va.",mens-lacrosse,2021,38.896795,-77.2987377
Billy Barnds,Midfield,"Woodside, Calif.",mens-lacrosse,2021,37.4280637,-122.2507435
Braedon Saris,Attack,"Burlington, Ont.",mens-lacrosse,2021,43.3248924,-79.7966835
Carter Zavitz,Attack,"St. Catharine's, Ont.",mens-lacrosse,2021,43.2504056,-79.8674877
Cathal Roberts,Defense,"Dublin, Ireland",mens-lacrosse,2021,53.3493795,-6.2605593
Chris Brown,Attack,"Fairfield, Conn.",mens-lacrosse,2021,41.1412078,-73.2637258
Christian Ronda,Attack,"Greenwich, Conn.",mens-lacrosse,2021,41.0264862,-73.6284598
Colin Freer,Defense,"Westfield, N.J.",mens-lacrosse,2021,40.651726,-74.3483059
Colin Mulshine,Defense,"Riverside, Conn.",mens-lacrosse,2021,41.0314897,-73.5833604
Coulter Mackesy,Attack,"Bronxville, N.Y.",mens-lacrosse,2021,40.9381544,-73.8320784
Erik Peters,Goalie,"Highlands Ranch, Colo.",mens-lacrosse,2021,39.538565,-104.9725904
George Baughan,Defense,"Wyndmoor, Pa.",mens-lacrosse,2021,40.0853435,-75.1940207
Griffen Rakower,Goalie,"Pleasantville, N.Y.",mens-lacrosse,2021,41.1328736,-73.7926335
Hunter Engel,Attack,"Charlotte, N.C.",mens-lacrosse,2021,35.2272086,-80.8430827
Jack Crockett,Attack,"Menlo Park, Calif.",mens-lacrosse,2021,37.4519671,-122.177992
Jack Ringhofer,Attack,"Aurora, Colo.",mens-lacrosse,2021,39.7401441,-104.8733376
Jack-Henry Vara,Face-off,"Medfield, Mass.",mens-lacrosse,2021,42.1865609,-71.30546
Jacob Stoebner,Defense,"Austin, Texas",mens-lacrosse,2021,30.2711286,-97.7436995
Jake Stevens,Midfield,"Puslinch, Ont.",mens-lacrosse,2021,43.4771775,-80.113735
Jamie Atkinson,Midfield,"Garden City, N.Y.",mens-lacrosse,2021,40.7266477,-73.6343052
Joseph Juengerkes,Midfield,"Islip, N.Y.",mens-lacrosse,2021,40.7300685,-73.2107266
Koby Ginder,FO/Midfield,"New York, N.Y.",mens-lacrosse,2021,40.7127281,-74.0060152
Liam Fairback,Midfield,"Pelham, N.Y.",mens-lacrosse,2021,40.9098215,-73.8079111
Luc Anderson,Midfield,"Littleton, Colo.",mens-lacrosse,2021,39.613321,-105.016649
Luca Lazzaretto,LSM,"Lake Forest, Ill.",mens-lacrosse,2021,42.2586461,-87.8407055
Lukas Stanat,Attack,"Brighton, N.Y.",mens-lacrosse,2021,43.1257954,-77.5687343
Luke Crimmins,Midfield,"Middletown, R.I.",mens-lacrosse,2021,41.5456578,-71.2914388
Luke Moriarty,LSM,"North Andover, Mass.",mens-lacrosse,2021,42.7029687,-71.1309117
Marquez White,Midfield,"Poway, Calif.",mens-lacrosse,2021,32.9628234,-117.035864
McKnight Pederson,LSM,"Park City, Utah",mens-lacrosse,2021,40.6460921,-111.4979963
Michael Bath,LSM,"Oakton, Va.",mens-lacrosse,2021,38.896795,-77.2987377
Michael Gianforcaro,Goalie,"Lincoln University, Pa.",mens-lacrosse,2021,39.8065518,-75.9287055
Michael Kelly,Midfield,"Marblehead, Mass.",mens-lacrosse,2021,42.500096,-70.8578253
Nicky Bond,Midfield,"Westfield, N.J.",mens-lacrosse,2021,40.651726,-74.3483059
Owen Engel,Defense,"Charlotte, N.C.",mens-lacrosse,2021,35.2272086,-80.8430827
Pace Billings,Defense,"Denver, Colo.",mens-lacrosse,2021,39.7392364,-104.984862
"Paul Weathington, Jr.",Midfield,"Atlanta, Ga.",mens-lacrosse,2021,33.7544657,-84.3898151
Sam English,Midfield,"Burlington, Ont.",mens-lacrosse,2021,43.3248924,-79.7966835
Sean Cameron,Midfield,"Bedford, N.H.",mens-lacrosse,2021,42.9464737,-71.5159015
Teddy Gutman,Midfield,"Lawrenceville, N.J.",mens-lacrosse,2021,40.3009876,-74.7373728
Tommy Barnds,Attack,"Woodside, Calif.",mens-lacrosse,2021,37.4280637,-122.2507435
Tyler Sandoval,FO,"Garden City, N.Y.",mens-lacrosse,2021,40.7266477,-73.6343052
Weston Carpenter,Attack,"Ridgefield, Conn.",mens-lacrosse,2021,41.2814842,-73.4981792
Will Kusnierek,Midfield,"Manhasset, N.Y.",mens-lacrosse,2021,40.786702,-73.6967338
Alex Slusher,Attack,"Portland, Ore.",mens-lacrosse,2022,45.5202471,-122.674194
Alexander Vardaro,Midfield,"Woodmere, N.Y.",mens-lacrosse,2022,40.636793,-73.7240106
Andrew McMeekin,Face-Off,"Newtown Square, Pa.",mens-lacrosse,2022,39.9868117,-75.4007633
Bear Lockshin,Attack,"Los Angeles, Calif.",mens-lacrosse,2022,34.0536909,-118.242766
Beau Pederson,Midfield,"Park City, Utah",mens-lacrosse,2022,40.6460921,-111.4979963
Ben Finlay,Defense,"Oakton, Va.",mens-lacrosse,2022,38.896795,-77.2987377
Billy Barnds,Midfield,"Woodside, Calif.",mens-lacrosse,2022,37.4280637,-122.2507435
Braedon Saris,Attack,"Burlington, Ont.",mens-lacrosse,2022,43.3248924,-79.7966835
Cathal Roberts,Defense,"Dublin, Ireland",mens-lacrosse,2022,53.3493795,-6.2605593
Chad Palumbo,Attack,"Newton, Mass.",mens-lacrosse,2022,42.3300435,-71.194862
Christian Ronda,Midfield,"Greenwich, Conn.",mens-lacrosse,2022,41.0264862,-73.6284598
Colin Freer,Defense,"Westfield, N.J.",mens-lacrosse,2022,40.651726,-74.3483059
Colin Mulshine,Defense,"Riverside, Conn.",mens-lacrosse,2022,41.0314897,-73.5833604
Cooper Kistler,Defense,"Tiburon, Calif.",mens-lacrosse,2022,37.8775332,-122.460808
Coulter Mackesy,Attack,"Bronxville, N.Y.",mens-lacrosse,2022,40.9381544,-73.8320784
David Smythe,Midfield,"Norfolk, Va.",mens-lacrosse,2022,36.8493695,-76.2899539
Griffen Rakower,Goalie,"Pleasantville, N.Y.",mens-lacrosse,2022,41.1328736,-73.7926335
Harrison Caponiti,Midfield,"Rye, N.Y.",mens-lacrosse,2022,40.9821371,-73.6840902
Hunter Engel,Attack,"Charlotte, N.C.",mens-lacrosse,2022,35.2272086,-80.8430827
Ian Mize,Midfield,"Dallas, Texas",mens-lacrosse,2022,32.7762719,-96.7968559
Ian Murray,Defense,"Greenwich, Conn.",mens-lacrosse,2022,41.0264862,-73.6284598
Jack Crockett,Attack,"Menlo Park, Calif.",mens-lacrosse,2022,37.4519671,-122.177992
Jack Ringhofer,Attack,"Aurora, Colo.",mens-lacrosse,2022,39.7401441,-104.8733376
Jackson Kane,Attack,"Tiburon, Calif.",mens-lacrosse,2022,37.8775332,-122.460808
Jacob Stoebner,Defense,"Austin, Texas",mens-lacrosse,2022,30.2711286,-97.7436995
Jake Stevens,Midfield,"Puslinch, Ont.",mens-lacrosse,2022,43.4771775,-80.113735
Jamison Moore,Midfield,"Darien, Conn.",mens-lacrosse,2022,41.0787079,-73.4692873
Jim Williams,Face-Off,"Franklin, Tenn.",mens-lacrosse,2022,35.925206,-86.8689419
John Dunphey,Midfield,"Ridgewood, N.J.",mens-lacrosse,2022,40.9796683,-74.1194403
Joseph Juengerkes,Midfield,"Islip, N.Y.",mens-lacrosse,2022,40.7300685,-73.2107266
Koby Ginder,FO/Midfield,"New York, N.Y.",mens-lacrosse,2022,40.7127281,-74.0060152
Liam Fairback,Midfield,"Pelham, N.Y.",mens-lacrosse,2022,40.9098215,-73.8079111
Luc Anderson,Midfield,"Littleton, Colo.",mens-lacrosse,2022,39.613321,-105.016649
Luca Lazzaretto,LSM,"Lake Forest, Ill.",mens-lacrosse,2022,42.2586461,-87.8407055
Lukas Stanat,Attack,"Brighton, N.Y.",mens-lacrosse,2022,43.1257954,-77.5687343
Luke Moriarty,LSM,"North Andover, Mass.",mens-lacrosse,2022,42.7029687,-71.1309117
Marquez White,Midfield,"Poway, Calif.",mens-lacrosse,2022,32.9628234,-117.035864
McKnight Pederson,LSM,"Park City, Utah",mens-lacrosse,2022,40.6460921,-111.4979963
Michael Bath,LSM,"Oakton, Va.",mens-lacrosse,2022,38.896795,-77.2987377
Michael Gianforcaro,Goalie,"Lincoln University, Pa.",mens-lacrosse,2022,39.8065518,-75.9287055
Michael Kelly,Midfield,"Marblehead, Mass.",mens-lacrosse,2022,42.500096,-70.8578253
Nick Crowley,LSM/Defense,"Peterborough, Ont.",mens-lacrosse,2022,44.3048009,-78.3199496
Pace Billings,Defense,"Denver, Colo.",mens-lacrosse,2022,39.7392364,-104.984862
"Paul Weathington, Jr.",Midfield,"Atlanta, Ga.",mens-lacrosse,2022,33.7544657,-84.3898151
Quinn Krammer,Midfield,"Kirkland, Wash.",mens-lacrosse,2022,47.6765382,-122.2070775
Ryan Croddick,Goalie,"Rumson, N.J.",mens-lacrosse,2022,40.372054,-73.9990269
Sam English,Midfield,"Burlington, Ont.",mens-lacrosse,2022,43.3248924,-79.7966835
Sean Cameron,Midfield,"Bedford, N.H.",mens-lacrosse,2022,42.9464737,-71.5159015
Teddy Gutman,Midfield,"Lawrenceville, N.J.",mens-lacrosse,2022,40.3009876,-74.7373728
Tommy Barnds,Midfield,"Woodside, Calif.",mens-lacrosse,2022,37.4280637,-122.2507435
Tyler Sandoval,FO,"Garden City, N.Y.",mens-lacrosse,2022,40.7266477,-73.6343052
Weston Carpenter,Attack,"Ridgefield, Conn.",mens-lacrosse,2022,41.2814842,-73.4981792
Zach Friedman,Defense,"Arvada, Colo.",mens-lacrosse,2022,39.8005505,-105.0811573
Andrew McMeekin,Face-Off,"Newtown Square, Pa.",mens-lacrosse,2023,39.9868117,-75.4007633
Bear Lockshin,Attack,"Los Angeles, Calif.",mens-lacrosse,2023,34.0536909,-118.242766
Billy Barnds,Midfield,"Woodside, Calif.",mens-lacrosse,2023,37.4280637,-122.2507435
Braedon Saris,Attack,"Burlington, Ont.",mens-lacrosse,2023,43.3248924,-79.7966835
Brody Upton,Midfield,"Dedham, Mass.",mens-lacrosse,2023,42.2481895,-71.1734418
Carson Krammer,Midfield,"Kirkland, Wash.",mens-lacrosse,2023,47.6765382,-122.2070775
Chad Palumbo,Attack,"Newton, Mass.",mens-lacrosse,2023,42.3300435,-71.194862
Colin Burns,Attack,"Potomac, Md.",mens-lacrosse,2023,39.0180508,-77.1956331
Colin Freer,Defense,"Westfield, N.J.",mens-lacrosse,2023,40.651726,-74.3483059
Colin Mulshine,Defense,"Riverside, Conn.",mens-lacrosse,2023,41.0314897,-73.5833604
Colin Vickrey,Goalie,"Westlake, Texas",mens-lacrosse,2023,32.991226,-97.1943701
Cooper Kistler,Defense,"Tiburon, Calif.",mens-lacrosse,2023,37.8775332,-122.460808
Cooper Mueller,SSDM,"Villanova, Pa.",mens-lacrosse,2023,40.0411671,-75.3310527
Coulter Mackesy,Attack,"Bronxville, N.Y.",mens-lacrosse,2023,40.9381544,-73.8320784
David Smythe,Midfield,"Norfolk, Va.",mens-lacrosse,2023,36.8493695,-76.2899539
Hunter Engel,Attack,"Charlotte, N.C.",mens-lacrosse,2023,35.2272086,-80.8430827
Hunter Spiess,Defense,"Old Greenwich, Conn.",mens-lacrosse,2023,41.0274237,-73.5646262
Ian Mize,Midfield,"Dallas, Texas",mens-lacrosse,2023,32.7762719,-96.7968559
Ian Murray,Defense,"Greenwich, Conn.",mens-lacrosse,2023,41.0264862,-73.6284598
Jack Ringhofer,Attack,"Aurora, Colo.",mens-lacrosse,2023,39.7401441,-104.8733376
Jack Stahl,Defense,"Newport Beach, Calif.",mens-lacrosse,2023,33.6170092,-117.9294401
Jackson Green,SSDM,"Rochester, N.Y.",mens-lacrosse,2023,43.157285,-77.615214
Jackson Kane,Attack,"Tiburon, Calif.",mens-lacrosse,2023,37.8775332,-122.460808
Jacob Todd,Attack,"Stevensville, Md.",mens-lacrosse,2023,38.9777659,-76.3189417
Jamison Moore,Midfield,"Darien, Conn.",mens-lacrosse,2023,41.0787079,-73.4692873
Jim Williams,Face-Off,"Franklin, Tenn.",mens-lacrosse,2023,35.925206,-86.8689419
John Dunphey,Midfield,"Ridgewood, N.J.",mens-lacrosse,2023,40.9796683,-74.1194403
Joseph Juengerkes,SSDM,"Islip, N.Y.",mens-lacrosse,2023,40.7300685,-73.2107266
Koby Ginder,FO/Midfield,"New York, N.Y.",mens-lacrosse,2023,40.7127281,-74.0060152
Liam Fairback,SSDM,"Pelham, N.Y.",mens-lacrosse,2023,40.9098215,-73.8079111
Lukas Stanat,Attack,"Brighton, N.Y.",mens-lacrosse,2023,43.1257954,-77.5687343
Mark Marino,Midfield,"Mahwah, N.J.",mens-lacrosse,2023,41.0887072,-74.1437552
Marquez White,SSDM,"Poway, Calif.",mens-lacrosse,2023,32.9628234,-117.035864
McKnight Pederson,LSM,"Park City, Utah",mens-lacrosse,2023,40.6460921,-111.4979963
Michael Bath,LSM,"Oakton, Va.",mens-lacrosse,2023,38.896795,-77.2987377
Michael Gianforcaro,Goalie,"Lincoln University, Pa.",mens-lacrosse,2023,39.8065518,-75.9287055
Michael Kelly,SSDM,"Marblehead, Mass.",mens-lacrosse,2023,42.500096,-70.8578253
Nate Kabiri,Attack,"McLean, Va.",mens-lacrosse,2023,38.9366852,-77.185843
Nick Crowley,LSM/Defense,"Peterborough, Ont.",mens-lacrosse,2023,44.3048009,-78.3199496
Owen Fischer,SSDM,"Glen Arm, Md.",mens-lacrosse,2023,39.4534402,-76.4944089
Pace Billings,Defense,"Denver, Colo.",mens-lacrosse,2023,39.7392364,-104.984862
"Paul Weathington, Jr.",SSDM,"Atlanta, Ga.",mens-lacrosse,2023,33.7544657,-84.3898151
Quinn Krammer,Midfield,"Kirkland, Wash.",mens-lacrosse,2023,47.6765382,-122.2070775
Ryan Croddick,Goalie,"Rumson, N.J.",mens-lacrosse,2023,40.372054,-73.9990269
Sean Cameron,Midfield,"Bedford, N.H.",mens-lacrosse,2023,42.9464737,-71.5159015
Teddy Gutman,SSDM,"Lawrenceville, N.J.",mens-lacrosse,2023,40.3009876,-74.7373728
Tommy Barnds,Midfield,"Woodside, Calif.",mens-lacrosse,2023,37.4280637,-122.2507435
Tucker Wade,Midfield,"Bethesda, Md.",mens-lacrosse,2023,38.9812726,-77.1233587
Tyler Harris,SSDM,"Atlanta, Ga.",mens-lacrosse,2023,33.7544657,-84.3898151
Tyler Sandoval,FO,"Garden City, N.Y.",mens-lacrosse,2023,40.7266477,-73.6343052
Wilder Burgin,Face-Off,"Bronxville, N.Y.",mens-lacrosse,2023,40.9381544,-73.8320784
Zach Friedman,Defense,"Arvada, Colo.",mens-lacrosse,2023,39.8005505,-105.0811573
Aidan McDonald,Attack,"Maple Ridge, B.C.",mens-lacrosse,2024,49.2197345,-122.599707
Andrew McMeekin,Face-Off,"Newtown Square, Pa.",mens-lacrosse,2024,39.9868117,-75.4007633
Beau Hokanson,Midfield,"Encinitas, Calif.",mens-lacrosse,2024,33.0431846,-117.2849848
Billy Barnds,Midfield,"Woodside, Calif.",mens-lacrosse,2024,37.4280637,-122.2507435
Braedon Saris,Attack,"Burlington, Ont.",mens-lacrosse,2024,43.3248924,-79.7966835
Brody Upton,Midfield,"Dedham, Mass.",mens-lacrosse,2024,42.2481895,-71.1734418
Carson Krammer,Midfield,"Kirkland, Wash.",mens-lacrosse,2024,47.6765382,-122.2070775
Carter Johnson,Goalie,"Jackson, Wyoming",mens-lacrosse,2024,43.479965,-110.761815
Chad Palumbo,Attack,"Newton, Mass.",mens-lacrosse,2024,42.3300435,-71.194862
Cody Lam,Attack,"Westfield, N.J.",mens-lacrosse,2024,40.651726,-74.3483059
Colin Burns,Attack,"Potomac, Md.",mens-lacrosse,2024,39.0180508,-77.1956331
Colin Mulshine,Defense,"Riverside, Conn.",mens-lacrosse,2024,41.0314897,-73.5833604
Colin Vickrey,Goalie,"Westlake, Texas",mens-lacrosse,2024,32.991226,-97.1943701
Connor Crosby,Midfield,"Greenwich, Conn.",mens-lacrosse,2024,41.0264862,-73.6284598
Cooper Kistler,Defense,"Tiburon, Calif.",mens-lacrosse,2024,37.8775332,-122.460808
Cooper Mueller,SSDM,"Villanova, Pa.",mens-lacrosse,2024,40.0411671,-75.3310527
Coulter Mackesy,Attack,"Bronxville, N.Y.",mens-lacrosse,2024,40.9381544,-73.8320784
David Smythe,Midfield,"Norfolk, Va.",mens-lacrosse,2024,36.8493695,-76.2899539
Finn Fox,Defense,"Weston, Mass.",mens-lacrosse,2024,42.3667625,-71.3031132
Hunter Spiess,Defense,"Old Greenwich, Conn.",mens-lacrosse,2024,41.0274237,-73.5646262
Ian Mize,Midfield,"Dallas, Texas",mens-lacrosse,2024,32.7762719,-96.7968559
Isaac Cruz,Midfield,"Montgomery, N.Y.",mens-lacrosse,2024,42.8941269,-74.4099745
Jack Ringhofer,Attack,"Aurora, Colo.",mens-lacrosse,2024,39.7401441,-104.8733376
Jack Stahl,Defense,"Newport Beach, Calif.",mens-lacrosse,2024,33.6170092,-117.9294401
Jackson Green,SSDM,"Rochester, N.Y.",mens-lacrosse,2024,43.157285,-77.615214
Jackson Kane,Attack,"Tiburon, Calif.",mens-lacrosse,2024,37.8775332,-122.460808
Jacob Todd,Attack,"Stevensville, Md.",mens-lacrosse,2024,38.9777659,-76.3189417
Jake Vana,Midfield,"Boxford, Mass.",mens-lacrosse,2024,42.6605844,-70.9971204
Jamison Moore,Midfield,"Darien, Conn.",mens-lacrosse,2024,41.0787079,-73.4692873
Jim Williams,Face-Off,"Franklin, Tenn.",mens-lacrosse,2024,35.925206,-86.8689419
John Dunphey,Midfield,"Ridgewood, N.J.",mens-lacrosse,2024,40.9796683,-74.1194403
Kevin Morrow,Defense,"Cherry Hills Village, Colo.",mens-lacrosse,2024,39.6416544,-104.959425
Koby Ginder,FO/Midfield,"New York, N.Y.",mens-lacrosse,2024,40.7127281,-74.0060152
Liam Fairback,SSDM,"Pelham, N.Y.",mens-lacrosse,2024,40.9098215,-73.8079111
Mark Marino,Midfield,"Mahwah, N.J.",mens-lacrosse,2024,41.0887072,-74.1437552
Matthew Kephart,Defense,"Garden City, N.Y.",mens-lacrosse,2024,40.7266477,-73.6343052
McKnight Pederson,LSM,"Park City, Utah",mens-lacrosse,2024,40.6460921,-111.4979963
Michael Bath,LSM,"Oakton, Va.",mens-lacrosse,2024,38.896795,-77.2987377
Michael Kelly,SSDM,"Marblehead, Mass.",mens-lacrosse,2024,42.500096,-70.8578253
Nate Kabiri,Attack,"McLean, Va.",mens-lacrosse,2024,38.9366852,-77.185843
Nick Crowley,LSM/Defense,"Peterborough, Ont.",mens-lacrosse,2024,44.3048009,-78.3199496
Owen Fischer,SSDM,"Glen Arm, Md.",mens-lacrosse,2024,39.4534402,-76.4944089
Peter Buonanno,Attack,"Providence, R.I.",mens-lacrosse,2024,41.8239891,-71.4128343
Porter Malkiel,Attack,"Portland, Ore.",mens-lacrosse,2024,45.5202471,-122.674194
Quinn Krammer,Midfield,"Kirkland, Wash.",mens-lacrosse,2024,47.6765382,-122.2070775
Ryan Croddick,Goalie,"Rumson, N.J.",mens-lacrosse,2024,40.372054,-73.9990269
Sean Cameron,Midfield,"Bedford, N.H.",mens-lacrosse,2024,42.9464737,-71.5159015
Tucker Wade,Midfield,"Bethesda, Md.",mens-lacrosse,2024,38.9812726,-77.1233587
Tyler Harris,SSDM,"Atlanta, Ga.",mens-lacrosse,2024,33.7544657,-84.3898151
Wilder Burgin,Face-Off,"Bronxville, N.Y.",mens-lacrosse,2024,40.9381544,-73.8320784
Zach Friedman,Defense,"Arvada, Colo.",mens-lacrosse,2024,39.8005505,-105.0811573
Aidan McDonald,Attack,"Maple Ridge, B.C.",mens-lacrosse,2025,49.2197345,-122.599707
Andrew McMeekin,Face-Off,"Newtown Square, Pa.",mens-lacrosse,2025,39.9868117,-75.4007633
Beau Hokanson,Midfield,"Encinitas, Calif.",mens-lacrosse,2025,33.0431846,-117.2849848
Brody Upton,Midfield,"Dedham, Mass.",mens-lacrosse,2025,42.2481895,-71.1734418
Caden Frank,Defense,"Rollingwood, Texas",mens-lacrosse,2025,30.2742428,-97.7855814
Caden Southworth,Midfield,"Great Falls, Va.",mens-lacrosse,2025,39.0116538,-77.3083988
Carson Krammer,Midfield,"Kirkland, Wash.",mens-lacrosse,2025,47.6765382,-122.2070775
Carter Johnson,Goalie,"Jackson, Wyoming",mens-lacrosse,2025,43.479965,-110.761815
Chad Palumbo,Midfield,"Newton, Mass.",mens-lacrosse,2025,42.3300435,-71.194862
Cody Lam,Attack,"Westfield, N.J.",mens-lacrosse,2025,40.651726,-74.3483059
Colin Burns,Attack,"Potomac, Md.",mens-lacrosse,2025,39.0180508,-77.1956331
Colin Vickrey,Goalie,"Westlake, Texas",mens-lacrosse,2025,32.991226,-97.1943701
Connor Crosby,Midfield,"Greenwich, Conn.",mens-lacrosse,2025,41.0264862,-73.6284598
Cooper Kistler,Defense,"Tiburon, Calif.",mens-lacrosse,2025,37.8775332,-122.460808
Cooper Mueller,SSDM,"Villanova, Pa.",mens-lacrosse,2025,40.0411671,-75.3310527
Cooper Revis,Face-Off,"Chevy Chase, Md.",mens-lacrosse,2025,38.9813699,-77.0849245
David Smythe,Midfield,"Norfolk, Va.",mens-lacrosse,2025,36.8493695,-76.2899539
Evan Calkins,Midfield,"Naples, Fla.",mens-lacrosse,2025,26.1421976,-81.7942944
Finn Fox,Defense,"Weston, Mass.",mens-lacrosse,2025,42.3667625,-71.3031132
Gus von Metzsch,Goalie,"Piedmont, Calif.",mens-lacrosse,2025,37.8243715,-122.231635
Hunter Spiess,Defense,"Old Greenwich, Conn.",mens-lacrosse,2025,41.0274237,-73.5646262
Ian Mize,Midfield,"Dallas, Texas",mens-lacrosse,2025,32.7762719,-96.7968559
Isaac Cruz,Midfield,"Montgomery, N.Y.",mens-lacrosse,2025,42.8941269,-74.4099745
Jack Stahl,Defense,"Newport Beach, Calif.",mens-lacrosse,2025,33.6170092,-117.9294401
Jackson Green,SSDM,"Rochester, N.Y.",mens-lacrosse,2025,43.157285,-77.615214
Jackson Kane,Attack,"Tiburon, Calif.",mens-lacrosse,2025,37.8775332,-122.460808
Jacob Todd,Attack,"Stevensville, Md.",mens-lacrosse,2025,38.9777659,-76.3189417
Jake Vana,Midfield,"Boxford, Mass.",mens-lacrosse,2025,42.6605844,-70.9971204
Jamison Moore,Midfield,"Darien, Conn.",mens-lacrosse,2025,41.0787079,-73.4692873
Jim Williams,Face-Off,"Franklin, Tenn.",mens-lacrosse,2025,35.925206,-86.8689419
John Dunphey,Midfield,"Ridgewood, N.J.",mens-lacrosse,2025,40.9796683,-74.1194403
Kevin Morrow,Defense,"Cherry Hills Village, Colo.",mens-lacrosse,2025,39.6416544,-104.959425
Mark Marino,Midfield,"Mahwah, N.J.",mens-lacrosse,2025,41.0887072,-74.1437552
Matt Giannetti,Defense,"Rye, N.Y.",mens-lacrosse,2025,40.9821371,-73.6840902
Matthew Kephart,Defense,"Garden City, N.Y.",mens-lacrosse,2025,40.7266477,-73.6343052
Nate Kabiri,Attack,"McLean, Va.",mens-lacrosse,2025,38.9366852,-77.185843
Nick Crowley,LSM/Defense,"Peterborough, Ont.",mens-lacrosse,2025,44.3048009,-78.3199496
Owen Fischer,SSDM,"Glen Arm, Md.",mens-lacrosse,2025,39.4534402,-76.4944089
Parker Reynolds,Midfield,"Manlius, N.Y.",mens-lacrosse,2025,43.0020107,-75.9768632
Peter Buonanno,Attack,"Providence, R.I.",mens-lacrosse,2025,41.8239891,-71.4128343
Porter Malkiel,Attack,"Portland, Ore.",mens-lacrosse,2025,45.5202471,-122.674194
Quinn Krammer,Midfield,"Kirkland, Wash.",mens-lacrosse,2025,47.6765382,-122.2070775
Russ Fitzgerald,Face-Off,"Flourtown, Pa.",mens-lacrosse,2025,40.1030852,-75.2042283
Ryan Croddick,Goalie,"Rumson, N.J.",mens-lacrosse,2025,40.372054,-73.9990269
Thatcher Bernstein,Attack,"Brookline, Mass.",mens-lacrosse,2025,42.332918,-71.1187829
Tucker Spiess,Defense,"Old Greenwich, Conn.",mens-lacrosse,2025,41.0274237,-73.5646262
Tucker Wade,Midfield,"Bethesda, Md.",mens-lacrosse,2025,38.9812726,-77.1233587
Tyler Harris,SSDM,"Atlanta, Ga.",mens-lacrosse,2025,33.7544657,-84.3898151
Tyler McDermott,Midfield,"Rye, N.Y.",mens-lacrosse,2025,40.9821371,-73.6840902
Wilder Burgin,SSDM,"Bronxville, N.Y.",mens-lacrosse,2025,40.9381544,-73.8320784
Will Fuller,Attack,"Winchester, Mass.",mens-lacrosse,2025,42.4523178,-71.1369982
Zach Friedman,Defense,"Arvada, Colo.",mens-lacrosse,2025,39.8005505,-105.0811573
AJ Yeung,Face-Off,"Windham, N.H.",mens-lacrosse,2026,42.8006441,-71.304229
Adam Ponting,Midfield,"Welland, Ont.",mens-lacrosse,2026,42.9922181,-79.2484192
Aidan Cabahug-Almonte,Face-Off,"Wayne, Pa.",mens-lacrosse,2026,41.6264414,-75.3045103
Aidan McDonald,Attack,"Maple Ridge, B.C.",mens-lacrosse,2026,49.2197345,-122.599707
Beau Hokanson,Midfield,"Encinitas, Calif.",mens-lacrosse,2026,33.0431846,-117.2849848
Beckett Archer,Defense,"Seattle, Wash.",mens-lacrosse,2026,47.6038321,-122.330062
Blake O'Callaghan,Goalie,"Katonah, N.Y.",mens-lacrosse,2026,41.2558715,-73.6847453
Brody Upton,Midfield,"Dedham, Mass.",mens-lacrosse,2026,42.2481895,-71.1734418
Caden Creech,Defense,"Tampa, Fla.",mens-lacrosse,2026,27.9449854,-82.4583107
Caden Frank,Defense,"Rollingwood, Texas",mens-lacrosse,2026,30.2742428,-97.7855814
Caden Southworth,Midfield,"Great Falls, Va.",mens-lacrosse,2026,39.0116538,-77.3083988
Carson Krammer,Midfield,"Kirkland, Wash.",mens-lacrosse,2026,47.6765382,-122.2070775
Carter Johnson,Goalie,"Jackson, Wyoming",mens-lacrosse,2026,43.479965,-110.761815
Cody Lam,Attack,"Westfield, N.J.",mens-lacrosse,2026,40.651726,-74.3483059
Colin Burns,Attack,"Potomac, Md.",mens-lacrosse,2026,39.0180508,-77.1956331
Colin Vickrey,Goalie,"Westlake, Texas",mens-lacrosse,2026,32.991226,-97.1943701
Connor Crosby,Midfield,"Greenwich, Conn.",mens-lacrosse,2026,41.0264862,-73.6284598
Cooper Mueller,SSDM,"Villanova, Pa.",mens-lacrosse,2026,40.0411671,-75.3310527
Cooper Revis,Face-Off,"Chevy Chase, Md.",mens-lacrosse,2026,38.9813699,-77.0849245
Evan Calkins,Midfield,"Naples, Fla.",mens-lacrosse,2026,26.1421976,-81.7942944
Finn Fox,Defense,"Weston, Mass.",mens-lacrosse,2026,42.3667625,-71.3031132
Flynt Leverett,Defense,"Houston, Texas",mens-lacrosse,2026,29.7589382,-95.3676974
Gavin Duran,Defense,"Port Washington, N.Y.",mens-lacrosse,2026,40.8263965,-73.684993
Gus von Metzsch,Goalie,"Piedmont, Calif.",mens-lacrosse,2026,37.8243715,-122.231635
Hunter Spiess,Defense,"Old Greenwich, Conn.",mens-lacrosse,2026,41.0274237,-73.5646262
Isaac Cruz,SSDM,"Montgomery, N.Y.",mens-lacrosse,2026,42.8941269,-74.4099745
Jack Stahl,Defense,"Newport Beach, Calif.",mens-lacrosse,2026,33.6170092,-117.9294401
Jackson Green,SSDM,"Rochester, N.Y.",mens-lacrosse,2026,43.157285,-77.615214
Jacob Todd,Attack,"Stevensville, Md.",mens-lacrosse,2026,38.9777659,-76.3189417
Jake Reese,Midfield,"Larchmont, N.Y.",mens-lacrosse,2026,40.9278769,-73.7517983
Jake Vana,Midfield,"Boxford, Mass.",mens-lacrosse,2026,42.6605844,-70.9971204
John Barnds,Midfield,"Woodside, Calif.",mens-lacrosse,2026,37.4280637,-122.2507435
Kevin Morrow,Defense,"Cherry Hills Village, Colo.",mens-lacrosse,2026,39.6416544,-104.959425
Mack Smink,Attack,"Dedham, Mass.",mens-lacrosse,2026,42.2481895,-71.1734418
Mark Marino,SSDM,"Mahwah, N.J.",mens-lacrosse,2026,41.0887072,-74.1437552
Matt Giannetti,Defense,"Rye, N.Y.",mens-lacrosse,2026,40.9821371,-73.6840902
Matthew Kephart,Defense,"Garden City, N.Y.",mens-lacrosse,2026,40.7266477,-73.6343052
Nate Kabiri,Attack,"McLean, Va.",mens-lacrosse,2026,38.9366852,-77.185843
Noah Han,Midfield,"Great Falls, Va.",mens-lacrosse,2026,39.0116538,-77.3083988
Owen Fischer,SSDM,"Glen Arm, Md.",mens-lacrosse,2026,39.4534402,-76.4944089
Parker Reynolds,Midfield,"Manlius, N.Y.",mens-lacrosse,2026,43.0020107,-75.9768632
Peter Buonanno,Attack,"Providence, R.I.",mens-lacrosse,2026,41.8239891,-71.4128343
Porter Malkiel,Attack,"Portland, Ore.",mens-lacrosse,2026,45.5202471,-122.674194
Remi Zeitlin,Midfield,"Brooklyn, N.Y.",mens-lacrosse,2026,40.6526006,-73.9497211
Russ Fitzgerald,Face-Off,"Flourtown, Pa.",mens-lacrosse,2026,40.1030852,-75.2042283
Thatcher Bernstein,Attack,"Brookline, Mass.",mens-lacrosse,2026,42.332918,-71.1187829
Tuck Gilbane,Attack,"Chestnut Hill, Mass.",mens-lacrosse,2026,42.3234553,-71.1639439
Tucker Spiess,Defense,"Old Greenwich, Conn.",mens-lacrosse,2026,41.0274237,-73.5646262
Tucker Wade,Midfield,"Bethesda, Md.",mens-lacrosse,2026,38.9812726,-77.1233587
Tyler Harris,SSDM,"Atlanta, Ga.",mens-lacrosse,2026,33.7544657,-84.3898151
Tyler McDermott,Midfield,"Rye, N.Y.",mens-lacrosse,2026,40.9821371,-73.6840902
Wilder Burgin,SSDM,"Bronxville, N.Y.",mens-lacrosse,2026,40.9381544,-73.8320784
Will Fuller,Attack,"Winchester, Mass.",mens-lacrosse,2026,42.4523178,-71.1369982
Alex Levine,,"Princeton, N.J.",mens-rowing,2016,40.3496953,-74.6597376
Alex Michael,,"Nevada City, Calif.",mens-rowing,2016,39.2625993,-121.0187304
Andrew Redd,,"Seattle, Wash.",mens-rowing,2016,47.6038321,-122.330062
Andy LeRoux,,"Venice, Fla.",mens-rowing,2016,27.0998315,-82.4442832
Ariel Segal,,"Piscataway, N.J.",mens-rowing,2016,40.5464326,-74.4660542
Augustin Wambersie,,"Rio de Janeiro, Brazil",mens-rowing,2016,-22.9110137,-43.2093727
Benjamin Lawton,,"Bayside, Wis.",mens-rowing,2016,43.1860869,-87.904897
Brandon Levy,,"Larkspur, Calif.",mens-rowing,2016,37.9340915,-122.5352539
Cameron Kerr,,"Glasgow, Scotland",mens-rowing,2016,55.861155,-4.2501687
Charles Watt,,"Acton, Mass.",mens-rowing,2016,42.4850931,-71.43284
Chris Lawrie,,"Bourne End, Eng.",mens-rowing,2016,51.5799463,-0.7120777
Connor Bridges,,"Barking, England",mens-rowing,2016,51.5402677,0.0793235
Dan de Groot,,"St. Catharines, Canada",mens-rowing,2016,43.1579812,-79.2441003
David Babikian,,"Belmont, Mass.",mens-rowing,2016,42.3959296,-71.1786655
David Bewicke-Copley,,"Leicester, Eng.",mens-rowing,2016,52.6362,-1.1331969
David McFall,,"Pittsburgh, Pa.",mens-rowing,2016,40.4406968,-80.0025666
Emory Ruscus,,"Herndon, Va.",mens-rowing,2016,38.9695316,-77.3859479
Fabian Lindfield,,"Pune, India",mens-rowing,2016,18.5213738,73.8545071
Franco D'Agostino,,"Caracas, Venezuela",mens-rowing,2016,10.5060934,-66.9146008
Henry Evans,,"Wilmington, Del.",mens-rowing,2016,39.7459468,-75.546589
Hunter Johnson,,"Winnetka, Ill.",mens-rowing,2016,42.1080703,-87.7365286
Jan Bernhard,,"Hamburg, Germany",mens-rowing,2016,53.5501721,10.0013165
Jim Palmer,,"Rye, N.Y.",mens-rowing,2016,40.9821371,-73.6840902
John Killeen,,"Marin County, Calif.",mens-rowing,2016,38.0409144,-122.6199638
Jonathan Lord,,"Oxford, Eng.",mens-rowing,2016,51.7520131,-1.2578499
Jonny Naylor,,"Poole, England",mens-rowing,2016,50.7402006,-1.9537484
Julian Goldman,,"Ross, Calif.",mens-rowing,2016,37.9624239,-122.554977
Larry Bao,,"Princeton, N.J.",mens-rowing,2016,40.3496953,-74.6597376
Leo Toch,,"Washington, D.C.",mens-rowing,2016,38.8950982,-77.0363849
Luke Wiggins,,"Henley-on-Thames, Eng.",mens-rowing,2016,51.5375786,-0.9050287
Matt Doyle,,"Bettendorf, Iowa",mens-rowing,2016,41.5253792,-90.5098639
Matt Wylie,,"Auckland, N.Z.",mens-rowing,2016,-31.9218756,115.8466839
Matthew Benstead,,"Twickenham, U.K.",mens-rowing,2016,51.4467444,-0.3281887
Micaela Keller,,"Ann Arbor, Mich.",mens-rowing,2016,42.2813722,-83.7484616
Nadir Noordin,,"Memphis, Tenn.",mens-rowing,2016,35.146026,-90.0517786
Nathaniel Jiranek,,"Powhatan, Va.",mens-rowing,2016,37.5531622,-77.9112655
Nick Mead,,"Strafford, Pa.",mens-rowing,2016,40.0509421,-75.4043578
Nina Sola,,"London, Eng.",mens-rowing,2016,51.5074456,-0.1277653
Ralph Elsegood,,"Tarporley, Eng",mens-rowing,2016,53.1600059,-2.6736725
Ray Bartolucci,,"Poughkeepsie, N.Y.",mens-rowing,2016,41.7065539,-73.9283672
Ryan Hutzley,,"Ocean, N.J.",mens-rowing,2016,39.977818,-74.3319287
Sam Fortuno,,"Dorado, P.R.",mens-rowing,2016,17.9112316,-88.8563338
Sebastian Benzecry,,"London, Eng.",mens-rowing,2016,51.5074456,-0.1277653
Spencer Sands,,"Tarrytown, N.Y.",mens-rowing,2016,41.0762077,-73.8587461
Ted Moskovitz,,"Short Hills, N.J.",mens-rowing,2016,40.7381585,-74.3377392
Tim Livingstone,,"London, Eng.",mens-rowing,2016,51.5074456,-0.1277653
Tom George,,"Oxford, England",mens-rowing,2016,51.7520131,-1.2578499
Trey Francis,,"St. Louis, Mo.",mens-rowing,2016,38.6254063,-90.190009
Will Chance,,"Lufkin, Texas",mens-rowing,2016,31.3386242,-94.7288558
Alex Levine,,"Princeton, N.J.",mens-rowing,2017,40.3496953,-74.6597376
Andrew Redd,,"Seattle, Wash.",mens-rowing,2017,47.6038321,-122.330062
Andy LeRoux,,"Venice, Fla.",mens-rowing,2017,27.0998315,-82.4442832
Augustin Wambersie,,"Rio de Janeiro, Brazil",mens-rowing,2017,-22.9110137,-43.2093727
Benjamin Lawton,,"Bayside, Wis.",mens-rowing,2017,43.1860869,-87.904897
Brandon Levy,,"Larkspur, Calif.",mens-rowing,2017,37.9340915,-122.5352539
Charles Watt,,"Acton, Mass.",mens-rowing,2017,42.4850931,-71.43284
Chris Lawrie,,"Bourne End, Eng.",mens-rowing,2017,51.5799463,-0.7120777
Christopher Ferrigine,,"Red Bank, N.J.",mens-rowing,2017,40.3470543,-74.0643065
Christopher Wilson,,"Atoka, Tenn.",mens-rowing,2017,35.4411945,-89.7781379
Dan de Groot,,"St. Catharines, Canada",mens-rowing,2017,43.1579812,-79.2441003
David Babikian,,"Belmont, Mass.",mens-rowing,2017,42.3959296,-71.1786655
David Bewicke-Copley,,"Leicester, Eng.",mens-rowing,2017,52.6362,-1.1331969
Ethan McAlpine,,"Grimsby, Ont.",mens-rowing,2017,43.1931661,-79.560677
Fabian Lindfield,,"Pune, India",mens-rowing,2017,18.5213738,73.8545071
Frederik Johne,,"Berlin, Germany",mens-rowing,2017,52.5173885,13.3951309
Gordon Johnson,,"Greenwich, Conn.",mens-rowing,2017,41.0264862,-73.6284598
Harry Higginbottom,,"Nantwich, Eng.",mens-rowing,2017,53.0671376,-2.5221184
Henry Evans,,"Wilmington, Del.",mens-rowing,2017,39.7459468,-75.546589
Hunter Johnson,,"Winnetka, Ill.",mens-rowing,2017,42.1080703,-87.7365286
Isaac Ward,,"Winter Park, Fla.",mens-rowing,2017,28.5977707,-81.3510264
Jan Bernhard,,"Hamburg, Germany",mens-rowing,2017,53.5501721,10.0013165
Jens Clausen,,"Wimbledon, Eng.",mens-rowing,2017,51.4214787,-0.2064027
Jim Palmer,,"Rye, N.Y.",mens-rowing,2017,40.9821371,-73.6840902
John Killeen,,"Marin County, Calif.",mens-rowing,2017,38.0409144,-122.6199638
Jonathan Lord,,"Oxford, Eng.",mens-rowing,2017,51.7520131,-1.2578499
Jonny Naylor,,"Poole, England",mens-rowing,2017,50.7402006,-1.9537484
Julian Goldman,,"Ross, Calif.",mens-rowing,2017,37.9624239,-122.554977
Kasey McFadden,,"Matawan, N.J.",mens-rowing,2017,40.41483,-74.2295891
Kiersten Marr,,"Falmouth, Me.",mens-rowing,2017,43.7219859,-70.2327055
Larry Bao,,"Princeton, N.J.",mens-rowing,2017,40.3496953,-74.6597376
Leo Toch,,"Washington, D.C.",mens-rowing,2017,38.8950982,-77.0363849
Luke Wiggins,,"Henley-on-Thames, Eng.",mens-rowing,2017,51.5375786,-0.9050287
Mark Abramovitz,,"Englewood, N.J.",mens-rowing,2017,40.8929329,-73.9726508
Matt Doyle,,"Bettendorf, Iowa",mens-rowing,2017,41.5253792,-90.5098639
Matt Wylie,,"Auckland, N.Z.",mens-rowing,2017,-31.9218756,115.8466839
Micaela Keller,,"Ann Arbor, Mich.",mens-rowing,2017,42.2813722,-83.7484616
Nathaniel Jiranek,,"Powhatan, Va.",mens-rowing,2017,37.5531622,-77.9112655
Nicholas Foster,,"Melbourne, Aust.",mens-rowing,2017,-37.7253581,144.9509254
Nina Sola,,"London, Eng.",mens-rowing,2017,51.5074456,-0.1277653
Oliver Schwartz,,"Sydney, Aust.",mens-rowing,2017,-33.9269616,150.8064731
Oswald Stocker,,"London, Eng.",mens-rowing,2017,51.5074456,-0.1277653
Ralph Elsegood,,"Tarporley, Eng",mens-rowing,2017,53.1600059,-2.6736725
Ryan Hutzley,,"Ocean, N.J.",mens-rowing,2017,39.977818,-74.3319287
Sam Fortuno,,"Dorado, P.R.",mens-rowing,2017,17.9112316,-88.8563338
Sebastian Benzecry,,"London, Eng.",mens-rowing,2017,51.5074456,-0.1277653
Spencer Sands,,"Tarrytown, N.Y.",mens-rowing,2017,41.0762077,-73.8587461
Tassilo von Mueller,,"Dusseldorf, Germany",mens-rowing,2017,51.2254018,6.7763137
Tim Livingstone,,"London, Eng.",mens-rowing,2017,51.5074456,-0.1277653
Tom George,,"Oxford, England",mens-rowing,2017,51.7520131,-1.2578499
Will Chance,,"Lufkin, Texas",mens-rowing,2017,31.3386242,-94.7288558
Alex Levine,,"Princeton, N.J.",mens-rowing,2018,40.3496953,-74.6597376
Andrew Redd,,"Seattle, Wash.",mens-rowing,2018,47.6038321,-122.330062
Andy LeRoux,,"Venice, Fla.",mens-rowing,2018,27.0998315,-82.4442832
Axel de Boissard,,"London, Eng.",mens-rowing,2018,51.5074456,-0.1277653
Brandon Levy,,"Larkspur, Calif.",mens-rowing,2018,37.9340915,-122.5352539
Charles Watt,,"Acton, Mass.",mens-rowing,2018,42.4850931,-71.43284
Charlie Miller,,"Melbourne, Aust.",mens-rowing,2018,-37.7253581,144.9509254
Chris Lawrie,,"Bourne End, Eng.",mens-rowing,2018,51.5799463,-0.7120777
Christopher Ferrigine,,"Red Bank, N.J.",mens-rowing,2018,40.3470543,-74.0643065
Christopher Wilson,,"Atoka, Tenn.",mens-rowing,2018,35.4411945,-89.7781379
Dan Gitelman,,"West Hartford, Conn.",mens-rowing,2018,41.7620447,-72.7420399
Dan de Groot,,"St. Catharines, Canada",mens-rowing,2018,43.1579812,-79.2441003
David Babikian,,"Belmont, Mass.",mens-rowing,2018,42.3959296,-71.1786655
David Bewicke-Copley,,"Leicester, Eng.",mens-rowing,2018,52.6362,-1.1331969
Eli Kalfaian,,"Milford, N.J.",mens-rowing,2018,40.5687128,-75.0946169
Ethan McAlpine,,"Grimsby, Ont.",mens-rowing,2018,43.1931661,-79.560677
Frederik Johne,,"Berlin, Germany",mens-rowing,2018,52.5173885,13.3951309
Gordon Johnson,,"Greenwich, Conn.",mens-rowing,2018,41.0264862,-73.6284598
Harry Higginbottom,,"Nantwich, Eng.",mens-rowing,2018,53.0671376,-2.5221184
Henry Evans,,"Wilmington, Del.",mens-rowing,2018,39.7459468,-75.546589
Hunter Johnson,,"Winnetka, Ill.",mens-rowing,2018,42.1080703,-87.7365286
Isaac Ward,,"Winter Park, Fla.",mens-rowing,2018,28.5977707,-81.3510264
James Quinlan,,"Castletroy, Ireland",mens-rowing,2018,52.6654318,-8.5712428
Jens Clausen,,"Wimbledon, Eng.",mens-rowing,2018,51.4214787,-0.2064027
Jim Palmer,,"Rye, N.Y.",mens-rowing,2018,40.9821371,-73.6840902
Jonas Juel,,"Oslo, Norway",mens-rowing,2018,59.9133301,10.7389701
Jonny Naylor,,"Poole, England",mens-rowing,2018,50.7402006,-1.9537484
Joseph Wolfin,,"Marlow, England",mens-rowing,2018,51.5718706,-0.7769654
Julia Campbell,,"Milwaukee, Wis.",mens-rowing,2018,43.0386475,-87.9090751
Julian Coleman,,"Locust Valley, N.Y.",mens-rowing,2018,40.8775225,-73.5723052
Kasey McFadden,,"Matawan, N.J.",mens-rowing,2018,40.41483,-74.2295891
Kiersten Marr,,"Falmouth, Me.",mens-rowing,2018,43.7219859,-70.2327055
Larry Bao,,"Princeton, N.J.",mens-rowing,2018,40.3496953,-74.6597376
Luke Wiggins,,"Henley-on-Thames, Eng.",mens-rowing,2018,51.5375786,-0.9050287
Mark Abramovitz,,"Englewood, N.J.",mens-rowing,2018,40.8929329,-73.9726508
Matt Doyle,,"Bettendorf, Iowa",mens-rowing,2018,41.5253792,-90.5098639
Matt Wylie,,"Auckland, N.Z.",mens-rowing,2018,-31.9218756,115.8466839
Micaela Keller,,"Ann Arbor, Mich.",mens-rowing,2018,42.2813722,-83.7484616
Nathan Phelps,,"Ridgefield, Conn.",mens-rowing,2018,41.2814842,-73.4981792
Nathaniel Jiranek,,"Powhatan, Va.",mens-rowing,2018,37.5531622,-77.9112655
Nicholas Foster,,"Melbourne, Aust.",mens-rowing,2018,-37.7253581,144.9509254
Oliver Schwartz,,"Sydney, Aust.",mens-rowing,2018,-33.9269616,150.8064731
Oswald Stocker,,"London, Eng.",mens-rowing,2018,51.5074456,-0.1277653
Ralph Elsegood,,"Tarporley, Eng",mens-rowing,2018,53.1600059,-2.6736725
Rhys Drout,,"Dedham, Mass.",mens-rowing,2018,42.2481895,-71.1734418
Robert Powell,,"Aberdeen, Scotland",mens-rowing,2018,57.1482429,-2.0928095
Ryan Hutzley,,"Ocean, N.J.",mens-rowing,2018,39.977818,-74.3319287
Sam Fortuno,,"Dorado, P.R.",mens-rowing,2018,17.9112316,-88.8563338
Sebastian Benzecry,,"London, Eng.",mens-rowing,2018,51.5074456,-0.1277653
Spencer Sands,,"Tarrytown, N.Y.",mens-rowing,2018,41.0762077,-73.8587461
Stephane Pienaar,,"Cape Town, South Africa",mens-rowing,2018,-33.9288301,18.4172197
Tassilo von Mueller,,"Dusseldorf, Germany",mens-rowing,2018,51.2254018,6.7763137
Vanja Obradovic,,"Novi Sad, Serbia",mens-rowing,2018,45.2551338,19.8451756
William Stocovaz,,"Philadelphia, Pa.",mens-rowing,2018,39.9527237,-75.1635262
Andrew Redd,,"Seattle, Wash.",mens-rowing,2019,47.6038321,-122.330062
Andy LeRoux,,"Venice, Fla.",mens-rowing,2019,27.0998315,-82.4442832
Charles Coppieters 'T Wallant,,"Kenilworth, Ill.",mens-rowing,2019,42.0894728,-87.7149295
Charlie Miller,,"Melbourne, Aust.",mens-rowing,2019,-37.7253581,144.9509254
Chase Haskell,,"Ponte Vedra Beach, Fla.",mens-rowing,2019,30.2396865,-81.3856384
Chloe Smith-Frank,,"Philadelphia, Pa.",mens-rowing,2019,39.9527237,-75.1635262
Chris Lawrie,,"Bourne End, Eng.",mens-rowing,2019,51.5799463,-0.7120777
Christopher Ferrigine,,"Red Bank, N.J.",mens-rowing,2019,40.3470543,-74.0643065
Christopher Wilson,,"Atoka, Tenn.",mens-rowing,2019,35.4411945,-89.7781379
Dan Gitelman,,"West Hartford, Conn.",mens-rowing,2019,41.7620447,-72.7420399
David Babikian,,"Belmont, Mass.",mens-rowing,2019,42.3959296,-71.1786655
David Bewicke-Copley,,"Leicester, Eng.",mens-rowing,2019,52.6362,-1.1331969
Eleanor Bauer,,"Wauwatosa, Wisc.",mens-rowing,2019,43.0494122,-88.0079271
Eli Kalfaian,,"Milford, N.J.",mens-rowing,2019,40.5687128,-75.0946169
Erik Spinka,,"Southport, Conn.",mens-rowing,2019,41.1335089,-73.2880249
Ethan McAlpine,,"Grimsby, Ont.",mens-rowing,2019,43.1931661,-79.560677
Floyd Benedikter,,"Dortmund, Germany",mens-rowing,2019,51.5142273,7.4652789
Frank Maranje,,"Miami, Fla.",mens-rowing,2019,25.7741566,-80.1935973
Frederik Johne,,"Berlin, Germany",mens-rowing,2019,52.5173885,13.3951309
Gordon Johnson,,"Greenwich, Conn.",mens-rowing,2019,41.0264862,-73.6284598
Greg Le Meur,,"San Francisco, Calif.",mens-rowing,2019,37.7879363,-122.4075201
Harril Saunders,,"North Garden, Va.",mens-rowing,2019,37.9573535,-78.6375087
Henry Evans,,"Wilmington, Del.",mens-rowing,2019,39.7459468,-75.546589
Jacob Intrater,,"New York, N.Y.",mens-rowing,2019,40.7127281,-74.0060152
James Quinlan,,"Castletroy, Ireland",mens-rowing,2019,52.6654318,-8.5712428
Jelmer Bennema,,"Utrecht, Netherlands",mens-rowing,2019,52.0907006,5.1215634
Jens Clausen,,"Wimbledon, Eng.",mens-rowing,2019,51.4214787,-0.2064027
Jonas Juel,,"Oslo, Norway",mens-rowing,2019,59.9133301,10.7389701
Joseph Wolfin,,"Marlow, England",mens-rowing,2019,51.5718706,-0.7769654
Julia Campbell,,"Milwaukee, Wis.",mens-rowing,2019,43.0386475,-87.9090751
Julian Coleman,,"Locust Valley, N.Y.",mens-rowing,2019,40.8775225,-73.5723052
Kasey McFadden,,"Matawan, N.J.",mens-rowing,2019,40.41483,-74.2295891
Marco Misasi,,"Sao Paulo, Brazil",mens-rowing,2019,-23.5506507,-46.6333824
Mark Abramovitz,,"Englewood, N.J.",mens-rowing,2019,40.8929329,-73.9726508
Micaela Keller,,"Ann Arbor, Mich.",mens-rowing,2019,42.2813722,-83.7484616
Nathan Phelps,,"Ridgefield, Conn.",mens-rowing,2019,41.2814842,-73.4981792
Nicholas Foster,,"Melbourne, Aust.",mens-rowing,2019,-37.7253581,144.9509254
Nolan Abeyta,,"Rutland, Vt.",mens-rowing,2019,43.6084792,-72.9724768
Oliver Schwartz,,"Sydney, Aust.",mens-rowing,2019,-33.9269616,150.8064731
Oswald Stocker,,"London, Eng.",mens-rowing,2019,51.5074456,-0.1277653
Robert Powell,,"Aberdeen, Scotland",mens-rowing,2019,57.1482429,-2.0928095
Ryan Beeler,,"Melrose, Mass.",mens-rowing,2019,42.4564323,-71.064182
Ryan Hutzley,,"Ocean, N.J.",mens-rowing,2019,39.977818,-74.3319287
Sam Fortuno,,"Dorado, P.R.",mens-rowing,2019,17.9112316,-88.8563338
Sebastian Benzecry,,"London, Eng.",mens-rowing,2019,51.5074456,-0.1277653
Spencer Sands,,"Tarrytown, N.Y.",mens-rowing,2019,41.0762077,-73.8587461
Stephane Pienaar,,"Cape Town, South Africa",mens-rowing,2019,-33.9288301,18.4172197
Tassilo von Mueller,,"Dusseldorf, Germany",mens-rowing,2019,51.2254018,6.7763137
Vanja Obradovic,,"Novi Sad, Serbia",mens-rowing,2019,45.2551338,19.8451756
William Stocovaz,,"Philadelphia, Pa.",mens-rowing,2019,39.9527237,-75.1635262
Zlata Bobyr,,"San Diego, Calif.",mens-rowing,2019,32.7157062,-117.1638284
Charles Coppieters 'T Wallant,,"Kenilworth, Ill.",mens-rowing,2020,42.0894728,-87.7149295
Charlie Miller,,"Melbourne, Aust.",mens-rowing,2020,-37.7253581,144.9509254
Chloe Smith-Frank,,"Philadelphia, Pa.",mens-rowing,2020,39.9527237,-75.1635262
Christopher Wilson,,"Atoka, Tenn.",mens-rowing,2020,35.4411945,-89.7781379
Dan Gitelman,,"West Hartford, Conn.",mens-rowing,2020,41.7620447,-72.7420399
Eleanor Bauer,,"Wauwatosa, Wisc.",mens-rowing,2020,43.0494122,-88.0079271
Eli Kalfaian,,"Milford, N.J.",mens-rowing,2020,40.5687128,-75.0946169
Erik Spinka,,"Southport, Conn.",mens-rowing,2020,41.1335089,-73.2880249
Ethan McAlpine,,"Grimsby, Ont.",mens-rowing,2020,43.1931661,-79.560677
Floyd Benedikter,,"Dortmund, Germany",mens-rowing,2020,51.5142273,7.4652789
Frederik Johne,,"Berlin, Germany",mens-rowing,2020,52.5173885,13.3951309
Gordon Johnson,,"Greenwich, Conn.",mens-rowing,2020,41.0264862,-73.6284598
Greg Le Meur,,"San Francisco, Calif.",mens-rowing,2020,37.7879363,-122.4075201
Hanno Brach,,"Oberhof, Thuringia, Germany",mens-rowing,2020,50.7067756,10.7257435
Harril Saunders,,"North Garden, Va.",mens-rowing,2020,37.9573535,-78.6375087
Jacob Intrater,,"New York, N.Y.",mens-rowing,2020,40.7127281,-74.0060152
Jelmer Bennema,,"Utrecht, Netherlands",mens-rowing,2020,52.0907006,5.1215634
Jens Clausen,,"Wimbledon, Eng.",mens-rowing,2020,51.4214787,-0.2064027
Jonas Juel,,"Oslo, Norway",mens-rowing,2020,59.9133301,10.7389701
Julia Campbell,,"Milwaukee, Wis.",mens-rowing,2020,43.0386475,-87.9090751
Julian Coleman,,"Locust Valley, N.Y.",mens-rowing,2020,40.8775225,-73.5723052
Kasey McFadden,,"Matawan, N.J.",mens-rowing,2020,40.41483,-74.2295891
Keelan Good,,"Alameda, Calif.",mens-rowing,2020,37.6090291,-121.899142
Lachlan Toovey,,"Terramungamine, New South Whales, Australia",mens-rowing,2020,-32.1485,148.5679
Mark Abramovitz,,"Englewood, N.J.",mens-rowing,2020,40.8929329,-73.9726508
Nick Taylor,,"Chicago, Ill.",mens-rowing,2020,41.8755616,-87.6244212
Oswald Stocker,,"London, Eng.",mens-rowing,2020,51.5074456,-0.1277653
Robert Powell,,"Aberdeen, Scotland",mens-rowing,2020,57.1482429,-2.0928095
Ryan Beeler,,"Melrose, Mass.",mens-rowing,2020,42.4564323,-71.064182
Tassilo von Mueller,,"Dusseldorf, Germany",mens-rowing,2020,51.2254018,6.7763137
Wesley Hirschman,,"Nashville, Tenn.",mens-rowing,2020,36.1622767,-86.7742984
William Stocovaz,,"Philadelphia, Pa.",mens-rowing,2020,39.9527237,-75.1635262
Aaron Leung,,"North York, Ontario, Can.",mens-rowing,2021,43.7570209,-79.3526399
Charles Coppieters 'T Wallant,,"Kenilworth, Ill.",mens-rowing,2021,42.0894728,-87.7149295
Charles McWeeny,,"Williamstown, Mass.",mens-rowing,2021,42.7135472,-73.2094566
Charlie Miller,,"Melbourne, Aust.",mens-rowing,2021,-37.7253581,144.9509254
Chloe Smith-Frank,,"Philadelphia, Pa.",mens-rowing,2021,39.9527237,-75.1635262
Connor Neill,,"Huntingdon Valley, Pa.",mens-rowing,2021,40.1226101,-75.0635049
Cyrus Hatam,,"Bethesda, Md.",mens-rowing,2021,38.9812726,-77.1233587
Eleanor Bauer,,"Wauwatosa, Wisc.",mens-rowing,2021,43.0494122,-88.0079271
Eli Kalfaian,,"Milford, N.J.",mens-rowing,2021,40.5687128,-75.0946169
Emmett Infante,,"Mountain Lakes, N.J.",mens-rowing,2021,40.8948212,-74.4329314
Erik Spinka,,"Southport, Conn.",mens-rowing,2021,41.1335089,-73.2880249
Floyd Benedikter,,"Dortmund, Germany",mens-rowing,2021,51.5142273,7.4652789
Greg Le Meur,,"San Francisco, Calif.",mens-rowing,2021,37.7879363,-122.4075201
Hanno Brach,,"Oberhof, Thuringia, Germany",mens-rowing,2021,50.7067756,10.7257435
Harril Saunders,,"North Garden, Va.",mens-rowing,2021,37.9573535,-78.6375087
Jacob Intrater,,"New York, N.Y.",mens-rowing,2021,40.7127281,-74.0060152
James Quinlan,,"Castletroy, Ireland",mens-rowing,2021,52.6654318,-8.5712428
Jelmer Bennema,,"Utrecht, Netherlands",mens-rowing,2021,52.0907006,5.1215634
Jens Clausen,,"Wimbledon, Eng.",mens-rowing,2021,51.4214787,-0.2064027
John Dreiband,,"Potomac, Md.",mens-rowing,2021,39.0180508,-77.1956331
John Gonzales,,"Milwaukee, Wisc.",mens-rowing,2021,43.0386475,-87.9090751
Jonas Juel,,"Oslo, Norway",mens-rowing,2021,59.9133301,10.7389701
Joseph Wolfin,,"Marlow, England",mens-rowing,2021,51.5718706,-0.7769654
Julia Campbell,,"Milwaukee, Wis.",mens-rowing,2021,43.0386475,-87.9090751
Kasey McFadden,,"Matawan, N.J.",mens-rowing,2021,40.41483,-74.2295891
Keelan Good,,"Alameda, Calif.",mens-rowing,2021,37.6090291,-121.899142
Khalil Benjamin,,"Princeton, N.J.",mens-rowing,2021,40.3496953,-74.6597376
Lachlan Toovey,,"Terramungamine, New South Whales, Australia",mens-rowing,2021,-32.1485,148.5679
Marco Misasi,,"Sao Paulo, Brazil",mens-rowing,2021,-23.5506507,-46.6333824
Mark Abramovitz,,"Englewood, N.J.",mens-rowing,2021,40.8929329,-73.9726508
Matthew Wagner,,"Fairfax, Calif.",mens-rowing,2021,37.9872935,-122.587967
Matthew Williams,,"Forth Worth, Texas.",mens-rowing,2021,32.7369895,-97.4629893
Nathan Phelps,,"Ridgefield, Conn.",mens-rowing,2021,41.2814842,-73.4981792
Nic McAdam,,"Zip Cape Town, Western Cape, South Africa",mens-rowing,2021,-33.9187934,18.4310357
Nic Rath,,"Putney, New South, Australia",mens-rowing,2021,-33.826067,151.1064224
Nick Taylor,,"Chicago, Ill.",mens-rowing,2021,41.8755616,-87.6244212
Nolan Abeyta,,"Rutland, Vt.",mens-rowing,2021,43.6084792,-72.9724768
Oswald Stocker,,"London, Eng.",mens-rowing,2021,51.5074456,-0.1277653
Patrick Long,,"Brisbane, Aust.",mens-rowing,2021,-27.4510029,153.103242
Patrick O'Connell,,"Marlton, N.J.",mens-rowing,2021,39.9005585,-74.9338911
Raphael Vogeley,,"Holland, Pa.",mens-rowing,2021,40.1728871,-74.9926688
Robert Powell,,"Aberdeen, Scotland",mens-rowing,2021,57.1482429,-2.0928095
Rodrigo Gallardo,,"Coronado, Calif.",mens-rowing,2021,32.6915199,-117.1766947
Ryan Beeler,,"Melrose, Mass.",mens-rowing,2021,42.4564323,-71.064182
Sam Kleiner,,"Westport, Conn.",mens-rowing,2021,41.1414855,-73.3578955
Seth O'Connor,,"Main Road, Lacey Green, England",mens-rowing,2021,51.694304,-0.8099168
Stephane Pienaar,,"Cape Town, South Africa",mens-rowing,2021,-33.9288301,18.4172197
Thomas Pries,,"South Bend, Ind.",mens-rowing,2021,41.6833813,-86.2500066
Vanja Obradovic,,"Novi Sad, Serbia",mens-rowing,2021,45.2551338,19.8451756
Wesley Hirschman,,"Nashville, Tenn.",mens-rowing,2021,36.1622767,-86.7742984
William Stocovaz,,"Philadelphia, Pa.",mens-rowing,2021,39.9527237,-75.1635262
Zach Vachal,,"San Francisco, Calif.",mens-rowing,2021,37.7879363,-122.4075201
Aaron Leung,,"North York, Ontario, Can.",mens-rowing,2022,43.7570209,-79.3526399
Andrew Wilkinson,,"Chicago, Ill.",mens-rowing,2022,41.8755616,-87.6244212
Charles Coppieters 'T Wallant,,"Kenilworth, Ill.",mens-rowing,2022,42.0894728,-87.7149295
Charlie Miller,,"Melbourne, Aust.",mens-rowing,2022,-37.7253581,144.9509254
Chloe Smith-Frank,,"Philadelphia, Pa.",mens-rowing,2022,39.9527237,-75.1635262
Connor Neill,,"Huntingdon Valley, Pa.",mens-rowing,2022,40.1226101,-75.0635049
Eleanor Bauer,,"Wauwatosa, Wisc.",mens-rowing,2022,43.0494122,-88.0079271
Emmett Infante,,"Mountain Lakes, N.J.",mens-rowing,2022,40.8948212,-74.4329314
Erik Spinka,,"Southport, Conn.",mens-rowing,2022,41.1335089,-73.2880249
Floyd Benedikter,,"Dortmund, Germany",mens-rowing,2022,51.5142273,7.4652789
George Lathrop,,"Old Greenwich, Conn.",mens-rowing,2022,41.0274237,-73.5646262
Greg Le Meur,,"San Francisco, Calif.",mens-rowing,2022,37.7879363,-122.4075201
Hanno Brach,,"Oberhof, Thuringia, Germany",mens-rowing,2022,50.7067756,10.7257435
Harril Saunders,,"North Garden, Va.",mens-rowing,2022,37.9573535,-78.6375087
Jacob Intrater,,"New York, N.Y.",mens-rowing,2022,40.7127281,-74.0060152
James Burry,,"Worthing, England",mens-rowing,2022,50.8115402,-0.3699697
James Quinlan,,"Castletroy, Ireland",mens-rowing,2022,52.6654318,-8.5712428
Jelmer Bennema,,"Utrecht, Netherlands",mens-rowing,2022,52.0907006,5.1215634
Joe McCauley,,"Fisherman Bay, South Wales, Australia",mens-rowing,2022,-28.6364417,153.6283779
John Dreiband,,"Potomac, Md.",mens-rowing,2022,39.0180508,-77.1956331
Josh Cigoianu,,"Pittsburgh, Pa.",mens-rowing,2022,40.4406968,-80.0025666
Kate Ellis,,"Honolulu, Hawaii",mens-rowing,2022,21.304547,-157.855676
Keelan Good,,"Alameda, Calif.",mens-rowing,2022,37.6090291,-121.899142
Khalil Benjamin,,"Princeton, N.J.",mens-rowing,2022,40.3496953,-74.6597376
Lachlan Toovey,,"Terramungamine, New South Whales, Australia",mens-rowing,2022,-32.1485,148.5679
Liam Foldi,,"Melbourne, Australia",mens-rowing,2022,-37.8142454,144.9631732
Luke Krongard,,"San Diego, Calif.",mens-rowing,2022,32.7157062,-117.1638284
Maile Organek,,"Alexandria, Va.",mens-rowing,2022,38.8051095,-77.0470229
Marco Misasi,,"Sao Paulo, Brazil",mens-rowing,2022,-23.5506507,-46.6333824
Marcus Chute,,"Berkshire, United Kingdom",mens-rowing,2022,51.4534889,-1.031873
Matt Willer,,"Palo Alto, Calif.",mens-rowing,2022,37.4443293,-122.1598465
Matthew Wagner,,"Fairfax, Calif.",mens-rowing,2022,37.9872935,-122.587967
Nathan Phelps,,"Ridgefield, Conn.",mens-rowing,2022,41.2814842,-73.4981792
Nic McAdam,,"Zip Cape Town, Western Cape, South Africa",mens-rowing,2022,-33.9187934,18.4310357
Nic Rath,,"Putney, New South, Australia",mens-rowing,2022,-33.826067,151.1064224
Nick Taylor,,"Chicago, Ill.",mens-rowing,2022,41.8755616,-87.6244212
Owen Rulyak,,"Seattle, Wash.",mens-rowing,2022,47.6038321,-122.330062
Patrick Long,,"Brisbane, Aust.",mens-rowing,2022,-27.4510029,153.103242
Patrick O'Connell,,"Marlton, N.J.",mens-rowing,2022,39.9005585,-74.9338911
Patrick Shaw,,"Melbourne, Australia",mens-rowing,2022,-37.8142454,144.9631732
Pavle Acimovic,,"Belgrade, Serbia",mens-rowing,2022,44.8153318,20.4456588
Raphael Vogeley,,"Holland, Pa.",mens-rowing,2022,40.1728871,-74.9926688
Robert Powell,,"Aberdeen, Scotland",mens-rowing,2022,57.1482429,-2.0928095
Ryan Beeler,,"Melrose, Mass.",mens-rowing,2022,42.4564323,-71.064182
Sam Kleiner,,"Westport, Conn.",mens-rowing,2022,41.1414855,-73.3578955
Seth O'Connor,,"Main Road, Lacey Green, England",mens-rowing,2022,51.694304,-0.8099168
Stephane Pienaar,,"Cape Town, South Africa",mens-rowing,2022,-33.9288301,18.4172197
Theo Bell,,"Salisbury, England",mens-rowing,2022,51.0690613,-1.7954134
Trygve Bye Loken,,"Baerum, Norway",mens-rowing,2022,59.9289639,10.4997108
Wesley Hirschman,,"Nashville, Tenn.",mens-rowing,2022,36.1622767,-86.7742984
Zach Vachal,,"San Francisco, Calif.",mens-rowing,2022,37.7879363,-122.4075201
Aidan Witeck,,"Arlington, Va.",mens-rowing,2023,38.8769326,-77.0893094
Alex Kawaja,,Portola Valley Calif.,mens-rowing,2023,37.3736298,-122.219047
Andrew Wilkinson,,"Chicago, Ill.",mens-rowing,2023,41.8755616,-87.6244212
Caleb Rosenfeld,,"New York, N.Y.",mens-rowing,2023,40.7127281,-74.0060152
Carson Repins,,"Morrison, Colo.",mens-rowing,2023,39.6535988,-105.191099
Connor Bohlmann,,"Vancouver, Canada",mens-rowing,2023,49.2608724,-123.113952
Connor Neill,,"Huntingdon Valley, Pa.",mens-rowing,2023,40.1226101,-75.0635049
David Albrechtskirchinger,,"Newton, Mass.",mens-rowing,2023,42.3300435,-71.194862
Ed Nutt,,"Cremorne Point, Australia",mens-rowing,2023,-33.8409547,151.2279762
Emmett Infante,,"Mountain Lakes, N.J.",mens-rowing,2023,40.8948212,-74.4329314
George Lathrop,,"Old Greenwich, Conn.",mens-rowing,2023,41.0274237,-73.5646262
Hanno Brach,,"Oberhof, Thuringia, Germany",mens-rowing,2023,50.7067756,10.7257435
Jake Simon,,"Hailey, Idaho",mens-rowing,2023,43.519629,-114.315325
James Burry,,"Worthing, England",mens-rowing,2023,50.8115402,-0.3699697
Joe McCauley,,"Fisherman Bay, South Wales, Australia",mens-rowing,2023,-28.6364417,153.6283779
John Dreiband,,"Potomac, Md.",mens-rowing,2023,39.0180508,-77.1956331
Joseph Cutaia,,"Bronxville, N.Y.",mens-rowing,2023,40.9381544,-73.8320784
Josh Cigoianu,,"Pittsburgh, Pa.",mens-rowing,2023,40.4406968,-80.0025666
Josh Yin,,"St. Louis, Mo.",mens-rowing,2023,38.6254063,-90.190009
Kate Ellis,,"Honolulu, Hawaii",mens-rowing,2023,21.304547,-157.855676
Keelan Good,,"Alameda, Calif.",mens-rowing,2023,37.6090291,-121.899142
Khalil Benjamin,,"Princeton, N.J.",mens-rowing,2023,40.3496953,-74.6597376
Kian Aminian,,"Newport Beach, Calif.",mens-rowing,2023,33.6170092,-117.9294401
Lachlan Toovey,,"Terramungamine, New South Whales, Australia",mens-rowing,2023,-32.1485,148.5679
Liam Foldi,,"Melbourne, Australia",mens-rowing,2023,-37.8142454,144.9631732
Luke Krongard,,"San Diego, Calif.",mens-rowing,2023,32.7157062,-117.1638284
Maile Organek,,"Alexandria, Va.",mens-rowing,2023,38.8051095,-77.0470229
Marco Misasi,,"Sao Paulo, Brazil",mens-rowing,2023,-23.5506507,-46.6333824
Marcus Chute,,"Berkshire, United Kingdom",mens-rowing,2023,51.4534889,-1.031873
Matt Willer,,"Palo Alto, Calif.",mens-rowing,2023,37.4443293,-122.1598465
Matthew Wagner,,"Fairfax, Calif.",mens-rowing,2023,37.9872935,-122.587967
Nic McAdam,,"Zip Cape Town, Western Cape, South Africa",mens-rowing,2023,-33.9187934,18.4310357
Nic Rath,,"Putney, New South, Australia",mens-rowing,2023,-33.826067,151.1064224
Nick Taylor,,"Chicago, Ill.",mens-rowing,2023,41.8755616,-87.6244212
Noah Silverstein,,"Glencoe, Ill.",mens-rowing,2023,42.1350268,-87.7581188
Oscar Patton,,"Lincoln, Mass.",mens-rowing,2023,42.4259283,-71.3039469
Owen Rulyak,,"Seattle, Wash.",mens-rowing,2023,47.6038321,-122.330062
Patrick Long,,"Brisbane, Aust.",mens-rowing,2023,-27.4510029,153.103242
Patrick O'Connell,,"Marlton, N.J.",mens-rowing,2023,39.9005585,-74.9338911
Patrick Shaw,,"Melbourne, Australia",mens-rowing,2023,-37.8142454,144.9631732
Raphael Vogeley,,"Holland, Pa.",mens-rowing,2023,40.1728871,-74.9926688
Sam Kleiner,,"Westport, Conn.",mens-rowing,2023,41.1414855,-73.3578955
Seth O'Connor,,"Main Road, Lacey Green, England",mens-rowing,2023,51.694304,-0.8099168
Sid Shah,,"West Harrison, N.Y.",mens-rowing,2023,41.0389178,-73.747579
Theo Bell,,"Salisbury, England",mens-rowing,2023,51.0690613,-1.7954134
Trygve Bye Loken,,"Baerum, Norway",mens-rowing,2023,59.9289639,10.4997108
Wesley Hirschman,,"Nashville, Tenn.",mens-rowing,2023,36.1622767,-86.7742984
Zach Vachal,,"San Francisco, Calif.",mens-rowing,2023,37.7879363,-122.4075201
Alex Kawaja,,Portola Valley Calif.,mens-rowing,2024,37.3736298,-122.219047
Alex Perkins,,"Windsor, England",mens-rowing,2024,51.4837886,-0.6040419
Andrew Nolan,,"Annapolis, Md.",mens-rowing,2024,38.9786401,-76.492786
Andrew Wilkinson,,"Chicago, Ill.",mens-rowing,2024,41.8755616,-87.6244212
Arun Iyer,,"Wayne, Pa.",mens-rowing,2024,41.6264414,-75.3045103
Ben Jungels,,"Chatanooga, Tenn.",mens-rowing,2024,35.0457219,-85.3094883
Caleb Rosenfeld,,"New York, N.Y.",mens-rowing,2024,40.7127281,-74.0060152
Carson Repins,,"Morrison, Colo.",mens-rowing,2024,39.6535988,-105.191099
Cole Thomas,,"Rye, N.Y.",mens-rowing,2024,40.9821371,-73.6840902
Connor Bohlmann,,"Vancouver, Canada",mens-rowing,2024,49.2608724,-123.113952
Connor Neill,,"Huntingdon Valley, Pa.",mens-rowing,2024,40.1226101,-75.0635049
Cy Rosenberg,,"Glen Ridge, N.J.",mens-rowing,2024,40.805378,-74.2037566
Dan Cashman,,"Brisbane, Australia",mens-rowing,2024,-27.4689623,153.0235009
David Albrechtskirchinger,,"Newton, Mass.",mens-rowing,2024,42.3300435,-71.194862
Ed Nutt,,"Cremorne Point, Australia",mens-rowing,2024,-33.8409547,151.2279762
Emmett Infante,,"Mountain Lakes, N.J.",mens-rowing,2024,40.8948212,-74.4329314
George Lathrop,,"Old Greenwich, Conn.",mens-rowing,2024,41.0274237,-73.5646262
Jake Simon,,"Hailey, Idaho",mens-rowing,2024,43.519629,-114.315325
James Burry,,"Worthing, England",mens-rowing,2024,50.8115402,-0.3699697
Joe McCauley,,"Fisherman Bay, South Wales, Australia",mens-rowing,2024,-28.6364417,153.6283779
John Dreiband,,"Potomac, Md.",mens-rowing,2024,39.0180508,-77.1956331
Joseph Cutaia,,"Bronxville, N.Y.",mens-rowing,2024,40.9381544,-73.8320784
Josh Cigoianu,,"Pittsburgh, Pa.",mens-rowing,2024,40.4406968,-80.0025666
Josh Yin,,"St. Louis, Mo.",mens-rowing,2024,38.6254063,-90.190009
Kate Ellis,,"Honolulu, Hawaii",mens-rowing,2024,21.304547,-157.855676
Kian Aminian,,"Newport Beach, Calif.",mens-rowing,2024,33.6170092,-117.9294401
Liam Foldi,,"Melbourne, Australia",mens-rowing,2024,-37.8142454,144.9631732
Lucas Liow,,"New York, N.Y.",mens-rowing,2024,40.7127281,-74.0060152
Luke Grippo,,"Vineland, N.J.",mens-rowing,2024,39.4862777,-75.0254256
Luke Krongard,,"San Diego, Calif.",mens-rowing,2024,32.7157062,-117.1638284
Maile Organek,,"Alexandria, Va.",mens-rowing,2024,38.8051095,-77.0470229
Marcus Chute,,"Berkshire, United Kingdom",mens-rowing,2024,51.4534889,-1.031873
Matt Cashman,,"Brisbane, Australia",mens-rowing,2024,-27.4689623,153.0235009
Matthew Wagner,,"Fairfax, Calif.",mens-rowing,2024,37.9872935,-122.587967
Nate Fineman,,"Orinda, Calif.",mens-rowing,2024,37.8771476,-122.1796888
Nic McAdam,,"Zip Cape Town, Western Cape, South Africa",mens-rowing,2024,-33.9187934,18.4310357
Nic Rath,,"Putney, New South, Australia",mens-rowing,2024,-33.826067,151.1064224
Noah Silverstein,,"Glencoe, Ill.",mens-rowing,2024,42.1350268,-87.7581188
Oscar Patton,,"Lincoln, Mass.",mens-rowing,2024,42.4259283,-71.3039469
Owen Rulyak,,"Seattle, Wash.",mens-rowing,2024,47.6038321,-122.330062
Patrick Long,,"Brisbane, Aust.",mens-rowing,2024,-27.4510029,153.103242
Patrick O'Connell,,"Marlton, N.J.",mens-rowing,2024,39.9005585,-74.9338911
Patrick Shaw,,"Melbourne, Australia",mens-rowing,2024,-37.8142454,144.9631732
Raphael Vogeley,,"Holland, Pa.",mens-rowing,2024,40.1728871,-74.9926688
Sam Kleiner,,"Westport, Conn.",mens-rowing,2024,41.1414855,-73.3578955
Sid Shah,,"West Harrison, N.Y.",mens-rowing,2024,41.0389178,-73.747579
Theo Bell,,"Salisbury, England",mens-rowing,2024,51.0690613,-1.7954134
Tom Pirenc,,"Melbourne, Australia",mens-rowing,2024,-37.8142454,144.9631732
Tristan Wenger,,"London, England",mens-rowing,2024,51.5074456,-0.1277653
Trygve Bye Loken,,"Baerum, Norway",mens-rowing,2024,59.9289639,10.4997108
Zach Vachal,,"San Francisco, Calif.",mens-rowing,2024,37.7879363,-122.4075201
Aemon Morlan,,"Alameda, Calif.",mens-rowing,2025,37.6090291,-121.899142
Alan Mitchell,,"Seillans, France",mens-rowing,2025,43.6364106,6.6445779
Alex Kawaja,,Portola Valley Calif.,mens-rowing,2025,37.3736298,-122.219047
Alex Perkins,,"Windsor, England",mens-rowing,2025,51.4837886,-0.6040419
Andrew Kasky,,"Springfield, Va.",mens-rowing,2025,38.7749935,-77.1803819
Andrew Nolan,,"Annapolis, Md.",mens-rowing,2025,38.9786401,-76.492786
Andrew Wilkinson,,"Chicago, Ill.",mens-rowing,2025,41.8755616,-87.6244212
Anton Butler,,"Washington, D.C.",mens-rowing,2025,38.8950982,-77.0363849
Ben Jungels,,"Chatanooga, Tenn.",mens-rowing,2025,35.0457219,-85.3094883
Caleb Rosenfeld,,"New York, N.Y.",mens-rowing,2025,40.7127281,-74.0060152
Callum Vujanovic,,"Sydney, Australia",mens-rowing,2025,-33.8698439,151.2082848
Carson Repins,,"Morrison, Colo.",mens-rowing,2025,39.6535988,-105.191099
Chloe Li,,"Flushing, N.Y.",mens-rowing,2025,40.7654301,-73.8174291
Cole Thomas,,"Rye, N.Y.",mens-rowing,2025,40.9821371,-73.6840902
Connor Bohlmann,,"Vancouver, Canada",mens-rowing,2025,49.2608724,-123.113952
Cy Rosenberg,,"Glen Ridge, N.J.",mens-rowing,2025,40.805378,-74.2037566
Dan Cashman,,"Brisbane, Australia",mens-rowing,2025,-27.4689623,153.0235009
David Albrechtskirchinger,,"Newton, Mass.",mens-rowing,2025,42.3300435,-71.194862
Ed Nutt,,"Cremorne Point, Australia",mens-rowing,2025,-33.8409547,151.2279762
George Lathrop,,"Old Greenwich, Conn.",mens-rowing,2025,41.0274237,-73.5646262
Grace Slattery,,"Bayport, N.Y.",mens-rowing,2025,40.74885,-73.052214
Jake Simon,,"Hailey, Idaho",mens-rowing,2025,43.519629,-114.315325
James Burry,,"Worthing, England",mens-rowing,2025,50.8115402,-0.3699697
Jasper Furnas,,"Philadelphia, Pa.",mens-rowing,2025,39.9527237,-75.1635262
Jed Gallie,,"Surfers Paradise, Australia",mens-rowing,2025,-27.9989899,153.42398
Joe McCauley,,"Fisherman Bay, South Wales, Australia",mens-rowing,2025,-28.6364417,153.6283779
Joseph Cutaia,,"Bronxville, N.Y.",mens-rowing,2025,40.9381544,-73.8320784
Joseph Wellington,,"Windsor, England",mens-rowing,2025,51.4837886,-0.6040419
Josh Cigoianu,,"Pittsburgh, Pa.",mens-rowing,2025,40.4406968,-80.0025666
Josh Yin,,"St. Louis, Mo.",mens-rowing,2025,38.6254063,-90.190009
Kate Ellis,,"Honolulu, Hawaii",mens-rowing,2025,21.304547,-157.855676
Kian Aminian,,"Newport Beach, Calif.",mens-rowing,2025,33.6170092,-117.9294401
Liam Foldi,,"Melbourne, Australia",mens-rowing,2025,-37.8142454,144.9631732
Lon Walton,,"Jacksonville, Fla.",mens-rowing,2025,30.3262247,-81.6579179
Lucas Liow,,"New York, N.Y.",mens-rowing,2025,40.7127281,-74.0060152
Luke Grippo,,"Vineland, N.J.",mens-rowing,2025,39.4862777,-75.0254256
Luke Gutman,,"London, England",mens-rowing,2025,51.5074456,-0.1277653
Luke Krongard,,"San Diego, Calif.",mens-rowing,2025,32.7157062,-117.1638284
Maile Organek,,"Alexandria, Va.",mens-rowing,2025,38.8051095,-77.0470229
Marcus Chute,,"Berkshire, United Kingdom",mens-rowing,2025,51.4534889,-1.031873
Matt Cashman,,"Brisbane, Australia",mens-rowing,2025,-27.4689623,153.0235009
Nate Fineman,,"Orinda, Calif.",mens-rowing,2025,37.8771476,-122.1796888
Noah Silverstein,,"Glencoe, Ill.",mens-rowing,2025,42.1350268,-87.7581188
Oliver Richardson,,"Meilen, Switzerland",mens-rowing,2025,47.270428,8.6412249
Ori Radwin,,"Albany, Calif.",mens-rowing,2025,37.8871621,-122.298351
Oscar Patton,,"Lincoln, Mass.",mens-rowing,2025,42.4259283,-71.3039469
Owen Rulyak,,"Seattle, Wash.",mens-rowing,2025,47.6038321,-122.330062
Patrick Shaw,,"Melbourne, Australia",mens-rowing,2025,-37.8142454,144.9631732
Peter Litwin,,"Piedmont, Calif.",mens-rowing,2025,37.8243715,-122.231635
Sid Shah,,"West Harrison, N.Y.",mens-rowing,2025,41.0389178,-73.747579
Taeden Landa,,"San Anselmo, Calif.",mens-rowing,2025,37.9744323,-122.561503
Theo Bell,,"Salisbury, England",mens-rowing,2025,51.0690613,-1.7954134
Tom Pirenc,,"Melbourne, Australia",mens-rowing,2025,-37.8142454,144.9631732
Tristan Wenger,,"London, England",mens-rowing,2025,51.5074456,-0.1277653
Trygve Bye Loken,,"Baerum, Norway",mens-rowing,2025,59.9289639,10.4997108
Benjamin Issroff,D,"New York, N.Y.",mens-soccer,2016,40.7127281,-74.0060152
Benjamin Martin,M,"Irvine, Calif.",mens-soccer,2016,33.6856969,-117.825981
Bobby Hickson,D,"Orchard Lake, Mich.",mens-soccer,2016,42.5869558,-83.368957
Brian Costa,M,"Warren, N.J.",mens-soccer,2016,40.8602222,-74.9720493
Bryan Prudil,M,"Northville, Mich.",mens-soccer,2016,42.4310816,-83.4832339
Bryan Windsor,M,"Boulder, Colo.",mens-soccer,2016,40.0149856,-105.270545
Cole Morokhovich,F/M,"Coquitlam, B.C.",mens-soccer,2016,49.2842958,-122.793281
Daniel Bowkett,M,"Wellington, New Zealand",mens-soccer,2016,-41.2887953,174.7772114
Gaby Joseph,M,"Bellevue, Wash.",mens-soccer,2016,47.6144219,-122.192337
Greg Seifert,D,"Woodland Park, N.J.",mens-soccer,2016,40.8893288,-74.1969657
Harry Heffernan,M,"Bedford Hills, N.Y.",mens-soccer,2016,41.2351255,-73.6863002
Henry Martin,D,"New York, N.Y.",mens-soccer,2016,40.7127281,-74.0060152
Jacob Schachner,GK,"Waxhaw, N.C.",mens-soccer,2016,34.9248125,-80.7440174
James Reiner,D,"Morristown, N.J.",mens-soccer,2016,40.7970382,-74.4809868
Jeremy Colvin,F/M,"Houston, Texas",mens-soccer,2016,29.7589382,-95.3676974
Josh Haberman,GK,"Woodbury, N.Y.",mens-soccer,2016,40.8183265,-73.4706151
Mark Romanowski,D,"Rockville Centre, N.Y.",mens-soccer,2016,40.6574186,-73.6450664
Matthew Mangini,M,"Warren, N.J.",mens-soccer,2016,40.8602222,-74.9720493
Michael Chang,D/M,"Highland Park, Ill.",mens-soccer,2016,42.1836719,-87.7993245
Mohamed Abdelhamid,GK,"Fort Lee, N.J.",mens-soccer,2016,40.8509333,-73.9701382
Moyin Opeyemi,F,"Nazareth, Pa.",mens-soccer,2016,40.7423309,-75.3112095
Nicholas Badalamenti,F,"Harrison Township, Mich.",mens-soccer,2016,42.5886235,-82.8217131
Patrick Barba,D,"San Diego, Calif.",mens-soccer,2016,32.7157062,-117.1638284
Sean McGowan,F/M,"East Northport, N.Y.",mens-soccer,2016,40.880938,-73.319453
Sean McSherry,D/M,"Freehold, N.J.",mens-soccer,2016,40.2601096,-74.2737573
Steffen Seitz,GK,"Houston, Texas",mens-soccer,2016,29.7589382,-95.3676974
Vikram Pothuri,M,"North Potomac, Md.",mens-soccer,2016,39.0985183,-77.2377429
Will Lentz,F,"Carmel, Ind.",mens-soccer,2016,39.9784186,-86.1283681
Benjamin Issroff,D,"New York, N.Y.",mens-soccer,2017,40.7127281,-74.0060152
Benjamin Martin,M,"Irvine, Calif.",mens-soccer,2017,33.6856969,-117.825981
Bobby Hickson,D,"Orchard Lake, Mich.",mens-soccer,2017,42.5869558,-83.368957
Bryan Prudil,M,"Northville, Mich.",mens-soccer,2017,42.4310816,-83.4832339
Cole Morokhovich,F/M,"Coquitlam, B.C.",mens-soccer,2017,49.2842958,-122.793281
Daniel Bowkett,M,"Wellington, New Zealand",mens-soccer,2017,-41.2887953,174.7772114
Danny Hampton,F/M,"Marlton, N.J.",mens-soccer,2017,39.9005585,-74.9338911
Frankie DeRosa,M,"West Chester, Pa.",mens-soccer,2017,39.9597389,-75.6044609
Gaby Joseph,M,"Bellevue, Wash.",mens-soccer,2017,47.6144219,-122.192337
Gaby Paniagua,F/M,"Miami, Fla.",mens-soccer,2017,25.7741566,-80.1935973
Harry Heffernan,M,"Bedford Hills, N.Y.",mens-soccer,2017,41.2351255,-73.6863002
Henry Martin,D,"New York, N.Y.",mens-soccer,2017,40.7127281,-74.0060152
Jack Roberts,GK,"Wellesley, Mass.",mens-soccer,2017,42.2964859,-71.2925571
Jacob Schachner,GK,"Waxhaw, N.C.",mens-soccer,2017,34.9248125,-80.7440174
James Reiner,D,"Morristown, N.J.",mens-soccer,2017,40.7970382,-74.4809868
Jeremy Colvin,F/M,"Houston, Texas",mens-soccer,2017,29.7589382,-95.3676974
Jonah Lytle,F,"London, England",mens-soccer,2017,51.5074456,-0.1277653
Kevin O'Toole,D/M,"Montclair, N.J.",mens-soccer,2017,40.8164458,-74.2210643
Matthew Mangini,M,"Warren, N.J.",mens-soccer,2017,40.8602222,-74.9720493
Michael Chang,D/M,"Highland Park, Ill.",mens-soccer,2017,42.1836719,-87.7993245
Michael Osei Wusu,D/M,"Bowie, Md.",mens-soccer,2017,39.0080601,-76.7797899
Mohamed Abdelhamid,GK,"Fort Lee, N.J.",mens-soccer,2017,40.8509333,-73.9701382
Moyin Opeyemi,F,"Nazareth, Pa.",mens-soccer,2017,40.7423309,-75.3112095
Nicholas Badalamenti,F,"Harrison Township, Mich.",mens-soccer,2017,42.5886235,-82.8217131
Richard Wolf,D,"Annandale, N.J.",mens-soccer,2017,40.6475975,-74.8862631
Sam Morton,GK,"Suwanee, Ga.",mens-soccer,2017,34.0514898,-84.0712997
Sean McGowan,F/M,"East Northport, N.Y.",mens-soccer,2017,40.880938,-73.319453
Sean McSherry,D/M,"Freehold, N.J.",mens-soccer,2017,40.2601096,-74.2737573
Will Lentz,F,"Carmel, Ind.",mens-soccer,2017,39.9784186,-86.1283681
Alex Charles,D,"Durham, N.C.",mens-soccer,2018,35.996653,-78.9018053
Ben Bograd,D,"Short Hills, N.J.",mens-soccer,2018,40.7381585,-74.3377392
Benjamin Issroff,D,"New York, N.Y.",mens-soccer,2018,40.7127281,-74.0060152
Benjamin Martin,M,"Irvine, Calif.",mens-soccer,2018,33.6856969,-117.825981
Bobby Hickson,D,"Orchard Lake, Mich.",mens-soccer,2018,42.5869558,-83.368957
Bryan Prudil,M,"Northville, Mich.",mens-soccer,2018,42.4310816,-83.4832339
Cole Morokhovich,F/M,"Coquitlam, B.C.",mens-soccer,2018,49.2842958,-122.793281
Danny Hampton,F/M,"Marlton, N.J.",mens-soccer,2018,39.9005585,-74.9338911
Frankie DeRosa,M,"West Chester, Pa.",mens-soccer,2018,39.9597389,-75.6044609
Gaby Paniagua,F/M,"Miami, Fla.",mens-soccer,2018,25.7741566,-80.1935973
Henry Martin,D,"New York, N.Y.",mens-soccer,2018,40.7127281,-74.0060152
Jack Roberts,GK,"Wellesley, Mass.",mens-soccer,2018,42.2964859,-71.2925571
Jacob Schachner,GK,"Waxhaw, N.C.",mens-soccer,2018,34.9248125,-80.7440174
Jeremy Colvin,F/M,"Houston, Texas",mens-soccer,2018,29.7589382,-95.3676974
Jonah Lytle,F,"London, England",mens-soccer,2018,51.5074456,-0.1277653
Kazu Shigenobu,M,"Ridgewood, N.J.",mens-soccer,2018,40.9796683,-74.1194403
Kevin O'Toole,D/M,"Montclair, N.J.",mens-soccer,2018,40.8164458,-74.2210643
Mateo Godoy,M,"Los Angeles, Calif.",mens-soccer,2018,34.0536909,-118.242766
Michael Osei Wusu,D/M,"Bowie, Md.",mens-soccer,2018,39.0080601,-76.7797899
Mohamed Abdelhamid,GK,"Fort Lee, N.J.",mens-soccer,2018,40.8509333,-73.9701382
Moulay Hamza Kanzi Belghiti,M,"Montreal, Que.",mens-soccer,2018,45.5031824,-73.5698065
Moyin Opeyemi,F,"Nazareth, Pa.",mens-soccer,2018,40.7423309,-75.3112095
Richard Wolf,D,"Annandale, N.J.",mens-soccer,2018,40.6475975,-74.8862631
Rowan Pierson,M,"Boise, Idaho",mens-soccer,2018,43.6166163,-116.200886
Ryan Clare,M,"Wellesley, Mass.",mens-soccer,2018,42.2964859,-71.2925571
Sean McGowan,F/M,"East Northport, N.Y.",mens-soccer,2018,40.880938,-73.319453
Sean McSherry,D/M,"Freehold, N.J.",mens-soccer,2018,40.2601096,-74.2737573
Truman Gelnovatch,F,"Miami, Fla.",mens-soccer,2018,25.7741566,-80.1935973
Will Lentz,F,"Carmel, Ind.",mens-soccer,2018,39.9784186,-86.1283681
Alex Charles,D,"Durham, N.C.",mens-soccer,2019,35.996653,-78.9018053
Ben Bograd,D,"Short Hills, N.J.",mens-soccer,2019,40.7381585,-74.3377392
Benjamin Issroff,D,"New York, N.Y.",mens-soccer,2019,40.7127281,-74.0060152
Benjamin Martin,M,"Irvine, Calif.",mens-soccer,2019,33.6856969,-117.825981
Bobby Hickson,D,"Orchard Lake, Mich.",mens-soccer,2019,42.5869558,-83.368957
Cole Morokhovich,D,"Coquitlam, B.C.",mens-soccer,2019,49.2842958,-122.793281
Daniel Diaz Bonilla,F,"Vienna, Va.",mens-soccer,2019,38.9013729,-77.2651762
Danny Hampton,F/M,"Marlton, N.J.",mens-soccer,2019,39.9005585,-74.9338911
Frankie DeRosa,M,"West Chester, Pa.",mens-soccer,2019,39.9597389,-75.6044609
Gaby Paniagua,F/M,"Miami, Fla.",mens-soccer,2019,25.7741566,-80.1935973
Jack Roberts,GK,"Wellesley, Mass.",mens-soccer,2019,42.2964859,-71.2925571
Jacob Schachner,GK,"Waxhaw, N.C.",mens-soccer,2019,34.9248125,-80.7440174
Jonah Lytle,F,"London, England",mens-soccer,2019,51.5074456,-0.1277653
Kazu Shigenobu,M,"Ridgewood, N.J.",mens-soccer,2019,40.9796683,-74.1194403
Kevin O'Toole,M/F,"Montclair, N.J.",mens-soccer,2019,40.8164458,-74.2210643
Lucas Gen,D,"Sacramento, Calif.",mens-soccer,2019,38.5810606,-121.493895
Mateo Godoy,M,"Los Angeles, Calif.",mens-soccer,2019,34.0536909,-118.242766
Michael Osei Wusu,D/M,"Bowie, Md.",mens-soccer,2019,39.0080601,-76.7797899
Mohamed Abdelhamid,GK,"Fort Lee, N.J.",mens-soccer,2019,40.8509333,-73.9701382
Moulay Hamza Kanzi Belghiti,M,"Montreal, Que.",mens-soccer,2019,45.5031824,-73.5698065
Richard Wolf,D,"Annandale, N.J.",mens-soccer,2019,40.6475975,-74.8862631
Rowan Pierson,D,"Boise, Idaho",mens-soccer,2019,43.6166163,-116.200886
Ryan Clare,D/M,"Wellesley, Mass.",mens-soccer,2019,42.2964859,-71.2925571
Ryan Winkler,F,"Monroe, Conn.",mens-soccer,2019,41.3325962,-73.2073358
Sam Morton,GK,"Suwanee, Ga.",mens-soccer,2019,34.0514898,-84.0712997
Sean McGowan,F/M,"East Northport, N.Y.",mens-soccer,2019,40.880938,-73.319453
Spencer Fleurant,F,"Alta Loma, Calif.",mens-soccer,2019,34.1354957,-117.5978147
Thomas Huleatt,F,"Rifton, N.Y.",mens-soccer,2019,41.833944,-74.0393128
Tristano Fasulo,M,"Blainville, Que.",mens-soccer,2019,45.67932,-73.87619
Truman Gelnovatch,F,"Miami, Fla.",mens-soccer,2019,25.7741566,-80.1935973
Walker Gillespie,F,"Charlotte, N.C.",mens-soccer,2019,35.2272086,-80.8430827
Alex Charles,D,"Durham, N.C.",mens-soccer,2020,35.996653,-78.9018053
Daniel Diaz Bonilla,F,"Vienna, Va.",mens-soccer,2020,38.9013729,-77.2651762
Francis Akomeah,D,"Aurora, Colo.",mens-soccer,2020,39.7401441,-104.8733376
Gaby Paniagua,F/M,"Miami, Fla.",mens-soccer,2020,25.7741566,-80.1935973
Jonah Lytle,F,"London, England",mens-soccer,2020,51.5074456,-0.1277653
Kazu Shigenobu,M,"Ridgewood, N.J.",mens-soccer,2020,40.9796683,-74.1194403
Logan Oyama,M/F,"Puyallup, Wash.",mens-soccer,2020,47.1849009,-122.29214
Lucas Gen,D,"Sacramento, Calif.",mens-soccer,2020,38.5810606,-121.493895
Malik Pinto,M,"Durham, N.C.",mens-soccer,2020,35.996653,-78.9018053
Moulay Hamza Kanzi Belghiti,M,"Montreal, Que.",mens-soccer,2020,45.5031824,-73.5698065
Richard Wolf,D,"Annandale, N.J.",mens-soccer,2020,40.6475975,-74.8862631
Rowan Pierson,D,"Boise, Idaho",mens-soccer,2020,43.6166163,-116.200886
Sam Morton,GK,"Suwanee, Ga.",mens-soccer,2020,34.0514898,-84.0712997
Spencer Fleurant,F,"Alta Loma, Calif.",mens-soccer,2020,34.1354957,-117.5978147
Thomas Huleatt,F,"Rifton, N.Y.",mens-soccer,2020,41.833944,-74.0393128
Tristano Fasulo,M,"Blainville, Que.",mens-soccer,2020,45.67932,-73.87619
Truman Gelnovatch,F,"Miami, Fla.",mens-soccer,2020,25.7741566,-80.1935973
Whit Gamblin,D,"Burlington, N.C.",mens-soccer,2020,36.0956918,-79.4377991
Alex Charles,D,"Durham, N.C.",mens-soccer,2021,35.996653,-78.9018053
Axel Johansson,D,"Stockholm, Sweden",mens-soccer,2021,59.3251172,18.0710935
Ben Bograd,D,"Short Hills, N.J.",mens-soccer,2021,40.7381585,-74.3377392
Daniel Diaz Bonilla,F,"Vienna, Va.",mens-soccer,2021,38.9013729,-77.2651762
Francis Akomeah,D,"Aurora, Colo.",mens-soccer,2021,39.7401441,-104.8733376
Frankie DeRosa,M,"West Chester, Pa.",mens-soccer,2021,39.9597389,-75.6044609
Harry Roberts,F,"Wellesley, Mass.",mens-soccer,2021,42.2964859,-71.2925571
Issa Mudashiru,D,"Bethesda, Md.",mens-soccer,2021,38.9812726,-77.1233587
Jack Roberts,GK,"Wellesley, Mass.",mens-soccer,2021,42.2964859,-71.2925571
James Wangsness,M,"San Jose, Calif.",mens-soccer,2021,37.3361663,-121.890591
Kazu Shigenobu,M,"Ridgewood, N.J.",mens-soccer,2021,40.9796683,-74.1194403
Kevin O'Toole,M/F,"Montclair, N.J.",mens-soccer,2021,40.8164458,-74.2210643
Khamari Hadaway,GK,"Alexandria, Va.",mens-soccer,2021,38.8051095,-77.0470229
Logan Oyama,M/F,"Puyallup, Wash.",mens-soccer,2021,47.1849009,-122.29214
Lucas Gen,D,"Sacramento, Calif.",mens-soccer,2021,38.5810606,-121.493895
Malik Pinto,M,"Durham, N.C.",mens-soccer,2021,35.996653,-78.9018053
Mateo Godoy,M,"Los Angeles, Calif.",mens-soccer,2021,34.0536909,-118.242766
Michael Osei Wusu,D/M,"Bowie, Md.",mens-soccer,2021,39.0080601,-76.7797899
Moulay Hamza Kanzi Belghiti,M,"Montreal, Que.",mens-soccer,2021,45.5031824,-73.5698065
Nico Nee,F,"Carrolton, Texas",mens-soccer,2021,33.039475,-96.8703841
Rowan Pierson,D,"Boise, Idaho",mens-soccer,2021,43.6166163,-116.200886
Ryan Clare,D/M,"Wellesley, Mass.",mens-soccer,2021,42.2964859,-71.2925571
Ryan Winkler,F,"Monroe, Conn.",mens-soccer,2021,41.3325962,-73.2073358
Sam Morton,GK,"Suwanee, Ga.",mens-soccer,2021,34.0514898,-84.0712997
Spencer Fleurant,F,"Alta Loma, Calif.",mens-soccer,2021,34.1354957,-117.5978147
Stephen Duncan,D,"Branchburg, N.J.",mens-soccer,2021,40.5688245,-74.7002714
Thomas Huleatt,F,"Rifton, N.Y.",mens-soccer,2021,41.833944,-74.0393128
Truman Gelnovatch,F,"Miami, Fla.",mens-soccer,2021,25.7741566,-80.1935973
Walker Gillespie,F,"Charlotte, N.C.",mens-soccer,2021,35.2272086,-80.8430827
Whit Gamblin,D,"Burlington, N.C.",mens-soccer,2021,36.0956918,-79.4377991
William Watson,GK,"Asheville, N.C.",mens-soccer,2021,35.595363,-82.5508407
Ben Bograd,D,"Short Hills, N.J.",mens-soccer,2022,40.7381585,-74.3377392
Daniel Diaz Bonilla,F,"Vienna, Va.",mens-soccer,2022,38.9013729,-77.2651762
Daniel Ittycheria,F,"Warren, N.J.",mens-soccer,2022,40.8602222,-74.9720493
Francis Akomeah,D,"Aurora, Colo.",mens-soccer,2022,39.7401441,-104.8733376
Gabriel Duchovny,M,"Brooklyn, N.Y.",mens-soccer,2022,40.6526006,-73.9497211
Giuliano Fravolini Whitchurch,D,"San Diego, Calif.",mens-soccer,2022,32.7157062,-117.1638284
Harry Roberts,F,"Wellesley, Mass.",mens-soccer,2022,42.2964859,-71.2925571
Heyward Bryan,M/F,"Charlotte, N.C.",mens-soccer,2022,35.2272086,-80.8430827
Ian MacIver,D,"Ellicott City, Md.",mens-soccer,2022,39.2757359,-76.8317417
Issa Mudashiru,D,"Bethesda, Md.",mens-soccer,2022,38.9812726,-77.1233587
Jack Hunt,M,"Coronado, Calif.",mens-soccer,2022,32.6915199,-117.1766947
Jack Jasinski,M,"Charlotte, N.C.",mens-soccer,2022,35.2272086,-80.8430827
James Wangsness,M,"San Jose, Calif.",mens-soccer,2022,37.3361663,-121.890591
Khamari Hadaway,GK,"Alexandria, Va.",mens-soccer,2022,38.8051095,-77.0470229
Logan Oyama,M/F,"Puyallup, Wash.",mens-soccer,2022,47.1849009,-122.29214
Lucas Gen,D,"Sacramento, Calif.",mens-soccer,2022,38.5810606,-121.493895
Malik Pinto,M,"Durham, N.C.",mens-soccer,2022,35.996653,-78.9018053
Mateo Godoy,M,"Los Angeles, Calif.",mens-soccer,2022,34.0536909,-118.242766
Nico Nee,F,"Carrolton, Texas",mens-soccer,2022,33.039475,-96.8703841
Ryan Clare,M,"Wellesley, Mass.",mens-soccer,2022,42.2964859,-71.2925571
Ryan Winkler,F,"Monroe, Conn.",mens-soccer,2022,41.3325962,-73.2073358
Sam Vigilante,M,"Charlottesville, Va.",mens-soccer,2022,38.029306,-78.4766781
Sully Atkin,GK,"Arlington, Va.",mens-soccer,2022,38.8769326,-77.0893094
Thomas Huleatt,F,"Rifton, N.Y.",mens-soccer,2022,41.833944,-74.0393128
Walker Gillespie,F,"Charlotte, N.C.",mens-soccer,2022,35.2272086,-80.8430827
Whit Gamblin,D,"Burlington, N.C.",mens-soccer,2022,36.0956918,-79.4377991
Will Francis,F,"San Diego, Calif.",mens-soccer,2022,32.7157062,-117.1638284
Will Travis,M,"Evanston, Ill.",mens-soccer,2022,42.0470043,-87.6846053
William Watson,GK,"Asheville, N.C.",mens-soccer,2022,35.595363,-82.5508407
Andrew Samuels,GK,"Burlingame, Calif.",mens-soccer,2023,37.5780965,-122.3473099
Bardia Hormozi,M/F,"Bethesda, Md.",mens-soccer,2023,38.9812726,-77.1233587
Daniel Ittycheria,F,"Warren, N.J.",mens-soccer,2023,40.8602222,-74.9720493
Francis Akomeah,D,"Aurora, Colo.",mens-soccer,2023,39.7401441,-104.8733376
Gabriel Duchovny,M,"Brooklyn, N.Y.",mens-soccer,2023,40.6526006,-73.9497211
Giuliano Fravolini Whitchurch,D,"San Diego, Calif.",mens-soccer,2023,32.7157062,-117.1638284
Harry Roberts,F/D,"Wellesley, Mass.",mens-soccer,2023,42.2964859,-71.2925571
Heyward Bryan,M/F,"Charlotte, N.C.",mens-soccer,2023,35.2272086,-80.8430827
Ian MacIver,D,"Ellicott City, Md.",mens-soccer,2023,39.2757359,-76.8317417
Ian Nuñez,F,"Miami, Fla.",mens-soccer,2023,25.7741566,-80.1935973
Issa Mudashiru,D,"Bethesda, Md.",mens-soccer,2023,38.9812726,-77.1233587
Jack Hunt,M,"Coronado, Calif.",mens-soccer,2023,32.6915199,-117.1766947
Jack Jasinski,M,"Charlotte, N.C.",mens-soccer,2023,35.2272086,-80.8430827
James Wangsness,M,"San Jose, Calif.",mens-soccer,2023,37.3361663,-121.890591
Kevin Kelley,F,"Dallas, Texas",mens-soccer,2023,32.7762719,-96.7968559
Khamari Hadaway,GK,"Alexandria, Va.",mens-soccer,2023,38.8051095,-77.0470229
Liam Beckwith,M,"San Diego, Calif.",mens-soccer,2023,32.7157062,-117.1638284
Logan Oyama,M/F,"Puyallup, Wash.",mens-soccer,2023,47.1849009,-122.29214
Nico Nee,F,"Carrolton, Texas",mens-soccer,2023,33.039475,-96.8703841
Ryan Winkler,F,"Monroe, Conn.",mens-soccer,2023,41.3325962,-73.2073358
Sam Vigilante,M,"Charlottesville, Va.",mens-soccer,2023,38.029306,-78.4766781
Sebastian Swary,D,"Columbus, Ohio",mens-soccer,2023,39.9622601,-83.0007065
Spencer Fleurant,F,"Alta Loma, Calif.",mens-soccer,2023,34.1354957,-117.5978147
Stephen Duncan,D,"Branchburg, N.J.",mens-soccer,2023,40.5688245,-74.7002714
Sully Atkin,GK,"Arlington, Va.",mens-soccer,2023,38.8769326,-77.0893094
Walker Gillespie,F,"Charlotte, N.C.",mens-soccer,2023,35.2272086,-80.8430827
Whit Gamblin,D,"Burlington, N.C.",mens-soccer,2023,36.0956918,-79.4377991
Will Francis,F,"San Diego, Calif.",mens-soccer,2023,32.7157062,-117.1638284
Will Travis,M,"Evanston, Ill.",mens-soccer,2023,42.0470043,-87.6846053
William Watson,GK,"Asheville, N.C.",mens-soccer,2023,35.595363,-82.5508407
Andrew Samuels,GK,"Burlingame, Calif.",mens-soccer,2024,37.5780965,-122.3473099
Bardia Hormozi,M/F,"Bethesda, Md.",mens-soccer,2024,38.9812726,-77.1233587
Cyrus Klinenberg,M/F,"New York City, N.Y.",mens-soccer,2024,40.7127281,-74.0060152
Daniel Ittycheria,F,"Warren, N.J.",mens-soccer,2024,40.8602222,-74.9720493
Dash Papez,M/D,"McLean, Va.",mens-soccer,2024,38.9366852,-77.185843
Gabriel Duchovny,M,"Brooklyn, N.Y.",mens-soccer,2024,40.6526006,-73.9497211
Garry Zhang,M,"Fairfax, Va.",mens-soccer,2024,38.8462236,-77.3063733
Giuliano Fravolini Whitchurch,D,"San Diego, Calif.",mens-soccer,2024,32.7157062,-117.1638284
Harry Roberts,F/D(C),"Wellesley, Mass.",mens-soccer,2024,42.2964859,-71.2925571
Heyward Bryan,M/F,"Charlotte, N.C.",mens-soccer,2024,35.2272086,-80.8430827
Ian MacIver,D,"Ellicott City, Md.",mens-soccer,2024,39.2757359,-76.8317417
Ian Nuñez,F,"Miami, Fla.",mens-soccer,2024,25.7741566,-80.1935973
Issa Mudashiru,D(C),"Bethesda, Md.",mens-soccer,2024,38.9812726,-77.1233587
Jack Hunt,M,"Coronado, Calif.",mens-soccer,2024,32.6915199,-117.1766947
Jack Jasinski,M/D,"Charlotte, N.C.",mens-soccer,2024,35.2272086,-80.8430827
James Wangsness,M,"San Jose, Calif.",mens-soccer,2024,37.3361663,-121.890591
Kevin Kelley,F,"Dallas, Texas",mens-soccer,2024,32.7762719,-96.7968559
Khamari Hadaway,GK(C),"Alexandria, Va.",mens-soccer,2024,38.8051095,-77.0470229
Kristian Kelley,M,"Dallas, Texas",mens-soccer,2024,32.7762719,-96.7968559
Liam Beckwith,M,"San Diego, Calif.",mens-soccer,2024,32.7157062,-117.1638284
Nathan Salerno,GK,"Chesterland, Ohio",mens-soccer,2024,41.522183,-81.337919
Nico Nee,F,"Carrolton, Texas",mens-soccer,2024,33.039475,-96.8703841
Roka Tsunehara,D,"Burlingame, Calif.",mens-soccer,2024,37.5780965,-122.3473099
Sam Vigilante,M,"Charlottesville, Va.",mens-soccer,2024,38.029306,-78.4766781
Sebastian Swary,D,"Columbus, Ohio",mens-soccer,2024,39.9622601,-83.0007065
Stephen Duncan,D,"Branchburg, N.J.",mens-soccer,2024,40.5688245,-74.7002714
Sully Atkin,GK,"Arlington, Va.",mens-soccer,2024,38.8769326,-77.0893094
Will Francis,F,"San Diego, Calif.",mens-soccer,2024,32.7157062,-117.1638284
Will Travis,M,"Evanston, Ill.",mens-soccer,2024,42.0470043,-87.6846053
William Watson,GK,"Asheville, N.C.",mens-soccer,2024,35.595363,-82.5508407
Andrew Samuels,GK,"Burlingame, Calif.",mens-soccer,2025,37.5780965,-122.3473099
Bardia Hormozi,M/F,"Bethesda, Md.",mens-soccer,2025,38.9812726,-77.1233587
Benjamin Manfroy,M,"Cincinnati, Ohio",mens-soccer,2025,39.1012809,-84.5127405
Cyrus Klinenberg,M/F,"New York City, N.Y.",mens-soccer,2025,40.7127281,-74.0060152
Daniel Ittycheria,F,"Warren, N.J.",mens-soccer,2025,40.8602222,-74.9720493
Dash Papez,M/D,"McLean, Va.",mens-soccer,2025,38.9366852,-77.185843
Edric Zhang,M,"Blacksburg, Va.",mens-soccer,2025,37.2296566,-80.4136767
Frederik Sadjak,D,"Stuttgart, Germany",mens-soccer,2025,48.7784485,9.1800132
Gabriel Duchovny,M,"Brooklyn, N.Y.",mens-soccer,2025,40.6526006,-73.9497211
Garry Zhang,M,"Fairfax, Va.",mens-soccer,2025,38.8462236,-77.3063733
Giacomo Gabrielli,M/F,"Santa Barbara, Calif.",mens-soccer,2025,34.4221319,-119.702667
Giuliano Fravolini Whitchurch,D(C),"San Diego, Calif.",mens-soccer,2025,32.7157062,-117.1638284
Ian MacIver,D,"Ellicott City, Md.",mens-soccer,2025,39.2757359,-76.8317417
Ian Nuñez,F,"Miami, Fla.",mens-soccer,2025,25.7741566,-80.1935973
Jack Hunt,M(C),"Coronado, Calif.",mens-soccer,2025,32.6915199,-117.1766947
Jack Jasinski,D,"Charlotte, N.C.",mens-soccer,2025,35.2272086,-80.8430827
Jackson Martin,F,"Sacramento, Calif.",mens-soccer,2025,38.5810606,-121.493895
Kevin Kelley,F,"Dallas, Texas",mens-soccer,2025,32.7762719,-96.7968559
Kristian Kelley,M,"Dallas, Texas",mens-soccer,2025,32.7762719,-96.7968559
Liam Beckwith,M,"San Diego, Calif.",mens-soccer,2025,32.7157062,-117.1638284
Nathan Salerno,GK,"Chesterland, Ohio",mens-soccer,2025,41.522183,-81.337919
Roka Tsunehara,D,"Burlingame, Calif.",mens-soccer,2025,37.5780965,-122.3473099
Ryker Joutz,M,"San Clemente, Calif.",mens-soccer,2025,33.4270275,-117.6124179
Sam Vigilante,M,"Charlottesville, Va.",mens-soccer,2025,38.029306,-78.4766781
Sebastian Swary,D,"Columbus, Ohio",mens-soccer,2025,39.9622601,-83.0007065
Stephen Duncan,D,"Branchburg, N.J.",mens-soccer,2025,40.5688245,-74.7002714
Sully Atkin,GK,"Arlington, Va.",mens-soccer,2025,38.8769326,-77.0893094
Tyler Austin,D,"Cooper City, Fla.",mens-soccer,2025,26.057783,-80.2695109
Tyler Vilet,M,"Dekalb, Ill.",mens-soccer,2025,41.8903447,-88.7713953
Will Francis,F,"San Diego, Calif.",mens-soccer,2025,32.7157062,-117.1638284
Will Travis,M,"Evanston, Ill.",mens-soccer,2025,42.0470043,-87.6846053
Andrew Samuels,GK(C),"Burlingame, Calif.",mens-soccer,2026,37.5780965,-122.3473099
Bardia Hormozi,M/F,"Bethesda, Md.",mens-soccer,2026,38.9812726,-77.1233587
Benjamin Manfroy,M,"Cincinnati, Ohio",mens-soccer,2026,39.1012809,-84.5127405
Chase Miller,M,"Grand Rapids, Mich.",mens-soccer,2026,42.9632425,-85.6678639
Cyrus Klinenberg,M/F,"New York City, N.Y.",mens-soccer,2026,40.7127281,-74.0060152
Dash Papez,M/D,"McLean, Va.",mens-soccer,2026,38.9366852,-77.185843
Edric Zhang,M,"Blacksburg, Va.",mens-soccer,2026,37.2296566,-80.4136767
Ethan Barghout,M,"Winston-Salem, N.C.",mens-soccer,2026,36.0998131,-80.2440518
Frederik Sadjak,D,"Stuttgart, Germany",mens-soccer,2026,48.7784485,9.1800132
Garry Zhang,M,"Fairfax, Va.",mens-soccer,2026,38.8462236,-77.3063733
Giacomo Gabrielli,M/F,"Santa Barbara, Calif.",mens-soccer,2026,34.4221319,-119.702667
Ian Nuñez,F,"Miami, Fla.",mens-soccer,2026,25.7741566,-80.1935973
Jackson Martin,F,"Sacramento, Calif.",mens-soccer,2026,38.5810606,-121.493895
Jonah Mwilambwe,F,"Bloomington, Ill.",mens-soccer,2026,40.4797828,-88.9939147
Julien Lacher,F,"Rumson, N.J.",mens-soccer,2026,40.372054,-73.9990269
Kevin Kelley,F,"Dallas, Texas",mens-soccer,2026,32.7762719,-96.7968559
Kristian Kelley,M,"Dallas, Texas",mens-soccer,2026,32.7762719,-96.7968559
Liam Beckwith,M(C),"San Diego, Calif.",mens-soccer,2026,32.7157062,-117.1638284
Lucas Ferreira,D,"Long Hill, N.J.",mens-soccer,2026,41.113328,-74.3432744
Nathan Salerno,GK,"Chesterland, Ohio",mens-soccer,2026,41.522183,-81.337919
Noah Hammerschmidt,M,"Brooklyn, N.Y.",mens-soccer,2026,40.6526006,-73.9497211
Roka Tsunehara,D,"Burlingame, Calif.",mens-soccer,2026,37.5780965,-122.3473099
Ryker Joutz,M,"San Clemente, Calif.",mens-soccer,2026,33.4270275,-117.6124179
Sebastian Swary,D,"Columbus, Ohio",mens-soccer,2026,39.9622601,-83.0007065
Tyler Austin,D,"Cooper City, Fla.",mens-soccer,2026,26.057783,-80.2695109
Tyler Vilet,M,"Dekalb, Ill.",mens-soccer,2026,41.8903447,-88.7713953
Viktor Alestig,GK,"Gothenburg, Sweden",mens-soccer,2026,57.7072326,11.9670171
Abhimanyu Shah,,"Mumbai, India",mens-squash,2016,19.054999,72.8692035
Adham El Sherbiny,,"Alexandria, Egypt",mens-squash,2016,31.1991806,29.8951716
Adhitya Raghavan,,"Chennai, India",mens-squash,2016,13.0800915,80.2807978
Ben Leizman,,"Pepper Pike, Ohio",mens-squash,2016,41.478387,-81.46373
Clark Doyle,,"Haverford, Pa.",mens-squash,2016,40.0129191,-75.2966948
Clay Kontulis,,"New Canaan, Conn.",mens-squash,2016,41.146763,-73.4948446
Cody Cortes,,"Cambridge, Mass.",mens-squash,2016,42.3656347,-71.1040018
Gabriel Morgan,,"Menlo Park, Calif.",mens-squash,2016,37.4519671,-122.177992
Grant Ackerman,,"New York, N.Y.",mens-squash,2016,40.7127281,-74.0060152
Hamza Chaudhry,,"Boston, Mass.",mens-squash,2016,42.3588336,-71.0578303
Henry Parkhurst,,"Greenwich, Conn.",mens-squash,2016,41.0264862,-73.6284598
Jarryd Osborne,,"Kingston, Ont.",mens-squash,2016,44.3054151,-76.4283781
Komron Shayegan,,"Princeton, N.J.",mens-squash,2016,40.3496953,-74.6597376
Michael East,,"Baltimore, Md.",mens-squash,2016,39.2908816,-76.610759
Shehab Thabet,,"Cairo, Egypt",mens-squash,2016,30.0443879,31.2357257
Spencer Anton,,"Winchester, Mass.",mens-squash,2016,42.4523178,-71.1369982
William Oon,,Singapore,mens-squash,2016,1.357107,103.8194992
Abhimanyu Shah,,"Mumbai, India",mens-squash,2017,19.054999,72.8692035
Adham El Sherbiny,,"Alexandria, Egypt",mens-squash,2017,31.1991806,29.8951716
Adhitya Raghavan,,"Chennai, India",mens-squash,2017,13.0800915,80.2807978
Alex Engstrom,,"London, England",mens-squash,2017,51.5074456,-0.1277653
Clark Doyle,,"Haverford, Pa.",mens-squash,2017,40.0129191,-75.2966948
Clay Kontulis,,"New Canaan, Conn.",mens-squash,2017,41.146763,-73.4948446
Cody Cortes,,"Cambridge, Mass.",mens-squash,2017,42.3656347,-71.1040018
Cole Becker,,"San Mateo, Calif.",mens-squash,2017,37.496904,-122.3330573
Duncan Joyce,,"Haverford, Pa.",mens-squash,2017,40.0129191,-75.2966948
Gabriel Morgan,,"Menlo Park, Calif.",mens-squash,2017,37.4519671,-122.177992
Grant Ackerman,,"New York, N.Y.",mens-squash,2017,40.7127281,-74.0060152
Hamza Chaudhry,,"Boston, Mass.",mens-squash,2017,42.3588336,-71.0578303
Henry Parkhurst,,"Greenwich, Conn.",mens-squash,2017,41.0264862,-73.6284598
Komron Shayegan,,"Princeton, N.J.",mens-squash,2017,40.3496953,-74.6597376
Shehab Thabet,,"Cairo, Egypt",mens-squash,2017,30.0443879,31.2357257
Spencer Anton,,"Winchester, Mass.",mens-squash,2017,42.4523178,-71.1369982
William Oon,,Singapore,mens-squash,2017,1.357107,103.8194992
Youssef Ibrahim,,"Cairo, Egypt",mens-squash,2017,30.0443879,31.2357257
Adham El Sherbiny,,"Alexandria, Egypt",mens-squash,2018,31.1991806,29.8951716
Adhitya Raghavan,,"Chennai, India",mens-squash,2018,13.0800915,80.2807978
Alex Engstrom,,"London, England",mens-squash,2018,51.5074456,-0.1277653
Clark Doyle,,"Haverford, Pa.",mens-squash,2018,40.0129191,-75.2966948
Clay Kontulis,,"New Canaan, Conn.",mens-squash,2018,41.146763,-73.4948446
Cody Cortes,,"Cambridge, Mass.",mens-squash,2018,42.3656347,-71.1040018
Daelum Mawji,,"New York, N.Y.",mens-squash,2018,40.7127281,-74.0060152
Duncan Joyce,,"Haverford, Pa.",mens-squash,2018,40.0129191,-75.2966948
Gabriel Morgan,,"Menlo Park, Calif.",mens-squash,2018,37.4519671,-122.177992
Grant Ackerman,,"New York, N.Y.",mens-squash,2018,40.7127281,-74.0060152
Hamza Chaudhry,,"Boston, Mass.",mens-squash,2018,42.3588336,-71.0578303
Henry Parkhurst,,"Greenwich, Conn.",mens-squash,2018,41.0264862,-73.6284598
Howe Cheng,,Hong Kong,mens-squash,2018,22.2818333,114.1582831
Shehab Thabet,,"Cairo, Egypt",mens-squash,2018,30.0443879,31.2357257
William Oon,,Singapore,mens-squash,2018,1.357107,103.8194992
Adhitya Raghavan,,"Chennai, India",mens-squash,2019,13.0800915,80.2807978
Alastair Cho,,"Baltimore, Md.",mens-squash,2019,39.2908816,-76.610759
Alex Engstrom,,"London, England",mens-squash,2019,51.5074456,-0.1277653
Arin Mukherjee,,"Princeton, N.J.",mens-squash,2019,40.3496953,-74.6597376
Cole Becker,,"San Mateo, Calif.",mens-squash,2019,37.496904,-122.3330573
Daelum Mawji,,"New York, N.Y.",mens-squash,2019,40.7127281,-74.0060152
Duncan Joyce,,"Haverford, Pa.",mens-squash,2019,40.0129191,-75.2966948
Gabriel Morgan,,"Menlo Park, Calif.",mens-squash,2019,37.4519671,-122.177992
Henry Parkhurst,,"Greenwich, Conn.",mens-squash,2019,41.0264862,-73.6284598
Howe Cheng,,Hong Kong,mens-squash,2019,22.2818333,114.1582831
Kion Bruno,,"Westport, Conn.",mens-squash,2019,41.1414855,-73.3578955
Maaz Khatri,,"Dubai, UAE",mens-squash,2019,25.0742823,55.1885624
Will Ezratty,,"Greenwich, Conn.",mens-squash,2019,41.0264862,-73.6284598
Youssef Ibrahim,,"Cairo, Egypt",mens-squash,2019,30.0443879,31.2357257
Alex Engstrom,,"London, England",mens-squash,2020,51.5074456,-0.1277653
Cole Becker,,"San Mateo, Calif.",mens-squash,2020,37.496904,-122.3330573
Howe Cheng,,Hong Kong,mens-squash,2020,22.2818333,114.1582831
Karim Elbarbary,,"Cairo, Egypt",mens-squash,2020,30.0443879,31.2357257
Maaz Khatri,,"Dubai, UAE",mens-squash,2020,25.0742823,55.1885624
Youssef Ibrahim,,"Cairo, Egypt",mens-squash,2020,30.0443879,31.2357257
Ahmed Hussein,,"Cairo, Egypt",mens-squash,2021,30.0443879,31.2357257
Alastair Cho,,"Baltimore, Md.",mens-squash,2021,39.2908816,-76.610759
Arin Mukherjee,,"Princeton, N.J.",mens-squash,2021,40.3496953,-74.6597376
Cole Becker,,"San Mateo, Calif.",mens-squash,2021,37.496904,-122.3330573
Daelum Mawji,,"New York, N.Y.",mens-squash,2021,40.7127281,-74.0060152
Duncan Joyce,,"Haverford, Pa.",mens-squash,2021,40.0129191,-75.2966948
Gordon Lam,,"Portland, Ore.",mens-squash,2021,45.5202471,-122.674194
Howe Cheng,,Hong Kong,mens-squash,2021,22.2818333,114.1582831
James Kontulis,,"New Canaan, Conn.",mens-squash,2021,41.146763,-73.4948446
Karim Elbarbary,,"Cairo, Egypt",mens-squash,2021,30.0443879,31.2357257
Kion Bruno,,"Westport, Conn.",mens-squash,2021,41.1414855,-73.3578955
Maaz Khatri,,"Dubai, UAE",mens-squash,2021,25.0742823,55.1885624
Thomas Rosini,,"Gladwyne, Pa.",mens-squash,2021,40.0397304,-75.2791788
Will Ezratty,,"Greenwich, Conn.",mens-squash,2021,41.0264862,-73.6284598
Youssef Ibrahim,,"Cairo, Egypt",mens-squash,2021,30.0443879,31.2357257
Zain Ahmed,,"Morgan Hill, Calif.",mens-squash,2021,37.130408,-121.6544974
Ahmed Hussein,,"Cairo, Egypt",mens-squash,2022,30.0443879,31.2357257
Alastair Cho,,"Baltimore, Md.",mens-squash,2022,39.2908816,-76.610759
Arin Mukherjee,,"Princeton, N.J.",mens-squash,2022,40.3496953,-74.6597376
Avi Agarwal,,"Monroe, N.J.",mens-squash,2022,41.114541,-74.6340505
Daelum Mawji,,"New York, N.Y.",mens-squash,2022,40.7127281,-74.0060152
David Beeson,,"Riverside, Conn.",mens-squash,2022,41.0314897,-73.5833604
Federico Sosa,,"Queretaro, Mexico",mens-squash,2022,20.8052225,-99.8837376
Gordon Lam,,"Portland, Ore.",mens-squash,2022,45.5202471,-122.674194
Hassan Khalil,,"Solihull, England",mens-squash,2022,52.4130189,-1.7768935
James Kontulis,,"New Canaan, Conn.",mens-squash,2022,41.146763,-73.4948446
Karim Elbarbary,,"Cairo, Egypt",mens-squash,2022,30.0443879,31.2357257
Maaz Khatri,,"Dubai, UAE",mens-squash,2022,25.0742823,55.1885624
Samuel Chiang,,"New York, N.Y.",mens-squash,2022,40.7127281,-74.0060152
Thomas Rosini,,"Gladwyne, Pa.",mens-squash,2022,40.0397304,-75.2791788
Will Ezratty,,"Greenwich, Conn.",mens-squash,2022,41.0264862,-73.6284598
Zain Ahmed,,"Morgan Hill, Calif.",mens-squash,2022,37.130408,-121.6544974
Ahmed Hussein,,"Cairo, Egypt",mens-squash,2023,30.0443879,31.2357257
Alastair Cho,,"Baltimore, Md.",mens-squash,2023,39.2908816,-76.610759
Arin Mukherjee,,"Princeton, N.J.",mens-squash,2023,40.3496953,-74.6597376
Avi Agarwal,,"Monroe, N.J.",mens-squash,2023,41.114541,-74.6340505
David Beeson,,"Riverside, Conn.",mens-squash,2023,41.0314897,-73.5833604
Federico Sosa,,"Queretaro, Mexico",mens-squash,2023,20.8052225,-99.8837376
Gordon Lam,,"Portland, Ore.",mens-squash,2023,45.5202471,-122.674194
Hassan Khalil,,"Solihull, England",mens-squash,2023,52.4130189,-1.7768935
Hollis Robertson,,"New York, N.Y.",mens-squash,2023,40.7127281,-74.0060152
James Kontulis,,"New Canaan, Conn.",mens-squash,2023,41.146763,-73.4948446
Justin Rosini,,"Gladwyne, Pa.",mens-squash,2023,40.0397304,-75.2791788
Karim Elbarbary,,"Cairo, Egypt",mens-squash,2023,30.0443879,31.2357257
Maaz Khatri,,"Dubai, UAE",mens-squash,2023,25.0742823,55.1885624
Mason Menin,,"New York, N.Y.",mens-squash,2023,40.7127281,-74.0060152
Samuel Chiang,,"New York, N.Y.",mens-squash,2023,40.7127281,-74.0060152
Thomas Rosini,,"Gladwyne, Pa.",mens-squash,2023,40.0397304,-75.2791788
Will Ezratty,,"Greenwich, Conn.",mens-squash,2023,41.0264862,-73.6284598
Zain Ahmed,,"Morgan Hill, Calif.",mens-squash,2023,37.130408,-121.6544974
Ahmed Hussein,,"Cairo, Egypt",mens-squash,2024,30.0443879,31.2357257
Aly Ibrahim,,"Cairo, Egypt",mens-squash,2024,30.0443879,31.2357257
Andrew Glaser,,"Haverford, Pa.",mens-squash,2024,40.0129191,-75.2966948
Avi Agarwal,,"Monroe, N.J.",mens-squash,2024,41.114541,-74.6340505
David Beeson,,"Riverside, Conn.",mens-squash,2024,41.0314897,-73.5833604
Federico Sosa,,"Queretaro, Mexico",mens-squash,2024,20.8052225,-99.8837376
Gordon Lam,,"Portland, Ore.",mens-squash,2024,45.5202471,-122.674194
Hassan Khalil,,"Solihull, England",mens-squash,2024,52.4130189,-1.7768935
Hollis Robertson,,"New York, N.Y.",mens-squash,2024,40.7127281,-74.0060152
James Kontulis,,"New Canaan, Conn.",mens-squash,2024,41.146763,-73.4948446
Justin Rosini,,"Gladwyne, Pa.",mens-squash,2024,40.0397304,-75.2791788
Mason Menin,,"New York, N.Y.",mens-squash,2024,40.7127281,-74.0060152
Samuel Chiang,,"New York, N.Y.",mens-squash,2024,40.7127281,-74.0060152
Thomas Rosini,,"Gladwyne, Pa.",mens-squash,2024,40.0397304,-75.2791788
Yuvraj Wadhwani,,"Mumbai, India",mens-squash,2024,19.054999,72.8692035
Zain Ahmed,,"Morgan Hill, Calif.",mens-squash,2024,37.130408,-121.6544974
Aly Ibrahim,,"Cairo, Egypt",mens-squash,2025,30.0443879,31.2357257
Andrew Glaser,,"Haverford, Pa.",mens-squash,2025,40.0129191,-75.2966948
Avi Agarwal,,"Monroe, N.J.",mens-squash,2025,41.114541,-74.6340505
Chase Greppin,,"Shaker Heights, Ohio",mens-squash,2025,41.4739419,-81.5370671
David Beeson,,"Riverside, Conn.",mens-squash,2025,41.0314897,-73.5833604
Federico Sosa,,"Queretaro, Mexico",mens-squash,2025,20.8052225,-99.8837376
Hassan Khalil,,"Solihull, England",mens-squash,2025,52.4130189,-1.7768935
Hollis Robertson,,"New York, N.Y.",mens-squash,2025,40.7127281,-74.0060152
Justin Cheng,,Hong Kong,mens-squash,2025,22.2818333,114.1582831
Justin Rosini,,"Gladwyne, Pa.",mens-squash,2025,40.0397304,-75.2791788
Mason Menin,,"New York, N.Y.",mens-squash,2025,40.7127281,-74.0060152
Sam Fishman,,"New York, N.Y.",mens-squash,2025,40.7127281,-74.0060152
Yanai Ramot,,"Rishon LeTsiyon, Israel",mens-squash,2025,31.9635712,34.8101149
Yuvraj Wadhwani,,"Mumbai, India",mens-squash,2025,19.054999,72.8692035
Aiden Chiang,,"Princeton, N.J.",mens-squash,2026,40.3496953,-74.6597376
Alex Donne,,"Pennington, N.J.",mens-squash,2026,40.3281213,-74.7909992
Aly Ibrahim,,"Cairo, Egypt",mens-squash,2026,30.0443879,31.2357257
Andrew Glaser,,"Haverford, Pa.",mens-squash,2026,40.0129191,-75.2966948
Chase Greppin,,"Shaker Heights, Ohio",mens-squash,2026,41.4739419,-81.5370671
Chris Baddour,,"Cairo, Egypt",mens-squash,2026,30.0443879,31.2357257
Hart Robertson,,"New York, N.Y.",mens-squash,2026,40.7127281,-74.0060152
Hollis Robertson,,"New York, N.Y.",mens-squash,2026,40.7127281,-74.0060152
Justin Cheng,,Hong Kong,mens-squash,2026,22.2818333,114.1582831
Justin Rosini,,"Gladwyne, Pa.",mens-squash,2026,40.0397304,-75.2791788
Sam Fishman,,"New York, N.Y.",mens-squash,2026,40.7127281,-74.0060152
Yanai Ramot,,"Rishon LeTsiyon, Israel",mens-squash,2026,31.9635712,34.8101149
Yuvraj Wadhwani,,"Mumbai, India",mens-squash,2026,19.054999,72.8692035
Aaron Ach,,"Glenview, Ill.",mens-swimming-and-diving,2017,42.0700662,-87.8114044
Aaron Glas,,"New York, N.Y.",mens-swimming-and-diving,2017,40.7127281,-74.0060152
Alex Lewis,,"Greenwich, Conn.",mens-swimming-and-diving,2017,41.0264862,-73.6284598
Arthur Markley,,"Lancaster, Pa.",mens-swimming-and-diving,2017,40.0379958,-76.3056707
Ben Schafer,,"Sydney, Aust.",mens-swimming-and-diving,2017,-33.9269616,150.8064731
Charles Leibson,,"Cincinnati, Ohio",mens-swimming-and-diving,2017,39.1012809,-84.5127405
Charlie Minns,,"Wallingford, Eng.",mens-swimming-and-diving,2017,51.5982886,-1.1251402
Christian Berry,,"Memphis, Tenn.",mens-swimming-and-diving,2017,35.146026,-90.0517786
Christian Feiler,,"Boulder, Colo.",mens-swimming-and-diving,2017,40.0149856,-105.270545
Cole Buese,,"Baltimore, Md.",mens-swimming-and-diving,2017,39.2908816,-76.610759
Colten Young,,"Coto de Caza, Calif.",mens-swimming-and-diving,2017,33.6013399,-117.5856235
Corey Lau,,"Minnetonka, Minn.",mens-swimming-and-diving,2017,44.9405086,-93.4638936
Corey Okubo,,"Irvine, Calif.",mens-swimming-and-diving,2017,33.6856969,-117.825981
Daniel Arris,,"Virginia Beach, Va.",mens-swimming-and-diving,2017,36.8496579,-75.9760751
Derek Cox,,"Decatur, Ga.",mens-swimming-and-diving,2017,30.8736613,-84.5740953
Drew Jung,,"Belmont, Calif.",mens-swimming-and-diving,2017,37.5164926,-122.2941914
Gregory DeMatteo,,"Wellesley, Mass.",mens-swimming-and-diving,2017,42.2964859,-71.2925571
Jonathan Spires,,"Yorktown, Va.",mens-swimming-and-diving,2017,37.2356655,-76.5136495
Joshua Brown,,"Kobe, Japan",mens-swimming-and-diving,2017,34.6932379,135.1943764
Joshua Kim,,"Los Angeles, Calif.",mens-swimming-and-diving,2017,34.0536909,-118.242766
Levy Nathan,,"Highland Park, Ill.",mens-swimming-and-diving,2017,42.1836719,-87.7993245
Liam Fitzgerald,,"Thornton, Pa.",mens-swimming-and-diving,2017,39.9075918,-75.5317853
Liam Karas,,"Los Angeles, Calif.",mens-swimming-and-diving,2017,34.0536909,-118.242766
Mark Forese,,"New Canaan, Conn.",mens-swimming-and-diving,2017,41.146763,-73.4948446
Matt Harrington,,"Libertyville, Ill.",mens-swimming-and-diving,2017,42.2830786,-87.9531303
Matthew Drengler,,"San Antonio, Texas",mens-swimming-and-diving,2017,29.4246002,-98.4951405
Matthew Marquardt,,"Cincinnati, Ohio",mens-swimming-and-diving,2017,39.1012809,-84.5127405
Murphy McQuet,,"Winnetka, Ill.",mens-swimming-and-diving,2017,42.1080703,-87.7365286
Raoul Rodriguez,,"Rye, N.Y.",mens-swimming-and-diving,2017,40.9821371,-73.6840902
Roman Horoszewski,,"Princeton Jct., N.J.",mens-swimming-and-diving,2017,40.3159898,-74.6241189
Sam Chiacchia,,"Colorado Springs, Colo.",mens-swimming-and-diving,2017,38.8339578,-104.825348
Sam Cuthbert,,"Richmond, Va.",mens-swimming-and-diving,2017,37.5385087,-77.43428
Sam Tarter,,"Gaithersburg, Md.",mens-swimming-and-diving,2017,39.1399187,-77.1929215
Simon Adriano,,"Jupiter, Fla.",mens-swimming-and-diving,2017,26.9342246,-80.0942087
Tigar Cyr,,"Cincinnati, Ohio",mens-swimming-and-diving,2017,39.1012809,-84.5127405
Tyler Lin,,"Newport Beach, Calif.",mens-swimming-and-diving,2017,33.6170092,-117.9294401
Tyler Sullivan,,"Louisville, Ken.",mens-swimming-and-diving,2017,38.2542376,-85.759407
Wade O'Brien,,"Glen Allen, Va.",mens-swimming-and-diving,2017,37.664879,-77.4871236
Zach Buerger,,"Wexford, Pa.",mens-swimming-and-diving,2017,40.6264561,-80.055891
Aaron Ach,,"Glenview, Ill.",mens-swimming-and-diving,2018,42.0700662,-87.8114044
Aaron Glas,,"New York, N.Y.",mens-swimming-and-diving,2018,40.7127281,-74.0060152
Arthur Markley,,"Lancaster, Pa.",mens-swimming-and-diving,2018,40.0379958,-76.3056707
Brendan Firlie,,"Sarasota, Fla.",mens-swimming-and-diving,2018,27.3365805,-82.5308545
Charles Leibson,,"Cincinnati, Ohio",mens-swimming-and-diving,2018,39.1012809,-84.5127405
Charlie Minns,,"Wallingford, Eng.",mens-swimming-and-diving,2018,51.5982886,-1.1251402
Chris Aubin,Free,"Cape Town, South Africa",mens-swimming-and-diving,2018,-33.9288301,18.4172197
Christian Berry,,"Memphis, Tenn.",mens-swimming-and-diving,2018,35.146026,-90.0517786
Christian Feiler,,"Boulder, Colo.",mens-swimming-and-diving,2018,40.0149856,-105.270545
Cole Buese,,"Baltimore, Md.",mens-swimming-and-diving,2018,39.2908816,-76.610759
Colin Reilly,,"Philadelphia, Pa.",mens-swimming-and-diving,2018,39.9527237,-75.1635262
Colten Young,,"Coto de Caza, Calif.",mens-swimming-and-diving,2018,33.6013399,-117.5856235
Corey Lau,,"Minnetonka, Minn.",mens-swimming-and-diving,2018,44.9405086,-93.4638936
Daniel Arris,,"Virginia Beach, Va.",mens-swimming-and-diving,2018,36.8496579,-75.9760751
Derek Cox,,"Decatur, Ga.",mens-swimming-and-diving,2018,30.8736613,-84.5740953
Gregory DeMatteo,,"Wellesley, Mass.",mens-swimming-and-diving,2018,42.2964859,-71.2925571
Jonathan Pollock,,"Fairfax, Va.",mens-swimming-and-diving,2018,38.8462236,-77.3063733
Jonathan Spires,,"Yorktown, Va.",mens-swimming-and-diving,2018,37.2356655,-76.5136495
Joshua Brown,,"Kobe, Japan",mens-swimming-and-diving,2018,34.6932379,135.1943764
Joshua Kim,,"Los Angeles, Calif.",mens-swimming-and-diving,2018,34.0536909,-118.242766
Levy Nathan,,"Highland Park, Ill.",mens-swimming-and-diving,2018,42.1836719,-87.7993245
Matt Harrington,,"Libertyville, Ill.",mens-swimming-and-diving,2018,42.2830786,-87.9531303
Matthew Drengler,,"San Antonio, Texas",mens-swimming-and-diving,2018,29.4246002,-98.4951405
Max Walther,,"Neustadt, Germany",mens-swimming-and-diving,2018,49.3536057,8.1360247
Miguel Jacome,,"Issaquah, Wash.",mens-swimming-and-diving,2018,47.5348778,-122.043297
Murphy McQuet,,"Winnetka, Ill.",mens-swimming-and-diving,2018,42.1080703,-87.7365286
Nathan Yates,,"San Jose, Calif.",mens-swimming-and-diving,2018,37.3361663,-121.890591
Quinn Rademaker,,"Medford, N.J.",mens-swimming-and-diving,2018,39.9009472,-74.8234961
Raunak Khosla,,"Roswell, Ga.",mens-swimming-and-diving,2018,34.02332,-84.360022
Roman Horoszewski,,"Princeton Jct., N.J.",mens-swimming-and-diving,2018,40.3159898,-74.6241189
Sam Cuthbert,,"Richmond, Va.",mens-swimming-and-diving,2018,37.5385087,-77.43428
Sam Tarter,,"Gaithersburg, Md.",mens-swimming-and-diving,2018,39.1399187,-77.1929215
Tai Long Singh,,"Point Roberts, Wash.",mens-swimming-and-diving,2018,48.9868642,-123.0560063
Tigar Cyr,,"Cincinnati, Ohio",mens-swimming-and-diving,2018,39.1012809,-84.5127405
Tindar Cyr,,"Cincinnati, Ohio",mens-swimming-and-diving,2018,39.1012809,-84.5127405
Tyler Lin,,"Newport Beach, Calif.",mens-swimming-and-diving,2018,33.6170092,-117.9294401
Wade O'Brien,,"Glen Allen, Va.",mens-swimming-and-diving,2018,37.664879,-77.4871236
Aaron Glas,,"New York, N.Y.",mens-swimming-and-diving,2019,40.7127281,-74.0060152
Arthur Markley,,"Lancaster, Pa.",mens-swimming-and-diving,2019,40.0379958,-76.3056707
Brendan Firlie,,"Sarasota, Fla.",mens-swimming-and-diving,2019,27.3365805,-82.5308545
Cameron Matthews,,"Dubai, UAE",mens-swimming-and-diving,2019,25.0742823,55.1885624
Charles Leibson,,"Cincinnati, Ohio",mens-swimming-and-diving,2019,39.1012809,-84.5127405
Charlie Minns,,"Wallingford, Eng.",mens-swimming-and-diving,2019,51.5982886,-1.1251402
Chris Aubin,Free,"Cape Town, South Africa",mens-swimming-and-diving,2019,-33.9288301,18.4172197
Christian Berry,,"Memphis, Tenn.",mens-swimming-and-diving,2019,35.146026,-90.0517786
Colin Reilly,,"Philadelphia, Pa.",mens-swimming-and-diving,2019,39.9527237,-75.1635262
Colten Young,,"Coto de Caza, Calif.",mens-swimming-and-diving,2019,33.6013399,-117.5856235
Corey Lau,,"Minnetonka, Minn.",mens-swimming-and-diving,2019,44.9405086,-93.4638936
Daniel Arris,,"Virginia Beach, Va.",mens-swimming-and-diving,2019,36.8496579,-75.9760751
Derek Cox,,"Decatur, Ga.",mens-swimming-and-diving,2019,30.8736613,-84.5740953
Dylan Porges,,"New York, N.Y.",mens-swimming-and-diving,2019,40.7127281,-74.0060152
Gregory DeMatteo,,"Wellesley, Mass.",mens-swimming-and-diving,2019,42.2964859,-71.2925571
Griffin Brooks,,"Berkeley Heights, N.J.",mens-swimming-and-diving,2019,40.6834349,-74.442653
Jack Warden,,"Bradford, Mass.",mens-swimming-and-diving,2019,42.7652102,-71.0760878
John Ehling,,"Wexford, Pa.",mens-swimming-and-diving,2019,40.6264561,-80.055891
Jonathan Pollock,,"Fairfax, Va.",mens-swimming-and-diving,2019,38.8462236,-77.3063733
Jonathan Spires,,"Yorktown, Va.",mens-swimming-and-diving,2019,37.2356655,-76.5136495
Joshua Kim,,"Los Angeles, Calif.",mens-swimming-and-diving,2019,34.0536909,-118.242766
Levy Nathan,,"Highland Park, Ill.",mens-swimming-and-diving,2019,42.1836719,-87.7993245
Matthew Chao,,"Schenectady, N.Y.",mens-swimming-and-diving,2019,42.8142432,-73.9395687
Matthew Marquardt,,"Cincinnati, Ohio",mens-swimming-and-diving,2019,39.1012809,-84.5127405
Max Walther,,"Neustadt, Germany",mens-swimming-and-diving,2019,49.3536057,8.1360247
Miguel Jacome,,"Issaquah, Wash.",mens-swimming-and-diving,2019,47.5348778,-122.043297
Nathan Yates,,"San Jose, Calif.",mens-swimming-and-diving,2019,37.3361663,-121.890591
Nicholas Lim,,"Hong Kong, Hong Kong",mens-swimming-and-diving,2019,22.2818333,114.1582831
Owen Huang,,"Markham, Ont.",mens-swimming-and-diving,2019,43.8563707,-79.3376825
Peyton Werner,,"Boyds, Md.",mens-swimming-and-diving,2019,39.1840886,-77.3122325
Quinn Rademaker,,"Medford, N.J.",mens-swimming-and-diving,2019,39.9009472,-74.8234961
Raunak Khosla,,"Roswell, Ga.",mens-swimming-and-diving,2019,34.02332,-84.360022
Roman Horoszewski,,"Princeton Jct., N.J.",mens-swimming-and-diving,2019,40.3159898,-74.6241189
Sam Cuthbert,,"Richmond, Va.",mens-swimming-and-diving,2019,37.5385087,-77.43428
Sam Tarter,,"Gaithersburg, Md.",mens-swimming-and-diving,2019,39.1399187,-77.1929215
Tigar Cyr,,"Cincinnati, Ohio",mens-swimming-and-diving,2019,39.1012809,-84.5127405
Tindar Cyr,,"Cincinnati, Ohio",mens-swimming-and-diving,2019,39.1012809,-84.5127405
Wade O'Brien,,"Glen Allen, Va.",mens-swimming-and-diving,2019,37.664879,-77.4871236
Adell Sabovic,Free,"Manhattan, N.Y.",mens-swimming-and-diving,2021,40.7579554,-73.9855319
Alec Pirone,Diving,"West Chester, Penn.",mens-swimming-and-diving,2021,39.9496338,-75.5264155
Billy Swartwout,Free/Back,"Amityville, N.Y.",mens-swimming-and-diving,2021,40.6789893,-73.4170673
Brett Feyerick,Back/Free,"Potomac, Md.",mens-swimming-and-diving,2021,39.0180508,-77.1956331
Brian Lou,Free/Breast,"Irvine, Calif.",mens-swimming-and-diving,2021,33.6856969,-117.825981
Cameron Matthews,,"Dubai, UAE",mens-swimming-and-diving,2021,25.0742823,55.1885624
Chris Aubin,Free,"Cape Town, South Africa",mens-swimming-and-diving,2021,-33.9288301,18.4172197
Colin Reilly,,"Philadelphia, Pa.",mens-swimming-and-diving,2021,39.9527237,-75.1635262
Colten Young,,"Coto de Caza, Calif.",mens-swimming-and-diving,2021,33.6013399,-117.5856235
Dylan Porges,,"New York, N.Y.",mens-swimming-and-diving,2021,40.7127281,-74.0060152
Finn Dowdall,Free/Fly,"Phoenix, Ariz.",mens-swimming-and-diving,2021,33.4484367,-112.074141
George Callanan,Diving,"Columbus, Ohio",mens-swimming-and-diving,2021,39.9622601,-83.0007065
Griffin Brooks,,"Berkeley Heights, N.J.",mens-swimming-and-diving,2021,40.6834349,-74.442653
Hunter Kim,IM/Fly,"Fort Lee, N.J.",mens-swimming-and-diving,2021,40.8509333,-73.9701382
Jack Warden,,"Bradford, Mass.",mens-swimming-and-diving,2021,42.7652102,-71.0760878
Joe Victor,Diving,"Buffalo, N.Y.",mens-swimming-and-diving,2021,42.8864163,-78.8781493
John Ehling,,"Wexford, Pa.",mens-swimming-and-diving,2021,40.6264561,-80.055891
Jonathan Geraghty,Diving,"Fort Pierce, Fla.",mens-swimming-and-diving,2021,27.4467056,-80.3256056
Jonathan Pollock,,"Fairfax, Va.",mens-swimming-and-diving,2021,38.8462236,-77.3063733
Joshua Brown,,"Kobe, Japan",mens-swimming-and-diving,2021,34.6932379,135.1943764
Matthew Chao,,"Schenectady, N.Y.",mens-swimming-and-diving,2021,42.8142432,-73.9395687
Max Hunger,Free,"Montreal, Quebec",mens-swimming-and-diving,2021,45.5031824,-73.5698065
Max Kreidl,Fly/Back,"Boulder, Colo.",mens-swimming-and-diving,2021,40.0149856,-105.270545
Max Meissner,IM/Breast,"Greenwich, Conn.",mens-swimming-and-diving,2021,41.0264862,-73.6284598
Max Walther,,"Neustadt, Germany",mens-swimming-and-diving,2021,49.3536057,8.1360247
Miguel Jacome,Free/IM,"Issaquah, Wash.",mens-swimming-and-diving,2021,47.5348778,-122.043297
Mike Scornavacca,Fly/Free,"Denville, N.J.",mens-swimming-and-diving,2021,40.8922694,-74.4774255
Nathan Yates,,"San Jose, Calif.",mens-swimming-and-diving,2021,37.3361663,-121.890591
Nicholas Lim,,"Hong Kong, Hong Kong",mens-swimming-and-diving,2021,22.2818333,114.1582831
Nolan Musslewhite,Free/Back,"Washington, D.C.",mens-swimming-and-diving,2021,38.8950982,-77.0363849
Peyton Werner,,"Boyds, Md.",mens-swimming-and-diving,2021,39.1840886,-77.3122325
Quinn Rademaker,,"Medford, N.J.",mens-swimming-and-diving,2021,39.9009472,-74.8234961
Raunak Khosla,,"Roswell, Ga.",mens-swimming-and-diving,2021,34.02332,-84.360022
Taso Callanan,Diving,"Columbus, Ohio",mens-swimming-and-diving,2021,39.9622601,-83.0007065
Tyler Hong,IM/Fly/Back,"Westlake, Ohio",mens-swimming-and-diving,2021,41.4553232,-81.9179174
Xander Gardner,Free,"Sarasota, Fla.",mens-swimming-and-diving,2021,27.3365805,-82.5308545
Zev Schuman,Fly/Free,"Fairfax, Calif.",mens-swimming-and-diving,2021,37.9872935,-122.587967
Adell Sabovic,Free,"Manhattan, N.Y.",mens-swimming-and-diving,2022,40.7579554,-73.9855319
Alec Pirone,Diving,"West Chester, Penn.",mens-swimming-and-diving,2022,39.9496338,-75.5264155
Billy Swartwout,Free/Back,"Amityville, N.Y.",mens-swimming-and-diving,2022,40.6789893,-73.4170673
Brett Feyerick,Back/Free,"Potomac, Md.",mens-swimming-and-diving,2022,39.0180508,-77.1956331
Cameron Matthews,,"Dubai, UAE",mens-swimming-and-diving,2022,25.0742823,55.1885624
Chris Aubin,Free,"Cape Town, South Africa",mens-swimming-and-diving,2022,-33.9288301,18.4172197
Conor McKenna,Free/Fly,"Frisco, Texas",mens-swimming-and-diving,2022,33.1505998,-96.8238183
Daniel Kim,Free,"Demarest, N.J.",mens-swimming-and-diving,2022,40.9573205,-73.9634708
Dylan Porges,,"New York, N.Y.",mens-swimming-and-diving,2022,40.7127281,-74.0060152
Finn Dowdall,Free/Fly,"Phoenix, Ariz.",mens-swimming-and-diving,2022,33.4484367,-112.074141
George Callanan,Diving,"Columbus, Ohio",mens-swimming-and-diving,2022,39.9622601,-83.0007065
Hunter Kim,IM/Fly,"Fort Lee, N.J.",mens-swimming-and-diving,2022,40.8509333,-73.9701382
James Pan,Breast/IM,"Maple Grove, Minn.",mens-swimming-and-diving,2022,45.0984983,-93.4419222
Joe Victor,Diving,"Buffalo, N.Y.",mens-swimming-and-diving,2022,42.8864163,-78.8781493
John Ehling,,"Wexford, Pa.",mens-swimming-and-diving,2022,40.6264561,-80.055891
Jonathan Geraghty,Diving,"Fort Pierce, Fla.",mens-swimming-and-diving,2022,27.4467056,-80.3256056
Jonathan Pollock,,"Fairfax, Va.",mens-swimming-and-diving,2022,38.8462236,-77.3063733
Joshua Brown,Breast/Free,"Kobe, Japan",mens-swimming-and-diving,2022,34.6932379,135.1943764
Kael Mlinek,Breast/Free,"Lincoln, Nebraska",mens-swimming-and-diving,2022,40.8088861,-96.7077751
Lucas Strøbek,IM/Free,"Hellerup, Denmark",mens-swimming-and-diving,2022,55.7336657,12.5655408
Lucas Tudoras,Free,"Sao Paulo, Brazil",mens-swimming-and-diving,2022,-23.5506507,-46.6333824
Matthew Chao,,"Schenectady, N.Y.",mens-swimming-and-diving,2022,42.8142432,-73.9395687
Max Hunger,Free,"Montreal, Quebec",mens-swimming-and-diving,2022,45.5031824,-73.5698065
Max Kreidl,Fly/Back,"Boulder, Colo.",mens-swimming-and-diving,2022,40.0149856,-105.270545
Max Seidel,Breast/IM,"Lexington, Mass.",mens-swimming-and-diving,2022,42.4473175,-71.2245003
Max Walther,,"Neustadt, Germany",mens-swimming-and-diving,2022,49.3536057,8.1360247
Miguel Jacome,Free/IM,"Issaquah, Wash.",mens-swimming-and-diving,2022,47.5348778,-122.043297
Mike Scornavacca,Fly/Free,"Denville, N.J.",mens-swimming-and-diving,2022,40.8922694,-74.4774255
Mitchell Schott,Free/Fly/IM,"Newport Beach, Calif.",mens-swimming-and-diving,2022,33.6170092,-117.9294401
Nicholas Lim,,"Hong Kong, Hong Kong",mens-swimming-and-diving,2022,22.2818333,114.1582831
Peyton Werner,,"Boyds, Md.",mens-swimming-and-diving,2022,39.1840886,-77.3122325
Rasmus Makela,Free,"Pori, Finland",mens-swimming-and-diving,2022,61.4866126,21.7972071
Raunak Khosla,,"Roswell, Ga.",mens-swimming-and-diving,2022,34.02332,-84.360022
Taso Callanan,Diving,"Columbus, Ohio",mens-swimming-and-diving,2022,39.9622601,-83.0007065
Touma Mack,,"Orlando, Fla.",mens-swimming-and-diving,2022,28.5421218,-81.379045
Tyler Hong,IM/Fly/Back,"Westlake, Ohio",mens-swimming-and-diving,2022,41.4553232,-81.9179174
Zev Schuman,Fly/Free,"Fairfax, Calif.",mens-swimming-and-diving,2022,37.9872935,-122.587967
Adell Sabovic,Free,"Manhattan, N.Y.",mens-swimming-and-diving,2023,40.7579554,-73.9855319
Aidan Wang,Diving,"North Potomac, Md.",mens-swimming-and-diving,2023,39.0985183,-77.2377429
Arthur Balva,IM/Fly,"Palo Alto, Calif.",mens-swimming-and-diving,2023,37.4443293,-122.1598465
Billy Swartwout,Free/Back,"Amityville, N.Y.",mens-swimming-and-diving,2023,40.6789893,-73.4170673
Brett Feyerick,Back/Free,"Potomac, Md.",mens-swimming-and-diving,2023,39.0180508,-77.1956331
Connor Buck,Free,"Durban, South Africa",mens-swimming-and-diving,2023,-29.8618145,31.009909
Conor McKenna,Free/Fly,"Frisco, Texas",mens-swimming-and-diving,2023,33.1505998,-96.8238183
Daniel Kim,Free,"Demarest, N.J.",mens-swimming-and-diving,2023,40.9573205,-73.9634708
Daniel Li,Free/Back/IM,"Austin, Texas",mens-swimming-and-diving,2023,30.2711286,-97.7436995
Finn Dowdall,Free/Fly,"Phoenix, Ariz.",mens-swimming-and-diving,2023,33.4484367,-112.074141
George Callanan,Diving,"Columbus, Ohio",mens-swimming-and-diving,2023,39.9622601,-83.0007065
Hunter Kim,IM/Fly,"Fort Lee, N.J.",mens-swimming-and-diving,2023,40.8509333,-73.9701382
James Pan,Breast/IM,"Maple Grove, Minn.",mens-swimming-and-diving,2023,45.0984983,-93.4419222
John Ehling,,"Wexford, Pa.",mens-swimming-and-diving,2023,40.6264561,-80.055891
Kael Mlinek,Breast/Free,"Lincoln, Nebraska",mens-swimming-and-diving,2023,40.8088861,-96.7077751
Luca Fassi,Diving,"Altadena, Calif.",mens-swimming-and-diving,2023,34.1928193,-118.1374663
Lucas Strøbek,IM/Free,"Hellerup, Denmark",mens-swimming-and-diving,2023,55.7336657,12.5655408
Lucas Tudoras,Free,"Sao Paulo, Brazil",mens-swimming-and-diving,2023,-23.5506507,-46.6333824
Max Hunger,Free,"Montreal, Quebec",mens-swimming-and-diving,2023,45.5031824,-73.5698065
Max Kreidl,Fly/Back,"Boulder, Colo.",mens-swimming-and-diving,2023,40.0149856,-105.270545
Max Seidel,Breast/IM,"Lexington, Mass.",mens-swimming-and-diving,2023,42.4473175,-71.2245003
Mike Scornavacca,Fly/Free,"Denville, N.J.",mens-swimming-and-diving,2023,40.8922694,-74.4774255
Mitchell Schott,Free/Fly/IM,"Newport Beach, Calif.",mens-swimming-and-diving,2023,33.6170092,-117.9294401
Nicholas Lim,,"Hong Kong, Hong Kong",mens-swimming-and-diving,2023,22.2818333,114.1582831
Noah Sech,IM/Breast,"San Clemente, Calif",mens-swimming-and-diving,2023,33.4270275,-117.6124179
Parker Lenoce,Back/Free/IM,"Westport, Conn.",mens-swimming-and-diving,2023,41.1414855,-73.3578955
Peyton Werner,,"Boyds, Md.",mens-swimming-and-diving,2023,39.1840886,-77.3122325
Rasmus Makela,Free,"Pori, Finland",mens-swimming-and-diving,2023,61.4866126,21.7972071
Taso Callanan,Diving,"Columbus, Ohio",mens-swimming-and-diving,2023,39.9622601,-83.0007065
Tyler Hong,IM/Fly/Back,"Westlake, Ohio",mens-swimming-and-diving,2023,41.4553232,-81.9179174
Yanning Zhang,Back/Free/IM,"Melbourne, Australia",mens-swimming-and-diving,2023,-37.8142454,144.9631732
Zev Schuman,Fly/Free,"Fairfax, Calif.",mens-swimming-and-diving,2023,37.9872935,-122.587967
Aidan Wang,Diving,"North Potomac, Md.",mens-swimming-and-diving,2024,39.0985183,-77.2377429
Andrew Zou,Breast/IM,"Austin, Texas",mens-swimming-and-diving,2024,30.2711286,-97.7436995
Arthur Balva,IM/Fly,"Palo Alto, Calif.",mens-swimming-and-diving,2024,37.4443293,-122.1598465
Ben Romig,Diving,"Houston, Texas",mens-swimming-and-diving,2024,29.7589382,-95.3676974
Billy Swartwout,Free/Back,"Amityville, N.Y.",mens-swimming-and-diving,2024,40.6789893,-73.4170673
Brett Feyerick,Back/Free,"Potomac, Md.",mens-swimming-and-diving,2024,39.0180508,-77.1956331
Conan Chen,Breast/IM,"Villanova, Pa.",mens-swimming-and-diving,2024,40.0411671,-75.3310527
Connor Buck,Free,"Durban, South Africa",mens-swimming-and-diving,2024,-29.8618145,31.009909
Conor McKenna,Free/Fly,"Frisco, Texas",mens-swimming-and-diving,2024,33.1505998,-96.8238183
Curan Palmer,Breast/IM,"Arlington, Va.",mens-swimming-and-diving,2024,38.8769326,-77.0893094
Daniel Kim,Free,"Demarest, N.J.",mens-swimming-and-diving,2024,40.9573205,-73.9634708
Daniel Li,Free/Back/IM,"Austin, Texas",mens-swimming-and-diving,2024,30.2711286,-97.7436995
Devyn Caples,IM/Free,"Pleasanton, Calif.",mens-swimming-and-diving,2024,37.6624312,-121.8746789
Finn Dowdall,Free/Fly,"Phoenix, Ariz.",mens-swimming-and-diving,2024,33.4484367,-112.074141
George Callanan,Diving,"Columbus, Ohio",mens-swimming-and-diving,2024,39.9622601,-83.0007065
Hunter Kim,IM/Fly,"Fort Lee, N.J.",mens-swimming-and-diving,2024,40.8509333,-73.9701382
James Pan,Breast/IM,"Maple Grove, Minn.",mens-swimming-and-diving,2024,45.0984983,-93.4419222
Kael Mlinek,Breast/Free,"Lincoln, Nebraska",mens-swimming-and-diving,2024,40.8088861,-96.7077751
Logan Noguchi,IM/Fly/Back/Free,"Encinitas, Calif.",mens-swimming-and-diving,2024,33.0431846,-117.2849848
Luca Fassi,Diving,"Altadena, Calif.",mens-swimming-and-diving,2024,34.1928193,-118.1374663
Lucas Strøbek,IM/Free,"Hellerup, Denmark",mens-swimming-and-diving,2024,55.7336657,12.5655408
Lucas Tudoras,Free,"Sao Paulo, Brazil",mens-swimming-and-diving,2024,-23.5506507,-46.6333824
Max Hunger,Free,"Montreal, Quebec",mens-swimming-and-diving,2024,45.5031824,-73.5698065
Max Marcus,Free,"St. Louis, Missouri",mens-swimming-and-diving,2024,38.6254063,-90.190009
Max Seidel,Breast/IM,"Lexington, Mass.",mens-swimming-and-diving,2024,42.4473175,-71.2245003
Mitchell Schott,Free/Fly/IM,"Newport Beach, Calif.",mens-swimming-and-diving,2024,33.6170092,-117.9294401
Noah Sech,IM/Breast,"San Clemente, Calif",mens-swimming-and-diving,2024,33.4270275,-117.6124179
Parker Lenoce,Back/Free/IM,"Westport, Conn.",mens-swimming-and-diving,2024,41.1414855,-73.3578955
Patrick Dinu,Free,"Constanta, Romania",mens-swimming-and-diving,2024,44.1767161,28.6507598
Rasmus Makela,Free,"Pori, Finland",mens-swimming-and-diving,2024,61.4866126,21.7972071
Santiago Gutierrez,Free,Ciudad de México,mens-swimming-and-diving,2024,19.3207722,-99.1514678
Tomaz Chevres,Free,"Princeton Junction, N.J.",mens-swimming-and-diving,2024,40.3159898,-74.6241189
Tyler Hong,IM/Fly/Back,"Westlake, Ohio",mens-swimming-and-diving,2024,41.4553232,-81.9179174
Yanning Zhang,Back/Free/IM,"Melbourne, Australia",mens-swimming-and-diving,2024,-37.8142454,144.9631732
Zev Schuman,Fly/Free,"Fairfax, Calif.",mens-swimming-and-diving,2024,37.9872935,-122.587967
Aidan Wang,Diving,"North Potomac, Md.",mens-swimming-and-diving,2025,39.0985183,-77.2377429
Alex Townsend,Breast/Free/Fly/IM,"Raleigh, N.C.",mens-swimming-and-diving,2025,35.7803977,-78.6390989
Andrew Zou,Breast/IM,"Austin, Texas",mens-swimming-and-diving,2025,30.2711286,-97.7436995
Anuthra Abeysinghe,Breast,"Madison, N.J.",mens-swimming-and-diving,2025,40.7598227,-74.417097
Arthur Balva,IM/Fly,"Palo Alto, Calif.",mens-swimming-and-diving,2025,37.4443293,-122.1598465
Ben Romig,Diving,"Houston, Texas",mens-swimming-and-diving,2025,29.7589382,-95.3676974
Chase Sorosky,Diving,"Phoenix, Ariz.",mens-swimming-and-diving,2025,33.4484367,-112.074141
Cole Kawaja,Free,"Portola Valley, Calif.",mens-swimming-and-diving,2025,37.3736298,-122.219047
Conan Chen,Breast/IM,"Villanova, Pa.",mens-swimming-and-diving,2025,40.0411671,-75.3310527
Connor Buck,Free,"Durban, South Africa",mens-swimming-and-diving,2025,-29.8618145,31.009909
Conor McKenna,Free/Fly,"Frisco, Texas",mens-swimming-and-diving,2025,33.1505998,-96.8238183
Curan Palmer,Breast/IM,"Arlington, Va.",mens-swimming-and-diving,2025,38.8769326,-77.0893094
Daniel Kim,Free,"Demarest, N.J.",mens-swimming-and-diving,2025,40.9573205,-73.9634708
Daniel Li,Free/Back/IM,"Austin, Texas",mens-swimming-and-diving,2025,30.2711286,-97.7436995
Devyn Caples,IM/Free,"Pleasanton, Calif.",mens-swimming-and-diving,2025,37.6624312,-121.8746789
Jack Haley,Free/Fly/IM,"New Canaan, Conn.",mens-swimming-and-diving,2025,41.146763,-73.4948446
Jake Tarara,Free/Back,"Carmel, Ind.",mens-swimming-and-diving,2025,39.9784186,-86.1283681
James Pan,Breast/IM,"Maple Grove, Minn.",mens-swimming-and-diving,2025,45.0984983,-93.4419222
Jiarui Xue,Free/IM,"Edina, Minn.",mens-swimming-and-diving,2025,44.8897027,-93.3501222
John Rusnock,Breast/Fly/IM,"Suffield, Conn.",mens-swimming-and-diving,2025,41.9816944,-72.6506604
Keian Lam,Breast/IM,"Naperville, Ill.",mens-swimming-and-diving,2025,41.7728699,-88.1479278
Logan Noguchi,IM/Fly/Back/Free,"Encinitas, Calif.",mens-swimming-and-diving,2025,33.0431846,-117.2849848
Luca Fassi,Diving,"Altadena, Calif.",mens-swimming-and-diving,2025,34.1928193,-118.1374663
Lucas Strøbek,IM/Free,"Hellerup, Denmark",mens-swimming-and-diving,2025,55.7336657,12.5655408
Lucas Tudoras,Free,"Sao Paulo, Brazil",mens-swimming-and-diving,2025,-23.5506507,-46.6333824
Luka Martinovic,Diving,"Zagreb, Croatia",mens-swimming-and-diving,2025,45.8130967,15.9772795
Max Marcus,Free,"St. Louis, Missouri",mens-swimming-and-diving,2025,38.6254063,-90.190009
Mitchell Schott,Free/Fly/IM,"Newport Beach, Calif.",mens-swimming-and-diving,2025,33.6170092,-117.9294401
Oliver Rowe,Free/Fly,"Round Rock, Texas",mens-swimming-and-diving,2025,30.5085915,-97.6788056
Parker Lenoce,Back/Free/IM,"Westport, Conn.",mens-swimming-and-diving,2025,41.1414855,-73.3578955
Patrick Dinu,Free,"Constanta, Romania",mens-swimming-and-diving,2025,44.1767161,28.6507598
Rasmus Makela,Free,"Pori, Finland",mens-swimming-and-diving,2025,61.4866126,21.7972071
Santiago Gutierrez,Free,Ciudad de México,mens-swimming-and-diving,2025,19.3207722,-99.1514678
Taso Callanan,Diving,"Columbus, Ohio",mens-swimming-and-diving,2025,39.9622601,-83.0007065
Tomaz Chevres,Free,"Princeton Junction, N.J.",mens-swimming-and-diving,2025,40.3159898,-74.6241189
Yanning Zhang,Back/Free/IM,"Melbourne, Australia",mens-swimming-and-diving,2025,-37.8142454,144.9631732
Aidan Wang,Diving,"North Potomac, Md.",mens-swimming-and-diving,2026,39.0985183,-77.2377429
Alex Townsend,Breast/Free/Fly/IM,"Raleigh, N.C.",mens-swimming-and-diving,2026,35.7803977,-78.6390989
Andrew Zou,Breast/IM,"Austin, Texas",mens-swimming-and-diving,2026,30.2711286,-97.7436995
Anuthra Abeysinghe,Breast,"Madison, N.J.",mens-swimming-and-diving,2026,40.7598227,-74.417097
Arthur Balva,IM/Fly,"Palo Alto, Calif.",mens-swimming-and-diving,2026,37.4443293,-122.1598465
Ben Controneo,Free,"Sydney, Australia",mens-swimming-and-diving,2026,-33.8698439,151.2082848
Ben Romig,Diving,"Houston, Texas",mens-swimming-and-diving,2026,29.7589382,-95.3676974
Chase Sorosky,Diving,"Phoenix, Ariz.",mens-swimming-and-diving,2026,33.4484367,-112.074141
Cole Kawaja,Free,"Portola Valley, Calif.",mens-swimming-and-diving,2026,37.3736298,-122.219047
Conan Chen,Breast/IM,"Villanova, Pa.",mens-swimming-and-diving,2026,40.0411671,-75.3310527
Connor Buck,Free,"Durban, South Africa",mens-swimming-and-diving,2026,-29.8618145,31.009909
Curan Palmer,Breast/IM,"Arlington, Va.",mens-swimming-and-diving,2026,38.8769326,-77.0893094
Daniel Li,Free/Back/IM,"Austin, Texas",mens-swimming-and-diving,2026,30.2711286,-97.7436995
Devyn Caples,IM/Free,"Pleasanton, Calif.",mens-swimming-and-diving,2026,37.6624312,-121.8746789
Eugene Fedutinov,Breast,"Portland, Oregon",mens-swimming-and-diving,2026,45.5202471,-122.674194
Ewan Pederson,Free/Back,"Somerset, U.K.",mens-swimming-and-diving,2026,41.8523707,-121.991118
Isaiah Tucker,Fly/Back,"Kennesaw, Ga.",mens-swimming-and-diving,2026,34.0234337,-84.6154897
Jack Haley,Free/Fly/IM,"New Canaan, Conn.",mens-swimming-and-diving,2026,41.146763,-73.4948446
Jake Tarara,Free/Back,"Carmel, Ind.",mens-swimming-and-diving,2026,39.9784186,-86.1283681
Jiarui Xue,Free/IM,"Edina, Minn.",mens-swimming-and-diving,2026,44.8897027,-93.3501222
John Rusnock,Breast/Fly/IM,"Suffield, Conn.",mens-swimming-and-diving,2026,41.9816944,-72.6506604
Kael Mlinek,Breast/Free,"Lincoln, Nebraska",mens-swimming-and-diving,2026,40.8088861,-96.7077751
Keian Lam,Breast/IM,"Naperville, Ill.",mens-swimming-and-diving,2026,41.7728699,-88.1479278
Logan Noguchi,IM/Fly/Back/Free,"Encinitas, Calif.",mens-swimming-and-diving,2026,33.0431846,-117.2849848
Luca Fassi,Diving,"Altadena, Calif.",mens-swimming-and-diving,2026,34.1928193,-118.1374663
Luka Martinovic,Diving,"Zagreb, Croatia",mens-swimming-and-diving,2026,45.8130967,15.9772795
Max Marcus,Free,"St. Louis, Missouri",mens-swimming-and-diving,2026,38.6254063,-90.190009
Michael Geh,Back/Free,"New York, N.Y.",mens-swimming-and-diving,2026,40.7127281,-74.0060152
Noah Sech,IM/Breast,"San Clemente, Calif",mens-swimming-and-diving,2026,33.4270275,-117.6124179
Odin Hsu,Free,"Wexford, P.A.",mens-swimming-and-diving,2026,40.6264561,-80.055891
Oliver Rowe,Free/Fly,"Round Rock, Texas",mens-swimming-and-diving,2026,30.5085915,-97.6788056
Parker Lenoce,Back/Free/IM,"Westport, Conn.",mens-swimming-and-diving,2026,41.1414855,-73.3578955
Patrick Dinu,Free,"Constanta, Romania",mens-swimming-and-diving,2026,44.1767161,28.6507598
Peter Vu,Free/Breast,"Fountain Valley, Calif.",mens-swimming-and-diving,2026,33.7038145,-117.9627349
Santiago Gutierrez,Free,Ciudad de México,mens-swimming-and-diving,2026,19.3207722,-99.1514678
Tomaz Chevres,Free,"Princeton Junction, N.J.",mens-swimming-and-diving,2026,40.3159898,-74.6241189
Yanning Zhang,Back/Free/IM,"Melbourne, Australia",mens-swimming-and-diving,2026,-37.8142454,144.9631732
Yury Kuzmenko,Free/Fly,"San Jose, Calif.",mens-swimming-and-diving,2026,37.3361663,-121.890591
Alex Day,,"Vancouver, B.C.",mens-tennis,2016,49.2608724,-123.113952
Ben Tso,,"Lexington, Mass.",mens-tennis,2016,42.4473175,-71.2245003
Davey Roberts,,"Palm Coast, Fla.",mens-tennis,2016,29.5541432,-81.2207673
Diego Vives,,"Santiago, Chile",mens-tennis,2016,-33.4376995,-70.6510671
Eduardo Paz,,"Santa Cruz, Bolivia",mens-tennis,2016,-17.7834217,-63.1820853
Jimmy Wasserman,,"New York, N.Y.",mens-tennis,2016,40.7127281,-74.0060152
Jonathan Carcione,,"Franklin Lakes, N.J.",mens-tennis,2016,41.0167639,-74.2057012
Josh Yablon,,"New York, N.Y.",mens-tennis,2016,40.7127281,-74.0060152
Kial Kaiser,,"Saratoga, Calif.",mens-tennis,2016,37.2638324,-122.0230146
Luke Gamble,,"Boise, Idaho",mens-tennis,2016,43.6166163,-116.200886
Payton Holden,,"Austin, Texas",mens-tennis,2016,30.2711286,-97.7436995
Tom Colautti,,"London, England",mens-tennis,2016,51.5074456,-0.1277653
Ben Tso,,"Lexington, Mass.",mens-tennis,2017,42.4473175,-71.2245003
Damian Rodriguez,,"Cobham, Surrey, U.K.",mens-tennis,2017,51.3300079,-0.4120821
Davey Roberts,,"Palm Coast, Fla.",mens-tennis,2017,29.5541432,-81.2207673
Diego Vives,,"Santiago, Chile",mens-tennis,2017,-33.4376995,-70.6510671
Eduardo Paz,,"Santa Cruz, Bolivia",mens-tennis,2017,-17.7834217,-63.1820853
Jimmy Wasserman,,"New York, N.Y.",mens-tennis,2017,40.7127281,-74.0060152
Kabir Sarita,,"West Windsor, N.J.",mens-tennis,2017,40.2971798,-74.6206496
Kial Kaiser,,"Saratoga, Calif.",mens-tennis,2017,37.2638324,-122.0230146
Luke Gamble,,"Boise, Idaho",mens-tennis,2017,43.6166163,-116.200886
Noah Agarwal,,"New York, N.Y.",mens-tennis,2017,40.7127281,-74.0060152
Payton Holden,,"Austin, Texas",mens-tennis,2017,30.2711286,-97.7436995
Ryan Seggerman,,"Coronado, Calif.",mens-tennis,2017,32.6915199,-117.1766947
Bill Duo,,"Portage, Mich.",mens-tennis,2018,42.2011538,-85.5800022
Damian Rodriguez,,"Cobham, Surrey, U.K.",mens-tennis,2018,51.3300079,-0.4120821
Davey Roberts,,"Palm Coast, Fla.",mens-tennis,2018,29.5541432,-81.2207673
Jimmy Wasserman,,"New York, N.Y.",mens-tennis,2018,40.7127281,-74.0060152
Justin Barki,,"Jakarta, Indonesia",mens-tennis,2018,-6.1754049,106.827168
Kabir Sarita,,"West Windsor, N.J.",mens-tennis,2018,40.2971798,-74.6206496
Karl Poling,,"West Point, N.Y.",mens-tennis,2018,41.3912693,-73.9658803
Noah Agarwal,,"New York, N.Y.",mens-tennis,2018,40.7127281,-74.0060152
Payton Holden,,"Austin, Texas",mens-tennis,2018,30.2711286,-97.7436995
Ryan Seggerman,,"Coronado, Calif.",mens-tennis,2018,32.6915199,-117.1766947
Will Peters,,"Duxbury, Mass.",mens-tennis,2018,42.0417695,-70.672259
Bill Duo,,"Portage, Mich.",mens-tennis,2019,42.2011538,-85.5800022
Damian Rodriguez,,"Cobham, Surrey, U.K.",mens-tennis,2019,51.3300079,-0.4120821
Davey Roberts,,"Palm Coast, Fla.",mens-tennis,2019,29.5541432,-81.2207673
Justin Barki,,"Jakarta, Indonesia",mens-tennis,2019,-6.1754049,106.827168
Kabir Sarita,,"West Windsor, N.J.",mens-tennis,2019,40.2971798,-74.6206496
Karl Poling,,"West Point, N.Y.",mens-tennis,2019,41.3912693,-73.9658803
Noah Agarwal,,"New York, N.Y.",mens-tennis,2019,40.7127281,-74.0060152
Payton Holden,,"Austin, Texas",mens-tennis,2019,30.2711286,-97.7436995
Ryan Seggerman,,"Coronado, Calif.",mens-tennis,2019,32.6915199,-117.1766947
Thomas Bosancic,,"Melbourne, Australia",mens-tennis,2019,-37.8142454,144.9631732
Will Peters,,"Duxbury, Mass.",mens-tennis,2019,42.0417695,-70.672259
Ben Smith,,"Windsor, England",mens-tennis,2020,51.4837886,-0.6040419
Bill Duo,,"Portage, Mich.",mens-tennis,2020,42.2011538,-85.5800022
Damian Rodriguez,,"Cobham, Surrey, U.K.",mens-tennis,2020,51.3300079,-0.4120821
Justin Barki,,"Jakarta, Indonesia",mens-tennis,2020,-6.1754049,106.827168
Kabir Sarita,,"West Windsor, N.J.",mens-tennis,2020,40.2971798,-74.6206496
Karl Poling,,"West Point, N.Y.",mens-tennis,2020,41.3912693,-73.9658803
Noah Agarwal,,"New York, N.Y.",mens-tennis,2020,40.7127281,-74.0060152
Thomas Bosancic,,"Melbourne, Australia",mens-tennis,2020,-37.8142454,144.9631732
Will Peters,,"Duxbury, Mass.",mens-tennis,2020,42.0417695,-70.672259
Aidan Mahoney,,"Lake Charles, La.",mens-tennis,2021,30.2305095,-93.2169807
Alan Kam,,"Mexico City, Mexico",mens-tennis,2021,19.3207722,-99.1514678
Ben Smith,,"Windsor, England",mens-tennis,2021,51.4837886,-0.6040419
Bill Duo,,"Portage, Mich.",mens-tennis,2021,42.2011538,-85.5800022
Damian Rodriguez,,"Cobham, Surrey, U.K.",mens-tennis,2021,51.3300079,-0.4120821
Filippos Astreinidis,,"Athens, Greece",mens-tennis,2021,37.9755648,23.7348324
Justin Barki,,"Jakarta, Indonesia",mens-tennis,2021,-6.1754049,106.827168
Karl Poling,,"West Point, N.Y.",mens-tennis,2021,41.3912693,-73.9658803
Matthew Bosancic,,"Melbourne, Australia",mens-tennis,2021,-37.8142454,144.9631732
Ryan Seggerman,,"Coronado, Calif.",mens-tennis,2021,32.6915199,-117.1766947
Thomas Bosancic,,"Melbourne, Australia",mens-tennis,2021,-37.8142454,144.9631732
Will Peters,,"Duxbury, Mass.",mens-tennis,2021,42.0417695,-70.672259
Aidan Mahoney,,"Lake Charles, La.",mens-tennis,2022,30.2305095,-93.2169807
Alan Kam,,"Mexico City, Mexico",mens-tennis,2022,19.3207722,-99.1514678
Ben Smith,,"Windsor, England",mens-tennis,2022,51.4837886,-0.6040419
Ellis Short,,"Boca Raton, Fla.",mens-tennis,2022,26.3586885,-80.0830984
Filippos Astreinidis,,"Athens, Greece",mens-tennis,2022,37.9755648,23.7348324
Fnu Nidunjianzan,,"Bradenton, Fla.",mens-tennis,2022,27.4989278,-82.5748194
Matthew Bosancic,,"Melbourne, Australia",mens-tennis,2022,-37.8142454,144.9631732
Sebastian Sec,,"New York, N.Y.",mens-tennis,2022,40.7127281,-74.0060152
Thomas Bosancic,,"Melbourne, Australia",mens-tennis,2022,-37.8142454,144.9631732
Will Peters,,"Duxbury, Mass.",mens-tennis,2022,42.0417695,-70.672259
Aidan Mahoney,,"Lake Charles, La.",mens-tennis,2023,30.2305095,-93.2169807
Alan Kam,,"Mexico City, Mexico",mens-tennis,2023,19.3207722,-99.1514678
Aleksandar Mitric,,"Toronto, Canada",mens-tennis,2023,43.6534817,-79.3839347
Ben Smith,,"Windsor, England",mens-tennis,2023,51.4837886,-0.6040419
Ellis Short,,"Boca Raton, Fla.",mens-tennis,2023,26.3586885,-80.0830984
Evan Wen,,"Morristown, N.J.",mens-tennis,2023,40.7970382,-74.4809868
Filippos Astreinidis,,"Athens, Greece",mens-tennis,2023,37.9755648,23.7348324
Fnu Nidunjianzan,,"Bradenton, Fla.",mens-tennis,2023,27.4989278,-82.5748194
Landon Ardila,,"Plano, Texas",mens-tennis,2023,33.0136764,-96.6925096
Matthew Bosancic,,"Melbourne, Australia",mens-tennis,2023,-37.8142454,144.9631732
Paul Inchauspe,,"Biarritz, France",mens-tennis,2023,43.4832523,-1.5592776
Sebastian Sec,,"New York, N.Y.",mens-tennis,2023,40.7127281,-74.0060152
Aidan Mahoney,,"Lake Charles, La.",mens-tennis,2024,30.2305095,-93.2169807
Alan Kam,,"Mexico City, Mexico",mens-tennis,2024,19.3207722,-99.1514678
Aleksandar Mitric,,"Toronto, Canada",mens-tennis,2024,43.6534817,-79.3839347
Ellis Short,,"Boca Raton, Fla.",mens-tennis,2024,26.3586885,-80.0830984
Evan Wen,,"Morristown, N.J.",mens-tennis,2024,40.7970382,-74.4809868
Filippos Astreinidis,,"Athens, Greece",mens-tennis,2024,37.9755648,23.7348324
Fnu Nidunjianzan,,"Bradenton, Fla.",mens-tennis,2024,27.4989278,-82.5748194
Landon Ardila,,"Plano, Texas",mens-tennis,2024,33.0136764,-96.6925096
Matthew Bosancic,,"Melbourne, Australia",mens-tennis,2024,-37.8142454,144.9631732
Meecah Bigun,,"West Hollywood, Fla.",mens-tennis,2024,26.0206457,-80.1839357
Milan Markovits,,"Budapest, Hungary",mens-tennis,2024,47.481849,19.1449053
Paul Inchauspe,,"Biarritz, France",mens-tennis,2024,43.4832523,-1.5592776
Sebastian Sec,,"New York, N.Y.",mens-tennis,2024,40.7127281,-74.0060152
Aleksandar Mitric,,"Toronto, Canada",mens-tennis,2025,43.6534817,-79.3839347
Ellis Short,,"Boca Raton, Fla.",mens-tennis,2025,26.3586885,-80.0830984
Evan Wen,,"Morristown, N.J.",mens-tennis,2025,40.7970382,-74.4809868
Fnu Nidunjianzan,,"Bradenton, Fla.",mens-tennis,2025,27.4989278,-82.5748194
Jordan Reznik,,"Great Neck, N.Y.",mens-tennis,2025,40.80292,-73.7360177
Landon Ardila,,"Plano, Texas",mens-tennis,2025,33.0136764,-96.6925096
Meecah Bigun,,"West Hollywood, Fla.",mens-tennis,2025,26.0206457,-80.1839357
Milan Markovits,,"Budapest, Hungary",mens-tennis,2025,47.481849,19.1449053
Paul Inchauspe,,"Biarritz, France",mens-tennis,2025,43.4832523,-1.5592776
Sawyer Severance,,"Charleston, S.C.",mens-tennis,2025,32.7884363,-79.9399309
Sebastian Sec,,"New York, N.Y.",mens-tennis,2025,40.7127281,-74.0060152
Aleksandar Mitric,,"Toronto, Canada",mens-tennis,2026,43.6534817,-79.3839347
Alex Luo,,"Chengdu, China",mens-tennis,2026,30.659867,104.063315
Evan Wen,,"Morristown, N.J.",mens-tennis,2026,40.7970382,-74.4809868
Ford McCollum,,"Los Angeles, Calif.",mens-tennis,2026,34.0536909,-118.242766
Jordan Reznik,,"Great Neck, N.Y.",mens-tennis,2026,40.80292,-73.7360177
Landon Ardila,,"Plano, Texas",mens-tennis,2026,33.0136764,-96.6925096
Meecah Bigun,,"West Hollywood, Fla.",mens-tennis,2026,26.0206457,-80.1839357
Milan Markovits,,"Budapest, Hungary",mens-tennis,2026,47.481849,19.1449053
Paul Inchauspe,,"Biarritz, France",mens-tennis,2026,43.4832523,-1.5592776
Sawyer Severance,,"Charleston, S.C.",mens-tennis,2026,32.7884363,-79.9399309
Simeon Stankovic,,"Belgrade, Serbia",mens-tennis,2026,44.8153318,20.4456588
Adam Kelly,Throws,"Barrington, R.I.",mens-track-and-field,2016,41.7407661,-71.3084633
Andrew Diehl,Jumps,"Wayne, Pa.",mens-track-and-field,2016,41.6264414,-75.3045103
August Kiles,Pole Vault,"Mill Valley, Calif.",mens-track-and-field,2016,37.9060368,-122.5449763
Ben Gaylord,Jumps,"Studio City, Calif.",mens-track-and-field,2016,34.1483989,-118.3961877
Ben Jacobson,Mid. Distance,"Lexington, Mass.",mens-track-and-field,2016,42.4473175,-71.2245003
Brennan O'Connor,Sprints,"Greenville, S.C.",mens-track-and-field,2016,34.851354,-82.3984882
Brent Albertson,Sprints,"Flanagan, Ill.",mens-track-and-field,2016,40.8780891,-88.8611818
Bryant Switzer,Sprints,"Mansfield, Ohio",mens-track-and-field,2016,40.75839,-82.5154471
Carrington Akosa,Sprints,"Baltimore, Md.",mens-track-and-field,2016,39.2908816,-76.610759
Chance Melancon,Sprints,"Allen, Texas",mens-track-and-field,2016,33.1031744,-96.6705503
Charlie Volker,Sprints,"Fair Haven, N.J.",mens-track-and-field,2016,40.3606653,-74.0381947
Christian Fryer-Davis,Sprints/Hurdles,"Kitchener, Ontario",mens-track-and-field,2016,43.451291,-80.4927815
Christopher Cook,Throws,"Washington, D.C.",mens-track-and-field,2016,38.8950982,-77.0363849
Cole Bransford,Mid. Distance,"McLean, Va.",mens-track-and-field,2016,38.9366852,-77.185843
Colin Reilly,Jumps,"Bloomington, Ind.",mens-track-and-field,2016,39.1670396,-86.5342881
Connor Matthews,Sprints,"Helena, Mont.",mens-track-and-field,2016,46.5927425,-112.036277
Conor Lundy,Mid. Distance,"Tuckahoe, N.Y.",mens-track-and-field,2016,40.9051175,-72.4393477
Daniel Afolabi,Sprints/Hurdles,"West Lafayette, Ind.",mens-track-and-field,2016,40.4258686,-86.9080655
Eric Schulz,Mid. Distance,"Seattle, Wash.",mens-track-and-field,2016,47.6038321,-122.330062
Franklin Aririguzoh,Mid. Distance,"Ewing, N.J.",mens-track-and-field,2016,40.2688105,-74.8006895
Gab Montefalcone,Hurdles/Mid. Distance,"Rome, Italy",mens-track-and-field,2016,41.8933203,12.4829321
Gabe Arcaro,Throws,"Burlington, Mass.",mens-track-and-field,2016,42.5048167,-71.1956111
Gannon Willcutts,Distance,"Crozet, Va.",mens-track-and-field,2016,38.065017,-78.690893
Garrett O'Toole,Mid. Distance,"Weston, Mass.",mens-track-and-field,2016,42.3667625,-71.3031132
Gavin Gaynor,Distance,"Hudson, Ohio",mens-track-and-field,2016,41.240056,-81.440667
Greg Leeper,Hurdles,"Rockaway, N.J.",mens-track-and-field,2016,40.9013539,-74.5138157
Harry Lord,Throws/Combined,"Knutsford, England",mens-track-and-field,2016,53.3033492,-2.3705745
JC Colangelo,Sprints,"Canton, Ohio",mens-track-and-field,2016,40.7985464,-81.3749508
Jabari Johnson,Sprints,"Randolph, Mass.",mens-track-and-field,2016,42.1626018,-71.0413386
Jack Leahey,Distance,"Dunwoody, Ga.",mens-track-and-field,2016,33.9463786,-84.3342686
James Burns,Hurdles,"Port Washington, N.Y.",mens-track-and-field,2016,40.8263965,-73.684993
Jared Bell,Throws,"Portland, Maine",mens-track-and-field,2016,43.6573605,-70.2586618
Jared Lee,Mid. Distance,"Norwalk, Ohio",mens-track-and-field,2016,41.2424219,-82.6155745
Jeremy Spiezio,Mid. Distance,"Greenwich, N.Y.",mens-track-and-field,2016,43.0903515,-73.4993904
Jesse Thibodeau,Sprints/Jumps,"Rigaud, Quebec",mens-track-and-field,2016,45.4794481,-74.3019608
Joey Daniels,Hurdles/Sprints,"Kitchener, Ont.",mens-track-and-field,2016,43.451291,-80.4927815
Joseph McGrath,Sprints,"Doncaster, England",mens-track-and-field,2016,53.5227681,-1.1335312
Josh Billington,Sprints,"Woodlands, Australia",mens-track-and-field,2016,-27.612166,152.2873546
Josh Freeman,Sprints,"Chesapeake, Va.",mens-track-and-field,2016,36.7168315,-76.2494453
Josh Ingalls,Mid. Distance,"Snellville, Ga.",mens-track-and-field,2016,33.857328,-84.0199108
Justice Dixon,Sprints/Combined,"Jacksonville, Fla.",mens-track-and-field,2016,30.3262247,-81.6579179
Kenan Farmer,Distance,"Marietta, Ga.",mens-track-and-field,2016,33.952845,-84.5496054
Liam Mullett,Distance,"Madison, N.J.",mens-track-and-field,2016,40.7598227,-74.417097
Luqman Issah,Jumps,"Orangeburg, N.Y.",mens-track-and-field,2016,41.0514735,-73.9343136
Maxwell Schwegman,Sprints,"Birmingham, Mich.",mens-track-and-field,2016,42.5467012,-83.2113192
Michael Zupko,Mid. Distance,"Old Bridge, N.J.",mens-track-and-field,2016,40.399178,-74.3409036
Mike Seaton,Sprints,"Simi Valley, Calif.",mens-track-and-field,2016,34.2677404,-118.7538071
Mitchel Charles,Throws,"Rancho Palos Verdes, Calif.",mens-track-and-field,2016,33.7483311,-118.3707683
Noah Kauppila,Mid. Distance,"St. Louis, Mo.",mens-track-and-field,2016,38.6254063,-90.190009
Perrin Hagge,Mid. Distance,"Middleton, Wisc.",mens-track-and-field,2016,43.0962919,-89.5119565
Phillip Frost,Sprints/Jumps,"Fort Worth, Texas",mens-track-and-field,2016,32.753177,-97.3327459
Ramon Ayala,MD,"Cantua Creek, Calif.",mens-track-and-field,2016,36.5011795,-120.316113
Ray Mennin,Jumps,"Bethlehem, Conn.",mens-track-and-field,2016,41.6393626,-73.2080798
Rob Stone,Mid. Distance,"Short Hills, N.J.",mens-track-and-field,2016,40.7381585,-74.3377392
Ryan Ozminkowski,Combined,"Lodi, Calif.",mens-track-and-field,2016,38.1342805,-121.2736022
Sebastian Silveira,Hurdles,"Andover, Mass.",mens-track-and-field,2016,42.65717,-71.1408776
Spencer Long,Hurdles,"Fort Collins, Colo.",mens-track-and-field,2016,40.5871782,-105.0770113
Stefan Amokwandoh,Jumps,"South Croydon, Great Britain",mens-track-and-field,2016,51.3629173,-0.0933556
Steven Sum,Mid. Distance,"Saratoga, Calif.",mens-track-and-field,2016,37.2638324,-122.0230146
Vic Youn,Throws,"Old Tappan, N.J.",mens-track-and-field,2016,41.0106971,-73.9911073
Victor Du,Jumps,"Palo Alto, Calif.",mens-track-and-field,2016,37.4443293,-122.1598465
Viraj Deokar,Distance,"Acton, Mass.",mens-track-and-field,2016,42.4850931,-71.43284
William Bertrand,Distance,"Clarksburg, Md.",mens-track-and-field,2016,39.2195565,-77.2678413
William Paulson,Distance,"Tetbury, England",mens-track-and-field,2016,51.639272,-2.1594783
Wolfgang Beck,Distance,"Gig Harbor, Wash.",mens-track-and-field,2016,47.3259697,-122.5878659
Xavier Bledsoe,Jumps,"St. Louis, Mo.",mens-track-and-field,2016,38.6254063,-90.190009
Zach Albright,Mid. Distance,"Covington, La.",mens-track-and-field,2016,30.4753525,-90.1010474
Adam Bear,Mid. Distance,"Charlotte, N.C.",mens-track-and-field,2017,35.2272086,-80.8430827
Adam Kelly,Throws,"Barrington, R.I.",mens-track-and-field,2017,41.7407661,-71.3084633
Andrew Diehl,Jumps,"Wayne, Pa.",mens-track-and-field,2017,41.6264414,-75.3045103
August Kiles,Pole Vault,"Mill Valley, Calif.",mens-track-and-field,2017,37.9060368,-122.5449763
Austin Carbone,Sprints,"Richardson, Texas",mens-track-and-field,2017,32.9481789,-96.7297206
Ben Jacobson,Mid. Distance,"Lexington, Mass.",mens-track-and-field,2017,42.4473175,-71.2245003
Brennan O'Connor,Sprints,"Greenville, S.C.",mens-track-and-field,2017,34.851354,-82.3984882
Carrington Akosa,Sprints,"Baltimore, Md.",mens-track-and-field,2017,39.2908816,-76.610759
Charlie Volker,Sprints,"Fair Haven, N.J.",mens-track-and-field,2017,40.3606653,-74.0381947
Cole Bransford,Mid. Distance,"McLean, Va.",mens-track-and-field,2017,38.9366852,-77.185843
Cole Sandvold,Mid. Distance,"Oconomowoc, Wisc.",mens-track-and-field,2017,43.1116731,-88.4992659
Connor Matthews,Sprints,"Helena, Mont.",mens-track-and-field,2017,46.5927425,-112.036277
Conor Lundy,Mid. Distance,"Tuckahoe, N.Y.",mens-track-and-field,2017,40.9051175,-72.4393477
Daniel Afolabi,Sprints/Hurdles,"West Lafayette, Ind.",mens-track-and-field,2017,40.4258686,-86.9080655
Drake Anzano,Mid. Distance,"Toms River, N.J.",mens-track-and-field,2017,39.9528389,-74.196741
Ed Trippas,Distance,"Sydney, Australia",mens-track-and-field,2017,-33.8698439,151.2082848
Eric Schulz,Mid. Distance,"Seattle, Wash.",mens-track-and-field,2017,47.6038321,-122.330062
Franklin Aririguzoh,Mid. Distance,"Ewing, N.J.",mens-track-and-field,2017,40.2688105,-74.8006895
Gab Montefalcone,Hurdles/Mid. Distance,"Rome, Italy",mens-track-and-field,2017,41.8933203,12.4829321
Gabe Arcaro,Throws,"Burlington, Mass.",mens-track-and-field,2017,42.5048167,-71.1956111
Gannon Willcutts,Distance,"Crozet, Va.",mens-track-and-field,2017,38.065017,-78.690893
Garrett O'Toole,Mid. Distance,"Weston, Mass.",mens-track-and-field,2017,42.3667625,-71.3031132
Gilron Tsabkevich,Jumps,"Petah Tiqwa, Israel",mens-track-and-field,2017,32.0906377,34.876529
Harry Lord,Throws/Combined,"Knutsford, England",mens-track-and-field,2017,53.3033492,-2.3705745
JC Colangelo,Sprints,"Canton, Ohio",mens-track-and-field,2017,40.7985464,-81.3749508
Jack Cahillane,Pole Vault,"Atlanta, Ga.",mens-track-and-field,2017,33.7544657,-84.3898151
James Burns,Hurdles,"Port Washington, N.Y.",mens-track-and-field,2017,40.8263965,-73.684993
Jeffrey Hollis,High Jump,"Leawood, Kan.",mens-track-and-field,2017,38.966673,-94.6169012
Jeffrey Lee-Heidenreich,High Jump,"Palo Alto, Calif.",mens-track-and-field,2017,37.4443293,-122.1598465
Jeremy Spiezio,Mid. Distance,"Greenwich, N.Y.",mens-track-and-field,2017,43.0903515,-73.4993904
Jesse Thibodeau,Sprints/Jumps,"Rigaud, Quebec",mens-track-and-field,2017,45.4794481,-74.3019608
Joe Sartini,Mid. Distance,"Bryant, Ark.",mens-track-and-field,2017,34.5959045,-92.488348
Joey Daniels,Hurdles/Sprints,"Kitchener, Ont.",mens-track-and-field,2017,43.451291,-80.4927815
Joseph McGrath,Sprints,"Doncaster, England",mens-track-and-field,2017,53.5227681,-1.1335312
Josh Freeman,Sprints,"Chesapeake, Va.",mens-track-and-field,2017,36.7168315,-76.2494453
Josh Ingalls,Mid. Distance,"Snellville, Ga.",mens-track-and-field,2017,33.857328,-84.0199108
Justice Dixon,Sprints/Combined,"Jacksonville, Fla.",mens-track-and-field,2017,30.3262247,-81.6579179
Kelton Chastulik,Throws,"Chambersburg, Pa.",mens-track-and-field,2017,39.9375112,-77.6612586
Kenan Farmer,Distance,"Marietta, Ga.",mens-track-and-field,2017,33.952845,-84.5496054
Kevin Berry,Distance,"Marlboro, N.J.",mens-track-and-field,2017,39.4850245,-75.3211259
Lane Russell,Jumps,"Olympia, Wash.",mens-track-and-field,2017,47.0451022,-122.8950075
Liam Mullett,Distance,"Madison, N.J.",mens-track-and-field,2017,40.7598227,-74.417097
Matt Grossman,Distance,"Millburn, N.J.",mens-track-and-field,2017,40.7244443,-74.3069069
Maxwell Schwegman,Sprints,"Birmingham, Mich.",mens-track-and-field,2017,42.5467012,-83.2113192
Mike Seaton,Sprints,"Simi Valley, Calif.",mens-track-and-field,2017,34.2677404,-118.7538071
Mitchel Charles,Throws,"Rancho Palos Verdes, Calif.",mens-track-and-field,2017,33.7483311,-118.3707683
Noah Hurley,Pole Vault,"Pacheco, Calif.",mens-track-and-field,2017,37.990188,-122.0697504
Noah Kauppila,Mid. Distance,"St. Louis, Mo.",mens-track-and-field,2017,38.6254063,-90.190009
Perrin Hagge,Mid. Distance,"Middleton, Wisc.",mens-track-and-field,2017,43.0962919,-89.5119565
Phillip Frost,Sprints/Jumps,"Fort Worth, Texas",mens-track-and-field,2017,32.753177,-97.3327459
Ramon Ayala,MD,"Cantua Creek, Calif.",mens-track-and-field,2017,36.5011795,-120.316113
Rob Stone,Mid. Distance,"Short Hills, N.J.",mens-track-and-field,2017,40.7381585,-74.3377392
Robbie Otal,Throws,"Oak Park, Calif.",mens-track-and-field,2017,34.1792025,-118.7619719
Ryan Ozminkowski,Combined,"Lodi, Calif.",mens-track-and-field,2017,38.1342805,-121.2736022
Sam Ellis,Mid. Distance,"Decatur, Ga.",mens-track-and-field,2017,30.8736613,-84.5740953
Samuel Wright II,Throws,"Lawrenceville, Ga.",mens-track-and-field,2017,33.9566391,-83.9890066
Sebastian Silveira,Hurdles,"Andover, Mass.",mens-track-and-field,2017,42.65717,-71.1408776
Spencer Long,Hurdles,"Fort Collins, Colo.",mens-track-and-field,2017,40.5871782,-105.0770113
Stefan Amokwandoh,Jumps,"South Croydon, Great Britain",mens-track-and-field,2017,51.3629173,-0.0933556
Steven Sum,Mid. Distance,"Saratoga, Calif.",mens-track-and-field,2017,37.2638324,-122.0230146
Viraj Deokar,Distance,"Acton, Mass.",mens-track-and-field,2017,42.4850931,-71.43284
William Paulson,Distance,"Tetbury, England",mens-track-and-field,2017,51.639272,-2.1594783
Wolfgang Beck,Distance,"Gig Harbor, Wash.",mens-track-and-field,2017,47.3259697,-122.5878659
Zach Albright,Mid. Distance,"Covington, La.",mens-track-and-field,2017,30.4753525,-90.1010474
Adam Bear,Mid. Distance,"Charlotte, N.C.",mens-track-and-field,2018,35.2272086,-80.8430827
Adam Kelly,Throws,"Barrington, R.I.",mens-track-and-field,2018,41.7407661,-71.3084633
Andrei Iosivas,Sprints/Jumps,"Honolulu, Hawaii",mens-track-and-field,2018,21.304547,-157.855676
Andrew Diehl,Jumps,"Wayne, Pa.",mens-track-and-field,2018,41.6264414,-75.3045103
Austin Carbone,Sprints,"Richardson, Texas",mens-track-and-field,2018,32.9481789,-96.7297206
Austin Princewill,Jumps,"Kenton, England",mens-track-and-field,2018,51.5815255,-0.3166378
Aviram Shwarzbard,Jumps,"Kiryat Ono, Israel",mens-track-and-field,2018,32.0591691,34.8594303
Ben Jacobson,Mid. Distance,"Lexington, Mass.",mens-track-and-field,2018,42.4473175,-71.2245003
C.J. Licata,Throws,"Gladstone, N.J.",mens-track-and-field,2018,40.7202907,-74.6662746
Chandler Ault,Javelin,"Midland, Mich.",mens-track-and-field,2018,43.6155825,-84.2472117
Christian Brown,Hurdles,"Delray Beach, Fla.",mens-track-and-field,2018,26.4614625,-80.0728201
Cole Bransford,Mid. Distance,"McLean, Va.",mens-track-and-field,2018,38.9366852,-77.185843
Cole Sandvold,Mid. Distance,"Oconomowoc, Wisc.",mens-track-and-field,2018,43.1116731,-88.4992659
Connor Matthews,Sprints,"Helena, Mont.",mens-track-and-field,2018,46.5927425,-112.036277
Connor Scaglione,Throws,"Closter, N.J.",mens-track-and-field,2018,40.9731536,-73.9615262
Conor Lundy,Mid. Distance,"Tuckahoe, N.Y.",mens-track-and-field,2018,40.9051175,-72.4393477
Daniel Afolabi,Sprints/Hurdles,"West Lafayette, Ind.",mens-track-and-field,2018,40.4258686,-86.9080655
Dayo Abeeb,Jumps,"Wallingford, Pa.",mens-track-and-field,2018,39.9036359,-75.3716623
Drake Anzano,Mid. Distance,"Toms River, N.J.",mens-track-and-field,2018,39.9528389,-74.196741
Ed Trippas,Distance,"Sydney, Australia",mens-track-and-field,2018,-33.8698439,151.2082848
Eli Krahn,Distance,"Marine on Saint Croix, Minn.",mens-track-and-field,2018,45.1986675,-92.7696994
Fahd Nasser,Distance,"Jersey City, N.J.",mens-track-and-field,2018,40.7215682,-74.047455
Franklin Aririguzoh,Mid. Distance,"Ewing, N.J.",mens-track-and-field,2018,40.2688105,-74.8006895
Gab Montefalcone,Hurdles/Mid. Distance,"Rome, Italy",mens-track-and-field,2018,41.8933203,12.4829321
Gannon Willcutts,Distance,"Crozet, Va.",mens-track-and-field,2018,38.065017,-78.690893
Gilron Tsabkevich,Jumps,"Petah Tiqwa, Israel",mens-track-and-field,2018,32.0906377,34.876529
Greg Sholars,Sprints,"Fort Worth, Texas",mens-track-and-field,2018,32.753177,-97.3327459
Harry Lord,Throws/Combined,"Knutsford, England",mens-track-and-field,2018,53.3033492,-2.3705745
JC Colangelo,Sprints,"Canton, Ohio",mens-track-and-field,2018,40.7985464,-81.3749508
Jack Cahillane,Pole Vault,"Atlanta, Ga.",mens-track-and-field,2018,33.7544657,-84.3898151
Jakob Kintzele,Distance,"Chesterton, Ind.",mens-track-and-field,2018,41.6107243,-87.0522661
Jeffrey Hollis,High Jump,"Leawood, Kan.",mens-track-and-field,2018,38.966673,-94.6169012
Jeffrey Lee-Heidenreich,High Jump,"Palo Alto, Calif.",mens-track-and-field,2018,37.4443293,-122.1598465
Jeremy Spiezio,Mid. Distance,"Greenwich, N.Y.",mens-track-and-field,2018,43.0903515,-73.4993904
Jesse Thibodeau,Sprints/Jumps,"Rigaud, Quebec",mens-track-and-field,2018,45.4794481,-74.3019608
Joe Sartini,Mid. Distance,"Bryant, Ark.",mens-track-and-field,2018,34.5959045,-92.488348
Joey Daniels,Hurdles/Sprints,"Kitchener, Ont.",mens-track-and-field,2018,43.451291,-80.4927815
Joseph McGrath,Sprints,"Doncaster, England",mens-track-and-field,2018,53.5227681,-1.1335312
Justice Dixon,Sprints/Combined,"Jacksonville, Fla.",mens-track-and-field,2018,30.3262247,-81.6579179
Kelton Chastulik,Throws,"Chambersburg, Pa.",mens-track-and-field,2018,39.9375112,-77.6612586
Kevin Berry,Distance,"Marlboro, N.J.",mens-track-and-field,2018,39.4850245,-75.3211259
Kieran McDermott,Distance,"Bel Air, Md.",mens-track-and-field,2018,39.5797515,-78.8531894
Matt Grossman,Distance,"Millburn, N.J.",mens-track-and-field,2018,40.7244443,-74.3069069
Michael Phillippy,Sprints,"Aliso Viejo, Calif.",mens-track-and-field,2018,33.5761376,-117.7258122
Noah Hurley,Pole Vault,"Pacheco, Calif.",mens-track-and-field,2018,37.990188,-122.0697504
Perrin Hagge,Mid. Distance,"Middleton, Wisc.",mens-track-and-field,2018,43.0962919,-89.5119565
Phillip Frost,Sprints/Jumps,"Fort Worth, Texas",mens-track-and-field,2018,32.753177,-97.3327459
Robbie Otal,Throws,"Oak Park, Calif.",mens-track-and-field,2018,34.1792025,-118.7619719
Ryan Ozminkowski,Combined,"Lodi, Calif.",mens-track-and-field,2018,38.1342805,-121.2736022
Sam Ellis,Mid. Distance,"Decatur, Ga.",mens-track-and-field,2018,30.8736613,-84.5740953
Samuel Wright II,Throws,"Lawrenceville, Ga.",mens-track-and-field,2018,33.9566391,-83.9890066
Scott Thompson,Mid. Distance,"Nashville, Tenn.",mens-track-and-field,2018,36.1622767,-86.7742984
Sebastian Silveira,Hurdles,"Andover, Mass.",mens-track-and-field,2018,42.65717,-71.1408776
Simang'aliso Ndhlovu,Sprints,"Lusaka, Zambia",mens-track-and-field,2018,-15.4163395,28.2818414
Stefan Amokwandoh,Jumps,"South Croydon, Great Britain",mens-track-and-field,2018,51.3629173,-0.0933556
Steven Sum,Mid. Distance,"Saratoga, Calif.",mens-track-and-field,2018,37.2638324,-122.0230146
Taraje Whitfield,Hurdles,"Millersville, Pa.",mens-track-and-field,2018,39.997998,-76.3545372
Viraj Deokar,Distance,"Acton, Mass.",mens-track-and-field,2018,42.4850931,-71.43284
Will Drury,Pole Vault,"Kirkwood, Mo.",mens-track-and-field,2018,38.5800713,-90.4069177
Adam Bear,Mid. Distance,"Charlotte, N.C.",mens-track-and-field,2019,35.2272086,-80.8430827
Andersen Dimon,Sprints,"Perkasie, Pa.",mens-track-and-field,2019,40.372048,-75.292676
Andrei Iosivas,Sprints/Jumps,"Honolulu, Hawaii",mens-track-and-field,2019,21.304547,-157.855676
Austin Carbone,Sprints,"Richardson, Texas",mens-track-and-field,2019,32.9481789,-96.7297206
Austin Princewill,Jumps,"Kenton, England",mens-track-and-field,2019,51.5815255,-0.3166378
Aviram Shwarzbard,Jumps,"Kiryat Ono, Israel",mens-track-and-field,2019,32.0591691,34.8594303
C.J. Licata,Throws,"Gladstone, N.J.",mens-track-and-field,2019,40.7202907,-74.6662746
Camren Fischer,Mid. Distance,"Fayetteville, Ark.",mens-track-and-field,2019,36.0625843,-94.1574328
Chandler Ault,Javelin,"Midland, Mich.",mens-track-and-field,2019,43.6155825,-84.2472117
Christian Brown,Hurdles,"Delray Beach, Fla.",mens-track-and-field,2019,26.4614625,-80.0728201
Cole Sandvold,Mid. Distance,"Oconomowoc, Wisc.",mens-track-and-field,2019,43.1116731,-88.4992659
Connor Livingston,Distance,"Livermore, Calif.",mens-track-and-field,2019,37.6820583,-121.768053
Connor Matthews,Sprints,"Helena, Mont.",mens-track-and-field,2019,46.5927425,-112.036277
Connor Nisbet,Mid. Distance,"Wilmington, Del.",mens-track-and-field,2019,39.7459468,-75.546589
Connor Scaglione,Throws,"Closter, N.J.",mens-track-and-field,2019,40.9731536,-73.9615262
Conor Lundy,Mid. Distance,"Tuckahoe, N.Y.",mens-track-and-field,2019,40.9051175,-72.4393477
Daniel Afolabi,Sprints/Hurdles,"West Lafayette, Ind.",mens-track-and-field,2019,40.4258686,-86.9080655
David Amelemah,Jumps,"Amityville, N.Y.",mens-track-and-field,2019,40.6789893,-73.4170673
Dayo Abeeb,Jumps,"Wallingford, Pa.",mens-track-and-field,2019,39.9036359,-75.3716623
Drake Anzano,Mid. Distance,"Toms River, N.J.",mens-track-and-field,2019,39.9528389,-74.196741
Duncan Miller,Mid. Distance,"Canberra, Australia",mens-track-and-field,2019,-35.2975906,149.1012676
Ed Trippas,Distance,"Sydney, Australia",mens-track-and-field,2019,-33.8698439,151.2082848
Eli Krahn,Distance,"Marine on Saint Croix, Minn.",mens-track-and-field,2019,45.1986675,-92.7696994
Ethan Reese,Mid. Distance,"Portland, Ore.",mens-track-and-field,2019,45.5202471,-122.674194
Fahd Nasser,Distance,"Jersey City, N.J.",mens-track-and-field,2019,40.7215682,-74.047455
Gab Montefalcone,Hurdles/Mid. Distance,"Rome, Italy",mens-track-and-field,2019,41.8933203,12.4829321
Gannon Willcutts,Distance,"Crozet, Va.",mens-track-and-field,2019,38.065017,-78.690893
Gilron Tsabkevich,Jumps,"Petah Tiqwa, Israel",mens-track-and-field,2019,32.0906377,34.876529
Greg Sholars,Sprints,"Fort Worth, Texas",mens-track-and-field,2019,32.753177,-97.3327459
Harry Lord,Throws/Combined,"Knutsford, England",mens-track-and-field,2019,53.3033492,-2.3705745
Ibrahim Ayorinde,Sprints,"Oakville, Ont.",mens-track-and-field,2019,43.447436,-79.666672
JC Colangelo,Sprints,"Canton, Ohio",mens-track-and-field,2019,40.7985464,-81.3749508
Jack Cahillane,Pole Vault,"Atlanta, Ga.",mens-track-and-field,2019,33.7544657,-84.3898151
Jack Stanley,Mid. Distance,"Mendham, N.J.",mens-track-and-field,2019,40.775941,-74.6009617
Jakob Kintzele,Distance,"Chesterton, Ind.",mens-track-and-field,2019,41.6107243,-87.0522661
Jeffrey Hollis,High Jump,"Leawood, Kan.",mens-track-and-field,2019,38.966673,-94.6169012
Jeffrey Lee-Heidenreich,High Jump,"Palo Alto, Calif.",mens-track-and-field,2019,37.4443293,-122.1598465
Joe Sartini,Mid. Distance,"Bryant, Ark.",mens-track-and-field,2019,34.5959045,-92.488348
Joey Daniels,Hurdles/Sprints,"Kitchener, Ont.",mens-track-and-field,2019,43.451291,-80.4927815
Joseph McGrath,Sprints,"Doncaster, England",mens-track-and-field,2019,53.5227681,-1.1335312
Josh Zelek,Mid. Distance,"Stratford, Ont.",mens-track-and-field,2019,43.3700899,-80.9818016
Jovan Aigbekaen,Hurdles,"Dracut, Mass.",mens-track-and-field,2019,42.6688173,-71.3033665
Justice Dixon,Sprints/Combined,"Jacksonville, Fla.",mens-track-and-field,2019,30.3262247,-81.6579179
Kelton Chastulik,Throws,"Chambersburg, Pa.",mens-track-and-field,2019,39.9375112,-77.6612586
Kevin Berry,Distance,"Marlboro, N.J.",mens-track-and-field,2019,39.4850245,-75.3211259
Klaudio Gjetja,Sprints,"Milan, Italy",mens-track-and-field,2019,45.4641943,9.1896346
Matt Grossman,Distance,"Millburn, N.J.",mens-track-and-field,2019,40.7244443,-74.3069069
Michael Phillippy,Sprints,"Aliso Viejo, Calif.",mens-track-and-field,2019,33.5761376,-117.7258122
Noah Hurley,Pole Vault,"Pacheco, Calif.",mens-track-and-field,2019,37.990188,-122.0697504
Paul Brennan,Throws,"Cranbury, N.J.",mens-track-and-field,2019,40.3133907,-74.5201927
Perrin Hagge,Mid. Distance,"Middleton, Wisc.",mens-track-and-field,2019,43.0962919,-89.5119565
Robbie Otal,Throws,"Oak Park, Calif.",mens-track-and-field,2019,34.1792025,-118.7619719
Sam Ellis,Mid. Distance,"Decatur, Ga.",mens-track-and-field,2019,30.8736613,-84.5740953
Scott Thompson,Mid. Distance,"Nashville, Tenn.",mens-track-and-field,2019,36.1622767,-86.7742984
Sebastian Fisher,Distance,"Laguna Beach, Calif.",mens-track-and-field,2019,33.5426975,-117.785366
Simang'aliso Ndhlovu,Sprints,"Lusaka, Zambia",mens-track-and-field,2019,-15.4163395,28.2818414
Simen Guttormsen,Pole Vault,"Ski, Norway",mens-track-and-field,2019,59.7199326,10.8382736
Taraje Whitfield,Hurdles,"Millersville, Pa.",mens-track-and-field,2019,39.997998,-76.3545372
Viraj Deokar,Distance,"Acton, Mass.",mens-track-and-field,2019,42.4850931,-71.43284
Will Drury,Pole Vault,"Kirkwood, Mo.",mens-track-and-field,2019,38.5800713,-90.4069177
Zach Jaramillo,Javelin,"Albuquerque, N.M.",mens-track-and-field,2019,35.0841034,-106.650985
Adam Bear,Mid. Distance,"Charlotte, N.C.",mens-track-and-field,2020,35.2272086,-80.8430827
Anthony Monte,Distance,"Austin, Texas",mens-track-and-field,2020,30.2711286,-97.7436995
Austin Princewill,Jumps,"Kenton, England",mens-track-and-field,2020,51.5815255,-0.3166378
Aviram Shwarzbard,Jumps,"Kiryat Ono, Israel",mens-track-and-field,2020,32.0591691,34.8594303
Britton Masback,Distance,"Portland, Ore.",mens-track-and-field,2020,45.5202471,-122.674194
C.J. Licata,Throws,"Gladstone, N.J.",mens-track-and-field,2020,40.7202907,-74.6662746
Chandler Ault,Javelin,"Midland, Mich.",mens-track-and-field,2020,43.6155825,-84.2472117
Christian Brown,Hurdles,"Delray Beach, Fla.",mens-track-and-field,2020,26.4614625,-80.0728201
Cole Sandvold,Mid. Distance,"Oconomowoc, Wisc.",mens-track-and-field,2020,43.1116731,-88.4992659
Daniel Duncan,Sprints,"North Plainfield, N.J.",mens-track-and-field,2020,40.6208476,-74.4279801
David Amelemah,Jumps,"Amityville, N.Y.",mens-track-and-field,2020,40.6789893,-73.4170673
Dayo Abeeb,Jumps,"Wallingford, Pa.",mens-track-and-field,2020,39.9036359,-75.3716623
Drake Anzano,Mid. Distance,"Toms River, N.J.",mens-track-and-field,2020,39.9528389,-74.196741
Eli Krahn,Distance,"Marine on Saint Croix, Minn.",mens-track-and-field,2020,45.1986675,-92.7696994
Ethan Reese,Mid. Distance,"Portland, Ore.",mens-track-and-field,2020,45.5202471,-122.674194
Fahd Nasser,Distance,"Jersey City, N.J.",mens-track-and-field,2020,40.7215682,-74.047455
Gilron Tsabkevich,Jumps,"Petah Tiqwa, Israel",mens-track-and-field,2020,32.0906377,34.876529
Greg Sholars,Sprints,"Fort Worth, Texas",mens-track-and-field,2020,32.753177,-97.3327459
Ibrahim Ayorinde,Sprints,"Oakville, Ont.",mens-track-and-field,2020,43.447436,-79.666672
Jack Kenkel,Mid. Distance,"Niwot, Colo.",mens-track-and-field,2020,40.1016754,-105.1534902
Jakob Kintzele,Distance,"Chesterton, Ind.",mens-track-and-field,2020,41.6107243,-87.0522661
Jarrett Kirk,Distance,"Flower Mound, Texas",mens-track-and-field,2020,33.0283854,-97.0867203
Jeffrey Lee-Heidenreich,High Jump,"Palo Alto, Calif.",mens-track-and-field,2020,37.4443293,-122.1598465
Jesse Thibodeau,Sprints/Jumps,"Rigaud, Quebec",mens-track-and-field,2020,45.4794481,-74.3019608
Joe Fast,Distance,"Ottawa, Canada",mens-track-and-field,2020,45.4208777,-75.6901106
Joe Sartini,Mid. Distance,"Bryant, Ark.",mens-track-and-field,2020,34.5959045,-92.488348
Jordan Kaplan,Mid. Distance,"Monroe Township, N.J.",mens-track-and-field,2020,40.335756,-74.4334464
Josiah Taylor,Distance,"Wyomissing, Pa.",mens-track-and-field,2020,40.329537,-75.9652117
Jovan Aigbekaen,Hurdles,"Dracut, Mass.",mens-track-and-field,2020,42.6688173,-71.3033665
Kelton Chastulik,Throws,"Chambersburg, Pa.",mens-track-and-field,2020,39.9375112,-77.6612586
Kieran McDermott,Distance,"Bel Air, Md.",mens-track-and-field,2020,39.5797515,-78.8531894
Ladislav Töpfer,Mid. Distance,"Mlada Bolesav, Czech Republic",mens-track-and-field,2020,50.4116187,14.9031301
Matthew Farrell,Distance,"Glastonbury, C.T.",mens-track-and-field,2020,41.7123218,-72.608146
Michael Phillippy,Sprints,"Aliso Viejo, Calif.",mens-track-and-field,2020,33.5761376,-117.7258122
Nathan Tavakolian,Distance,"Eugene, Ore.",mens-track-and-field,2020,44.0505054,-123.0950506
Noah Hurley,Pole Vault,"Pacheco, Calif.",mens-track-and-field,2020,37.990188,-122.0697504
Paul Brennan,Throws,"Cranbury, N.J.",mens-track-and-field,2020,40.3133907,-74.5201927
Simang'aliso Ndhlovu,Sprints,"Lusaka, Zambia",mens-track-and-field,2020,-15.4163395,28.2818414
Simen Guttormsen,Pole Vault,"Ski, Norway",mens-track-and-field,2020,59.7199326,10.8382736
Sondre Guttormsen,Pole Vault,"Ski, Norway",mens-track-and-field,2020,59.7199326,10.8382736
Taraje Whitfield,Hurdles,"Millersville, Pa.",mens-track-and-field,2020,39.997998,-76.3545372
Will Drury,Pole Vault,"Kirkwood, Mo.",mens-track-and-field,2020,38.5800713,-90.4069177
William Cauley,Throws,"Barrington, R.I.",mens-track-and-field,2020,41.7407661,-71.3084633
William Doyle,Sprints,"Dalgety Bay, Scotland",mens-track-and-field,2020,56.0422731,-3.367249
Zach Jaramillo,Javelin,"Albuquerque, N.M.",mens-track-and-field,2020,35.0841034,-106.650985
Albert Kreutzer,Hurdles,"Moers, Germany",mens-track-and-field,2021,51.451283,6.62843
Andersen Dimon,Sprints,"Perkasie, Pa.",mens-track-and-field,2021,40.372048,-75.292676
Andrei Iosivas,Decathlon,"Honolulu, Hawaii",mens-track-and-field,2021,21.304547,-157.855676
Anthony Monte,Distance,"Austin, Texas",mens-track-and-field,2021,30.2711286,-97.7436995
Austin Carbone,Sprints,"Richardson, Texas",mens-track-and-field,2021,32.9481789,-96.7297206
Austin Princewill,Jumps,"Kenton, England",mens-track-and-field,2021,51.5815255,-0.3166378
Avery Shunneson,Throws,"Denver, Colo.",mens-track-and-field,2021,39.7392364,-104.984862
Aviram Shwarzbard,Jumps,"Kiryat Ono, Israel",mens-track-and-field,2021,32.0591691,34.8594303
Britton Masback,Distance,"Portland, Ore.",mens-track-and-field,2021,45.5202471,-122.674194
C.J. Licata,Throws,"Gladstone, N.J.",mens-track-and-field,2021,40.7202907,-74.6662746
Camren Fischer,Mid. Distance,"Fayetteville, Ark.",mens-track-and-field,2021,36.0625843,-94.1574328
Chandler Ault,Javelin,"Midland, Mich.",mens-track-and-field,2021,43.6155825,-84.2472117
Chris Paige,Hurdles,"Honolulu, Hawaii",mens-track-and-field,2021,21.304547,-157.855676
Christian Brown,Hurdles,"Delray Beach, Fla.",mens-track-and-field,2021,26.4614625,-80.0728201
Connor Chen,Mid. Distance,"Tiburon, Calif.",mens-track-and-field,2021,37.8775332,-122.460808
Connor Livingston,Distance,"Livermore, Calif.",mens-track-and-field,2021,37.6820583,-121.768053
Connor Nisbet,Mid. Distance,"Wilmington, Del.",mens-track-and-field,2021,39.7459468,-75.546589
Daniel Duncan,Sprints,"North Plainfield, N.J.",mens-track-and-field,2021,40.6208476,-74.4279801
Daniel O'Brien,Distance,"Lynchburg, Va.",mens-track-and-field,2021,37.4137536,-79.1422464
David Amelemah,Jumps,"Amityville, N.Y.",mens-track-and-field,2021,40.6789893,-73.4170673
Dayo Abeeb,Jumps,"Wallingford, Pa.",mens-track-and-field,2021,39.9036359,-75.3716623
Duncan Miller,Mid. Distance,"Canberra, Australia",mens-track-and-field,2021,-35.2975906,149.1012676
Ed Trippas,Distance,"Sydney, Australia",mens-track-and-field,2021,-33.8698439,151.2082848
Ethan Reese,Mid. Distance,"Portland, Ore.",mens-track-and-field,2021,45.5202471,-122.674194
Fahd Nasser,Distance,"Jersey City, N.J.",mens-track-and-field,2021,40.7215682,-74.047455
Greg Sholars,Sprints,"Fort Worth, Texas",mens-track-and-field,2021,32.753177,-97.3327459
Harrison Witt,Distance/XC,"Highland Ranch, Colo.",mens-track-and-field,2021,39.1252332,-106.8461025
Ibrahim Ayorinde,Sprints,"Oakville, Ont.",mens-track-and-field,2021,43.447436,-79.666672
Ilay Furman,Jumps,"Raanana, Israel",mens-track-and-field,2021,32.1860244,34.8678359
Jack Kenkel,Mid. Distance,"Niwot, Colo.",mens-track-and-field,2021,40.1016754,-105.1534902
Jack Stanley,Mid. Distance,"Mendham, N.J.",mens-track-and-field,2021,40.775941,-74.6009617
Jakob Kintzele,Distance,"Chesterton, Ind.",mens-track-and-field,2021,41.6107243,-87.0522661
Jarrett Kirk,Distance,"Flower Mound, Texas",mens-track-and-field,2021,33.0283854,-97.0867203
Jeffrey Hollis,High Jump,"Leawood, Kan.",mens-track-and-field,2021,38.966673,-94.6169012
Joe Fast,Distance,"Ottawa, Canada",mens-track-and-field,2021,45.4208777,-75.6901106
John Hogan,Jumps,"Hudson Falls, N.Y.",mens-track-and-field,2021,43.300697,-73.586082
Jordan Kaplan,Mid. Distance,"Monroe Township, N.J.",mens-track-and-field,2021,40.335756,-74.4334464
Josh Zelek,Mid. Distance,"Stratford, Ont.",mens-track-and-field,2021,43.3700899,-80.9818016
Josiah Taylor,Distance,"Wyomissing, Pa.",mens-track-and-field,2021,40.329537,-75.9652117
Jovan Aigbekaen,Hurdles,"Dracut, Mass.",mens-track-and-field,2021,42.6688173,-71.3033665
Kaden Reynolds,Sprints,Aliso Viejo,mens-track-and-field,2021,33.5761376,-117.7258122
Kevin Berry,Distance,"Marlboro, N.J.",mens-track-and-field,2021,39.4850245,-75.3211259
Kieran McDermott,Distance,"Bel Air, Md.",mens-track-and-field,2021,39.5797515,-78.8531894
Klaudio Gjetja,Sprints,"Milan, Italy",mens-track-and-field,2021,45.4641943,9.1896346
Ladislav Töpfer,Mid. Distance,"Mlada Bolesav, Czech Republic",mens-track-and-field,2021,50.4116187,14.9031301
Malcolm Bevans,Jumps,"Chicago, Ill.",mens-track-and-field,2021,41.8755616,-87.6244212
Matt Grossman,Distance,"Millburn, N.J.",mens-track-and-field,2021,40.7244443,-74.3069069
Matthew Farrell,Distance,"Glastonbury, C.T.",mens-track-and-field,2021,41.7123218,-72.608146
Michael Phillippy,Sprints,"Aliso Viejo, Calif.",mens-track-and-field,2021,33.5761376,-117.7258122
Nathan Tavakolian,Distance,"Eugene, Ore.",mens-track-and-field,2021,44.0505054,-123.0950506
Nicholas Bendtsen,Distance,"Wolcott, Conn.",mens-track-and-field,2021,41.6023196,-72.9867718
Paul Brennan,Throws,"Cranbury, N.J.",mens-track-and-field,2021,40.3133907,-74.5201927
Philip Kastner,Multis,"London, U.K.",mens-track-and-field,2021,-8.8162775,115.1541201
Robbie Otal,Throws,"Oak Park, Calif.",mens-track-and-field,2021,34.1792025,-118.7619719
Sam Ellis,Mid. Distance,"Decatur, Ga.",mens-track-and-field,2021,30.8736613,-84.5740953
Sam Rodman,Distance,"Bealeton, Va.",mens-track-and-field,2021,38.585005,-77.775644
Scott Thompson,Mid. Distance,"Nashville, Tenn.",mens-track-and-field,2021,36.1622767,-86.7742984
Sebastian Clatworthy,Jumps,"Brentwood, U.K.",mens-track-and-field,2021,37.9317766,-121.696026
Sebastian Fisher,Distance,"Laguna Beach, Calif.",mens-track-and-field,2021,33.5426975,-117.785366
Simang'aliso Ndhlovu,Sprints,"Lusaka, Zambia",mens-track-and-field,2021,-15.4163395,28.2818414
Simen Guttormsen,Pole Vault,"Ski, Norway",mens-track-and-field,2021,59.7199326,10.8382736
Sondre Guttormsen,Pole Vault,"Ski, Norway",mens-track-and-field,2021,59.7199326,10.8382736
Taraje Whitfield,Hurdles,"Millersville, Pa.",mens-track-and-field,2021,39.997998,-76.3545372
Tyler Konopka,Throws,"Toms River, N.J.",mens-track-and-field,2021,39.9528389,-74.196741
Will Drury,Pole Vault,"Kirkwood, Mo.",mens-track-and-field,2021,38.5800713,-90.4069177
William Cauley,Throws,"Barrington, R.I.",mens-track-and-field,2021,41.7407661,-71.3084633
William Doyle,Sprints,"Dalgety Bay, Scotland",mens-track-and-field,2021,56.0422731,-3.367249
Zach Jaramillo,Javelin,"Albuquerque, N.M.",mens-track-and-field,2021,35.0841034,-106.650985
Aiden Silvestri,Hurdles,"Newton, Pa.",mens-track-and-field,2022,31.3393262,-85.6050526
Albert Kreutzer,Hurdles,"Moers, Germany",mens-track-and-field,2022,51.451283,6.62843
Andersen Dimon,Sprints,"Perkasie, Pa.",mens-track-and-field,2022,40.372048,-75.292676
Andrei Iosivas,Multis,"Honolulu, Hawaii",mens-track-and-field,2022,21.304547,-157.855676
Anthony Monte,Distance,"Austin, Texas",mens-track-and-field,2022,30.2711286,-97.7436995
Asher Robbins,Throws,"Barrington, R.I.",mens-track-and-field,2022,41.7407661,-71.3084633
Avery Shunneson,Throws,"Denver, Colo.",mens-track-and-field,2022,39.7392364,-104.984862
Britton Masback,Distance,"Portland, Ore.",mens-track-and-field,2022,45.5202471,-122.674194
Camren Fischer,Mid. Distance,"Fayetteville, Ark.",mens-track-and-field,2022,36.0625843,-94.1574328
Casey Helm,Throws,"Madison, Kan.",mens-track-and-field,2022,38.1355772,-96.135829
Chris Paige,Hurdles,"Honolulu, Hawaii",mens-track-and-field,2022,21.304547,-157.855676
Connor Chen,Mid. Distance,"Tiburon, Calif.",mens-track-and-field,2022,37.8775332,-122.460808
Connor Livingston,Distance,"Livermore, Calif.",mens-track-and-field,2022,37.6820583,-121.768053
Connor McCormick,Distance,"Longmont, Colo.",mens-track-and-field,2022,40.1672117,-105.101928
Connor Nisbet,Mid. Distance,"Wilmington, Del.",mens-track-and-field,2022,39.7459468,-75.546589
Cooper Austen,Distance,"Concord, Mass.",mens-track-and-field,2022,42.4605189,-71.3488963
Daniel Duncan,Sprints,"North Plainfield, N.J.",mens-track-and-field,2022,40.6208476,-74.4279801
Daniel O'Brien,Distance,"Lynchburg, Va.",mens-track-and-field,2022,37.4137536,-79.1422464
David Amelemah,Jumps,"Amityville, N.Y.",mens-track-and-field,2022,40.6789893,-73.4170673
Duncan Miller,Mid. Distance,"Canberra, Australia",mens-track-and-field,2022,-35.2975906,149.1012676
Easton Tan,Hurdles,"Winchester, Mass.",mens-track-and-field,2022,42.4523178,-71.1369982
Ethan Reese,Mid. Distance,"Portland, Ore.",mens-track-and-field,2022,45.5202471,-122.674194
Greg Foster,Hurdles/Jumps,"Lumberton, N.J.",mens-track-and-field,2022,39.9659459,-74.8051628
Harrison Witt,Distance/XC,"Highland Ranch, Colo.",mens-track-and-field,2022,39.1252332,-106.8461025
Ibrahim Ayorinde,Sprints,"Oakville, Ont.",mens-track-and-field,2022,43.447436,-79.666672
Ilay Furman,Jumps,"Raanana, Israel",mens-track-and-field,2022,32.1860244,34.8678359
Isa Hitchens,Mid. Distance,"Hinsdale, Ill.",mens-track-and-field,2022,41.8024604,-87.9299841
Jack Gregorski,Distance,"Painted Post, N.Y.",mens-track-and-field,2022,42.1620186,-77.0941366
Jack Kenkel,Mid. Distance,"Niwot, Colo.",mens-track-and-field,2022,40.1016754,-105.1534902
Jack Stanley,Mid. Distance,"Mendham, N.J.",mens-track-and-field,2022,40.775941,-74.6009617
Jackson Shorten,Distance,"Loveland, Colo.",mens-track-and-field,2022,40.3977612,-105.07498
Jarrett Kirk,Distance,"Flower Mound, Texas",mens-track-and-field,2022,33.0283854,-97.0867203
Joe Fast,Distance,"Ottawa, Canada",mens-track-and-field,2022,45.4208777,-75.6901106
Joe Licata,Throws,"Tewksbury, N.J.",mens-track-and-field,2022,40.68446,-74.77873
Joey Avallone,Pole Vault,"Lebanon Township, N.J.",mens-track-and-field,2022,40.729147,-74.897122
Joey Gant,Sprints,"Pekasie, Penn.",mens-track-and-field,2022,40.372048,-75.292676
John Catherman,Sprints,"Atlanta, Ga.",mens-track-and-field,2022,33.7544657,-84.3898151
John Hogan,Jumps,"Hudson Falls, N.Y.",mens-track-and-field,2022,43.300697,-73.586082
Jordan Kaplan,Mid. Distance,"Monroe Township, N.J.",mens-track-and-field,2022,40.335756,-74.4334464
Josh Zelek,Mid. Distance,"Stratford, Ont.",mens-track-and-field,2022,43.3700899,-80.9818016
Josiah Taylor,Distance,"Wyomissing, Pa.",mens-track-and-field,2022,40.329537,-75.9652117
Jovan Aigbekaen,Hurdles,"Dracut, Mass.",mens-track-and-field,2022,42.6688173,-71.3033665
Kaden Reynolds,Sprints,Aliso Viejo,mens-track-and-field,2022,33.5761376,-117.7258122
Kieran McDermott,Distance,"Bel Air, Md.",mens-track-and-field,2022,39.5797515,-78.8531894
Ladislav Töpfer,Mid. Distance,"Mlada Bolesav, Czech Republic",mens-track-and-field,2022,50.4116187,14.9031301
Lorenzo Cagliero,Jumps,"Milan, Italy",mens-track-and-field,2022,45.4641943,9.1896346
Matthew Farrell,Distance,"Glastonbury, C.T.",mens-track-and-field,2022,41.7123218,-72.608146
Myles Hogan,Distance,"Bronx, N.Y,",mens-track-and-field,2022,40.8466508,-73.8785937
Nathan Tavakolian,Distance,"Eugene, Ore.",mens-track-and-field,2022,44.0505054,-123.0950506
Nicholas Bendtsen,Distance,"Wolcott, Conn.",mens-track-and-field,2022,41.6023196,-72.9867718
Nicholas Molloy,Pole Vault,"Naples, Fla.",mens-track-and-field,2022,26.1421976,-81.7942944
Paul Brennan,Throws,"Cranbury, N.J.",mens-track-and-field,2022,40.3133907,-74.5201927
Philip Kastner,Multis,"London, U.K.",mens-track-and-field,2022,-8.8162775,115.1541201
Sam Rodman,Distance,"Bealeton, Va.",mens-track-and-field,2022,38.585005,-77.775644
Sebastian Clatworthy,Jumps,"Brentwood, U.K.",mens-track-and-field,2022,37.9317766,-121.696026
Sebastian Fisher,Distance,"Laguna Beach, Calif.",mens-track-and-field,2022,33.5426975,-117.785366
Simen Guttormsen,Pole Vault,"Ski, Norway",mens-track-and-field,2022,59.7199326,10.8382736
Sondre Guttormsen,Pole Vault,"Ski, Norway",mens-track-and-field,2022,59.7199326,10.8382736
Tyler Konopka,Throws,"Toms River, N.J.",mens-track-and-field,2022,39.9528389,-74.196741
William Cauley,Throws,"Barrington, R.I.",mens-track-and-field,2022,41.7407661,-71.3084633
William Doyle,Sprints,"Dalgety Bay, Scotland",mens-track-and-field,2022,56.0422731,-3.367249
Zach Jaramillo,Javelin,"Albuquerque, N.M.",mens-track-and-field,2022,35.0841034,-106.650985
Aiden Silvestri,Hurdles,"Newton, Pa.",mens-track-and-field,2023,31.3393262,-85.6050526
Albert Kreutzer,Hurdles,"Moers, Germany",mens-track-and-field,2023,51.451283,6.62843
Andersen Dimon,Sprints,"Perkasie, Pa.",mens-track-and-field,2023,40.372048,-75.292676
Anthony Monte,Distance,"Austin, Texas",mens-track-and-field,2023,30.2711286,-97.7436995
Asher Robbins,Throws,"Barrington, R.I.",mens-track-and-field,2023,41.7407661,-71.3084633
Avery Shunneson,Throws,"Denver, Colo.",mens-track-and-field,2023,39.7392364,-104.984862
Brian Boler,Distance,"Morristown, N.J.",mens-track-and-field,2023,40.7970382,-74.4809868
Britton Masback,Distance,"Portland, Ore.",mens-track-and-field,2023,45.5202471,-122.674194
Caleb Williams,,"Reidsville, N.C.",mens-track-and-field,2023,36.3548586,-79.6644748
Camren Fischer,,"Fayetteville, Ark.",mens-track-and-field,2023,36.0625843,-94.1574328
Casey Helm,Throws,"Madison, Kan.",mens-track-and-field,2023,38.1355772,-96.135829
Chris Paige,Hurdles,"Honolulu, Hawaii",mens-track-and-field,2023,21.304547,-157.855676
Christian Groendyk,Distance,"Fort Collins, Colo.",mens-track-and-field,2023,40.5871782,-105.0770113
Cole Hoegl,Jumps,"Venice, Calif.",mens-track-and-field,2023,33.995044,-118.4668875
Collin Boler,Distance,"Morristown, N.J.",mens-track-and-field,2023,40.7970382,-74.4809868
Connor Brown,Javelin,"Rome, Ga.",mens-track-and-field,2023,34.257038,-85.1646726
Connor Chen,Mid. Distance,"Tiburon, Calif.",mens-track-and-field,2023,37.8775332,-122.460808
Connor Livingston,,"Livermore, Calif.",mens-track-and-field,2023,37.6820583,-121.768053
Connor McCormick,Distance,"Longmont, Colo.",mens-track-and-field,2023,40.1672117,-105.101928
Connor Nisbet,,"Wilmington, Del.",mens-track-and-field,2023,39.7459468,-75.546589
Cooper Austen,Distance,"Concord, Mass.",mens-track-and-field,2023,42.4605189,-71.3488963
Daniel Duncan,Sprints,"North Plainfield, N.J.",mens-track-and-field,2023,40.6208476,-74.4279801
Daniel O'Brien,Distance,"Lynchburg, Va.",mens-track-and-field,2023,37.4137536,-79.1422464
Drew Mruk,Throws,"Exeter, Pa.",mens-track-and-field,2023,41.3206358,-75.8190835
Duncan Miller,,"Canberra, Australia",mens-track-and-field,2023,-35.2975906,149.1012676
Easton Tan,Hurdles,"Winchester, Mass.",mens-track-and-field,2023,42.4523178,-71.1369982
Gianluca Bianchi,Sprints,"Greenwich, Conn.",mens-track-and-field,2023,41.0264862,-73.6284598
Greg Foster,Hurdles/Jumps,"Lumberton, N.J.",mens-track-and-field,2023,39.9659459,-74.8051628
Harrison Witt,Distance/XC,"Highland Ranch, Colo.",mens-track-and-field,2023,39.1252332,-106.8461025
Ilay Furman,Jumps,"Raanana, Israel",mens-track-and-field,2023,32.1860244,34.8678359
Isa Hitchens,Mid. Distance,"Hinsdale, Ill.",mens-track-and-field,2023,41.8024604,-87.9299841
Jack Gregorski,Distance,"Painted Post, N.Y.",mens-track-and-field,2023,42.1620186,-77.0941366
Jack Kenkel,Mid. Distance,"Niwot, Colo.",mens-track-and-field,2023,40.1016754,-105.1534902
Jack Stanley,,"Mendham, N.J.",mens-track-and-field,2023,40.775941,-74.6009617
Jackson Clarke,Sprints,"Danville, Pa.",mens-track-and-field,2023,40.9664806,-76.6131474
Jackson Shorten,Distance,"Loveland, Colo.",mens-track-and-field,2023,40.3977612,-105.07498
Jarrett Kirk,Distance,"Flower Mound, Texas",mens-track-and-field,2023,33.0283854,-97.0867203
Joe Fast,Distance,"Ottawa, Canada",mens-track-and-field,2023,45.4208777,-75.6901106
Joe Licata,Throws,"Tewksbury, N.J.",mens-track-and-field,2023,40.68446,-74.77873
Joey Avallone,Pole Vault,"Lebanon Township, N.J.",mens-track-and-field,2023,40.729147,-74.897122
Joey Gant,Sprints,"Pekasie, Penn.",mens-track-and-field,2023,40.372048,-75.292676
John Catherman,Sprints,"Atlanta, Ga.",mens-track-and-field,2023,33.7544657,-84.3898151
John Hogan,Jumps,"Hudson Falls, N.Y.",mens-track-and-field,2023,43.300697,-73.586082
Jordan Kaplan,Mid. Distance,"Monroe Township, N.J.",mens-track-and-field,2023,40.335756,-74.4334464
Josh Zelek,,"Stratford, Ont.",mens-track-and-field,2023,43.3700899,-80.9818016
Josiah Taylor,Distance,"Wyomissing, Pa.",mens-track-and-field,2023,40.329537,-75.9652117
Kavon Miller,Sprints,"Jacksonville, Fla.",mens-track-and-field,2023,30.3262247,-81.6579179
Ladislav Töpfer,Mid. Distance,"Mlada Bolesav, Czech Republic",mens-track-and-field,2023,50.4116187,14.9031301
Lorenzo Cagliero,Jumps,"Milan, Italy",mens-track-and-field,2023,45.4641943,9.1896346
Matthew Farrell,Distance,"Glastonbury, C.T.",mens-track-and-field,2023,41.7123218,-72.608146
Mike Dallal,Multis,"Prague, Czech Republic",mens-track-and-field,2023,50.0874654,14.4212535
Myles Hogan,Distance,"Bronx, N.Y,",mens-track-and-field,2023,40.8466508,-73.8785937
Nathan Tavakolian,Distance,"Eugene, Ore.",mens-track-and-field,2023,44.0505054,-123.0950506
Nicholas Bendtsen,Distance,"Wolcott, Conn.",mens-track-and-field,2023,41.6023196,-72.9867718
Nicholas Molloy,Pole Vault,"Naples, Fla.",mens-track-and-field,2023,26.1421976,-81.7942944
Nnamdi Udeogu,Throws,Georgetown Prep,mens-track-and-field,2023,30.7338393,-97.6436206
Noah Billings,,"McKinney, Texas",mens-track-and-field,2023,33.1976496,-96.6154471
Paul Brennan,,"Cranbury, N.J.",mens-track-and-field,2023,40.3133907,-74.5201927
Philip Kastner,Multis,"London, U.K.",mens-track-and-field,2023,-8.8162775,115.1541201
Richard Lawson,Jumps,"Budapest, Hungary",mens-track-and-field,2023,47.481849,19.1449053
Sam Rodman,Distance,"Bealeton, Va.",mens-track-and-field,2023,38.585005,-77.775644
Sebastian Clatworthy,Jumps,"Brentwood, U.K.",mens-track-and-field,2023,37.9317766,-121.696026
Sebastian Fisher,,"Laguna Beach, Calif.",mens-track-and-field,2023,33.5426975,-117.785366
Sebastian Martinez,Distance,"Ellicott City, Md.",mens-track-and-field,2023,39.2757359,-76.8317417
Tyler Konopka,Throws,"Toms River, N.J.",mens-track-and-field,2023,39.9528389,-74.196741
Vijay Krishnamoorthi,,"Schaumburg, Ill.",mens-track-and-field,2023,42.0333608,-88.083406
Weston Brown,Distance,"Bozeman, Mont.",mens-track-and-field,2023,45.6794293,-111.044047
William Doyle,Sprints,"Dalgety Bay, Scotland",mens-track-and-field,2023,56.0422731,-3.367249
Xavier Donaldson,Sprints,"South Orange, N.J.",mens-track-and-field,2023,40.7474966,-74.2635376
Zach Della Rocca,Sprints,"Princeton, N.J.",mens-track-and-field,2023,40.3496953,-74.6597376
Aiden Silvestri,Hurdles,"Newton, Pa.",mens-track-and-field,2024,31.3393262,-85.6050526
Albert Kreutzer,Hurdles,"Moers, Germany",mens-track-and-field,2024,51.451283,6.62843
Alex Niemiec,Mid. Distance,"Canyon, Texas",mens-track-and-field,2024,34.9789849,-101.9281915
Asher Robbins,Throws,"Barrington, R.I.",mens-track-and-field,2024,41.7407661,-71.3084633
Avery Keith,Distance,"Westfield, N.J.",mens-track-and-field,2024,40.651726,-74.3483059
Avery Shunneson,Throws,"Denver, Colo.",mens-track-and-field,2024,39.7392364,-104.984862
Brian Boler,Distance,"Morristown, N.J.",mens-track-and-field,2024,40.7970382,-74.4809868
Caden Simmons,Multis,"Milton, Mass.",mens-track-and-field,2024,42.2501425,-71.065573
Casey Helm,Throws,"Madison, Kan.",mens-track-and-field,2024,38.1355772,-96.135829
Charlie Sexton,Sprints,"Auburn, Ala.",mens-track-and-field,2024,32.6098566,-85.4807825
Chris Paige,Hurdles,"Honolulu, Hawaii",mens-track-and-field,2024,21.304547,-157.855676
Christian Groendyk,Distance,"Fort Collins, Colo.",mens-track-and-field,2024,40.5871782,-105.0770113
Cole Hoegl,Jumps,"Venice, Calif.",mens-track-and-field,2024,33.995044,-118.4668875
Collin Boler,Distance,"Morristown, N.J.",mens-track-and-field,2024,40.7970382,-74.4809868
Connor Brown,Javelin,"Rome, Ga.",mens-track-and-field,2024,34.257038,-85.1646726
Connor Chen,Mid. Distance,"Tiburon, Calif.",mens-track-and-field,2024,37.8775332,-122.460808
Connor McCormick,Distance,"Longmont, Colo.",mens-track-and-field,2024,40.1672117,-105.101928
Cooper Austen,Distance,"Concord, Mass.",mens-track-and-field,2024,42.4605189,-71.3488963
Daniel O'Brien,Distance,"Lynchburg, Va.",mens-track-and-field,2024,37.4137536,-79.1422464
Drew Mruk,Throws,"Exeter, Pa.",mens-track-and-field,2024,41.3206358,-75.8190835
Easton Tan,Hurdles,"Winchester, Mass.",mens-track-and-field,2024,42.4523178,-71.1369982
Franco Parra,Distance,"San Antonio, Texas",mens-track-and-field,2024,29.4246002,-98.4951405
Gianluca Bianchi,Sprints,"Greenwich, Conn.",mens-track-and-field,2024,41.0264862,-73.6284598
Greg Foster,Hurdles/Jumps,"Lumberton, N.J.",mens-track-and-field,2024,39.9659459,-74.8051628
Harrison Witt,Distance/XC,"Highland Ranch, Colo.",mens-track-and-field,2024,39.1252332,-106.8461025
Ilay Furman,Jumps,"Raanana, Israel",mens-track-and-field,2024,32.1860244,34.8678359
Isa Hitchens,Mid. Distance,"Hinsdale, Ill.",mens-track-and-field,2024,41.8024604,-87.9299841
Jack Gregorski,Distance,"Painted Post, N.Y.",mens-track-and-field,2024,42.1620186,-77.0941366
Jackson Clarke,Sprints,"Danville, Pa.",mens-track-and-field,2024,40.9664806,-76.6131474
Jackson Shorten,Distance,"Loveland, Colo.",mens-track-and-field,2024,40.3977612,-105.07498
Jacob Emerson,Jumps,"Carlsbad, Calif.",mens-track-and-field,2024,33.1352045,-117.329126
Jacob Nenow,Distance,"Portland, Ore.",mens-track-and-field,2024,45.5202471,-122.674194
Jadon Spain,Sprints,"Highland Falls, N.Y.",mens-track-and-field,2024,41.3692605,-73.9662504
Joe Licata,Throws,"Tewksbury, N.J.",mens-track-and-field,2024,40.68446,-74.77873
Joey Gant,Sprints,"Pekasie, Penn.",mens-track-and-field,2024,40.372048,-75.292676
John Catherman,Sprints,"Atlanta, Ga.",mens-track-and-field,2024,33.7544657,-84.3898151
John Hogan,Jumps,"Hudson Falls, N.Y.",mens-track-and-field,2024,43.300697,-73.586082
Jon York,Sprints,"West Hartford, Conn.",mens-track-and-field,2024,41.7620447,-72.7420399
Karl Dietz,,Chardon High School,mens-track-and-field,2024,41.5912395,-81.2003271
Kavon Miller,Sprints,"Jacksonville, Fla.",mens-track-and-field,2024,30.3262247,-81.6579179
Lorenzo Cagliero,Jumps,"Milan, Italy",mens-track-and-field,2024,45.4641943,9.1896346
Marcelo Parra,Distance,"San Antonio, Texas",mens-track-and-field,2024,29.4246002,-98.4951405
Mike Dallal,Multis,"Prague, Czech Republic",mens-track-and-field,2024,50.0874654,14.4212535
Myles Hogan,Distance,"Bronx, N.Y,",mens-track-and-field,2024,40.8466508,-73.8785937
Nicholas Bendtsen,Distance,"Wolcott, Conn.",mens-track-and-field,2024,41.6023196,-72.9867718
Nicholas Molloy,Pole Vault,"Naples, Fla.",mens-track-and-field,2024,26.1421976,-81.7942944
Nnamdi Udeogu,Throws,Georgetown Prep,mens-track-and-field,2024,30.7338393,-97.6436206
Noah Billings,,"McKinney, Texas",mens-track-and-field,2024,33.1976496,-96.6154471
Paul Kuhner,Sprints,"Lafayette, Calif.",mens-track-and-field,2024,37.8857582,-122.1180201
Philip Kastner,Multis,"London, U.K.",mens-track-and-field,2024,-8.8162775,115.1541201
Reed McFadden,Multis,"Lander, Wyo.",mens-track-and-field,2024,42.8330755,-108.730702
Richard Lawson,Jumps,"Budapest, Hungary",mens-track-and-field,2024,47.481849,19.1449053
Sam Rodman,Distance,"Bealeton, Va.",mens-track-and-field,2024,38.585005,-77.775644
Sebastian Clatworthy,Jumps,"Brentwood, U.K.",mens-track-and-field,2024,37.9317766,-121.696026
Sebastian Martinez,Distance,"Ellicott City, Md.",mens-track-and-field,2024,39.2757359,-76.8317417
Steven Hergenrother,Mid. Distance,"Ridgefield, Conn.",mens-track-and-field,2024,41.2814842,-73.4981792
Tyler Konopka,Throws,"Toms River, N.J.",mens-track-and-field,2024,39.9528389,-74.196741
Vijay Krishnamoorthi,,"Schaumburg, Ill.",mens-track-and-field,2024,42.0333608,-88.083406
Weston Brown,Distance,"Bozeman, Mont.",mens-track-and-field,2024,45.6794293,-111.044047
Xavier Donaldson,Sprints,"South Orange, N.J.",mens-track-and-field,2024,40.7474966,-74.2635376
Yuki Hojo,Hurdles,"Tokyo, Japan",mens-track-and-field,2024,35.6768601,139.7638947
Zach Della Rocca,Sprints,"Princeton, N.J.",mens-track-and-field,2024,40.3496953,-74.6597376
Aiden Silvestri,Hurdles,"Newton, Pa.",mens-track-and-field,2025,31.3393262,-85.6050526
Alex Niemiec,Mid. Distance,"Canyon, Texas",mens-track-and-field,2025,34.9789849,-101.9281915
Anthony Liakhnovich,Throws,"Hammonton, N.J.",mens-track-and-field,2025,39.6366543,-74.8027651
Asa Marsh,Sprints,"Houston, Tex.",mens-track-and-field,2025,29.7589382,-95.3676974
Asher Robbins,Throws,"Barrington, R.I.",mens-track-and-field,2025,41.7407661,-71.3084633
Avery Keith,Distance,"Westfield, N.J.",mens-track-and-field,2025,40.651726,-74.3483059
Brian Boler,Distance,"Morristown, N.J.",mens-track-and-field,2025,40.7970382,-74.4809868
Caden Simmons,Multis,"Milton, Mass.",mens-track-and-field,2025,42.2501425,-71.065573
Casey Helm,Throws,"Madison, Kan.",mens-track-and-field,2025,38.1355772,-96.135829
Charlie Sexton,Sprints,"Auburn, Ala.",mens-track-and-field,2025,32.6098566,-85.4807825
Christian Groendyk,Distance,"Fort Collins, Colo.",mens-track-and-field,2025,40.5871782,-105.0770113
Clayton Gary,Jumps,"Bowie, Md.",mens-track-and-field,2025,39.0080601,-76.7797899
Cole Hoegl,Jumps,"Venice, Calif.",mens-track-and-field,2025,33.995044,-118.4668875
Collin Boler,Distance,"Morristown, N.J.",mens-track-and-field,2025,40.7970382,-74.4809868
Connor Brown,,"Rome, Ga.",mens-track-and-field,2025,34.257038,-85.1646726
Connor McCormick,Distance,"Longmont, Colo.",mens-track-and-field,2025,40.1672117,-105.101928
Cooper Austen,Distance,"Concord, Mass.",mens-track-and-field,2025,42.4605189,-71.3488963
Drew Mruk,Throws,"Exeter, Pa.",mens-track-and-field,2025,41.3206358,-75.8190835
Dylan McClish,Sprints,"Delray Beach, Fla.",mens-track-and-field,2025,26.4614625,-80.0728201
Easton Tan,Hurdles,"Winchester, Mass.",mens-track-and-field,2025,42.4523178,-71.1369982
Franco Parra,Distance,"San Antonio, Texas",mens-track-and-field,2025,29.4246002,-98.4951405
Gianluca Bianchi,Sprints,"Greenwich, Conn.",mens-track-and-field,2025,41.0264862,-73.6284598
Greg Foster,Hurdles/Jumps,"Lumberton, N.J.",mens-track-and-field,2025,39.9659459,-74.8051628
Hayden Boaz,Distance,"Bend, Ore.",mens-track-and-field,2025,44.0581728,-121.3153096
Isa Hitchens,Mid. Distance,"Hinsdale, Ill.",mens-track-and-field,2025,41.8024604,-87.9299841
Isaiah Bright,Sprints,"Temecula, Calif.",mens-track-and-field,2025,33.4946353,-117.147366
Jack Gregorski,Distance,"Painted Post, N.Y.",mens-track-and-field,2025,42.1620186,-77.0941366
Jackson Clarke,Sprints,"Danville, Pa.",mens-track-and-field,2025,40.9664806,-76.6131474
Jackson Shorten,Distance,"Loveland, Colo.",mens-track-and-field,2025,40.3977612,-105.07498
Jacob Emerson,Jumps,"Carlsbad, Calif.",mens-track-and-field,2025,33.1352045,-117.329126
Jacob Nenow,Distance,"Portland, Ore.",mens-track-and-field,2025,45.5202471,-122.674194
Jadon Spain,Sprints,"Highland Falls, N.Y.",mens-track-and-field,2025,41.3692605,-73.9662504
James McLeay,,"Invercargill, New Zealand",mens-track-and-field,2025,-46.4118465,168.3470632
Jaylen Bennett,Sprints,"Laurel, Md.",mens-track-and-field,2025,39.0984317,-76.8485094
Joe Licata,Throws,"Tewksbury, N.J.",mens-track-and-field,2025,40.68446,-74.77873
Joey Gant,Sprints,"Pekasie, Penn.",mens-track-and-field,2025,40.372048,-75.292676
Joey Goodenow,Throws,"Lenexa, Kan.",mens-track-and-field,2025,38.9697458,-94.7845837
John Catherman,Sprints,"Atlanta, Ga.",mens-track-and-field,2025,33.7544657,-84.3898151
Jon York,Sprints,"West Hartford, Conn.",mens-track-and-field,2025,41.7620447,-72.7420399
Karl Dietz,Sprints,Chardon High School,mens-track-and-field,2025,41.5912395,-81.2003271
Kavon Miller,Sprints,"Jacksonville, Fla.",mens-track-and-field,2025,30.3262247,-81.6579179
Kobeyeh Riley,Sprints,"Mint Hill, N.C.",mens-track-and-field,2025,35.1735388,-80.6570377
Lorenzo Cagliero,Jumps,"Milan, Italy",mens-track-and-field,2025,45.4641943,9.1896346
Marcelo Parra,Distance,"San Antonio, Texas",mens-track-and-field,2025,29.4246002,-98.4951405
Mike Dallal,Multis,"Prague, Czech Republic",mens-track-and-field,2025,50.0874654,14.4212535
Myles Hogan,Distance,"Bronx, N.Y,",mens-track-and-field,2025,40.8466508,-73.8785937
Nicholas Molloy,Pole Vault,"Naples, Fla.",mens-track-and-field,2025,26.1421976,-81.7942944
Noah Billings,Sprints,"McKinney, Texas",mens-track-and-field,2025,33.1976496,-96.6154471
Paul Kuhner,Sprints,"Lafayette, Calif.",mens-track-and-field,2025,37.8857582,-122.1180201
Quentin Braithwaite,Sprints,"Silver Spring, Md.",mens-track-and-field,2025,38.9997621,-77.0240371
Reed McFadden,Multis,"Lander, Wyo.",mens-track-and-field,2025,42.8330755,-108.730702
Richard Lawson,Jumps,"Budapest, Hungary",mens-track-and-field,2025,47.481849,19.1449053
Robert Ruffini,Jumps,"Bratislava, Slovakia",mens-track-and-field,2025,48.1435026,17.1082867
Sebastian Martinez,Distance,"Ellicott City, Md.",mens-track-and-field,2025,39.2757359,-76.8317417
Sebi Hume,Distance,"Bethesda, Md.",mens-track-and-field,2025,38.9812726,-77.1233587
Steven Hergenrother,Mid. Distance,"Ridgefield, Conn.",mens-track-and-field,2025,41.2814842,-73.4981792
Thomas Arender,Distance,"Nashville, Tn.",mens-track-and-field,2025,36.1622767,-86.7742984
Tristan Yoder,Distance,"Broadway, Va.",mens-track-and-field,2025,38.6133035,-78.7993257
Tsedeke Jakovics,Distance,"Severna Park, MD",mens-track-and-field,2025,39.0826193,-76.5719676
Tyler Konopka,,"Toms River, N.J.",mens-track-and-field,2025,39.9528389,-74.196741
Vijay Krishnamoorthi,Distance,"Schaumburg, Ill.",mens-track-and-field,2025,42.0333608,-88.083406
Weston Brown,Distance,"Bozeman, Mont.",mens-track-and-field,2025,45.6794293,-111.044047
Xavier Donaldson,Sprints,"South Orange, N.J.",mens-track-and-field,2025,40.7474966,-74.2635376
Yuki Hojo,Hurdles,"Tokyo, Japan",mens-track-and-field,2025,35.6768601,139.7638947
Zach Della Rocca,Sprints,"Princeton, N.J.",mens-track-and-field,2025,40.3496953,-74.6597376
Aaron Hilton,,"Washington, D.C.",rowing,2016,38.8950982,-77.0363849
Adam Teece,,"Newbury, U.K.",rowing,2016,51.4020243,-1.3242212
Ameen Moshirfar,,"Sandy, Utah",rowing,2016,40.5710454,-111.8953815
Andrew Salmons,,"Syracuse, N.Y.",rowing,2016,43.0481221,-76.1474244
Arman Odabas,,"New Albany, Ohio",rowing,2016,40.0811745,-82.8087864
Ayden Lamont,,"Auckland, N.Z.",rowing,2016,-31.9218756,115.8466839
Benjamin Parker,,"New Orleans, La.",rowing,2016,29.9574657,-90.0629493
Bernardo Pacini,,"Chestnut Hill, Mass.",rowing,2016,42.3234553,-71.1639439
Bhavani Srinivas,,"Mt. Pleasant, S.C.",rowing,2016,32.7927956,-79.8678322
Bill Van Cleve,,"St. Louis, Mo.",rowing,2016,38.6254063,-90.190009
Blake Lange,,"Darien, Conn.",rowing,2016,41.0787079,-73.4692873
Cameron McKenzie,,"Church Hill, Tenn.",rowing,2016,36.5223207,-82.7134921
Charles Miller,,"Rochester, Mich.",rowing,2016,42.680588,-83.1338214
Charles Ughetta,,"New York, N.Y.",rowing,2016,40.7127281,-74.0060152
Charlie Kwitchoff,,"Buffalo, N.Y.",rowing,2016,42.8864163,-78.8781493
Charlie Ramirez,,"Pasadena, Calif.",rowing,2016,34.1476507,-118.144155
Christian Kelling,,"Pelham, N.Y.",rowing,2016,40.9098215,-73.8079111
Christopher King,,"Redding, Conn.",rowing,2016,41.3029342,-73.3833661
Clayton Travis,,"Angola, Ind.",rowing,2016,41.634874,-84.99928
Daniel Chao,,"Arcadia, Calif.",rowing,2016,34.1362075,-118.0401497
Danny Hogan,,"Lafayette, Calif.",rowing,2016,37.8857582,-122.1180201
Dennis Duffin,,"Ventnor City, N.J.",rowing,2016,39.3405045,-74.4773916
Forrest Daugherty,,"Davidson, N.C.",rowing,2016,35.7902384,-80.2115053
Gregory Kernisan,,"Glastonbury, Ct.",rowing,2016,41.7123218,-72.608146
Harrison Shure,,"Seattle, Wash.",rowing,2016,47.6038321,-122.330062
James Goble,,"Winchester, Eng.",rowing,2016,51.0612766,-1.3131692
James Sincavage,,"Malvern, Pa.",rowing,2016,40.036202,-75.5138959
Jameson Lowrey,,"New York, N.Y.",rowing,2016,40.7127281,-74.0060152
Jessica Li,,"Chandler, Az.",rowing,2016,33.3062031,-111.841185
Jesus Serrano Cendejas,,"Mexico City, Mexico",rowing,2016,19.3207722,-99.1514678
Joe Ratliffe,,"Seattle, Wash.",rowing,2016,47.6038321,-122.330062
Jordi Cabanas,,"Brookline, Mass.",rowing,2016,42.332918,-71.1187829
Kolby McDaniel,,"Tallahassee, Fla.",rowing,2016,30.4380832,-84.2809332
Lucas Manning,,"Westport, Conn.",rowing,2016,41.1414855,-73.3578955
Marley Brackett,,"Newburgh, N.Y.",rowing,2016,41.5000767,-74.0098299
Matthew Lotocki,,"River Vale, N.J.",rowing,2016,40.9953754,-74.0120832
Matthew McGhee,,"Newport Coast, Calif.",rowing,2016,33.5963719,-117.826821
Matthew Miller,,"Maple Glen, Pa.",rowing,2016,40.178412,-75.1778197
Nicholas Apostolakis,,"Lakewood, Ohio",rowing,2016,41.4819932,-81.7981908
Oscar Holmes,,"London, England",rowing,2016,51.5074456,-0.1277653
Oskar Arzt-Jones,,"London, Eng.",rowing,2016,51.5074456,-0.1277653
Patrick Watt,,"Toronto, Ont.",rowing,2016,43.6534817,-79.3839347
Richard Chang,,"Holmdel, N.J.",rowing,2016,40.3451095,-74.1840322
Richard Furchtgott,,"Washington, D.C.",rowing,2016,38.8950982,-77.0363849
Richard Romano,,"Cary, N.C.",rowing,2016,35.7873617,-78.7811623
Ricky Swanton,,"Winchester, Mass.",rowing,2016,42.4523178,-71.1369982
Ryan Born,,"Washington, Mich.",rowing,2016,42.3021687,-83.257153
Ryan Pristo,,"Ft. Lauderdale, Fla.",rowing,2016,26.1223084,-80.1433786
Samuel Parsons,,"Killawarra, Aust.",rowing,2016,-36.251256,146.2158559
Shea Minter,,"New Kensington, Pa.",rowing,2016,40.5697893,-79.7647705
Theo Long,,"London, Eng.",rowing,2016,51.5074456,-0.1277653
Trevor Henningson,,"Atlanta, Ga.",rowing,2016,33.7544657,-84.3898151
Tyler Hoffman,,"Farmington, Conn.",rowing,2016,41.7198216,-72.8320435
Tyler Valicenti,,"El Dorado Hills, Calif.",rowing,2016,38.6827365,-121.0536827
Will Van Cleve,,"Seattle, Wash.",rowing,2016,47.6038321,-122.330062
William Hess,,"Milton, Mass.",rowing,2016,42.2501425,-71.065573
Adam Teece,,"Newbury, U.K.",rowing,2017,51.4020243,-1.3242212
Alexander Williams,,"London, Eng.",rowing,2017,51.5074456,-0.1277653
Ameen Moshirfar,,"Sandy, Utah",rowing,2017,40.5710454,-111.8953815
Andrew Salmons,,"Syracuse, N.Y.",rowing,2017,43.0481221,-76.1474244
Bernardo Pacini,,"Chestnut Hill, Mass.",rowing,2017,42.3234553,-71.1639439
Blake Lange,,"Darien, Conn.",rowing,2017,41.0787079,-73.4692873
Charles Miller,,"Rochester, Mich.",rowing,2017,42.680588,-83.1338214
Charlie Kwitchoff,,"Buffalo, N.Y.",rowing,2017,42.8864163,-78.8781493
Christian Kelling,,"Pelham, N.Y.",rowing,2017,40.9098215,-73.8079111
Christopher Callegari,,"Malvern, Pa.",rowing,2017,40.036202,-75.5138959
Christopher Walton,,"Pennington, N.J.",rowing,2017,40.3281213,-74.7909992
Christopher Ye,,"Beijing, China",rowing,2017,39.9057136,116.3912972
Clayton Travis,,"Angola, Ind.",rowing,2017,41.634874,-84.99928
Daniel Chao,,"Arcadia, Calif.",rowing,2017,34.1362075,-118.0401497
Danny Hogan,,"Lafayette, Calif.",rowing,2017,37.8857582,-122.1180201
David Slear,,"Dallas, Texas",rowing,2017,32.7762719,-96.7968559
Dennis Duffin,,"Ventnor City, N.J.",rowing,2017,39.3405045,-74.4773916
Gianni Pompili,,"San Anselmo, Calif.",rowing,2017,37.9744323,-122.561503
Gregory Kernisan,,"Glastonbury, Ct.",rowing,2017,41.7123218,-72.608146
Harrison Shure,,"Seattle, Wash.",rowing,2017,47.6038321,-122.330062
Henry Ogilby,,"Belmont, Mass.",rowing,2017,42.3959296,-71.1786655
Isabel Leigh,,"Ft. Myers, Fla.",rowing,2017,26.640628,-81.8723084
James Goble,,"Winchester, Eng.",rowing,2017,51.0612766,-1.3131692
James Sincavage,,"Malvern, Pa.",rowing,2017,40.036202,-75.5138959
Jesus Serrano Cendejas,,"Mexico City, Mexico",rowing,2017,19.3207722,-99.1514678
Joe Ratliffe,,"Seattle, Wash.",rowing,2017,47.6038321,-122.330062
Jonathan Carr,,"Phoenix, Az.",rowing,2017,33.4484367,-112.074141
Jordi Cabanas,,"Brookline, Mass.",rowing,2017,42.332918,-71.1187829
Joshua Melnyk,,"Fairfax, Va.",rowing,2017,38.8462236,-77.3063733
Kolby McDaniel,,"Tallahassee, Fla.",rowing,2017,30.4380832,-84.2809332
Lucas Manning,,"Westport, Conn.",rowing,2017,41.1414855,-73.3578955
Marcus Jonas,,"London, Eng.",rowing,2017,51.5074456,-0.1277653
Marley Brackett,,"Newburgh, N.Y.",rowing,2017,41.5000767,-74.0098299
Matthew Butler,,"Whakatane, N.Z.",rowing,2017,-38.1376059,177.0067014
Matthew Collins,,"Newry, Northern Ireland",rowing,2017,54.1775283,-6.337506
Matthew McGhee,,"Newport Coast, Calif.",rowing,2017,33.5963719,-117.826821
Maximillian Sporer,,"Morristown, N.J.",rowing,2017,40.7970382,-74.4809868
Nicholas Apostolakis,,"Lakewood, Ohio",rowing,2017,41.4819932,-81.7981908
Oscar Holmes,,"London, England",rowing,2017,51.5074456,-0.1277653
Oskar Arzt-Jones,,"London, Eng.",rowing,2017,51.5074456,-0.1277653
Patrick Watt,,"Toronto, Ont.",rowing,2017,43.6534817,-79.3839347
Peter Colvin,,"Medical Lake, Wash.",rowing,2017,47.5727104,-117.682391
Richard Romano,,"Cary, N.C.",rowing,2017,35.7873617,-78.7811623
Ricky Swanton,,"Winchester, Mass.",rowing,2017,42.4523178,-71.1369982
Riesa Cassano,,"Pittsford, N.Y.",rowing,2017,43.090959,-77.515298
Ryan Pristo,,"Ft. Lauderdale, Fla.",rowing,2017,26.1223084,-80.1433786
Samuel Breckenridge,,"Geneva, Switzerland",rowing,2017,46.2017559,6.1466014
Samuel Parsons,,"Killawarra, Aust.",rowing,2017,-36.251256,146.2158559
Shai Slav,,"Tel Aviv, Israel",rowing,2017,32.0852997,34.7818064
Shea Minter,,"New Kensington, Pa.",rowing,2017,40.5697893,-79.7647705
Stephen Woolridge,,"Frankfort, Ky.",rowing,2017,38.2009055,-84.8732836
Sydney Edwards,,"Sarasota, Fla.",rowing,2017,27.3365805,-82.5308545
Theo Long,,"London, Eng.",rowing,2017,51.5074456,-0.1277653
Trevor Henningson,,"Atlanta, Ga.",rowing,2017,33.7544657,-84.3898151
Tyler Skow,,"London, Eng.",rowing,2017,51.5074456,-0.1277653
Tyler Valicenti,,"El Dorado Hills, Calif.",rowing,2017,38.6827365,-121.0536827
William Conte,,"San Francisco, Calif.",rowing,2017,37.7879363,-122.4075201
William Hess,,"Milton, Mass.",rowing,2017,42.2501425,-71.065573
Adam Teece,,"Newbury, U.K.",rowing,2018,51.4020243,-1.3242212
Alexander Williams,,"London, Eng.",rowing,2018,51.5074456,-0.1277653
Ameen Moshirfar,,"Sandy, Utah",rowing,2018,40.5710454,-111.8953815
Andrew Berg,,"Wellesley, Mass.",rowing,2018,42.2964859,-71.2925571
Charlie Kwitchoff,,"Buffalo, N.Y.",rowing,2018,42.8864163,-78.8781493
Christian Kelling,,"Pelham, N.Y.",rowing,2018,40.9098215,-73.8079111
Christopher Callegari,,"Malvern, Pa.",rowing,2018,40.036202,-75.5138959
Christopher Walton,,"Pennington, N.J.",rowing,2018,40.3281213,-74.7909992
Christopher Ye,,"Beijing, China",rowing,2018,39.9057136,116.3912972
Clayton Travis,,"Angola, Ind.",rowing,2018,41.634874,-84.99928
Daniel Chao,,"Arcadia, Calif.",rowing,2018,34.1362075,-118.0401497
Danny Hogan,,"Lafayette, Calif.",rowing,2018,37.8857582,-122.1180201
David Slear,,"Dallas, Texas",rowing,2018,32.7762719,-96.7968559
Dennis Duffin,,"Ventnor City, N.J.",rowing,2018,39.3405045,-74.4773916
Felipe Mendoza,,"Bogota, Columbia",rowing,2018,4.6533817,-74.0836331
George Dickinson,,"London, Eng.",rowing,2018,51.5074456,-0.1277653
George Middleton,,"Twickenham, Eng.",rowing,2018,51.4467444,-0.3281887
Gianni Pompili,,"San Anselmo, Calif.",rowing,2018,37.9744323,-122.561503
Gordon Walters,,"Ventnor City, N.J.",rowing,2018,39.3405045,-74.4773916
Gregory Kernisan,,"Glastonbury, Ct.",rowing,2018,41.7123218,-72.608146
Henry Thomas,,"Wellesley, Mass.",rowing,2018,42.2964859,-71.2925571
Henry Vecchione,,"Montclair, N.J.",rowing,2018,40.8164458,-74.2210643
Isabel Leigh,,"Ft. Myers, Fla.",rowing,2018,26.640628,-81.8723084
Jack Woll,,"Walnut Creek, Calif.",rowing,2018,37.9020731,-122.0618702
Jacob Barber,,"Pound Ridge, N.Y.",rowing,2018,41.2087066,-73.5748483
Jason Sun,,"Piedmont, Calif.",rowing,2018,37.8243715,-122.231635
Joe DiMarino,,"Moorestown, N.J.",rowing,2018,39.9670569,-74.9426677
Joe Ratliffe,,"Seattle, Wash.",rowing,2018,47.6038321,-122.330062
Jonathan Carr,,"Phoenix, Az.",rowing,2018,33.4484367,-112.074141
Jordi Cabanas,,"Brookline, Mass.",rowing,2018,42.332918,-71.1187829
Joshua Melnyk,,"Fairfax, Va.",rowing,2018,38.8462236,-77.3063733
Kolby McDaniel,,"Tallahassee, Fla.",rowing,2018,30.4380832,-84.2809332
Lucas Manning,,"Westport, Conn.",rowing,2018,41.1414855,-73.3578955
Marcus Jonas,,"London, Eng.",rowing,2018,51.5074456,-0.1277653
Matthew Butler,,"Whakatane, N.Z.",rowing,2018,-38.1376059,177.0067014
Matthew Collins,,"Newry, Northern Ireland",rowing,2018,54.1775283,-6.337506
Matthew McGhee,,"Newport Coast, Calif.",rowing,2018,33.5963719,-117.826821
Maximillian Sporer,,"Morristown, N.J.",rowing,2018,40.7970382,-74.4809868
Nicholas Apostolakis,,"Lakewood, Ohio",rowing,2018,41.4819932,-81.7981908
Oliver Crane,,"Lawrenceville, N.J.",rowing,2018,40.3009876,-74.7373728
Oscar Holmes,,"London, England",rowing,2018,51.5074456,-0.1277653
Oskar Arzt-Jones,,"London, Eng.",rowing,2018,51.5074456,-0.1277653
Peter Colvin,,"Medical Lake, Wash.",rowing,2018,47.5727104,-117.682391
Richard Romano,,"Cary, N.C.",rowing,2018,35.7873617,-78.7811623
Ricky Swanton,,"Winchester, Mass.",rowing,2018,42.4523178,-71.1369982
Riesa Cassano,,"Pittsford, N.Y.",rowing,2018,43.090959,-77.515298
Samuel Breckenridge,,"Geneva, Switzerland",rowing,2018,46.2017559,6.1466014
Samuel Parsons,,"Killawarra, Aust.",rowing,2018,-36.251256,146.2158559
Shai Slav,,"Tel Aviv, Israel",rowing,2018,32.0852997,34.7818064
Shea Minter,,"New Kensington, Pa.",rowing,2018,40.5697893,-79.7647705
Stephen Woolridge,,"Frankfort, Ky.",rowing,2018,38.2009055,-84.8732836
Sydney Edwards,,"Sarasota, Fla.",rowing,2018,27.3365805,-82.5308545
Theo Long,,"London, Eng.",rowing,2018,51.5074456,-0.1277653
Tim Scheuritzel,,"Narbeth, Pa.",rowing,2018,40.00726,-75.2624168
Tyler Skow,,"London, Eng.",rowing,2018,51.5074456,-0.1277653
William Conte,,"San Francisco, Calif.",rowing,2018,37.7879363,-122.4075201
William Hess,,"Milton, Mass.",rowing,2018,42.2501425,-71.065573
Aaron Chaffee,,"Ballston Lake, N.Y.",rowing,2019,42.9343617,-73.8596218
Adam Teece,,"Newbury, U.K.",rowing,2019,51.4020243,-1.3242212
Andrew Berg,,"Wellesley, Mass.",rowing,2019,42.2964859,-71.2925571
Anthony Frascella,,"Greenwich, Conn.",rowing,2019,41.0264862,-73.6284598
Axel de Boissard,,"London, Eng.",rowing,2019,51.5074456,-0.1277653
Carl Borsotti,,"Glenview, Ill.",rowing,2019,42.0700662,-87.8114044
Charlie Kwitchoff,,"Buffalo, N.Y.",rowing,2019,42.8864163,-78.8781493
David Slear,,"Dallas, Texas",rowing,2019,32.7762719,-96.7968559
David Veldran,,"Montclair, N.J.",rowing,2019,40.8164458,-74.2210643
Dennis Duffin,,"Ventnor City, N.J.",rowing,2019,39.3405045,-74.4773916
Eoin Gaffney,,"Cork City, Ireland",rowing,2019,51.8897795,-8.4653846
Ethan Abraham,,"El Dorado Hills, Calif.",rowing,2019,38.6827365,-121.0536827
Felipe Mendoza,,"Bogota, Columbia",rowing,2019,4.6533817,-74.0836331
George Dickinson,,"London, Eng.",rowing,2019,51.5074456,-0.1277653
George Middleton,,"Twickenham, Eng.",rowing,2019,51.4467444,-0.3281887
Gianni Pompili,,"San Anselmo, Calif.",rowing,2019,37.9744323,-122.561503
Henry Vecchione,,"Montclair, N.J.",rowing,2019,40.8164458,-74.2210643
Jack Bogdan,,"Spring Lake, N.J.",rowing,2019,40.1535132,-74.0293941
Jack Woll,,"Walnut Creek, Calif.",rowing,2019,37.9020731,-122.0618702
Jason Sun,,"Piedmont, Calif.",rowing,2019,37.8243715,-122.231635
John Gonzales,,"Milwaukee, Wisc.",rowing,2019,43.0386475,-87.9090751
John High,,"Plymouth, Mass.",rowing,2019,41.9426657,-70.7618592
Luke Baxter,,"Haddonfield, N.J.",rowing,2019,39.8915022,-75.0376707
Marcus Jonas,,"London, Eng.",rowing,2019,51.5074456,-0.1277653
Matthew Butler,,"Whakatane, N.Z.",rowing,2019,-38.1376059,177.0067014
Matthew Collins,,"Newry, Northern Ireland",rowing,2019,54.1775283,-6.337506
Nicholas Apostolakis,,"Lakewood, Ohio",rowing,2019,41.4819932,-81.7981908
Oskar Arzt-Jones,,"London, Eng.",rowing,2019,51.5074456,-0.1277653
Peter Colvin,,"Medical Lake, Wash.",rowing,2019,47.5727104,-117.682391
Peter Skinner,,"Winnetka, Ill.",rowing,2019,42.1080703,-87.7365286
Rhys Drout,,"Dedham, Mass.",rowing,2019,42.2481895,-71.1734418
Riesa Cassano,,"Pittsford, N.Y.",rowing,2019,43.090959,-77.515298
Samuel Breckenridge,,"Geneva, Switzerland",rowing,2019,46.2017559,6.1466014
Stephen Woolridge,,"Frankfort, Ky.",rowing,2019,38.2009055,-84.8732836
Sydney Edwards,,"Sarasota, Fla.",rowing,2019,27.3365805,-82.5308545
Theo Long,,"London, Eng.",rowing,2019,51.5074456,-0.1277653
Tim Eilers,,"Bremen, Germany",rowing,2019,53.0758196,8.8071646
Tim Scheuritzel,,"Narbeth, Pa.",rowing,2019,40.00726,-75.2624168
Tyler Skow,,"London, Eng.",rowing,2019,51.5074456,-0.1277653
William Olson,,"Menlo Park, Calif.",rowing,2019,37.4519671,-122.177992
Aaron Chaffee,,"Ballston Lake, N.Y.",rowing,2020,42.9343617,-73.8596218
Andrew Berg,,"Wellesley, Mass.",rowing,2020,42.2964859,-71.2925571
Carl Borsotti,,"Glenview, Ill.",rowing,2020,42.0700662,-87.8114044
David Slear,,"Dallas, Texas",rowing,2020,32.7762719,-96.7968559
Ethan Abraham,,"El Dorado Hills, Calif.",rowing,2020,38.6827365,-121.0536827
Gianni Pompili,,"San Anselmo, Calif.",rowing,2020,37.9744323,-122.561503
Henry Thomas,,"Wellesley, Mass.",rowing,2020,42.2964859,-71.2925571
Henry Vecchione,,"Montclair, N.J.",rowing,2020,40.8164458,-74.2210643
Jack Bogdan,,"Spring Lake, N.J.",rowing,2020,40.1535132,-74.0293941
John Gonzales,,"Milwaukee, Wisc.",rowing,2020,43.0386475,-87.9090751
John High,,"Plymouth, Mass.",rowing,2020,41.9426657,-70.7618592
Jonathan Carr,,"Phoenix, Az.",rowing,2020,33.4484367,-112.074141
Marcus Jonas,,"London, Eng.",rowing,2020,51.5074456,-0.1277653
Matthew Butler,,"Whakatane, N.Z.",rowing,2020,-38.1376059,177.0067014
Matthew Collins,,"Newry, Northern Ireland",rowing,2020,54.1775283,-6.337506
Oskar Arzt-Jones,,"London, Eng.",rowing,2020,51.5074456,-0.1277653
Paul Höselbarth,,"Hessen, Germany",rowing,2020,50.6080651,9.0284647
Peter Colvin,,"Medical Lake, Wash.",rowing,2020,47.5727104,-117.682391
Peter Skinner,,"Winnetka, Ill.",rowing,2020,42.1080703,-87.7365286
Rhys Drout,,"Dedham, Mass.",rowing,2020,42.2481895,-71.1734418
Riesa Cassano,,"Pittsford, N.Y.",rowing,2020,43.090959,-77.515298
Samuel Breckenridge,,"Geneva, Switzerland",rowing,2020,46.2017559,6.1466014
Stephen Woolridge,,"Frankfort, Ky.",rowing,2020,38.2009055,-84.8732836
Sydney Edwards,,"Sarasota, Fla.",rowing,2020,27.3365805,-82.5308545
Tyler Skow,,"London, Eng.",rowing,2020,51.5074456,-0.1277653
Vincenzo Montoni,,"New Hyde Park, N.Y.",rowing,2020,40.7352157,-73.6883239
William Olson,,"Menlo Park, Calif.",rowing,2020,37.4519671,-122.177992
Aaron Chaffee,,"Ballston Lake, N.Y.",rowing,2021,42.9343617,-73.8596218
Aaron Wenk,,"Scarsdale, N.Y.",rowing,2021,40.9885221,-73.8085608
Andrew Barry,,"St. Catharines, Ontario",rowing,2021,43.1579812,-79.2441003
Andrew Berg,,"Wellesley, Mass.",rowing,2021,42.2964859,-71.2925571
Anthony Frascella,,"Greenwich, Conn.",rowing,2021,41.0264862,-73.6284598
Cal Gorvy,,"Marlow, Great Britain",rowing,2021,51.5718706,-0.7769654
Carl Borsotti,,"Glenview, Ill.",rowing,2021,42.0700662,-87.8114044
Caroline Zhao,,"Westfield, N.J.",rowing,2021,40.651726,-74.3483059
Charles McWeeny,,"Williamstown, Mass.",rowing,2021,42.7135472,-73.2094566
Cyrus Hatam,,"Bethesda, Md.",rowing,2021,38.9812726,-77.1233587
David Van Velden,,"Amsterdam, Netherlands",rowing,2021,52.3730796,4.8924534
Eoin Gaffney,,"Cork City, Ireland",rowing,2021,51.8897795,-8.4653846
Ethan Abraham,,"El Dorado Hills, Calif.",rowing,2021,38.6827365,-121.0536827
Fergus Nevill,,"Woking, Great Britain",rowing,2021,51.3201891,-0.5564726
George Dickinson,,"London, Eng.",rowing,2021,51.5074456,-0.1277653
George Middleton,,"Twickenham, Eng.",rowing,2021,51.4467444,-0.3281887
Giorgio Battigaglia,,"Rome, Italy",rowing,2021,41.8933203,12.4829321
Henry Thomas,,"Wellesley, Mass.",rowing,2021,42.2964859,-71.2925571
Henry Vecchione,,"Montclair, N.J.",rowing,2021,40.8164458,-74.2210643
Henry Wright,,"London, England",rowing,2021,51.5074456,-0.1277653
Jack Bogdan,,"Spring Lake, N.J.",rowing,2021,40.1535132,-74.0293941
Jack Woll,,"Walnut Creek, Calif.",rowing,2021,37.9020731,-122.0618702
Jason Sun,,"Piedmont, Calif.",rowing,2021,37.8243715,-122.231635
John Gonzales,,"Milwaukee, Wisc.",rowing,2021,43.0386475,-87.9090751
John High,,"Plymouth, Mass.",rowing,2021,41.9426657,-70.7618592
Laney Gold-Rappe,,"Penn Valley, Pa.",rowing,2021,40.0184454,-75.2612932
Luc Harbers,,"New York, N.Y.",rowing,2021,40.7127281,-74.0060152
Luke Baxter,,"Haddonfield, N.J.",rowing,2021,39.8915022,-75.0376707
Matt Willer,,"Palo Alto, Calif.",rowing,2021,37.4443293,-122.1598465
Matthew Collins,,"Newry, Northern Ireland",rowing,2021,54.1775283,-6.337506
Nick Aronow,,"Laurel Hollow, N.Y.",rowing,2021,40.8567653,-73.4695665
Paul Höselbarth,,"Hessen, Germany",rowing,2021,50.6080651,9.0284647
Peter Skinner,,"Winnetka, Ill.",rowing,2021,42.1080703,-87.7365286
Rhys Drout,,"Dedham, Mass.",rowing,2021,42.2481895,-71.1734418
Rodrigo Gallardo,,"Coronado, Calif.",rowing,2021,32.6915199,-117.1766947
Sarah Brewer,,"Princeton, N.J.",rowing,2021,40.3496953,-74.6597376
Thomas Pries,,"South Bend, Ind.",rowing,2021,41.6833813,-86.2500066
Tim Eilers,,"Bremen, Germany",rowing,2021,53.0758196,8.8071646
Tim Scheuritzel,,"Narbeth, Pa.",rowing,2021,40.00726,-75.2624168
Will Nash,,"Washington, D.C.",rowing,2021,38.8950982,-77.0363849
William Olson,,"Menlo Park, Calif.",rowing,2021,37.4519671,-122.177992
Aaron Chaffee,,"Ballston Lake, N.Y.",rowing,2022,42.9343617,-73.8596218
Aaron Wenk,,"Scarsdale, N.Y.",rowing,2022,40.9885221,-73.8085608
Adam Casler,,"Newport, Calif.",rowing,2022,39.5773839,-123.7747388
Andrew Barry,,"St. Catharines, Ontario",rowing,2022,43.1579812,-79.2441003
Anthony Frascella,,"Greenwich, Conn.",rowing,2022,41.0264862,-73.6284598
Astor Lu,,"Washington, D.C.",rowing,2022,38.8950982,-77.0363849
Braeden Carroll,,"Kinnelon, N.J.",rowing,2022,41.0017644,-74.367096
Cal Gorvy,,"Marlow, Great Britain",rowing,2022,51.5718706,-0.7769654
Carl Borsotti,,"Glenview, Ill.",rowing,2022,42.0700662,-87.8114044
Caroline Zhao,,"Westfield, N.J.",rowing,2022,40.651726,-74.3483059
Charles McWeeny,,"Williamstown, Mass.",rowing,2022,42.7135472,-73.2094566
Charlotte Cox,,"Los Angeles, Calif.",rowing,2022,34.0536909,-118.242766
Conlan Diamond,,"Dallas, Texas",rowing,2022,32.7762719,-96.7968559
Daniel Pries,,"South Bend, Ind.",rowing,2022,41.6833813,-86.2500066
David Van Velden,,"Amsterdam, Netherlands",rowing,2022,52.3730796,4.8924534
Eoin Gaffney,,"Cork City, Ireland",rowing,2022,51.8897795,-8.4653846
Ethan Abraham,,"El Dorado Hills, Calif.",rowing,2022,38.6827365,-121.0536827
George Dickinson,,"London, Eng.",rowing,2022,51.5074456,-0.1277653
George Middleton,,"Twickenham, Eng.",rowing,2022,51.4467444,-0.3281887
Hidde Lycklama,,"Amsterdam, Noord-Holland",rowing,2022,52.4015863,4.9330316
Jack Bogdan,,"Spring Lake, N.J.",rowing,2022,40.1535132,-74.0293941
John Gonzales,,"Milwaukee, Wisc.",rowing,2022,43.0386475,-87.9090751
John High,,"Plymouth, Mass.",rowing,2022,41.9426657,-70.7618592
Laney Gold-Rappe,,"Penn Valley, Pa.",rowing,2022,40.0184454,-75.2612932
Laszlo Wenk,,"Scarsdale, New York",rowing,2022,40.9885221,-73.8085608
Liam Dooley,,"Chicago, Ill.",rowing,2022,41.8755616,-87.6244212
Luc Harbers,,"New York, N.Y.",rowing,2022,40.7127281,-74.0060152
Matteo Torres,,"Frederick, Md.",rowing,2022,39.415779,-77.4127562
Nick Aronow,,"Laurel Hollow, N.Y.",rowing,2022,40.8567653,-73.4695665
Noah Klemmer Domonkos,,"Stockholm, Sweden",rowing,2022,59.3251172,18.0710935
Paul Höselbarth,,"Hessen, Germany",rowing,2022,50.6080651,9.0284647
Peter Skinner,,"Winnetka, Ill.",rowing,2022,42.1080703,-87.7365286
Quinn Diamond,,"Dallas, Texas",rowing,2022,32.7762719,-96.7968559
Reuben Cook,,"Dunedin, New Zealand",rowing,2022,-45.8740984,170.5035755
Thomas Pries,,"South Bend, Ind.",rowing,2022,41.6833813,-86.2500066
Tim Eilers,,"Bremen, Germany",rowing,2022,53.0758196,8.8071646
Tim Scheuritzel,,"Narbeth, Pa.",rowing,2022,40.00726,-75.2624168
Will Nash,,"Washington, D.C.",rowing,2022,38.8950982,-77.0363849
William Olson,,"Menlo Park, Calif.",rowing,2022,37.4519671,-122.177992
Adam Casler,,"Newport, Calif.",rowing,2023,39.5773839,-123.7747388
Allen Liu,,"Woodbridge, Conn.",rowing,2023,41.3531983,-73.0114935
Andrew Barry,,"St. Catharines, Ontario",rowing,2023,43.1579812,-79.2441003
Anthony Frascella,,"Greenwich, Conn.",rowing,2023,41.0264862,-73.6284598
Astor Lu,,"Washington, D.C.",rowing,2023,38.8950982,-77.0363849
Bach Ryan,,"Sausalito, Calif.",rowing,2023,37.8590272,-122.485469
Braeden Carroll,,"Kinnelon, N.J.",rowing,2023,41.0017644,-74.367096
Caroline Zhao,,"Westfield, N.J.",rowing,2023,40.651726,-74.3483059
Charles McWeeny,,"Williamstown, Mass.",rowing,2023,42.7135472,-73.2094566
Charlie Vaksman,,"Burlingame, Calif.",rowing,2023,37.5780965,-122.3473099
Charlotte Cox,,"Los Angeles, Calif.",rowing,2023,34.0536909,-118.242766
Conlan Diamond,,"Dallas, Texas",rowing,2023,32.7762719,-96.7968559
Daniel Pries,,"South Bend, Ind.",rowing,2023,41.6833813,-86.2500066
David Van Velden,,"Amsterdam, Netherlands",rowing,2023,52.3730796,4.8924534
Eoin Gaffney,,"Cork City, Ireland",rowing,2023,51.8897795,-8.4653846
Hidde Lycklama,,"Amsterdam, Noord-Holland",rowing,2023,52.4015863,4.9330316
Johannes Jakobsen,,"Copenhagen, Denmark",rowing,2023,55.6867243,12.5700724
Laney Gold-Rappe,,"Penn Valley, Pa.",rowing,2023,40.0184454,-75.2612932
Liam Dooley,,"Chicago, Ill.",rowing,2023,41.8755616,-87.6244212
Lon Walton,,"Jacksonville, Fla.",rowing,2023,30.3262247,-81.6579179
Luc Harbers,,"New York, N.Y.",rowing,2023,40.7127281,-74.0060152
Luke Helstrom,,"Philadelphia, Pa.",rowing,2023,39.9527237,-75.1635262
Maaso Ortega,,"Pasadena, Calif.",rowing,2023,34.1476507,-118.144155
Matteo Torres,,"Frederick, Md.",rowing,2023,39.415779,-77.4127562
Nick Aronow,,"Laurel Hollow, N.Y.",rowing,2023,40.8567653,-73.4695665
Noah Klemmer Domonkos,,"Stockholm, Sweden",rowing,2023,59.3251172,18.0710935
Paul Höselbarth,,"Hessen, Germany",rowing,2023,50.6080651,9.0284647
Quinn Diamond,,"Dallas, Texas",rowing,2023,32.7762719,-96.7968559
Reuben Cook,,"Dunedin, New Zealand",rowing,2023,-45.8740984,170.5035755
Sam Scowen,,"London, England",rowing,2023,51.5074456,-0.1277653
Sid Jain,,"Roslyn Heights, N.Y.",rowing,2023,40.7766105,-73.6339769
Tim Eilers,,"Bremen, Germany",rowing,2023,53.0758196,8.8071646
Vincent Mann,,"Indianapolis, Ind.",rowing,2023,39.7683331,-86.1583502
Will Nash,,"Washington, D.C.",rowing,2023,38.8950982,-77.0363849
Adam Casler,,"Newport, Calif.",rowing,2024,39.5773839,-123.7747388
Allen Liu,,"Woodbridge, Conn.",rowing,2024,41.3531983,-73.0114935
Astor Lu,,"Washington, D.C.",rowing,2024,38.8950982,-77.0363849
Atticus Chute,,"Slough, England",rowing,2024,51.5111014,-0.5940682
Bach Ryan,,"Sausalito, Calif.",rowing,2024,37.8590272,-122.485469
Braeden Carroll,,"Kinnelon, N.J.",rowing,2024,41.0017644,-74.367096
Brian Karle,,"Ridgefield, Conn.",rowing,2024,41.2814842,-73.4981792
Cal Gorvy,,"Marlow, Great Britain",rowing,2024,51.5718706,-0.7769654
Caroline Zhao,,"Westfield, N.J.",rowing,2024,40.651726,-74.3483059
Charles McWeeny,,"Williamstown, Mass.",rowing,2024,42.7135472,-73.2094566
Charlie Vaksman,,"Burlingame, Calif.",rowing,2024,37.5780965,-122.3473099
Charlotte Cox,,"Los Angeles, Calif.",rowing,2024,34.0536909,-118.242766
Conlan Diamond,,"Dallas, Texas",rowing,2024,32.7762719,-96.7968559
Daniel Pries,,"South Bend, Ind.",rowing,2024,41.6833813,-86.2500066
David Van Velden,,"Amsterdam, Netherlands",rowing,2024,52.3730796,4.8924534
Ethan Hicks,,"Perry, Ohio",rowing,2024,39.6370289,-82.2044367
Frederick Middleton,,"Twickenham, England",rowing,2024,51.4467444,-0.3281887
Hidde Lycklama,,"Amsterdam, Noord-Holland",rowing,2024,52.4015863,4.9330316
Jack Hume,,"Alameda, Calif.",rowing,2024,37.6090291,-121.899142
James Swinehart,,"Columbus, Ga.",rowing,2024,32.4610708,-84.9880449
Johannes Jakobsen,,"Copenhagen, Denmark",rowing,2024,55.6867243,12.5700724
John Kiely,,"Westport, Conn.",rowing,2024,41.1414855,-73.3578955
Laney Gold-Rappe,,"Penn Valley, Pa.",rowing,2024,40.0184454,-75.2612932
Laszlo Wenk,,"Scarsdale, New York",rowing,2024,40.9885221,-73.8085608
Liam Dooley,,"Chicago, Ill.",rowing,2024,41.8755616,-87.6244212
Lon Walton,,"Jacksonville, Fla.",rowing,2024,30.3262247,-81.6579179
Luc Harbers,,"New York, N.Y.",rowing,2024,40.7127281,-74.0060152
Luke Helstrom,,"Philadelphia, Pa.",rowing,2024,39.9527237,-75.1635262
Maaso Ortega,,"Pasadena, Calif.",rowing,2024,34.1476507,-118.144155
Mason Delamater,,"Cabot, Ark.",rowing,2024,34.974532,-92.0165336
Matteo Torres,,"Frederick, Md.",rowing,2024,39.415779,-77.4127562
Nick Aronow,,"Laurel Hollow, N.Y.",rowing,2024,40.8567653,-73.4695665
Noah Klemmer Domonkos,,"Stockholm, Sweden",rowing,2024,59.3251172,18.0710935
Paul Canalori,,"Woodbridge, Conn.",rowing,2024,41.3531983,-73.0114935
Quinn Diamond,,"Dallas, Texas",rowing,2024,32.7762719,-96.7968559
Reese Bommer,,"Rye, N.Y.",rowing,2024,40.9821371,-73.6840902
Reuben Cook,,"Dunedin, New Zealand",rowing,2024,-45.8740984,170.5035755
Sam Scowen,,"London, England",rowing,2024,51.5074456,-0.1277653
Sebastian Whiteley,,"Toorak, Aus.",rowing,2024,-37.850751,145.0136989
Sid Jain,,"Roslyn Heights, N.Y.",rowing,2024,40.7766105,-73.6339769
Vincent Mann,,"Indianapolis, Ind.",rowing,2024,39.7683331,-86.1583502
Will Nash,,"Washington, D.C.",rowing,2024,38.8950982,-77.0363849
Adam Casler,,"Newport, Calif.",rowing,2025,39.5773839,-123.7747388
Astor Lu,,"Washington, D.C.",rowing,2025,38.8950982,-77.0363849
Atticus Chute,,"Slough, England",rowing,2025,51.5111014,-0.5940682
Bach Ryan,,"Sausalito, Calif.",rowing,2025,37.8590272,-122.485469
Beatrice Schlein,,"Westport, Conn.",rowing,2025,41.1414855,-73.3578955
Benjamin Peron,,"Rye, N.Y.",rowing,2025,40.9821371,-73.6840902
Braeden Carroll,,"Kinnelon, N.J.",rowing,2025,41.0017644,-74.367096
Brian Karle,,"Ridgefield, Conn.",rowing,2025,41.2814842,-73.4981792
Bryson Jeppesen,,"Mesa, Ariz.",rowing,2025,33.4151005,-111.831455
Cal Gorvy,,"Marlow, Great Britain",rowing,2025,51.5718706,-0.7769654
Charles Huckel,,"Doylestown, Pa.",rowing,2025,40.3100446,-75.1304588
Charlie Vaksman,,"Burlingame, Calif.",rowing,2025,37.5780965,-122.3473099
Charlotte Cox,,"Los Angeles, Calif.",rowing,2025,34.0536909,-118.242766
Conlan Diamond,,"Dallas, Texas",rowing,2025,32.7762719,-96.7968559
Edward Galer,,"Thames Ditton, England",rowing,2025,51.389182,-0.3290769
Ethan Hicks,,"Perry, Ohio",rowing,2025,39.6370289,-82.2044367
Frederick Middleton,,"Twickenham, England",rowing,2025,51.4467444,-0.3281887
George Dolce,,"Rye Brook, N.Y.",rowing,2025,41.0192641,-73.6834621
Hidde Lycklama,,"Amsterdam, Noord-Holland",rowing,2025,52.4015863,4.9330316
Ivo Monaghan,,"London, England",rowing,2025,51.5074456,-0.1277653
Jack Hume,,"Alameda, Calif.",rowing,2025,37.6090291,-121.899142
Jackson Anderson,,"Rye, N.Y.",rowing,2025,40.9821371,-73.6840902
James Swinehart,,"Columbus, Ga.",rowing,2025,32.4610708,-84.9880449
Johannes Jakobsen,,"Copenhagen, Denmark",rowing,2025,55.6867243,12.5700724
John Kiely,,"Westport, Conn.",rowing,2025,41.1414855,-73.3578955
Laszlo Wenk,,"Scarsdale, New York",rowing,2025,40.9885221,-73.8085608
Liam D'Evelyn,,"Saratoga Springs, N.Y.",rowing,2025,43.0822315,-73.785373
Liam Dooley,,"Chicago, Ill.",rowing,2025,41.8755616,-87.6244212
Luke Helstrom,,"Philadelphia, Pa.",rowing,2025,39.9527237,-75.1635262
Maaso Ortega,,"Pasadena, Calif.",rowing,2025,34.1476507,-118.144155
Mason Delamater,,"Cabot, Ark.",rowing,2025,34.974532,-92.0165336
Matteo Torres,,"Frederick, Md.",rowing,2025,39.415779,-77.4127562
Matteus Rueca,,"Oakland, Calif.",rowing,2025,37.8044557,-122.271356
Noah Klemmer Domonkos,,"Stockholm, Sweden",rowing,2025,59.3251172,18.0710935
Paul Canalori,,"Woodbridge, Conn.",rowing,2025,41.3531983,-73.0114935
Peter Strecansky,,"Piestany, Slovakia",rowing,2025,48.5895247,17.8213848
Quinn Diamond,,"Dallas, Texas",rowing,2025,32.7762719,-96.7968559
Reese Bommer,,"Rye, N.Y.",rowing,2025,40.9821371,-73.6840902
Reuben Cook,,"Dunedin, New Zealand",rowing,2025,-45.8740984,170.5035755
Sam Scowen,,"London, England",rowing,2025,51.5074456,-0.1277653
Sebastian Lyne,,"Parnell, New Zealand",rowing,2025,-36.8554763,174.7805576
Sebastian Whiteley,,"Toorak, Aus.",rowing,2025,-37.850751,145.0136989
Sid Jain,,"Roslyn Heights, N.Y.",rowing,2025,40.7766105,-73.6339769
Vincent Mann,,"Indianapolis, Ind.",rowing,2025,39.7683331,-86.1583502
William Drapkin,,"New Canaan, Conn.",rowing,2025,41.146763,-73.4948446
Bella Alarie,G/F,"Bethesda, Md.",womens-basketball,2016,38.9812726,-77.1233587
Caroline Davis,G/F,"Newark, Del.",womens-basketball,2016,39.6828358,-75.7515682
Claudia Reid,G,"DeWitt, Mich.",womens-basketball,2016,42.8424784,-84.5697965
Gabrielle Rush,G,"Hinsdale, Ill.",womens-basketball,2016,41.8024604,-87.9299841
Jackie Reyneke,F,"Upper Saddle River, N.J.",womens-basketball,2016,41.0585352,-74.0984769
Jordan Muhammad,G,"Charlotte, N.C.",womens-basketball,2016,35.2272086,-80.8430827
Jordan Stallworth,F,"Buford, Ga.",womens-basketball,2016,34.1206564,-84.0043513
Kenya Holland,G,"Stafford, Va.",womens-basketball,2016,38.4167265,-77.4579783
Leslie Robinson,F,"Corvallis, Ore.",womens-basketball,2016,44.5645659,-123.2620435
Qalea Ismail,G,"Bel Air, Md.",womens-basketball,2016,39.5797515,-78.8531894
Sara Lewis,F/C,"San Antonio, Texas",womens-basketball,2016,29.4246002,-98.4951405
Sydney Jordan,G/F,"Manassas, Va.",womens-basketball,2016,38.7509488,-77.4752667
Taylor Baur,F,"St. Louis, Mo.",womens-basketball,2016,38.6254063,-90.190009
Taylor Brown,G,"Woodstock, Ga.",womens-basketball,2016,34.1014112,-84.5192192
Tia Weledji,G,"Overland Park, Kan.",womens-basketball,2016,38.9742502,-94.6851702
Vanessa Smith,G,"Twinsburg, Ohio",womens-basketball,2016,41.3125552,-81.4401129
Abby Meyers,G,"Potomac, Md.",womens-basketball,2017,39.0180508,-77.1956331
Bella Alarie,G/F,"Bethesda, Md.",womens-basketball,2017,38.9812726,-77.1233587
Carlie Littlefield,G,"Waukee, Iowa",womens-basketball,2017,41.6118485,-93.8845129
Caroline Davis,G/F,"Newark, Del.",womens-basketball,2017,39.6828358,-75.7515682
Gabrielle Rush,G,"Hinsdale, Ill.",womens-basketball,2017,41.8024604,-87.9299841
Kenya Holland,G,"Stafford, Va.",womens-basketball,2017,38.4167265,-77.4579783
Leslie Robinson,F,"Corvallis, Ore.",womens-basketball,2017,44.5645659,-123.2620435
McKenna Haire,G,"Charlotte, N.C.",womens-basketball,2017,35.2272086,-80.8430827
Qalea Ismail,G,"Bel Air, Md.",womens-basketball,2017,39.5797515,-78.8531894
Sydney Boyer,F,"Moorpark, Calif.",womens-basketball,2017,34.285558,-118.8820414
Sydney Jordan,G/F,"Manassas, Va.",womens-basketball,2017,38.7509488,-77.4752667
Taylor Baur,F,"St. Louis, Mo.",womens-basketball,2017,38.6254063,-90.190009
Tia Weledji,G,"Overland Park, Kan.",womens-basketball,2017,38.9742502,-94.6851702
Bella Alarie,G/F,"Bethesda, Md.",womens-basketball,2018,38.9812726,-77.1233587
Carlie Littlefield,G,"Waukee, Iowa",womens-basketball,2018,41.6118485,-93.8845129
Gabrielle Rush,G,"Hinsdale, Ill.",womens-basketball,2018,41.8024604,-87.9299841
Grace Stone,G,"Glen Cove, N.Y.",womens-basketball,2018,40.8642028,-73.6317807
Julia Cunningham,G,"Watchung, N.J.",womens-basketball,2018,40.6378801,-74.4509863
Kira Emsbo,F,"Lakewood, Colo.",womens-basketball,2018,39.7085736,-105.0846694
Lexi Weger,G/F,"South Hadley, Mass.",womens-basketball,2018,42.2591392,-72.5751341
Maggie Connolly,G,"Wilmington, Del.",womens-basketball,2018,39.7459468,-75.546589
McKenna Haire,G,"Charlotte, N.C.",womens-basketball,2018,35.2272086,-80.8430827
Neenah Young,G/F,"Tracy, Calif.",womens-basketball,2018,37.7385507,-121.420139
Qalea Ismail,G,"Bel Air, Md.",womens-basketball,2018,39.5797515,-78.8531894
Sydney Boyer,F,"Moorpark, Calif.",womens-basketball,2018,34.285558,-118.8820414
Sydney Jordan,G/F,"Manassas, Va.",womens-basketball,2018,38.7509488,-77.4752667
Taylor Baur,F,"St. Louis, Mo.",womens-basketball,2018,38.6254063,-90.190009
Abby Meyers,G,"Potomac, Md.",womens-basketball,2019,39.0180508,-77.1956331
Bella Alarie,G/F,"Bethesda, Md.",womens-basketball,2019,38.9812726,-77.1233587
Carlie Littlefield,G,"Waukee, Iowa",womens-basketball,2019,41.6118485,-93.8845129
Ellie Mitchell,F,"Chevy Chase, Md.",womens-basketball,2019,38.9813699,-77.0849245
Grace Stone,G,"Glen Cove, N.Y.",womens-basketball,2019,40.8642028,-73.6317807
Julia Cunningham,G,"Watchung, N.J.",womens-basketball,2019,40.6378801,-74.4509863
Kira Emsbo,F,"Lakewood, Colo.",womens-basketball,2019,39.7085736,-105.0846694
Lexi Weger,G/F,"South Hadley, Mass.",womens-basketball,2019,42.2591392,-72.5751341
Maddie Plank,G/F,"Briarcliff Manor, N.Y.",womens-basketball,2019,41.1456512,-73.8237456
Maggie Connolly,G,"Wilmington, Del.",womens-basketball,2019,39.7459468,-75.546589
Maya McArthur,F,"Dana Point, Calif.",womens-basketball,2019,33.4669721,-117.6981075
McKenna Haire,G,"Charlotte, N.C.",womens-basketball,2019,35.2272086,-80.8430827
Neenah Young,G/F,"Tracy, Calif.",womens-basketball,2019,37.7385507,-121.420139
Nicole Young,G,"Tracy, Calif.",womens-basketball,2019,37.7385507,-121.420139
Sydney Boyer,F,"Moorpark, Calif.",womens-basketball,2019,34.285558,-118.8820414
Taylor Baur,F,"St. Louis, Mo.",womens-basketball,2019,38.6254063,-90.190009
Abby Meyers,G,"Potomac, Md.",womens-basketball,2021,39.0180508,-77.1956331
Adaora Nwokeji,G,"Houston, Texas",womens-basketball,2021,29.7589382,-95.3676974
Amelia Osgood,G,"Brentwood, Tenn.",womens-basketball,2021,36.0325687,-86.7825235
Chet Nweke,G,"Woodbine, Md.",womens-basketball,2021,39.359942,-77.0620833
Ellie Mitchell,F,"Chevy Chase, Md.",womens-basketball,2021,38.9813699,-77.0849245
Grace Stone,G,"Glen Cove, N.Y.",womens-basketball,2021,40.8642028,-73.6317807
Julia Cunningham,G,"Watchung, N.J.",womens-basketball,2021,40.6378801,-74.4509863
Kaitlyn Chen,G,"San Marino, Calif.",womens-basketball,2021,34.1215947,-118.105739
Katie Thiers,F,"Seattle, Wash.",womens-basketball,2021,47.6038321,-122.330062
Kira Emsbo,F,"Lakewood, Colo.",womens-basketball,2021,39.7085736,-105.0846694
Lexi Weger,G/F,"South Hadley, Mass.",womens-basketball,2021,42.2591392,-72.5751341
Maddie Plank,G/F,"Briarcliff Manor, N.Y.",womens-basketball,2021,41.1456512,-73.8237456
Maggie Connolly,G,"Wilmington, Del.",womens-basketball,2021,39.7459468,-75.546589
Neenah Young,G/F,"Tracy, Calif.",womens-basketball,2021,37.7385507,-121.420139
Paige Morton,F,"Summit, N.J.",womens-basketball,2021,40.7182356,-74.3592296
Parker Hill,F,"Bethesda, Md.",womens-basketball,2021,38.9812726,-77.1233587
Adaora Nwokeji,G,"Houston, Texas",womens-basketball,2022,29.7589382,-95.3676974
Amelia Osgood,G,"Brentwood, Tenn.",womens-basketball,2022,36.0325687,-86.7825235
Chet Nweke,G,"Woodbine, Md.",womens-basketball,2022,39.359942,-77.0620833
Ellie Mitchell,F,"Chevy Chase, Md.",womens-basketball,2022,38.9813699,-77.0849245
Grace Stone,G,"Glen Cove, N.Y.",womens-basketball,2022,40.8642028,-73.6317807
Julia Cunningham,G,"Watchung, N.J.",womens-basketball,2022,40.6378801,-74.4509863
Kaitlyn Chen,G,"San Marino, Calif.",womens-basketball,2022,34.1215947,-118.105739
Katie Thiers,F,"Seattle, Wash.",womens-basketball,2022,47.6038321,-122.330062
Kira Emsbo,F,"Lakewood, Colo.",womens-basketball,2022,39.7085736,-105.0846694
Lexi Weger,G/F,"South Hadley, Mass.",womens-basketball,2022,42.2591392,-72.5751341
Madison St. Rose,G,"Old Bridge, N.J.",womens-basketball,2022,40.399178,-74.3409036
Maggie Connolly,G,"Wilmington, Del.",womens-basketball,2022,39.7459468,-75.546589
Paige Morton,F,"Summit, N.J.",womens-basketball,2022,40.7182356,-74.3592296
Parker Hill,F,"Bethesda, Md.",womens-basketball,2022,38.9812726,-77.1233587
Tabitha Amanze,F,"Ogun, Nigeria",womens-basketball,2022,6.9788582,3.4389293
Taylor Charles,F,"Elgin, Ill.",womens-basketball,2022,42.03726,-88.2810994
Adaora Nwokeji,G,"Houston, Texas",womens-basketball,2023,29.7589382,-95.3676974
Amelia Osgood,G,"Brentwood, Tenn.",womens-basketball,2023,36.0325687,-86.7825235
Ashley Chea,G,"Los Angeles, Calif.",womens-basketball,2023,34.0536909,-118.242766
Chet Nweke,G,"Woodbine, Md.",womens-basketball,2023,39.359942,-77.0620833
Ellie Mitchell,F,"Chevy Chase, Md.",womens-basketball,2023,38.9813699,-77.0849245
Fadima Tall,G/F,"Silver Spring, Md.",womens-basketball,2023,38.9997621,-77.0240371
Kaitlyn Chen,G,"San Marino, Calif.",womens-basketball,2023,34.1215947,-118.105739
Katie Thiers,F,"Seattle, Wash.",womens-basketball,2023,47.6038321,-122.330062
Madison St. Rose,G,"Old Bridge, N.J.",womens-basketball,2023,40.399178,-74.3409036
Margo Mattes,G,"Brookline, Mass.",womens-basketball,2023,42.332918,-71.1187829
Mari Bickley,G,"Akron, Ohio",womens-basketball,2023,41.083064,-81.518485
Olivia Hutcherson,G/F,"Johns Creek, Ga.",womens-basketball,2023,34.0181557,-84.190196
Paige Morton,F,"Summit, N.J.",womens-basketball,2023,40.7182356,-74.3592296
Parker Hill,F,"Bethesda, Md.",womens-basketball,2023,38.9812726,-77.1233587
Skye Belker,G,"Los Angeles, Calif.",womens-basketball,2023,34.0536909,-118.242766
Tabitha Amanze,F,"Ogun, Nigeria",womens-basketball,2023,6.9788582,3.4389293
Taylor Charles,F,"Elgin, Ill.",womens-basketball,2023,42.03726,-88.2810994
Adaora Nwokeji,G,"Houston, Texas",womens-basketball,2024,29.7589382,-95.3676974
Amelia Osgood,G,"Brentwood, Tenn.",womens-basketball,2024,36.0325687,-86.7825235
Ashley Chea,G,"Los Angeles, Calif.",womens-basketball,2024,34.0536909,-118.242766
Cristina Parrella,G,"Closter, N.J.",womens-basketball,2024,40.9731536,-73.9615262
Emily Eadie,F,"Newport Beach, Calif.",womens-basketball,2024,33.6170092,-117.9294401
Fadima Tall,G/F,"Silver Spring, Md.",womens-basketball,2024,38.9997621,-77.0240371
Katie Thiers,F,"Seattle, Wash.",womens-basketball,2024,47.6038321,-122.330062
Madison St. Rose,G,"Old Bridge, N.J.",womens-basketball,2024,40.399178,-74.3409036
Olivia Hutcherson,G/F,"Johns Creek, Ga.",womens-basketball,2024,34.0181557,-84.190196
Paige Morton,F,"Summit, N.J.",womens-basketball,2024,40.7182356,-74.3592296
Parker Hill,F,"Bethesda, Md.",womens-basketball,2024,38.9812726,-77.1233587
Skye Belker,G,"Los Angeles, Calif.",womens-basketball,2024,34.0536909,-118.242766
Tabitha Amanze,F,"Ogun, Nigeria",womens-basketball,2024,6.9788582,3.4389293
Taylor Charles,F,"Elgin, Ill.",womens-basketball,2024,42.03726,-88.2810994
Toby Nweke,G,"Woodbine, Md.",womens-basketball,2024,39.359942,-77.0620833
Ashley Chea,G,"Los Angeles, Calif.",womens-basketball,2025,34.0536909,-118.242766
Cristina Parrella,G,"Closter, N.J.",womens-basketball,2025,40.9731536,-73.9615262
Emily Eadie,F,"Newport Beach, Calif.",womens-basketball,2025,33.6170092,-117.9294401
Fadima Tall,G/F,"Silver Spring, Md.",womens-basketball,2025,38.9997621,-77.0240371
Grace O'Sullivan,G,"Acton, Mass.",womens-basketball,2025,42.4850931,-71.43284
Madison St. Rose,G,"Old Bridge, N.J.",womens-basketball,2025,40.399178,-74.3409036
Olivia Hutcherson,G/F,"Johns Creek, Ga.",womens-basketball,2025,34.0181557,-84.190196
Sarah Lessig,F,"Seattle, Wash.",womens-basketball,2025,47.6038321,-122.330062
Skye Belker,G,"Los Angeles, Calif.",womens-basketball,2025,34.0536909,-118.242766
Taylor Charles,F,"Elgin, Ill.",womens-basketball,2025,42.03726,-88.2810994
Toby Nweke,G,"Woodbine, Md.",womens-basketball,2025,39.359942,-77.0620833
Ashley Chea,G,"Los Angeles, Calif.",womens-basketball,2026,34.0536909,-118.242766
Ava Yoon,G,"Rockville, Md.",womens-basketball,2026,39.0817985,-77.1516844
Cristina Parrella,G,"Closter, N.J.",womens-basketball,2026,40.9731536,-73.9615262
Emily Eadie,F,"Newport Beach, Calif.",womens-basketball,2026,33.6170092,-117.9294401
Eva Smith,G/F,"Cottesloe, Western Australia",womens-basketball,2026,-31.9955715,115.7558367
Fadima Tall,G/F,"Silver Spring, Md.",womens-basketball,2026,38.9997621,-77.0240371
Grace O'Sullivan,G,"Acton, Mass.",womens-basketball,2026,42.4850931,-71.43284
Mari Bickley,G,"Akron, Ohio",womens-basketball,2026,41.083064,-81.518485
Mei-Ling Perry,G,"Irvine, Calif.",womens-basketball,2026,33.6856969,-117.825981
Olivia Hutcherson,G/F,"Johns Creek, Ga.",womens-basketball,2026,34.0181557,-84.190196
Sarah Aldeguer,G/F,"Santa Ana, Calif.",womens-basketball,2026,33.7494951,-117.873221
Sarah Lessig,F,"Seattle, Wash.",womens-basketball,2026,47.6038321,-122.330062
Skye Belker,G,"Los Angeles, Calif.",womens-basketball,2026,34.0536909,-118.242766
Toby Nweke,G,"Woodbine, Md.",womens-basketball,2026,39.359942,-77.0620833
Alexandra Markovich,,"Solon, Ohio",womens-cross-country,2016,41.3897764,-81.4412259
Alexandra Rome,,"Dallas, Pa.",womens-cross-country,2016,41.33617,-75.9632636
Alie Fordyce,,"Reinach BaselLand, Switzerland",womens-cross-country,2016,47.4935369,7.5910891
Allie Klimkiewicz,,"Oakton, Va.",womens-cross-country,2016,38.896795,-77.2987377
Amanda Chang,,"Cheshire, Conn.",womens-cross-country,2016,41.4989355,-72.9009925
Anna Jurew,,"New York, N.Y.",womens-cross-country,2016,40.7127281,-74.0060152
Ashley Forte,,"Worthington, Ohio",womens-cross-country,2016,40.0930945,-83.0179593
Brighie Leach,,"Lafayette, Calif.",womens-cross-country,2016,37.8857582,-122.1180201
Carlota Corbella,,"Barcelona, Spain",womens-cross-country,2016,41.3825802,2.177073
Delaney Miller,,"San Diego, Calif.",womens-cross-country,2016,32.7157062,-117.1638284
Erin Endres,,"Commack, N.Y.",womens-cross-country,2016,40.8393515,-73.2858994
Gabi Forrest,,"Brisbane, Australia",womens-cross-country,2016,-27.4689623,153.0235009
Jackie Berardo,,"Stockton, N.J.",womens-cross-country,2016,40.407883,-74.9782238
Jessica Ackerman,,"Wilmette, Ill.",womens-cross-country,2016,42.076066,-87.7115555
Katie Hanss,,"New York, N.Y.",womens-cross-country,2016,40.7127281,-74.0060152
Kayla Dobies,,"Macomb, Mich.",womens-cross-country,2016,42.6741189,-82.902901
Kelly Van Baalen,,"Basking Ridge, N.J.",womens-cross-country,2016,40.7064088,-74.5492725
Laura Hergenrother,,"Ridgefield, Conn.",womens-cross-country,2016,41.2814842,-73.4981792
Lizzie Bird,,"St. Albans Herts, England",womens-cross-country,2016,51.7751105,-0.3435144
Madeleine Sumner,,"Calgary, Alberta",womens-cross-country,2016,51.0456064,-114.057541
Madison Offstein,,"Frostburg, Md.",womens-cross-country,2016,39.6583325,-78.9284241
Mallory Edens,,"New York, N.Y.",womens-cross-country,2016,40.7127281,-74.0060152
Maria Seykora,,"Broomall, Pa.",womens-cross-country,2016,39.9689505,-75.3528373
Marie-Fee Breyer,,"Freiberg, Germany",womens-cross-country,2016,50.9169415,13.3428889
Mary Hui,,Hong Kong,womens-cross-country,2016,22.2818333,114.1582831
Megan Curham,,"Warren, N.J.",womens-cross-country,2016,40.8602222,-74.9720493
Melana Hammel,,"Barnegat, N.J.",womens-cross-country,2016,39.7557459,-74.2207395
Melinda Renuart,,"Akron, Ohio",womens-cross-country,2016,41.083064,-81.518485
Melissa Reed,,"Los Altos, Calif.",womens-cross-country,2016,37.3790629,-122.116578
Mim Buscher,,"Toano, Va.",womens-cross-country,2016,37.3798686,-76.8041276
Morgan Lucey,,"Jacksonville, Fla.",womens-cross-country,2016,30.3262247,-81.6579179
Natalie Rathjen,,"Dallas, Texas",womens-cross-country,2016,32.7762719,-96.7968559
Nicole Marvin,,"Pawling, N.Y.",womens-cross-country,2016,41.5618381,-73.6026148
Rachael Chacko,,"Centennial, Colo.",womens-cross-country,2016,39.579155,-104.8769227
Rachel Granovsky,,"McLean, Va.",womens-cross-country,2016,38.9366852,-77.185843
Sierra Castaneda,,"Hackettstown, N.J.",womens-cross-country,2016,40.8538589,-74.8292553
Taylor Bacon,,"Sante Fe, N.M.",womens-cross-country,2016,35.4805838,-108.8499456
Zoe Sims,,"Kailua-Kona, Hawaii",womens-cross-country,2016,19.641941,-155.996933
Alexandra Rome,,"Dallas, Pa.",womens-cross-country,2017,41.33617,-75.9632636
Alie Fordyce,,"Reinach BaselLand, Switzerland",womens-cross-country,2017,47.4935369,7.5910891
Allie Klimkiewicz,,"Oakton, Va.",womens-cross-country,2017,38.896795,-77.2987377
Allison Glossinger,,"Owings Mills, Md.",womens-cross-country,2017,39.4041967,-76.7956745
Anna Jurew,,"New York, N.Y.",womens-cross-country,2017,40.7127281,-74.0060152
Ashley Forte,,"Worthington, Ohio",womens-cross-country,2017,40.0930945,-83.0179593
Brighie Leach,,"Lafayette, Calif.",womens-cross-country,2017,37.8857582,-122.1180201
Clare Martin,,"Newton, Mass.",womens-cross-country,2017,42.3300435,-71.194862
Delaney Miller,,"San Diego, Calif.",womens-cross-country,2017,32.7157062,-117.1638284
Erin Endres,,"Commack, N.Y.",womens-cross-country,2017,40.8393515,-73.2858994
Gabi Forrest,,"Brisbane, Australia",womens-cross-country,2017,-27.4689623,153.0235009
Jackie Berardo,,"Stockton, N.J.",womens-cross-country,2017,40.407883,-74.9782238
Katherine Leggat-Barr,,"Cumberland, Maine",womens-cross-country,2017,43.8506432,-70.4001498
Madeleine Sumner,,"Calgary, Alberta",womens-cross-country,2017,51.0456064,-114.057541
Madison Offstein,,"Frostburg, Md.",womens-cross-country,2017,39.6583325,-78.9284241
Marie-Fee Breyer,,"Freiberg, Germany",womens-cross-country,2017,50.9169415,13.3428889
Megan Curham,,"Warren, N.J.",womens-cross-country,2017,40.8602222,-74.9720493
Melana Hammel,,"Barnegat, N.J.",womens-cross-country,2017,39.7557459,-74.2207395
Melia Chittenden,,"Manhattan Beach, Calif.",womens-cross-country,2017,33.8872777,-118.4104324
Melinda Renuart,,"Akron, Ohio",womens-cross-country,2017,41.083064,-81.518485
Melissa Reed,,"Los Altos, Calif.",womens-cross-country,2017,37.3790629,-122.116578
Mim Buscher,,"Toano, Va.",womens-cross-country,2017,37.3798686,-76.8041276
Morgan Lucey,,"Jacksonville, Fla.",womens-cross-country,2017,30.3262247,-81.6579179
Peyton Brown,,"Houston, Texas",womens-cross-country,2017,29.7589382,-95.3676974
Rachel Granovsky,,"McLean, Va.",womens-cross-country,2017,38.9366852,-77.185843
Samantha Anderson,,"Aberdeen, N.J.",womens-cross-country,2017,40.4071138,-74.2216287
Sierra Castaneda,,"Hackettstown, N.J.",womens-cross-country,2017,40.8538589,-74.8292553
Sophie Cantine,,"Seattle, Wash.",womens-cross-country,2017,47.6038321,-122.330062
Alie Fordyce,,"Reinach BaselLand, Switzerland",womens-cross-country,2018,47.4935369,7.5910891
Allie Klimkiewicz,,"Oakton, Va.",womens-cross-country,2018,38.896795,-77.2987377
Allison Glossinger,,"Owings Mills, Md.",womens-cross-country,2018,39.4041967,-76.7956745
Anna Jurew,,"New York, N.Y.",womens-cross-country,2018,40.7127281,-74.0060152
Brighie Leach,,"Lafayette, Calif.",womens-cross-country,2018,37.8857582,-122.1180201
Caroline Timm,,"Poughkeepsie, N.Y.",womens-cross-country,2018,41.7065539,-73.9283672
Christiane Konstantopoulos,,"Toronto, Ont.",womens-cross-country,2018,43.6534817,-79.3839347
Clare Martin,,"Newton, Mass.",womens-cross-country,2018,42.3300435,-71.194862
Emily Philippides,,"Greenwich, Conn.",womens-cross-country,2018,41.0264862,-73.6284598
Erin Endres,,"Commack, N.Y.",womens-cross-country,2018,40.8393515,-73.2858994
Gabi Forrest,,"Brisbane, Australia",womens-cross-country,2018,-27.4689623,153.0235009
Gillian Wagner,,"Fairfax, Calif.",womens-cross-country,2018,37.9872935,-122.587967
India Weir,,"London, England",womens-cross-country,2018,51.5074456,-0.1277653
Jackie Berardo,,"Stockton, N.J.",womens-cross-country,2018,40.407883,-74.9782238
Katherine Leggat-Barr,,"Cumberland, Maine",womens-cross-country,2018,43.8506432,-70.4001498
Laura Hergenrother,,"Ridgefield, Conn.",womens-cross-country,2018,41.2814842,-73.4981792
Madeleine Sumner,,"Calgary, Alberta",womens-cross-country,2018,51.0456064,-114.057541
Madison Offstein,,"Frostburg, Md.",womens-cross-country,2018,39.6583325,-78.9284241
Marie-Fee Breyer,,"Freiberg, Germany",womens-cross-country,2018,50.9169415,13.3428889
Melia Chittenden,,"Manhattan Beach, Calif.",womens-cross-country,2018,33.8872777,-118.4104324
Mim Buscher,,"Toano, Va.",womens-cross-country,2018,37.3798686,-76.8041276
Page Lester,,"Washington, D.C.",womens-cross-country,2018,38.8950982,-77.0363849
Peyton Brown,,"Houston, Texas",womens-cross-country,2018,29.7589382,-95.3676974
Rachel Granovsky,,"McLean, Va.",womens-cross-country,2018,38.9366852,-77.185843
Sierra Castaneda,,"Hackettstown, N.J.",womens-cross-country,2018,40.8538589,-74.8292553
Sophie Cantine,,"Seattle, Wash.",womens-cross-country,2018,47.6038321,-122.330062
Abby Loveys,,"Randolph, N.J.",womens-cross-country,2019,40.844265,-74.5857218
Alexandra Rome,,"Dallas, Pa.",womens-cross-country,2019,41.33617,-75.9632636
Caroline Timm,,"Poughkeepsie, N.Y.",womens-cross-country,2019,41.7065539,-73.9283672
Charlotte O'Toole,,"Weston, Mass.",womens-cross-country,2019,42.3667625,-71.3031132
Christiane Konstantopoulos,,"Toronto, Ont.",womens-cross-country,2019,43.6534817,-79.3839347
Emily Philippides,,"Greenwich, Conn.",womens-cross-country,2019,41.0264862,-73.6284598
Erin Endres,,"Commack, N.Y.",womens-cross-country,2019,40.8393515,-73.2858994
Gillian Wagner,,"Fairfax, Calif.",womens-cross-country,2019,37.9872935,-122.587967
India Weir,,"London, England",womens-cross-country,2019,51.5074456,-0.1277653
Katherine Leggat-Barr,,"Cumberland, Maine",womens-cross-country,2019,43.8506432,-70.4001498
Madeleine Sumner,,"Calgary, Alberta",womens-cross-country,2019,51.0456064,-114.057541
Maggie Hock,,"Avon, Conn.",womens-cross-country,2019,41.8098209,-72.8306541
Maggie Liebich,,"Boise, Idaho",womens-cross-country,2019,43.6166163,-116.200886
Melia Chittenden,,"Manhattan Beach, Calif.",womens-cross-country,2019,33.8872777,-118.4104324
Page Lester,,"Washington, D.C.",womens-cross-country,2019,38.8950982,-77.0363849
Peyton Brown,,"Houston, Texas",womens-cross-country,2019,29.7589382,-95.3676974
Sierra Castaneda,,"Hackettstown, N.J.",womens-cross-country,2019,40.8538589,-74.8292553
Sophie Cantine,,"Seattle, Wash.",womens-cross-country,2019,47.6038321,-122.330062
Sydney Hwang,,"Claremont, Calif.",womens-cross-country,2019,34.0966764,-117.7197785
Abby Loveys,,"Randolph, N.J.",womens-cross-country,2020,40.844265,-74.5857218
Alexandra Rome,,"Dallas, Pa.",womens-cross-country,2020,41.33617,-75.9632636
Caroline Timm,,"Poughkeepsie, N.Y.",womens-cross-country,2020,41.7065539,-73.9283672
Charlotte O'Toole,,"Weston, Mass.",womens-cross-country,2020,42.3667625,-71.3031132
Christiane Konstantopoulos,,"Toronto, Ont.",womens-cross-country,2020,43.6534817,-79.3839347
Clare Martin,,"Newton, Mass.",womens-cross-country,2020,42.3300435,-71.194862
Emily Philippides,,"Greenwich, Conn.",womens-cross-country,2020,41.0264862,-73.6284598
Fiona Max,,"Bend, Ore.",womens-cross-country,2020,44.0581728,-121.3153096
Gillian Wagner,,"Fairfax, Calif.",womens-cross-country,2020,37.9872935,-122.587967
India Weir,,"London, England",womens-cross-country,2020,51.5074456,-0.1277653
Isabel Max,,"Bend, Ore.",womens-cross-country,2020,44.0581728,-121.3153096
Katherine Leggat-Barr,,"Cumberland, Maine",womens-cross-country,2020,43.8506432,-70.4001498
Luci Doogan,,"New York, N.Y.",womens-cross-country,2020,40.7127281,-74.0060152
Lucy Huelskamp,,"Portland, Ore.",womens-cross-country,2020,45.5202471,-122.674194
Madeleine Burns,,"Durango, Colo.",womens-cross-country,2020,37.2769484,-107.8766
Maggie Hock,,"Avon, Conn.",womens-cross-country,2020,41.8098209,-72.8306541
Melia Chittenden,,"Manhattan Beach, Calif.",womens-cross-country,2020,33.8872777,-118.4104324
Page Lester,,"Washington, D.C.",womens-cross-country,2020,38.8950982,-77.0363849
Peyton Brown,,"Houston, Texas",womens-cross-country,2020,29.7589382,-95.3676974
Sophie Cantine,,"Seattle, Wash.",womens-cross-country,2020,47.6038321,-122.330062
Tsion Yared,,"Fort Lauderdale, Fla.",womens-cross-country,2020,26.1223084,-80.1433786
Abby Loveys,,"Randolph, N.J.",womens-cross-country,2021,40.844265,-74.5857218
Angie Allen,,"Lincolnton, N.C.",womens-cross-country,2021,35.473745,-81.2545251
Caroline Timm,,"Poughkeepsie, N.Y.",womens-cross-country,2021,41.7065539,-73.9283672
Charlotte O'Toole,,"Weston, Mass.",womens-cross-country,2021,42.3667625,-71.3031132
Emily Philippides,,"Greenwich, Conn.",womens-cross-country,2021,41.0264862,-73.6284598
Fiona Max,,"Bend, Ore.",womens-cross-country,2021,44.0581728,-121.3153096
Gillian Wagner,,"Fairfax, Calif.",womens-cross-country,2021,37.9872935,-122.587967
Isabel Max,,"Bend, Ore.",womens-cross-country,2021,44.0581728,-121.3153096
Lexi Allen,,"Canton, Ga.",womens-cross-country,2021,34.2367621,-84.4907621
Lucca Fulkerson,,"Niwot, Colo.",womens-cross-country,2021,40.1016754,-105.1534902
Luci Doogan,,"New York, N.Y.",womens-cross-country,2021,40.7127281,-74.0060152
Lucy Huelskamp,,"Portland, Ore.",womens-cross-country,2021,45.5202471,-122.674194
Madeleine Burns,,"Durango, Colo.",womens-cross-country,2021,37.2769484,-107.8766
Maggie Hock,,"Avon, Conn.",womens-cross-country,2021,41.8098209,-72.8306541
Maggie Liebich,,"Boise, Idaho",womens-cross-country,2021,43.6166163,-116.200886
Mari Noble,,"Greenwich, Conn.",womens-cross-country,2021,41.0264862,-73.6284598
Mena Scatchard,,"North Yorkshire, U.K.",womens-cross-country,2021,54.1345328,-1.4986285
Paola Rodriguez,,"San Juan, Puerto Rico",womens-cross-country,2021,18.384239,-66.05344
Sophie Steidle,,"Collingswood, N.J.",womens-cross-country,2021,39.9181686,-75.071284
Sydney Hwang,,"Claremont, Calif.",womens-cross-country,2021,34.0966764,-117.7197785
Tsion Yared,,"Fort Lauderdale, Fla.",womens-cross-country,2021,26.1223084,-80.1433786
Abby Loveys,,"Randolph, N.J.",womens-cross-country,2022,40.844265,-74.5857218
Angie Allen,,"Lincolnton, N.C.",womens-cross-country,2022,35.473745,-81.2545251
Charlotte O'Toole,,"Weston, Mass.",womens-cross-country,2022,42.3667625,-71.3031132
Daphne Banino,,"Sleepy Hollow, N.Y.",womens-cross-country,2022,41.085652,-73.8584684
Fiona Max,,"Bend, Ore.",womens-cross-country,2022,44.0581728,-121.3153096
Gillian Wagner,,"Fairfax, Calif.",womens-cross-country,2022,37.9872935,-122.587967
India Weir,,"London, England",womens-cross-country,2022,51.5074456,-0.1277653
Isabel Max,,"Bend, Ore.",womens-cross-country,2022,44.0581728,-121.3153096
Lexi Allen,,"Canton, Ga.",womens-cross-country,2022,34.2367621,-84.4907621
Lucca Fulkerson,,"Niwot, Colo.",womens-cross-country,2022,40.1016754,-105.1534902
Luci Doogan,,"New York, N.Y.",womens-cross-country,2022,40.7127281,-74.0060152
Lucy Huelskamp,,"Portland, Ore.",womens-cross-country,2022,45.5202471,-122.674194
Madeleine Burns,,"Durango, Colo.",womens-cross-country,2022,37.2769484,-107.8766
Maggie Hock,,"Avon, Conn.",womens-cross-country,2022,41.8098209,-72.8306541
Maggie Liebich,,"Boise, Idaho",womens-cross-country,2022,43.6166163,-116.200886
Mari Noble,,"Greenwich, Conn.",womens-cross-country,2022,41.0264862,-73.6284598
Mena Scatchard,,"North Yorkshire, U.K.",womens-cross-country,2022,54.1345328,-1.4986285
Morgan Monesmith,,"Cleveland, Ohio",womens-cross-country,2022,41.4996574,-81.6936772
Page Lester,,"Washington, D.C.",womens-cross-country,2022,38.8950982,-77.0363849
Paola Rodriguez,,"San Juan, Puerto Rico",womens-cross-country,2022,18.384239,-66.05344
Peyton Leigh,,"Auckland, N.Z.",womens-cross-country,2022,-31.9218756,115.8466839
Sophie Steidle,,"Collingswood, N.J.",womens-cross-country,2022,39.9181686,-75.071284
Stella Vieth,,"Boulder, Colo.",womens-cross-country,2022,40.0149856,-105.270545
Tsion Yared,,"Fort Lauderdale, Fla.",womens-cross-country,2022,26.1223084,-80.1433786
Angie Allen,,"Lincolnton, N.C.",womens-cross-country,2023,35.473745,-81.2545251
Anna Chittenden,,"Manhattan Beach, Calif.",womens-cross-country,2023,33.8872777,-118.4104324
Anna McNatt,,"Sacramento, Calif.",womens-cross-country,2023,38.5810606,-121.493895
Charlotte O'Toole,,"Weston, Mass.",womens-cross-country,2023,42.3667625,-71.3031132
Daphne Banino,,"Sleepy Hollow, N.Y.",womens-cross-country,2023,41.085652,-73.8584684
Emily Cooper,,"Ann Arbor, Mich.",womens-cross-country,2023,42.2813722,-83.7484616
Fiona Max,,"Bend, Ore.",womens-cross-country,2023,44.0581728,-121.3153096
Hannah Riggins,,"San Diego, Calif.",womens-cross-country,2023,32.7157062,-117.1638284
Isabel Max,,"Bend, Ore.",womens-cross-country,2023,44.0581728,-121.3153096
Katelyn Maley,,"Basalt, Colo.",womens-cross-country,2023,39.3688731,-107.032824
Lexi Allen,,"Canton, Ga.",womens-cross-country,2023,34.2367621,-84.4907621
Lucca Fulkerson,,"Niwot, Colo.",womens-cross-country,2023,40.1016754,-105.1534902
Luci Doogan,,"New York, N.Y.",womens-cross-country,2023,40.7127281,-74.0060152
Madeline Cramer,,"La Jolla, Calif.",womens-cross-country,2023,32.8458529,-117.2575702
Maggie Liebich,,"Boise, Idaho",womens-cross-country,2023,43.6166163,-116.200886
Mari Noble,,"Greenwich, Conn.",womens-cross-country,2023,41.0264862,-73.6284598
Mena Scatchard,,"North Yorkshire, U.K.",womens-cross-country,2023,54.1345328,-1.4986285
Morgan Monesmith,,"Cleveland, Ohio",womens-cross-country,2023,41.4996574,-81.6936772
Olivia Martin,,"Oxford, England",womens-cross-country,2023,51.7520131,-1.2578499
Paola Rodriguez,,"San Juan, Puerto Rico",womens-cross-country,2023,18.384239,-66.05344
Sophie Steidle,,"Collingswood, N.J.",womens-cross-country,2023,39.9181686,-75.071284
Stella Vieth,,"Boulder, Colo.",womens-cross-country,2023,40.0149856,-105.270545
Tsion Yared,,"Fort Lauderdale, Fla.",womens-cross-country,2023,26.1223084,-80.1433786
Angie Allen,,"Lincolnton, N.C.",womens-cross-country,2024,35.473745,-81.2545251
Anna Chittenden,,"Manhattan Beach, Calif.",womens-cross-country,2024,33.8872777,-118.4104324
Anna McNatt,,"Sacramento, Calif.",womens-cross-country,2024,38.5810606,-121.493895
Daphne Banino,,"Sleepy Hollow, N.Y.",womens-cross-country,2024,41.085652,-73.8584684
Emily Cooper,,"Ann Arbor, Mich.",womens-cross-country,2024,42.2813722,-83.7484616
Emma de Jong,,"Melbourne, Australia",womens-cross-country,2024,-37.8142454,144.9631732
Finia Kretschmann,,"Bonn, Germany",womens-cross-country,2024,50.7352621,7.1024635
Fleur Todd-Warmoth,,"London, England",womens-cross-country,2024,51.5074456,-0.1277653
Hannah Riggins,,"San Diego, Calif.",womens-cross-country,2024,32.7157062,-117.1638284
Isabel Max,,"Bend, Ore.",womens-cross-country,2024,44.0581728,-121.3153096
Lexi Allen,,"Canton, Ga.",womens-cross-country,2024,34.2367621,-84.4907621
Lucca Fulkerson,,"Niwot, Colo.",womens-cross-country,2024,40.1016754,-105.1534902
Madeline Cramer,,"La Jolla, Calif.",womens-cross-country,2024,32.8458529,-117.2575702
Margaret Thompson,,"Dallas, Texas",womens-cross-country,2024,32.7762719,-96.7968559
Mari Noble,,"Greenwich, Conn.",womens-cross-country,2024,41.0264862,-73.6284598
Meg Madison,,"Newton, Mass.",womens-cross-country,2024,42.3300435,-71.194862
Mena Scatchard,,"North Yorkshire, U.K.",womens-cross-country,2024,54.1345328,-1.4986285
Morgan Monesmith,,"Cleveland, Ohio",womens-cross-country,2024,41.4996574,-81.6936772
Olivia Martin,,"Oxford, England",womens-cross-country,2024,51.7520131,-1.2578499
Paola Rodriguez,,"San Juan, Puerto Rico",womens-cross-country,2024,18.384239,-66.05344
Peyton Leigh,,"Auckland, N.Z.",womens-cross-country,2024,-31.9218756,115.8466839
Sofia Lieberman,,"Murrieta, Calif.",womens-cross-country,2024,33.560832,-117.210656
Sophie Steidle,,"Collingswood, N.J.",womens-cross-country,2024,39.9181686,-75.071284
Stella Vieth,,"Boulder, Colo.",womens-cross-country,2024,40.0149856,-105.270545
Abigail Errington,,"South Pasadena, Calif.",womens-cross-country,2025,34.1133062,-118.1478291
Abigail Kolbe,,"Doylestown, Pa.",womens-cross-country,2025,40.3100446,-75.1304588
Anna Chittenden,,"Manhattan Beach, Calif.",womens-cross-country,2025,33.8872777,-118.4104324
Anna McNatt,,"Sacramento, Calif.",womens-cross-country,2025,38.5810606,-121.493895
Caroline Barton,,"Asheville, N.C.",womens-cross-country,2025,35.595363,-82.5508407
Daphne Banino,,"Sleepy Hollow, N.Y.",womens-cross-country,2025,41.085652,-73.8584684
Emily Cooper,,"Ann Arbor, Mich.",womens-cross-country,2025,42.2813722,-83.7484616
Emma de Jong,,"Melbourne, Australia",womens-cross-country,2025,-37.8142454,144.9631732
Finia Kretschmann,,"Bonn, Germany",womens-cross-country,2025,50.7352621,7.1024635
Fleur Todd-Warmoth,,"London, England",womens-cross-country,2025,51.5074456,-0.1277653
Hannah Riggins,,"San Diego, Calif.",womens-cross-country,2025,32.7157062,-117.1638284
Katelyn Maley,,"Basalt, Colo.",womens-cross-country,2025,39.3688731,-107.032824
Kyah Anderson,,"Mermaid Waters, Australia",womens-cross-country,2025,-28.052458,153.4218922
Liz Williamson,,"Tampa, Fla.",womens-cross-country,2025,27.9449854,-82.4583107
Madeline Cramer,,"La Jolla, Calif.",womens-cross-country,2025,32.8458529,-117.2575702
Margaret Thompson,,"Dallas, Texas",womens-cross-country,2025,32.7762719,-96.7968559
Meg Madison,,"Newton, Mass.",womens-cross-country,2025,42.3300435,-71.194862
Morgan Monesmith,,"Cleveland, Ohio",womens-cross-country,2025,41.4996574,-81.6936772
Nelly Floutakou,,"Athens, Greece",womens-cross-country,2025,37.9755648,23.7348324
Olivia Martin,,"Oxford, England",womens-cross-country,2025,51.7520131,-1.2578499
Peyton Leigh,,"Auckland, N.Z.",womens-cross-country,2025,-31.9218756,115.8466839
Sofia Lieberman,,"Murrieta, Calif.",womens-cross-country,2025,33.560832,-117.210656
Stella Vieth,,"Boulder, Colo.",womens-cross-country,2025,40.0149856,-105.270545
Abigail Errington,,"South Pasadena, Calif.",womens-cross-country,2026,34.1133062,-118.1478291
Abigail Kolbe,,"Doylestown, Pa.",womens-cross-country,2026,40.3100446,-75.1304588
Anna Chittenden,,"Manhattan Beach, Calif.",womens-cross-country,2026,33.8872777,-118.4104324
Anna McNatt,,"Sacramento, Calif.",womens-cross-country,2026,38.5810606,-121.493895
Caroline Barton,,"Asheville, N.C.",womens-cross-country,2026,35.595363,-82.5508407
Carter Torrence,,"Charlottesville, Va.",womens-cross-country,2026,38.029306,-78.4766781
Charlize-Trinity McKenzie,,"Charlotte, N.C.",womens-cross-country,2026,35.2272086,-80.8430827
Emily Cooper,,"Ann Arbor, Mich.",womens-cross-country,2026,42.2813722,-83.7484616
Emma de Jong,,"Melbourne, Australia",womens-cross-country,2026,-37.8142454,144.9631732
Evangeline Myrtos,,"Toronto, Canada",womens-cross-country,2026,43.6534817,-79.3839347
Finia Kretschmann,,"Bonn, Germany",womens-cross-country,2026,50.7352621,7.1024635
Fleur Todd-Warmoth,,"London, England",womens-cross-country,2026,51.5074456,-0.1277653
Hannah Riggins,,"San Diego, Calif.",womens-cross-country,2026,32.7157062,-117.1638284
Katelyn Maley,,"Basalt, Colo.",womens-cross-country,2026,39.3688731,-107.032824
Kyah Anderson,,"Mermaid Waters, Australia",womens-cross-country,2026,-28.052458,153.4218922
Liz Williamson,,"Tampa, Fla.",womens-cross-country,2026,27.9449854,-82.4583107
Lux Burgin,,"Bronxville, N.Y.",womens-cross-country,2026,40.9381544,-73.8320784
Margaret Thompson,,"Dallas, Texas",womens-cross-country,2026,32.7762719,-96.7968559
Meg Madison,,"Newton, Mass.",womens-cross-country,2026,42.3300435,-71.194862
Nelly Floutakou,,"Athens, Greece",womens-cross-country,2026,37.9755648,23.7348324
Olivia Martin,,"Oxford, England",womens-cross-country,2026,51.7520131,-1.2578499
Peyton Leigh,,"Auckland, N.Z.",womens-cross-country,2026,-31.9218756,115.8466839
Sofia Lieberman,,"Murrieta, Calif.",womens-cross-country,2026,33.560832,-117.210656
Alison Chang,,"Walnut, Calif.",womens-golf,2016,34.0203253,-117.8659441
Amanda Brown,,"Trabuco Canyon, Calif.",womens-golf,2016,33.6626232,-117.58938
Amber Wang,,"Sugar Land, Texas",womens-golf,2016,29.6196787,-95.6349463
Hana Ku,,"Basking Ridge, N.J.",womens-golf,2016,40.7064088,-74.5492725
"Jiayu ""Annie"" Kong",,"Guangzhou, China",womens-golf,2016,23.1288429,113.2589581
Jordan Lippetz,,"Bradenton, Fla.",womens-golf,2016,27.4989278,-82.5748194
Maya Walton,,"Austin, Texas",womens-golf,2016,30.2711286,-97.7436995
Tenley Shield,,"Grosse Pointe Park, Mich.",womens-golf,2016,42.3816896,-82.9313655
Tiana Lau,,Hong Kong,womens-golf,2016,22.2818333,114.1582831
Alison Chang,,"Walnut, Calif.",womens-golf,2017,34.0203253,-117.8659441
Amanda Brown,,"Trabuco Canyon, Calif.",womens-golf,2017,33.6626232,-117.58938
Amber Wang,,"Sugar Land, Texas",womens-golf,2017,29.6196787,-95.6349463
Anabelle Chang,,"Walnut, Calif.",womens-golf,2017,34.0203253,-117.8659441
"Jiayu ""Annie"" Kong",,"Guangzhou, China",womens-golf,2017,23.1288429,113.2589581
Maya Walton,,"Austin, Texas",womens-golf,2017,30.2711286,-97.7436995
Tenley Shield,,"Grosse Pointe Park, Mich.",womens-golf,2017,42.3816896,-82.9313655
Tiana Lau,,Hong Kong,womens-golf,2017,22.2818333,114.1582831
Alison Chang,,"Walnut, Calif.",womens-golf,2018,34.0203253,-117.8659441
Amanda Brown,,"Trabuco Canyon, Calif.",womens-golf,2018,33.6626232,-117.58938
Anabelle Chang,,"Walnut, Calif.",womens-golf,2018,34.0203253,-117.8659441
Emma Zhao,,"Windermere, Fla.",womens-golf,2018,28.4944695,-81.5345547
"Jiayu ""Annie"" Kong",,"Guangzhou, China",womens-golf,2018,23.1288429,113.2589581
Maya Walton,,"Austin, Texas",womens-golf,2018,30.2711286,-97.7436995
Sophie Siminoff,,"Los Altos Hills, Calif.",womens-golf,2018,37.3796627,-122.137463
Tiana Lau,,Hong Kong,womens-golf,2018,22.2818333,114.1582831
Alison Chang,,"Walnut, Calif.",womens-golf,2019,34.0203253,-117.8659441
Anabelle Chang,,"Walnut, Calif.",womens-golf,2019,34.0203253,-117.8659441
Emma Zhao,,"Windermere, Fla.",womens-golf,2019,28.4944695,-81.5345547
Grace Ni,,"Cypress, Texas",womens-golf,2019,29.9691116,-95.6971686
"Jiayu ""Annie"" Kong",,"Guangzhou, China",womens-golf,2019,23.1288429,113.2589581
Maya Walton,,"Austin, Texas",womens-golf,2019,30.2711286,-97.7436995
Sophie Siminoff,,"Los Altos Hills, Calif.",womens-golf,2019,37.3796627,-122.137463
Tiffany Kong,,"Vancouver, B.C.",womens-golf,2019,49.2608724,-123.113952
Anabelle Chang,,"Walnut, Calif.",womens-golf,2020,34.0203253,-117.8659441
Caris Kim,,"Los Altos, Calif.",womens-golf,2020,37.3790629,-122.116578
Emma Zhao,,"Windermere, Fla.",womens-golf,2020,28.4944695,-81.5345547
Grace Ni,,"Cypress, Texas",womens-golf,2020,29.9691116,-95.6971686
Julia Kashimura,,"Orlando, Fla.",womens-golf,2020,28.5421218,-81.379045
Sophie Siminoff,,"Los Altos Hills, Calif.",womens-golf,2020,37.3796627,-122.137463
Tiffany Kong,,"Vancouver, B.C.",womens-golf,2020,49.2608724,-123.113952
Yu Kyung Kim,,"Seoul, South Korea",womens-golf,2020,37.5666791,126.9782914
Caris Kim,,"Los Altos, Calif.",womens-golf,2021,37.3790629,-122.116578
Emma Zhao,,"Windermere, Fla.",womens-golf,2021,28.4944695,-81.5345547
Grace Ni,,"Cypress, Texas",womens-golf,2021,29.9691116,-95.6971686
Julia Kashimura,,"Orlando, Fla.",womens-golf,2021,28.5421218,-81.379045
Kyung Eun Lee,,"Honolulu, Hawaii",womens-golf,2021,21.304547,-157.855676
Sophie Siminoff,,"Los Altos Hills, Calif.",womens-golf,2021,37.3796627,-122.137463
Tiffany Kong,,"Vancouver, B.C.",womens-golf,2021,49.2608724,-123.113952
Victoria Liu,,"Vancouver, B.C.",womens-golf,2021,49.2608724,-123.113952
Yu Kyung Kim,,"Seoul, South Korea",womens-golf,2021,37.5666791,126.9782914
Caris Kim,,"Los Altos, Calif.",womens-golf,2022,37.3790629,-122.116578
Catherine Rao,,"Camarillo, Calif.",womens-golf,2022,34.2176371,-119.0383541
Grace Ni,,"Cypress, Texas",womens-golf,2022,29.9691116,-95.6971686
Sophie Zhang-Murphy,,"Saratoga, Calif.",womens-golf,2022,37.2638324,-122.0230146
Tiffany Kong,,"Vancouver, B.C.",womens-golf,2022,49.2608724,-123.113952
Victoria Liu,,"Vancouver, B.C.",womens-golf,2022,49.2608724,-123.113952
Yu Kyung Kim,,"Seoul, South Korea",womens-golf,2022,37.5666791,126.9782914
Caiyi Flora Zhang,,"Beijing, China",womens-golf,2023,39.9057136,116.3912972
Caris Kim,,"Los Altos, Calif.",womens-golf,2023,37.3790629,-122.116578
Catherine Rao,,"Camarillo, Calif.",womens-golf,2023,34.2176371,-119.0383541
Julia Kashimura,,"Orlando, Fla.",womens-golf,2023,28.5421218,-81.379045
Victoria Liu,,"Vancouver, B.C.",womens-golf,2023,49.2608724,-123.113952
Yu Kyung Kim,,"Seoul, South Korea",womens-golf,2023,37.5666791,126.9782914
Abra Richmond,,"Glendale, Calif.",womens-golf,2024,34.1469416,-118.2478471
Caiyi Flora Zhang,,"Beijing, China",womens-golf,2024,39.9057136,116.3912972
Catherine Rao,,"Camarillo, Calif.",womens-golf,2024,34.2176371,-119.0383541
Julia Kashimura,,"Orlando, Fla.",womens-golf,2024,28.5421218,-81.379045
Nancy Dai,,"Sanford, Fla.",womens-golf,2024,28.8117345,-81.2680223
Olivia Duan,,"Cupertino, Calif.",womens-golf,2024,37.3228934,-122.0322895
Victoria Liu,,"Vancouver, B.C.",womens-golf,2024,49.2608724,-123.113952
Abra Richmond,,"Glendale, Calif.",womens-golf,2025,34.1469416,-118.2478471
Caiyi Flora Zhang,,"Beijing, China",womens-golf,2025,39.9057136,116.3912972
Luna Lu,,"Burnaby, B.C.",womens-golf,2025,49.2433804,-122.972545
Nancy Dai,,"Sanford, Fla.",womens-golf,2025,28.8117345,-81.2680223
Olivia Duan,,"Cupertino, Calif.",womens-golf,2025,37.3228934,-122.0322895
Sarah Lim,,"Saratoga, Calif.",womens-golf,2025,37.2638324,-122.0230146
Thanana Kotchasanmanee,,"Chiang Mai, Thailand",womens-golf,2025,18.7882778,98.9858802
Abra Richmond,,"Glendale, Calif.",womens-golf,2026,34.1469416,-118.2478471
Caiyi Flora Zhang,,"Beijing, China",womens-golf,2026,39.9057136,116.3912972
Elaine Liu,,"Vancouver, B.C.",womens-golf,2026,49.2608724,-123.113952
Luna Lu,,"Burnaby, B.C.",womens-golf,2026,49.2433804,-122.972545
Nancy Dai,,"Sanford, Fla.",womens-golf,2026,28.8117345,-81.2680223
Olivia Duan,,"Cupertino, Calif.",womens-golf,2026,37.3228934,-122.0322895
Sarah Lim,,"Saratoga, Calif.",womens-golf,2026,37.2638324,-122.0230146
Thanana Kotchasanmanee,,"Chiang Mai, Thailand",womens-golf,2026,18.7882778,98.9858802
Ysabel Liu,,"Short Hills, N.J.",womens-golf,2026,40.7381585,-74.3377392
Alysia DaSilva,G,"Oakville, Ont.",womens-ice-hockey,2016,43.447436,-79.666672
Audrey Potts,F,"Toronto, Ont.",womens-ice-hockey,2016,43.6534817,-79.3839347
Carly Bullock,F,"Eden Prairie, Minn.",womens-ice-hockey,2016,44.8546856,-93.470786
Cassidy Tucker,F,"Plymouth, Mich.",womens-ice-hockey,2016,42.3712,-83.4675021
Claire Thompson,D,"Toronto, Ont.",womens-ice-hockey,2016,43.6534817,-79.3839347
Emily Achterkirch,D,"St. Michael, Minn.",womens-ice-hockey,2016,45.210202,-93.6648083
Fiona McKenna,F,"Burr Ridge, Ill.",womens-ice-hockey,2016,41.7502971,-87.9161818
Julia Edgar,D,"Oakville, Ont.",womens-ice-hockey,2016,43.447436,-79.666672
Karlie Lund,F,"Eden Prairie, Minn.",womens-ice-hockey,2016,44.8546856,-93.470786
Keiko DeClerck,F,"San Jose, Calif.",womens-ice-hockey,2016,37.3361663,-121.890591
Kelsey Koelzer,D,"Horsham, Pa.",womens-ice-hockey,2016,40.1842455,-75.1390524
Kiersten Falck,F,"Ham Lake, Minn.",womens-ice-hockey,2016,45.2502429,-93.2499508
Kimiko Marinacci,D,"Ottawa, Ont.",womens-ice-hockey,2016,45.4208777,-75.6901106
MacKenzie Ebel,F,"Airdrie, Alb.",womens-ice-hockey,2016,51.28597,-114.01062
Molly Contini,F,"Arthur, Ont.",womens-ice-hockey,2016,43.8309446,-80.5355526
Molly Strabley,D,"Yarmouth, Maine",womens-ice-hockey,2016,43.8009132,-70.187578
Morgan Sly,F,"Collingwood, Ont.",womens-ice-hockey,2016,44.5027226,-80.2172379
Stephanie Neatby,G,"Toronto, Ont.",womens-ice-hockey,2016,43.6534817,-79.3839347
Stephanie Sucharda,D,"Mississauga, Ont.",womens-ice-hockey,2016,43.5884727,-79.643658
Sylvie Wallin,D,"Edina, Minn.",womens-ice-hockey,2016,44.8897027,-93.3501222
Alysia DaSilva,G,"Oakville, Ont.",womens-ice-hockey,2017,43.447436,-79.666672
Amanda Harris,F,"Troy, Mich.",womens-ice-hockey,2017,42.6055893,-83.1499304
Annie MacDonald,F,"Fall River, N.S.",womens-ice-hockey,2017,44.8161987,-63.6288442
Carly Bullock,F,"Eden Prairie, Minn.",womens-ice-hockey,2017,44.8546856,-93.470786
Claire Thompson,D,"Toronto, Ont.",womens-ice-hockey,2017,43.6534817,-79.3839347
Julia Edgar,D,"Oakville, Ont.",womens-ice-hockey,2017,43.447436,-79.666672
Karlie Lund,F,"Eden Prairie, Minn.",womens-ice-hockey,2017,44.8546856,-93.470786
Keiko DeClerck,F,"San Jose, Calif.",womens-ice-hockey,2017,37.3361663,-121.890591
Kiersten Falck,F,"Ham Lake, Minn.",womens-ice-hockey,2017,45.2502429,-93.2499508
Kimiko Marinacci,D,"Ottawa, Ont.",womens-ice-hockey,2017,45.4208777,-75.6901106
MacKenzie Ebel,F,"Airdrie, Alb.",womens-ice-hockey,2017,51.28597,-114.01062
Rachel McQuigge,G,"Bowmanville, Ont.",womens-ice-hockey,2017,43.9122995,-78.6891675
Sarah Verbeek,F,"Timmins, Ont.",womens-ice-hockey,2017,48.477473,-81.330414
Shannon Griffin,F,"Arlington, Mass.",womens-ice-hockey,2017,42.4153739,-71.1564428
Sharon Frankel,F,"West Hartford, Conn.",womens-ice-hockey,2017,41.7620447,-72.7420399
Stephanie Neatby,G,"Toronto, Ont.",womens-ice-hockey,2017,43.6534817,-79.3839347
Stephanie Sucharda,D,"Mississauga, Ont.",womens-ice-hockey,2017,43.5884727,-79.643658
Sylvie Wallin,D,"Edina, Minn.",womens-ice-hockey,2017,44.8897027,-93.3501222
Amanda Harris,F,"Troy, Mich.",womens-ice-hockey,2018,42.6055893,-83.1499304
Annie MacDonald,F,"Fall River, N.S.",womens-ice-hockey,2018,44.8161987,-63.6288442
Carly Bullock,F,"Eden Prairie, Minn.",womens-ice-hockey,2018,44.8546856,-93.470786
Cassie Reale,G,"Toronto, Ont.",womens-ice-hockey,2018,43.6534817,-79.3839347
Chloe Harvey,D,"Fairport, N.Y.",womens-ice-hockey,2018,43.0993,-77.443014
Claire Thompson,D,"Toronto, Ont.",womens-ice-hockey,2018,43.6534817,-79.3839347
Karlie Lund,F,"Eden Prairie, Minn.",womens-ice-hockey,2018,44.8546856,-93.470786
Kayla Fillier,F,"Georgetown, Ont.",womens-ice-hockey,2018,43.6553828,-79.9190449
Keiko DeClerck,F,"San Jose, Calif.",womens-ice-hockey,2018,37.3361663,-121.890591
Kimiko Marinacci,D,"Ottawa, Ont.",womens-ice-hockey,2018,45.4208777,-75.6901106
MacKenzie Ebel,F,"Airdrie, Alb.",womens-ice-hockey,2018,51.28597,-114.01062
Maggie Connors,F,"St. John's, N.L.",womens-ice-hockey,2018,47.5646794,-52.7066964
Mariah Keopple,D,"Menomonie, Wis.",womens-ice-hockey,2018,44.8765289,-91.9278716
Rachel McQuigge,G,"Bowmanville, Ont.",womens-ice-hockey,2018,43.9122995,-78.6891675
Sarah Fillier,F,"Georgetown, Ont.",womens-ice-hockey,2018,43.6553828,-79.9190449
Sarah Verbeek,F,"Timmins, Ont.",womens-ice-hockey,2018,48.477473,-81.330414
Shannon Griffin,F,"Arlington, Mass.",womens-ice-hockey,2018,42.4153739,-71.1564428
Sharon Frankel,F,"West Hartford, Conn.",womens-ice-hockey,2018,41.7620447,-72.7420399
Stephanie Neatby,G,"Toronto, Ont.",womens-ice-hockey,2018,43.6534817,-79.3839347
Stephanie Sucharda,D,"Mississauga, Ont.",womens-ice-hockey,2018,43.5884727,-79.643658
Sylvie Wallin,D,"Edina, Minn.",womens-ice-hockey,2018,44.8897027,-93.3501222
Amanda Harris,F,"Troy, Mich.",womens-ice-hockey,2019,42.6055893,-83.1499304
Annie Kuehl,F,"Edina, Minn.",womens-ice-hockey,2019,44.8897027,-93.3501222
Annie MacDonald,F,"Fall River, N.S.",womens-ice-hockey,2019,44.8161987,-63.6288442
Carly Bullock,F,"Eden Prairie, Minn.",womens-ice-hockey,2019,44.8546856,-93.470786
Cassie Reale,G,"Toronto, Ont.",womens-ice-hockey,2019,43.6534817,-79.3839347
Catherine Kerin,F,"Edina, Minn.",womens-ice-hockey,2019,44.8897027,-93.3501222
Chloe Harvey,D,"Fairport, N.Y.",womens-ice-hockey,2019,43.0993,-77.443014
Claire Thompson,D,"Toronto, Ont.",womens-ice-hockey,2019,43.6534817,-79.3839347
Daniella Calabrese,F,"Brooklin, Ont.",womens-ice-hockey,2019,43.9587134,-78.9600543
Emma Kee,F,"McLean, Va.",womens-ice-hockey,2019,38.9366852,-77.185843
Kate Monihan,D,"Moorestown, N.J.",womens-ice-hockey,2019,39.9670569,-74.9426677
Kayla Fillier,F,"Georgetown, Ont.",womens-ice-hockey,2019,43.6553828,-79.9190449
MacKenzie Ebel,F,"Airdrie, Alb.",womens-ice-hockey,2019,51.28597,-114.01062
Maggie Connors,F,"St. John's, N.L.",womens-ice-hockey,2019,47.5646794,-52.7066964
Mariah Keopple,D,"Menomonie, Wis.",womens-ice-hockey,2019,44.8765289,-91.9278716
Rachel McQuigge,G,"Bowmanville, Ont.",womens-ice-hockey,2019,43.9122995,-78.6891675
Sarah Fillier,F,"Georgetown, Ont.",womens-ice-hockey,2019,43.6553828,-79.9190449
Shannon Griffin,F,"Arlington, Mass.",womens-ice-hockey,2019,42.4153739,-71.1564428
Sharon Frankel,F,"West Hartford, Conn.",womens-ice-hockey,2019,41.7620447,-72.7420399
Solveig Neunzert,D,"Passau, Germany",womens-ice-hockey,2019,48.5748229,13.4609744
Stefanie Wallace,D,"Vancouver, B.C.",womens-ice-hockey,2019,49.2608724,-123.113952
Stephanie Neatby,G,"Toronto, Ont.",womens-ice-hockey,2019,43.6534817,-79.3839347
Sylvie Wallin,D,"Edina, Minn.",womens-ice-hockey,2019,44.8897027,-93.3501222
Amanda Harris,F,"Troy, Mich.",womens-ice-hockey,2020,42.6055893,-83.1499304
Annie MacDonald,F,"Fall River, N.S.",womens-ice-hockey,2020,44.8161987,-63.6288442
Julia Edgar,D,"Oakville, Ont.",womens-ice-hockey,2020,43.447436,-79.666672
Sarah Verbeek,F,"Timmins, Ont.",womens-ice-hockey,2020,48.477473,-81.330414
Solveig Neunzert,D,"Passau, Germany",womens-ice-hockey,2020,48.5748229,13.4609744
Annie Kuehl,F,"Edina, Minn.",womens-ice-hockey,2021,44.8897027,-93.3501222
Cassie Reale,G,"Toronto, Ont.",womens-ice-hockey,2021,43.6534817,-79.3839347
Catherine Kerin,F,"Edina, Minn.",womens-ice-hockey,2021,44.8897027,-93.3501222
Chloe Harvey,D,"Fairport, N.Y.",womens-ice-hockey,2021,43.0993,-77.443014
Daniella Calabrese,F,"Brooklin, Ont.",womens-ice-hockey,2021,43.9587134,-78.9600543
Dominique Cormier,D,"Sainte-Marie-de-Kent, N.B.",womens-ice-hockey,2021,46.408299,-64.8569065
Ellie Marcovsky,F,"Pittsburgh, Pa.",womens-ice-hockey,2021,40.4406968,-80.0025666
Emma Dornseif,D,"Oakdale, Minn.",womens-ice-hockey,2021,44.985624,-92.9645794
Emma Kee,F,"McLean, Va.",womens-ice-hockey,2021,38.9366852,-77.185843
Grace Kuipers,F,"Eden Prairie, Minn.",womens-ice-hockey,2021,44.8546856,-93.470786
Jennifer Olnowich,G,"Madison, N.J.",womens-ice-hockey,2021,40.7598227,-74.417097
Kate Monihan,D,"Moorestown, N.J.",womens-ice-hockey,2021,39.9670569,-74.9426677
Kayla Fillier,F,"Georgetown, Ont.",womens-ice-hockey,2021,43.6553828,-79.9190449
Maggie Connors,F,"St. John's, N.L.",womens-ice-hockey,2021,47.5646794,-52.7066964
Mariah Keopple,D,"Menomonie, Wis.",womens-ice-hockey,2021,44.8765289,-91.9278716
Mia Coene,F,"Clayton, N.Y.",womens-ice-hockey,2021,44.239491,-76.085776
Rachel McQuigge,G(C),"Bowmanville, Ont.",womens-ice-hockey,2021,43.9122995,-78.6891675
Sarah Paul,F,"West Kelowna, B.C.",womens-ice-hockey,2021,49.8585784,-119.582876
Sarah Verbeek,F,"Timmins, Ont.",womens-ice-hockey,2021,48.477473,-81.330414
Shannon Griffin,F(C),"Arlington, Mass.",womens-ice-hockey,2021,42.4153739,-71.1564428
Sharon Frankel,F(C),"West Hartford, Conn.",womens-ice-hockey,2021,41.7620447,-72.7420399
Solveig Neunzert,D,"Passau, Germany",womens-ice-hockey,2021,48.5748229,13.4609744
Stefanie Wallace,D,"Vancouver, B.C.",womens-ice-hockey,2021,49.2608724,-123.113952
Annie Kuehl,F,"Edina, Minn.",womens-ice-hockey,2022,44.8897027,-93.3501222
Catherine Kerin,F,"Edina, Minn.",womens-ice-hockey,2022,44.8897027,-93.3501222
Chloe Harvey,D,"Fairport, N.Y.",womens-ice-hockey,2022,43.0993,-77.443014
Daniella Calabrese,F,"Brooklin, Ont.",womens-ice-hockey,2022,43.9587134,-78.9600543
Dominique Cormier,D,"Sainte-Marie-de-Kent, N.B.",womens-ice-hockey,2022,46.408299,-64.8569065
Ellie Marcovsky,F,"Pittsburgh, Pa.",womens-ice-hockey,2022,40.4406968,-80.0025666
Emerson O'Leary,F,"Southborough, Mass.",womens-ice-hockey,2022,42.3056501,-71.5245087
Emma Dornseif,D,"Oakdale, Minn.",womens-ice-hockey,2022,44.985624,-92.9645794
Emma Kee,F,"McLean, Va.",womens-ice-hockey,2022,38.9366852,-77.185843
Grace Kuipers,F,"Eden Prairie, Minn.",womens-ice-hockey,2022,44.8546856,-93.470786
Issy Wunder,F,"Toronto, Ont.",womens-ice-hockey,2022,43.6534817,-79.3839347
Jane Kuehl,F,"Minneapolis, Minn.",womens-ice-hockey,2022,44.9772995,-93.2654692
Jennifer Olnowich,G,"Madison, N.J.",womens-ice-hockey,2022,40.7598227,-74.417097
Kate Monihan,D,"Moorestown, N.J.",womens-ice-hockey,2022,39.9670569,-74.9426677
Katherine Khramtsov,F,"Kensington, Md.",womens-ice-hockey,2022,39.0258405,-77.0750246
Kayla Fillier,F,"Georgetown, Ont.",womens-ice-hockey,2022,43.6553828,-79.9190449
Maggie Connors,F(C),"St. John's, N.L.",womens-ice-hockey,2022,47.5646794,-52.7066964
Mariah Keopple,D(C),"Menomonie, Wis.",womens-ice-hockey,2022,44.8765289,-91.9278716
Mia Coene,F,"Clayton, N.Y.",womens-ice-hockey,2022,44.239491,-76.085776
Sarah Fillier,F(C),"Georgetown, Ont.",womens-ice-hockey,2022,43.6553828,-79.9190449
Solveig Neunzert,D,"Passau, Germany",womens-ice-hockey,2022,48.5748229,13.4609744
Stefanie Wallace,D,"Vancouver, B.C.",womens-ice-hockey,2022,49.2608724,-123.113952
Taylor Hyland,G,"Wellesley, Mass.",womens-ice-hockey,2022,42.2964859,-71.2925571
Ani Kozak,F,"Oceanport, N.J.",womens-ice-hockey,2023,40.3181663,-74.0151382
Annie Kuehl,F,"Edina, Minn.",womens-ice-hockey,2023,44.8897027,-93.3501222
Callista Chong,F,"Wilmette, Ill.",womens-ice-hockey,2023,42.076066,-87.7115555
Catherine Kerin,F,"Edina, Minn.",womens-ice-hockey,2023,44.8897027,-93.3501222
Daniella Calabrese,F,"Brooklin, Ont.",womens-ice-hockey,2023,43.9587134,-78.9600543
Dominique Cormier,D,"Sainte-Marie-de-Kent, N.B.",womens-ice-hockey,2023,46.408299,-64.8569065
Ellie Marcovsky,F,"Pittsburgh, Pa.",womens-ice-hockey,2023,40.4406968,-80.0025666
Emerson O'Leary,F,"Southborough, Mass.",womens-ice-hockey,2023,42.3056501,-71.5245087
Emma Dornseif,D,"Oakdale, Minn.",womens-ice-hockey,2023,44.985624,-92.9645794
Emma Kee,F,"McLean, Va.",womens-ice-hockey,2023,38.9366852,-77.185843
Gabby Kim,D,"Los Angeles, Calif.",womens-ice-hockey,2023,34.0536909,-118.242766
Grace Kuipers,F,"Eden Prairie, Minn.",womens-ice-hockey,2023,44.8546856,-93.470786
Issy Wunder,F,"Toronto, Ont.",womens-ice-hockey,2023,43.6534817,-79.3839347
Jane Kuehl,F,"Minneapolis, Minn.",womens-ice-hockey,2023,44.9772995,-93.2654692
Jennifer Olnowich,G,"Madison, N.J.",womens-ice-hockey,2023,40.7598227,-74.417097
Kate Monihan,D(C),"Moorestown, N.J.",womens-ice-hockey,2023,39.9670569,-74.9426677
Katherine Khramtsov,F,"Kensington, Md.",womens-ice-hockey,2023,39.0258405,-77.0750246
Maggie Johnson,D,"New Windsor, N.Y.",womens-ice-hockey,2023,41.4767605,-74.0237519
Mia Coene,F(C),"Clayton, N.Y.",womens-ice-hockey,2023,44.239491,-76.085776
Sarah Fillier,F(C),"Georgetown, Ont.",womens-ice-hockey,2023,43.6553828,-79.9190449
Sarah Paul,F,"West Kelowna, B.C.",womens-ice-hockey,2023,49.8585784,-119.582876
Stefanie Wallace,D,"Vancouver, B.C.",womens-ice-hockey,2023,49.2608724,-123.113952
Taylor Hyland,G,"Wellesley, Mass.",womens-ice-hockey,2023,42.2964859,-71.2925571
Teja Gatfield,D,"Arva, Ont.",womens-ice-hockey,2023,43.0504756,-81.2948873
Uma Corniea,G,"Edina, Minn.",womens-ice-hockey,2023,44.8897027,-93.3501222
Wallis York,F,"Toronto, Ont.",womens-ice-hockey,2023,43.6534817,-79.3839347
Angelina DiGirolamo,F,"Woburn, Mass.",womens-ice-hockey,2024,42.4792618,-71.1522766
Ani Kozak,F,"Oceanport, N.J.",womens-ice-hockey,2024,40.3181663,-74.0151382
Brooklyn Nimegeers,D,"Moose Jaw, Sask.",womens-ice-hockey,2024,50.3967209,-105.535666
Dominique Cormier,D,"Sainte-Marie-de-Kent, N.B.",womens-ice-hockey,2024,46.408299,-64.8569065
Ellie Marcovsky,F,"Pittsburgh, Pa.",womens-ice-hockey,2024,40.4406968,-80.0025666
Emerson O'Leary,F,"Southborough, Mass.",womens-ice-hockey,2024,42.3056501,-71.5245087
Emma Dornseif,D,"Oakdale, Minn.",womens-ice-hockey,2024,44.985624,-92.9645794
Gabby Kim,D,"Los Angeles, Calif.",womens-ice-hockey,2024,34.0536909,-118.242766
Grace Kuipers,F,"Eden Prairie, Minn.",womens-ice-hockey,2024,44.8546856,-93.470786
Hannah Fetterolf,F,"Sewickley, Pa.",womens-ice-hockey,2024,40.5403417,-80.1805269
Issy Wunder,F,"Toronto, Ont.",womens-ice-hockey,2024,43.6534817,-79.3839347
Jane Kuehl,F,"Minneapolis, Minn.",womens-ice-hockey,2024,44.9772995,-93.2654692
Jennifer Olnowich,G,"Madison, N.J.",womens-ice-hockey,2024,40.7598227,-74.417097
Katherine Khramtsov,F,"Kensington, Md.",womens-ice-hockey,2024,39.0258405,-77.0750246
Lucia DiGirolamo,F,"Woburn, Mass.",womens-ice-hockey,2024,42.4792618,-71.1522766
Mackenzie Alexander,F,"Etobicoke, Ont.",womens-ice-hockey,2024,43.6435559,-79.5656326
Maggie Johnson,D,"New Windsor, N.Y.",womens-ice-hockey,2024,41.4767605,-74.0237519
Mia Coene,F,"Clayton, N.Y.",womens-ice-hockey,2024,44.239491,-76.085776
Rosie Klein,D,"Chicago, Ill.",womens-ice-hockey,2024,41.8755616,-87.6244212
Sarah Paul,F,"West Kelowna, B.C.",womens-ice-hockey,2024,49.8585784,-119.582876
Taylor Hyland,G,"Wellesley, Mass.",womens-ice-hockey,2024,42.2964859,-71.2925571
Teja Gatfield,D,"Arva, Ont.",womens-ice-hockey,2024,43.0504756,-81.2948873
Uma Corniea,G,"Edina, Minn.",womens-ice-hockey,2024,44.8897027,-93.3501222
Angelina DiGirolamo,F,"Woburn, Mass.",womens-ice-hockey,2025,42.4792618,-71.1522766
Ani Kozak,F,"Oceanport, N.J.",womens-ice-hockey,2025,40.3181663,-74.0151382
Brooklyn Nimegeers,D,"Moose Jaw, Sask.",womens-ice-hockey,2025,50.3967209,-105.535666
Catie Collins,D,"South Burlington, Vt.",womens-ice-hockey,2025,44.4642957,-73.176273
Ellie Dimatos,D,"Princeton, N.J.",womens-ice-hockey,2025,40.3496953,-74.6597376
Emerson O'Leary,F(C),"Southborough, Mass.",womens-ice-hockey,2025,42.3056501,-71.5245087
Gabby Kim,D,"Los Angeles, Calif.",womens-ice-hockey,2025,34.0536909,-118.242766
Hannah Fetterolf,F,"Sewickley, Pa.",womens-ice-hockey,2025,40.5403417,-80.1805269
Issy Wunder,F(C),"Toronto, Ont.",womens-ice-hockey,2025,43.6534817,-79.3839347
Jane Kuehl,F(C),"Minneapolis, Minn.",womens-ice-hockey,2025,44.9772995,-93.2654692
Katherine Khramtsov,F,"Kensington, Md.",womens-ice-hockey,2025,39.0258405,-77.0750246
Kitty Williams,G,"Franklin Lakes, N.J.",womens-ice-hockey,2025,41.0167639,-74.2057012
Lia Nevo,G,"Albany, N.Y.",womens-ice-hockey,2025,42.6511674,-73.754968
Mackenzie Alexander,F,"Etobicoke, Ont.",womens-ice-hockey,2025,43.6435559,-79.5656326
Maggie Johnson,D(C),"New Windsor, N.Y.",womens-ice-hockey,2025,41.4767605,-74.0237519
Megan Healy,D,"South Burlington, Vt.",womens-ice-hockey,2025,44.4642957,-73.176273
Riley Sorokan,F,"Midhurst, Ont.",womens-ice-hockey,2025,44.4475856,-79.733624
Rosie Klein,D,"Chicago, Ill.",womens-ice-hockey,2025,41.8755616,-87.6244212
Sawyer Fleming,F,"Rochester, Minn.",womens-ice-hockey,2025,44.0234387,-92.4630182
Taylor Hyland,G,"Wellesley, Mass.",womens-ice-hockey,2025,42.2964859,-71.2925571
Teja Gatfield,D,"Arva, Ont.",womens-ice-hockey,2025,43.0504756,-81.2948873
Uma Corniea,G,"Edina, Minn.",womens-ice-hockey,2025,44.8897027,-93.3501222
Angelina DiGirolamo,F,"Woburn, Mass.",womens-ice-hockey,2026,42.4792618,-71.1522766
Ani Kozak,F,"Oceanport, N.J.",womens-ice-hockey,2026,40.3181663,-74.0151382
Brooklyn Nimegeers,D,"Moose Jaw, Sask.",womens-ice-hockey,2026,50.3967209,-105.535666
Caroline Averill,F,"Wayland, Mass.",womens-ice-hockey,2026,42.3632063,-71.3606721
Catie Collins,D,"South Burlington, Vt.",womens-ice-hockey,2026,44.4642957,-73.176273
Chloe Brinson,F,"Larchmont, N.Y.",womens-ice-hockey,2026,40.9278769,-73.7517983
Ellie Dimatos,D,"Princeton, N.J.",womens-ice-hockey,2026,40.3496953,-74.6597376
Gabby Kim,D(C),"Los Angeles, Calif.",womens-ice-hockey,2026,34.0536909,-118.242766
Hannah Fetterolf,F,"Sewickley, Pa.",womens-ice-hockey,2026,40.5403417,-80.1805269
Iris Cheng,F,"Naperville, Ill.",womens-ice-hockey,2026,41.7728699,-88.1479278
Kitty Williams,G,"Franklin Lakes, N.J.",womens-ice-hockey,2026,41.0167639,-74.2057012
Lia Cericola,F,"West Chester, P.A.",womens-ice-hockey,2026,39.9597389,-75.6044609
Lia Nevo,G,"Albany, N.Y.",womens-ice-hockey,2026,42.6511674,-73.754968
Lucia DiGirolamo,F,"Woburn, Mass.",womens-ice-hockey,2026,42.4792618,-71.1522766
Mackenzie Alexander,F,"Etobicoke, Ont.",womens-ice-hockey,2026,43.6435559,-79.5656326
Megan Healy,D,"South Burlington, Vt.",womens-ice-hockey,2026,44.4642957,-73.176273
Riley Sorokan,F,"Midhurst, Ont.",womens-ice-hockey,2026,44.4475856,-79.733624
Rosie Klein,D(C),"Chicago, Ill.",womens-ice-hockey,2026,41.8755616,-87.6244212
Sawyer Fleming,F,"Rochester, Minn.",womens-ice-hockey,2026,44.0234387,-92.4630182
Teja Gatfield,D,"Arva, Ont.",womens-ice-hockey,2026,43.0504756,-81.2948873
Tina Scalese,F,"West Boylston, Mass.",womens-ice-hockey,2026,42.3680073,-71.7845326
Uma Corniea,G(C),"Edina, Minn.",womens-ice-hockey,2026,44.8897027,-93.3501222
Abby Finkelston,M,"Leonardtown, Md.",womens-lacrosse,2016,38.2912431,-76.6357946
Addie Ewald,M/D,"Tiburon, Calif.",womens-lacrosse,2016,37.8775332,-122.460808
Alex Argo,D,"Baltimore, Md.",womens-lacrosse,2016,39.2908816,-76.610759
Allie Rogers,A,"Basking Ridge, N.J.",womens-lacrosse,2016,40.7064088,-74.5492725
Amanda Leavell,D,"Houston, Texas",womens-lacrosse,2016,29.7589382,-95.3676974
Anna Doherty,M,"Bernardsville, N.J.",womens-lacrosse,2016,40.7186805,-74.5692273
Annie Cory,M,"Charlottesville, Va.",womens-lacrosse,2016,38.029306,-78.4766781
Camille Sullivan,M,"Bellevue, Wash.",womens-lacrosse,2016,47.6144219,-122.192337
Colby Chanenchuk,A,"Natick, Mass.",womens-lacrosse,2016,42.2836393,-71.346996
Elizabeth George,M,"Lutherville, Md.",womens-lacrosse,2016,39.42363,-76.6209151
Ellie DeGarmo,G,"Baltimore, Md.",womens-lacrosse,2016,39.2908816,-76.610759
Ellie McNulty,M,"Arnold, Md.",womens-lacrosse,2016,39.0422935,-76.504059
Haley Giraldi,A,"Chevy Chase, Md.",womens-lacrosse,2016,38.9813699,-77.0849245
Izzy Mangan,A,"Sayville, N.Y.",womens-lacrosse,2016,40.745349,-73.0885161
Jeanie Dwinell,D,"Dedham, Mass.",womens-lacrosse,2016,42.2481895,-71.1734418
Julia Haney,M,"Charlottesville, Va.",womens-lacrosse,2016,38.029306,-78.4766781
Kathryn Hallett,M,"Manhasset, N.Y.",womens-lacrosse,2016,40.786702,-73.6967338
Katie Reilly,M,"Huntington Station, N.Y.",womens-lacrosse,2016,40.8472369,-73.4036319
Kennedy Krauss,M,"Chatham, N.J.",womens-lacrosse,2016,40.7409242,-74.3836711
Laura Pansini,A,"Villanova, Pa.",womens-lacrosse,2016,40.0411671,-75.3310527
Maddie Staczek,D/M,"Towson, Md.",womens-lacrosse,2016,39.3964591,-76.6148148
Madeline Rodriguez,D,"Edina, Minn.",womens-lacrosse,2016,44.8897027,-93.3501222
Mary Kate McDonough,G,"Delmar, N.Y.",womens-lacrosse,2016,42.6251239,-73.8381351
Nonie Andersen,M,"Glenview, Ill.",womens-lacrosse,2016,42.0700662,-87.8114044
Olivia Hompe,M,"New Canaan, Conn.",womens-lacrosse,2016,41.146763,-73.4948446
Stephanie Neatby,A,"Toronto, Ont.",womens-lacrosse,2016,43.6534817,-79.3839347
Tess D'Orsi,M,"Sudbury, Mass.",womens-lacrosse,2016,42.3834278,-71.4161725
Winnie Brandfield-Harvey,G,"Houston, Texas",womens-lacrosse,2016,29.7589382,-95.3676974
Abby Finkelston,A,"Leonardtown, Md.",womens-lacrosse,2017,38.2912431,-76.6357946
Alex Argo,D,"Baltimore, Md.",womens-lacrosse,2017,39.2908816,-76.610759
Allie Rogers,A,"Basking Ridge, N.J.",womens-lacrosse,2017,40.7064088,-74.5492725
Annie Cory,M,"Charlottesville, Va.",womens-lacrosse,2017,38.029306,-78.4766781
Camille Sullivan,M,"Bellevue, Wash.",womens-lacrosse,2017,47.6144219,-122.192337
Casey Swezey,D,"Ambler, Pa.",womens-lacrosse,2017,40.1544727,-75.2221643
Colby Chanenchuk,A,"Natick, Mass.",womens-lacrosse,2017,42.2836393,-71.346996
Elizabeth George,A,"Lutherville, Md.",womens-lacrosse,2017,39.42363,-76.6209151
Ellie McNulty,M,"Arnold, Md.",womens-lacrosse,2017,39.0422935,-76.504059
Haley Giraldi,A,"Chevy Chase, Md.",womens-lacrosse,2017,38.9813699,-77.0849245
Izzy Mangan,M,"Sayville, N.Y.",womens-lacrosse,2017,40.745349,-73.0885161
Jordan Marcus,M,"Richmond, Va.",womens-lacrosse,2017,37.5385087,-77.43428
Julia Haney,A,"Charlottesville, Va.",womens-lacrosse,2017,38.029306,-78.4766781
Kathryn Hallett,M,"Manhasset, N.Y.",womens-lacrosse,2017,40.786702,-73.6967338
Katie Reilly,A,"Huntington Station, N.Y.",womens-lacrosse,2017,40.8472369,-73.4036319
Kyla Sears,A,"Skaneateles, N.Y.",womens-lacrosse,2017,42.947011,-76.4291017
Laura Pansini,A,"Villanova, Pa.",womens-lacrosse,2017,40.0411671,-75.3310527
Maddie Staczek,D,"Towson, Md.",womens-lacrosse,2017,39.3964591,-76.6148148
Marge Donovan,D,"Catonsville, Md.",womens-lacrosse,2017,39.2609922,-76.7455478
Mary Kate McDonough,G,"Delmar, N.Y.",womens-lacrosse,2017,42.6251239,-73.8381351
Mary Murphy,D,"Amawalk, N.Y.",womens-lacrosse,2017,41.2884273,-73.7662443
Morgan Mills,D,"Princeton, N.J.",womens-lacrosse,2017,40.3496953,-74.6597376
Nonie Andersen,D,"Glenview, Ill.",womens-lacrosse,2017,42.0700662,-87.8114044
Olivia Pugh,D,"Alexandria, Va.",womens-lacrosse,2017,38.8051095,-77.0470229
Sam Fish,G,"San Diego, Calif.",womens-lacrosse,2017,32.7157062,-117.1638284
Tess D'Orsi,A,"Sudbury, Mass.",womens-lacrosse,2017,42.3834278,-71.4161725
Winnie Brandfield-Harvey,G,"Houston, Texas",womens-lacrosse,2017,29.7589382,-95.3676974
Alex Argo,D(C),"Baltimore, Md.",womens-lacrosse,2018,39.2908816,-76.610759
Allie Rogers,A,"Basking Ridge, N.J.",womens-lacrosse,2018,40.7064088,-74.5492725
Annie Cory,M,"Charlottesville, Va.",womens-lacrosse,2018,38.029306,-78.4766781
Annie Price,D,"Yardley, Pa.",womens-lacrosse,2018,40.242506,-74.8389704
Elizabeth George,A(C),"Lutherville, Md.",womens-lacrosse,2018,39.42363,-76.6209151
Gaby Hamburger,A,"Clarksville, Md.",womens-lacrosse,2018,39.2065447,-76.9429182
Izzy Mangan,M,"Sayville, N.Y.",womens-lacrosse,2018,40.745349,-73.0885161
Jordan Marcus,M,"Richmond, Va.",womens-lacrosse,2018,37.5385087,-77.43428
Julia Haney,A,"Charlottesville, Va.",womens-lacrosse,2018,38.029306,-78.4766781
Kate Mulham,A,"Setauket, N.Y.",womens-lacrosse,2018,40.9467545,-73.115916
Kathryn Hallett,M,"Manhasset, N.Y.",womens-lacrosse,2018,40.786702,-73.6967338
Katie Reilly,A,"Huntington Station, N.Y.",womens-lacrosse,2018,40.8472369,-73.4036319
Kyla Sears,A,"Skaneateles, N.Y.",womens-lacrosse,2018,42.947011,-76.4291017
Laura Pansini,A,"Villanova, Pa.",womens-lacrosse,2018,40.0411671,-75.3310527
Lillian Stout,M,"Wareham, Mass.",womens-lacrosse,2018,41.7626037,-70.7217017
Lucie Gildehaus,M,"Concord, Mass.",womens-lacrosse,2018,42.4605189,-71.3488963
Lucy Norton,G,"Washington, D.C.",womens-lacrosse,2018,38.8950982,-77.0363849
Maddie Staczek,D,"Towson, Md.",womens-lacrosse,2018,39.3964591,-76.6148148
Marge Donovan,D,"Catonsville, Md.",womens-lacrosse,2018,39.2609922,-76.7455478
Maria Pansini,M/D,"Villanova, Pa.",womens-lacrosse,2018,40.0411671,-75.3310527
Mary Murphy,D,"Amawalk, N.Y.",womens-lacrosse,2018,41.2884273,-73.7662443
Morgan Mills,D,"Princeton, N.J.",womens-lacrosse,2018,40.3496953,-74.6597376
Nonie Andersen,D(C),"Glenview, Ill.",womens-lacrosse,2018,42.0700662,-87.8114044
Olivia Pugh,D,"Alexandria, Va.",womens-lacrosse,2018,38.8051095,-77.0470229
Sam Fish,G,"San Diego, Calif.",womens-lacrosse,2018,32.7157062,-117.1638284
Shannon Berry,M,"Setauket, N.Y.",womens-lacrosse,2018,40.9467545,-73.115916
Shea Smith,M,"Short Hills, N.J.",womens-lacrosse,2018,40.7381585,-74.3377392
Tara Shecter,A,"Boca Raton, Fla.",womens-lacrosse,2018,26.3586885,-80.0830984
Tess D'Orsi,A,"Sudbury, Mass.",womens-lacrosse,2018,42.3834278,-71.4161725
Abbie Wilhelm,D,"Baldwin, Md.",womens-lacrosse,2019,39.4945894,-76.4701866
Annie Cory,M,"Charlottesville, Va.",womens-lacrosse,2019,38.029306,-78.4766781
Annie Price,D,"Yardley, Pa.",womens-lacrosse,2019,40.242506,-74.8389704
Caroline Burnett,D,"Alexandria, Va.",womens-lacrosse,2019,38.8051095,-77.0470229
Christy Sieber,D,"Mendham, N.J.",womens-lacrosse,2019,40.775941,-74.6009617
Emma Briger,G,"Atherton, Calif.",womens-lacrosse,2019,37.453773,-122.2058272
Gaby Hamburger,A,"Clarksville, Md.",womens-lacrosse,2019,39.2065447,-76.9429182
Grace Tauckus,A,"Cold Spring Harbor, N.Y.",womens-lacrosse,2019,40.8601065,-73.4529025
Jordan Marcus,A,"Richmond, Va.",womens-lacrosse,2019,37.5385087,-77.43428
Kari Buonanno,M/A,"Providence, R.I.",womens-lacrosse,2019,41.8239891,-71.4128343
Kate Mulham,A,"Setauket, N.Y.",womens-lacrosse,2019,40.9467545,-73.115916
Katherine McIntire,D,"Boxford, Mass.",womens-lacrosse,2019,42.6605844,-70.9971204
Katie Reilly,A,"Huntington Station, N.Y.",womens-lacrosse,2019,40.8472369,-73.4036319
Kyla Sears,A,"Skaneateles, N.Y.",womens-lacrosse,2019,42.947011,-76.4291017
Lillian Stout,M,"Wareham, Mass.",womens-lacrosse,2019,41.7626037,-70.7217017
Lucie Gildehaus,M,"Concord, Mass.",womens-lacrosse,2019,42.4605189,-71.3488963
Lucy Norton,G,"Washington, D.C.",womens-lacrosse,2019,38.8950982,-77.0363849
Maddie Staczek,D,"Towson, Md.",womens-lacrosse,2019,39.3964591,-76.6148148
Marge Donovan,D,"Catonsville, Md.",womens-lacrosse,2019,39.2609922,-76.7455478
Maria Pansini,M/D,"Villanova, Pa.",womens-lacrosse,2019,40.0411671,-75.3310527
Mary Murphy,D,"Amawalk, N.Y.",womens-lacrosse,2019,41.2884273,-73.7662443
Meghan Curran,A,"Foxboro, Mass.",womens-lacrosse,2019,42.0953545,-71.2616265
Olivia Pugh,D,"Alexandria, Va.",womens-lacrosse,2019,38.8051095,-77.0470229
Sam Fish,G,"San Diego, Calif.",womens-lacrosse,2019,32.7157062,-117.1638284
Shannon Berry,M,"Setauket, N.Y.",womens-lacrosse,2019,40.9467545,-73.115916
Shea Smith,M,"Short Hills, N.J.",womens-lacrosse,2019,40.7381585,-74.3377392
Tara Shecter,A,"Boca Raton, Fla.",womens-lacrosse,2019,26.3586885,-80.0830984
Taylor DeGroff,D,"Palo Alto, Calif.",womens-lacrosse,2019,37.4443293,-122.1598465
Tess D'Orsi,A,"Sudbury, Mass.",womens-lacrosse,2019,42.3834278,-71.4161725
Annie Price,D,"Yardley, Pa.",womens-lacrosse,2020,40.242506,-74.8389704
Apple Rockefeller,M,"New York, N.Y.",womens-lacrosse,2020,40.7127281,-74.0060152
Caroline Frist,M/A,"Nashville, Tenn.",womens-lacrosse,2020,36.1622767,-86.7742984
Caroline Skinner,D,"Lake Forest, Ill.",womens-lacrosse,2020,42.2586461,-87.8407055
Ellie Mueller,A,"Villanova, Pa.",womens-lacrosse,2020,40.0411671,-75.3310527
Gaby Hamburger,A,"Clarksville, Md.",womens-lacrosse,2020,39.2065447,-76.9429182
Katherine McIntire,D,"Boxford, Mass.",womens-lacrosse,2020,42.6605844,-70.9971204
Lucie Gildehaus,M(C),"Concord, Mass.",womens-lacrosse,2020,42.4605189,-71.3488963
Mary Catherine Wright,D,"South Bend, Ind.",womens-lacrosse,2020,41.6833813,-86.2500066
Meghan Curran,A,"Foxboro, Mass.",womens-lacrosse,2020,42.0953545,-71.2616265
Natalie Pansini,M,"Villanova, Pa.",womens-lacrosse,2020,40.0411671,-75.3310527
Olivia Koch,A,"Skillman, N.J.",womens-lacrosse,2020,40.4234145,-74.7077882
Samantha DeVito,M,"Ballston Spa, N.Y.",womens-lacrosse,2020,43.0009087,-73.8490111
Sammy Filippi,M/A,"Manorville, N.Y.",womens-lacrosse,2020,40.862559,-72.7860928
Sidney Gregorek,GK,"Schuylerville, N.Y.",womens-lacrosse,2020,43.100231,-73.581963
Sydney Pittignano,D,"Stamford, Conn.",womens-lacrosse,2020,41.0534302,-73.5387341
Tara Shecter,A(C),"Boca Raton, Fla.",womens-lacrosse,2020,26.3586885,-80.0830984
Abbie Wilhelm,D,"Baldwin, Md.",womens-lacrosse,2021,39.4945894,-76.4701866
Annie Price,D,"Yardley, Pa.",womens-lacrosse,2021,40.242506,-74.8389704
Caroline Burnett,D,"Alexandria, Va.",womens-lacrosse,2021,38.8051095,-77.0470229
Christy Sieber,D,"Mendham, N.J.",womens-lacrosse,2021,40.775941,-74.6009617
Ellie Mueller,A,"Villanova, Pa.",womens-lacrosse,2021,40.0411671,-75.3310527
Gaby Hamburger,A,"Clarksville, Md.",womens-lacrosse,2021,39.2065447,-76.9429182
Grace Tauckus,A,"Cold Spring Harbor, N.Y.",womens-lacrosse,2021,40.8601065,-73.4529025
Jordan Marcus,Manager,"Richmond, Va.",womens-lacrosse,2021,37.5385087,-77.43428
Kari Buonanno,M,"Providence, R.I.",womens-lacrosse,2021,41.8239891,-71.4128343
Kate Mulham,A,"Setauket, N.Y.",womens-lacrosse,2021,40.9467545,-73.115916
Kyla Sears,A,"Skaneateles, N.Y.",womens-lacrosse,2021,42.947011,-76.4291017
Lillian Stout,M,"Wareham, Mass.",womens-lacrosse,2021,41.7626037,-70.7217017
Lucie Gildehaus,M,"Concord, Mass.",womens-lacrosse,2021,42.4605189,-71.3488963
Marge Donovan,D,"Catonsville, Md.",womens-lacrosse,2021,39.2609922,-76.7455478
Maria Pansini,M,"Villanova, Pa.",womens-lacrosse,2021,40.0411671,-75.3310527
Mary Catherine Wright,Manager,"South Bend, Ind.",womens-lacrosse,2021,41.6833813,-86.2500066
Mary Murphy,D,"Amawalk, N.Y.",womens-lacrosse,2021,41.2884273,-73.7662443
McKenzie Blake,M,"Haddonfield, N.J.",womens-lacrosse,2021,39.8915022,-75.0376707
Meghan Curran,A,"Foxboro, Mass.",womens-lacrosse,2021,42.0953545,-71.2616265
Mia James,D,"Tinton Falls, N.J.",womens-lacrosse,2021,40.2890734,-74.0927967
Nina Montes,M,"Chicago, Ill.",womens-lacrosse,2021,41.8755616,-87.6244212
Olivia Koch,A,"Skillman, N.J.",womens-lacrosse,2021,40.4234145,-74.7077882
Olivia Pugh,D,"Alexandria, Va.",womens-lacrosse,2021,38.8051095,-77.0470229
Paige Vegna,D,"Cold Spring Harbor, N.Y.",womens-lacrosse,2021,40.8601065,-73.4529025
Sam Fish,GK,"San Diego, Calif.",womens-lacrosse,2021,32.7157062,-117.1638284
Sam Whiting,D,"Dallas, Texas",womens-lacrosse,2021,32.7762719,-96.7968559
Samantha DeVito,M,"Ballston Spa, N.Y.",womens-lacrosse,2021,43.0009087,-73.8490111
Sammy Filippi,D,"Manorville, N.Y.",womens-lacrosse,2021,40.862559,-72.7860928
Sarah Nelson,M,"Radnor, Pa.",womens-lacrosse,2021,40.0448619,-75.3594728
Shannon Berry,M,"Setauket, N.Y.",womens-lacrosse,2021,40.9467545,-73.115916
Shea Smith,D,"Short Hills, N.J.",womens-lacrosse,2021,40.7381585,-74.3377392
Sophie Whiteway,M,"Potomac, Md.",womens-lacrosse,2021,39.0180508,-77.1956331
Tara Shecter,A,"Boca Raton, Fla.",womens-lacrosse,2021,26.3586885,-80.0830984
Taylor DeGroff,D,"Palo Alto, Calif.",womens-lacrosse,2021,37.4443293,-122.1598465
Tia Reaman,GK,"Hingham, Mass.",womens-lacrosse,2021,42.2417669,-70.8897676
Abbie Wilhelm,D,"Baldwin, Md.",womens-lacrosse,2022,39.4945894,-76.4701866
Abigail Roberts,M,"Wellesley, Mass.",womens-lacrosse,2022,42.2964859,-71.2925571
Amelia Hughes,GK,"Wilton, Conn.",womens-lacrosse,2022,41.1953739,-73.4378988
Caroline Burnett,D,"Alexandria, Va.",womens-lacrosse,2022,38.8051095,-77.0470229
Christy Sieber,D,"Mendham, N.J.",womens-lacrosse,2022,40.775941,-74.6009617
Dylan Allen,M,"Hackensack, N.J.",womens-lacrosse,2022,40.8870781,-74.0410667
Ellie Mueller,A,"Villanova, Pa.",womens-lacrosse,2022,40.0411671,-75.3310527
Grace Tauckus,A,"Cold Spring Harbor, N.Y.",womens-lacrosse,2022,40.8601065,-73.4529025
Haven Dora,M,"Spring Lake, N.J.",womens-lacrosse,2022,40.1535132,-74.0293941
Jami MacDonald,A,"Georgetown, Ontario",womens-lacrosse,2022,43.6553828,-79.9190449
Juliana Williams,D,"Forest Hill, Md.",womens-lacrosse,2022,39.5851063,-76.387739
Kari Buonanno,M,"Providence, R.I.",womens-lacrosse,2022,41.8239891,-71.4128343
Kate Mulham,A,"Setauket, N.Y.",womens-lacrosse,2022,40.9467545,-73.115916
Kendall Dean,A,"Columbia, Md.",womens-lacrosse,2022,39.1938429,-76.8646092
Lane Calkins,M,"Naples, Fla.",womens-lacrosse,2022,26.1421976,-81.7942944
Lillian Stout,M,"Wareham, Mass.",womens-lacrosse,2022,41.7626037,-70.7217017
Maggie Molnar,M,"Walkersville, Md.",womens-lacrosse,2022,39.4817659,-77.3507698
Maria Pansini,D,"Villanova, Pa.",womens-lacrosse,2022,40.0411671,-75.3310527
McKenzie Blake,A,"Haddonfield, N.J.",womens-lacrosse,2022,39.8915022,-75.0376707
Meghan Curran,A,"Foxboro, Mass.",womens-lacrosse,2022,42.0953545,-71.2616265
Mia James,D,"Tinton Falls, N.J.",womens-lacrosse,2022,40.2890734,-74.0927967
Nina Montes,M,"Chicago, Ill.",womens-lacrosse,2022,41.8755616,-87.6244212
Olivia Koch,A,"Skillman, N.J.",womens-lacrosse,2022,40.4234145,-74.7077882
Paige Vegna,D,"Cold Spring Harbor, N.Y.",womens-lacrosse,2022,40.8601065,-73.4529025
Sam Whiting,D,"Dallas, Texas",womens-lacrosse,2022,32.7762719,-96.7968559
Samantha DeVito,M,"Ballston Spa, N.Y.",womens-lacrosse,2022,43.0009087,-73.8490111
Sammy Filippi,D,"Manorville, N.Y.",womens-lacrosse,2022,40.862559,-72.7860928
Sarah Nelson,M,"Radnor, Pa.",womens-lacrosse,2022,40.0448619,-75.3594728
Shannon Berry,D,"Setauket, N.Y.",womens-lacrosse,2022,40.9467545,-73.115916
Shea Smith,D,"Short Hills, N.J.",womens-lacrosse,2022,40.7381585,-74.3377392
Sophie Whiteway,M,"Potomac, Md.",womens-lacrosse,2022,39.0180508,-77.1956331
Taylor DeGroff,D,"Palo Alto, Calif.",womens-lacrosse,2022,37.4443293,-122.1598465
Tia Reaman,GK,"Hingham, Mass.",womens-lacrosse,2022,42.2417669,-70.8897676
Abbie Wilhelm,D,"Baldwin, Md.",womens-lacrosse,2023,39.4945894,-76.4701866
Abigail Roberts,M,"Wellesley, Mass.",womens-lacrosse,2023,42.2964859,-71.2925571
Amelia Hughes,GK,"Wilton, Conn.",womens-lacrosse,2023,41.1953739,-73.4378988
Ava Keenan,M,"Urbana, Md.",womens-lacrosse,2023,39.3206075,-77.3416402
Caroline Burnett,D,"Alexandria, Va.",womens-lacrosse,2023,38.8051095,-77.0470229
Colette Quinn,M,"Darien, Conn.",womens-lacrosse,2023,41.0787079,-73.4692873
Dylan Allen,D,"Hackensack, N.J.",womens-lacrosse,2023,40.8870781,-74.0410667
Ella Sloan,M,"Blairstown, N.J.",womens-lacrosse,2023,40.9831598,-74.9602972
Ellie Mueller,A,"Villanova, Pa.",womens-lacrosse,2023,40.0411671,-75.3310527
Ellie Nicklas,GK,"Chambersburg, Pa.",womens-lacrosse,2023,39.9375112,-77.6612586
Grace Tauckus,A,"Cold Spring Harbor, N.Y.",womens-lacrosse,2023,40.8601065,-73.4529025
Haven Dora,A,"Spring Lake, N.J.",womens-lacrosse,2023,40.1535132,-74.0293941
Jami MacDonald,A,"Georgetown, Ontario",womens-lacrosse,2023,43.6553828,-79.9190449
Juliana Williams,D,"Forest Hill, Md.",womens-lacrosse,2023,39.5851063,-76.387739
Kari Buonanno,M,"Providence, R.I.",womens-lacrosse,2023,41.8239891,-71.4128343
Kate Garlinghouse,D,"Atherton, Calif.",womens-lacrosse,2023,37.453773,-122.2058272
Kendall Dean,A,"Columbia, Md.",womens-lacrosse,2023,39.1938429,-76.8646092
Lane Calkins,M,"Naples, Fla.",womens-lacrosse,2023,26.1421976,-81.7942944
Maggie Molnar,M,"Walkersville, Md.",womens-lacrosse,2023,39.4817659,-77.3507698
McKenzie Blake,A,"Haddonfield, N.J.",womens-lacrosse,2023,39.8915022,-75.0376707
Meg Morrisroe,A,"Huntington, N.Y.",womens-lacrosse,2023,40.868154,-73.425676
Merrill Watson,M,"Parkton, Md.",womens-lacrosse,2023,39.6409378,-76.6591376
Mia James,D,"Tinton Falls, N.J.",womens-lacrosse,2023,40.2890734,-74.0927967
Nina Montes,A,"Chicago, Ill.",womens-lacrosse,2023,41.8755616,-87.6244212
Olivia Koch,A,"Skillman, N.J.",womens-lacrosse,2023,40.4234145,-74.7077882
Paige Vegna,D,"Cold Spring Harbor, N.Y.",womens-lacrosse,2023,40.8601065,-73.4529025
Sam Whiting,D,"Dallas, Texas",womens-lacrosse,2023,32.7762719,-96.7968559
Samantha DeVito,M,"Ballston Spa, N.Y.",womens-lacrosse,2023,43.0009087,-73.8490111
Sammy Filippi,D,"Manorville, N.Y.",womens-lacrosse,2023,40.862559,-72.7860928
Sarah Nelson,M,"Radnor, Pa.",womens-lacrosse,2023,40.0448619,-75.3594728
Siena Puglisi,D,"Alexandria, Va.",womens-lacrosse,2023,38.8051095,-77.0470229
Sophie Whiteway,M,"Potomac, Md.",womens-lacrosse,2023,39.0180508,-77.1956331
Taylor DeGroff,D,"Palo Alto, Calif.",womens-lacrosse,2023,37.4443293,-122.1598465
Tia Reaman,GK,"Hingham, Mass.",womens-lacrosse,2023,42.2417669,-70.8897676
Abigail Roberts,D,"Wellesley, Mass.",womens-lacrosse,2024,42.2964859,-71.2925571
Addison Barrett,M,"Chatham, N.J.",womens-lacrosse,2024,40.7409242,-74.3836711
Amelia Hughes,GK,"Wilton, Conn.",womens-lacrosse,2024,41.1953739,-73.4378988
Ava Keenan,M,"Urbana, Md.",womens-lacrosse,2024,39.3206075,-77.3416402
Cassandra Kitchen,M,"Owings Mills, Md.",womens-lacrosse,2024,39.4041967,-76.7956745
Colette Quinn,M,"Darien, Conn.",womens-lacrosse,2024,41.0787079,-73.4692873
Dylan Allen,D,"Hackensack, N.J.",womens-lacrosse,2024,40.8870781,-74.0410667
Dylan Casazza,A,"Darien, Conn.",womens-lacrosse,2024,41.0787079,-73.4692873
Elizabeth Gonnella,GK,"Darien, Conn.",womens-lacrosse,2024,41.0787079,-73.4692873
Ella Sloan,M,"Blairstown, N.J.",womens-lacrosse,2024,40.9831598,-74.9602972
Ellie Nicklas,GK,"Chambersburg, Pa.",womens-lacrosse,2024,39.9375112,-77.6612586
Grace Mulham,A,"Setauklet, N.Y.",womens-lacrosse,2024,40.9467545,-73.115916
Haven Dora,A,"Spring Lake, N.J.",womens-lacrosse,2024,40.1535132,-74.0293941
Jami MacDonald,A,"Georgetown, Ontario",womens-lacrosse,2024,43.6553828,-79.9190449
Juliana Williams,D,"Forest Hill, Md.",womens-lacrosse,2024,39.5851063,-76.387739
Kate Garlinghouse,D,"Atherton, Calif.",womens-lacrosse,2024,37.453773,-122.2058272
Kendall Dean,A,"Columbia, Md.",womens-lacrosse,2024,39.1938429,-76.8646092
Lane Calkins,M,"Naples, Fla.",womens-lacrosse,2024,26.1421976,-81.7942944
Maddie Mitchell,A,"Kensington, Md.",womens-lacrosse,2024,39.0258405,-77.0750246
Maggie Bacigalupo,M,"Bronxville, N.Y.",womens-lacrosse,2024,40.9381544,-73.8320784
Maggie Molnar,M,"Walkersville, Md.",womens-lacrosse,2024,39.4817659,-77.3507698
McKenzie Blake,A,"Haddonfield, N.J.",womens-lacrosse,2024,39.8915022,-75.0376707
Meg Morrisroe,A,"Huntington, N.Y.",womens-lacrosse,2024,40.868154,-73.425676
Merrill Watson,M,"Parkton, Md.",womens-lacrosse,2024,39.6409378,-76.6591376
Mia James,D,"Tinton Falls, N.J.",womens-lacrosse,2024,40.2890734,-74.0927967
Nina Montes,A,"Chicago, Ill.",womens-lacrosse,2024,41.8755616,-87.6244212
Paige Vegna,D,"Cold Spring Harbor, N.Y.",womens-lacrosse,2024,40.8601065,-73.4529025
Sam Whiting,D,"Dallas, Texas",womens-lacrosse,2024,32.7762719,-96.7968559
Sarah Nelson,M,"Radnor, Pa.",womens-lacrosse,2024,40.0448619,-75.3594728
Siena Puglisi,D,"Alexandria, Va.",womens-lacrosse,2024,38.8051095,-77.0470229
Sophie Whiteway,M,"Potomac, Md.",womens-lacrosse,2024,39.0180508,-77.1956331
Tia Reaman,GK,"Hingham, Mass.",womens-lacrosse,2024,42.2417669,-70.8897676
Zoe Bye,D,"Greenwich, Conn.",womens-lacrosse,2024,41.0264862,-73.6284598
Abigail Roberts,D,"Wellesley, Mass.",womens-lacrosse,2025,42.2964859,-71.2925571
Addison Barrett,D,"Chatham, N.J.",womens-lacrosse,2025,40.7409242,-74.3836711
Amelia Hughes,GK,"Wilton, Conn.",womens-lacrosse,2025,41.1953739,-73.4378988
Ava Keenan,M,"Urbana, Md.",womens-lacrosse,2025,39.3206075,-77.3416402
Becca Kirschner,M,"Flemington, N.J.",womens-lacrosse,2025,40.5130953,-74.8591333
Cassandra Kitchen,M,"Owings Mills, Md.",womens-lacrosse,2025,39.4041967,-76.7956745
Colette Quinn,M,"Darien, Conn.",womens-lacrosse,2025,41.0787079,-73.4692873
Devan Lange,M,"West Islip, N.Y.",womens-lacrosse,2025,40.7064515,-73.2987663
Dylan Allen,D,"Hackensack, N.J.",womens-lacrosse,2025,40.8870781,-74.0410667
Dylan Casazza,A,"Darien, Conn.",womens-lacrosse,2025,41.0787079,-73.4692873
Elizabeth Gonnella,GK,"Darien, Conn.",womens-lacrosse,2025,41.0787079,-73.4692873
Ella Sloan,M,"Blairstown, N.J.",womens-lacrosse,2025,40.9831598,-74.9602972
Ellie Nicklas,GK,"Chambersburg, Pa.",womens-lacrosse,2025,39.9375112,-77.6612586
Genevieve Nelson,D,"Concord, Mass.",womens-lacrosse,2025,42.4605189,-71.3488963
Grace Farrell,A,"Haddonfield, N.J.",womens-lacrosse,2025,39.8915022,-75.0376707
Grace Mulham,A,"Setauklet, N.Y.",womens-lacrosse,2025,40.9467545,-73.115916
Haven Dora,A,"Spring Lake, N.J.",womens-lacrosse,2025,40.1535132,-74.0293941
Jackie Feldman,GK,"Parkland, Fla.",womens-lacrosse,2025,26.3100794,-80.23727
Jami MacDonald,A,"Georgetown, Ontario",womens-lacrosse,2025,43.6553828,-79.9190449
Juliana Williams,D,"Forest Hill, Md.",womens-lacrosse,2025,39.5851063,-76.387739
Kate Dente,A,"Berwyn, Pa.",womens-lacrosse,2025,40.0477701,-75.4421325
Kate Garlinghouse,D,"Atherton, Calif.",womens-lacrosse,2025,37.453773,-122.2058272
Kendall Dean,A,"Columbia, Md.",womens-lacrosse,2025,39.1938429,-76.8646092
Lane Calkins,M,"Naples, Fla.",womens-lacrosse,2025,26.1421976,-81.7942944
Maddie Mitchell,A,"Kensington, Md.",womens-lacrosse,2025,39.0258405,-77.0750246
Maggie Bacigalupo,M,"Bronxville, N.Y.",womens-lacrosse,2025,40.9381544,-73.8320784
Maggie Molnar,M,"Walkersville, Md.",womens-lacrosse,2025,39.4817659,-77.3507698
Mary Catherine O'Connor,M,"Rumson, N.J.",womens-lacrosse,2025,40.372054,-73.9990269
Meg Morrisroe,A,"Huntington, N.Y.",womens-lacrosse,2025,40.868154,-73.425676
Merrill Watson,A,"Parkton, Md.",womens-lacrosse,2025,39.6409378,-76.6591376
Siena Puglisi,D,"Alexandria, Va.",womens-lacrosse,2025,38.8051095,-77.0470229
Sydney Sookdeo,D,"Waterdown, Ontario",womens-lacrosse,2025,43.3314156,-79.8956803
Zoe Bye,D,"Greenwich, Conn.",womens-lacrosse,2025,41.0264862,-73.6284598
Addison Barrett,D,"Chatham, N.J.",womens-lacrosse,2026,40.7409242,-74.3836711
Ainsley O'Connor,M,"Potomac, Md.",womens-lacrosse,2026,39.0180508,-77.1956331
Ava Keenan,M,"Urbana, Md.",womens-lacrosse,2026,39.3206075,-77.3416402
Becca Kirschner,M,"Flemington, N.J.",womens-lacrosse,2026,40.5130953,-74.8591333
Caitlyn Musolino,A,"Falls Church, Va.",womens-lacrosse,2026,38.882334,-77.1710914
Cameron Pupke,A,"Bay Shore, N.Y.",womens-lacrosse,2026,40.7276525,-73.2435218
Camryn Adrid,M,"Victor, N.Y.",womens-lacrosse,2026,42.9825634,-77.4088794
Cassandra Kitchen,M,"Owings Mills, Md.",womens-lacrosse,2026,39.4041967,-76.7956745
Colette Quinn,M,"Darien, Conn.",womens-lacrosse,2026,41.0787079,-73.4692873
Devan Lange,M,"West Islip, N.Y.",womens-lacrosse,2026,40.7064515,-73.2987663
Dylan Casazza,A,"Darien, Conn.",womens-lacrosse,2026,41.0787079,-73.4692873
Elim Yang,A,"Manhasset, N.Y.",womens-lacrosse,2026,40.786702,-73.6967338
Elizabeth Gonnella,GK,"Darien, Conn.",womens-lacrosse,2026,41.0787079,-73.4692873
Ella Sloan,M,"Blairstown, N.J.",womens-lacrosse,2026,40.9831598,-74.9602972
Ellie Nicklas,GK,"Chambersburg, Pa.",womens-lacrosse,2026,39.9375112,-77.6612586
Genevieve Nelson,D,"Concord, Mass.",womens-lacrosse,2026,42.4605189,-71.3488963
Grace Farrell,A,"Haddonfield, N.J.",womens-lacrosse,2026,39.8915022,-75.0376707
Grace Mulham,A,"Setauklet, N.Y.",womens-lacrosse,2026,40.9467545,-73.115916
Isabel Insley,A,"Baltimore, Md.",womens-lacrosse,2026,39.2908816,-76.610759
Jackie Feldman,GK,"Parkland, Fla.",womens-lacrosse,2026,26.3100794,-80.23727
Kate Dente,A,"Berwyn, Pa.",womens-lacrosse,2026,40.0477701,-75.4421325
Kate Garlinghouse,D,"Atherton, Calif.",womens-lacrosse,2026,37.453773,-122.2058272
Maddie Mitchell,A,"Kensington, Md.",womens-lacrosse,2026,39.0258405,-77.0750246
Maggie Bacigalupo,M,"Bronxville, N.Y.",womens-lacrosse,2026,40.9381544,-73.8320784
Mary Catherine O'Connor,M,"Rumson, N.J.",womens-lacrosse,2026,40.372054,-73.9990269
Meg Morrisroe,A,"Huntington, N.Y.",womens-lacrosse,2026,40.868154,-73.425676
Merrill Watson,A,"Parkton, Md.",womens-lacrosse,2026,39.6409378,-76.6591376
Siena Puglisi,D,"Alexandria, Va.",womens-lacrosse,2026,38.8051095,-77.0470229
Stephanie Zola,M,"San Francisco, Calif",womens-lacrosse,2026,37.7879363,-122.4075201
Sydney Sookdeo,D,"Waterdown, Ontario",womens-lacrosse,2026,43.3314156,-79.8956803
Zoe Bye,D,"Greenwich, Conn.",womens-lacrosse,2026,41.0264862,-73.6284598
Alexandra Levinger,,"Chevy Chase, Md.",womens-rowing,2016,38.9813699,-77.0849245
Amanda Cooleen,,"Princeton, N.J.",womens-rowing,2016,40.3496953,-74.6597376
Amanda Rutherford,,"Piedmont, Calif.",womens-rowing,2016,37.8243715,-122.231635
Amelia Stucke,,"Knoxville, Tenn.",womens-rowing,2016,35.9603948,-83.9210261
Anna Kalfaian,,"Milford, N.J.",womens-rowing,2016,40.5687128,-75.0946169
Annique Nyman,,"Seattle, Wash.",womens-rowing,2016,47.6038321,-122.330062
Ariane Fong,,"Atlanta, Ga.",womens-rowing,2016,33.7544657,-84.3898151
Bridget Jacques,,"Strangford, Belfast",womens-rowing,2016,54.5623555,-5.9607428
Catherine Babiec,,"Alexandria, Va.",womens-rowing,2016,38.8051095,-77.0470229
Charlotte McMeekin,,"Oklahoma City, Okla.",womens-rowing,2016,35.4729886,-97.5170536
Charlotte Moss,,"Shoreview, Minn.",womens-rowing,2016,45.0722056,-93.1282878
Ciara Nutter,,"Johannesburg, South Africa",womens-rowing,2016,-26.205,28.049722
Claire Collins,,"McLean, Va.",womens-rowing,2016,38.9366852,-77.185843
Dagmara Lapins,,"Manhasset, N.Y.",womens-rowing,2016,40.786702,-73.6967338
Diana Kenealy,,"Sudbury, Mass.",womens-rowing,2016,42.3834278,-71.4161725
Elizabeth Love,,"St. Louis, Mo.",womens-rowing,2016,38.6254063,-90.190009
Ellie Sawyer,,"Larchmont, N.Y.",womens-rowing,2016,40.9278769,-73.7517983
Emerson Solms,,"Washington, D.C.",womens-rowing,2016,38.8950982,-77.0363849
Emily Erdos,,"Harvard, Mass.",womens-rowing,2016,42.3657432,-71.1222139
Emily Kallfelz,,"Jamestown, R.I.",womens-rowing,2016,41.4970465,-71.3672755
Erica Swartwout,,"Amityville, N.Y.",womens-rowing,2016,40.6789893,-73.4170673
Erin Gray,,"Larkspur, Calif.",womens-rowing,2016,37.9340915,-122.5352539
Georgie Howe,,"Melbourne, Australia",womens-rowing,2016,-37.8142454,144.9631732
Greta Miller,,"Santa Fe, N.M.",womens-rowing,2016,35.6876096,-105.938456
Hadley Irwin,,"Washington, D.C.",womens-rowing,2016,38.8950982,-77.0363849
Hannah Paynter,,"Lyme, Conn.",womens-rowing,2016,41.394496,-72.3510347
Isabella Nappa,,"Providence, R.I.",womens-rowing,2016,41.8239891,-71.4128343
Jessica Dyroff,,"Duxbury, Mass.",womens-rowing,2016,42.0417695,-70.672259
Kanoe Shizuru,,"Kailua, Haw.",womens-rowing,2016,19.641941,-155.996933
Kate Elfers,,"Wellesley, Mass.",womens-rowing,2016,42.2964859,-71.2925571
Katherine O'Malley,,"Lafayette Hill, Pa.",womens-rowing,2016,40.0939993,-75.2529568
Kristen Albrecht,,"Crawfordsville, Ind.",womens-rowing,2016,40.0408627,-86.8997385
Lauren Barnard,,"Wellesley Hills, Mass.",womens-rowing,2016,42.3105491,-71.277031
Madeline Pollack,,"New Albany, Ohio",womens-rowing,2016,40.0811745,-82.8087864
Megan Ostrowski,,"Brooklyn, N.Y.",womens-rowing,2016,40.6526006,-73.9497211
Melissa Curtis,,"Rye, N.Y.",womens-rowing,2016,40.9821371,-73.6840902
Molly Milligan,,"Sacramento, Calif.",womens-rowing,2016,38.5810606,-121.493895
Nicole Neville,,"Centerville, Mass.",womens-rowing,2016,41.6499298,-70.3485753
Polly Hochman,,"Chicago, Ill.",womens-rowing,2016,41.8755616,-87.6244212
Prabha Upreti,,"Morang, Nepal",womens-rowing,2016,26.6105187,87.4728511
Rachel Reed,,"Lakeville, Conn.",womens-rowing,2016,41.9575327,-73.4502336
Rebecca Blevins,,"Maplewood, N.J.",womens-rowing,2016,40.7312123,-74.2734808
Riley MacAulay,,"Mercer Island, Wash.",womens-rowing,2016,47.5766324,-122.2276378
Sadie McGirr,,"Hingham, Mass.",womens-rowing,2016,42.2417669,-70.8897676
Shelby Shearon,,"Virginia Beach, Va.",womens-rowing,2016,36.8496579,-75.9760751
Shuying Sarah Cheng,,"Edison, N.J.",womens-rowing,2016,40.5005351,-74.3983939
Sophia Bhalla,,"Belmont, N.C.",womens-rowing,2016,35.2438272,-81.0377322
Alexandra Levinger,,"Chevy Chase, Md.",womens-rowing,2017,38.9813699,-77.0849245
Amanda Cooleen,,"Princeton, N.J.",womens-rowing,2017,40.3496953,-74.6597376
Amelia Stucke,,"Knoxville, Tenn.",womens-rowing,2017,35.9603948,-83.9210261
Annique Nyman,,"Seattle, Wash.",womens-rowing,2017,47.6038321,-122.330062
Ariane Fong,,"Atlanta, Ga.",womens-rowing,2017,33.7544657,-84.3898151
Charlotte Moss,,"Shoreview, Minn.",womens-rowing,2017,45.0722056,-93.1282878
Ciara Nutter,,"Johannesburg, South Africa",womens-rowing,2017,-26.205,28.049722
Claire Collins,,"McLean, Va.",womens-rowing,2017,38.9366852,-77.185843
Diana Zhang,,"Irvine, Calif.",womens-rowing,2017,33.6856969,-117.825981
Elizabeth Love,,"St. Louis, Mo.",womens-rowing,2017,38.6254063,-90.190009
Ellie Sawyer,,"Larchmont, N.Y.",womens-rowing,2017,40.9278769,-73.7517983
Emerson Solms,,"Washington, D.C.",womens-rowing,2017,38.8950982,-77.0363849
Emily Erdos,,"Harvard, Mass.",womens-rowing,2017,42.3657432,-71.1222139
Emily Kallfelz,,"Jamestown, R.I.",womens-rowing,2017,41.4970465,-71.3672755
Erica Swartwout,,"Amityville, N.Y.",womens-rowing,2017,40.6789893,-73.4170673
Erin Gray,,"Larkspur, Calif.",womens-rowing,2017,37.9340915,-122.5352539
Gabrielle D'Arcangelo,,"Royersford, Pa.",womens-rowing,2017,40.184174,-75.5377894
Grace Atlee,,"Los Angeles, Calif.",womens-rowing,2017,34.0536909,-118.242766
Hadley Irwin,,"Washington, D.C.",womens-rowing,2017,38.8950982,-77.0363849
Hannah Paynter,,"Lyme, Conn.",womens-rowing,2017,41.394496,-72.3510347
Hannah Scott,,"Coleraine, Northern Ireland",womens-rowing,2017,55.1315912,-6.671861
Isabella Nappa,,"Providence, R.I.",womens-rowing,2017,41.8239891,-71.4128343
Jessica Dyroff,,"Duxbury, Mass.",womens-rowing,2017,42.0417695,-70.672259
Joyce Loda,,"Fords, N.J.",womens-rowing,2017,40.5411231,-74.3165244
Kate Elfers,,"Wellesley, Mass.",womens-rowing,2017,42.2964859,-71.2925571
Kristen Albrecht,,"Crawfordsville, Ind.",womens-rowing,2017,40.0408627,-86.8997385
Lane Mahoney,,"Hillsborough, Calif",womens-rowing,2017,37.557252,-122.362529
Lauren Barnard,,"Wellesley Hills, Mass.",womens-rowing,2017,42.3105491,-71.277031
Lauren Johnson,,"Winnetka, Ill.",womens-rowing,2017,42.1080703,-87.7365286
Lucy Kloeppel,,"Nashville, Tenn.",womens-rowing,2017,36.1622767,-86.7742984
Megan Ostrowski,,"Brooklyn, N.Y.",womens-rowing,2017,40.6526006,-73.9497211
Melissa Curtis,,"Rye, N.Y.",womens-rowing,2017,40.9821371,-73.6840902
Molly Milligan,,"Sacramento, Calif.",womens-rowing,2017,38.5810606,-121.493895
Nicole Neville,,"Centerville, Mass.",womens-rowing,2017,41.6499298,-70.3485753
Paige Cleary,,"Darien, Conn.",womens-rowing,2017,41.0787079,-73.4692873
Phoebe Park,,"Willow Grove, Pa.",womens-rowing,2017,40.1507046,-75.1162306
Phoebe Solms,,"Washington, D.C.",womens-rowing,2017,38.8950982,-77.0363849
Prabha Upreti,,"Morang, Nepal",womens-rowing,2017,26.6105187,87.4728511
Rachel Marcheskie,,"Longwood, Fla.",womens-rowing,2017,28.7012172,-81.3461738
Rachel Reed,,"Lakeville, Conn.",womens-rowing,2017,41.9575327,-73.4502336
Rebecca Blevins,,"Maplewood, N.J.",womens-rowing,2017,40.7312123,-74.2734808
Rebekah Park,,"North Brunswick, N.J.",womens-rowing,2017,40.4539249,-74.476545
Riley MacAulay,,"Mercer Island, Wash.",womens-rowing,2017,47.5766324,-122.2276378
Sadie McGirr,,"Hingham, Mass.",womens-rowing,2017,42.2417669,-70.8897676
Sasha Culley,,"Paddington, Aust.",womens-rowing,2017,-33.8841572,151.2272766
Shelby Shearon,,"Virginia Beach, Va.",womens-rowing,2017,36.8496579,-75.9760751
Shuying Sarah Cheng,,"Edison, N.J.",womens-rowing,2017,40.5005351,-74.3983939
Willemijn Ten Cate,,"Westport, Conn.",womens-rowing,2017,41.1414855,-73.3578955
Alix Barry,,"Palo Alto, Calif.",womens-rowing,2018,37.4443293,-122.1598465
Amanda Cooleen,,"Princeton, N.J.",womens-rowing,2018,40.3496953,-74.6597376
Amelia Stucke,,"Knoxville, Tenn.",womens-rowing,2018,35.9603948,-83.9210261
Annika Maxson,,"Huntington Beach, Calif.",womens-rowing,2018,33.6783336,-118.000016
Annique Nyman,,"Seattle, Wash.",womens-rowing,2018,47.6038321,-122.330062
Ariane Fong,,"Atlanta, Ga.",womens-rowing,2018,33.7544657,-84.3898151
Beata Corcoran,,"Washington, D.C.",womens-rowing,2018,38.8950982,-77.0363849
Brooke Baxter,,"Devon, Pa.",womens-rowing,2018,40.0473603,-75.4229511
Camille VanderMeer,,"Elmira, N.Y.",womens-rowing,2018,42.0897965,-76.8077338
Cecilia Panfil,,"Arlington, Va.",womens-rowing,2018,38.8769326,-77.0893094
Claire Collins,,"McLean, Va.",womens-rowing,2018,38.9366852,-77.185843
Diana Zhang,,"Irvine, Calif.",womens-rowing,2018,33.6856969,-117.825981
Elizabeth Love,,"St. Louis, Mo.",womens-rowing,2018,38.6254063,-90.190009
Ellie Sawyer,,"Larchmont, N.Y.",womens-rowing,2018,40.9278769,-73.7517983
Emerson Solms,,"Washington, D.C.",womens-rowing,2018,38.8950982,-77.0363849
Emily Erdos,,"Harvard, Mass.",womens-rowing,2018,42.3657432,-71.1222139
Emily Kallfelz,,"Jamestown, R.I.",womens-rowing,2018,41.4970465,-71.3672755
Flo Donald,,"London, Eng.",womens-rowing,2018,51.5074456,-0.1277653
Grace Atlee,,"Los Angeles, Calif.",womens-rowing,2018,34.0536909,-118.242766
Hadley Irwin,,"Washington, D.C.",womens-rowing,2018,38.8950982,-77.0363849
Hannah Paynter,,"Lyme, Conn.",womens-rowing,2018,41.394496,-72.3510347
Hannah Schaenman,,"Rye Brook, N.Y.",womens-rowing,2018,41.0192641,-73.6834621
Hannah Scott,,"Coleraine, Northern Ireland",womens-rowing,2018,55.1315912,-6.671861
Isabelle Grosgogeat,,"Westport, Conn.",womens-rowing,2018,41.1414855,-73.3578955
Jazmine Smith,,"White Plains, N.Y.",womens-rowing,2018,41.0339862,-73.7629097
Jessica Dyroff,,"Duxbury, Mass.",womens-rowing,2018,42.0417695,-70.672259
Joyce Loda,,"Fords, N.J.",womens-rowing,2018,40.5411231,-74.3165244
Katherine Ross,,"Toronto, Ont.",womens-rowing,2018,43.6534817,-79.3839347
Katryna Niva,,"Ringoes, N.J.",womens-rowing,2018,40.4324345,-74.8764938
Kelly Morrissy,,"Briarcliff Manor, N.Y.",womens-rowing,2018,41.1456512,-73.8237456
Lane Mahoney,,"Hillsborough, Calif",womens-rowing,2018,37.557252,-122.362529
Lara Valt,,"London, Eng.",womens-rowing,2018,51.5074456,-0.1277653
Lauren Barnard,,"Wellesley Hills, Mass.",womens-rowing,2018,42.3105491,-71.277031
Lauren Johnson,,"Winnetka, Ill.",womens-rowing,2018,42.1080703,-87.7365286
Lola Wheeler,,"Gravesend, Eng.",womens-rowing,2018,51.4424747,0.3694468
Lucy Kloeppel,,"Nashville, Tenn.",womens-rowing,2018,36.1622767,-86.7742984
Madelynn Prendergast,,"Piedmont, Calif.",womens-rowing,2018,37.8243715,-122.231635
Mairead Kilgallon,,"Bedford Hills, N.Y.",womens-rowing,2018,41.2351255,-73.6863002
Megan Ostrowski,,"Brooklyn, N.Y.",womens-rowing,2018,40.6526006,-73.9497211
Molly Aguina,,"Chicago, Ill.",womens-rowing,2018,41.8755616,-87.6244212
Molly Milligan,,"Sacramento, Calif.",womens-rowing,2018,38.5810606,-121.493895
Ornella Ebongue,,"Milton, Mass.",womens-rowing,2018,42.2501425,-71.065573
Paige Cleary,,"Darien, Conn.",womens-rowing,2018,41.0787079,-73.4692873
Phoebe Solms,,"Washington, D.C.",womens-rowing,2018,38.8950982,-77.0363849
Prabha Upreti,,"Morang, Nepal",womens-rowing,2018,26.6105187,87.4728511
Rachel Marcheskie,,"Longwood, Fla.",womens-rowing,2018,28.7012172,-81.3461738
Rebecca Blevins,,"Maplewood, N.J.",womens-rowing,2018,40.7312123,-74.2734808
Roopa Venkatraman,,"Cranbury, N.J.",womens-rowing,2018,40.3133907,-74.5201927
Sadie McGirr,,"Hingham, Mass.",womens-rowing,2018,42.2417669,-70.8897676
Sarah Drapkin,,"Merion Station, Pa.",womens-rowing,2018,39.9981758,-75.2513256
Sasha Culley,,"Paddington, Aust.",womens-rowing,2018,-33.8841572,151.2272766
Shelby Shearon,,"Virginia Beach, Va.",womens-rowing,2018,36.8496579,-75.9760751
Shuying Sarah Cheng,,"Edison, N.J.",womens-rowing,2018,40.5005351,-74.3983939
Willemijn Ten Cate,,"Westport, Conn.",womens-rowing,2018,41.1414855,-73.3578955
Alix Barry,,"Palo Alto, Calif.",womens-rowing,2019,37.4443293,-122.1598465
Amanda Cooleen,,"Princeton, N.J.",womens-rowing,2019,40.3496953,-74.6597376
Amelia Stucke,,"Knoxville, Tenn.",womens-rowing,2019,35.9603948,-83.9210261
Annika Maxson,,"Huntington Beach, Calif.",womens-rowing,2019,33.6783336,-118.000016
Annique Nyman,,"Seattle, Wash.",womens-rowing,2019,47.6038321,-122.330062
Ariane Fong,,"Atlanta, Ga.",womens-rowing,2019,33.7544657,-84.3898151
Beata Corcoran,,"Washington, D.C.",womens-rowing,2019,38.8950982,-77.0363849
Brooke Baxter,,"Devon, Pa.",womens-rowing,2019,40.0473603,-75.4229511
Camille VanderMeer,,"Elmira, N.Y.",womens-rowing,2019,42.0897965,-76.8077338
Catherine Garrett,,"Darien, Conn.",womens-rowing,2019,41.0787079,-73.4692873
Cecilia Panfil,,"Arlington, Va.",womens-rowing,2019,38.8769326,-77.0893094
Claira Fucetola,,"Hammonton, N.J.",womens-rowing,2019,39.6366543,-74.8027651
Claire Fisher,,"Colorado Springs, Colo.",womens-rowing,2019,38.8339578,-104.825348
Diana Zhang,,"Irvine, Calif.",womens-rowing,2019,33.6856969,-117.825981
Elizabeth Love,,"St. Louis, Mo.",womens-rowing,2019,38.6254063,-90.190009
Emerson Solms,,"Washington, D.C.",womens-rowing,2019,38.8950982,-77.0363849
Emmanuelle Adamson,,"Collingwood, Ont.",womens-rowing,2019,44.5027226,-80.2172379
Flo Donald,,"London, Eng.",womens-rowing,2019,51.5074456,-0.1277653
Greta Jaanson,,"Pärnu, Estonia",womens-rowing,2019,58.3870659,24.5026059
Hadley Irwin,,"Washington, D.C.",womens-rowing,2019,38.8950982,-77.0363849
Hannah Diaz,,"Seattle, Wash.",womens-rowing,2019,47.6038321,-122.330062
Hannah Schaenman,,"Rye Brook, N.Y.",womens-rowing,2019,41.0192641,-73.6834621
Hannah Scott,,"Coleraine, Northern Ireland",womens-rowing,2019,55.1315912,-6.671861
Isabelle Grosgogeat,,"Westport, Conn.",womens-rowing,2019,41.1414855,-73.3578955
Jazmine Smith,,"White Plains, N.Y.",womens-rowing,2019,41.0339862,-73.7629097
Jenna Macrae,,"Louisville, Ky.",womens-rowing,2019,38.2542376,-85.759407
Jessica Dyroff,,"Duxbury, Mass.",womens-rowing,2019,42.0417695,-70.672259
Katherine Ross,,"Toronto, Ont.",womens-rowing,2019,43.6534817,-79.3839347
Katie Carroll,,"Winnetka, Ill.",womens-rowing,2019,42.1080703,-87.7365286
Katryna Niva,,"Ringoes, N.J.",womens-rowing,2019,40.4324345,-74.8764938
Kelly Morrissy,,"Briarcliff Manor, N.Y.",womens-rowing,2019,41.1456512,-73.8237456
Lara Valt,,"London, Eng.",womens-rowing,2019,51.5074456,-0.1277653
Laura Zecca,,"West Chester, Pa.",womens-rowing,2019,39.9597389,-75.6044609
Lauren Fromkin,,"Weston, Fla.",womens-rowing,2019,26.1003392,-80.399513
Lauren Johnson,,"Winnetka, Ill.",womens-rowing,2019,42.1080703,-87.7365286
Lauren Rawson,,"Crestwood, Ky.",womens-rowing,2019,38.3235441,-85.4726215
Lola Wheeler,,"Gravesend, Eng.",womens-rowing,2019,51.4424747,0.3694468
Lucy Kloeppel,,"Nashville, Tenn.",womens-rowing,2019,36.1622767,-86.7742984
Lucy Koven,,"Riverside, Conn.",womens-rowing,2019,41.0314897,-73.5833604
Lydia Rosen,,"Manhattan Beach, Calif.",womens-rowing,2019,33.8872777,-118.4104324
Madeleine Quackenbush,,"Evanston, Ill.",womens-rowing,2019,42.0470043,-87.6846053
Mairead Kilgallon,,"Bedford Hills, N.Y.",womens-rowing,2019,41.2351255,-73.6863002
Margaret Murphy,,"New York, N.Y.",womens-rowing,2019,40.7127281,-74.0060152
Megan Ostrowski,,"Brooklyn, N.Y.",womens-rowing,2019,40.6526006,-73.9497211
Molly Aguina,,"Chicago, Ill.",womens-rowing,2019,41.8755616,-87.6244212
Molly Milligan,,"Sacramento, Calif.",womens-rowing,2019,38.5810606,-121.493895
Natasha Neitzell,,"Riverside, Conn.",womens-rowing,2019,41.0314897,-73.5833604
Ornella Ebongue,,"Milton, Mass.",womens-rowing,2019,42.2501425,-71.065573
Paige Cleary,,"Darien, Conn.",womens-rowing,2019,41.0787079,-73.4692873
Phoebe Solms,,"Washington, D.C.",womens-rowing,2019,38.8950982,-77.0363849
Rachel Marcheskie,,"Longwood, Fla.",womens-rowing,2019,28.7012172,-81.3461738
Roopa Venkatraman,,"Cranbury, N.J.",womens-rowing,2019,40.3133907,-74.5201927
Sarah Drapkin,,"Merion Station, Pa.",womens-rowing,2019,39.9981758,-75.2513256
Sophia Donovan,,"Upperville, Va.",womens-rowing,2019,38.992285,-77.8776058
Stephanie Nelson,,"Denver, N.C.",womens-rowing,2019,35.5312452,-81.0297994
Willemijn Ten Cate,,"Westport, Conn.",womens-rowing,2019,41.1414855,-73.3578955
Alix Barry,,"Palo Alto, Calif.",womens-rowing,2020,37.4443293,-122.1598465
Annika Maxson,,"Huntington Beach, Calif.",womens-rowing,2020,33.6783336,-118.000016
Cecilia Panfil,,"Arlington, Va.",womens-rowing,2020,38.8769326,-77.0893094
Cordelia Mahony,,"Watlington, Oxfordshire, England",womens-rowing,2020,51.6451586,-1.0043458
Emma Cavendish,,"Lakeland, Fla.",womens-rowing,2020,28.0394654,-81.9498042
Giselle Grassi,,"Oyster Bay, N.Y.",womens-rowing,2020,40.7696568,-73.4998608
Hailey Mead,,"Orinda, Calif.",womens-rowing,2020,37.8771476,-122.1796888
Hannah Diaz,,"Seattle, Wash.",womens-rowing,2020,47.6038321,-122.330062
Hannah Schaenman,,"Rye Brook, N.Y.",womens-rowing,2020,41.0192641,-73.6834621
Isabelle Grosgogeat,,"Westport, Conn.",womens-rowing,2020,41.1414855,-73.3578955
Katherine Ross,,"Toronto, Ont.",womens-rowing,2020,43.6534817,-79.3839347
Katryna Niva,,"Ringoes, N.J.",womens-rowing,2020,40.4324345,-74.8764938
Klara Thiele,,"Mülheim an der Ruhr, Germany",womens-rowing,2020,51.4272925,6.8829192
Lara Valt,,"London, Eng.",womens-rowing,2020,51.5074456,-0.1277653
Laura Wunderlich,,"Wahroonga, New South Wales, Australia",womens-rowing,2020,-33.7183413,151.1174435
Lucy Kloeppel,,"Nashville, Tenn.",womens-rowing,2020,36.1622767,-86.7742984
Lydia Rosen,,"Manhattan Beach, Calif.",womens-rowing,2020,33.8872777,-118.4104324
Mairead Kilgallon,,"Bedford Hills, N.Y.",womens-rowing,2020,41.2351255,-73.6863002
Margaret Murphy,,"New York, N.Y.",womens-rowing,2020,40.7127281,-74.0060152
Mariachiara Giudici,,"Rhineland-Palatinate, Germany",womens-rowing,2020,49.9531599,7.310646
Natasha Neitzell,,"Riverside, Conn.",womens-rowing,2020,41.0314897,-73.5833604
Phoebe Solms,,"Washington, D.C.",womens-rowing,2020,38.8950982,-77.0363849
Rachel Marcheskie,,"Longwood, Fla.",womens-rowing,2020,28.7012172,-81.3461738
Roopa Venkatraman,,"Cranbury, N.J.",womens-rowing,2020,40.3133907,-74.5201927
Trisha Boonpongmanee,,"Richland, Wash.",womens-rowing,2020,46.2804298,-119.275205
Willemijn Ten Cate,,"Westport, Conn.",womens-rowing,2020,41.1414855,-73.3578955
Alice Patton,,"West Linton, Scotland",womens-rowing,2021,55.7521811,-3.3560656
Alix Barry,,"Palo Alto, Calif.",womens-rowing,2021,37.4443293,-122.1598465
Anella Lefebvre,,"Westport, Conn.",womens-rowing,2021,41.1414855,-73.3578955
Anna Cornelissen,,"Providence, R.I.",womens-rowing,2021,41.8239891,-71.4128343
Anne du Croo de Jongh,,"Eindhoven, Netherlands",womens-rowing,2021,51.4485569,5.4501225
Annika Maxson,,"Huntington Beach, Calif.",womens-rowing,2021,33.6783336,-118.000016
Aoife Moloney,,"Leixlip, Ireland",womens-rowing,2021,53.3644766,-6.4897438
Ashley Abramson,,"Orinda, Calif.",womens-rowing,2021,37.8771476,-122.1796888
Camille VanderMeer,,"Elmira, N.Y.",womens-rowing,2021,42.0897965,-76.8077338
Caroline Schuckel,,"Weston, Mass.",womens-rowing,2021,42.3667625,-71.3031132
Cate Haskell,,"Allendale, NJ",womens-rowing,2021,41.0413199,-74.1291407
Catherine Garrett,,"Darien, Conn.",womens-rowing,2021,41.0787079,-73.4692873
Claira Fucetola,,"Hammonton, N.J.",womens-rowing,2021,39.6366543,-74.8027651
Claire Fisher,,"Colorado Springs, Colo.",womens-rowing,2021,38.8339578,-104.825348
Cordelia Mahony,,"Watlington, Oxfordshire, England",womens-rowing,2021,51.6451586,-1.0043458
Ella Barry,,"Oyster Bay, N.Y.",womens-rowing,2021,40.7696568,-73.4998608
Emma Cavendish,,"Lakeland, Fla.",womens-rowing,2021,28.0394654,-81.9498042
Emma Van Wachem,,"Barleben, Germany",womens-rowing,2021,52.2007378,11.6203578
Flo Donald,,"London, Eng.",womens-rowing,2021,51.5074456,-0.1277653
Giselle Grassi,,"Oyster Bay, N.Y.",womens-rowing,2021,40.7696568,-73.4998608
Greta Jaanson,,"Pärnu, Estonia",womens-rowing,2021,58.3870659,24.5026059
Hailey Mead,,"Orinda, Calif.",womens-rowing,2021,37.8771476,-122.1796888
Hailey Sulzbach,,"Sewell, N.J.",womens-rowing,2021,39.770683,-75.1438863
Hannah Diaz,,"Seattle, Wash.",womens-rowing,2021,47.6038321,-122.330062
Hannah Schaenman,,"Rye Brook, N.Y.",womens-rowing,2021,41.0192641,-73.6834621
Isabelle Grosgogeat,,"Westport, Conn.",womens-rowing,2021,41.1414855,-73.3578955
Katharine Kalap,,"Cheltenham, Great Britain",womens-rowing,2021,51.8995685,-2.0711559
Katherine George,,"Chearsley, United Kingdom",womens-rowing,2021,51.7894856,-0.9597017
Katherine Ross,,"Toronto, Ont.",womens-rowing,2021,43.6534817,-79.3839347
Katie Accetta,,"Princeton, N.J.",womens-rowing,2021,40.3496953,-74.6597376
Katie Carroll,,"Winnetka, Ill.",womens-rowing,2021,42.1080703,-87.7365286
Klara Thiele,,"Mülheim an der Ruhr, Germany",womens-rowing,2021,51.4272925,6.8829192
Lara Valt,,"London, Eng.",womens-rowing,2021,51.5074456,-0.1277653
Laura Wunderlich,,"Wahroonga, New South Wales, Australia",womens-rowing,2021,-33.7183413,151.1174435
Lauren Johnson,,"Winnetka, Ill.",womens-rowing,2021,42.1080703,-87.7365286
Lauren Rawson,,"Crestwood, Ky.",womens-rowing,2021,38.3235441,-85.4726215
Lola Wheeler,,"Gravesend, Eng.",womens-rowing,2021,51.4424747,0.3694468
Lucy Koven,,"Riverside, Conn.",womens-rowing,2021,41.0314897,-73.5833604
Lydia Rosen,,"Manhattan Beach, Calif.",womens-rowing,2021,33.8872777,-118.4104324
Mairead Kilgallon,,"Bedford Hills, N.Y.",womens-rowing,2021,41.2351255,-73.6863002
Margot LeRoux,,"Haverford, Pa.",womens-rowing,2021,40.0129191,-75.2966948
Mariachiara Giudici,,"Rhineland-Palatinate, Germany",womens-rowing,2021,49.9531599,7.310646
Natasha Neitzell,,"Riverside, Conn.",womens-rowing,2021,41.0314897,-73.5833604
Nicole Dunn,,"Okehampton, Great Britain",womens-rowing,2021,50.7376667,-4.000316
Ornella Ebongue,,"Milton, Mass.",womens-rowing,2021,42.2501425,-71.065573
Paige Cleary,,"Darien, Conn.",womens-rowing,2021,41.0787079,-73.4692873
Roopa Venkatraman,,"Cranbury, N.J.",womens-rowing,2021,40.3133907,-74.5201927
Sara Covin,,"Piedmont, Calif.",womens-rowing,2021,37.8243715,-122.231635
Sophie Pye,,"Temuka, New Zealand",womens-rowing,2021,-44.2439593,171.2797349
Trisha Boonpongmanee,,"Richland, Wash.",womens-rowing,2021,46.2804298,-119.275205
Zoe Scheske,,"Twickenham, United Kingdom",womens-rowing,2021,51.4467444,-0.3281887
Alice Patton,,"West Linton, Scotland",womens-rowing,2022,55.7521811,-3.3560656
Anella Lefebvre,,"Westport, Conn.",womens-rowing,2022,41.1414855,-73.3578955
Anna Cornelissen,,"Providence, R.I.",womens-rowing,2022,41.8239891,-71.4128343
Anna Menke,,"Groningen, Netherlands",womens-rowing,2022,53.2190652,6.5680077
Annalisa Janss Lafond,,"West Molesey, England",womens-rowing,2022,51.4047705,-0.3641342
Anne du Croo de Jongh,,"Eindhoven, Netherlands",womens-rowing,2022,51.4485569,5.4501225
Aoife Moloney,,"Leixlip, Ireland",womens-rowing,2022,53.3644766,-6.4897438
Ashley Abramson,,"Orinda, Calif.",womens-rowing,2022,37.8771476,-122.1796888
Ayla Delaet-Jagerson,,"Portola Valley, Calif.",womens-rowing,2022,37.3736298,-122.219047
Camille VanderMeer,,"Elmira, N.Y.",womens-rowing,2022,42.0897965,-76.8077338
Caroline Schuckel,,"Weston, Mass.",womens-rowing,2022,42.3667625,-71.3031132
Cate Haskell,,"Allendale, NJ",womens-rowing,2022,41.0413199,-74.1291407
Catherine Garrett,,"Darien, Conn.",womens-rowing,2022,41.0787079,-73.4692873
Christina Li,,"El Paso, Texas",womens-rowing,2022,31.7601001,-106.4870476
Claira Fucetola,,"Hammonton, N.J.",womens-rowing,2022,39.6366543,-74.8027651
Claire Fisher,,"Colorado Springs, Colo.",womens-rowing,2022,38.8339578,-104.825348
Cordelia Mahony,,"Watlington, Oxfordshire, England",womens-rowing,2022,51.6451586,-1.0043458
Ella Barry,,"Oyster Bay, N.Y.",womens-rowing,2022,40.7696568,-73.4998608
Emma Cavendish,,"Lakeland, Fla.",womens-rowing,2022,28.0394654,-81.9498042
Emma Demefack,,"Montclair, N.J.",womens-rowing,2022,40.8164458,-74.2210643
Emma Haberfield,,"Melbourne, Australia",womens-rowing,2022,-37.8142454,144.9631732
Emma Van Wachem,,"Barleben, Germany",womens-rowing,2022,52.2007378,11.6203578
Giselle Grassi,,"Oyster Bay, N.Y.",womens-rowing,2022,40.7696568,-73.4998608
Hailey Mead,,"Orinda, Calif.",womens-rowing,2022,37.8771476,-122.1796888
Hailey Sulzbach,,"Sewell, N.J.",womens-rowing,2022,39.770683,-75.1438863
Hannah Diaz,,"Seattle, Wash.",womens-rowing,2022,47.6038321,-122.330062
Karina Li,,"Clifton Park, N.Y.",womens-rowing,2022,42.8630374,-73.7747623
Karina Macosko,,"Winston Salem, N.C.",womens-rowing,2022,36.0998131,-80.2440518
Katharine Kalap,,"Cheltenham, Great Britain",womens-rowing,2022,51.8995685,-2.0711559
Katherine George,,"Chearsley, United Kingdom",womens-rowing,2022,51.7894856,-0.9597017
Katie Carroll,,"Winnetka, Ill.",womens-rowing,2022,42.1080703,-87.7365286
Katie DiPaola,,"Cincinnati, Ohio",womens-rowing,2022,39.1012809,-84.5127405
Klara Thiele,,"Mülheim an der Ruhr, Germany",womens-rowing,2022,51.4272925,6.8829192
Laoise O’Donohue,,"Reading, England",womens-rowing,2022,51.4564242,-0.9700664
Laura Wunderlich,,"Wahroonga, New South Wales, Australia",womens-rowing,2022,-33.7183413,151.1174435
Lauren Rawson,,"Crestwood, Ky.",womens-rowing,2022,38.3235441,-85.4726215
Leela DuBois,,"Wellesley Hills, Mass.",womens-rowing,2022,42.3105491,-71.277031
Lola Wheeler,,"Gravesend, Eng.",womens-rowing,2022,51.4424747,0.3694468
Lucy Koven,,"Riverside, Conn.",womens-rowing,2022,41.0314897,-73.5833604
Lydia Rosen,,"Manhattan Beach, Calif.",womens-rowing,2022,33.8872777,-118.4104324
Margot LeRoux,,"Haverford, Pa.",womens-rowing,2022,40.0129191,-75.2966948
Mariachiara Giudici,,"Rhineland-Palatinate, Germany",womens-rowing,2022,49.9531599,7.310646
Mia Brown,,"Walton, England",womens-rowing,2022,54.9819827,-2.7447085
Natasha Neitzell,,"Riverside, Conn.",womens-rowing,2022,41.0314897,-73.5833604
Nina Weeldreyer,,"Dallas, Texas",womens-rowing,2022,32.7762719,-96.7968559
Olivia Janss Lafond,,"West Molesey, England",womens-rowing,2022,51.4047705,-0.3641342
Phaedra van der Molen,,"Amsterdam, Netherlands",womens-rowing,2022,52.3730796,4.8924534
Sara Covin,,"Piedmont, Calif.",womens-rowing,2022,37.8243715,-122.231635
Sophie Nash,,"Columbus, Ind.",womens-rowing,2022,39.2014405,-85.9213796
Tamara Tymczyszyn,,"London, England",womens-rowing,2022,51.5074456,-0.1277653
Whitney Wise,,"Greenwich, Conn.",womens-rowing,2022,41.0264862,-73.6284598
Zoe Scheske,,"Twickenham, United Kingdom",womens-rowing,2022,51.4467444,-0.3281887
Alice Patton,,"West Linton, Scotland",womens-rowing,2023,55.7521811,-3.3560656
Anella Lefebvre,,"Westport, Conn.",womens-rowing,2023,41.1414855,-73.3578955
Anna Cornelissen,,"Providence, R.I.",womens-rowing,2023,41.8239891,-71.4128343
Annalisa Janss Lafond,,"West Molesey, England",womens-rowing,2023,51.4047705,-0.3641342
Anne du Croo de Jongh,,"Eindhoven, Netherlands",womens-rowing,2023,51.4485569,5.4501225
Aoife Moloney,,"Leixlip, Ireland",womens-rowing,2023,53.3644766,-6.4897438
Ashley Abramson,,"Orinda, Calif.",womens-rowing,2023,37.8771476,-122.1796888
Ayla Delaet-Jagerson,,"Portola Valley, Calif.",womens-rowing,2023,37.3736298,-122.219047
Cami Price,,"Vancouver, Washington",womens-rowing,2023,45.6306954,-122.6744557
Cate Sauer,,"Pittsburgh, Pa.",womens-rowing,2023,40.4406968,-80.0025666
Catherine Garrett,,"Darien, Conn.",womens-rowing,2023,41.0787079,-73.4692873
Catie Shawaryn,,"Moorestown, N.J.",womens-rowing,2023,39.9670569,-74.9426677
Christina Li,,"El Paso, Texas",womens-rowing,2023,31.7601001,-106.4870476
Claira Fucetola,,"Hammonton, N.J.",womens-rowing,2023,39.6366543,-74.8027651
Claire Fisher,,"Colorado Springs, Colo.",womens-rowing,2023,38.8339578,-104.825348
Cordelia Mahony,,"Watlington, Oxfordshire, England",womens-rowing,2023,51.6451586,-1.0043458
Devonne Piccaver,,"Peterborough, England",womens-rowing,2023,52.5725769,-0.2427336
Ella Barry,,"Oyster Bay, N.Y.",womens-rowing,2023,40.7696568,-73.4998608
Ellie Smith,,"Rye, N.Y.",womens-rowing,2023,40.9821371,-73.6840902
Emma Cavendish,,"Lakeland, Fla.",womens-rowing,2023,28.0394654,-81.9498042
Emma Haberfield,,"Melbourne, Australia",womens-rowing,2023,-37.8142454,144.9631732
Emma Van Wachem,,"Barleben, Germany",womens-rowing,2023,52.2007378,11.6203578
Francie McKenzie,,"Cos Cob, Conn.",womens-rowing,2023,41.0510193,-73.5919491
Giselle Grassi,,"Oyster Bay, N.Y.",womens-rowing,2023,40.7696568,-73.4998608
Hailey Mead,,"Orinda, Calif.",womens-rowing,2023,37.8771476,-122.1796888
Hailey Sulzbach,,"Sewell, N.J.",womens-rowing,2023,39.770683,-75.1438863
Jess Mabey,,"Great Barrier Island, New Zealand",womens-rowing,2023,-36.1994214,175.4172916
Joely Cherniss,,"San Francisco, Calif.",womens-rowing,2023,37.7879363,-122.4075201
Karina Li,,"Clifton Park, N.Y.",womens-rowing,2023,42.8630374,-73.7747623
Karina Macosko,,"Winston Salem, N.C.",womens-rowing,2023,36.0998131,-80.2440518
Katharine Kalap,,"Cheltenham, Great Britain",womens-rowing,2023,51.8995685,-2.0711559
Katherine George,,"Chearsley, United Kingdom",womens-rowing,2023,51.7894856,-0.9597017
Katie Carroll,,"Winnetka, Ill.",womens-rowing,2023,42.1080703,-87.7365286
Katie DiPaola,,"Cincinnati, Ohio",womens-rowing,2023,39.1012809,-84.5127405
Kerry Grundlingh,,"Johannesburg, South Africa",womens-rowing,2023,-26.205,28.049722
Klara Thiele,,"Mülheim an der Ruhr, Germany",womens-rowing,2023,51.4272925,6.8829192
Laoise O’Donohue,,"Reading, England",womens-rowing,2023,51.4564242,-0.9700664
Laura Wunderlich,,"Wahroonga, New South Wales, Australia",womens-rowing,2023,-33.7183413,151.1174435
Leela DuBois,,"Wellesley Hills, Mass.",womens-rowing,2023,42.3105491,-71.277031
Lindsay Saunders,,"Weston, Mass.",womens-rowing,2023,42.3667625,-71.3031132
Lucy Koven,,"Riverside, Conn.",womens-rowing,2023,41.0314897,-73.5833604
Margot LeRoux,,"Haverford, Pa.",womens-rowing,2023,40.0129191,-75.2966948
Mariachiara Giudici,,"Rhineland-Palatinate, Germany",womens-rowing,2023,49.9531599,7.310646
Mia Brown,,"Walton, England",womens-rowing,2023,54.9819827,-2.7447085
Natalie Meyer,,"Brooklyn, N.Y.",womens-rowing,2023,40.6526006,-73.9497211
Nicole Dunn,,"Okehampton, Great Britain",womens-rowing,2023,50.7376667,-4.000316
Nina Weeldreyer,,"Dallas, Texas",womens-rowing,2023,32.7762719,-96.7968559
Olivia Janss Lafond,,"West Molesey, England",womens-rowing,2023,51.4047705,-0.3641342
Phaedra van der Molen,,"Amsterdam, Netherlands",womens-rowing,2023,52.3730796,4.8924534
Rachel Mark,,"Brookline, Mass.",womens-rowing,2023,42.332918,-71.1187829
Samantha Smart,,"Mill Valley, Calif.",womens-rowing,2023,37.9060368,-122.5449763
Sara Covin,,"Piedmont, Calif.",womens-rowing,2023,37.8243715,-122.231635
Sophie Nash,,"Columbus, Ind.",womens-rowing,2023,39.2014405,-85.9213796
Tamara Tymczyszyn,,"London, England",womens-rowing,2023,51.5074456,-0.1277653
Vivian Loeffert,,"Springfield, Va.",womens-rowing,2023,38.7749935,-77.1803819
Whitney Wise,,"Greenwich, Conn.",womens-rowing,2023,41.0264862,-73.6284598
Zoe Scheske,,"Twickenham, United Kingdom",womens-rowing,2023,51.4467444,-0.3281887
Alice Patton,,"West Linton, Scotland",womens-rowing,2024,55.7521811,-3.3560656
Angelina DiPaola,,"Cincinnati, Ohio",womens-rowing,2024,39.1012809,-84.5127405
Aniset Idriss,,"Washington, D.C.",womens-rowing,2024,38.8950982,-77.0363849
Anna Cornelissen,,"Providence, R.I.",womens-rowing,2024,41.8239891,-71.4128343
Anna Cowell,,"Weybridge, Surrey, England",womens-rowing,2024,51.3727175,-0.4549297
Anna Menke,,"Groningen, Netherlands",womens-rowing,2024,53.2190652,6.5680077
Anne du Croo de Jongh,,"Eindhoven, Netherlands",womens-rowing,2024,51.4485569,5.4501225
Aoife Moloney,,"Leixlip, Ireland",womens-rowing,2024,53.3644766,-6.4897438
Ashley Abramson,,"Orinda, Calif.",womens-rowing,2024,37.8771476,-122.1796888
Audrey Leurck,,"Cincinnati, Ohio",womens-rowing,2024,39.1012809,-84.5127405
Cami Price,,"Vancouver, Washington",womens-rowing,2024,45.6306954,-122.6744557
Cate Sauer,,"Pittsburgh, Pa.",womens-rowing,2024,40.4406968,-80.0025666
Catie Shawaryn,,"Moorestown, N.J.",womens-rowing,2024,39.9670569,-74.9426677
Cecilia Sommerfeld,,"Korschenbroich, Germany",womens-rowing,2024,51.1902651,6.5143539
Christina Li,,"El Paso, Texas",womens-rowing,2024,31.7601001,-106.4870476
Devon Rudolph,,"Burke, Va.",womens-rowing,2024,38.7812445,-77.2688875
Devonne Piccaver,,"Peterborough, England",womens-rowing,2024,52.5725769,-0.2427336
Ella Barry,,"Oyster Bay, N.Y.",womens-rowing,2024,40.7696568,-73.4998608
Ellie Smith,,"Rye, N.Y.",womens-rowing,2024,40.9821371,-73.6840902
Emma Goedhart,,"Fenwick, Ont.",womens-rowing,2024,43.0248374,-79.3610045
Emma Haberfield,,"Melbourne, Australia",womens-rowing,2024,-37.8142454,144.9631732
Evie Gassman,,"Larchmont, N.Y.",womens-rowing,2024,40.9278769,-73.7517983
Francie McKenzie,,"Cos Cob, Conn.",womens-rowing,2024,41.0510193,-73.5919491
Harriet Burrell,,"Auckland, New Zealand",womens-rowing,2024,-36.852095,174.7631803
Helena Purves,,"London, England",womens-rowing,2024,51.5074456,-0.1277653
Jess Mabey,,"Great Barrier Island, New Zealand",womens-rowing,2024,-36.1994214,175.4172916
Joely Cherniss,,"San Francisco, Calif.",womens-rowing,2024,37.7879363,-122.4075201
Karina Li,,"Clifton Park, N.Y.",womens-rowing,2024,42.8630374,-73.7747623
Karina Macosko,,"Winston Salem, N.C.",womens-rowing,2024,36.0998131,-80.2440518
Katharine Kalap,,"Cheltenham, Great Britain",womens-rowing,2024,51.8995685,-2.0711559
Katherine George,,"Chearsley, United Kingdom",womens-rowing,2024,51.7894856,-0.9597017
Katie DiPaola,,"Cincinnati, Ohio",womens-rowing,2024,39.1012809,-84.5127405
Kerry Grundlingh,,"Johannesburg, South Africa",womens-rowing,2024,-26.205,28.049722
Laoise Molumby,,"Blackrock, Ireland",womens-rowing,2024,53.3018639,-6.1788342
Laoise O’Donohue,,"Reading, England",womens-rowing,2024,51.4564242,-0.9700664
Leela DuBois,,"Wellesley Hills, Mass.",womens-rowing,2024,42.3105491,-71.277031
Lindsay Saunders,,"Weston, Mass.",womens-rowing,2024,42.3667625,-71.3031132
Malarie Jones,,"Waintfleet, Ont.",womens-rowing,2024,42.8813426,-79.287821
Mara DuBois,,"Wellesley Hills, Mass.",womens-rowing,2024,42.3105491,-71.277031
Margot LeRoux,,"Haverford, Pa.",womens-rowing,2024,40.0129191,-75.2966948
Mia Brown,,"Walton, England",womens-rowing,2024,54.9819827,-2.7447085
Natalie Meyer,,"Brooklyn, N.Y.",womens-rowing,2024,40.6526006,-73.9497211
Nicole Dunn,,"Okehampton, Great Britain",womens-rowing,2024,50.7376667,-4.000316
Nina Weeldreyer,,"Dallas, Texas",womens-rowing,2024,32.7762719,-96.7968559
Percy Wayne,,"Old Greenwich, Conn.",womens-rowing,2024,41.0274237,-73.5646262
Phaedra van der Molen,,"Amsterdam, Netherlands",womens-rowing,2024,52.3730796,4.8924534
Rachel Mark,,"Brookline, Mass.",womens-rowing,2024,42.332918,-71.1187829
Rebecca Schmidt,,"Schenectady, N.Y.",womens-rowing,2024,42.8142432,-73.9395687
Samantha Smart,,"Mill Valley, Calif.",womens-rowing,2024,37.9060368,-122.5449763
Sara Covin,,"Piedmont, Calif.",womens-rowing,2024,37.8243715,-122.231635
Sara Malinak,,"East Windsor, N.J.",womens-rowing,2024,40.2682199,-74.5409597
Shaila Man,,"Pittsford, N.Y.",womens-rowing,2024,43.090959,-77.515298
Sophie Nash,,"Columbus, Ind.",womens-rowing,2024,39.2014405,-85.9213796
Tamara Tymczyszyn,,"London, England",womens-rowing,2024,51.5074456,-0.1277653
Vivian Loeffert,,"Springfield, Va.",womens-rowing,2024,38.7749935,-77.1803819
Whitney Wise,,"Greenwich, Conn.",womens-rowing,2024,41.0264862,-73.6284598
Zoe Scheske,,"Twickenham, United Kingdom",womens-rowing,2024,51.4467444,-0.3281887
Amalka Delevante,,"London, England",womens-rowing,2025,51.5074456,-0.1277653
Angelina DiPaola,,"Cincinnati, Ohio",womens-rowing,2025,39.1012809,-84.5127405
Anita Miller,,"Bethel, Vt.",womens-rowing,2025,43.8325292,-72.6342101
Anna Cowell,,"Weybridge, Surrey, England",womens-rowing,2025,51.3727175,-0.4549297
Athena Sperantsas,,"Boca Raton, Fla.",womens-rowing,2025,26.3586885,-80.0830984
Audrey Leurck,,"Cincinnati, Ohio",womens-rowing,2025,39.1012809,-84.5127405
Cami Price,,"Vancouver, Washington",womens-rowing,2025,45.6306954,-122.6744557
Cate Sauer,,"Pittsburgh, Pa.",womens-rowing,2025,40.4406968,-80.0025666
Catie Shawaryn,,"Moorestown, N.J.",womens-rowing,2025,39.9670569,-74.9426677
Christina Li,,"El Paso, Texas",womens-rowing,2025,31.7601001,-106.4870476
Devonne Piccaver,,"Peterborough, England",womens-rowing,2025,52.5725769,-0.2427336
Ellie Smith,,"Rye, N.Y.",womens-rowing,2025,40.9821371,-73.6840902
Emma Goedhart,,"Fenwick, Ont.",womens-rowing,2025,43.0248374,-79.3610045
Enya Krathaus,,"Houston, Texas",womens-rowing,2025,29.7589382,-95.3676974
Evie Gassman,,"Larchmont, N.Y.",womens-rowing,2025,40.9278769,-73.7517983
Harriet Burrell,,"Auckland, New Zealand",womens-rowing,2025,-36.852095,174.7631803
Helena Purves,,"London, England",womens-rowing,2025,51.5074456,-0.1277653
Izzy Khamish,,"Westport, Conn.",womens-rowing,2025,41.1414855,-73.3578955
Jess Mabey,,"Great Barrier Island, New Zealand",womens-rowing,2025,-36.1994214,175.4172916
Joely Cherniss,,"San Francisco, Calif.",womens-rowing,2025,37.7879363,-122.4075201
Karina Li,,"Clifton Park, N.Y.",womens-rowing,2025,42.8630374,-73.7747623
Karina Macosko,,"Winston Salem, N.C.",womens-rowing,2025,36.0998131,-80.2440518
Katie DiPaola,,"Cincinnati, Ohio",womens-rowing,2025,39.1012809,-84.5127405
Laoise Molumby,,"Blackrock, Ireland",womens-rowing,2025,53.3018639,-6.1788342
Laoise O’Donohue,,"Reading, England",womens-rowing,2025,51.4564242,-0.9700664
Lauren Dubois,,"New York, N.Y.",womens-rowing,2025,40.7127281,-74.0060152
Leela DuBois,,"Wellesley Hills, Mass.",womens-rowing,2025,42.3105491,-71.277031
Lindsay Saunders,,"Weston, Mass.",womens-rowing,2025,42.3667625,-71.3031132
Liv Cheesmur,,"Thames Ditton, England",womens-rowing,2025,51.389182,-0.3290769
Lyla Fievez,,"Perth, Australia",womens-rowing,2025,-31.9558967,115.8605784
Malarie Jones,,"Waintfleet, Ont.",womens-rowing,2025,42.8813426,-79.287821
Mara DuBois,,"Wellesley Hills, Mass.",womens-rowing,2025,42.3105491,-71.277031
Margo Mattes,,"Brookline, Mass.",womens-rowing,2025,42.332918,-71.1187829
Mia Brown,,"Walton, England",womens-rowing,2025,54.9819827,-2.7447085
Michaela Ulicna,,"Olomouc, Czech Republic",womens-rowing,2025,49.5940567,17.251143
Natalie Meyer,,"Brooklyn, N.Y.",womens-rowing,2025,40.6526006,-73.9497211
Nicole Dunn,,"Okehampton, Great Britain",womens-rowing,2025,50.7376667,-4.000316
Nina Weeldreyer,,"Dallas, Texas",womens-rowing,2025,32.7762719,-96.7968559
Nora Linssen,,"Newton Highlands, Mass.",womens-rowing,2025,42.322587,-71.2052721
Olivia Charity,,"Boston, Mass.",womens-rowing,2025,42.3588336,-71.0578303
Olivia Petri,,"Brisbane, Calif.",womens-rowing,2025,37.687165,-122.402794
Percy Wayne,,"Old Greenwich, Conn.",womens-rowing,2025,41.0274237,-73.5646262
Phaedra van der Molen,,"Amsterdam, Netherlands",womens-rowing,2025,52.3730796,4.8924534
Rachel Mark,,"Brookline, Mass.",womens-rowing,2025,42.332918,-71.1187829
Rebecca Schmidt,,"Schenectady, N.Y.",womens-rowing,2025,42.8142432,-73.9395687
Rosie Lundberg,,"Westport, Conn.",womens-rowing,2025,41.1414855,-73.3578955
Samantha Smart,,"Mill Valley, Calif.",womens-rowing,2025,37.9060368,-122.5449763
Tamara Tymczyszyn,,"London, England",womens-rowing,2025,51.5074456,-0.1277653
Wallis York,,"Toronto, Ont.",womens-rowing,2025,43.6534817,-79.3839347
Whitney Wise,,"Greenwich, Conn.",womens-rowing,2025,41.0264862,-73.6284598
Alayshja Bable,FB/FH,"Pittsburgh, Pa.",womens-rugby,2022,40.4406968,-80.0025666
Amelia Clarke,L/P/8P,"Llandogo, Wales",womens-rugby,2022,51.7336903,-2.6875211
Amelia Sanchirico,W,"Philadelphia, Pa.",womens-rugby,2022,39.9527237,-75.1635262
Brooke Beers,L,"Winter Springs, Fla.",womens-rugby,2022,28.6987317,-81.3055188
Caroline Maguire,L/FH,Singapore,womens-rugby,2022,1.357107,103.8194992
Cynthia Nwankwo,C/P,"The Woodlands, Texas",womens-rugby,2022,30.1734194,-95.504686
Elizabeth Polubinski,FL/C,"New York, N.Y.",womens-rugby,2022,40.7127281,-74.0060152
Emily Della Pietra,FL,"Long Island, N.Y.",womens-rugby,2022,40.8514971,-73.0994297
Erica De San Jorge,8P/L/P,"Baltimore, Md.",womens-rugby,2022,39.2908816,-76.610759
Grace Morris,Manager,"Montclair, N.J.",womens-rugby,2022,40.8164458,-74.2210643
Hadley Clayton,L/FL,"Huntington, N.Y.",womens-rugby,2022,40.868154,-73.425676
Jane Castleman,C,"Devon, Pa.",womens-rugby,2022,40.0473603,-75.4229511
Jessica Cui,W/FL,"Charlotte, N.C.",womens-rugby,2022,35.2272086,-80.8430827
Julia Douvas,L/P,"Crozet, Va.",womens-rugby,2022,38.065017,-78.690893
Kateri Espinosa,P/H,"Tampa, Fla.",womens-rugby,2022,27.9449854,-82.4583107
Kathryn-Alexa Kennedy,FL/C/L(C),"Mahopac, N.Y.",womens-rugby,2022,41.3712985,-73.7390641
Kristen Ahner,W,"Dayton, Ohio",womens-rugby,2022,39.7589478,-84.1916069
Laura Esguerra,HB/FH,"Valley Center, Calif.",womens-rugby,2022,33.2272406,-117.0291893
Leilani Bender,FL/L/C(C),"Honolulu, Hawaii",womens-rugby,2022,21.304547,-157.855676
Madison Linton,8P/L,"Barnegat, N.J.",womens-rugby,2022,39.7557459,-74.2207395
Natasha Greenstein,C/L,"Chevy Chase, Md.",womens-rugby,2022,38.9813699,-77.0849245
Priya Naphade,P/H,"Pennington, N.J.",womens-rugby,2022,40.3281213,-74.7909992
Sofie Grouws,W/FB,"Decorah, Iowa",womens-rugby,2022,43.3041609,-91.7859098
Sophia Villacorta,FH/C/HB(C),"New York, N.Y.",womens-rugby,2022,40.7127281,-74.0060152
Zoë Koniaris,H/P,"Carmel, Ind.",womens-rugby,2022,39.9784186,-86.1283681
Alayshja Bable,Outside Back,"Pittsburgh, Pa.",womens-rugby,2023,40.4406968,-80.0025666
Alyssa Brigham,Utility Forward,"Chicago, Ill.",womens-rugby,2023,41.8755616,-87.6244212
Amelia Clarke,8-Person,"Llandogo, Wales",womens-rugby,2023,51.7336903,-2.6875211
Amelia Sanchirico,Outside Back,"Philadelphia, Pa.",womens-rugby,2023,39.9527237,-75.1635262
Annabelle Edwards,Outside Back,"Independence, Minn.",womens-rugby,2023,45.0252407,-93.7074634
Ava Gregory,Wing,"Washington, D.C.",womens-rugby,2023,38.8950982,-77.0363849
Brooke Beers,Utility Forward,"Winter Springs, Fla.",womens-rugby,2023,28.6987317,-81.3055188
Caroline Maguire,Second Row,Singapore,womens-rugby,2023,1.357107,103.8194992
Caroline Schückel,Utility Forward,"Weston, Mass.",womens-rugby,2023,42.3667625,-71.3031132
Celia Watson,Outside Back,"Carmel, Ind.",womens-rugby,2023,39.9784186,-86.1283681
Ciara Loughran,Outside Back,"Lawrenceville, N.J.",womens-rugby,2023,40.3009876,-74.7373728
Elizabeth Polubinski,Front Row,"New York, N.Y.",womens-rugby,2023,40.7127281,-74.0060152
Erica De San Jorge,Forward,"Baltimore, Md.",womens-rugby,2023,39.2908816,-76.610759
Hannah Mulligan,Second Row,"San Diego, Calif.",womens-rugby,2023,32.7157062,-117.1638284
Jane Castleman,Outside Back,"Devon, Pa.",womens-rugby,2023,40.0473603,-75.4229511
Jessica Cui,Back,"Charlotte, N.C.",womens-rugby,2023,35.2272086,-80.8430827
Kateri Espinosa,Front Row,"Tampa, Fla.",womens-rugby,2023,27.9449854,-82.4583107
Kenzy Elshazly,Back,"New York, N.Y.",womens-rugby,2023,40.7127281,-74.0060152
Laura Barnds,Utility Forward,"Woodside, Calif.",womens-rugby,2023,37.4280637,-122.2507435
Laura Esguerra,Fullback,"Valley Center, Calif.",womens-rugby,2023,33.2272406,-117.0291893
Leilani Bender,Flanker(C),"Honolulu, Hawaii",womens-rugby,2023,21.304547,-157.855676
Luiza Chevres,Prop,"Princeton Junction, N.J.",womens-rugby,2023,40.3159898,-74.6241189
Malinka Kwemo,Utility Back,"LaSalle, Québec",womens-rugby,2023,45.4325141,-73.6292667
Megan Hickey,Flanker,"Myrtle Beach, S.C.",womens-rugby,2023,33.6956461,-78.8900409
Nanya Offor,Utility Forward,"Abuja, Nigeria",womens-rugby,2023,9.0643305,7.4892974
Samantha Handwerk,Utility Back,"Baltimore, Md.",womens-rugby,2023,39.2908816,-76.610759
Sofie Grouws,Outside Back,"Decorah, Iowa",womens-rugby,2023,43.3041609,-91.7859098
Sophia Villacorta,Scrumhalf(C),"New York, N.Y.",womens-rugby,2023,40.7127281,-74.0060152
Vivian Gilman,Back,"Spartanburg, S.C.",womens-rugby,2023,34.9498007,-81.9320157
Zoë Koniaris,Front Row,"Carmel, Ind.",womens-rugby,2023,39.9784186,-86.1283681
Alana Ferguson,Wing,"Jupiter, Fla.",womens-rugby,2024,26.9342246,-80.0942087
Alayshja Bable,Fly Half,"Pittsburgh, Pa.",womens-rugby,2024,40.4406968,-80.0025666
Alyssa Brigham,Utility Forward,"Chicago, Ill.",womens-rugby,2024,41.8755616,-87.6244212
Amelia Sanchirico,Wing,"Philadelphia, Pa.",womens-rugby,2024,39.9527237,-75.1635262
Annabelle Edwards,Flanker,"Independence, Minn.",womens-rugby,2024,45.0252407,-93.7074634
Annie Huettel,Utility Back,"Bel Air, Md.",womens-rugby,2024,39.5797515,-78.8531894
Ava Gregory,Wing,"Washington, D.C.",womens-rugby,2024,38.8950982,-77.0363849
Brooke Beers,Utility,"Winter Springs, Fla.",womens-rugby,2024,28.6987317,-81.3055188
Caroline Maguire,Utility,Singapore,womens-rugby,2024,1.357107,103.8194992
Caroline Schückel,Utility Forward,"Weston, Mass.",womens-rugby,2024,42.3667625,-71.3031132
Celia Watson,Wing,"Carmel, Ind.",womens-rugby,2024,39.9784186,-86.1283681
Ciara Loughran,Fullback,"Lawrenceville, N.J.",womens-rugby,2024,40.3009876,-74.7373728
Eliana Bane,Front Row,"Englewood, N.J.",womens-rugby,2024,40.8929329,-73.9726508
Elizabeth Polubinski,Front Row,"New York, N.Y.",womens-rugby,2024,40.7127281,-74.0060152
Erica De San Jorge,Utility Forward,"Baltimore, Md.",womens-rugby,2024,39.2908816,-76.610759
Hannah Mulligan,Back Row,"San Diego, Calif.",womens-rugby,2024,32.7157062,-117.1638284
Josie Frazer,,"Austin, Texas",womens-rugby,2024,30.2711286,-97.7436995
Kenzy Elshazly,Scrumhalf,"New York, N.Y.",womens-rugby,2024,40.7127281,-74.0060152
Laura Barnds,Utility Forward,"Woodside, Calif.",womens-rugby,2024,37.4280637,-122.2507435
Lila King,Front Row,"New York, N.Y.",womens-rugby,2024,40.7127281,-74.0060152
Lindsey Mulligan,Center,"San Diego, Calif.",womens-rugby,2024,32.7157062,-117.1638284
Luiza Chevres,Front Row,"Princeton Junction, N.J.",womens-rugby,2024,40.3159898,-74.6241189
Malinka Kwemo,Utility Back,"LaSalle, Québec",womens-rugby,2024,45.4325141,-73.6292667
Maya Kenny,Second Row,"Pasadena, Calif.",womens-rugby,2024,34.1476507,-118.144155
Megan Hickey,Flanker,"Myrtle Beach, S.C.",womens-rugby,2024,33.6956461,-78.8900409
Raven Robinson,Front Row,"Oakland, Calif.",womens-rugby,2024,37.8044557,-122.271356
Samantha Handwerk,Utility Forward,"Baltimore, Md.",womens-rugby,2024,39.2908816,-76.610759
Sofie Grouws,Utility Back,"Decorah, Iowa",womens-rugby,2024,43.3041609,-91.7859098
Stella McBride,Utility,"Washington, D.C.",womens-rugby,2024,38.8950982,-77.0363849
Zoë Koniaris,Front Row,"Carmel, Ind.",womens-rugby,2024,39.9784186,-86.1283681
Alyssa Brigham,Utility Forward,"Chicago, Ill.",womens-rugby,2025,41.8755616,-87.6244212
Amelia Wray,Utility Forward,"Longmeadow, Mass.",womens-rugby,2025,42.0504498,-72.5824639
Annabelle Edwards,Flanker,"Independence, Minn.",womens-rugby,2025,45.0252407,-93.7074634
Annie Huettel,Utility Back,"Bel Air, Md.",womens-rugby,2025,39.5797515,-78.8531894
Ava Gregory,Wing,"Washington, D.C.",womens-rugby,2025,38.8950982,-77.0363849
Celia Watson,Wing,"Carmel, Ind.",womens-rugby,2025,39.9784186,-86.1283681
Charlie Wolfe,Utility,"Ambler, Pa.",womens-rugby,2025,40.1544727,-75.2221643
Christina Fuentes,Front Row,"Alexandria, Va.",womens-rugby,2025,38.8051095,-77.0470229
Ciara Loughran,Fullback,"Lawrenceville, N.J.",womens-rugby,2025,40.3009876,-74.7373728
Eliana Bane,Front Row,"Englewood, N.J.",womens-rugby,2025,40.8929329,-73.9726508
Emily Popek,Scrum Half,"Newton, N.J.",womens-rugby,2025,41.0583121,-74.7531445
Hannah Mulligan,Back Row,"San Diego, Calif.",womens-rugby,2025,32.7157062,-117.1638284
Hazel Conklin,Lock,"Charlottesville, Va.",womens-rugby,2025,38.029306,-78.4766781
Hazel Pron,Flyhalf,"Denver, Colo.",womens-rugby,2025,39.7392364,-104.984862
Josie Frazer,Wing,"Austin, Texas",womens-rugby,2025,30.2711286,-97.7436995
Kenzy Elshazly,Scrumhalf,"New York, N.Y.",womens-rugby,2025,40.7127281,-74.0060152
Laura Barnds,Utility Forward,"Woodside, Calif.",womens-rugby,2025,37.4280637,-122.2507435
Lehua Harris,Forward,"Kaneohe, Hawaii",womens-rugby,2025,21.418555,-157.804184
Lexie Loughran,Back,"Lawrenceville, N.J.",womens-rugby,2025,40.3009876,-74.7373728
Lila King,Front Row,"New York, N.Y.",womens-rugby,2025,40.7127281,-74.0060152
Lindsey Mulligan,Center,"San Diego, Calif.",womens-rugby,2025,32.7157062,-117.1638284
Luiza Chevres,Front Row,"Princeton Junction, N.J.",womens-rugby,2025,40.3159898,-74.6241189
Maizy Miller,Back,"Missoula, Mont.",womens-rugby,2025,46.8701049,-113.995267
Malica Feratovic,Wing,"Long Branch, N.J.",womens-rugby,2025,40.3042778,-73.9923596
Malinka Kwemo,Utility Back,"LaSalle, Québec",womens-rugby,2025,45.4325141,-73.6292667
Maya Kenny,Second Row,"Pasadena, Calif.",womens-rugby,2025,34.1476507,-118.144155
Megan Hickey,Flanker,"Myrtle Beach, S.C.",womens-rugby,2025,33.6956461,-78.8900409
Myah Natorp,Front Row/8,"Mason, Ohio",womens-rugby,2025,39.3600586,-84.309939
Nanya Offor,Utility Forward,"Abuja, Nigeria",womens-rugby,2025,9.0643305,7.4892974
Raven Robinson,Front Row,"Oakland, Calif.",womens-rugby,2025,37.8044557,-122.271356
Reyna Palmer,Utility Forward,"Baldwin, N.Y.",womens-rugby,2025,40.6534835,-73.6113502
Riley Pan,Utility Back,"Malibu, Calif.",womens-rugby,2025,34.035591,-118.689423
Samantha Handwerk,Utility Forward,"Baltimore, Md.",womens-rugby,2025,39.2908816,-76.610759
Sara Zavieh,Utility,"Roswell, Ga.",womens-rugby,2025,34.02332,-84.360022
Sophia White,Front Row,"Wall Township, N.J.",womens-rugby,2025,40.1743052,-74.0902219
Stella McBride,Utility,"Washington, D.C.",womens-rugby,2025,38.8950982,-77.0363849
Aitana Camponovo,Wing,"Washington, D.C.",womens-rugby,2026,38.8950982,-77.0363849
Alexandra Hawthorne,Lock,"Eagle, Idaho",womens-rugby,2026,43.6954424,-116.3540138
Ana Alfaro,Wing,"Ashford, Conn.",womens-rugby,2026,41.8731532,-72.1214653
Annie Huettel,Scrum Half,"Bel Air, Md.",womens-rugby,2026,39.5797515,-78.8531894
Ava Gregory,Fullback,"Washington, D.C.",womens-rugby,2026,38.8950982,-77.0363849
Celia Watson,Center,"Carmel, Ind.",womens-rugby,2026,39.9784186,-86.1283681
Charlie Wolfe,Front Row,"Ambler, Pa.",womens-rugby,2026,40.1544727,-75.2221643
Christina Fuentes,Front Row,"Alexandria, Va.",womens-rugby,2026,38.8051095,-77.0470229
Emily Popek,Scrum Half,"Newton, N.J.",womens-rugby,2026,41.0583121,-74.7531445
Hannah Mulligan,Back Row,"San Diego, Calif.",womens-rugby,2026,32.7157062,-117.1638284
Hazel Pron,Flyhalf,"Denver, Colo.",womens-rugby,2026,39.7392364,-104.984862
Laura Barnds,Wing,"Woodside, Calif.",womens-rugby,2026,37.4280637,-122.2507435
Lehua Harris,Prop,"Kaneohe, Hawaii",womens-rugby,2026,21.418555,-157.804184
Lexie Loughran,Wing,"Lawrenceville, N.J.",womens-rugby,2026,40.3009876,-74.7373728
Lila King,Lock,"New York, N.Y.",womens-rugby,2026,40.7127281,-74.0060152
Lindsey Mulligan,Back Row,"San Diego, Calif.",womens-rugby,2026,32.7157062,-117.1638284
Maizy Miller,Back Row,"Missoula, Mont.",womens-rugby,2026,46.8701049,-113.995267
Malinka Kwemo,Center,"LaSalle, Québec",womens-rugby,2026,45.4325141,-73.6292667
Maya Kenny,Lock,"Pasadena, Calif.",womens-rugby,2026,34.1476507,-118.144155
Myah Natorp,Back Row,"Mason, Ohio",womens-rugby,2026,39.3600586,-84.309939
Raven Robinson,Prop,"Oakland, Calif.",womens-rugby,2026,37.8044557,-122.271356
Reyna Palmer,Front Row,"Baldwin, N.Y.",womens-rugby,2026,40.6534835,-73.6113502
Riley Pan,Wing,"Malibu, Calif.",womens-rugby,2026,34.035591,-118.689423
Sara Zavieh,Wing,"Roswell, Ga.",womens-rugby,2026,34.02332,-84.360022
Siena Miller,Prop,North Hunterdon,womens-rugby,2026,40.6281912,-74.883525
Sophia White,Front Row,"Wall Township, N.J.",womens-rugby,2026,40.1743052,-74.0902219
Stella McBride,Utility,"Washington, D.C.",womens-rugby,2026,38.8950982,-77.0363849
Abby Givens,F,"Charlotte, N.C.",womens-soccer,2016,35.2272086,-80.8430827
Alessia Azermadhi,M,"Vancouver, B.C.",womens-soccer,2016,49.2608724,-123.113952
Ali Whiting,D/M,"Solana Beach, Calif.",womens-soccer,2016,32.9919141,-117.2678124
Beth Stella,M,"Lake Forest Park, Wash.",womens-soccer,2016,47.7567679,-122.2809623
Courtney O'Brien,F/M,"Pacific Palisades, Calif.",womens-soccer,2016,34.0480643,-118.5264706
Emily Hilliard-Arce,M/D,"Matthews, N.C.",womens-soccer,2016,35.1159532,-80.7224386
Gudrun Valdis Jonsdottir,GK,"Akranes, Iceland",womens-soccer,2016,64.3170806,-22.0833512
Haley Chow,D,"Pleasanton, Calif.",womens-soccer,2016,37.6624312,-121.8746789
Hannah Winner,GK,"Springfield, Va.",womens-soccer,2016,38.7749935,-77.1803819
Ilana Perkins,M,"Dallas, Texas",womens-soccer,2016,32.7762719,-96.7968559
Jesse McDonough,D/M(C),"Monmouth Beach, N.J.",womens-soccer,2016,40.3303883,-73.9815262
Kathy Jones,D,"Mauldin, S.C.",womens-soccer,2016,34.77873,-82.310119
Katie Pratt-Thompson,D,"Long Beach, Calif.",womens-soccer,2016,33.7690164,-118.191604
Kelli Calhoun,GK,"Canyon Country, Calif.",womens-soccer,2016,34.4233293,-118.4720281
Leah Becker,M,"Newtown Square, Pa.",womens-soccer,2016,39.9868117,-75.4007633
Mikaela Symanovich,D,"San Francisco, Calif.",womens-soccer,2016,37.7879363,-122.4075201
Mimi Asom,F,"Dallas, Texas",womens-soccer,2016,32.7762719,-96.7968559
Natalie Grossi,GK,"Woodbridge, Ont.",womens-soccer,2016,43.7848982,-79.5923855
Natalie Larkin,M,"Washington, D.C.",womens-soccer,2016,38.8950982,-77.0363849
Nicole Loncar,M,"Brampton, Ont.",womens-soccer,2016,43.685832,-79.7599366
Noelani Kong-Johnson,GK,"Honolulu, Hawaii",womens-soccer,2016,21.304547,-157.855676
Olivia Sheppard,D,"Delta, B.C.",womens-soccer,2016,49.0846258,-123.057938
Samantha McDonough,M,"Monmouth Beach, N.J.",womens-soccer,2016,40.3303883,-73.9815262
Sarah Mendenhall,F,"Pasadena, Calif.",womens-soccer,2016,34.1476507,-118.144155
Sophia Gulati,M,"Washington, N.J.",womens-soccer,2016,40.7584793,-74.9794987
Tomi Kennedy,F/M,"Glen Ridge, N.J.",womens-soccer,2016,40.805378,-74.2037566
Tyler Lussi,F(C),"Lutherville, Md.",womens-soccer,2016,39.42363,-76.6209151
Vanessa Gregoire,M(C),"Beaconsfield, Que.",womens-soccer,2016,45.4289766,-73.8654387
Abby Givens,F,"Charlotte, N.C.",womens-soccer,2017,35.2272086,-80.8430827
Alessia Azermadhi,M,"Vancouver, B.C.",womens-soccer,2017,49.2608724,-123.113952
Ali Whiting,D/M,"Solana Beach, Calif.",womens-soccer,2017,32.9919141,-117.2678124
Beth Stella,M,"Lake Forest Park, Wash.",womens-soccer,2017,47.7567679,-122.2809623
Carolyne Davidson,M,"Orlando, Fla.",womens-soccer,2017,28.5421218,-81.379045
Courtney O'Brien,F/M,"Pacific Palisades, Calif.",womens-soccer,2017,34.0480643,-118.5264706
Emily Hilliard-Arce,M/D,"Matthews, N.C.",womens-soccer,2017,35.1159532,-80.7224386
Eve Hewins,F,"Hingham, Mass.",womens-soccer,2017,42.2417669,-70.8897676
Gudrun Valdis Jonsdottir,GK,"Akranes, Iceland",womens-soccer,2017,64.3170806,-22.0833512
Ilana Perkins,M,"Dallas, Texas",womens-soccer,2017,32.7762719,-96.7968559
Katie Pratt-Thompson,D(C),"Long Beach, Calif.",womens-soccer,2017,33.7690164,-118.191604
Kelli Calhoun,GK,"Canyon Country, Calif.",womens-soccer,2017,34.4233293,-118.4720281
Lucy Rickerson,D,"San Diego, Calif.",womens-soccer,2017,32.7157062,-117.1638284
Margo Sneeringer,D,"Seattle, Wash.",womens-soccer,2017,47.6038321,-122.330062
Mikaela Symanovich,D,"San Francisco, Calif.",womens-soccer,2017,37.7879363,-122.4075201
Mimi Asom,F,"Dallas, Texas",womens-soccer,2017,32.7762719,-96.7968559
Natalie Grossi,GK,"Woodbridge, Ont.",womens-soccer,2017,43.7848982,-79.5923855
Natalie Larkin,D,"Washington, D.C.",womens-soccer,2017,38.8950982,-77.0363849
Noelani Kong-Johnson,GK,"Honolulu, Hawaii",womens-soccer,2017,21.304547,-157.855676
Olivia Kane,M,"Rockville, Md.",womens-soccer,2017,39.0817985,-77.1516844
Olivia Sheppard,M/D,"Delta, B.C.",womens-soccer,2017,49.0846258,-123.057938
Samantha McDonough,M,"Monmouth Beach, N.J.",womens-soccer,2017,40.3303883,-73.9815262
Sophia Gulati,M,"Washington, N.J.",womens-soccer,2017,40.7584793,-74.9794987
Tatum Gee,F,"Long Beach, Calif.",womens-soccer,2017,33.7690164,-118.191604
Tomi Kennedy,F/M,"Glen Ridge, N.J.",womens-soccer,2017,40.805378,-74.2037566
Vanessa Gregoire,M(C),"Beaconsfield, Que.",womens-soccer,2017,45.4289766,-73.8654387
Abby Givens,F,"Charlotte, N.C.",womens-soccer,2018,35.2272086,-80.8430827
Ali Whiting,D/M(C),"Solana Beach, Calif.",womens-soccer,2018,32.9919141,-117.2678124
Amy Paternoster,F/M,"Wall, N.J.",womens-soccer,2018,40.1743052,-74.0902219
Aza Keohan,D,"Acton, Mass.",womens-soccer,2018,42.4850931,-71.43284
Caroline Noonan,M,"Highlands Ranch, Colo.",womens-soccer,2018,39.538565,-104.9725904
Carolyne Davidson,M,"Orlando, Fla.",womens-soccer,2018,28.5421218,-81.379045
Courtney O'Brien,F/M,"Pacific Palisades, Calif.",womens-soccer,2018,34.0480643,-118.5264706
Emily Hilliard-Arce,M/D,"Matthews, N.C.",womens-soccer,2018,35.1159532,-80.7224386
Emma Davis,M/D,"Clinton, N.Y.",womens-soccer,2018,44.7278943,-73.6686982
Eve Hewins,D,"Hingham, Mass.",womens-soccer,2018,42.2417669,-70.8897676
Gabi Juarez,F,"Tustin, Calif.",womens-soccer,2018,33.7458511,-117.826166
Grace Barbara,GK,"Delray Beach, Fla.",womens-soccer,2018,26.4614625,-80.0728201
Halima Matthews,F,"New York, N.Y.",womens-soccer,2018,40.7127281,-74.0060152
Ilana Perkins,M,"Dallas, Texas",womens-soccer,2018,32.7762719,-96.7968559
Kelli Calhoun,GK,"Canyon Country, Calif.",womens-soccer,2018,34.4233293,-118.4720281
Lucy Rickerson,D,"San Diego, Calif.",womens-soccer,2018,32.7157062,-117.1638284
Margo Sneeringer,D,"Seattle, Wash.",womens-soccer,2018,47.6038321,-122.330062
Mimi Asom,F(C),"Dallas, Texas",womens-soccer,2018,32.7762719,-96.7968559
Natalie Grossi,GK,"Woodbridge, Ont.",womens-soccer,2018,43.7848982,-79.5923855
Noelani Kong-Johnson,GK,"Honolulu, Hawaii",womens-soccer,2018,21.304547,-157.855676
Olivia Kane,M,"Rockville, Md.",womens-soccer,2018,39.0817985,-77.1516844
Olivia Sheppard,M/D,"Delta, B.C.",womens-soccer,2018,49.0846258,-123.057938
Samantha McDonough,M(C),"Monmouth Beach, N.J.",womens-soccer,2018,40.3303883,-73.9815262
Sophia Gulati,M,"Washington, N.J.",womens-soccer,2018,40.7584793,-74.9794987
Tatum Gee,D,"Long Beach, Calif.",womens-soccer,2018,33.7690164,-118.191604
Tomi Kennedy,F/M,"Glen Ridge, N.J.",womens-soccer,2018,40.805378,-74.2037566
Abby Givens,F,"Charlotte, N.C.",womens-soccer,2019,35.2272086,-80.8430827
Amy Paternoster,F/M,"Wall, N.J.",womens-soccer,2019,40.1743052,-74.0902219
Aza Keohan,D,"Acton, Mass.",womens-soccer,2019,42.4850931,-71.43284
Caroline Noonan,M,"Highlands Ranch, Colo.",womens-soccer,2019,39.538565,-104.9725904
Carolyne Davidson,M,"Orlando, Fla.",womens-soccer,2019,28.5421218,-81.379045
Courtney O'Brien,F/M,"Pacific Palisades, Calif.",womens-soccer,2019,34.0480643,-118.5264706
Ella Gantman,GK,"Washington, D.C.",womens-soccer,2019,38.8950982,-77.0363849
Emily Hilliard-Arce,M/D,"Matthews, N.C.",womens-soccer,2019,35.1159532,-80.7224386
Emma Davis,M/D,"Clinton, N.Y.",womens-soccer,2019,44.7278943,-73.6686982
Eve Hewins,D,"Hingham, Mass.",womens-soccer,2019,42.2417669,-70.8897676
Gabi Juarez,F,"Tustin, Calif.",womens-soccer,2019,33.7458511,-117.826166
Grace Barbara,GK,"Delray Beach, Fla.",womens-soccer,2019,26.4614625,-80.0728201
Grace Sherman,M/F,"Potomac, Md.",womens-soccer,2019,39.0180508,-77.1956331
Gracyn Kuerner,D,"Issaquah, Wash.",womens-soccer,2019,47.5348778,-122.043297
Ilana Perkins,M,"Dallas, Texas",womens-soccer,2019,32.7762719,-96.7968559
Kamryn Loustau,F/M,"Orange Park, Fla.",womens-soccer,2019,30.1654707,-81.7016346
Kelli Calhoun,GK,"Canyon Country, Calif.",womens-soccer,2019,34.4233293,-118.4720281
Lucy Rickerson,D,"San Diego, Calif.",womens-soccer,2019,32.7157062,-117.1638284
Madison Curry,D,"Coto de Caza, Calif.",womens-soccer,2019,33.6013399,-117.5856235
Margo Sneeringer,D,"Seattle, Wash.",womens-soccer,2019,47.6038321,-122.330062
Marissa Hart,M,"Charlotte, N.C.",womens-soccer,2019,35.2272086,-80.8430827
Morgan Wiese,D,"Bethesda, Md.",womens-soccer,2019,38.9812726,-77.1233587
Natalie Grossi,GK(C),"Woodbridge, Ont.",womens-soccer,2019,43.7848982,-79.5923855
Olivia Kane,M,"Rockville, Md.",womens-soccer,2019,39.0817985,-77.1516844
Olivia Sheppard,M/D,"Delta, B.C.",womens-soccer,2019,49.0846258,-123.057938
Sophia Gulati,M(C),"Washington, N.J.",womens-soccer,2019,40.7584793,-74.9794987
Tatum Gee,D,"Long Beach, Calif.",womens-soccer,2019,33.7690164,-118.191604
Tomi Kennedy,F/M,"Glen Ridge, N.J.",womens-soccer,2019,40.805378,-74.2037566
Amy Paternoster,F/M,"Wall, N.J.",womens-soccer,2020,40.1743052,-74.0902219
Aria Nagai,M,"Herndon, Va.",womens-soccer,2020,38.9695316,-77.3859479
Aza Keohan,D,"Acton, Mass.",womens-soccer,2020,42.4850931,-71.43284
Caroline Noonan,M,"Highlands Ranch, Colo.",womens-soccer,2020,39.538565,-104.9725904
Carolyne Davidson,M,"Orlando, Fla.",womens-soccer,2020,28.5421218,-81.379045
Ella Gantman,GK,"Washington, D.C.",womens-soccer,2020,38.8950982,-77.0363849
Emma Davis,M/D,"Clinton, N.Y.",womens-soccer,2020,44.7278943,-73.6686982
Eve Hewins,D(C),"Hingham, Mass.",womens-soccer,2020,42.2417669,-70.8897676
Gabi Juarez,F,"Tustin, Calif.",womens-soccer,2020,33.7458511,-117.826166
Grace Barbara,GK,"Delray Beach, Fla.",womens-soccer,2020,26.4614625,-80.0728201
Grace Sherman,M/F,"Potomac, Md.",womens-soccer,2020,39.0180508,-77.1956331
Gracyn Kuerner,D,"Issaquah, Wash.",womens-soccer,2020,47.5348778,-122.043297
Jen Estes,F,"Kirkland, Wash.",womens-soccer,2020,47.6765382,-122.2070775
Kamryn Loustau,F/M,"Orange Park, Fla.",womens-soccer,2020,30.1654707,-81.7016346
Lexi Hiltunen,F,"West Palm Beach, Fla.",womens-soccer,2020,26.715364,-80.0532942
Madison Curry,D,"Coto de Caza, Calif.",womens-soccer,2020,33.6013399,-117.5856235
Margo Sneeringer,D,"Seattle, Wash.",womens-soccer,2020,47.6038321,-122.330062
Marissa Hart,M,"Charlotte, N.C.",womens-soccer,2020,35.2272086,-80.8430827
Morgan Wiese,D,"Bethesda, Md.",womens-soccer,2020,38.9812726,-77.1233587
Amy Paternoster,F/M,"Wall, N.J.",womens-soccer,2021,40.1743052,-74.0902219
Aria Nagai,M,"Herndon, Va.",womens-soccer,2021,38.9695316,-77.3859479
Aza Keohan,D,"Acton, Mass.",womens-soccer,2021,42.4850931,-71.43284
Caroline Noonan,M,"Highlands Ranch, Colo.",womens-soccer,2021,39.538565,-104.9725904
Didi Godwin,D,"Altadena, Calif.",womens-soccer,2021,34.1928193,-118.1374663
Ella Gantman,GK,"Washington, D.C.",womens-soccer,2021,38.8950982,-77.0363849
Ella Midura,F/M,"Wellesley, Mass.",womens-soccer,2021,42.2964859,-71.2925571
Emma Davis,M/D(C),"Clinton, N.Y.",womens-soccer,2021,44.7278943,-73.6686982
Gabi Juarez,F,"Tustin, Calif.",womens-soccer,2021,33.7458511,-117.826166
Grace Barbara,GK,"Delray Beach, Fla.",womens-soccer,2021,26.4614625,-80.0728201
Grace Sherman,M/F,"Potomac, Md.",womens-soccer,2021,39.0180508,-77.1956331
Gracyn Kuerner,D,"Issaquah, Wash.",womens-soccer,2021,47.5348778,-122.043297
Heather MacNab,F,"Indianapolis, Ind.",womens-soccer,2021,39.7683331,-86.1583502
Jen Estes,F,"Kirkland, Wash.",womens-soccer,2021,47.6765382,-122.2070775
Kamryn Loustau,F/M,"Orange Park, Fla.",womens-soccer,2021,30.1654707,-81.7016346
Kate Toomey,M,"Bellevue, Wash.",womens-soccer,2021,47.6144219,-122.192337
Kayleen Gowers,M,"Los Altos, Calif.",womens-soccer,2021,37.3790629,-122.116578
Kiley Hamou,D,"East Setauket, N.Y.",womens-soccer,2021,40.919085,-73.0963408
Lexi Hiltunen,F,"West Palm Beach, Fla.",womens-soccer,2021,26.715364,-80.0532942
Lily Bryant,M,"Brookline, Mass.",womens-soccer,2021,42.332918,-71.1187829
Lucy Rickerson,D(C),"San Diego, Calif.",womens-soccer,2021,32.7157062,-117.1638284
Madison Curry,D,"Coto de Caza, Calif.",womens-soccer,2021,33.6013399,-117.5856235
Marissa Hart,M,"Charlotte, N.C.",womens-soccer,2021,35.2272086,-80.8430827
Morgan Wiese,D,"Bethesda, Md.",womens-soccer,2021,38.9812726,-77.1233587
Olivia Kane,M,"Rockville, Md.",womens-soccer,2021,39.0817985,-77.1516844
Ryann Brown,D,"Laguna Niguel, Calif.",womens-soccer,2021,33.5225261,-117.7075526
Tatum Gee,F(C),"Long Beach, Calif.",womens-soccer,2021,33.7690164,-118.191604
Tyler McCamey,GK,"Atlanta, Ga.",womens-soccer,2021,33.7544657,-84.3898151
Ally Murphy,F,"Winchester, Mass.",womens-soccer,2022,42.4523178,-71.1369982
Aria Nagai,M,"Herndon, Va.",womens-soccer,2022,38.9695316,-77.3859479
Caroline Kane,D,"Los Altos, Calif.",womens-soccer,2022,37.3790629,-122.116578
Didi Godwin,D,"Altadena, Calif.",womens-soccer,2022,34.1928193,-118.1374663
Drew Coomans,F,"Long Beach, Calif.",womens-soccer,2022,33.7690164,-118.191604
Ella Gantman,GK,"Washington, D.C.",womens-soccer,2022,38.8950982,-77.0363849
Ella Midura,F/M,"Wellesley, Mass.",womens-soccer,2022,42.2964859,-71.2925571
Grace Sherman,M/F(C),"Potomac, Md.",womens-soccer,2022,39.0180508,-77.1956331
Gracyn Kuerner,D,"Issaquah, Wash.",womens-soccer,2022,47.5348778,-122.043297
Heather MacNab,F,"Indianapolis, Ind.",womens-soccer,2022,39.7683331,-86.1583502
Jen Estes,M,"Kirkland, Wash.",womens-soccer,2022,47.6765382,-122.2070775
Kamryn Loustau,D(C),"Orange Park, Fla.",womens-soccer,2022,30.1654707,-81.7016346
Kate Toomey,M,"Bellevue, Wash.",womens-soccer,2022,47.6144219,-122.192337
Kayleen Gowers,M,"Los Altos, Calif.",womens-soccer,2022,37.3790629,-122.116578
Kelsee Wozniak,F,"Raynham, Mass.",womens-soccer,2022,41.9487118,-71.0731008
Kiley Hamou,D,"East Setauket, N.Y.",womens-soccer,2022,40.919085,-73.0963408
Lexi Hiltunen,F,"West Palm Beach, Fla.",womens-soccer,2022,26.715364,-80.0532942
Lily Bryant,M,"Brookline, Mass.",womens-soccer,2022,42.332918,-71.1187829
Marissa Hart,M(C),"Charlotte, N.C.",womens-soccer,2022,35.2272086,-80.8430827
Morgan Wiese,D(C),"Bethesda, Md.",womens-soccer,2022,38.9812726,-77.1233587
Pia Beaulieu,D,"Boca Raton, Fla.",womens-soccer,2022,26.3586885,-80.0830984
Pietra Tordin,F/M,"Doral, Fla.",womens-soccer,2022,25.8195424,-80.3553302
Ryann Brown,D,"Laguna Niguel, Calif.",womens-soccer,2022,33.5225261,-117.7075526
Summer Pierson,M,"Framingham, Mass.",womens-soccer,2022,42.2773177,-71.4165905
Tyler McCamey,GK,"Atlanta, Ga.",womens-soccer,2022,33.7544657,-84.3898151
Ally Murphy,F,"Winchester, Mass.",womens-soccer,2023,42.4523178,-71.1369982
Aria Nagai,M,"Herndon, Va.",womens-soccer,2023,38.9695316,-77.3859479
Caroline Kane,D,"Los Altos, Calif.",womens-soccer,2023,37.3790629,-122.116578
Cecilia Cerone,GK,"Dallas, Texas",womens-soccer,2023,32.7762719,-96.7968559
Drew Coomans,F,"Long Beach, Calif.",womens-soccer,2023,33.7690164,-118.191604
Ella Midura,F/M,"Wellesley, Mass.",womens-soccer,2023,42.2964859,-71.2925571
Esmé Rudell,M,"Los Angeles, Calif.",womens-soccer,2023,34.0536909,-118.242766
Heather MacNab,F,"Indianapolis, Ind.",womens-soccer,2023,39.7683331,-86.1583502
Isabella Garces,F,"Smithfield, R.I.",womens-soccer,2023,41.9220433,-71.549507
Jen Estes,F(C),"Kirkland, Wash.",womens-soccer,2023,47.6765382,-122.2070775
Kate Toomey,M,"Bellevue, Wash.",womens-soccer,2023,47.6144219,-122.192337
Kayla Wong,M,"Manalapan, N.J.",womens-soccer,2023,40.2852895,-74.333495
Kelsee Wozniak,F,"Raynham, Mass.",womens-soccer,2023,41.9487118,-71.0731008
Kiley Hamou,D,"East Setauket, N.Y.",womens-soccer,2023,40.919085,-73.0963408
Lexi Hiltunen,F,"West Palm Beach, Fla.",womens-soccer,2023,26.715364,-80.0532942
Lily Bryant,M,"Brookline, Mass.",womens-soccer,2023,42.332918,-71.1187829
Madison Curry,D(C),"Coto de Caza, Calif.",womens-soccer,2023,33.6013399,-117.5856235
Marissa Hart,M(C),"Charlotte, N.C.",womens-soccer,2023,35.2272086,-80.8430827
Morgan Wiese,D(C),"Bethesda, Md.",womens-soccer,2023,38.9812726,-77.1233587
Pia Beaulieu,D,"Boca Raton, Fla.",womens-soccer,2023,26.3586885,-80.0830984
Pietra Tordin,F/M,"Doral, Fla.",womens-soccer,2023,25.8195424,-80.3553302
Rebecca Sherry,D,"Tiburon, Calif.",womens-soccer,2023,37.8775332,-122.460808
Ryann Brown,D,"Laguna Niguel, Calif.",womens-soccer,2023,33.5225261,-117.7075526
Summer Pierson,M,"Framingham, Mass.",womens-soccer,2023,42.2773177,-71.4165905
Tyler McCamey,GK,"Atlanta, Ga.",womens-soccer,2023,33.7544657,-84.3898151
Zoe Markesini,D,"Markham, Ont.",womens-soccer,2023,43.8563707,-79.3376825
Alexandra Barry,F,"Saddle River, N.J.",womens-soccer,2024,41.0317637,-74.1020866
Ally Murphy,F,"Winchester, Mass.",womens-soccer,2024,42.4523178,-71.1369982
Brooke Dawahare,M,"Lexington, Ky.",womens-soccer,2024,38.0464066,-84.4970393
Caroline Kane,D,"Los Altos, Calif.",womens-soccer,2024,37.3790629,-122.116578
Cecilia Cerone,GK,"Dallas, Texas",womens-soccer,2024,32.7762719,-96.7968559
Drew Coomans,F,"Long Beach, Calif.",womens-soccer,2024,33.7690164,-118.191604
Dylan Jovanovic,F,"New York, N.Y.",womens-soccer,2024,40.7127281,-74.0060152
Ella Midura,F/M,"Wellesley, Mass.",womens-soccer,2024,42.2964859,-71.2925571
Esmé Rudell,D,"Los Angeles, Calif.",womens-soccer,2024,34.0536909,-118.242766
Grace Rossner,M/F,"Castle Pines, Colo.",womens-soccer,2024,39.4702853,-104.8804384
Heather MacNab,F(C),"Indianapolis, Ind.",womens-soccer,2024,39.7683331,-86.1583502
Isabella Garces,F,"Smithfield, R.I.",womens-soccer,2024,41.9220433,-71.549507
Kate Toomey,M,"Bellevue, Wash.",womens-soccer,2024,47.6144219,-122.192337
Kayla Wong,M,"Manalapan, N.J.",womens-soccer,2024,40.2852895,-74.333495
Kelsee Wozniak,D,"Raynham, Mass.",womens-soccer,2024,41.9487118,-71.0731008
Kiley Hamou,D,"East Setauket, N.Y.",womens-soccer,2024,40.919085,-73.0963408
Lily Bryant,M,"Brookline, Mass.",womens-soccer,2024,42.332918,-71.1187829
Pia Beaulieu,D,"Boca Raton, Fla.",womens-soccer,2024,26.3586885,-80.0830984
Pietra Tordin,F/M,"Doral, Fla.",womens-soccer,2024,25.8195424,-80.3553302
Rebecca Sherry,D,"Tiburon, Calif.",womens-soccer,2024,37.8775332,-122.460808
Ryann Brown,D,"Laguna Niguel, Calif.",womens-soccer,2024,33.5225261,-117.7075526
Sophia Kurisu,M,"Mountain View, Calif.",womens-soccer,2024,37.3893889,-122.0832101
Summer Pierson,D,"Framingham, Mass.",womens-soccer,2024,42.2773177,-71.4165905
Sydney Romano,GK,"Old Westbury, N.Y.",womens-soccer,2024,40.7887113,-73.5995717
Tyler McCamey,GK(C),"Atlanta, Ga.",womens-soccer,2024,33.7544657,-84.3898151
Zoe Markesini,D,"Markham, Ont.",womens-soccer,2024,43.8563707,-79.3376825
Aditi Singh,F,"West Windsor, N.J.",womens-soccer,2025,40.2971798,-74.6206496
Alexandra Barry,F,"Saddle River, N.J.",womens-soccer,2025,41.0317637,-74.1020866
Ally Murphy,F(C),"Winchester, Mass.",womens-soccer,2025,42.4523178,-71.1369982
Anna Chau,M/D,"Fairfax, Va.",womens-soccer,2025,38.8462236,-77.3063733
Aubrey Crisostomo,F/M,"San Diego, Calif.",womens-soccer,2025,32.7157062,-117.1638284
Brooke Dawahare,M,"Lexington, Ky.",womens-soccer,2025,38.0464066,-84.4970393
Caroline Kane,D,"Los Altos, Calif.",womens-soccer,2025,37.3790629,-122.116578
Carson Proctor,GK,"Palm Beach Gardens, Fla.",womens-soccer,2025,26.8233946,-80.1386547
Cecilia Cerone,GK,"Dallas, Texas",womens-soccer,2025,32.7762719,-96.7968559
Drew Coomans,F,"Long Beach, Calif.",womens-soccer,2025,33.7690164,-118.191604
Dylan Jovanovic,F,"New York, N.Y.",womens-soccer,2025,40.7127281,-74.0060152
Esmé Rudell,M/D,"Los Angeles, Calif.",womens-soccer,2025,34.0536909,-118.242766
Grace Rossner,M/F,"Castle Pines, Colo.",womens-soccer,2025,39.4702853,-104.8804384
Isabella Garces,F,"Smithfield, R.I.",womens-soccer,2025,41.9220433,-71.549507
Julia Johnson,D,"Easton, Conn.",womens-soccer,2025,41.2528738,-73.2973394
Kayla Wong,M,"Manalapan, N.J.",womens-soccer,2025,40.2852895,-74.333495
Kelsee Wozniak,D,"Raynham, Mass.",womens-soccer,2025,41.9487118,-71.0731008
Maddie Recupero,M,"Hopkinton, Mass.",womens-soccer,2025,42.2288875,-71.5196439
Nina Cantor,F,"Bryn Mawr, Pa.",womens-soccer,2025,40.0238245,-75.3173407
Pia Beaulieu,M,"Boca Raton, Fla.",womens-soccer,2025,26.3586885,-80.0830984
Rebecca Sherry,F,"Tiburon, Calif.",womens-soccer,2025,37.8775332,-122.460808
Sarah Houston,F/M,"Kennesaw, Ga.",womens-soccer,2025,34.0234337,-84.6154897
Sophia Kurisu,M,"Mountain View, Calif.",womens-soccer,2025,37.3893889,-122.0832101
Summer Pierson,M/D,"Framingham, Mass.",womens-soccer,2025,42.2773177,-71.4165905
Sydney Romano,GK,"Old Westbury, N.Y.",womens-soccer,2025,40.7887113,-73.5995717
Zoe Markesini,D(C),"Markham, Ont.",womens-soccer,2025,43.8563707,-79.3376825
Aditi Singh,F,"West Windsor, N.J.",womens-soccer,2026,40.2971798,-74.6206496
Alexandra Barry,F,"Saddle River, N.J.",womens-soccer,2026,41.0317637,-74.1020866
Anna Chau,M/D,"Fairfax, Va.",womens-soccer,2026,38.8462236,-77.3063733
Annie Frigerio,M,"Brookline, Mass.",womens-soccer,2026,42.332918,-71.1187829
Aubrey Crisostomo,F/M,"San Diego, Calif.",womens-soccer,2026,32.7157062,-117.1638284
Blane McElroy,M,"Charlotte, N.C.",womens-soccer,2026,35.2272086,-80.8430827
Brooke Dawahare,M,"Lexington, Ky.",womens-soccer,2026,38.0464066,-84.4970393
Carson Proctor,GK,"Palm Beach Gardens, Fla.",womens-soccer,2026,26.8233946,-80.1386547
Cecilia Cerone,GK(C),"Dallas, Texas",womens-soccer,2026,32.7762719,-96.7968559
Dylan Jovanovic,F,"New York, N.Y.",womens-soccer,2026,40.7127281,-74.0060152
Esmé Rudell,M/D(C),"Los Angeles, Calif.",womens-soccer,2026,34.0536909,-118.242766
Gianna Camporeale,F,"Caldwell, N.J.",womens-soccer,2026,40.8398218,-74.2765366
Grace Rossner,M/F,"Castle Pines, Colo.",womens-soccer,2026,39.4702853,-104.8804384
Isabella Garces,F,"Smithfield, R.I.",womens-soccer,2026,41.9220433,-71.549507
Julia Johnson,D,"Easton, Conn.",womens-soccer,2026,41.2528738,-73.2973394
Kayla Wong,M,"Manalapan, N.J.",womens-soccer,2026,40.2852895,-74.333495
Lewa Drew White,M,"Atherton, Calif.",womens-soccer,2026,37.453773,-122.2058272
Maddie Recupero,M,"Hopkinton, Mass.",womens-soccer,2026,42.2288875,-71.5196439
Mariana Gomez,D/M,"Pasadena, Calif.",womens-soccer,2026,34.1476507,-118.144155
Neve Erdman,D,"Portland, Ore.",womens-soccer,2026,45.5202471,-122.674194
Nina Cantor,F,"Bryn Mawr, Pa.",womens-soccer,2026,40.0238245,-75.3173407
Rebecca Sherry,F,"Tiburon, Calif.",womens-soccer,2026,37.8775332,-122.460808
Sarah Houston,F/M,"Kennesaw, Ga.",womens-soccer,2026,34.0234337,-84.6154897
Stella Monberg,F,"San Francisco, Calif.",womens-soccer,2026,37.7879363,-122.4075201
Sydney Romano,GK,"Old Westbury, N.Y.",womens-soccer,2026,40.7887113,-73.5995717
Victoria Adams,D,"Naperville, Ill.",womens-soccer,2026,41.7728699,-88.1479278
Zoe Markesini,D(C),"Markham, Ont.",womens-soccer,2026,43.8563707,-79.3376825
Alexandra Toth,,"Richmond, B.C.",womens-squash,2016,49.163168,-123.137414
Ashley Richards,,"Greenwich, Conn.",womens-squash,2016,41.0264862,-73.6284598
Camille Price,,"New York, N.Y.",womens-squash,2016,40.7127281,-74.0060152
Gabriella Garr,,"New York, N.Y.",womens-squash,2016,40.7127281,-74.0060152
Isabel Hirshberg,,"Philadelphia, Pa.",womens-squash,2016,39.9527237,-75.1635262
Kate Feeley,,"Greenwich, Conn.",womens-squash,2016,41.0264862,-73.6284598
Kira Keating,,"Chevy Chase, Md.",womens-squash,2016,38.9813699,-77.0849245
Lindsey Scott,,"Greenwich, Conn.",womens-squash,2016,41.0264862,-73.6284598
Madison Soukup,,"Haverford, Pa.",womens-squash,2016,40.0129191,-75.2966948
Maria Elena Ubina,,"Stamford, Conn.",womens-squash,2016,41.0534302,-73.5387341
Morgan Steelman,,"Philadelphia, Pa.",womens-squash,2016,39.9527237,-75.1635262
Natalie Tung,,Hong Kong,womens-squash,2016,22.2818333,114.1582831
Olivia Fiechter,,"Chestnut Hill, Pa.",womens-squash,2016,40.0770553,-75.2074
Samantha Chai,,"Norwell, Mass.",womens-squash,2016,42.1617681,-70.7939307
Camille Price,,"New York, N.Y.",womens-squash,2017,40.7127281,-74.0060152
Emme Leonard,,"Harrison, N.Y.",womens-squash,2017,40.9689871,-73.71263
Grace Doyle,,"Haverford, Pa.",womens-squash,2017,40.0129191,-75.2966948
Isabel Hirshberg,,"Philadelphia, Pa.",womens-squash,2017,39.9527237,-75.1635262
Kate Feeley,,"Greenwich, Conn.",womens-squash,2017,41.0264862,-73.6284598
Kira Keating,,"Chevy Chase, Md.",womens-squash,2017,38.9813699,-77.0849245
Madison Soukup,,"Haverford, Pa.",womens-squash,2017,40.0129191,-75.2966948
Mia Rosini,,"Gladwyne, Pa.",womens-squash,2017,40.0397304,-75.2791788
Morgan Steelman,,"Philadelphia, Pa.",womens-squash,2017,39.9527237,-75.1635262
Natalie Tung,,Hong Kong,womens-squash,2017,22.2818333,114.1582831
Olivia Fiechter,,"Chestnut Hill, Pa.",womens-squash,2017,40.0770553,-75.2074
Raneem El Torky,,"Alexandria, Egypt",womens-squash,2017,31.1991806,29.8951716
Samantha Chai,,"Norwell, Mass.",womens-squash,2017,42.1617681,-70.7939307
Zeina Elsisy,,"Alexandria, Egypt",womens-squash,2017,31.1991806,29.8951716
Andrea Toth,,"Vancouver, B.C.",womens-squash,2018,49.2608724,-123.113952
Bubble Lui,,Hong Kong,womens-squash,2018,22.2818333,114.1582831
Camille Price,,"New York, N.Y.",womens-squash,2018,40.7127281,-74.0060152
Elle Ruggiero,,"Malvern, Pa.",womens-squash,2018,40.036202,-75.5138959
Emily Rose,,"Greenwich, Conn.",womens-squash,2018,41.0264862,-73.6284598
Emme Leonard,,"Harrison, N.Y.",womens-squash,2018,40.9689871,-73.71263
Grace Doyle,,"Haverford, Pa.",womens-squash,2018,40.0129191,-75.2966948
Isabel Hirshberg,,"Philadelphia, Pa.",womens-squash,2018,39.9527237,-75.1635262
Kate Feeley,,"Greenwich, Conn.",womens-squash,2018,41.0264862,-73.6284598
Madison Soukup,,"Haverford, Pa.",womens-squash,2018,40.0129191,-75.2966948
Mia Rosini,,"Gladwyne, Pa.",womens-squash,2018,40.0397304,-75.2791788
Morgan Steelman,,"Philadelphia, Pa.",womens-squash,2018,39.9527237,-75.1635262
Raneem El Torky,,"Alexandria, Egypt",womens-squash,2018,31.1991806,29.8951716
Samantha Chai,,"Norwell, Mass.",womens-squash,2018,42.1617681,-70.7939307
Andrea Toth,,"Vancouver, B.C.",womens-squash,2019,49.2608724,-123.113952
Anna Goodman,,"Mosman, Australia",womens-squash,2019,-33.8283536,151.2476855
Caroline Spahr,,"Milton, Mass.",womens-squash,2019,42.2501425,-71.065573
Elle Ruggiero,,"Malvern, Pa.",womens-squash,2019,40.036202,-75.5138959
Emily Rose,,"Greenwich, Conn.",womens-squash,2019,41.0264862,-73.6284598
Emme Leonard,,"Harrison, N.Y.",womens-squash,2019,40.9689871,-73.71263
Grace Doyle,,"Haverford, Pa.",womens-squash,2019,40.0129191,-75.2966948
India Stephenson,,"Greenwich, Conn.",womens-squash,2019,41.0264862,-73.6284598
Lucy Stephenson,,"Greenwich, Conn.",womens-squash,2019,41.0264862,-73.6284598
Madison Soukup,,"Haverford, Pa.",womens-squash,2019,40.0129191,-75.2966948
Mia Rosini,,"Gladwyne, Pa.",womens-squash,2019,40.0397304,-75.2791788
Morgan Steelman,,"Philadelphia, Pa.",womens-squash,2019,39.9527237,-75.1635262
Raneem El Torky,,"Alexandria, Egypt",womens-squash,2019,31.1991806,29.8951716
Anna Goodman,,"Mosman, Australia",womens-squash,2020,-33.8283536,151.2476855
Elle Ruggiero,,"Malvern, Pa.",womens-squash,2020,40.036202,-75.5138959
Emily Rose,,"Greenwich, Conn.",womens-squash,2020,41.0264862,-73.6284598
Grace Doyle,,"Haverford, Pa.",womens-squash,2020,40.0129191,-75.2966948
India Stephenson,,"Greenwich, Conn.",womens-squash,2020,41.0264862,-73.6284598
Isabel Paine,,"Princeton, N.J.",womens-squash,2020,40.3496953,-74.6597376
Katherine Glaser,,"Villanova, Pa.",womens-squash,2020,40.0411671,-75.3310527
Lucy Stephenson,,"Greenwich, Conn.",womens-squash,2020,41.0264862,-73.6284598
Mia Rosini,,"Gladwyne, Pa.",womens-squash,2020,40.0397304,-75.2791788
Olivia Robinson,,"New York, N.Y.",womens-squash,2020,40.7127281,-74.0060152
Saachi Singh,,"Berwyn, Pa.",womens-squash,2020,40.0477701,-75.4421325
Andrea Toth,,"Vancouver, B.C.",womens-squash,2021,49.2608724,-123.113952
Anna Goodman,,"Mosman, Australia",womens-squash,2021,-33.8283536,151.2476855
Caroline Spahr,,"Milton, Mass.",womens-squash,2021,42.2501425,-71.065573
Connie Nelson,,"Cincinnati, Ohio",womens-squash,2021,39.1012809,-84.5127405
Elle Ruggiero,,"Malvern, Pa.",womens-squash,2021,40.036202,-75.5138959
Emily Rose,,"Greenwich, Conn.",womens-squash,2021,41.0264862,-73.6284598
Emme Leonard,,"Harrison, N.Y.",womens-squash,2021,40.9689871,-73.71263
Isabel Paine,,"Princeton, N.J.",womens-squash,2021,40.3496953,-74.6597376
Josephine Klein,,"New York, N.Y.",womens-squash,2021,40.7127281,-74.0060152
Katherine Glaser,,"Villanova, Pa.",womens-squash,2021,40.0411671,-75.3310527
Katherine Sapinski,,"San Francisco, Calif.",womens-squash,2021,37.7879363,-122.4075201
Kristen Weil,,"Wayne, Pa.",womens-squash,2021,41.6264414,-75.3045103
Molly Chadwick,,"Toronto, Ont.",womens-squash,2021,43.6534817,-79.3839347
Olivia Robinson,,"New York, N.Y.",womens-squash,2021,40.7127281,-74.0060152
Raneem El Torky,,"Alexandria, Egypt",womens-squash,2021,31.1991806,29.8951716
Saachi Singh,,"Berwyn, Pa.",womens-squash,2021,40.0477701,-75.4421325
Abigail Schuster,,"Baltimore, Md.",womens-squash,2022,39.2908816,-76.610759
Andrea Toth,,"Vancouver, B.C.",womens-squash,2022,49.2608724,-123.113952
Anna Goodman,,"Mosman, Australia",womens-squash,2022,-33.8283536,151.2476855
Caroline Spahr,,"Milton, Mass.",womens-squash,2022,42.2501425,-71.065573
Charlotte Bell,,"Wellesley, Mass.",womens-squash,2022,42.2964859,-71.2925571
Connie Nelson,,"Cincinnati, Ohio",womens-squash,2022,39.1012809,-84.5127405
India Stephenson,,"Greenwich, Conn.",womens-squash,2022,41.0264862,-73.6284598
Isabel Paine,,"Princeton, N.J.",womens-squash,2022,40.3496953,-74.6597376
Josephine Klein,,"New York, N.Y.",womens-squash,2022,40.7127281,-74.0060152
Katherine Glaser,,"Villanova, Pa.",womens-squash,2022,40.0411671,-75.3310527
Katherine Sapinski,,"San Francisco, Calif.",womens-squash,2022,37.7879363,-122.4075201
Kristen Weil,,"Wayne, Pa.",womens-squash,2022,41.6264414,-75.3045103
Liyen Teoh,,"Bayan Lepas, Malaysia",womens-squash,2022,5.2948137,100.2595968
Lucy Stephenson,,"Greenwich, Conn.",womens-squash,2022,41.0264862,-73.6284598
Molly Chadwick,,"Toronto, Ont.",womens-squash,2022,43.6534817,-79.3839347
Olivia Robinson,,"New York, N.Y.",womens-squash,2022,40.7127281,-74.0060152
Saachi Singh,,"Berwyn, Pa.",womens-squash,2022,40.0477701,-75.4421325
Abigail Schuster,,"Baltimore, Md.",womens-squash,2023,39.2908816,-76.610759
Caroline Spahr,,"Milton, Mass.",womens-squash,2023,42.2501425,-71.065573
Charlotte Bell,,"Wellesley, Mass.",womens-squash,2023,42.2964859,-71.2925571
Connie Nelson,,"Cincinnati, Ohio",womens-squash,2023,39.1012809,-84.5127405
Emma Trauber,,"Greenwich, Conn.",womens-squash,2023,41.0264862,-73.6284598
India Stephenson,,"Greenwich, Conn.",womens-squash,2023,41.0264862,-73.6284598
Isabel Paine,,"Princeton, N.J.",womens-squash,2023,40.3496953,-74.6597376
Josephine Klein,,"New York, N.Y.",womens-squash,2023,40.7127281,-74.0060152
Katherine Glaser,,"Villanova, Pa.",womens-squash,2023,40.0411671,-75.3310527
Katherine Sapinski,,"San Francisco, Calif.",womens-squash,2023,37.7879363,-122.4075201
Kristen Weil,,"Wayne, Pa.",womens-squash,2023,41.6264414,-75.3045103
Liyen Teoh,,"Bayan Lepas, Malaysia",womens-squash,2023,5.2948137,100.2595968
Lucy Stephenson,,"Greenwich, Conn.",womens-squash,2023,41.0264862,-73.6284598
Molly Chadwick,,"Toronto, Ont.",womens-squash,2023,43.6534817,-79.3839347
Olivia Robinson,,"New York, N.Y.",womens-squash,2023,40.7127281,-74.0060152
Saachi Singh,,"Berwyn, Pa.",womens-squash,2023,40.0477701,-75.4421325
Sonya Sasson,,"New York, N.Y.",womens-squash,2023,40.7127281,-74.0060152
Zeina Zein,,"Alexandria, Egypt",womens-squash,2023,31.1991806,29.8951716
Abigail Schuster,,"Baltimore, Md.",womens-squash,2024,39.2908816,-76.610759
Caroline Eielson,,"Boston, Mass.",womens-squash,2024,42.3588336,-71.0578303
Charlotte Bell,,"Wellesley, Mass.",womens-squash,2024,42.2964859,-71.2925571
Connie Nelson,,"Cincinnati, Ohio",womens-squash,2024,39.1012809,-84.5127405
Emma Trauber,,"Greenwich, Conn.",womens-squash,2024,41.0264862,-73.6284598
Hermione Cao,,"Vancouver, B.C.",womens-squash,2024,49.2608724,-123.113952
Josephine Klein,,"New York, N.Y.",womens-squash,2024,40.7127281,-74.0060152
Katherine Sapinski,,"San Francisco, Calif.",womens-squash,2024,37.7879363,-122.4075201
Kristen Weil,,"Wayne, Pa.",womens-squash,2024,41.6264414,-75.3045103
Liyen Teoh,,"Bayan Lepas, Malaysia",womens-squash,2024,5.2948137,100.2595968
Molly Chadwick,,"Toronto, Ont.",womens-squash,2024,43.6534817,-79.3839347
Sonya Sasson,,"New York, N.Y.",womens-squash,2024,40.7127281,-74.0060152
Zeina Zein,,"Alexandria, Egypt",womens-squash,2024,31.1991806,29.8951716
Abigail Schuster,,"Baltimore, Md.",womens-squash,2025,39.2908816,-76.610759
Alex Jaffe,,"Philadelphia, Pa.",womens-squash,2025,39.9527237,-75.1635262
Caroline Dupree,,"Chevy Chase, Md.",womens-squash,2025,38.9813699,-77.0849245
Caroline Eielson,,"Boston, Mass.",womens-squash,2025,42.3588336,-71.0578303
Charlotte Bell,,"Wellesley, Mass.",womens-squash,2025,42.2964859,-71.2925571
Eliza Schuster,,"Baltimore, Md.",womens-squash,2025,39.2908816,-76.610759
Emma Trauber,,"Greenwich, Conn.",womens-squash,2025,41.0264862,-73.6284598
Hermione Cao,,"Vancouver, B.C.",womens-squash,2025,49.2608724,-123.113952
Leila Yosry,,"Cairo, Egypt",womens-squash,2025,30.0443879,31.2357257
Liyen Teoh,,"Bayan Lepas, Malaysia",womens-squash,2025,5.2948137,100.2595968
Sam Jaffe,,"Philadelphia, Pa.",womens-squash,2025,39.9527237,-75.1635262
Saranya Singh,,"Berwyn, Pa.",womens-squash,2025,40.0477701,-75.4421325
Sonya Sasson,,"New York, N.Y.",womens-squash,2025,40.7127281,-74.0060152
Zeina Zein,,"Alexandria, Egypt",womens-squash,2025,31.1991806,29.8951716
Alex Jaffe,,"Philadelphia, Pa.",womens-squash,2026,39.9527237,-75.1635262
Caroline Dupree,,"Chevy Chase, Md.",womens-squash,2026,38.9813699,-77.0849245
Caroline Eielson,,"Boston, Mass.",womens-squash,2026,42.3588336,-71.0578303
Eliza Schuster,,"Baltimore, Md.",womens-squash,2026,39.2908816,-76.610759
Emma Trauber,,"Greenwich, Conn.",womens-squash,2026,41.0264862,-73.6284598
Hermione Cao,,"Vancouver, B.C.",womens-squash,2026,49.2608724,-123.113952
Leila Yosry,,"Cairo, Egypt",womens-squash,2026,30.0443879,31.2357257
Lily Bourell,,"Westwood, Mass.",womens-squash,2026,42.2186913,-71.2233829
Lily Purtuc,,"Pennington, N.J.",womens-squash,2026,40.3281213,-74.7909992
Sam Jaffe,,"Philadelphia, Pa.",womens-squash,2026,39.9527237,-75.1635262
Saranya Singh,,"Berwyn, Pa.",womens-squash,2026,40.0477701,-75.4421325
Sonya Sasson,,"New York, N.Y.",womens-squash,2026,40.7127281,-74.0060152
Zeina Zein,,"Alexandria, Egypt",womens-squash,2026,31.1991806,29.8951716
Alice Eltvedt,DIVE,"Princeton Jct., N.J.",womens-swimming-and-diving,2016,40.3159898,-74.6241189
Alisabeth Marsteller,"FREE, IM","Mason, Ohio",womens-swimming-and-diving,2016,39.3600586,-84.309939
Carolyn MacFarlane,DIVE,"Vancouver, B.C.",womens-swimming-and-diving,2016,49.2608724,-123.113952
Carrie Hillebrand,Distance,"Charleston, S.C.",womens-swimming-and-diving,2016,32.7884363,-79.9399309
Christie Chong,Back/IM/Free,"Danville, Calif.",womens-swimming-and-diving,2016,37.8225892,-122.0008254
Claire McIlmail,"FREE, FLY","Urbana, Md.",womens-swimming-and-diving,2016,39.3206075,-77.3416402
Colleen McHugh,DIVE(C),"Lewis Center, Ohio",womens-swimming-and-diving,2016,40.1983958,-83.0101843
Deborah Daly,DIVE,"Andover, Mass.",womens-swimming-and-diving,2016,42.65717,-71.1408776
Delaney Johnson,"FLY,FREE(C)","Elkins, W.V.",womens-swimming-and-diving,2016,38.9286659,-79.8651208
Elaina Gu,"FR, BK","Rockville, Md.",womens-swimming-and-diving,2016,39.0817985,-77.1516844
Elaine Zhou,,"Charleston, S.C.",womens-swimming-and-diving,2016,32.7884363,-79.9399309
Elsa Welshofer,"FREE, FLY","Charlotte, N.C.",womens-swimming-and-diving,2016,35.2272086,-80.8430827
Gianna Garcia,Fly/Back,"Danville, Calif.",womens-swimming-and-diving,2016,37.8225892,-122.0008254
Isabel Shipman,D,"Harrison, N.Y.",womens-swimming-and-diving,2016,40.9689871,-73.71263
Izzy Reis,"FLY, FREE, IM","Hampton Falls, N.H.",womens-swimming-and-diving,2016,42.9164147,-70.8646837
Janet Zhao,"BR,IM","Ottawa, Ont.",womens-swimming-and-diving,2016,45.4208777,-75.6901106
Joanna Curry,"BK, FLY, FREE","Vacaville, Calif.",womens-swimming-and-diving,2016,38.3565773,-121.9877444
Jocelyn Wang,IM/Fly,"Chandler, Ariz.",womens-swimming-and-diving,2016,33.3062031,-111.841185
Karen Zhang,"FR,BR,IM","Ann Arbor, Mich.",womens-swimming-and-diving,2016,42.2813722,-83.7484616
Katherine Diller,"FLY, FREE, IM","Lancaster, Pa.",womens-swimming-and-diving,2016,40.0379958,-76.3056707
Kathleen Mulligan,BACK/FREE/IM,"Phoenix, Az.",womens-swimming-and-diving,2016,33.4484367,-112.074141
Kathryn Didion,"FLY, BR, IM","Walnut Creek, Calif.",womens-swimming-and-diving,2016,37.9020731,-122.0618702
Katrin Lewis,Diving,"Evergreen, Colo.",womens-swimming-and-diving,2016,39.6361637,-105.321458
Larkin Papa,DIVE,"Southlake, Texas",womens-swimming-and-diving,2016,32.9412363,-97.1341783
Lauren Peterson,Distance,"Leawood, Kan.",womens-swimming-and-diving,2016,38.966673,-94.6169012
Lily Mannion,Free/IM,"Boston, Mass.",womens-swimming-and-diving,2016,42.3588336,-71.0578303
Lily Reisinger,FREE,"St. Louis, Mo.",womens-swimming-and-diving,2016,38.6254063,-90.190009
Lindsay Temple,"BACK, IM","Hillsborough, N.J.",womens-swimming-and-diving,2016,40.5052296,-74.6732941
Lindsey Swartz,"BR,IM","Fort Lauderdale, Fla.",womens-swimming-and-diving,2016,26.1223084,-80.1433786
Lisa Li,DIVE,"Monterey Park, Calif.",womens-swimming-and-diving,2016,34.051522,-118.129807
Maddy Veith,"FREE, BREAST(C)","Hershey, Pa.",womens-swimming-and-diving,2016,40.2850285,-76.6534662
Mary Kate Davis,"DISTANCE, BACK","Cinnaminson, N.J.",womens-swimming-and-diving,2016,40.0166151,-74.9999754
Meghan Slattery,Free/Breast,"Bayport, N.Y.",womens-swimming-and-diving,2016,40.74885,-73.052214
Melissa Fulenwider,"FR,BR,IM","Rye, N.Y.",womens-swimming-and-diving,2016,40.9821371,-73.6840902
Michelle Campeau,FREE,"Rochester, Minn.",womens-swimming-and-diving,2016,44.0234387,-92.4630182
Mimi Lin,Diving,"Forest City, Calif.",womens-swimming-and-diving,2016,33.8154092,-116.4412993
Monica McGrath,"D,FR","Louisville, Ken.",womens-swimming-and-diving,2016,38.2542376,-85.759407
Natasha MacManus,Diving,"Dublin, Ire.",womens-swimming-and-diving,2016,53.3493795,-6.2605593
Olivia Chan,"BR, FLY, IM","New Hyde Park, N.Y.",womens-swimming-and-diving,2016,40.7352157,-73.6883239
Rebecca Fleming,D,"Short Hills, N.J.",womens-swimming-and-diving,2016,40.7381585,-74.3377392
Shaelyn Choi,IM/Breast,"Irvine, Calif.",womens-swimming-and-diving,2016,33.6856969,-117.825981
Victoria Lepesant,"FLY, FREE, IM","Pasadena, Calif.",womens-swimming-and-diving,2016,34.1476507,-118.144155
Yasmeen Almog,DIVE,"Edina, Minn.",womens-swimming-and-diving,2016,44.8897027,-93.3501222
Ailee Jo Mendoza,Back/IM,"New York, N.Y.",womens-swimming-and-diving,2017,40.7127281,-74.0060152
Alisabeth Marsteller,"FREE, IM","Mason, Ohio",womens-swimming-and-diving,2017,39.3600586,-84.309939
Carolyn MacFarlane,DIVE,"Vancouver, B.C.",womens-swimming-and-diving,2017,49.2608724,-123.113952
Carrie Hillebrand,Distance,"Charleston, S.C.",womens-swimming-and-diving,2017,32.7884363,-79.9399309
Christie Chong,Back/IM/Free,"Danville, Calif.",womens-swimming-and-diving,2017,37.8225892,-122.0008254
Claire McIlmail,"FREE, FLY","Urbana, Md.",womens-swimming-and-diving,2017,39.3206075,-77.3416402
Colleen McHugh,DIVE,"Lewis Center, Ohio",womens-swimming-and-diving,2017,40.1983958,-83.0101843
Courtney Tseng,Free/IM,"Fullerton, Calif.",womens-swimming-and-diving,2017,33.8708215,-117.929416
Elaina Gu,"FR, BK","Rockville, Md.",womens-swimming-and-diving,2017,39.0817985,-77.1516844
Elaine Zhou,,"Charleston, S.C.",womens-swimming-and-diving,2017,32.7884363,-79.9399309
Elsa Welshofer,"FREE, FLY","Charlotte, N.C.",womens-swimming-and-diving,2017,35.2272086,-80.8430827
Emma Cottrill,Sprint Free/Fly,"Diablo, Calif.",womens-swimming-and-diving,2017,37.8424612,-121.957403
Gianna Garcia,Fly/Back,"Danville, Calif.",womens-swimming-and-diving,2017,37.8225892,-122.0008254
Harley Lopez Miro,Back/Free,"Auburn, Ala.",womens-swimming-and-diving,2017,32.6098566,-85.4807825
Izzy Reis,"FLY, FREE, IM","Hampton Falls, N.H.",womens-swimming-and-diving,2017,42.9164147,-70.8646837
Jenny Ma,Breast,"Cupertino, Calif.",womens-swimming-and-diving,2017,37.3228934,-122.0322895
Joanna Curry,"BK, FLY, FREE","Vacaville, Calif.",womens-swimming-and-diving,2017,38.3565773,-121.9877444
Jocelyn Wang,IM/Fly,"Chandler, Ariz.",womens-swimming-and-diving,2017,33.3062031,-111.841185
Karen Zhang,"FR,BR,IM","Ann Arbor, Mich.",womens-swimming-and-diving,2017,42.2813722,-83.7484616
Kathryn Didion,"FLY, BR, IM","Walnut Creek, Calif.",womens-swimming-and-diving,2017,37.9020731,-122.0618702
Katrin Lewis,Diving,"Evergreen, Colo.",womens-swimming-and-diving,2017,39.6361637,-105.321458
Larkin Papa,DIVE,"Southlake, Texas",womens-swimming-and-diving,2017,32.9412363,-97.1341783
Lauren McGrath,Free/Fly,"Pittsburgh, Pa.",womens-swimming-and-diving,2017,40.4406968,-80.0025666
Lauren Peterson,Distance,"Leawood, Kan.",womens-swimming-and-diving,2017,38.966673,-94.6169012
Lily Mannion,Free/IM,"Boston, Mass.",womens-swimming-and-diving,2017,42.3588336,-71.0578303
Lily Reisinger,FREE,"St. Louis, Mo.",womens-swimming-and-diving,2017,38.6254063,-90.190009
Lindsay Temple,"BACK, IM","Hillsborough, N.J.",womens-swimming-and-diving,2017,40.5052296,-74.6732941
Lindsey Swartz,"BR,IM","Fort Lauderdale, Fla.",womens-swimming-and-diving,2017,26.1223084,-80.1433786
Maddy Veith,"FREE, BREAST","Hershey, Pa.",womens-swimming-and-diving,2017,40.2850285,-76.6534662
Mary Kate Davis,"DISTANCE, BACK","Cinnaminson, N.J.",womens-swimming-and-diving,2017,40.0166151,-74.9999754
Meghan Slattery,Free/Breast,"Bayport, N.Y.",womens-swimming-and-diving,2017,40.74885,-73.052214
Mimi Lin,Diving,"Forest City, Calif.",womens-swimming-and-diving,2017,33.8154092,-116.4412993
Monica McGrath,"D,FR","Louisville, Ken.",womens-swimming-and-diving,2017,38.2542376,-85.759407
Natasha MacManus,Diving,"Dublin, Ire.",womens-swimming-and-diving,2017,53.3493795,-6.2605593
Regan Barney,IM/Back/Fly,"Austin, Texas",womens-swimming-and-diving,2017,30.2711286,-97.7436995
Shaelyn Choi,IM/Breast,"Irvine, Calif.",womens-swimming-and-diving,2017,33.6856969,-117.825981
Sine Scribbick,Diving,"San Antonio, Texas",womens-swimming-and-diving,2017,29.4246002,-98.4951405
Skyler Liu,Fly/IM,"Piedmont, Calif.",womens-swimming-and-diving,2017,37.8243715,-122.231635
Sophia Marusic,,"St. Louis, Mo.",womens-swimming-and-diving,2017,38.6254063,-90.190009
Sophia Peifer,Diving,"Haddonfield, N.J.",womens-swimming-and-diving,2017,39.8915022,-75.0376707
Stephanie Nelson,Back/IM/Fly,"Denver, N.C.",womens-swimming-and-diving,2017,35.5312452,-81.0297994
Ailee Jo Mendoza,Back/IM,"New York, N.Y.",womens-swimming-and-diving,2018,40.7127281,-74.0060152
Anna Durak,,"Hickory, N.C.",womens-swimming-and-diving,2018,35.7333312,-81.3442915
Carolyn MacFarlane,DIVE,"Vancouver, B.C.",womens-swimming-and-diving,2018,49.2608724,-123.113952
Carrie Hillebrand,Distance,"Charleston, S.C.",womens-swimming-and-diving,2018,32.7884363,-79.9399309
Cathy Teng,,"Santa Clara, Calif.",womens-swimming-and-diving,2018,37.2333253,-121.6846349
Christie Chong,Back/IM/Free,"Danville, Calif.",womens-swimming-and-diving,2018,37.8225892,-122.0008254
Courtney Tseng,Free/IM,"Fullerton, Calif.",womens-swimming-and-diving,2018,33.8708215,-117.929416
Elaina Gu,"FR, BK","Rockville, Md.",womens-swimming-and-diving,2018,39.0817985,-77.1516844
Elaine Zhou,,"Charleston, S.C.",womens-swimming-and-diving,2018,32.7884363,-79.9399309
Gianna Garcia,Fly/Back,"Danville, Calif.",womens-swimming-and-diving,2018,37.8225892,-122.0008254
Hannah Feng,,"San Antonio, Texas",womens-swimming-and-diving,2018,29.4246002,-98.4951405
Harley Lopez Miro,Back/Free,"Auburn, Ala.",womens-swimming-and-diving,2018,32.6098566,-85.4807825
Izzy Reis,"FLY, FREE, IM","Hampton Falls, N.H.",womens-swimming-and-diving,2018,42.9164147,-70.8646837
Janet Zhao,"BR,IM","Ottawa, Ont.",womens-swimming-and-diving,2018,45.4208777,-75.6901106
Jenny Ma,Breast,"Cupertino, Calif.",womens-swimming-and-diving,2018,37.3228934,-122.0322895
Joanna Curry,"BK, FLY, FREE","Vacaville, Calif.",womens-swimming-and-diving,2018,38.3565773,-121.9877444
Jocelyn Wang,IM/Fly,"Chandler, Ariz.",womens-swimming-and-diving,2018,33.3062031,-111.841185
Julia Brazeau,,"Excelsior, Minn.",womens-swimming-and-diving,2018,44.9032963,-93.5663455
Karen Zhang,"FR,BR,IM","Ann Arbor, Mich.",womens-swimming-and-diving,2018,42.2813722,-83.7484616
Kathryn Didion,"FLY, BR, IM","Walnut Creek, Calif.",womens-swimming-and-diving,2018,37.9020731,-122.0618702
Katrin Lewis,Diving,"Evergreen, Colo.",womens-swimming-and-diving,2018,39.6361637,-105.321458
Lauren McGrath,Free/Fly,"Pittsburgh, Pa.",womens-swimming-and-diving,2018,40.4406968,-80.0025666
Lauren Peterson,Distance,"Leawood, Kan.",womens-swimming-and-diving,2018,38.966673,-94.6169012
Lily Mannion,Free/IM,"Boston, Mass.",womens-swimming-and-diving,2018,42.3588336,-71.0578303
Meghan Slattery,Free/Breast,"Bayport, N.Y.",womens-swimming-and-diving,2018,40.74885,-73.052214
Mimi Lin,Diving,"Forest City, Calif.",womens-swimming-and-diving,2018,33.8154092,-116.4412993
Monica McGrath,"D,FR","Louisville, Ken.",womens-swimming-and-diving,2018,38.2542376,-85.759407
Natasha MacManus,Diving,"Dublin, Ire.",womens-swimming-and-diving,2018,53.3493795,-6.2605593
Regan Barney,IM/Back/Fly,"Austin, Texas",womens-swimming-and-diving,2018,30.2711286,-97.7436995
Shaelyn Choi,IM/Breast,"Irvine, Calif.",womens-swimming-and-diving,2018,33.6856969,-117.825981
Sine Scribbick,Diving,"San Antonio, Texas",womens-swimming-and-diving,2018,29.4246002,-98.4951405
Skyler Liu,Fly/IM,"Piedmont, Calif.",womens-swimming-and-diving,2018,37.8243715,-122.231635
Sophia Marusic,,"St. Louis, Mo.",womens-swimming-and-diving,2018,38.6254063,-90.190009
Sophia Peifer,Diving,"Haddonfield, N.J.",womens-swimming-and-diving,2018,39.8915022,-75.0376707
Stephanie Nelson,,"Denver, N.C.",womens-swimming-and-diving,2018,35.5312452,-81.0297994
Vivian Wang,,"Saratoga, Calif.",womens-swimming-and-diving,2018,37.2638324,-122.0230146
Addison Smith,,"Knoxville, Tenn.",womens-swimming-and-diving,2019,35.9603948,-83.9210261
Ailee Jo Mendoza,Back/IM,"New York, N.Y.",womens-swimming-and-diving,2019,40.7127281,-74.0060152
Amelia Liu,,"Frisco, Texas",womens-swimming-and-diving,2019,33.1505998,-96.8238183
Anna Durak,,"Hickory, N.C.",womens-swimming-and-diving,2019,35.7333312,-81.3442915
Carrie Hillebrand,Distance,"Charleston, S.C.",womens-swimming-and-diving,2019,32.7884363,-79.9399309
Cathy Teng,,"Santa Clara, Calif.",womens-swimming-and-diving,2019,37.2333253,-121.6846349
Christie Chong,Back/IM/Free,"Danville, Calif.",womens-swimming-and-diving,2019,37.8225892,-122.0008254
Christina Bradley,,"Sammamish, Wash.",womens-swimming-and-diving,2019,47.6017554,-122.0416844
Claudia Frykberg,,"Sydney, Australia",womens-swimming-and-diving,2019,-33.8698439,151.2082848
Courtney Tseng,Free/IM,"Fullerton, Calif.",womens-swimming-and-diving,2019,33.8708215,-117.929416
Elaine Zhou,,"Charleston, S.C.",womens-swimming-and-diving,2019,32.7884363,-79.9399309
Elizabeth Boeckman,,"Greenwich, Conn.",womens-swimming-and-diving,2019,41.0264862,-73.6284598
Ellie Marquardt,,"Charlotte, N.C.",womens-swimming-and-diving,2019,35.2272086,-80.8430827
Emily Trieu,,"Fontana, Calif.",womens-swimming-and-diving,2019,34.0922947,-117.43433
Gianna Garcia,Fly/Back,"Danville, Calif.",womens-swimming-and-diving,2019,37.8225892,-122.0008254
Harley Lopez Miro,Back/Free,"Auburn, Ala.",womens-swimming-and-diving,2019,32.6098566,-85.4807825
Janet Zhao,"BR,IM","Ottawa, Ont.",womens-swimming-and-diving,2019,45.4208777,-75.6901106
Jennifer Secrest,,"Palm Beach Gardens, Fla.",womens-swimming-and-diving,2019,26.8233946,-80.1386547
Julia Brazeau,,"Excelsior, Minn.",womens-swimming-and-diving,2019,44.9032963,-93.5663455
Katrin Lewis,Diving,"Evergreen, Colo.",womens-swimming-and-diving,2019,39.6361637,-105.321458
Lauren McGrath,Free/Fly,"Pittsburgh, Pa.",womens-swimming-and-diving,2019,40.4406968,-80.0025666
Lauren Peterson,Distance,"Leawood, Kan.",womens-swimming-and-diving,2019,38.966673,-94.6169012
Lily Mannion,Free/IM,"Boston, Mass.",womens-swimming-and-diving,2019,42.3588336,-71.0578303
Macey Mannion,,"Boston, Mass.",womens-swimming-and-diving,2019,42.3588336,-71.0578303
Meghan Slattery,Free/Breast,"Bayport, N.Y.",womens-swimming-and-diving,2019,40.74885,-73.052214
Mimi Lin,Diving,"Forest City, Calif.",womens-swimming-and-diving,2019,33.8154092,-116.4412993
Nikki Venema,,"Virginia Beach, Va.",womens-swimming-and-diving,2019,36.8496579,-75.9760751
Regan Barney,IM/Back/Fly,"Austin, Texas",womens-swimming-and-diving,2019,30.2711286,-97.7436995
Sarah Grinalds,,"Southport, Conn.",womens-swimming-and-diving,2019,41.1335089,-73.2880249
Shaelyn Choi,IM/Breast,"Irvine, Calif.",womens-swimming-and-diving,2019,33.6856969,-117.825981
Sine Scribbick,Diving,"San Antonio, Texas",womens-swimming-and-diving,2019,29.4246002,-98.4951405
Skyler Liu,Fly/IM,"Piedmont, Calif.",womens-swimming-and-diving,2019,37.8243715,-122.231635
Sophia Marusic,,"St. Louis, Mo.",womens-swimming-and-diving,2019,38.6254063,-90.190009
Sophia Peifer,Diving,"Haddonfield, N.J.",womens-swimming-and-diving,2019,39.8915022,-75.0376707
Vivian Wang,,"Saratoga, Calif.",womens-swimming-and-diving,2019,37.2638324,-122.0230146
Ailee Jo Mendoza,Back/IM,"New York, N.Y.",womens-swimming-and-diving,2020,40.7127281,-74.0060152
Amelia Liu,,"Frisco, Texas",womens-swimming-and-diving,2020,33.1505998,-96.8238183
Anna Durak,,"Hickory, N.C.",womens-swimming-and-diving,2020,35.7333312,-81.3442915
Cathy Teng,,"Santa Clara, Calif.",womens-swimming-and-diving,2020,37.2333253,-121.6846349
Christina Bradley,,"Sammamish, Wash.",womens-swimming-and-diving,2020,47.6017554,-122.0416844
Claudia Frykberg,,"Sydney, Australia",womens-swimming-and-diving,2020,-33.8698439,151.2082848
Courtney Tseng,Free/IM,"Fullerton, Calif.",womens-swimming-and-diving,2020,33.8708215,-117.929416
Ela Noble,Free/Back,"Brisbane, Australia",womens-swimming-and-diving,2020,-27.4689623,153.0235009
Elizabeth Boeckman,,"Greenwich, Conn.",womens-swimming-and-diving,2020,41.0264862,-73.6284598
Emily Trieu,,"Fontana, Calif.",womens-swimming-and-diving,2020,34.0922947,-117.43433
Hanna Johnsson Stjernstrom,Diving,"Malmo, Sweden",womens-swimming-and-diving,2020,55.6052931,13.0001566
Hannah Feng,Fly/IM,"San Antonio, Texas",womens-swimming-and-diving,2020,29.4246002,-98.4951405
Harley Lopez Miro,Back/Free,"Auburn, Ala.",womens-swimming-and-diving,2020,32.6098566,-85.4807825
Jennifer Secrest,,"Palm Beach Gardens, Fla.",womens-swimming-and-diving,2020,26.8233946,-80.1386547
Jess Yeager,IM/Free,"Austin, Texas",womens-swimming-and-diving,2020,30.2711286,-97.7436995
Julia Brazeau,,"Excelsior, Minn.",womens-swimming-and-diving,2020,44.9032963,-93.5663455
Lauren McGrath,Free/Fly,"Pittsburgh, Pa.",womens-swimming-and-diving,2020,40.4406968,-80.0025666
Lauren Okamoto,Diving,"Saratoga, Calif.",womens-swimming-and-diving,2020,37.2638324,-122.0230146
Liza Whitmire,Back/Breast/IM,"Charlotte, N.C.",womens-swimming-and-diving,2020,35.2272086,-80.8430827
Margaux McDonald,Back/IM,"Orinda, Calif.",womens-swimming-and-diving,2020,37.8771476,-122.1796888
Nathalie Valdman,Free/Back,"Bellevue, Wash.",womens-swimming-and-diving,2020,47.6144219,-122.192337
Nikki Venema,,"Virginia Beach, Va.",womens-swimming-and-diving,2020,36.8496579,-75.9760751
Regan Barney,IM/Back/Fly,"Austin, Texas",womens-swimming-and-diving,2020,30.2711286,-97.7436995
Sarah Grinalds,,"Southport, Conn.",womens-swimming-and-diving,2020,41.1335089,-73.2880249
Sine Scribbick,Diving,"San Antonio, Texas",womens-swimming-and-diving,2020,29.4246002,-98.4951405
Skyler Liu,Fly/IM,"Piedmont, Calif.",womens-swimming-and-diving,2020,37.8243715,-122.231635
Sophia Marusic,,"St. Louis, Mo.",womens-swimming-and-diving,2020,38.6254063,-90.190009
Sophia Peifer,Diving,"Haddonfield, N.J.",womens-swimming-and-diving,2020,39.8915022,-75.0376707
Vivian Wang,,"Saratoga, Calif.",womens-swimming-and-diving,2020,37.2638324,-122.0230146
Alexa Pappas,Back/Fly,"Weston, Conn.",womens-swimming-and-diving,2021,41.2021302,-73.3812743
Amelia Liu,,"Frisco, Texas",womens-swimming-and-diving,2021,33.1505998,-96.8238183
Anna Durak,,"Hickory, N.C.",womens-swimming-and-diving,2021,35.7333312,-81.3442915
Christina Bradley,,"Sammamish, Wash.",womens-swimming-and-diving,2021,47.6017554,-122.0416844
Claudia Frykberg,,"Sydney, Australia",womens-swimming-and-diving,2021,-33.8698439,151.2082848
Ellie Marquardt,,"Charlotte, N.C.",womens-swimming-and-diving,2021,35.2272086,-80.8430827
Emily Appleton,Free/IM,"Cohasset, Mass.",womens-swimming-and-diving,2021,42.2410158,-70.8035571
Francesca Noviello,Dving,"Palm Beach, Fl.",womens-swimming-and-diving,2021,26.6279798,-80.4494174
Hanna Johnsson Stjernstrom,Diving,"Malmo, Sweden",womens-swimming-and-diving,2021,55.6052931,13.0001566
Hannah Feng,Fly/IM,"San Antonio, Texas",womens-swimming-and-diving,2021,29.4246002,-98.4951405
Isabella Korbly,Back/Fly/IM,"Acton, Mass.",womens-swimming-and-diving,2021,42.4850931,-71.43284
Jaime Chen,Back/Fly/IM,"Bellevue, Wash.",womens-swimming-and-diving,2021,47.6144219,-122.192337
Jennifer Secrest,,"Palm Beach Gardens, Fla.",womens-swimming-and-diving,2021,26.8233946,-80.1386547
Jess Yeager,IM/Free,"Austin, Texas",womens-swimming-and-diving,2021,30.2711286,-97.7436995
Julia Fidanza,Diving,"Downingtown, Penn.",womens-swimming-and-diving,2021,40.0063226,-75.7077693
Liza Whitmire,Back/Breast/IM,"Charlotte, N.C.",womens-swimming-and-diving,2021,35.2272086,-80.8430827
Macey Mannion,Free/Back,"Boston, Mass.",womens-swimming-and-diving,2021,42.3588336,-71.0578303
Maddie Seltzer,Diving,"Scarsdale, N.Y.",womens-swimming-and-diving,2021,40.9885221,-73.8085608
Margaux McDonald,Back/IM,"Orinda, Calif.",womens-swimming-and-diving,2021,37.8771476,-122.1796888
Nathalie Valdman,Free/Back,"Bellevue, Wash.",womens-swimming-and-diving,2021,47.6144219,-122.192337
Nikki Venema,,"Virginia Beach, Va.",womens-swimming-and-diving,2021,36.8496579,-75.9760751
Vivian Wang,,"Saratoga, Calif.",womens-swimming-and-diving,2021,37.2638324,-122.0230146
Alexa Pappas,Back/Fly,"Weston, Conn.",womens-swimming-and-diving,2022,41.2021302,-73.3812743
Amelia Liu,,"Frisco, Texas",womens-swimming-and-diving,2022,33.1505998,-96.8238183
Caroline Lewitt,Free/Back/IM,"London, England",womens-swimming-and-diving,2022,51.5074456,-0.1277653
Charlotte Martinkus,Diving,"Weston, Mass.",womens-swimming-and-diving,2022,42.3667625,-71.3031132
Ela Noble,Free/Back,"Brisbane, Australia",womens-swimming-and-diving,2022,-27.4689623,153.0235009
Eliza Brown,Breast/IM,"Brookline, Mass.",womens-swimming-and-diving,2022,42.332918,-71.1187829
Ellie Marquardt,,"Charlotte, N.C.",womens-swimming-and-diving,2022,35.2272086,-80.8430827
Emily Appleton,Free/IM,"Cohasset, Mass.",womens-swimming-and-diving,2022,42.2410158,-70.8035571
Francesca Noviello,Dving,"Palm Beach, Fl.",womens-swimming-and-diving,2022,26.6279798,-80.4494174
Hanna Johnsson Stjernstrom,Diving,"Malmo, Sweden",womens-swimming-and-diving,2022,55.6052931,13.0001566
Heidi Smithwick,Free/Fly/Breast,"Jupiter, Fla.",womens-swimming-and-diving,2022,26.9342246,-80.0942087
Isabella Korbly,Back/Fly/IM,"Acton, Mass.",womens-swimming-and-diving,2022,42.4850931,-71.43284
Jaime Chen,Back/Fly/IM,"Bellevue, Wash.",womens-swimming-and-diving,2022,47.6144219,-122.192337
Jess Yeager,IM/Free,"Austin, Texas",womens-swimming-and-diving,2022,30.2711286,-97.7436995
Liza Whitmire,Back/Breast/IM,"Charlotte, N.C.",womens-swimming-and-diving,2022,35.2272086,-80.8430827
Macey Mannion,Free/Back,"Boston, Mass.",womens-swimming-and-diving,2022,42.3588336,-71.0578303
Maddie Seltzer,Diving,"Scarsdale, N.Y.",womens-swimming-and-diving,2022,40.9885221,-73.8085608
Margaret Hayes,Fly/Free/IM,"Bainbridge Island, Wash.",womens-swimming-and-diving,2022,47.6515096,-122.5246791
Margaux McDonald,Back/IM,"Orinda, Calif.",womens-swimming-and-diving,2022,37.8771476,-122.1796888
Meg Wheeler,Back/IM,"Perth, Ontario",womens-swimming-and-diving,2022,43.4935991,-81.0164111
Megan Reich,Free,"North Hampton, N.H.",womens-swimming-and-diving,2022,42.9689814,-70.8359489
Nathalie Barnes,Diving,"Aliso Viejo, Calif.",womens-swimming-and-diving,2022,33.5761376,-117.7258122
Nathalie Valdman,Free/Back,"Bellevue, Wash.",womens-swimming-and-diving,2022,47.6144219,-122.192337
Nikki Venema,,"Virginia Beach, Va.",womens-swimming-and-diving,2022,36.8496579,-75.9760751
Sabrina Johnston,Back/Free/Fly,"Chappaqua, N.Y.",womens-swimming-and-diving,2022,41.157284,-73.7676998
Alexa Pappas,Back/Fly,"Weston, Conn.",womens-swimming-and-diving,2023,41.2021302,-73.3812743
Caroline Lewitt,Free/Back/IM,"London, England",womens-swimming-and-diving,2023,51.5074456,-0.1277653
Charlotte Martinkus,Diving,"Weston, Mass.",womens-swimming-and-diving,2023,42.3667625,-71.3031132
Dakota Tucker,IM/Fly/Breast,"Johannesburg, South Africa",womens-swimming-and-diving,2023,-26.205,28.049722
Donata Katai,Back,"Harare, Zimbabwe",womens-swimming-and-diving,2023,-17.8567035,31.0601584
Edie Simecek,Fly,"Boulder, Colo.",womens-swimming-and-diving,2023,40.0149856,-105.270545
Ela Noble,Free/Back,"Brisbane, Australia",womens-swimming-and-diving,2023,-27.4689623,153.0235009
Eleanor Sun,IM/Fly/Breast,"Bethesda, Maryland",womens-swimming-and-diving,2023,38.9812726,-77.1233587
Eliza Brown,Breast/IM,"Brookline, Mass.",womens-swimming-and-diving,2023,42.332918,-71.1187829
Ellie Marquardt,,"Charlotte, N.C.",womens-swimming-and-diving,2023,35.2272086,-80.8430827
Emily Appleton,Free/IM,"Cohasset, Mass.",womens-swimming-and-diving,2023,42.2410158,-70.8035571
Francesca Noviello,Dving,"Palm Beach, Fl.",womens-swimming-and-diving,2023,26.6279798,-80.4494174
Grace Black,Back/IM,"Baltimore, Md.",womens-swimming-and-diving,2023,39.2908816,-76.610759
Hanna Johnsson Stjernstrom,Diving,"Malmo, Sweden",womens-swimming-and-diving,2023,55.6052931,13.0001566
Hayley Clark,Free/Fly,"Chapel Hill, N.C.",womens-swimming-and-diving,2023,35.9131542,-79.05578
Heidi Smithwick,Free/Fly/Breast,"Jupiter, Fla.",womens-swimming-and-diving,2023,26.9342246,-80.0942087
Isabella Korbly,Back/Fly/IM,"Acton, Mass.",womens-swimming-and-diving,2023,42.4850931,-71.43284
Jess Yeager,IM/Free,"Austin, Texas",womens-swimming-and-diving,2023,30.2711286,-97.7436995
Kamila Isaieva,Breast,"Poltava, Ukraine",womens-swimming-and-diving,2023,49.8607809,33.7498787
Liza Whitmire,Back/Breast/IM,"Charlotte, N.C.",womens-swimming-and-diving,2023,35.2272086,-80.8430827
Macey Mannion,Free/Back,"Boston, Mass.",womens-swimming-and-diving,2023,42.3588336,-71.0578303
Maddie Seltzer,Diving,"Scarsdale, N.Y.",womens-swimming-and-diving,2023,40.9885221,-73.8085608
Margaret Hayes,Fly/Free/IM,"Bainbridge Island, Wash.",womens-swimming-and-diving,2023,47.6515096,-122.5246791
Margaux McDonald,Back/IM,"Orinda, Calif.",womens-swimming-and-diving,2023,37.8771476,-122.1796888
Mary McKenna,Free/IM,"Seaford, N.Y.",womens-swimming-and-diving,2023,40.668086,-73.4915091
Meg Wheeler,Back/IM,"Perth, Ontario",womens-swimming-and-diving,2023,43.4935991,-81.0164111
Megan Reich,Free,"North Hampton, N.H.",womens-swimming-and-diving,2023,42.9689814,-70.8359489
Nathalie Barnes,Diving,"Aliso Viejo, Calif.",womens-swimming-and-diving,2023,33.5761376,-117.7258122
Nathalie Valdman,Free/Back,"Bellevue, Wash.",womens-swimming-and-diving,2023,47.6144219,-122.192337
Sabrina Johnston,Back/Free/Fly,"Chappaqua, N.Y.",womens-swimming-and-diving,2023,41.157284,-73.7676998
Veronique Rossouw,Free/Fly,"Pretoria, South Africa",womens-swimming-and-diving,2023,-25.7459277,28.1879101
Alexa Pappas,Back/Fly,"Weston, Conn.",womens-swimming-and-diving,2024,41.2021302,-73.3812743
Caroline Lewitt,Free/Back/IM,"London, England",womens-swimming-and-diving,2024,51.5074456,-0.1277653
Charlotte Martinkus,Diving,"Weston, Mass.",womens-swimming-and-diving,2024,42.3667625,-71.3031132
Charlotte Norman,Diving,"Naples, Fla.",womens-swimming-and-diving,2024,26.1421976,-81.7942944
Dakota Tucker,IM/Fly/Breast,"Johannesburg, South Africa",womens-swimming-and-diving,2024,-26.205,28.049722
Donata Katai,Back,"Harare, Zimbabwe",womens-swimming-and-diving,2024,-17.8567035,31.0601584
Edie Simecek,Fly,"Boulder, Colo.",womens-swimming-and-diving,2024,40.0149856,-105.270545
Ela Noble,Free/Back,"Brisbane, Australia",womens-swimming-and-diving,2024,-27.4689623,153.0235009
Eleanor Sun,IM/Fly/Breast,"Bethesda, Maryland",womens-swimming-and-diving,2024,38.9812726,-77.1233587
Eliza Brown,Breast/IM,"Brookline, Mass.",womens-swimming-and-diving,2024,42.332918,-71.1187829
Emily Appleton,Free/IM,"Cohasset, Mass.",womens-swimming-and-diving,2024,42.2410158,-70.8035571
Francesca Noviello,Dving,"Palm Beach, Fl.",womens-swimming-and-diving,2024,26.6279798,-80.4494174
Grace Black,Back/IM,"Baltimore, Md.",womens-swimming-and-diving,2024,39.2908816,-76.610759
Heidi Smithwick,Free/Fly/Breast,"Jupiter, Fla.",womens-swimming-and-diving,2024,26.9342246,-80.0942087
Isabella Korbly,Back/Fly/IM,"Acton, Mass.",womens-swimming-and-diving,2024,42.4850931,-71.43284
Jenna Walters,Freestyle,Guelph,womens-swimming-and-diving,2024,43.5460516,-80.2493276
Kamila Isaieva,Breast,"Poltava, Ukraine",womens-swimming-and-diving,2024,49.8607809,33.7498787
Katherine White,Free/Back,"Novi, Mich.",womens-swimming-and-diving,2024,42.48059,-83.4754913
Maddie Seltzer,Diving,"Scarsdale, N.Y.",womens-swimming-and-diving,2024,40.9885221,-73.8085608
Maggie Squire,Diving,"Auckland, New Zealand",womens-swimming-and-diving,2024,-36.852095,174.7631803
Margaret Hayes,Fly/Free/IM,"Bainbridge Island, Wash.",womens-swimming-and-diving,2024,47.6515096,-122.5246791
Mary McKenna,Free/IM,"Seaford, N.Y.",womens-swimming-and-diving,2024,40.668086,-73.4915091
Meg Wheeler,Back/IM,"Perth, Ontario",womens-swimming-and-diving,2024,43.4935991,-81.0164111
Megan Reich,Free,"North Hampton, N.H.",womens-swimming-and-diving,2024,42.9689814,-70.8359489
Natalie Farquhar,Free/Back,"Santa Rosa, Calif.",womens-swimming-and-diving,2024,38.4404925,-122.7141049
Nathalie Barnes,Diving,"Aliso Viejo, Calif.",womens-swimming-and-diving,2024,33.5761376,-117.7258122
Nicole De Pree,Free/Fly,"Glastonbury, England",womens-swimming-and-diving,2024,51.14804,-2.716577
Sabrina Johnston,Back/Free/Fly,"Chappaqua, N.Y.",womens-swimming-and-diving,2024,41.157284,-73.7676998
Veronique Rossouw,Free/Fly,"Pretoria, South Africa",womens-swimming-and-diving,2024,-25.7459277,28.1879101
Caroline Lewitt,Free/Back/IM,"London, England",womens-swimming-and-diving,2025,51.5074456,-0.1277653
Charlotte Martinkus,Diving,"Weston, Mass.",womens-swimming-and-diving,2025,42.3667625,-71.3031132
Charlotte Norman,Diving,"Naples, Fla.",womens-swimming-and-diving,2025,26.1421976,-81.7942944
Chloe Kim,IM/Free/Fly,"Glen Rock, N.J.",womens-swimming-and-diving,2025,40.9628758,-74.1329208
Dakota Tucker,IM/Fly/Breast,"Johannesburg, South Africa",womens-swimming-and-diving,2025,-26.205,28.049722
Delaney Herr,Back/Fly/Free,"Redondo Beach, Calif.",womens-swimming-and-diving,2025,33.8398289,-118.3845942
Donata Katai,Back,"Harare, Zimbabwe",womens-swimming-and-diving,2025,-17.8567035,31.0601584
Edie Simecek,Fly,"Boulder, Colo.",womens-swimming-and-diving,2025,40.0149856,-105.270545
Eleanor Sun,IM/Fly/Breast,"Bethesda, Maryland",womens-swimming-and-diving,2025,38.9812726,-77.1233587
Eliza Brown,Breast/IM,"Brookline, Mass.",womens-swimming-and-diving,2025,42.332918,-71.1187829
Grace Black,Back/IM,"Baltimore, Md.",womens-swimming-and-diving,2025,39.2908816,-76.610759
Heidi Smithwick,Free/Fly/Breast,"Jupiter, Fla.",womens-swimming-and-diving,2025,26.9342246,-80.0942087
Jenna Walters,Freestyle,Guelph,womens-swimming-and-diving,2025,43.5460516,-80.2493276
Katherine Sanders,Breast,"Columbia, Md.",womens-swimming-and-diving,2025,39.1938429,-76.8646092
Katherine White,Free/Back,"Novi, Mich.",womens-swimming-and-diving,2025,42.48059,-83.4754913
Maggie Squire,Diving,"Auckland, New Zealand",womens-swimming-and-diving,2025,-36.852095,174.7631803
Margaret Hayes,Fly/Free/IM,"Bainbridge Island, Wash.",womens-swimming-and-diving,2025,47.6515096,-122.5246791
Mary McKenna,Free/IM,"Seaford, N.Y.",womens-swimming-and-diving,2025,40.668086,-73.4915091
Meg Wheeler,Back/IM,"Perth, Ontario",womens-swimming-and-diving,2025,43.4935991,-81.0164111
Natalie Farquhar,Free/Back,"Santa Rosa, Calif.",womens-swimming-and-diving,2025,38.4404925,-122.7141049
Natalie Mak,IM/Back,"Oakland, Calif.",womens-swimming-and-diving,2025,37.8044557,-122.271356
Nicole De Pree,Free/Fly,"Glastonbury, England",womens-swimming-and-diving,2025,51.14804,-2.716577
Sabrina Johnston,Back/Free/Fly,"Chappaqua, N.Y.",womens-swimming-and-diving,2025,41.157284,-73.7676998
Savannah Skow,Free/Fly/IM,"Las Cruces, N.M.",womens-swimming-and-diving,2025,32.3140354,-106.779807
Sophia Sunwoo,Free/Back/Fly,"Bellevue, Wash.",womens-swimming-and-diving,2025,47.6144219,-122.192337
Sophie Segerson,Back/IM/Breast,"Bainbridge Island, Wash.",womens-swimming-and-diving,2025,47.6515096,-122.5246791
Sydney Willson,Free,"Laguna Beach, Calif.",womens-swimming-and-diving,2025,33.5426975,-117.785366
Veronique Rossouw,Free/Fly,"Pretoria, South Africa",womens-swimming-and-diving,2025,-25.7459277,28.1879101
Vivian Brennan,Diving,"Durham, N.C.",womens-swimming-and-diving,2025,35.996653,-78.9018053
Angela Kadoorie,IM/Breast,"Ellicott City, Maryland",womens-swimming-and-diving,2026,39.2757359,-76.8317417
Avaleigh Westfall,Diving,"Superior Township, Michigan",womens-swimming-and-diving,2026,42.3049933,-83.6041183
Charlotte Norman,Diving,"Naples, Fla.",womens-swimming-and-diving,2026,26.1421976,-81.7942944
Chloe Kim,IM/Free/Fly,"Glen Rock, N.J.",womens-swimming-and-diving,2026,40.9628758,-74.1329208
Dakota Tucker,IM/Fly/Breast,"Johannesburg, South Africa",womens-swimming-and-diving,2026,-26.205,28.049722
Delaney Herr,Back/Fly/Free,"Redondo Beach, Calif.",womens-swimming-and-diving,2026,33.8398289,-118.3845942
Donata Katai,Back,"Harare, Zimbabwe",womens-swimming-and-diving,2026,-17.8567035,31.0601584
Edie Simecek,Fly,"Boulder, Colo.",womens-swimming-and-diving,2026,40.0149856,-105.270545
Eleanor Sun,IM/Fly/Breast,"Bethesda, Maryland",womens-swimming-and-diving,2026,38.9812726,-77.1233587
Grace Black,Back/IM,"Baltimore, Md.",womens-swimming-and-diving,2026,39.2908816,-76.610759
Jenna Walters,Freestyle,Guelph,womens-swimming-and-diving,2026,43.5460516,-80.2493276
Katherine Sanders,Breast,"Columbia, Md.",womens-swimming-and-diving,2026,39.1938429,-76.8646092
Katherine White,Free/Back,"Novi, Mich.",womens-swimming-and-diving,2026,42.48059,-83.4754913
Lanie Tietjen,Sprint/Mid Free,"Leawood, Kansas",womens-swimming-and-diving,2026,38.966673,-94.6169012
Lillyana Caples,IM/Distance,"Pleasanton, Calif.",womens-swimming-and-diving,2026,37.6624312,-121.8746789
Maggie Squire,Diving,"Auckland, New Zealand",womens-swimming-and-diving,2026,-36.852095,174.7631803
Natalie Farquhar,Free/Back,"Santa Rosa, Calif.",womens-swimming-and-diving,2026,38.4404925,-122.7141049
Natalie Mak,IM/Back,"Oakland, Calif.",womens-swimming-and-diving,2026,37.8044557,-122.271356
Nicole De Pree,Free/Fly,"Glastonbury, England",womens-swimming-and-diving,2026,51.14804,-2.716577
Phoebe Arbuckle,Distance/Free,"Edinburgh, Scotland",womens-swimming-and-diving,2026,55.9533456,-3.1883749
Savannah Skow,Free/Fly/IM,"Las Cruces, N.M.",womens-swimming-and-diving,2026,32.3140354,-106.779807
Sophia Cukras,Sprint Free/Fly,"Brookline, Mass.",womens-swimming-and-diving,2026,42.332918,-71.1187829
Sophia Sunwoo,Free/Back/Fly,"Bellevue, Wash.",womens-swimming-and-diving,2026,47.6144219,-122.192337
Sophie Segerson,Back/IM/Breast,"Bainbridge Island, Wash.",womens-swimming-and-diving,2026,47.6515096,-122.5246791
Sydney Willson,Free,"Laguna Beach, Calif.",womens-swimming-and-diving,2026,33.5426975,-117.785366
Veronique Rossouw,Free/Fly,"Pretoria, South Africa",womens-swimming-and-diving,2026,-25.7459277,28.1879101
Victoria Edgar,Breast,"Oakville, Ont.",womens-swimming-and-diving,2026,43.447436,-79.666672
Victoria Radkova,Diving,"Holmdel, N.J.",womens-swimming-and-diving,2026,40.3451095,-74.1840322
Vivian Brennan,Diving,"Durham, N.C.",womens-swimming-and-diving,2026,35.996653,-78.9018053
Alanna Wolff,,"Perth Amboy, N.J.",womens-tennis,2016,40.5133218,-74.2724241
Caroline Joyce,,"Newton, Mass.",womens-tennis,2016,42.3300435,-71.194862
Catalina Vives,,"Santiago, Chile",womens-tennis,2016,-33.4376995,-70.6510671
Clare McKee,,"Boca Raton, Fla.",womens-tennis,2016,26.3586885,-80.0830984
Gaby Pollner,,"Boca Raton, Fla.",womens-tennis,2016,26.3586885,-80.0830984
Katrine Steffensen,,"Scarsdale, N.Y.",womens-tennis,2016,40.9885221,-73.8085608
Nicole Kalhorn,,"Colorado Springs, Colo.",womens-tennis,2016,38.8339578,-104.825348
Sara Goodwin,,"Mission Hills, Kan.",womens-tennis,2016,39.0177834,-94.6169014
Sivan Krems,,"Thousand Oaks, Calif.",womens-tennis,2016,34.1705609,-118.8375937
Tiffany Chen,,"Naperville, Ill.",womens-tennis,2016,41.7728699,-88.1479278
Catalina Vives,,"Santiago, Chile",womens-tennis,2017,-33.4376995,-70.6510671
Clare McKee,,"Boca Raton, Fla.",womens-tennis,2017,26.3586885,-80.0830984
Gaby Pollner,,"Boca Raton, Fla.",womens-tennis,2017,26.3586885,-80.0830984
Katrine Steffensen,,"Scarsdale, N.Y.",womens-tennis,2017,40.9885221,-73.8085608
Nathalie Rodilosso,,"Rye, N.Y.",womens-tennis,2017,40.9821371,-73.6840902
Nicole Kalhorn,,"Colorado Springs, Colo.",womens-tennis,2017,38.8339578,-104.825348
Sara Goodwin,,"Mission Hills, Kan.",womens-tennis,2017,39.0177834,-94.6169014
Stephanie Schrage,,"Millburn, N.J.",womens-tennis,2017,40.7244443,-74.3069069
Tiffany Chen,,"Naperville, Ill.",womens-tennis,2017,41.7728699,-88.1479278
Brianna Shvets,,"Pennington, N.J.",womens-tennis,2018,40.3281213,-74.7909992
Catalina Vives,,"Santiago, Chile",womens-tennis,2018,-33.4376995,-70.6510671
Clare McKee,,"Boca Raton, Fla.",womens-tennis,2018,26.3586885,-80.0830984
Grace Joyce,,"Newton, Mass.",womens-tennis,2018,42.3300435,-71.194862
Nathalie Rodilosso,,"Rye, N.Y.",womens-tennis,2018,40.9821371,-73.6840902
Nicole Kalhorn,,"Colorado Springs, Colo.",womens-tennis,2018,38.8339578,-104.825348
Stephanie Schrage,,"Millburn, N.J.",womens-tennis,2018,40.7244443,-74.3069069
Tiffany Chen,,"Naperville, Ill.",womens-tennis,2018,41.7728699,-88.1479278
Brianna Shvets,,"Pennington, N.J.",womens-tennis,2019,40.3281213,-74.7909992
Clare McKee,,"Boca Raton, Fla.",womens-tennis,2019,26.3586885,-80.0830984
Daria Frayman,,"Moscow, Russia",womens-tennis,2019,55.625578,37.6063916
Grace Joyce,,"Newton, Mass.",womens-tennis,2019,42.3300435,-71.194862
Jayme Leschly,,"Weston, Mass.",womens-tennis,2019,42.3667625,-71.3031132
Maia Sung,,"Rolling Hills, Calif.",womens-tennis,2019,33.7668041,-118.3496623
Michelle Sorokko,,"Douglaston, N.Y.",womens-tennis,2019,40.768358,-73.7492477
Nathalie Rodilosso,,"Rye, N.Y.",womens-tennis,2019,40.9821371,-73.6840902
Stephanie Schrage,,"Millburn, N.J.",womens-tennis,2019,40.7244443,-74.3069069
Tiffany Chen,,"Naperville, Ill.",womens-tennis,2019,41.7728699,-88.1479278
Zoe Howard,,"Chevy Chase, Md.",womens-tennis,2019,38.9813699,-77.0849245
Brianna Shvets,,"Pennington, N.J.",womens-tennis,2021,40.3281213,-74.7909992
Daria Frayman,,"Moscow, Russia",womens-tennis,2021,55.625578,37.6063916
Grace Joyce,,"Newton, Mass.",womens-tennis,2021,42.3300435,-71.194862
Jayme Leschly,,"Weston, Mass.",womens-tennis,2021,42.3667625,-71.3031132
Leena Bennetto,,"Vernon, B.C.",womens-tennis,2021,50.2668671,-119.2718157
Maia Sung,,"Rolling Hills, Calif.",womens-tennis,2021,33.7668041,-118.3496623
Michelle Sorokko,,"Douglaston, N.Y.",womens-tennis,2021,40.768358,-73.7492477
Nathalie Rodilosso,,"Rye, N.Y.",womens-tennis,2021,40.9821371,-73.6840902
Neha Velaga,,"Colmar, Penn.",womens-tennis,2021,40.2660407,-75.2559872
Skyler Grishuk,,"Aliso Viejo, Calif.",womens-tennis,2021,33.5761376,-117.7258122
Stephanie Schrage,,"Millburn, N.J.",womens-tennis,2021,40.7244443,-74.3069069
Victoria Hu,,"Northborough, Mass.",womens-tennis,2021,42.3196015,-71.6422408
Zoe Howard,,"Chevy Chase, Md.",womens-tennis,2021,38.9813699,-77.0849245
Daria Frayman,,"Moscow, Russia",womens-tennis,2022,55.625578,37.6063916
Eva Elbaz,,"Bradenton, Fla.",womens-tennis,2022,27.4989278,-82.5748194
Grace Joyce,,"Newton, Mass.",womens-tennis,2022,42.3300435,-71.194862
Jayme Leschly,,"Weston, Mass.",womens-tennis,2022,42.3667625,-71.3031132
Leena Bennetto,,"Vernon, B.C.",womens-tennis,2022,50.2668671,-119.2718157
Maia Sung,,"Rolling Hills, Calif.",womens-tennis,2022,33.7668041,-118.3496623
Michelle Sorokko,,"Douglaston, N.Y.",womens-tennis,2022,40.768358,-73.7492477
Neha Velaga,,"Colmar, Penn.",womens-tennis,2022,40.2660407,-75.2559872
Skyler Grishuk,,"Aliso Viejo, Calif.",womens-tennis,2022,33.5761376,-117.7258122
Zoe Howard,,"Chevy Chase, Md.",womens-tennis,2022,38.9813699,-77.0849245
Alice Ferlito,,"Barcelona, Spain",womens-tennis,2023,41.3825802,2.177073
Bella Chhiv,,"Irvine, Calif.",womens-tennis,2023,33.6856969,-117.825981
Eva Elbaz,,"Bradenton, Fla.",womens-tennis,2023,27.4989278,-82.5748194
Leena Bennetto,,"Vernon, B.C.",womens-tennis,2023,50.2668671,-119.2718157
Madeleine Jessup,,"Palos Verdes, Calif.",womens-tennis,2023,33.7388745,-118.3976474
Maia Sung,,"Rolling Hills, Calif.",womens-tennis,2023,33.7668041,-118.3496623
Neha Velaga,,"Colmar, Penn.",womens-tennis,2023,40.2660407,-75.2559872
Skyler Grishuk,,"Aliso Viejo, Calif.",womens-tennis,2023,33.5761376,-117.7258122
Tsehay Driscoll,,"La Canada Flintridge, Calif.",womens-tennis,2023,34.1998302,-118.2005236
Alice Ferlito,,"Barcelona, Spain",womens-tennis,2024,41.3825802,2.177073
Alicia Cheng,,"Repulse Bay, Hong Kong",womens-tennis,2024,22.2381085,114.1963176
Anna Nguyen,,"Reading, Mass.",womens-tennis,2024,42.5260297,-71.1020262
Bella Chhiv,,"Irvine, Calif.",womens-tennis,2024,33.6856969,-117.825981
Eva Elbaz,,"Bradenton, Fla.",womens-tennis,2024,27.4989278,-82.5748194
Leena Bennetto,,"Vernon, B.C.",womens-tennis,2024,50.2668671,-119.2718157
Maren Urata,,"La Canada Flintridge, Calif.",womens-tennis,2024,34.1998302,-118.2005236
Pearlie Zhang,,"Plainsboro, N.J.",womens-tennis,2024,40.3334409,-74.6004341
Tsehay Driscoll,,"La Canada Flintridge, Calif.",womens-tennis,2024,34.1998302,-118.2005236
Alice Ferlito,,"Barcelona, Spain",womens-tennis,2025,41.3825802,2.177073
Alicia Cheng,,"Repulse Bay, Hong Kong",womens-tennis,2025,22.2381085,114.1963176
Anna Maria Fedotova,,"Boca Raton, Fla.",womens-tennis,2025,26.3586885,-80.0830984
Anna Nguyen,,"Reading, Mass.",womens-tennis,2025,42.5260297,-71.1020262
Bella Chhiv,,"Irvine, Calif.",womens-tennis,2025,33.6856969,-117.825981
Berklie Simmering,,"Fort Myers, Fla.",womens-tennis,2025,26.640628,-81.8723084
Eva Elbaz,,"Bradenton, Fla.",womens-tennis,2025,27.4989278,-82.5748194
Madeleine Jessup,,"Palos Verdes, Calif.",womens-tennis,2025,33.7388745,-118.3976474
Maren Urata,,"La Canada Flintridge, Calif.",womens-tennis,2025,34.1998302,-118.2005236
Pearlie Zhang,,"Plainsboro, N.J.",womens-tennis,2025,40.3334409,-74.6004341
Tsehay Driscoll,,"La Canada Flintridge, Calif.",womens-tennis,2025,34.1998302,-118.2005236
Alice Ferlito,,"Barcelona, Spain",womens-tennis,2026,41.3825802,2.177073
Anna Maria Fedotova,,"Boca Raton, Fla.",womens-tennis,2026,26.3586885,-80.0830984
Anna Nguyen,,"Reading, Mass.",womens-tennis,2026,42.5260297,-71.1020262
Bella Chhiv,,"Irvine, Calif.",womens-tennis,2026,33.6856969,-117.825981
Berklie Simmering,,"Fort Myers, Fla.",womens-tennis,2026,26.640628,-81.8723084
Lilian Liu,,"Richmond, B.C.",womens-tennis,2026,49.163168,-123.137414
Madeleine Jessup,,"Palos Verdes, Calif.",womens-tennis,2026,33.7388745,-118.3976474
Maren Urata,,"La Canada Flintridge, Calif.",womens-tennis,2026,34.1998302,-118.2005236
Pearlie Zhang,,"Plainsboro, N.J.",womens-tennis,2026,40.3334409,-74.6004341
Tsehay Driscoll,,"La Canada Flintridge, Calif.",womens-tennis,2026,34.1998302,-118.2005236
Alexandra Lanzafame,Jumps,"Poulsbo, Wash.",womens-track-and-field,2016,47.7391366,-122.63928
Alexandra Markovich,Distance,"Solon, Ohio",womens-track-and-field,2016,41.3897764,-81.4412259
Alexandra Rome,Distance,"Dallas, Pa.",womens-track-and-field,2016,41.33617,-75.9632636
Alie Fordyce,Mid. Distance,"Reinach BaselLand, Switzerland",womens-track-and-field,2016,47.4935369,7.5910891
Allie Klimkiewicz,Distance,"Oakton, Va.",womens-track-and-field,2016,38.896795,-77.2987377
Allison Glossinger,Sprints,"Owings Mills, Md.",womens-track-and-field,2016,39.4041967,-76.7956745
Allison Harris,Pole Vault/Hurdles,"Toronto, Ont.",womens-track-and-field,2016,43.6534817,-79.3839347
Amanda Chang,Distance,"Cheshire, Conn.",womens-track-and-field,2016,41.4989355,-72.9009925
Anna Jurew,Mid. Distance,"New York, N.Y.",womens-track-and-field,2016,40.7127281,-74.0060152
Ariel Becker,Jumps/Sprints,"Arroyo Grande, Calif.",womens-track-and-field,2016,35.1235374,-120.5785796
Ashley Forte,Mid. Distance,"Worthington, Ohio",womens-track-and-field,2016,40.0930945,-83.0179593
Ashley Reed,Sprints,"Easton, Pa.",womens-track-and-field,2016,40.6916081,-75.2099866
Ashley Willingham,Sprints,"Seal Beach, Calif.",womens-track-and-field,2016,33.7423967,-118.1055926
Brighie Leach,Distance,"Lafayette, Calif.",womens-track-and-field,2016,37.8857582,-122.1180201
Brittany Henderson,Pole Vault,"Laguna Hills, Calif.",womens-track-and-field,2016,33.5948758,-117.6882067
Carly Bonnet,Sprints/Hurdles,"Haddonfield, N.J.",womens-track-and-field,2016,39.8915022,-75.0376707
Carson Brisk,Jumps/Sprints,"New York, N.Y.",womens-track-and-field,2016,40.7127281,-74.0060152
Christina Walter,Sprints,"Bemus Point, N.Y.",womens-track-and-field,2016,42.1593392,-79.3922893
Delaney Kerkhof,Combined,"Palos Verdes, Calif.",womens-track-and-field,2016,33.7388745,-118.3976474
Delaney Miller,Mid. Distance,"San Diego, Calif.",womens-track-and-field,2016,32.7157062,-117.1638284
Devon Block-Funkhouser,Sprints/Hurdles,"Santa Barbara, Calif.",womens-track-and-field,2016,34.4221319,-119.702667
Elisa Steele,Mid. Distance,"Kirkwood, Mo.",womens-track-and-field,2016,38.5800713,-90.4069177
Ellen Scott-Young,Throws,"Gold Coast, Australia",womens-track-and-field,2016,-28.0023731,153.4145987
Ellie Randolph,Hurdles/Jumps,"Virginia Beach, Va.",womens-track-and-field,2016,36.8496579,-75.9760751
Erin Endres,Mid. Distance,"Commack, N.Y.",womens-track-and-field,2016,40.8393515,-73.2858994
Frances Lodge,Combined,"New York, N.Y.",womens-track-and-field,2016,40.7127281,-74.0060152
Gabi Forrest,Mid. Distance,"Brisbane, Australia",womens-track-and-field,2016,-27.4689623,153.0235009
Hadley Wilhoite,Jumps/Sprints,"Portland, Ore.",womens-track-and-field,2016,45.5202471,-122.674194
Heide Baron,Sprints/Mid. Distance,"Colorado Springs, Colo.",womens-track-and-field,2016,38.8339578,-104.825348
Jackie Berardo,Mid. Distance,"Stockton, N.J.",womens-track-and-field,2016,40.407883,-74.9782238
Jessica Ackerman,Distance,"Wilmette, Ill.",womens-track-and-field,2016,42.076066,-87.7115555
Julia Ratcliffe,Throws,"Hamilton, New Zealand",womens-track-and-field,2016,-37.7878809,175.281788
Katie Hanss,Mid. Distance,"New York, N.Y.",womens-track-and-field,2016,40.7127281,-74.0060152
Katlyn Rymarzow,Pole Vault,"Vernon, N.J.",womens-track-and-field,2016,39.8973938,-75.0317979
Kayla Dobies,Mid. Distance/Jumps,"Macomb, Mich.",womens-track-and-field,2016,42.6741189,-82.902901
Kelly Van Baalen,Mid. Distance,"Basking Ridge, N.J.",womens-track-and-field,2016,40.7064088,-74.5492725
Kennedy O'Dell,Throws,"Eudora, Kan.",womens-track-and-field,2016,38.9433372,-95.0985808
Kerri Davidson,Jumps,"London, Great Britain",womens-track-and-field,2016,51.5074456,-0.1277653
Lauren Santi,Pole Vault,"Golden, Colo.",womens-track-and-field,2016,39.7546349,-105.22058
Lizzie Bird,Distance,"St. Albans Herts, England",womens-track-and-field,2016,51.7751105,-0.3435144
Madeleine Sumner,Mid. Distance,"Calgary, Alberta",womens-track-and-field,2016,51.0456064,-114.057541
Madison Offstein,Mid. Distance,"Frostburg, Md.",womens-track-and-field,2016,39.6583325,-78.9284241
Maia Craver,Hurdles/Combined,"Irvine, Calif.",womens-track-and-field,2016,33.6856969,-117.825981
Maia Hauschild,Sprints/Jumps,"Cranbury, N.J.",womens-track-and-field,2016,40.3133907,-74.5201927
Maria Seykora,Distance,"Broomall, Pa.",womens-track-and-field,2016,39.9689505,-75.3528373
Marie-Fee Breyer,Mid. Distance,"Freiberg, Germany",womens-track-and-field,2016,50.9169415,13.3428889
Mary Hui,Distance,Hong Kong,womens-track-and-field,2016,22.2818333,114.1582831
Mattie Baron,Sprints,"Colorado Springs, Colo.",womens-track-and-field,2016,38.8339578,-104.825348
Megan Curham,Distance,"Warren, N.J.",womens-track-and-field,2016,40.8602222,-74.9720493
Melana Hammel,Mid. Distance,"Barnegat, N.J.",womens-track-and-field,2016,39.7557459,-74.2207395
Melinda Renuart,Distance,"Akron, Ohio",womens-track-and-field,2016,41.083064,-81.518485
Melissa Reed,Distance,"Los Altos, Calif.",womens-track-and-field,2016,37.3790629,-122.116578
Mikaela Sawyer,Hurdles/Combined,"Boise, Idaho",womens-track-and-field,2016,43.6166163,-116.200886
Mim Buscher,Mid. Distance,"Toano, Va.",womens-track-and-field,2016,37.3798686,-76.8041276
Morgan Lucey,Distance,"Jacksonville, Fla.",womens-track-and-field,2016,30.3262247,-81.6579179
Natalie Rathjen,Distance,"Dallas, Texas",womens-track-and-field,2016,32.7762719,-96.7968559
Nicole Marvin,Distance,"Pawling, N.Y.",womens-track-and-field,2016,41.5618381,-73.6026148
Nnenna Ibe,Jumps,"North Brunswick, N.J.",womens-track-and-field,2016,40.4539249,-74.476545
Quinn Parker,Sprints,"Truckee, Calif.",womens-track-and-field,2016,39.3279454,-120.1835765
Rachael Chacko,Distance,"Centennial, Colo.",womens-track-and-field,2016,39.579155,-104.8769227
Rachel Granovsky,Distance,"McLean, Va.",womens-track-and-field,2016,38.9366852,-77.185843
Reece Schachne,Javelin,"Westport, Conn.",womens-track-and-field,2016,41.1414855,-73.3578955
Sierra Castaneda,Distance/Mid. Distance,"Hackettstown, N.J.",womens-track-and-field,2016,40.8538589,-74.8292553
Sydney Hausman,Jumps,"New York, N.Y.",womens-track-and-field,2016,40.7127281,-74.0060152
Taylor Bacon,Mid. Distance,"Sante Fe, N.M.",womens-track-and-field,2016,35.4805838,-108.8499456
Zoe Sims,Mid. Distance,"Kailua-Kona, Hawaii",womens-track-and-field,2016,19.641941,-155.996933
Alexandra Munson,Pole Vault,"Lisle, Ill.",womens-track-and-field,2017,41.801159,-88.0747687
Alexandra Rome,Distance,"Dallas, Pa.",womens-track-and-field,2017,41.33617,-75.9632636
Alie Fordyce,Mid. Distance,"Reinach BaselLand, Switzerland",womens-track-and-field,2017,47.4935369,7.5910891
Allie Klimkiewicz,Distance,"Oakton, Va.",womens-track-and-field,2017,38.896795,-77.2987377
Allison Glossinger,Sprints,"Owings Mills, Md.",womens-track-and-field,2017,39.4041967,-76.7956745
Anna Jurew,Mid. Distance,"New York, N.Y.",womens-track-and-field,2017,40.7127281,-74.0060152
Ashley Forte,Mid. Distance,"Worthington, Ohio",womens-track-and-field,2017,40.0930945,-83.0179593
Ashley Willingham,Sprints,"Seal Beach, Calif.",womens-track-and-field,2017,33.7423967,-118.1055926
Brighie Leach,Distance,"Lafayette, Calif.",womens-track-and-field,2017,37.8857582,-122.1180201
Brittany Henderson,Pole Vault,"Laguna Hills, Calif.",womens-track-and-field,2017,33.5948758,-117.6882067
Carly Bonnet,Sprints/Hurdles,"Haddonfield, N.J.",womens-track-and-field,2017,39.8915022,-75.0376707
Carson Brisk,Jumps/Sprints,"New York, N.Y.",womens-track-and-field,2017,40.7127281,-74.0060152
Christina Walter,Sprints,"Bemus Point, N.Y.",womens-track-and-field,2017,42.1593392,-79.3922893
Clare Martin,Mid. Distance,"Newton, Mass.",womens-track-and-field,2017,42.3300435,-71.194862
Delaney Kerkhof,Combined,"Palos Verdes, Calif.",womens-track-and-field,2017,33.7388745,-118.3976474
Delaney Miller,Mid. Distance,"San Diego, Calif.",womens-track-and-field,2017,32.7157062,-117.1638284
Devon Block-Funkhouser,Sprints/Hurdles,"Santa Barbara, Calif.",womens-track-and-field,2017,34.4221319,-119.702667
Ellen Scott-Young,Throws,"Gold Coast, Australia",womens-track-and-field,2017,-28.0023731,153.4145987
Ellie Randolph,Hurdles/Jumps,"Virginia Beach, Va.",womens-track-and-field,2017,36.8496579,-75.9760751
Erin Endres,Mid. Distance,"Commack, N.Y.",womens-track-and-field,2017,40.8393515,-73.2858994
Frances Lodge,Combined,"New York, N.Y.",womens-track-and-field,2017,40.7127281,-74.0060152
Gabi Forrest,Mid. Distance,"Brisbane, Australia",womens-track-and-field,2017,-27.4689623,153.0235009
Hadley Wilhoite,Jumps/Sprints,"Portland, Ore.",womens-track-and-field,2017,45.5202471,-122.674194
Heide Baron,Sprints/Mid. Distance,"Colorado Springs, Colo.",womens-track-and-field,2017,38.8339578,-104.825348
Jackie Berardo,Mid. Distance,"Stockton, N.J.",womens-track-and-field,2017,40.407883,-74.9782238
Julia Harisay,Throws,"Athens, Ga.",womens-track-and-field,2017,33.9597677,-83.376398
Kara Steele,Combined,"Kirkwood, Mo.",womens-track-and-field,2017,38.5800713,-90.4069177
Katherine Leggat-Barr,Distance,"Cumberland, Maine",womens-track-and-field,2017,43.8506432,-70.4001498
Katie Barnett,Jumps,"St. Petersburg, Fla.",womens-track-and-field,2017,27.7712264,-82.6340259
Katie DiFrancesco,Sprints,"Millstone, N.J.",womens-track-and-field,2017,40.4992707,-74.5887679
Kennedy O'Dell,Throws,"Eudora, Kan.",womens-track-and-field,2017,38.9433372,-95.0985808
Kerri Davidson,Jumps,"London, Great Britain",womens-track-and-field,2017,51.5074456,-0.1277653
Laura Hergenrother,Mid. Distance,"Ridgefield, Conn.",womens-track-and-field,2017,41.2814842,-73.4981792
Lindsey Schmidt,Combined,"Eagle, Idaho",womens-track-and-field,2017,43.6954424,-116.3540138
Madeleine Sumner,Mid. Distance,"Calgary, Alberta",womens-track-and-field,2017,51.0456064,-114.057541
Madison Offstein,Mid. Distance,"Frostburg, Md.",womens-track-and-field,2017,39.6583325,-78.9284241
Maia Craver,Hurdles/Combined,"Irvine, Calif.",womens-track-and-field,2017,33.6856969,-117.825981
Maia Hauschild,Sprints/Jumps,"Cranbury, N.J.",womens-track-and-field,2017,40.3133907,-74.5201927
Marie-Fee Breyer,Mid. Distance,"Freiberg, Germany",womens-track-and-field,2017,50.9169415,13.3428889
Mattie Baron,Sprints,"Colorado Springs, Colo.",womens-track-and-field,2017,38.8339578,-104.825348
Megan Curham,Distance,"Warren, N.J.",womens-track-and-field,2017,40.8602222,-74.9720493
Melana Hammel,Mid. Distance,"Barnegat, N.J.",womens-track-and-field,2017,39.7557459,-74.2207395
Melia Chittenden,Distance,"Manhattan Beach, Calif.",womens-track-and-field,2017,33.8872777,-118.4104324
Melinda Renuart,Distance,"Akron, Ohio",womens-track-and-field,2017,41.083064,-81.518485
Melissa Reed,Distance,"Los Altos, Calif.",womens-track-and-field,2017,37.3790629,-122.116578
Mikaela Sawyer,Hurdles/Combined,"Boise, Idaho",womens-track-and-field,2017,43.6166163,-116.200886
Mim Buscher,Mid. Distance,"Toano, Va.",womens-track-and-field,2017,37.3798686,-76.8041276
Obiageri Amaechi,Throws,"San Francisco, Calif.",womens-track-and-field,2017,37.7879363,-122.4075201
Peyton Brown,Distance,"Houston, Texas",womens-track-and-field,2017,29.7589382,-95.3676974
Quinn Parker,Sprints,"Truckee, Calif.",womens-track-and-field,2017,39.3279454,-120.1835765
Rachel Granovsky,Distance,"McLean, Va.",womens-track-and-field,2017,38.9366852,-77.185843
Reece Schachne,Javelin,"Westport, Conn.",womens-track-and-field,2017,41.1414855,-73.3578955
Rylie Pease,Javelin,"Cheney, Wash.",womens-track-and-field,2017,47.4892246,-117.579304
Samantha Anderson,Mid. Distance,"Aberdeen, N.J.",womens-track-and-field,2017,40.4071138,-74.2216287
Sierra Castaneda,Distance/Mid. Distance,"Hackettstown, N.J.",womens-track-and-field,2017,40.8538589,-74.8292553
Sophie Cantine,Mid. Distance,"Seattle, Wash.",womens-track-and-field,2017,47.6038321,-122.330062
Alexandra Munson,Pole Vault,"Lisle, Ill.",womens-track-and-field,2018,41.801159,-88.0747687
Alie Fordyce,Mid. Distance,"Reinach BaselLand, Switzerland",womens-track-and-field,2018,47.4935369,7.5910891
Allie Klimkiewicz,Distance,"Oakton, Va.",womens-track-and-field,2018,38.896795,-77.2987377
Allison Glossinger,Sprints,"Owings Mills, Md.",womens-track-and-field,2018,39.4041967,-76.7956745
Anna Jurew,Mid. Distance,"New York, N.Y.",womens-track-and-field,2018,40.7127281,-74.0060152
Ashley Willingham,Sprints,"Seal Beach, Calif.",womens-track-and-field,2018,33.7423967,-118.1055926
Brighie Leach,Distance,"Lafayette, Calif.",womens-track-and-field,2018,37.8857582,-122.1180201
Carly Bonnet,Sprints/Hurdles,"Haddonfield, N.J.",womens-track-and-field,2018,39.8915022,-75.0376707
Caroline Timm,Distance,"Poughkeepsie, N.Y.",womens-track-and-field,2018,41.7065539,-73.9283672
Carson Brisk,Jumps/Sprints,"New York, N.Y.",womens-track-and-field,2018,40.7127281,-74.0060152
Christiane Konstantopoulos,Distance,"Toronto, Ont.",womens-track-and-field,2018,43.6534817,-79.3839347
Clare Martin,Mid. Distance,"Newton, Mass.",womens-track-and-field,2018,42.3300435,-71.194862
Devon Block-Funkhouser,Sprints/Hurdles,"Santa Barbara, Calif.",womens-track-and-field,2018,34.4221319,-119.702667
Ellen Scott-Young,Throws,"Gold Coast, Australia",womens-track-and-field,2018,-28.0023731,153.4145987
Ellie Randolph,Hurdles/Jumps,"Virginia Beach, Va.",womens-track-and-field,2018,36.8496579,-75.9760751
Emily Philippides,Mid. Distance,"Greenwich, Conn.",womens-track-and-field,2018,41.0264862,-73.6284598
Emily Wilson,Javelin,"San Antonio, Texas",womens-track-and-field,2018,29.4246002,-98.4951405
Emma Daugherty,Jumps,"Waterville, Ohio",womens-track-and-field,2018,41.5008859,-83.7182701
Erin Endres,Mid. Distance,"Commack, N.Y.",womens-track-and-field,2018,40.8393515,-73.2858994
Frances Lodge,Combined,"New York, N.Y.",womens-track-and-field,2018,40.7127281,-74.0060152
Gabi Forrest,Mid. Distance,"Brisbane, Australia",womens-track-and-field,2018,-27.4689623,153.0235009
Gillian Wagner,Distance,"Fairfax, Calif.",womens-track-and-field,2018,37.9872935,-122.587967
Grace Lanouette,Sprints,"Devon, Pa.",womens-track-and-field,2018,40.0473603,-75.4229511
Hadley Wilhoite,Jumps/Sprints,"Portland, Ore.",womens-track-and-field,2018,45.5202471,-122.674194
Hanne Borstlap,Pole Vault,"Vosselaar, Belgium",womens-track-and-field,2018,51.3129153,4.8878026
Heide Baron,Sprints/Mid. Distance,"Colorado Springs, Colo.",womens-track-and-field,2018,38.8339578,-104.825348
India Weir,Distance,"London, England",womens-track-and-field,2018,51.5074456,-0.1277653
Isabella Hilditch,Sprints/Hurdles,"London, England",womens-track-and-field,2018,51.5074456,-0.1277653
Jackie Berardo,Mid. Distance,"Stockton, N.J.",womens-track-and-field,2018,40.407883,-74.9782238
Jalah Morris,Throws,"Zion, Ill.",womens-track-and-field,2018,42.4501169,-87.8337753
Julia Harisay,Throws,"Athens, Ga.",womens-track-and-field,2018,33.9597677,-83.376398
Kajsa Souter,Combined,"North Ward, Australia",womens-track-and-field,2018,-19.2484915,146.8097532
Kara Steele,Combined,"Kirkwood, Mo.",womens-track-and-field,2018,38.5800713,-90.4069177
Katherine Leggat-Barr,Distance,"Cumberland, Maine",womens-track-and-field,2018,43.8506432,-70.4001498
Katie Barnett,Jumps,"St. Petersburg, Fla.",womens-track-and-field,2018,27.7712264,-82.6340259
Katie DiFrancesco,Sprints,"Millstone, N.J.",womens-track-and-field,2018,40.4992707,-74.5887679
Kerri Davidson,Jumps,"London, Great Britain",womens-track-and-field,2018,51.5074456,-0.1277653
Laura Hergenrother,Mid. Distance,"Ridgefield, Conn.",womens-track-and-field,2018,41.2814842,-73.4981792
Lindsey Schmidt,Combined,"Eagle, Idaho",womens-track-and-field,2018,43.6954424,-116.3540138
Luisa Chantler Edmond,Throws,"Oxford, England",womens-track-and-field,2018,51.7520131,-1.2578499
Madeleine Sumner,Mid. Distance,"Calgary, Alberta",womens-track-and-field,2018,51.0456064,-114.057541
Madison Offstein,Mid. Distance,"Frostburg, Md.",womens-track-and-field,2018,39.6583325,-78.9284241
Marie-Fee Breyer,Mid. Distance,"Freiberg, Germany",womens-track-and-field,2018,50.9169415,13.3428889
Melia Chittenden,Distance,"Manhattan Beach, Calif.",womens-track-and-field,2018,33.8872777,-118.4104324
Mikaela Sawyer,Hurdles/Combined,"Boise, Idaho",womens-track-and-field,2018,43.6166163,-116.200886
Mim Buscher,Mid. Distance,"Toano, Va.",womens-track-and-field,2018,37.3798686,-76.8041276
Obiageri Amaechi,Throws,"San Francisco, Calif.",womens-track-and-field,2018,37.7879363,-122.4075201
Page Lester,Mid. Distance,"Washington, D.C.",womens-track-and-field,2018,38.8950982,-77.0363849
Peyton Brown,Distance,"Houston, Texas",womens-track-and-field,2018,29.7589382,-95.3676974
Rachel Granovsky,Distance,"McLean, Va.",womens-track-and-field,2018,38.9366852,-77.185843
Reece Schachne,Javelin,"Westport, Conn.",womens-track-and-field,2018,41.1414855,-73.3578955
Rylie Pease,Javelin,"Cheney, Wash.",womens-track-and-field,2018,47.4892246,-117.579304
Samantha Anderson,Mid. Distance,"Aberdeen, N.J.",womens-track-and-field,2018,40.4071138,-74.2216287
Sierra Castaneda,Distance/Mid. Distance,"Hackettstown, N.J.",womens-track-and-field,2018,40.8538589,-74.8292553
Sophie Cantine,Mid. Distance,"Seattle, Wash.",womens-track-and-field,2018,47.6038321,-122.330062
Abby Loveys,Distance,"Randolph, N.J.",womens-track-and-field,2019,40.844265,-74.5857218
Alexandra Munson,Pole Vault,"Lisle, Ill.",womens-track-and-field,2019,41.801159,-88.0747687
Andelyn Granskog,Combined,"Itasca, Ill.",womens-track-and-field,2019,41.9712977,-88.0129164
Annika Kelly,Throws,"Barrington, R.I.",womens-track-and-field,2019,41.7407661,-71.3084633
Arianna Smith,Hurdles/Sprints,"Pennsville, N.J.",womens-track-and-field,2019,39.6534464,-75.5165881
Ashley Willingham,Sprints,"Seal Beach, Calif.",womens-track-and-field,2019,33.7423967,-118.1055926
Caroline Timm,Distance,"Poughkeepsie, N.Y.",womens-track-and-field,2019,41.7065539,-73.9283672
Carson Brisk,Jumps/Sprints,"New York, N.Y.",womens-track-and-field,2019,40.7127281,-74.0060152
Charlotte O'Toole,Mid. Distance,"Weston, Mass.",womens-track-and-field,2019,42.3667625,-71.3031132
Christiane Konstantopoulos,Distance,"Toronto, Ont.",womens-track-and-field,2019,43.6534817,-79.3839347
Devon Block-Funkhouser,Sprints/Hurdles,"Santa Barbara, Calif.",womens-track-and-field,2019,34.4221319,-119.702667
Ellen Scott-Young,Throws,"Gold Coast, Australia",womens-track-and-field,2019,-28.0023731,153.4145987
Emily Garner,Combined,"Irvine, Calif.",womens-track-and-field,2019,33.6856969,-117.825981
Emily Philippides,Mid. Distance,"Greenwich, Conn.",womens-track-and-field,2019,41.0264862,-73.6284598
Emily Wilson,Javelin,"San Antonio, Texas",womens-track-and-field,2019,29.4246002,-98.4951405
Emma Daugherty,Jumps,"Waterville, Ohio",womens-track-and-field,2019,41.5008859,-83.7182701
Erin Endres,Mid. Distance,"Commack, N.Y.",womens-track-and-field,2019,40.8393515,-73.2858994
Gillian Wagner,Distance,"Fairfax, Calif.",womens-track-and-field,2019,37.9872935,-122.587967
Grace Lanouette,Sprints,"Devon, Pa.",womens-track-and-field,2019,40.0473603,-75.4229511
Hadley Wilhoite,Jumps/Sprints,"Portland, Ore.",womens-track-and-field,2019,45.5202471,-122.674194
Hanne Borstlap,Pole Vault,"Vosselaar, Belgium",womens-track-and-field,2019,51.3129153,4.8878026
Heide Baron,Sprints/Mid. Distance,"Colorado Springs, Colo.",womens-track-and-field,2019,38.8339578,-104.825348
India Weir,Distance,"London, England",womens-track-and-field,2019,51.5074456,-0.1277653
Isabella Hilditch,Sprints/Hurdles,"London, England",womens-track-and-field,2019,51.5074456,-0.1277653
Jalah Morris,Throws,"Zion, Ill.",womens-track-and-field,2019,42.4501169,-87.8337753
Julia Harisay,Throws,"Athens, Ga.",womens-track-and-field,2019,33.9597677,-83.376398
Kajsa Souter,Combined,"North Ward, Australia",womens-track-and-field,2019,-19.2484915,146.8097532
Kara Steele,Combined,"Kirkwood, Mo.",womens-track-and-field,2019,38.5800713,-90.4069177
Katherine Leggat-Barr,Distance,"Cumberland, Maine",womens-track-and-field,2019,43.8506432,-70.4001498
Katie Barnett,Jumps,"St. Petersburg, Fla.",womens-track-and-field,2019,27.7712264,-82.6340259
Katie DiFrancesco,Sprints,"Millstone, N.J.",womens-track-and-field,2019,40.4992707,-74.5887679
Lindsey Schmidt,Combined,"Eagle, Idaho",womens-track-and-field,2019,43.6954424,-116.3540138
Luisa Chantler Edmond,Throws,"Oxford, England",womens-track-and-field,2019,51.7520131,-1.2578499
Madeleine Sumner,Mid. Distance,"Calgary, Alberta",womens-track-and-field,2019,51.0456064,-114.057541
Maggie Hock,Mid. Distance,"Avon, Conn.",womens-track-and-field,2019,41.8098209,-72.8306541
Maggie Liebich,Mid. Distance,"Boise, Idaho",womens-track-and-field,2019,43.6166163,-116.200886
Megan Ogawa,Jumps,"Bristow, Va.",womens-track-and-field,2019,38.7311636,-77.5480241
Melia Chittenden,Distance,"Manhattan Beach, Calif.",womens-track-and-field,2019,33.8872777,-118.4104324
Milana Malec,Sprints,"Irvine, Calif.",womens-track-and-field,2019,33.6856969,-117.825981
Obiageri Amaechi,Throws,"San Francisco, Calif.",womens-track-and-field,2019,37.7879363,-122.4075201
Olivia Hee,Sprints/Jumps,"Charlotte, N.C.",womens-track-and-field,2019,35.2272086,-80.8430827
Page Lester,Mid. Distance,"Washington, D.C.",womens-track-and-field,2019,38.8950982,-77.0363849
Peyton Brown,Distance,"Houston, Texas",womens-track-and-field,2019,29.7589382,-95.3676974
Reece Schachne,Javelin,"Westport, Conn.",womens-track-and-field,2019,41.1414855,-73.3578955
Rylie Pease,Javelin,"Cheney, Wash.",womens-track-and-field,2019,47.4892246,-117.579304
Sierra Castaneda,Distance/Mid. Distance,"Hackettstown, N.J.",womens-track-and-field,2019,40.8538589,-74.8292553
Sophie Cantine,Mid. Distance,"Seattle, Wash.",womens-track-and-field,2019,47.6038321,-122.330062
Sydney Hwang,Distance,"Claremont, Calif.",womens-track-and-field,2019,34.0966764,-117.7197785
Tia Rozario,Jumps,Singapore,womens-track-and-field,2019,1.357107,103.8194992
Abby Loveys,Distance,"Randolph, N.J.",womens-track-and-field,2020,40.844265,-74.5857218
Alexandra Munson,Pole Vault,"Lisle, Ill.",womens-track-and-field,2020,41.801159,-88.0747687
Alexandra Rome,Distance,"Dallas, Pa.",womens-track-and-field,2020,41.33617,-75.9632636
Amy Aririguzoh,Jumps,"Trenton, N.J.",womens-track-and-field,2020,40.2203074,-74.7659
Andelyn Granskog,Combined,"Itasca, Ill.",womens-track-and-field,2020,41.9712977,-88.0129164
Arianna Smith,Hurdles/Sprints,"Pennsville, N.J.",womens-track-and-field,2020,39.6534464,-75.5165881
Brianna Mponzi,Sprints/Multis,"Forth Worth, Texas",womens-track-and-field,2020,32.7369895,-97.4629893
Brielle Kelly,Throws,"Hillsborough, N.J.",womens-track-and-field,2020,40.5052296,-74.6732941
Caroline Timm,Distance,"Poughkeepsie, N.Y.",womens-track-and-field,2020,41.7065539,-73.9283672
Casey Burton,Sprints/Jumps,"Wexford, Penn.",womens-track-and-field,2020,40.4451436,-79.8111323
Charlotte O'Toole,Mid. Distance,"Weston, Mass.",womens-track-and-field,2020,42.3667625,-71.3031132
Christiane Konstantopoulos,Distance,"Toronto, Ont.",womens-track-and-field,2020,43.6534817,-79.3839347
Clare Martin,Mid. Distance,"Newton, Mass.",womens-track-and-field,2020,42.3300435,-71.194862
Emily Garner,Combined,"Irvine, Calif.",womens-track-and-field,2020,33.6856969,-117.825981
Emily Philippides,Mid. Distance,"Greenwich, Conn.",womens-track-and-field,2020,41.0264862,-73.6284598
Emily Wilson,Javelin,"San Antonio, Texas",womens-track-and-field,2020,29.4246002,-98.4951405
Fiona Max,Distance,"Bend, Ore.",womens-track-and-field,2020,44.0581728,-121.3153096
Gillian Wagner,Distance,"Fairfax, Calif.",womens-track-and-field,2020,37.9872935,-122.587967
Grace Lanouette,Sprints,"Devon, Pa.",womens-track-and-field,2020,40.0473603,-75.4229511
Hanne Borstlap,Pole Vault,"Vosselaar, Belgium",womens-track-and-field,2020,51.3129153,4.8878026
Harlowe Brumett-Dunn,Sprints,"Seattle, Wash.",womens-track-and-field,2020,47.6038321,-122.330062
India Ingemi,Sprints,"Beverly, Mass.",womens-track-and-field,2020,42.5489744,-70.8781883
India Weir,Distance,"London, England",womens-track-and-field,2020,51.5074456,-0.1277653
Isabel Max,Mid. Distance,"Bend, Ore.",womens-track-and-field,2020,44.0581728,-121.3153096
Isabella Hilditch,Sprints/Hurdles,"London, England",womens-track-and-field,2020,51.5074456,-0.1277653
Jalah Morris,Throws,"Zion, Ill.",womens-track-and-field,2020,42.4501169,-87.8337753
Julia Harisay,Throws,"Athens, Ga.",womens-track-and-field,2020,33.9597677,-83.376398
Kajsa Souter,Combined,"North Ward, Australia",womens-track-and-field,2020,-19.2484915,146.8097532
Kara Steele,Combined,"Kirkwood, Mo.",womens-track-and-field,2020,38.5800713,-90.4069177
Kate Joyce,Throws,"Weston, Conn.",womens-track-and-field,2020,41.2021302,-73.3812743
Katherine Leggat-Barr,Distance,"Cumberland, Maine",womens-track-and-field,2020,43.8506432,-70.4001498
Katie Barnett,Jumps,"St. Petersburg, Fla.",womens-track-and-field,2020,27.7712264,-82.6340259
Katie DiFrancesco,Sprints,"Millstone, N.J.",womens-track-and-field,2020,40.4992707,-74.5887679
Lindsey Schmidt,Combined,"Eagle, Idaho",womens-track-and-field,2020,43.6954424,-116.3540138
Luci Doogan,Distance,"New York, N.Y.",womens-track-and-field,2020,40.7127281,-74.0060152
Lucy Huelskamp,Distance,"Portland, Ore.",womens-track-and-field,2020,45.5202471,-122.674194
Luisa Chantler Edmond,Throws,"Oxford, England",womens-track-and-field,2020,51.7520131,-1.2578499
Madeleine Burns,Distance,"Durango, Colo.",womens-track-and-field,2020,37.2769484,-107.8766
Maggie Hock,Mid. Distance,"Avon, Conn.",womens-track-and-field,2020,41.8098209,-72.8306541
Megan Ogawa,Jumps,"Bristow, Va.",womens-track-and-field,2020,38.7311636,-77.5480241
Melia Chittenden,Distance,"Manhattan Beach, Calif.",womens-track-and-field,2020,33.8872777,-118.4104324
Milana Malec,Sprints,"Irvine, Calif.",womens-track-and-field,2020,33.6856969,-117.825981
Nia Mosby,Sprints/Jumps,"Inglewood, Calif.",womens-track-and-field,2020,33.9562003,-118.353132
Obiageri Amaechi,Throws,"San Francisco, Calif.",womens-track-and-field,2020,37.7879363,-122.4075201
Olivia Hee,Sprints/Jumps,"Charlotte, N.C.",womens-track-and-field,2020,35.2272086,-80.8430827
Oluwatise Okeremi,Throws,"Houston, Texas",womens-track-and-field,2020,29.7589382,-95.3676974
Page Lester,Mid. Distance,"Washington, D.C.",womens-track-and-field,2020,38.8950982,-77.0363849
Peyton Brown,Distance,"Houston, Texas",womens-track-and-field,2020,29.7589382,-95.3676974
SJ Cohen,Jumps,"Ambler, Penn.",womens-track-and-field,2020,40.1544727,-75.2221643
Sophie Cantine,Mid. Distance,"Seattle, Wash.",womens-track-and-field,2020,47.6038321,-122.330062
Tia Rozario,Jumps,Singapore,womens-track-and-field,2020,1.357107,103.8194992
Tsion Yared,Distance,"Fort Lauderdale, Fla.",womens-track-and-field,2020,26.1223084,-80.1433786
Abby Loveys,Distance,"Randolph, N.J.",womens-track-and-field,2021,40.844265,-74.5857218
Adelaide Asante,Hurdles/Sprints,"North Brunswick, N.J.",womens-track-and-field,2021,40.4539249,-74.476545
Amy Aririguzoh,Jumps,"Trenton, N.J.",womens-track-and-field,2021,40.2203074,-74.7659
Andelyn Granskog,Combined,"Itasca, Ill.",womens-track-and-field,2021,41.9712977,-88.0129164
Angie Allen,Distance,"Lincolnton, N.C.",womens-track-and-field,2021,35.473745,-81.2545251
Annika Kelly,Throws,"Barrington, R.I.",womens-track-and-field,2021,41.7407661,-71.3084633
Arianna Smith,Hurdles/Sprints,"Pennsville, N.J.",womens-track-and-field,2021,39.6534464,-75.5165881
Brianna Mponzi,Sprints/Multis,"Forth Worth, Texas",womens-track-and-field,2021,32.7369895,-97.4629893
Caroline Timm,Distance,"Poughkeepsie, N.Y.",womens-track-and-field,2021,41.7065539,-73.9283672
Casey Burton,Sprints/Jumps,"Wexford, Penn.",womens-track-and-field,2021,40.4451436,-79.8111323
Charlotte O'Toole,Mid. Distance,"Weston, Mass.",womens-track-and-field,2021,42.3667625,-71.3031132
Emily Wilson,Javelin,"San Antonio, Texas",womens-track-and-field,2021,29.4246002,-98.4951405
Fiona Max,Distance,"Bend, Ore.",womens-track-and-field,2021,44.0581728,-121.3153096
Gillian Wagner,Distance,"Fairfax, Calif.",womens-track-and-field,2021,37.9872935,-122.587967
Grace Lanouette,Sprints,"Devon, Pa.",womens-track-and-field,2021,40.0473603,-75.4229511
Hanne Borstlap,Pole Vault,"Vosselaar, Belgium",womens-track-and-field,2021,51.3129153,4.8878026
Harlowe Brumett-Dunn,Sprints,"Seattle, Wash.",womens-track-and-field,2021,47.6038321,-122.330062
India Ingemi,Sprints,"Beverly, Mass.",womens-track-and-field,2021,42.5489744,-70.8781883
India Weir,Distance,"London, England",womens-track-and-field,2021,51.5074456,-0.1277653
Isabella Hilditch,Sprints/Hurdles,"London, England",womens-track-and-field,2021,51.5074456,-0.1277653
Jalah Morris,Throws,"Zion, Ill.",womens-track-and-field,2021,42.4501169,-87.8337753
Kate Joyce,Throws,"Weston, Conn.",womens-track-and-field,2021,41.2021302,-73.3812743
Lauren Harris,Sprints,"Omaha, Neb.",womens-track-and-field,2021,41.2587459,-95.9383758
Lexi Allen,Distance,"Canton, Ga.",womens-track-and-field,2021,34.2367621,-84.4907621
Lily Parris,Hurdles,"Ingatestone, U.K.",womens-track-and-field,2021,51.6670001,0.3842646
Lucca Fulkerson,Distance,"Niwot, Colo.",womens-track-and-field,2021,40.1016754,-105.1534902
Luci Doogan,Distance,"New York, N.Y.",womens-track-and-field,2021,40.7127281,-74.0060152
Lucy Huelskamp,Distance,"Portland, Ore.",womens-track-and-field,2021,45.5202471,-122.674194
Luisa Chantler Edmond,Throws,"Oxford, England",womens-track-and-field,2021,51.7520131,-1.2578499
Madeleine Burns,Distance,"Durango, Colo.",womens-track-and-field,2021,37.2769484,-107.8766
Madeleine Wood,Jumps,"Leicestershire, U.K.",womens-track-and-field,2021,52.666667,-1.0
Madeline Wolford,Throws,"Laguna Niguel, Calif.",womens-track-and-field,2021,33.5225261,-117.7075526
Maggie Hock,Mid. Distance,"Avon, Conn.",womens-track-and-field,2021,41.8098209,-72.8306541
Maggie Liebich,Mid. Distance,"Boise, Idaho",womens-track-and-field,2021,43.6166163,-116.200886
Mari Noble,Distance,"Greenwich, Conn.",womens-track-and-field,2021,41.0264862,-73.6284598
Megan Ogawa,Jumps,"Bristow, Va.",womens-track-and-field,2021,38.7311636,-77.5480241
Mena Scatchard,Mid. Distance,"North Yorkshire, U.K.",womens-track-and-field,2021,54.1345328,-1.4986285
Nia Mosby,Sprints/Jumps,"Inglewood, Calif.",womens-track-and-field,2021,33.9562003,-118.353132
Olivia Hee,Sprints/Jumps,"Charlotte, N.C.",womens-track-and-field,2021,35.2272086,-80.8430827
Oluwatise Okeremi,Throws,"Houston, Texas",womens-track-and-field,2021,29.7589382,-95.3676974
Paola Rodriguez,Mid. Distance,"San Juan, Puerto Rico",womens-track-and-field,2021,18.384239,-66.05344
Rylie Pease,Throws,"Cheney, Wash.",womens-track-and-field,2021,47.4892246,-117.579304
SJ Cohen,Jumps,"Ambler, Penn.",womens-track-and-field,2021,40.1544727,-75.2221643
Samantha Anderson,Mid. Distance,"Aberdeen, N.J.",womens-track-and-field,2021,40.4071138,-74.2216287
Siniru Iheoma,Throws,"Churchville, Penn.",womens-track-and-field,2021,40.1665175,-78.5177284
Sophie Steidle,Distance,"Collingswood, N.J.",womens-track-and-field,2021,39.9181686,-75.071284
Sydney Hwang,Distance,"Claremont, Calif.",womens-track-and-field,2021,34.0966764,-117.7197785
Tia Rozario,Jumps,Singapore,womens-track-and-field,2021,1.357107,103.8194992
Tsion Yared,Distance,"Fort Lauderdale, Fla.",womens-track-and-field,2021,26.1223084,-80.1433786
Abby Loveys,Distance,"Randolph, N.J.",womens-track-and-field,2022,40.844265,-74.5857218
Adelaide Asante,Hurdles/Sprints,"North Brunswick, N.J.",womens-track-and-field,2022,40.4539249,-74.476545
Alexandra Kelly,Jumps,"Long Island, N.Y.",womens-track-and-field,2022,40.8514971,-73.0994297
Amy Aririguzoh,Jumps,"Trenton, N.J.",womens-track-and-field,2022,40.2203074,-74.7659
Andelyn Granskog,Combined,"Itasca, Ill.",womens-track-and-field,2022,41.9712977,-88.0129164
Angie Allen,Distance,"Lincolnton, N.C.",womens-track-and-field,2022,35.473745,-81.2545251
Annika Kelly,Throws,"Barrington, R.I.",womens-track-and-field,2022,41.7407661,-71.3084633
Arianna Smith,Hurdles/Sprints,"Pennsville, N.J.",womens-track-and-field,2022,39.6534464,-75.5165881
Brianna Mponzi,Sprints/Multis,"Forth Worth, Texas",womens-track-and-field,2022,32.7369895,-97.4629893
Casey Burton,Sprints/Jumps,"Wexford, Penn.",womens-track-and-field,2022,40.4451436,-79.8111323
Charlotte O'Toole,Mid. Distance,"Weston, Mass.",womens-track-and-field,2022,42.3667625,-71.3031132
Daphne Banino,Distance,"Sleepy Hollow, N.Y.",womens-track-and-field,2022,41.085652,-73.8584684
Ella Rubinshtein,Jumps,"Hod Hasharon, Israel",womens-track-and-field,2022,32.1561974,34.8930354
Emily Wilson,Throws,"San Antonio, Texas",womens-track-and-field,2022,29.4246002,-98.4951405
Fiona Max,Distance,"Bend, Ore.",womens-track-and-field,2022,44.0581728,-121.3153096
Georgina Scoot,Jumps,"Maypool, U.K.",womens-track-and-field,2022,50.3784616,-3.5797628
Gillian Wagner,Distance,"Fairfax, Calif.",womens-track-and-field,2022,37.9872935,-122.587967
Harlowe Brumett-Dunn,Sprints,"Seattle, Wash.",womens-track-and-field,2022,47.6038321,-122.330062
India Ingemi,Sprints,"Beverly, Mass.",womens-track-and-field,2022,42.5489744,-70.8781883
India Weir,Distance,"London, England",womens-track-and-field,2022,51.5074456,-0.1277653
Isabel Max,Mid. Distance,"Bend, Ore.",womens-track-and-field,2022,44.0581728,-121.3153096
Julia Jongejeugd,Multis,"Puemerend, Netherlands",womens-track-and-field,2022,52.5024789,4.9614827
Kate Joyce,Throws,"Weston, Conn.",womens-track-and-field,2022,41.2021302,-73.3812743
Katelyn Peterson,Throws,"Dixon, Calif.",womens-track-and-field,2022,38.4454641,-121.8232958
Lauren Harris,Sprints,"Omaha, Neb.",womens-track-and-field,2022,41.2587459,-95.9383758
Lexi Allen,Distance,"Canton, Ga.",womens-track-and-field,2022,34.2367621,-84.4907621
Lily Parris,Hurdles,"Ingatestone, U.K.",womens-track-and-field,2022,51.6670001,0.3842646
Lucca Fulkerson,Distance,"Niwot, Colo.",womens-track-and-field,2022,40.1016754,-105.1534902
Luci Doogan,Distance,"New York, N.Y.",womens-track-and-field,2022,40.7127281,-74.0060152
Madeleine Burns,Distance,"Durango, Colo.",womens-track-and-field,2022,37.2769484,-107.8766
Madeleine Wood,Jumps,"Leicestershire, U.K.",womens-track-and-field,2022,52.666667,-1.0
Madeline Cramer,Mid. Distance,"La Jolla, Calif.",womens-track-and-field,2022,32.8458529,-117.2575702
Madeline Wolford,Throws,"Laguna Niguel, Calif.",womens-track-and-field,2022,33.5225261,-117.7075526
Maggie Hock,Mid. Distance,"Avon, Conn.",womens-track-and-field,2022,41.8098209,-72.8306541
Maggie Liebich,Mid. Distance,"Boise, Idaho",womens-track-and-field,2022,43.6166163,-116.200886
Maisha Atkinson,Sprints,"West Palm Beach, Fla.",womens-track-and-field,2022,26.715364,-80.0532942
Makenna Marshall,Throws,"Houston, Texas",womens-track-and-field,2022,29.7589382,-95.3676974
Mari Noble,Distance,"Greenwich, Conn.",womens-track-and-field,2022,41.0264862,-73.6284598
Mena Scatchard,Mid. Distance,"North Yorkshire, U.K.",womens-track-and-field,2022,54.1345328,-1.4986285
Morgan Monesmith,Distance,"Cleveland, Ohio",womens-track-and-field,2022,41.4996574,-81.6936772
Nia Mosby,Sprints/Jumps,"Inglewood, Calif.",womens-track-and-field,2022,33.9562003,-118.353132
Nicole Woods,Throws,"Demarest, N.J.",womens-track-and-field,2022,40.9573205,-73.9634708
Olivia Hee,Sprints/Jumps,"Charlotte, N.C.",womens-track-and-field,2022,35.2272086,-80.8430827
Oluwatise Okeremi,Throws,"Houston, Texas",womens-track-and-field,2022,29.7589382,-95.3676974
Page Lester,Distance,"Washington, D.C.",womens-track-and-field,2022,38.8950982,-77.0363849
Paola Rodriguez,Mid. Distance,"San Juan, Puerto Rico",womens-track-and-field,2022,18.384239,-66.05344
Peyton Leigh,Distance,"Auckland, N.Z.",womens-track-and-field,2022,-31.9218756,115.8466839
SJ Cohen,Jumps,"Ambler, Penn.",womens-track-and-field,2022,40.1544727,-75.2221643
Shea Greene,Throws,"Weston, Conn.",womens-track-and-field,2022,41.2021302,-73.3812743
Siniru Iheoma,Throws,"Churchville, Penn.",womens-track-and-field,2022,40.1665175,-78.5177284
Sophie Steidle,Distance,"Collingswood, N.J.",womens-track-and-field,2022,39.9181686,-75.071284
Stella Vieth,Distance,"Boulder, Colo.",womens-track-and-field,2022,40.0149856,-105.270545
Tessa Mudd,Jumps,"Mount Pleasant, S.C.",womens-track-and-field,2022,32.7927956,-79.8678322
Tia Rozario,Jumps,Singapore,womens-track-and-field,2022,1.357107,103.8194992
Tsion Yared,Distance,"Fort Lauderdale, Fla.",womens-track-and-field,2022,26.1223084,-80.1433786
Adelaide Asante,Hurdles/Sprints,"North Brunswick, N.J.",womens-track-and-field,2023,40.4539249,-74.476545
Alexandra Kelly,Jumps,"Long Island, N.Y.",womens-track-and-field,2023,40.8514971,-73.0994297
Amy Aririguzoh,Jumps,"Trenton, N.J.",womens-track-and-field,2023,40.2203074,-74.7659
Angela McAuslan-Kelly,Throws,"Aberdeen, Scotland",womens-track-and-field,2023,57.1482429,-2.0928095
Angie Allen,Distance,"Lincolnton, N.C.",womens-track-and-field,2023,35.473745,-81.2545251
Anna Chittenden,Distance,"Manhattan Beach, Calif.",womens-track-and-field,2023,33.8872777,-118.4104324
Anna McNatt,Distance,"Sacramento, Calif.",womens-track-and-field,2023,38.5810606,-121.493895
Annika Kelly,Throws,"Barrington, R.I.",womens-track-and-field,2023,41.7407661,-71.3084633
Audrey Kirkutis,Jumps,"West Hartford, Conn.",womens-track-and-field,2023,41.7620447,-72.7420399
Brianna Mponzi,Sprints/Multis,"Forth Worth, Texas",womens-track-and-field,2023,32.7369895,-97.4629893
Casey Burton,Sprints/Jumps,"Wexford, Penn.",womens-track-and-field,2023,40.4451436,-79.8111323
Charlotte O'Toole,,"Weston, Mass.",womens-track-and-field,2023,42.3667625,-71.3031132
Daphne Banino,Distance,"Sleepy Hollow, N.Y.",womens-track-and-field,2023,41.085652,-73.8584684
Ella Rubinshtein,Jumps,"Hod Hasharon, Israel",womens-track-and-field,2023,32.1561974,34.8930354
Emily Cooper,Distance,"Ann Arbor, Mich.",womens-track-and-field,2023,42.2813722,-83.7484616
Fiona Max,Distance,"Bend, Ore.",womens-track-and-field,2023,44.0581728,-121.3153096
Franziska Burchett,Sprints,"Gelsenkirchen, Germany",womens-track-and-field,2023,51.5110321,7.0960124
Georgina Scoot,Jumps,"Maypool, U.K.",womens-track-and-field,2023,50.3784616,-3.5797628
Hannah Riggins,Mid. Distance,"San Diego, Calif.",womens-track-and-field,2023,32.7157062,-117.1638284
Harlowe Brumett-Dunn,Sprints,"Seattle, Wash.",womens-track-and-field,2023,47.6038321,-122.330062
India Ingemi,Sprints,"Beverly, Mass.",womens-track-and-field,2023,42.5489744,-70.8781883
Isabel Max,Mid. Distance,"Bend, Ore.",womens-track-and-field,2023,44.0581728,-121.3153096
Julia Jongejeugd,Multis,"Puemerend, Netherlands",womens-track-and-field,2023,52.5024789,4.9614827
Kate Joyce,Throws,"Weston, Conn.",womens-track-and-field,2023,41.2021302,-73.3812743
Katelyn Maley,Distance,"Basalt, Colo.",womens-track-and-field,2023,39.3688731,-107.032824
Katelyn Peterson,Throws,"Dixon, Calif.",womens-track-and-field,2023,38.4454641,-121.8232958
Lauren Harris,Sprints,"Omaha, Neb.",womens-track-and-field,2023,41.2587459,-95.9383758
Lexi Allen,Distance,"Canton, Ga.",womens-track-and-field,2023,34.2367621,-84.4907621
Lily Parris,Hurdles,"Ingatestone, U.K.",womens-track-and-field,2023,51.6670001,0.3842646
Lucca Fulkerson,Distance,"Niwot, Colo.",womens-track-and-field,2023,40.1016754,-105.1534902
Luci Doogan,Distance,"New York, N.Y.",womens-track-and-field,2023,40.7127281,-74.0060152
Madeleine Wood,Jumps,"Leicestershire, U.K.",womens-track-and-field,2023,52.666667,-1.0
Madeline Cramer,Mid. Distance,"La Jolla, Calif.",womens-track-and-field,2023,32.8458529,-117.2575702
Madeline Wolford,Throws,"Laguna Niguel, Calif.",womens-track-and-field,2023,33.5225261,-117.7075526
Maggie Liebich,Mid. Distance,"Boise, Idaho",womens-track-and-field,2023,43.6166163,-116.200886
Maisha Atkinson,Sprints,"West Palm Beach, Fla.",womens-track-and-field,2023,26.715364,-80.0532942
Makenna Marshall,Throws,"Houston, Texas",womens-track-and-field,2023,29.7589382,-95.3676974
Mari Noble,Distance,"Greenwich, Conn.",womens-track-and-field,2023,41.0264862,-73.6284598
Mena Scatchard,Mid. Distance,"North Yorkshire, U.K.",womens-track-and-field,2023,54.1345328,-1.4986285
Morgan Monesmith,Distance,"Cleveland, Ohio",womens-track-and-field,2023,41.4996574,-81.6936772
Nicole Woods,Throws,"Demarest, N.J.",womens-track-and-field,2023,40.9573205,-73.9634708
Olivia Martin,Distance,"Oxford, England",womens-track-and-field,2023,51.7520131,-1.2578499
Oluwatise Okeremi,Throws,"Houston, Texas",womens-track-and-field,2023,29.7589382,-95.3676974
Paola Rodriguez,Mid. Distance,"San Juan, Puerto Rico",womens-track-and-field,2023,18.384239,-66.05344
Rachael Wilson,Sprints,"Fairfax, Va.",womens-track-and-field,2023,38.8462236,-77.3063733
SJ Cohen,Jumps,"Ambler, Penn.",womens-track-and-field,2023,40.1544727,-75.2221643
Shantell Kwofie,Multis,"Almere, Netherlands",womens-track-and-field,2023,52.3705038,5.2185859
Shea Burke,Hurdles,"Point Pleasant, N.J.",womens-track-and-field,2023,40.0831714,-74.0681931
Shea Greene,Throws,"Weston, Conn.",womens-track-and-field,2023,41.2021302,-73.3812743
Siniru Iheoma,Throws,"Churchville, Penn.",womens-track-and-field,2023,40.1665175,-78.5177284
Sophie Steidle,Distance,"Collingswood, N.J.",womens-track-and-field,2023,39.9181686,-75.071284
Sophie Williams,Sprints,"Hatfields Beach, New Zealand",womens-track-and-field,2023,-36.5709944,174.6892499
Soraya Patterson,,"Houston, Texas",womens-track-and-field,2023,29.7589382,-95.3676974
Stella Vieth,Distance,"Boulder, Colo.",womens-track-and-field,2023,40.0149856,-105.270545
Tessa Mudd,Jumps,"Mount Pleasant, S.C.",womens-track-and-field,2023,32.7927956,-79.8678322
Tsion Yared,Distance,"Fort Lauderdale, Fla.",womens-track-and-field,2023,26.1223084,-80.1433786
Adelaide Asante,Hurdles/Sprints,"North Brunswick, N.J.",womens-track-and-field,2024,40.4539249,-74.476545
Alexandra Kelly,Jumps,"Long Island, N.Y.",womens-track-and-field,2024,40.8514971,-73.0994297
Alysa Carrigan,Jumps,"Leesburg, Va.",womens-track-and-field,2024,39.1154506,-77.5645607
Angela McAuslan-Kelly,Throws,"Aberdeen, Scotland",womens-track-and-field,2024,57.1482429,-2.0928095
Angie Allen,Distance,"Lincolnton, N.C.",womens-track-and-field,2024,35.473745,-81.2545251
Anna Chittenden,Distance,"Manhattan Beach, Calif.",womens-track-and-field,2024,33.8872777,-118.4104324
Anna McNatt,Distance,"Sacramento, Calif.",womens-track-and-field,2024,38.5810606,-121.493895
Audrey Kirkutis,Jumps,"West Hartford, Conn.",womens-track-and-field,2024,41.7620447,-72.7420399
Brooke Jackson,Sprints,"Katy, Texas",womens-track-and-field,2024,29.7857853,-95.8243956
Daphne Banino,Distance,"Sleepy Hollow, N.Y.",womens-track-and-field,2024,41.085652,-73.8584684
Emily Cooper,Distance,"Ann Arbor, Mich.",womens-track-and-field,2024,42.2813722,-83.7484616
Emma de Jong,Distance,"Melbourne, Australia",womens-track-and-field,2024,-37.8142454,144.9631732
Finia Kretschmann,Mid. Distance,"Bonn, Germany",womens-track-and-field,2024,50.7352621,7.1024635
Fleur Todd-Warmoth,Distance,"London, England",womens-track-and-field,2024,51.5074456,-0.1277653
Franziska Burchett,Sprints,"Gelsenkirchen, Germany",womens-track-and-field,2024,51.5110321,7.0960124
Georgina Scoot,Jumps,"Maypool, U.K.",womens-track-and-field,2024,50.3784616,-3.5797628
Giselle Kirchner,Hurdles,"Rocklin, Calif.",womens-track-and-field,2024,38.7907339,-121.2357828
Hannah Riggins,Mid. Distance,"San Diego, Calif.",womens-track-and-field,2024,32.7157062,-117.1638284
Isabel Max,Mid. Distance,"Bend, Ore.",womens-track-and-field,2024,44.0581728,-121.3153096
Jana Ter Wee,Throws,"Larchwood, Iowa",womens-track-and-field,2024,43.453875,-96.434065
Jazmyn Singh,Sprints,"San Antonio, Texas",womens-track-and-field,2024,29.4246002,-98.4951405
Julia Jongejeugd,Multis,"Puemerend, Netherlands",womens-track-and-field,2024,52.5024789,4.9614827
Kameil Crane,Throws,"Hannibal, Mo.",womens-track-and-field,2024,39.7082498,-91.3587413
Khushi Umesh,Sprints,"Pune, India",womens-track-and-field,2024,18.5213738,73.8545071
Lauren Harris,Sprints,"Omaha, Neb.",womens-track-and-field,2024,41.2587459,-95.9383758
Layla Giordano,Throws,"Northvale, N.J.",womens-track-and-field,2024,41.0066649,-73.9490627
Lexi Allen,,"Canton, Ga.",womens-track-and-field,2024,34.2367621,-84.4907621
Lily Parris,Hurdles,"Ingatestone, U.K.",womens-track-and-field,2024,51.6670001,0.3842646
Lucca Fulkerson,Distance,"Niwot, Colo.",womens-track-and-field,2024,40.1016754,-105.1534902
Madeleine Wood,Jumps,"Leicestershire, U.K.",womens-track-and-field,2024,52.666667,-1.0
Madeline Cramer,Mid. Distance,"La Jolla, Calif.",womens-track-and-field,2024,32.8458529,-117.2575702
Madeline Wolford,Throws,"Laguna Niguel, Calif.",womens-track-and-field,2024,33.5225261,-117.7075526
Maisha Atkinson,Sprints,"West Palm Beach, Fla.",womens-track-and-field,2024,26.715364,-80.0532942
Makenna Marshall,Throws,"Houston, Texas",womens-track-and-field,2024,29.7589382,-95.3676974
Margaret Thompson,Distance,"Dallas, Texas",womens-track-and-field,2024,32.7762719,-96.7968559
Mari Noble,Distance,"Greenwich, Conn.",womens-track-and-field,2024,41.0264862,-73.6284598
Meg Madison,Distance,"Newton, Mass.",womens-track-and-field,2024,42.3300435,-71.194862
Mena Scatchard,Mid. Distance,"North Yorkshire, U.K.",womens-track-and-field,2024,54.1345328,-1.4986285
Mirtel Klaar,Multis,"Tallinn, Estonia",womens-track-and-field,2024,59.437242,24.7572693
Morgan Monesmith,Distance,"Cleveland, Ohio",womens-track-and-field,2024,41.4996574,-81.6936772
Nicole Rodriguez,,"Miami, Fla.",womens-track-and-field,2024,25.7741566,-80.1935973
Nicole Woods,Throws,"Demarest, N.J.",womens-track-and-field,2024,40.9573205,-73.9634708
Olivia Martin,Distance,"Oxford, England",womens-track-and-field,2024,51.7520131,-1.2578499
Paola Rodriguez,Mid. Distance,"San Juan, Puerto Rico",womens-track-and-field,2024,18.384239,-66.05344
Peyton Leigh,,"Auckland, N.Z.",womens-track-and-field,2024,-31.9218756,115.8466839
Shantell Kwofie,Multis,"Almere, Netherlands",womens-track-and-field,2024,52.3705038,5.2185859
Shea Burke,Hurdles,"Point Pleasant, N.J.",womens-track-and-field,2024,40.0831714,-74.0681931
Shea Greene,Throws,"Weston, Conn.",womens-track-and-field,2024,41.2021302,-73.3812743
Siniru Iheoma,Throws,"Churchville, Penn.",womens-track-and-field,2024,40.1665175,-78.5177284
Sofia Lieberman,Mid. Distance,"Murrieta, Calif.",womens-track-and-field,2024,33.560832,-117.210656
Sophie Steidle,Distance,"Collingswood, N.J.",womens-track-and-field,2024,39.9181686,-75.071284
Soraya Patterson,,"Houston, Texas",womens-track-and-field,2024,29.7589382,-95.3676974
Stella Vieth,Distance,"Boulder, Colo.",womens-track-and-field,2024,40.0149856,-105.270545
Tessa Mudd,Jumps,"Mount Pleasant, S.C.",womens-track-and-field,2024,32.7927956,-79.8678322
Abigail Errington,Distance,"South Pasadena, Calif.",womens-track-and-field,2025,34.1133062,-118.1478291
Abigail Kolbe,,"Doylestown, Pa.",womens-track-and-field,2025,40.3100446,-75.1304588
Alexandra Kelly,Jumps,"Long Island, N.Y.",womens-track-and-field,2025,40.8514971,-73.0994297
Alysa Carrigan,Jumps,"Leesburg, Va.",womens-track-and-field,2025,39.1154506,-77.5645607
Angela McAuslan-Kelly,Throws,"Aberdeen, Scotland",womens-track-and-field,2025,57.1482429,-2.0928095
Anika Scott,Hurdles/Jumps,"Bedford, N.H.",womens-track-and-field,2025,42.9464737,-71.5159015
Anna Chittenden,Distance,"Manhattan Beach, Calif.",womens-track-and-field,2025,33.8872777,-118.4104324
Anna McNatt,Distance,"Sacramento, Calif.",womens-track-and-field,2025,38.5810606,-121.493895
Audrey Kirkutis,Jumps,"West Hartford, Conn.",womens-track-and-field,2025,41.7620447,-72.7420399
Ava John,Multis,"Twickenham, England",womens-track-and-field,2025,51.4467444,-0.3281887
Brooke Jackson,Sprints,"Katy, Texas",womens-track-and-field,2025,29.7857853,-95.8243956
Caroline Barton,Distance,"Asheville, N.C.",womens-track-and-field,2025,35.595363,-82.5508407
Caroline Mauro,Jumps,"Portland, Ore.",womens-track-and-field,2025,45.5202471,-122.674194
Daphne Banino,Distance,"Sleepy Hollow, N.Y.",womens-track-and-field,2025,41.085652,-73.8584684
Delia Gregory,Sprints,"Overland Park, Kan.",womens-track-and-field,2025,38.9742502,-94.6851702
Elizabeth Yeboah-Kodie,Hurdles/Jumps,"Woodbridge, Va.",womens-track-and-field,2025,38.636447,-77.2676335
Emily Cooper,Distance,"Ann Arbor, Mich.",womens-track-and-field,2025,42.2813722,-83.7484616
Emma de Jong,Distance,"Melbourne, Australia",womens-track-and-field,2025,-37.8142454,144.9631732
Finia Kretschmann,Mid. Distance,"Bonn, Germany",womens-track-and-field,2025,50.7352621,7.1024635
Fleur Todd-Warmoth,Distance,"London, England",womens-track-and-field,2025,51.5074456,-0.1277653
Franziska Burchett,Sprints,"Gelsenkirchen, Germany",womens-track-and-field,2025,51.5110321,7.0960124
Georgina Scoot,Jumps,"Maypool, U.K.",womens-track-and-field,2025,50.3784616,-3.5797628
Giselle Kirchner,Hurdles,"Rocklin, Calif.",womens-track-and-field,2025,38.7907339,-121.2357828
Hannah Riggins,Mid. Distance,"San Diego, Calif.",womens-track-and-field,2025,32.7157062,-117.1638284
Jana Ter Wee,Throws,"Larchwood, Iowa",womens-track-and-field,2025,43.453875,-96.434065
Jane Kennedy,Sprints,"Cleveland Heights, Ohio",womens-track-and-field,2025,41.5200518,-81.556235
Jazmyn Singh,Sprints,"San Antonio, Texas",womens-track-and-field,2025,29.4246002,-98.4951405
Julia Jongejeugd,Multis,"Puemerend, Netherlands",womens-track-and-field,2025,52.5024789,4.9614827
Julia Santos,Throws,"Beachwood, N.J.",womens-track-and-field,2025,39.939007,-74.1929188
Kameil Crane,Throws,"Hannibal, Mo.",womens-track-and-field,2025,39.7082498,-91.3587413
Katelyn Maley,Distance,"Basalt, Colo.",womens-track-and-field,2025,39.3688731,-107.032824
Khushi Umesh,Sprints,"Pune, India",womens-track-and-field,2025,18.5213738,73.8545071
Kobi Padgett,Sprints,"Lutz, Fla.",womens-track-and-field,2025,28.1300994,-82.4591842
Kyah Anderson,Distance,"Mermaid Waters, Australia",womens-track-and-field,2025,-28.052458,153.4218922
Laila Payne,Hurdles/Sprints,"Houston, Texas",womens-track-and-field,2025,29.7589382,-95.3676974
Layla Giordano,Throws,"Northvale, N.J.",womens-track-and-field,2025,41.0066649,-73.9490627
Liz Williamson,Mid. DIstance,"Tampa, Fla.",womens-track-and-field,2025,27.9449854,-82.4583107
Lotte Gretzler,Pole Vault/Multis,"Schwabenheim, Germany",womens-track-and-field,2025,49.929002,8.0955343
Madeline Cramer,Mid. Distance,"La Jolla, Calif.",womens-track-and-field,2025,32.8458529,-117.2575702
Maisha Atkinson,Sprints,"West Palm Beach, Fla.",womens-track-and-field,2025,26.715364,-80.0532942
Makenna Marshall,Throws,"Houston, Texas",womens-track-and-field,2025,29.7589382,-95.3676974
Margaret Thompson,Distance,"Dallas, Texas",womens-track-and-field,2025,32.7762719,-96.7968559
Meg Madison,Distance,"Newton, Mass.",womens-track-and-field,2025,42.3300435,-71.194862
Mirtel Klaar,Multis,"Tallinn, Estonia",womens-track-and-field,2025,59.437242,24.7572693
Morgan Monesmith,Distance,"Cleveland, Ohio",womens-track-and-field,2025,41.4996574,-81.6936772
Nelly Floutakou,Mid. Distance,"Athens, Greece",womens-track-and-field,2025,37.9755648,23.7348324
Nicole Rodriguez,Throws,"Miami, Fla.",womens-track-and-field,2025,25.7741566,-80.1935973
Nicole Woods,Throws,"Demarest, N.J.",womens-track-and-field,2025,40.9573205,-73.9634708
Olivia Martin,Distance,"Oxford, England",womens-track-and-field,2025,51.7520131,-1.2578499
Peyton Leigh,,"Auckland, N.Z.",womens-track-and-field,2025,-31.9218756,115.8466839
Pia Beaulieu,,"Boca Raton, Fla.",womens-track-and-field,2025,26.3586885,-80.0830984
Shantell Kwofie,Multis,"Almere, Netherlands",womens-track-and-field,2025,52.3705038,5.2185859
Shea Burke,Hurdles,"Point Pleasant, N.J.",womens-track-and-field,2025,40.0831714,-74.0681931
Shea Greene,Throws,"Weston, Conn.",womens-track-and-field,2025,41.2021302,-73.3812743
Sofia Lieberman,Mid. Distance,"Murrieta, Calif.",womens-track-and-field,2025,33.560832,-117.210656
Soraya Patterson,,"Houston, Texas",womens-track-and-field,2025,29.7589382,-95.3676974
Stella Vieth,Distance,"Boulder, Colo.",womens-track-and-field,2025,40.0149856,-105.270545
Tessa Mudd,Jumps,"Mount Pleasant, S.C.",womens-track-and-field,2025,32.7927956,-79.8678322
Alex Thompson,MB,"Los Angeles, Calif.",womens-volleyball,2016,34.0536909,-118.242766
Brittany Ptak,MB,"Coto de Caza, Calif.",womens-volleyball,2016,33.6013399,-117.5856235
Brittany Smith,RS,"Orlando, Fla.",womens-volleyball,2016,28.5421218,-81.379045
Brooke Hershberger,OH,Granite Bay,womens-volleyball,2016,38.762173,-121.1850057
Cara Mattaliano,OH,"Glen Ellyn, Ill.",womens-volleyball,2016,41.8775293,-88.0670118
Caroline Sklaver,MB/S,"Miami Beach, Fla.",womens-volleyball,2016,25.7929198,-80.1353006
Claire Nussbaum,S,"San Diego, Calif.",womens-volleyball,2016,32.7157062,-117.1638284
Deniz Cekirge,MB,"Ankara, Turkey",womens-volleyball,2016,39.9207759,32.8540497
Devon Peterkin,OH/RS,"San Diego, Calif.",womens-volleyball,2016,32.7157062,-117.1638284
Jessie Harris,S,"Newport Beach, Calif.",womens-volleyball,2016,33.6170092,-117.9294401
Kelly Matthews,OH/RS,"Honolulu, Haw.",womens-volleyball,2016,21.304547,-157.855676
Lauren Miller,S,"San Diego, Calif.",womens-volleyball,2016,32.7157062,-117.1638284
Maddie Huber,DS/L,"Palo Alto, Calif.",womens-volleyball,2016,37.4443293,-122.1598465
Maggie O'Connell,MB,"Katy, Texas",womens-volleyball,2016,29.7857853,-95.8243956
Mary Claire Bartlett,OH,"New York, N.Y.",womens-volleyball,2016,40.7127281,-74.0060152
Natasha Skov,OH,"Oakland, Calif.",womens-volleyball,2016,37.8044557,-122.271356
Nnenna Ibe,MB,"North Brunswick, N.J.",womens-volleyball,2016,40.4539249,-74.476545
Alex Thompson,MB,"Los Angeles, Calif.",womens-volleyball,2017,34.0536909,-118.242766
Alexa Underwood,OH,"Manhattan Beach, Calif.",womens-volleyball,2017,33.8872777,-118.4104324
Brittany Smith,RS,"Orlando, Fla.",womens-volleyball,2017,28.5421218,-81.379045
Caroline Sklaver,MB,"Miami Beach, Fla.",womens-volleyball,2017,25.7929198,-80.1353006
Claire Nussbaum,S,"San Diego, Calif.",womens-volleyball,2017,32.7157062,-117.1638284
Clare Lenihan,MB,"Manhattan Beach, Calif.",womens-volleyball,2017,33.8872777,-118.4104324
Devon Peterkin,OH/RS,"San Diego, Calif.",womens-volleyball,2017,32.7157062,-117.1638284
Jessie Harris,S,"Newport Beach, Calif.",womens-volleyball,2017,33.6170092,-117.9294401
Katherine Mumm,OH/RS,"Los Altos, Calif.",womens-volleyball,2017,37.3790629,-122.116578
Kelly Matthews,OH/DS,"Honolulu, Haw.",womens-volleyball,2017,21.304547,-157.855676
Lauren Flaming,DS/L,"Rancho Santa Fe, Calif.",womens-volleyball,2017,33.0242314,-117.1979781
Maddie Huber,DS/L,"Palo Alto, Calif.",womens-volleyball,2017,37.4443293,-122.1598465
Maggie O'Connell,RS,"Katy, Texas",womens-volleyball,2017,29.7857853,-95.8243956
Mary Claire Bartlett,OH,"New York, N.Y.",womens-volleyball,2017,40.7127281,-74.0060152
Natasha Skov,OH,"Oakland, Calif.",womens-volleyball,2017,37.8044557,-122.271356
Nnenna Ibe,MB,"North Brunswick, N.J.",womens-volleyball,2017,40.4539249,-74.476545
Alexa Underwood,OH,"Manhattan Beach, Calif.",womens-volleyball,2018,33.8872777,-118.4104324
Brittany Smith,RS,"Orlando, Fla.",womens-volleyball,2018,28.5421218,-81.379045
Cameron Dames,DS/L,"Atlanta, Ga.",womens-volleyball,2018,33.7544657,-84.3898151
Caroline Sklaver,MB,"Miami Beach, Fla.",womens-volleyball,2018,25.7929198,-80.1353006
Claire Nussbaum,S,"San Diego, Calif.",womens-volleyball,2018,32.7157062,-117.1638284
Clare Lenihan,MB,"Manhattan Beach, Calif.",womens-volleyball,2018,33.8872777,-118.4104324
Devon Peterkin,OH/RS,"San Diego, Calif.",womens-volleyball,2018,32.7157062,-117.1638284
Elena Montgomery,OH,"Franklin Lakes, N.J.",womens-volleyball,2018,41.0167639,-74.2057012
Grace Klepetka,OH,"Allen, Texas",womens-volleyball,2018,33.1031744,-96.6705503
Jessie Harris,S,"Newport Beach, Calif.",womens-volleyball,2018,33.6170092,-117.9294401
Julia Schner,MB,"Boca Raton, Fla.",womens-volleyball,2018,26.3586885,-80.0830984
Lauren Flaming,DS/L,"Rancho Santa Fe, Calif.",womens-volleyball,2018,33.0242314,-117.1979781
Maggie O'Connell,RS,"Katy, Texas",womens-volleyball,2018,29.7857853,-95.8243956
Natasha Skov,OH,"Oakland, Calif.",womens-volleyball,2018,37.8044557,-122.271356
Nnenna Ibe,MB,"North Brunswick, N.J.",womens-volleyball,2018,40.4539249,-74.476545
Alexa Underwood,OH,"Manhattan Beach, Calif.",womens-volleyball,2019,33.8872777,-118.4104324
Avery Luoma,RSH,"Phoenix, Ariz.",womens-volleyball,2019,33.4484367,-112.074141
Cameron Dames,DS/L,"Atlanta, Ga.",womens-volleyball,2019,33.7544657,-84.3898151
Clare Lenihan,MB,"Manhattan Beach, Calif.",womens-volleyball,2019,33.8872777,-118.4104324
Devon Peterkin,OH/RS,"San Diego, Calif.",womens-volleyball,2019,32.7157062,-117.1638284
Elena Montgomery,OH,"Franklin Lakes, N.J.",womens-volleyball,2019,41.0167639,-74.2057012
Grace Klepetka,OH,"Allen, Texas",womens-volleyball,2019,33.1031744,-96.6705503
Jessie Harris,S,"Newport Beach, Calif.",womens-volleyball,2019,33.6170092,-117.9294401
Julia Schner,MB,"Boca Raton, Fla.",womens-volleyball,2019,26.3586885,-80.0830984
Kara Steele,MB,"Kirkwood, Mo.",womens-volleyball,2019,38.5800713,-90.4069177
Lauren Flaming,DS/L,"Rancho Santa Fe, Calif.",womens-volleyball,2019,33.0242314,-117.1979781
Lindsey Kelly,S,"Manhattan Beach, Calif.",womens-volleyball,2019,33.8872777,-118.4104324
Maggie O'Connell,RS,"Katy, Texas",womens-volleyball,2019,29.7857853,-95.8243956
Melina Mahood,OH,"Los Gatos, Calif.",womens-volleyball,2019,37.226611,-121.9746797
Natasha Skov,OH,"Oakland, Calif.",womens-volleyball,2019,37.8044557,-122.271356
Olivia Schewe,MB,"Encinitas, Calif.",womens-volleyball,2019,33.0431846,-117.2849848
Alexa Underwood,OH,"Manhattan Beach, Calif.",womens-volleyball,2020,33.8872777,-118.4104324
Avery Luoma,RSH,"Phoenix, Ariz.",womens-volleyball,2020,33.4484367,-112.074141
Clare Lenihan,MB,"Manhattan Beach, Calif.",womens-volleyball,2020,33.8872777,-118.4104324
Grace Klepetka,OH,"Allen, Texas",womens-volleyball,2020,33.1031744,-96.6705503
Julia Cabri,MB,"San Jose, Calif.",womens-volleyball,2020,37.3361663,-121.890591
Julia Schner,MB,"Boca Raton, Fla.",womens-volleyball,2020,26.3586885,-80.0830984
Kara Steele,MB,"Kirkwood, Mo.",womens-volleyball,2020,38.5800713,-90.4069177
Kathleen Bishop,RSH,"St. Paul, Minn.",womens-volleyball,2020,44.9497487,-93.0931028
Krystal Raymundo,L,"Pasadena, Calif.",womens-volleyball,2020,34.1476507,-118.144155
Lauren Flaming,DS/L,"Rancho Santa Fe, Calif.",womens-volleyball,2020,33.0242314,-117.1979781
Lindsey Kelly,S,"Manhattan Beach, Calif.",womens-volleyball,2020,33.8872777,-118.4104324
Maya Satchell,OH,"San Diego, Calif.",womens-volleyball,2020,32.7157062,-117.1638284
Melina Mahood,OH,"Los Gatos, Calif.",womens-volleyball,2020,37.226611,-121.9746797
Olivia Schewe,MB,"Encinitas, Calif.",womens-volleyball,2020,33.0431846,-117.2849848
Avery Luoma,RSH,"Phoenix, Ariz.",womens-volleyball,2021,33.4484367,-112.074141
Cameron Dames,L,"Atlanta, Ga.",womens-volleyball,2021,33.7544657,-84.3898151
Elena Montgomery,OH,"Franklin Lakes, N.J.",womens-volleyball,2021,41.0167639,-74.2057012
Grace Klepetka,OH,"Allen, Texas",womens-volleyball,2021,33.1031744,-96.6705503
Gracie Wood,S,"San Diego, Calif.",womens-volleyball,2021,32.7157062,-117.1638284
Julia Cabri,MB,"San Jose, Calif.",womens-volleyball,2021,37.3361663,-121.890591
Julia Schner,MB,"Boca Raton, Fla.",womens-volleyball,2021,26.3586885,-80.0830984
Kathleen Bishop,RSH,"St. Paul, Minn.",womens-volleyball,2021,44.9497487,-93.0931028
Krystal Raymundo,L,"Pasadena, Calif.",womens-volleyball,2021,34.1476507,-118.144155
Lindsey Kelly,S,"Manhattan Beach, Calif.",womens-volleyball,2021,33.8872777,-118.4104324
Mariah Haislip,MB/RS,"Roswell, Ga.",womens-volleyball,2021,34.02332,-84.360022
Maya Satchell,OH,"San Diego, Calif.",womens-volleyball,2021,32.7157062,-117.1638284
Melina Mahood,OH,"Los Gatos, Calif.",womens-volleyball,2021,37.226611,-121.9746797
Nicole Dankinova,OH/RS,"Sofia, Bulgaria",womens-volleyball,2021,42.6977028,23.3217359
Olivia Schewe,MB,"Encinitas, Calif.",womens-volleyball,2021,33.0431846,-117.2849848
Shelby Fulton,OH/RS,"Sarasota, Fla.",womens-volleyball,2021,27.3365805,-82.5308545
Avery Luoma,RSH,"Phoenix, Ariz.",womens-volleyball,2022,33.4484367,-112.074141
Cameron Dames,L,"Atlanta, Ga.",womens-volleyball,2022,33.7544657,-84.3898151
Elena Montgomery,OH,"Franklin Lakes, N.J.",womens-volleyball,2022,41.0167639,-74.2057012
Ella Bunde,DS/Libero,"Leawood, Kan.",womens-volleyball,2022,38.966673,-94.6169012
Gracie Wood,S,"San Diego, Calif.",womens-volleyball,2022,32.7157062,-117.1638284
Julia Cabri,MB,"San Jose, Calif.",womens-volleyball,2022,37.3361663,-121.890591
Kathleen Bishop,RSH,"St. Paul, Minn.",womens-volleyball,2022,44.9497487,-93.0931028
Lindsey Kelly,S,"Manhattan Beach, Calif.",womens-volleyball,2022,33.8872777,-118.4104324
Lucia Scalamandre,MB,"Topanga, Calif.",womens-volleyball,2022,34.0675866,-118.595672
Mariah Haislip,MB/RS,"Roswell, Ga.",womens-volleyball,2022,34.02332,-84.360022
Maya Satchell,OH,"San Diego, Calif.",womens-volleyball,2022,32.7157062,-117.1638284
Melina Mahood,OH,"Los Gatos, Calif.",womens-volleyball,2022,37.226611,-121.9746797
Nicole Dankinova,OH/RS,"Sofia, Bulgaria",womens-volleyball,2022,42.6977028,23.3217359
Olivia Schewe,MB,"Encinitas, Calif.",womens-volleyball,2022,33.0431846,-117.2849848
Shelby Fulton,OH/RS,"Sarasota, Fla.",womens-volleyball,2022,27.3365805,-82.5308545
Valerie Nutakor,OH/RS,"Forsyth, Ill.",womens-volleyball,2022,39.9325368,-88.9511912
Ava Harrington,MB,"Houston, Texas",womens-volleyball,2023,29.7589382,-95.3676974
Ella Bunde,DS/Libero,"Leawood, Kan.",womens-volleyball,2023,38.966673,-94.6169012
Erin McNair,OH,"Highlands Ranch, Colo.",womens-volleyball,2023,39.538565,-104.9725904
Gracie Wood,S,"San Diego, Calif.",womens-volleyball,2023,32.7157062,-117.1638284
Julia Cabri,MB,"San Jose, Calif.",womens-volleyball,2023,37.3361663,-121.890591
Kamryn Chaney,OH,"Chicago, Ill.",womens-volleyball,2023,41.8755616,-87.6244212
Kathleen Bishop,RSH,"St. Paul, Minn.",womens-volleyball,2023,44.9497487,-93.0931028
Lucia Scalamandre,MB,"Topanga, Calif.",womens-volleyball,2023,34.0675866,-118.595672
Mariah Haislip,MB/RS,"Roswell, Ga.",womens-volleyball,2023,34.02332,-84.360022
Maya Satchell,OH,"San Diego, Calif.",womens-volleyball,2023,32.7157062,-117.1638284
Shelby Fulton,OH/RS,"Sarasota, Fla.",womens-volleyball,2023,27.3365805,-82.5308545
Sydney Bold,L,"La Jolla, Calif.",womens-volleyball,2023,32.8458529,-117.2575702
Sydney Draper,S,"Mission Hills, Kan.",womens-volleyball,2023,39.0177834,-94.6169014
Valerie Nutakor,OH/RS,"Forsyth, Ill.",womens-volleyball,2023,39.9325368,-88.9511912
Ashley Duckworth,MB,"Las Vegas, Nev.",womens-volleyball,2024,36.1674263,-115.1484131
Ashtyn Sims,OH,"Orlando, Fla.",womens-volleyball,2024,28.5421218,-81.379045
Ava Harrington,MB,"Houston, Texas",womens-volleyball,2024,29.7589382,-95.3676974
Ella Bunde,DS/Libero,"Leawood, Kan.",womens-volleyball,2024,38.966673,-94.6169012
Erin McNair,OH,"Highlands Ranch, Colo.",womens-volleyball,2024,39.538565,-104.9725904
Gracie Wood,S,"San Diego, Calif.",womens-volleyball,2024,32.7157062,-117.1638284
Jackie Onyechi,MB,"Richmond, Texas",womens-volleyball,2024,29.5821811,-95.7607832
Lucia Scalamandre,MB,"Topanga, Calif.",womens-volleyball,2024,34.0675866,-118.595672
Mariah Haislip,MB/RS,"Roswell, Ga.",womens-volleyball,2024,34.02332,-84.360022
Nicki Gaito,DS,"San Francisco, Calif.",womens-volleyball,2024,37.7879363,-122.4075201
Shelby Fulton,OH/RS,"Sarasota, Fla.",womens-volleyball,2024,27.3365805,-82.5308545
Sydney Bold,L,"La Jolla, Calif.",womens-volleyball,2024,32.8458529,-117.2575702
Sydney Draper,S,"Mission Hills, Kan.",womens-volleyball,2024,39.0177834,-94.6169014
Sylvia Bunde,DS/Libero,"Leawood, Kan.",womens-volleyball,2024,38.966673,-94.6169012
Valerie Nutakor,OH/RS,"Forsyth, Ill.",womens-volleyball,2024,39.9325368,-88.9511912
Ashley Duckworth,MB,"Las Vegas, Nev.",womens-volleyball,2025,36.1674263,-115.1484131
Ashtyn Sims,OH,"Orlando, Fla.",womens-volleyball,2025,28.5421218,-81.379045
Ava Harrington,MB,"Houston, Texas",womens-volleyball,2025,29.7589382,-95.3676974
Ella Bunde,DS/Libero,"Leawood, Kan.",womens-volleyball,2025,38.966673,-94.6169012
Erin McNair,OH,"Highlands Ranch, Colo.",womens-volleyball,2025,39.538565,-104.9725904
Jackie Onyechi,MB,"Richmond, Texas",womens-volleyball,2025,29.5821811,-95.7607832
Lia Skufca,S,"Charlotte, N.C.",womens-volleyball,2025,35.2272086,-80.8430827
Lucia Scalamandre,MB,"Topanga, Calif.",womens-volleyball,2025,34.0675866,-118.595672
Nicki Gaito,DS,"San Francisco, Calif.",womens-volleyball,2025,37.7879363,-122.4075201
Olivia Foye,L,"Huntington Beach, Calif.",womens-volleyball,2025,33.6783336,-118.000016
Sarah Hom,OH,"Torrance, Calif.",womens-volleyball,2025,33.8371392,-118.3413606
Shelby Burriss,MB,"Fairview, Texas",womens-volleyball,2025,33.1578325,-96.6318301
Sydney Bold,L,"La Jolla, Calif.",womens-volleyball,2025,32.8458529,-117.2575702
Sydney Draper,S,"Mission Hills, Kan.",womens-volleyball,2025,39.0177834,-94.6169014
Sylvia Bunde,DS/Libero,"Leawood, Kan.",womens-volleyball,2025,38.966673,-94.6169012
Taylor Clarke,RS,"Plano, Texas",womens-volleyball,2025,33.0136764,-96.6925096
Valerie Nutakor,OH/RS,"Forsyth, Ill.",womens-volleyball,2025,39.9325368,-88.9511912
Allison Tredwell,S,"Frisco, Texas",womens-volleyball,2026,33.1505998,-96.8238183
Ashley Duckworth,MB,"Las Vegas, Nev.",womens-volleyball,2026,36.1674263,-115.1484131
Ashtyn Sims,OH,"Orlando, Fla.",womens-volleyball,2026,28.5421218,-81.379045
Ava Harrington,MB,"Houston, Texas",womens-volleyball,2026,29.7589382,-95.3676974
Erin McNair,OH,"Highlands Ranch, Colo.",womens-volleyball,2026,39.538565,-104.9725904
Jackie Onyechi,MB,"Richmond, Texas",womens-volleyball,2026,29.5821811,-95.7607832
Lia Skufca,S,"Charlotte, N.C.",womens-volleyball,2026,35.2272086,-80.8430827
Natalie Surges,OH,"Brookfield, Wisc.",womens-volleyball,2026,43.0615578,-88.1260678
Olivia Foye,L,"Huntington Beach, Calif.",womens-volleyball,2026,33.6783336,-118.000016
Sarah Hom,OH,"Torrance, Calif.",womens-volleyball,2026,33.8371392,-118.3413606
Shelby Burriss,MB,"Fairview, Texas",womens-volleyball,2026,33.1578325,-96.6318301
Sydney Bold,L,"La Jolla, Calif.",womens-volleyball,2026,32.8458529,-117.2575702
Sydney Draper,S,"Mission Hills, Kan.",womens-volleyball,2026,39.0177834,-94.6169014
Sylvia Bunde,DS/Libero,"Leawood, Kan.",womens-volleyball,2026,38.966673,-94.6169012
Taylor Clarke,RS,"Plano, Texas",womens-volleyball,2026,33.0136764,-96.6925096
