hometown,latitude,longitude
"Oakville, Ontario",43.447436,-79.666672
"Bellaire, Texas",29.7057858,-95.4588299
"San Jose, Calif.",37.3361663,-121.890591
"Shanghai, China",31.2312707,121.4700152
"San Diego, Calif.",32.7157062,-117.1638284
"Belmont, Calif.",37.5164926,-122.2941914
"San Marino, Calif.",34.1215947,-118.105739
"New Hyde Park, N.Y.",40.7352157,-73.6883239
"Bloomfield, Conn.",41.8313002,-72.7370265
"Princeton Junction, N.J.",40.3159898,-74.6241189
"Los Angeles, Calif.",34.0536909,-118.242766
"Short Hills, N.J.",40.7381585,-74.3377392
"Mission Viejo, Calif.",33.5965685,-117.659405
"Osprey, Fla.",27.1903895,-82.479232
"Santa Clara, Calif.",37.2333253,-121.6846349
"Canton, Mass.",42.1584324,-71.1447732
"Oyster Bay, N.Y.",40.7696568,-73.4998608
"East Greenwich, R.I.",41.6603788,-71.4558911
"Chicago, Ill.",41.8755616,-87.6244212
"Natick, Mass.",42.2836393,-71.346996
"Eden Prairie, Minn.",44.8546856,-93.470786
"Palos Verdes, Calif.",33.7388745,-118.3976474
"Stonington, Conn.",41.3359327,-71.9059042
"Kinnelon, N.J.",41.0017644,-74.367096
"Winnetka, Ill.",42.1080703,-87.7365286
"Oakland, Calif.",37.8044557,-122.271356
"Manchester by the Sea, Mass.",42.5751314,-70.7725506
"Wexford, Pa.",40.6264561,-80.055891
"Las Vegas, Nev.",36.1674263,-115.1484131
"Woodside, Calif.",37.4280637,-122.2507435
"Oceanside, Calif.",33.1958696,-117.379483
"Bedford, N.Y.",41.2041304,-73.642509
"Sullivans Island, S.C.",32.2780446,-80.918273
"New York, N.Y.",40.7127281,-74.0060152
Hong Kong,22.2818333,114.1582831
"Lake Forest, Calif.",33.6469261,-117.6859213
"West Chester, Pa.",39.9597389,-75.6044609
"Moraga, Calif.",37.834897,-122.12883
"Ann Arbor, Mich.",42.2813722,-83.7484616
"Bloomfield Hills, Mich.",42.583645,-83.2454883
"Key Biscayne, Fla.",25.6968351,-80.1635261
"Deerfield, Ill.",42.1711365,-87.8445119
"San Juan, Puerto Rico",18.384239,-66.05344
"London, England",51.5074456,-0.1277653
"Springfield, Va.",38.7749935,-77.1803819
"Menlo Park, Calif.",37.4519671,-122.177992
"Old Bridge, N.J.",40.399178,-74.3409036
"Saint Charles, Ill.",49.511128,5.8026596
"Manchester, Mass.",42.5751314,-70.7725506
"Niagara on the Lake, Ontario",43.2556116,-79.0723264
"Pickering, Ontario",43.835765,-79.090576
"Hollidaysburg, Pa.",40.430774,-78.3900826
"Marshfield, Mass.",42.091769,-70.7055941
"Cincinnati, Ohio",39.1012809,-84.5127405
"Warwick, R.I.",41.6992717,-71.4586114
"St. Louis, Mo.",38.6254063,-90.190009
"Brookville, N.Y.",40.8131553,-73.5673482
"New Canaan, Conn.",41.146763,-73.4948446
"Hamilton, N.Y.",43.6307863,-74.4659275
"Holliston, Mass.",42.2000966,-71.4245049
"Pomona, N.Y.",41.189153,-74.054249
"Dix Hills, N.Y.",40.802847,-73.3371556
"Algonac, Mich.",42.620207,-82.5345263
"Andover, Mass.",42.65717,-71.1408776
"Roscoe, Ill.",42.4133505,-89.0092742
"Londonderry, N.H.",42.8650869,-71.3739532
"Yorba Linda, Calif.",33.8901096,-117.8249705
"Novi, Mich.",42.48059,-83.4754913
"Kuopio, Finland",62.8924628,27.6783603
"Barnstable, Mass.",41.7016936,-70.3036163
"Buffalo, N.Y.",42.8864163,-78.8781493
"Winnipeg, Manitoba",49.8955367,-97.1384584
"Olso, Norway",65.6811431,11.781415
"Ogden, Utah",41.2230048,-111.9738429
"Falmouth, Mass.",41.5514979,-70.6147519
"Green Bay, Wis.",44.5126379,-88.0125794
"Calgary, Alta.",51.0456064,-114.057541
"Toronto, Ont.",43.6534817,-79.3839347
"St. Paul, Minn.",44.9497487,-93.0931028
"Syracuse, N.Y.",43.0481221,-76.1474244
"Bethesda, Md.",38.9812726,-77.1233587
"Collingwood, Ont.",44.5027226,-80.2172379
"McHenry, Ill.",42.3294391,-88.4605713
"St. Charles, Mo.",38.7877791,-90.6747372
"Rye, N.Y.",40.9821371,-73.6840902
"Hamina, Finland",60.5683467,27.1925862
"Denver, Colo.",39.7392364,-104.984862
"Ridgefield, Conn.",41.2814842,-73.4981792
"Fergus, Ontario",43.7059439,-80.3779366
"Parkland, Fla.",26.3100794,-80.23727
"Traverse City, Mich.",44.7606481,-85.6165976
"Salmon Arm, B.C.",50.7005059,-119.2790529
"Armonk, N.Y.",41.132973,-73.7126064
"Pittsburgh, Pa.",40.4406968,-80.0025666
"Grand Rapids, Mich.",42.9632425,-85.6678639
"Vancouver, B.C.",49.2608724,-123.113952
"Abbotsford, B.C.",49.0521162,-122.329479
"Winchester, Mass.",42.4523178,-71.1369982
"Oyster Bay Cove, N.Y.",40.8709319,-73.5109566
"Chelmsford, Mass.",42.5968617,-71.3517602
"Morris Plains, N.J.",40.8221007,-74.4811234
"Okotoks, Alta.",50.7253685,-113.975082
"Cherry Hills Village, Colo.",39.6416544,-104.959425
"Greenwich, Conn.",41.0264862,-73.6284598
"Fairfield, Conn.",41.1412078,-73.2637258
"North Easton, Mass.",42.0667665,-71.1036592
"Southington, Conn.",41.6005435,-72.8782941
"Sharon, Conn.",41.8792599,-73.4767897
"Old Westbury, N.Y.",40.7887113,-73.5995717
"Riverhead, N.Y.",40.9168692,-72.6624189
"Chandler, Ariz.",33.3062031,-111.841185
"Thunder Bay, Ontario",48.406414,-89.259796
"Toronto, Ontario",43.6534817,-79.3839347
"Old Greenwich, Conn.",41.0274237,-73.5646262
"Norfolk, Mass.",42.1538607,-71.1828015
"Beijing, China",39.9057136,116.3912972
"Ridgewood, N.J.",40.9796683,-74.1194403
"Stevenson Ranch, Calif.",34.3947903,-118.5885327
"Jericho, N.Y.",40.78743,-73.5434608
"Scarsdale, N.Y.",40.9885221,-73.8085608
"Dubuque, Iowa",42.5006243,-90.6647985
"Edmonton, Alberta",53.5462055,-113.491241
"Nashua, N.H.",42.7656251,-71.4677032
"Moscow, Russia",55.625578,37.6063916
"Celina, Texas",33.3242486,-96.7842367
"Birmingham, Mich.",42.5467012,-83.2113192
"Calgary, Alberta",51.0456064,-114.057541
"Far Hills, N.J.",40.684268,-74.6357148
"Pleasantville, N.Y.",41.1328736,-73.7926335
"Clarkston, Mich.",42.735863,-83.4188304
"North Caldwell, N.J.",40.8648215,-74.2582027
"Montvale, N.J.",41.0407563,-74.0288633
"Greenville, R.I.",41.886476,-71.5537464
"Vancouver, British Columbia",49.2608724,-123.113952
"Reading, Mass.",42.5260297,-71.1020262
"Schenectady, N.Y.",42.8142432,-73.9395687
"Wilmington, Del.",39.7459468,-75.546589
"Arvada, Colo.",39.8005505,-105.0811573
"Kingston, Ontario",44.3054151,-76.4283781
"New Providence, N.J.",40.6984348,-74.4015405
"Potomac, Md.",39.0180508,-77.1956331
"Pasadena, Calif.",34.1476507,-118.144155
"Medfield, Mass.",42.1865609,-71.30546
"Kailua Kona, Hawaii",19.641941,-155.996933
"Wynnewood, Pa.",40.0028514,-75.2707469
"Philadelphia, Pa.",39.9527237,-75.1635262
"Santa Monica, Calif.",34.0194704,-118.491227
"Milwaukee, Wis.",43.0386475,-87.9090751
"Larchmont, N.Y.",40.9278769,-73.7517983
"Carlisle, Mass.",42.5292605,-71.3495035
"Aptos, Calif.",36.9941295,-121.8903368
"Seattle, Wash.",47.6038321,-122.330062
"Franklin, Tenn.",35.925206,-86.8689419
"Barrington, R.I.",41.7407661,-71.3084633
"Redmond, Wash.",47.6694141,-122.1238767
"Johnson City, TN",36.3167671,-82.352903
"Gaithersburg, Md.",39.1399187,-77.1929215
"Coventry, R.I.",41.7000996,-71.6828444
"Brooklyn, N.Y.",40.6526006,-73.9497211
"Manchester, N.H.",42.9956397,-71.4547891
"Peacham, Vt.",44.3284703,-72.1703611
"Malvern, Pa.",40.036202,-75.5138959
"Rockville Centre, N.Y,",40.6574186,-73.6450664
"Chepachet, RI",41.9097635,-71.6656667
"Port Washington, N.Y.",40.8263965,-73.684993
"Shorewood, Wis.",43.0883957,-87.8881302
"Wayzata, Wis.",44.970759,-93.511947
"Chevy Chase, Md.",38.9813699,-77.0849245
"Morgan Hill, Calif.",37.130408,-121.6544974
"Middleton, Wis.",43.0962919,-89.5119565
"Dewitt, N.Y.",43.0348934,-76.0654724
"Valencia, Calif.",34.4131941,-118.559849
"Bellevue, Wash.",47.6144219,-122.192337
"Jackson, Wyo.",43.479965,-110.761815
"Atlantic Beach, Fla.",30.3344077,-81.398696
"Orlando, Fla.",28.5421218,-81.379045
"Woodbury, Conn.",41.5445404,-73.2090025
"Flagstaff, Ariz.",35.1987522,-111.651822
"Edina, Minn.",44.8897027,-93.3501222
"Chapel Hill, N.C.",35.9131542,-79.05578
"Princeton, N.J.",40.3496953,-74.6597376
"Mercer Island, Wash.",47.5766324,-122.2276378
"San Mateo, Calif.",37.496904,-122.3330573
"Concord, Mass.",42.4605189,-71.3488963
"Phoenixville, Pa.",40.1338784,-75.5172827
"Manhattan, N.Y.",40.7579554,-73.9855319
"Ft. Lauderdale, Fla.",26.1223084,-80.1433786
"Lexington, Mass.",42.4473175,-71.2245003
"Palo Alto, Calif.",37.4443293,-122.1598465
"Bronxville, N.Y.",40.9381544,-73.8320784
"Lake Barrington, Ill.",42.2126265,-88.1671535
"Highland Park, Ill.",42.1836719,-87.7993245
"Maple Grove, Minn.",45.0984983,-93.4419222
"Madison, Conn.",41.2794282,-72.5983151
"Cortlandt Manor, N.Y.",41.2815783,-73.7131153
"East Williston, N.Y.",40.7584844,-73.6348034
"Toms River, N.J.",39.9528389,-74.196741
"Wilton, Conn.",41.1953739,-73.4378988
"Gladwyne, Pa.",40.0397304,-75.2791788
"Ellicott City, Md.",39.2757359,-76.8317417
"Claremont, Calif.",34.0966764,-117.7197785
"Orange, Calif.",33.750631,-117.8722311
"Guilford, Conn.",41.2827593,-72.6816365
"Kentfield, Calif.",37.9458253,-122.5598368
"Frisco, Texas",33.1505998,-96.8238183
"Minneapolis, Minn.",44.9772995,-93.2654692
"Miami, Fla.",25.7741566,-80.1935973
Singapore,1.357107,103.8194992
"Essex, Vt.",44.5230418,-73.0622703
"Warsaw, Poland",52.2333742,21.0711489
"Mazeppa, Minn.",44.2730219,-92.5449085
"Atherton, Calif.",37.453773,-122.2058272
"Albuquerque, N.M.",35.0841034,-106.650985
"Downers Grove, Ill.",41.7936822,-88.0102281
"Milton, Ga.",34.1134001,-84.2693745
"Waxhaw, N.C.",34.9248125,-80.7440174
"Atlanta, Ga.",33.7544657,-84.3898151
"Meriden, Conn.",41.5381882,-72.8026128
"Lucas, Texas",33.0842854,-96.5766577
"Nashville, Tenn.",36.1622767,-86.7742984
"Wenham, Mass.",42.6046209,-70.8873511
"Cold Spring Harbor, N.Y.",40.8601065,-73.4529025
"Southbury, Conn.",41.4814848,-73.2131693
"Durham, N.H.",43.1214141,-70.9177186
"Springfield, Ore.",44.0462362,-123.0220289
"Durham, N.C.",35.996653,-78.9018053
"Davis, Calif.",38.5435526,-121.739005
"Ho-Ho-Kus, N.J.",40.9976524,-74.110284
"Norwood, N.J.",40.9981532,-73.9618039
"Bangor, Maine",44.8016255,-68.7713289
"Clarence Center, N.Y.",43.0080332,-78.6322021
"San Francisco, Calif.",37.7879363,-122.4075201
"Clarksville, Tenn.",36.5277607,-87.3588703
"Baldwin, N.Y.",40.6534835,-73.6113502
"Salem, Va.",37.293198,-80.0556773
"Flint, Mich.",43.0161693,-83.6900211
"Arlington Heights, Ill.",42.0811563,-87.9802164
"Montreal, Quebec",45.5031824,-73.5698065
"Williamstown, Mass.",42.7135472,-73.2094566
"Storrs, Conn.",41.8085955,-72.2512807
"Westlake Village, Calif.",34.1460234,-118.8061794
"Algonquin, Ill.",42.1655801,-88.2942493
"Stone Mountain, Ga.",33.8062166,-84.1457505
"Phoenix, Ariz.",33.4484367,-112.074141
"Milton, Mass.",42.2501425,-71.065573
"Rochester, N.Y.",43.157285,-77.615214
"Wellesley, Mass.",42.2964859,-71.2925571
"Aliquippa, Pa.",40.6102386,-80.267726
"Irvington, N.Y.",41.0398662,-73.872717
"Foster City, Ga.",37.5600336,-122.2688522
"West Roxbury, Mass.",42.2792649,-71.1494972
"Petal, Miss.",31.3465627,-89.2600605
"Jupiter, Fla.",26.9342246,-80.0942087
"Alexandria, Va.",38.8051095,-77.0470229
"Duluth, Minn.",46.7838287,-92.1052679
"Uniontown, Pa.",39.900937,-79.725931
"Pleasanton, Calif.",37.6624312,-121.8746789
"Lincoln, R.I.",41.9529237,-71.4663863
"Matawan, N.J.",40.41483,-74.2295891
"Dallas, Texas",32.7762719,-96.7968559
"West Dundee, Ill.",42.0980812,-88.2828581
"Murfreesboro, Tenn.",35.8460396,-86.3921096
"Washington, D.C.",38.8950982,-77.0363849
"Beverly, Mass.",42.5489744,-70.8781883
"Vienna, Va.",38.9013729,-77.2651762
"Fort Worth, Texas",32.753177,-97.3327459
"Round Rock, Texas",30.5085915,-97.6788056
"Wilmette, Ill.",42.076066,-87.7115555
"Edmonds, Wash.",47.8105738,-122.3774952
"North Attleboro, Mass.",41.9841334,-71.3322798
"Hinsdale, Ill.",41.8024604,-87.9299841
"Folsom, Calif.",38.6779591,-121.176058
"Ashburn, Va.",39.029784,-77.4744148
"Fort Myers, Fla.",26.640628,-81.8723084
"Carrboro, N.C.",35.9099875,-79.0752876
"Fair Haven, N.J.",40.3606653,-74.0381947
"Los Altos Hills, Calif.",37.3796627,-122.137463
"Danville, Calif.",37.8225892,-122.0008254
"Plymouth, Mass.",41.9426657,-70.7618592
"Austin, Texas",30.2711286,-97.7436995
"Freeport, Bahamas",26.535681,-78.6953623
"Hopewell, N.J.",40.3892726,-74.7618285
"Weston, Mass.",42.3667625,-71.3031132
"Queens, N.Y.",40.7135078,-73.8283132
"Kirkland, Wash.",47.6765382,-122.2070775
"Jefferson City, Mo.",38.577359,-92.1724265
"Lafayette, Calif.",37.8857582,-122.1180201
"Stoneham, Mass.",42.4802635,-71.0993581
"Evanston, Ill.",42.0470043,-87.6846053
"Woodinville, Wash.",47.7545827,-122.1588902
"Berkeley, Calif.",37.8708393,-122.272863
"Lawrenceville, N.J.",40.3009876,-74.7373728
"Newton, Mass.",42.3300435,-71.194862
"East Hampton, N.Y.",40.9633868,-72.1847598
"Westwood, Mass.",42.2186913,-71.2233829
"Cambridge, Mass.",42.3656347,-71.1040018
"Tiburon, Calif.",37.8775332,-122.460808
"Westborough, Mass.",42.2694308,-71.6129907
"Auckland, New Zealand",-36.852095,174.7631803
"Hamden, Conn.",41.3836233,-72.9020069
"Westport, Conn.",41.1414855,-73.3578955
"Long Beach, Calif.",33.7690164,-118.191604
"Pharr, Texas",26.1947962,-98.1836216
"Mountain Lakes, N.J.",40.8948212,-74.4329314
"La Jolla, Calif.",32.8458529,-117.2575702
"Wayland, Mass.",42.3632063,-71.3606721
"Williamsville, N.Y.",42.9637836,-78.7377258
"Hobart, Australia",-42.8825088,147.3281233
"Locust Valley, N.Y.",40.8775225,-73.5723052
"Montclair, N.J.",40.8164458,-74.2210643
"Silver Spring, Md.",38.9997621,-77.0240371
"Chappaqua, N.Y.",41.157284,-73.7676998
"Sydney, Australia",-33.8698439,151.2082848
"McLean, Va.",38.9366852,-77.185843
"Cranston, R.I.",41.779588,-71.4366813
"Carlsbad, Calif.",33.1352045,-117.329126
"Saratoga Springs, N.Y.",43.0822315,-73.785373
"Clemson, S.C.",34.6850749,-82.8364111
"Delmar, N.Y.",42.6251239,-73.8381351
"Cernex, France",46.0625428,6.0491286
"Dublin, N.H.",42.9059403,-72.061978
"Roslyn, N.Y.",40.7998227,-73.6509621
"Melbourne, Australia",-37.8142454,144.9631732
"Madison, Wis.",43.07469,-89.3841663
"Sewickley, Pa.",40.5403417,-80.1805269
"Harvard, Mass.",42.3657432,-71.1222139
"Ardmore, Pa.",40.004128,-75.2882893
"Katonah, N.Y.",41.2558715,-73.6847453
"Olympia, Wash.",47.0451022,-122.8950075
"Needham, Mass.",42.2802645,-71.2360624
"Whitehouse Station, N.J.",40.61538,-74.7704409
"Cleveland, Ohio",41.4996574,-81.6936772
"Portland, Ore.",45.5202471,-122.674194
"Whitefish Bay, Wis.",43.1185591,-87.906804
"San Carlos, Calif.",37.504936,-122.261823
"Brookline, Mass.",42.332918,-71.1187829
"Edinburgh, Scotland",55.9533456,-3.1883749
"Newnan, Ga.",33.3806716,-84.7996573
"Elkins Park, Pa.",40.0770553,-75.1268413
"Nassau, Bahamas",25.0782266,-77.3383438
"Marlow, England",51.5718706,-0.7769654
"Simsbury, Conn.",41.8759152,-72.8012211
"Baltimore, Md.",39.2908816,-76.610759
"Portsmouth, R.I.",41.6024068,-71.2503157
"Honolulu, Hawaii",21.304547,-157.855676
"Charlottesville, Va.",38.029306,-78.4766781
"Christchurch, New Zealand",-43.530955,172.6364343
"Chatham, N.J.",40.7409242,-74.3836711
"Darien, Conn.",41.0787079,-73.4692873
"New Rochelle, N.Y.",40.9115386,-73.7826363
"Litchfield, Conn.",41.747319,-73.1887243
"Alexandra, Va.",39.0643696,-77.5063916
"Harrison, N.Y.",40.9689871,-73.71263
"Melník, Czech Republic",50.3520785,14.4748281
"Putney, Vt.",42.9751766,-72.5215973
"Johannesburg, South Africa",-26.205,28.049722
"San Rafael, Calif.",37.9747795,-122.5316686
"Belvedere, Calif.",37.8663951,-122.462699
"Sun Valley, Idaho",43.696215,-114.353097
"Belmont, Mass.",42.3959296,-71.1786655
"Berwyn, Pa.",40.0477701,-75.4421325
"Brewster, Mass.",41.7601093,-70.082796
"Burlingame, Calif.",37.5780965,-122.3473099
"Seal Beach, Calif.",33.7423967,-118.1055926
"Kent, England",51.2070749,0.7210362
"Guildford, England",51.2356068,-0.5732063
"Loveland, Ohio",39.2689476,-84.263826
"Davidson, N.C.",35.7902384,-80.2115053
"Perth, Australia",-31.9558967,115.8605784
"Zollikon, Switzerland",47.3379535,8.5755735
"Chilmark, Mass.",41.343056,-70.7440232
"Vero Beach, Fla.",27.6387163,-80.3975399
"Chester Springs, Pa.",40.0951038,-75.6168681
"Medina, Wash.",47.620548,-122.2264453
"Ciudad Juarez, Mexico",31.7389744,-106.4832065
"Sarasota, Fla.",27.3365805,-82.5308545
"Manila, Philippines",14.5904492,120.9803621
"Lancaster, Pa.",40.0379958,-76.3056707
"Great Falls, Va.",39.0116538,-77.3083988
"Oro Valley, Ariz.",32.4000525,-110.955317
"Paris, France",48.8534951,2.3483915
"Cameron, Ariz.",35.8493135,-111.4153876
"Ipswich, Mass.",42.679273,-70.8411583
"Hanover, Mass.",42.1131572,-70.8119859
"Quito, Ecuador",-0.2201641,-78.5123274
"Dorado, Puerto Rico",18.4317317,-66.2796684
"Hoover, Ala.",33.350293,-86.851123
"Mamaroneck, N.Y.",40.9487314,-73.7331416
"Houston, Texas",29.7589382,-95.3676974
"Gainesville, Fla.",29.6519684,-82.3249846
"Harrison, Neb.",42.6873162,-103.883042
"Anchorage, Alaska",61.2163129,-149.894852
"Sacramento, Calif.",38.5810606,-121.493895
"Sandia Park, N.M.",35.1679513,-106.365385
"Tokyo, Japan",35.6768601,139.7638947
"Gisborne, Australia",-37.486723,144.5904237
"Rochester, Mich.",42.680588,-83.1338214
"Fukuoka, Japan",33.6251241,130.6180016
"Sweetwater, Tenn.",35.6014455,-84.4610552
"Bethany, Conn.",41.4217637,-72.9970496
"Fair Oaks, Calif.",38.6429116,-121.2462504
"Calgary, Alberta, Canada",51.0456064,-114.057541
"Chester, N.J.",40.7842667,-74.6968284
"Chiang Mai, Thailand",18.7882778,98.9858802
"Rockville, Md.",39.0817985,-77.1516844
"Surabaya, Indonesia",-7.2462836,112.7377674
"Blacksburg, Va.",37.2296566,-80.4136767
"Seoul, South Korea",37.5666791,126.9782914
"Alfred, N.Y.",42.2542334,-77.7906062
"Annandale, Va.",38.838703,-77.1951755
"Istanbul, Turkey",41.006381,28.9758715
"Takoma Park, Md.",38.9778882,-77.0074765
"Rockville, Maryland",39.0817985,-77.1516844
"Bucharest, Romania",44.4361414,26.102684
"Templeton, Calif.",35.5605315,-120.7007616
"Dubai, UAE",25.0742823,55.1885624
"Mumbai, India",19.054999,72.8692035
"Marin County, Calif.",38.0409144,-122.6199638
"Arlington, Va.",38.8769326,-77.0893094
"Glen Ridge, N.J.",40.805378,-74.2037566
"Oklahoma City, Okla.",35.4729886,-97.5170536
"Los Altos, Calif.",37.3790629,-122.116578
"Mechanicsburg, PA",40.2101972,-77.0047276
"Clarksville, TN",36.5277607,-87.3588703
"Livingston, NJ",40.7959335,-74.3148713
"Sao Paulo, Brazil",-23.5506507,-46.6333824
"West Chester, Ohio",39.3303357,-84.408275
"Groton, MA",42.6112242,-71.5745402
"St. Louis, MO",38.6254063,-90.190009
"Vernon Hills, Ill.",42.2373152,-87.9649487
"Virginia Beach, VA",36.8496579,-75.9760751
"Stockholm, Sweden",59.3251172,18.0710935
"Nashville, TN",36.1622767,-86.7742984
"Swarthmore, Pa.",39.9020565,-75.3499124
"Granite Bay, Calif.",38.762173,-121.1850057
"North Kingstown, R.I.",41.5514283,-71.4693875
"Warren, Mich.",42.4932575,-83.0062746
"Columbus, Ohio",39.9622601,-83.0007065
"New York, NY",40.7127281,-74.0060152
"Okemos, Mich.",42.7221021,-84.4275259
"Glenview, Ill.",42.0700662,-87.8114044
"St. Charles, Ill.",41.9139808,-88.3128183
"Lewisburg, Pa.",40.9645337,-76.8847639
"Asheville, N.C.",35.595363,-82.5508407
"Avon, Ohio",41.4516512,-82.0350598
"Somerset, Mass.",41.7695463,-71.128656
"Halifax, Nova Scotia",44.648618,-63.5859487
"Torrance, Calif.",33.8371392,-118.3413606
Fort Lauderdale,26.1223084,-80.1433786
"Bradenton, Fla.",27.4989278,-82.5748194
"Aldie, Va.",38.975841,-77.6460477
"Athens, Ga.",33.9597677,-83.376398
"Dawsonville, Ga.",34.4212053,-84.1190804
"Suwanee, Ga.",34.0514898,-84.0712997
"Mill Valley, Calif.",37.9060368,-122.5449763
"Clifton Park, N.Y.",42.8630374,-73.7747623
"Placentia, Calif.",33.8714814,-117.8617337
"Mount Pleasant, S.C.",32.7927956,-79.8678322
"Norwich, Vt.",43.7136654,-72.3081535
"Olney, Md.",39.1469872,-77.0722227
"Maynard, Mass.",42.4321064,-71.4539683
"Providence, R.I.",41.8239891,-71.4128343
"Woburn, Mass.",42.4792618,-71.1522766
"Charlotte, N.C.",35.2272086,-80.8430827
"Davidsonville, Md.",38.9228697,-76.6277374
"Mainz, Germany",49.9995205,8.2736253
"Ashland, Ore.",42.1972487,-122.7153995
"Hartland, Wis.",43.105008,-88.3420398
"Forest Grove, Ore.",45.5190404,-123.1110551
"Macon, Ga.",32.8406946,-83.6324022
"Littleton, Colo.",39.613321,-105.016649
"Miramar, Fla.",25.9873137,-80.2322706
"Jersey City, N.J.",40.7215682,-74.047455
"Weston, Fla.",26.1003392,-80.399513
"Newport, Ore.",44.636755,-124.053442
"Missouri City, Texas",29.6185669,-95.5377215
"Odense, Fyn, Denmark",55.3997225,10.3852104
"Aurora, Colo.",39.7401441,-104.8733376
"Frankfurt, Germany",50.1106444,8.6820917
"Closter, N.J.",40.9731536,-73.9615262
"Santa Barbara, Calif.",34.4221319,-119.702667
"Auburn, Calif.",38.8945939,-121.0739897
"Chelsea, London",51.4888554,-0.1653781
"Lagos, Nigeria",6.4550575,3.3941795
"Naples, Fla.",26.1421976,-81.7942944
"Ormond Beach, Fla.",29.2854132,-81.0557921
"Madrid, Spain",40.416782,-3.703507
"Scotch Plains, N.J.",40.65538,-74.3898732
"Arlington, Mass.",42.4153739,-71.1564428
"San Anselmo, Calif.",37.9744323,-122.561503
"High Wycombe, England",51.6317449,-0.75596
"Waukegan, Ill.",42.3602273,-87.8318164
"East Lansing, Mich.",42.7320307,-84.4721678
"Swampscott, Mass.",42.4699241,-70.9171507
"Port Hope, Ontario",43.9515755,-78.2939704
"Colorado Springs, Colo.",38.8339578,-104.825348
"Loudonville, N.Y.",42.7032355,-73.7636489
"Manhasset, N.Y.",40.786702,-73.6967338
"Santa Rosa, Calif.",38.4404925,-122.7141049
"Meredith, N.H.",43.6567546,-71.5011718
"Willowbrook, Ill.",41.7697533,-87.9358931
"LaGrange, Ga.",33.039291,-85.0313269
"Alpharetta, Ga.",34.0755962,-84.2945964
"Virginia Beach, Va.",36.8496579,-75.9760751
"Marion, Mass.",41.7001043,-70.7628129
"Fredericksburg, Va.",38.3001159,-77.4571472
"New Orleans, La.",29.9574657,-90.0629493
"Edinboro, Pa.",41.8742225,-80.1317236
"Staten Island, N.Y.",40.5834557,-74.1496048
"Castle Rock, Colo.",39.3722552,-104.858682
"Laguna Niguel, Calif.",33.5225261,-117.7075526
"Richmond, Va.",37.5385087,-77.43428
"Billerica, Mass.",42.5584264,-71.268947
"Fairport, N.Y.",43.0993,-77.443014
"Rye, N.H.",43.0120186,-70.7719426
"Scituate, Mass.",42.1924492,-70.7261966
"Savannah, Ga.",32.0790074,-81.0921335
"Westford, Mass.",42.5792583,-71.4378411
"Boston, Mass.",42.3588336,-71.0578303
"Wayne, Pa.",41.6264414,-75.3045103
"LaGrange, Ill.",41.81483,-87.8735662
"San Juan, P.R.",-32.9407536,-60.6994812
"Guilderland, N.Y.",42.704522,-73.911513
"Marietta, Ga.",33.952845,-84.5496054
"Cambridge, U.K.",34.0993621,-118.1579812
"Raleigh, N.C.",35.7803977,-78.6390989
"New Philadelphia, Ohio",40.4897871,-81.4456706
"Bainbridge Island, Wash.",47.6515096,-122.5246791
"Saunderstown, R.I.",41.5078795,-71.4245004
"Annapolis, Md.",38.9786401,-76.492786
"Berlin, Germany",52.5173885,13.3951309
"Winthrop, Mass.",42.3746525,-70.9825807
"Falmouth, Maine",43.7219859,-70.2327055
"Surf City, N.J.",39.6587349,-74.168292
"Norwalk, Conn.",41.1175966,-73.4078968
"Manchester-by-the-Sea, Mass.",42.5751314,-70.7725506
"Southport, Conn.",41.1335089,-73.2880249
"Aquinnah, Mass.",41.3431359,-70.8136754
"Sharon, Mass.",42.1237328,-71.1787282
"St. Petersburg, Fla.",27.7712264,-82.6340259
"Yarmouth, Maine",43.8009132,-70.187578
"St. John, U.S. Virgin Islands",18.3356013,-64.7550406
"Fort Lauderdale, Fla.",26.1223084,-80.1433786
"Pacific Palisades, Calif.",34.0480643,-118.5264706
"Larkspur, Calif.",37.9340915,-122.5352539
"Orleans, Mass.",41.7883108,-69.99001
"Costa Mesa, Calif.",33.6633386,-117.903317
"Gig Harbor, Wash.",47.3259697,-122.5878659
"Bridgehampton, N.Y.",40.9312839,-72.3103724
"Suffolk, Va.",36.7281341,-76.5834683
"Newport Beach, Calif.",33.6170092,-117.9294401
"Morristown, N.J.",40.7970382,-74.4809868
"Tampa, Fla.",27.9449854,-82.4583107
"Basking Ridge, N.J.",40.7064088,-74.5492725
"Southampton, N.Y.",40.8842482,-72.3897131
"Budapest, Hungary",47.481849,19.1449053
"Sandy Hook, Conn.",41.4201499,-73.2817075
"Charlotte, NC",35.2272086,-80.8430827
"Wellesley, MA",42.2964859,-71.2925571
"Bowie, MD",39.0080601,-76.7797899
"Ellicott City, MD",39.2757359,-76.8317417
"San Francisco, CA",37.7879363,-122.4075201
"Mercer Island, WA",47.5766324,-122.2276378
"Oaken, VA",36.8872595,-76.4119097
"Potomac, MD",39.0180508,-77.1956331
"Wading River, NY",40.9446394,-72.8246139
"Toronto, Ontario, Canada",43.6534817,-79.3839347
"Sudbury, MA",42.3834278,-71.4161725
"Greenwich, CT",41.0264862,-73.6284598
"Medfield, MA",42.1865609,-71.30546
"Hartland, WI",43.105008,-88.3420398
"Needham, MA",42.2802645,-71.2360624
"Wilton, CT",41.1953739,-73.4378988
"Setauket, NY",40.9467545,-73.115916
"Barrington, RI",41.7407661,-71.3084633
"Chevy Chase, MD",38.9813699,-77.0849245
"Manhasset, NY",40.786702,-73.6967338
"Rye, NY",40.9821371,-73.6840902
"Ridgefield, CT",41.2814842,-73.4981792
"Pittsburgh, PA",40.4406968,-80.0025666
"Warwick, RI",41.6992717,-71.4586114
"Baltimore, MD",39.2908816,-76.610759
"Sherborn, MA",42.2397842,-71.3701417
"Beverly, MA",42.5489744,-70.8781883
"Vancouver, WA",45.6306954,-122.6744557
"Newport Beach, CA",33.6170092,-117.9294401
"Darien, CT",41.0787079,-73.4692873
"Arlington, VA",38.8769326,-77.0893094
"Rockville, MD",39.0817985,-77.1516844
"Babylon, NY",40.6956552,-73.3256753
"Chappaqua, NY",41.157284,-73.7676998
"Kentfield, CA",37.9458253,-122.5598368
"Amityville, NY",40.6789893,-73.4170673
"Bronxville, NY",40.9381544,-73.8320784
"Rydal, PA",40.107492,-75.1106687
"Cranston, RI",41.779588,-71.4366813
"Camillus, N.Y.",43.039233,-76.3040965
"Riverside, Conn.",41.0314897,-73.5833604
"Garden City, N.Y.",40.7266477,-73.6343052
"Glenwood, Md.",39.2875302,-77.0276051
"Pittsfield, Mass.",42.4484778,-73.2541069
"Boulder, Colo.",40.0149856,-105.270545
"Birmingham, AL",33.5206824,-86.8024326
"Hingham, Mass.",42.2417669,-70.8897676
"Glen Head, N.Y.",40.8433525,-73.6257512
"Bedford, N.H.",42.9464737,-71.5159015
"Dover, N.H.",43.1981117,-70.8739761
"Syosset, N.Y.",40.814858,-73.5017966
"Redding, Conn.",41.3029342,-73.3833661
"Long Valley, N.J.",40.7816814,-74.7592328
"Westfield, N.J.",40.651726,-74.3483059
"Towson, Md.",39.3964591,-76.6148148
"Niskayuna, N.Y.",42.8154056,-73.8928774
"Poway, Calif.",32.9628234,-117.035864
"East Setauket, N.Y.",40.919085,-73.0963408
"Zionsville, Ind.",39.950724,-86.2616968
"Mount Sinai, N.Y.",40.941066,-73.0194555
"Norfolk, Va.",36.8493695,-76.2899539
"Acton, Mass.",42.4850931,-71.43284
"Sayville, N.Y.",40.745349,-73.0885161
"Mount Hermon, Mass.",42.4964846,-70.9786617
"Bay Shore, N.Y.",40.7276525,-73.2435218
"Fayetteville, N.Y.",43.0297887,-76.0043643
"West Islip, N.Y.",40.7064515,-73.2987663
"Hanover, N.H.",43.7023545,-72.2892164
"Plymouth, Mich.",42.3712,-83.4675021
"Corona, Calif.",33.8752945,-117.566444
"Pennington, N.J.",40.3281213,-74.7909992
"St. James, N.Y.",40.8827035,-73.1480789
"Owings Mills, Md.",39.4041967,-76.7956745
"Fairhaven, N.J.",40.5787431,-74.3574374
"Piedmont, Calif.",37.8243715,-122.231635
"Brockport, N.Y.",43.213671,-77.93918
"East Islip, N.Y.",40.722918,-73.1834256
"Allentown, Pa.",40.6022552,-75.4716115
"Madison, N.J.",40.7598227,-74.417097
"Grafton, Mass.",42.2063399,-71.6853877
"Lincroft, N.J.",40.3450695,-74.1300764
"Englewood Cliffs, N.J.",40.8853773,-73.9523597
"Amityville, N.Y.",40.6789893,-73.4170673
"Needham Heights, Mass.",42.2934431,-71.2359713
"Port St. Lucie, Fla.",27.2939333,-80.3503283
"Sudbury, Mass.",42.3834278,-71.4161725
"Burlington, ON",43.3248924,-79.7966835
"Cohasset, Mass.",42.2410158,-70.8035571
"Granite Springs, N.Y.",41.3103717,-73.757355
"Tega Cay, S.C.",35.038216,-81.0226325
"Boca Raton, Fla.",26.3586885,-80.0830984
"Fanwood, N.J.",40.6409555,-74.383846
"Lone Tree, Colo.",39.5364152,-104.9041528
"Waltham, Mass.",42.3762385,-71.2355644
"Mississauga, ON",43.5884727,-79.643658
"New Canann, Conn.",41.146763,-73.4948446
"Villanova, Pa.",40.0411671,-75.3310527
"Akron, Ohio",41.083064,-81.518485
"Rumson, N.J.",40.372054,-73.9990269
"Duxbury, Mass.",42.0417695,-70.672259
"Framingham, Mass.",42.2773177,-71.4165905
"Alamo, Calif.",37.8551351,-122.0066891
"Cheshire, Conn.",41.4989355,-72.9009925
"Huntington, N.Y.",40.868154,-73.425676
"Clinton, N.J.",40.6362878,-74.9116603
"Bryn Mawr, Pa.",40.0238245,-75.3173407
"Wallingford, Pa.",39.9036359,-75.3716623
"Moorestown, N.J.",39.9670569,-74.9426677
"Blue Bell, Pa.",40.147809,-75.272781
"East Grand Rapids, Mich.",42.9412024,-85.6097309
"East Windsor, N.J.",40.2682199,-74.5409597
"Campton, N.H.",43.8235868,-71.6389687
"Commack, N.Y.",40.8393515,-73.2858994
"Centerport, N.Y.",40.898077,-73.373051
"Clifton, Va.",38.7802651,-77.3867133
"Portsmouth, N.H.",43.0751306,-70.7601826
"Marblehead, Mass.",42.500096,-70.8578253
"Hopkinton, Mass.",42.2288875,-71.5196439
"Lloyd Harbor, N.Y.",40.9034315,-73.4598432
"New Milford, Conn.",41.5770993,-73.4105803
"Blue Point, N.Y.",40.7529055,-73.033017
"Mendham, N.J.",40.775941,-74.6009617
"Yardley, Pa.",40.242506,-74.8389704
"Essex Fells, N.J.",40.8245442,-74.2845925
"Manalapan, N.J.",40.2852895,-74.333495
"Rockville Centre, N.Y.",40.6574186,-73.6450664
"Cross River, N.Y.",41.2644176,-73.6701448
"Wantagh, N.Y.",40.663289,-73.513589
"Palisades, N.Y.",41.0182822,-73.9163697
"Victoria, British Columbia",48.4283182,-123.364953
"New Westminster, British Columbia",49.2067726,-122.9108818
"Pikesville, Md.",39.385227,-76.7080456
"Kennebunkport, Maine",43.3614989,-70.4771132
"New Vernon, N.J.",40.7369265,-74.4823693
"Harlem, N.Y.",40.8078578,-73.9454671
"Argyle, Texas",33.110156,-97.1797576
"Ambler, Pa.",40.1544727,-75.2221643
"Niwot, Colo.",40.1016754,-105.1534902
"Stony Brook, N.Y.",40.908482,-73.1325471
"Temecula, Calif.",33.4946353,-117.147366
"Bernardsville, N.J.",40.7186805,-74.5692273
"Rocky Point, N.Y.",40.939812,-72.935953
"Detroit, Mich.",42.3315509,-83.0466403
"Newtown Square, Pa.",39.9868117,-75.4007633
"West Hartford, Conn.",41.7620447,-72.7420399
"Richmond, British Columbia",49.163168,-123.137414
"Cleveland Heights, Ohio",41.5200518,-81.556235
"Beaverton, Ore.",45.4871723,-122.80378
"Columbus, Ind.",39.2014405,-85.9213796
"Columbia, Mo.",38.951883,-92.3337366
"Western Springs, Ill.",41.8096132,-87.900671
"Moreland Hills, Ohio",41.447831,-81.427615
"Greenwood Village, Colo.",39.6172101,-104.950814
"Jacksonville, Fla.",30.3262247,-81.6579179
"Cherry Hill, N.J.",39.9348351,-75.0307264
"Salt Lake City, Utah",40.7596198,-111.886797
"Hollywood, Fla.",26.0112014,-80.1494901
"Wakefield, R.I.",41.437324,-71.5014469
"Greensboro, N.C.",36.0726355,-79.7919754
"Missoula, Mont.",46.8701049,-113.995267
"Superior, Colo.",39.9527634,-105.1685977
"Los Gatos, Calif.",37.226611,-121.9746797
"North Hills, Calif.",34.2429575,-118.4854081
"Brighton, Mich.",42.5316918,-83.7846458
"Wenatchee, Wash.",47.4234599,-120.310349
"Royal Oak, Mich.",42.4894801,-83.1446485
"Carmel, Ind.",39.9784186,-86.1283681
"Worcester, Mass.",42.2625621,-71.8018877
"Laguna Beach, Calif.",33.5426975,-117.785366
"Hershey, Pa.",40.2850285,-76.6534662
"North Andover, Mass.",42.7029687,-71.1309117
"Glastonbury, Conn.",41.7123218,-72.608146
"New York City, N.Y.",40.7127281,-74.0060152
"Bishops Stortford, U.K.",51.8773423,0.1511094
"Huntington Beach, Calif.",33.6783336,-118.000016
"Tallahassee, Fla.",30.4380832,-84.2809332
"Mystic, Conn.",41.3560375,-71.9573331
"Fullerton, Calif.",33.8708215,-117.929416
"Naperville, Ill.",41.7728699,-88.1479278
"Dubai, United Arab Emirates",25.0742823,55.1885624
"Long Island, N.Y.",40.8514971,-73.0994297
"Bakirkoy, Istanbul",40.9782585,28.8744461
"Geneva, Ill.",41.8875281,-88.3053525
"South Pasadena, Calif.",34.1133062,-118.1478291
"Oswego, Ill.",41.6834778,-88.3525714
"Minnetonka, Minn.",44.9405086,-93.4638936
"Summit, N.J.",40.7182356,-74.3592296
"Moreland Hill, Ohio",41.447831,-81.427615
"Issaquah, Wash.",47.5348778,-122.043297
"Rocky River, Ohio",41.4756031,-81.8393034
"Monterey Park, Calif.",34.051522,-118.129807
"Jackson Heights, N.Y.",40.7556561,-73.8857755
"Oakton, Va.",38.896795,-77.2987377
"Robbinsville, N.J.",40.2162828,-74.619833
"Toronto, Canada",43.6534817,-79.3839347
"Paradise Valley, Ariz.",33.5324295,-111.9505123
"Orange County, Calif.",33.750631,-117.8722311
"Hillsborough, Calif.",37.557252,-122.362529
"Manhattan Beach, Calif.",33.8872777,-118.4104324
"Evergreen, Colo.",39.6361637,-105.321458
"Rancho Santa Fe, Calif.",33.0242314,-117.1979781
"Newberry, Fla.",29.6463535,-82.6065023
"Montalba, Texas",31.8765549,-95.7327373
"Rolling Hills, Calif.",33.7668041,-118.3496623
"Roswell, Ga.",34.02332,-84.360022
"Westminster, Md.",39.5751717,-76.9959168
"Chattanooga, Tenn.",35.0457219,-85.3094883
"Wylie, Texas",33.0151561,-96.5388038
"Katy, Texas",29.7857853,-95.8243956
"Oak Park, Ill.",41.8878145,-87.7887615
"Abakan, Russia",53.72068,91.4406019
"Solana Beach, Calif.",32.9919141,-117.2678124
"Northville, Mich.",42.4310816,-83.4832339
"Winter Park, Fla.",28.5977707,-81.3510264
"Laie, Hawaii",21.6438449,-157.924442
"Huntley, Ill.",42.1722503,-88.42692
"El Dorado Hills, Calif.",38.6827365,-121.0536827
"Fairfax, Va.",38.8462236,-77.3063733
"Baldwin City, Kansas",38.775007,-95.1863603
"Provo, Utah",40.2337289,-111.6587085
"Newbury Park, Calif.",34.183671,-118.91183
"Flowery Branch, Ga.",34.1851017,-83.9251809
"Buda, Texas",30.082475,-97.8417144
"Stone Ridge, Va.",38.9284175,-77.556534
"West Warwick, R.I.",41.7061296,-71.5221451
"Waterloo, Ontario",43.4652699,-80.5222961
"Flushing, N.Y.",40.7654301,-73.8174291
"Churchville, N.Y.",43.104228,-77.884454
"Siletz, Ore.",44.721784,-123.920113
"Porto Alegre, RS Brazil",-30.1009166,-51.1887882
"Runnedmede, N.J.",39.8523358,-75.0679498
"Encinitas, Calif.",33.0431846,-117.2849848
"Newtown, Conn.",41.4134764,-73.3086445
"Attleboro, Mass.",41.9439695,-71.2804301
"Highland Village, Texas",33.091788,-97.0466759
"Memphis, Tenn.",35.146026,-90.0517786
"Ottawa, Ontario",45.4208777,-75.6901106
"Lawrence, Mass.",42.7070354,-71.1631137
"Porto Alegre, Brazil",-30.1009166,-51.1887882
"Grayson, Ga.",33.8942729,-83.95574
"Dayton, Ohio",39.7589478,-84.1916069
"Foxboro, Mass.",42.0953545,-71.2616265
"San Ramon, Calif.",37.7648021,-121.9544387
"Kaunakakai, Hawaii",21.089891,-157.0111876
"Calumet, Mich.",47.2466928,-88.4540297
"South Berwick, Maine",43.2409695,-70.7485677
"Bethel, Alaska",60.7946775,-161.7619055
"Lincoln, Mass.",42.4259283,-71.3039469
"Welcome, Minn.",43.6671139,-94.6187863
"Stillwater, N.J.",41.0359303,-74.878225
"Fayetteville, Ark.",36.0625843,-94.1574328
"Seoul, Korea",37.5666791,126.9782914
"Ithaca, N.Y.",42.4374175,-76.5483724
"Vacaville, Calif.",38.3565773,-121.9877444
"Bronx, N.Y.",40.8466508,-73.8785937
"Cypress, Calif.",33.8248235,-118.0399368
"New Windsor, Md.",39.5420455,-77.1080376
"Delafield, Wis.",43.0594237,-88.4040172
"Northborough, Mass.",42.3196015,-71.6422408
"Westbury, N.Y.",40.7556561,-73.5876273
"Newport, R.I.",41.4899827,-71.3137707
"Mount Vernon, N.Y.",40.9125085,-73.8386504
"Libertyville, Ill.",42.2830786,-87.9531303
"Sai Kung, Hong Kong",22.3822489,114.2728277
"Hagatna, Guam",13.4748148,144.7516191
"Greenbrae, Calif.",37.9485356,-122.5247031
"Lunenburg, Mass.",42.595089,-71.7244812
"Mignault, Belgium",50.5288629,4.1523542
"Morrice, Mich.",42.8386425,-84.1783003
"Pacific Grove, Calif.",36.6211149,-121.917794
"Red Bank, N.J.",40.3470543,-74.0643065
"Ventura, Calif.",34.4458248,-119.0779359
"Harford County, Md.",39.548545,-76.3048991
"Lesigny, France",48.7441196,2.6146976
"Pembroke, N.C.",34.6800748,-79.1933485
"Somerville, Mass.",42.3875968,-71.0994968
"Charleston, S.C.",32.7884363,-79.9399309
"Kennett Square, Penn.",39.8495847,-75.7045503
"Downingtown, Penn.",40.0063226,-75.7077693
"Upland, Calif.",34.09751,-117.6483876
"Gardena, Calif.",33.8815601,-118.2935879
"Erie, Colo.",40.0502623,-105.049981
"Indianapolis, Ind.",39.7683331,-86.1583502
"Klingerstown, Pa.",40.657571,-76.6943107
"Perth, Western Australia",-31.9558967,115.8605784
"Winchester, Hampshire, England",51.0612766,-1.3131692
"Woodbridge, Conn.",41.3531983,-73.0114935
"Irvine, Calif.",33.6856969,-117.825981
"Callahan, Fla.",30.5637205,-81.8297744
"Lutz, Fla.",28.1300994,-82.4591842
"Hackensack, N.J.",40.8870781,-74.0410667
"Roselle, Ill.",41.9852583,-88.0799571
"Glen Ellyn, Ill.",41.8775293,-88.0670118
"North Hampton, N.H.",42.9689814,-70.8359489
"Venice, Fla.",27.0998315,-82.4442832
"Providence, RI",41.8239891,-71.4128343
"Aledo, Texas",32.6979939,-97.6039938
"Medford, N.Y.",40.8228192,-72.9887443
"Lexington, Ky.",38.0464066,-84.4970393
"Westbrook, Conn.",41.2860314,-72.4487866
"Sugar Land, Texas",29.6196787,-95.6349463
"Milton, Fla.",30.6324149,-87.0396881
"St. Augustine, Fla.",29.8946952,-81.3145395
"San Marcos, Texas",29.8826436,-97.9405828
"Cumberland, R.I.",41.9667656,-71.4328363
"Tolar, Texas",32.389356,-97.9194879
"Hollister, Calif.",36.8524545,-121.4016021
"Commerce, Mich.",42.5911431,-83.4907721
"Powdersville, S.C.",34.777177,-82.4947785
"Dunedin, Fla.",28.0116627,-82.7893788
"West Nyack, N.Y.",41.090129,-73.9704898
"Vancouver, Wash.",45.6306954,-122.6744557
"Delta, Colo.",38.8368777,-107.8568294
"Wrentham, Mass.",42.0667652,-71.3281114
"Flower Mound, Texas",33.0283854,-97.0867203
"Sammamish, Wash.",47.6017554,-122.0416844
"Justin, Texas",33.0848442,-97.2961286
"Watkinsville, Ga.",33.8628959,-83.4087709
"Stamford, Conn.",41.0534302,-73.5387341
"The Woodlands, Texas",30.1734194,-95.504686
"Sandy Springs, Ga.",33.9242688,-84.3785379
"Tullahoma, Tenn.",35.3624915,-86.2099766
"Mooresville, N.C.",35.5848596,-80.8100724
"Chino Hills, Calif.",33.9926803,-117.760056
"Pittsford, N.Y.",43.090959,-77.515298
"Dover, Mass.",42.2452466,-71.2823588
"Franklin, Mass.",42.5896205,-72.6110645
"North East, Md.",39.5992989,-75.9424217
"Middleton, Mass.",42.5951005,-71.0159146
"Ladera Ranch, Calif.",33.551225,-117.6442582
"Fort Lee, N.J.",40.8509333,-73.9701382
"Newfields, N.H.",43.0355742,-70.9422214
"Lilburn, Ga.",33.8901036,-84.1429719
"Cary, N.C.",35.7873617,-78.7811623
"Lakewood, Ohio",41.4819932,-81.7981908
"East Taunton, Mass.",41.8827727,-71.028435
"Highland Park, Texas",32.8334607,-96.7919454
"Delray Beach, Fla.",26.4614625,-80.0728201
"Hull, Mass.",42.3020436,-70.9078243
"Riga, Latvia",56.9493977,24.1051846
"Palm Beach, Fla.",26.6279798,-80.4494174
"Lake Forest, Ill.",42.2586461,-87.8407055
"Charleston, N.C.",36.1201561,-77.3755239
"Mt. Pleasant, S.C.",32.7927956,-79.8678322
"Salt Point, NY",41.8046512,-73.7903622
"Marlow, UK",51.5718706,-0.7769654
"Roaring Gap, N.C.",36.4029099,-80.9853554
"Fort Washington, PA",40.1478532,-75.1897243
"Dallas, TX",32.7762719,-96.7968559
Plano. TX,33.0136764,-96.6925096
"Wallsee, Austria",48.1672231,14.7156931
"Homer, Alaska",59.6454064,-151.5445643
"Deerfield, Mass.",42.5436951,-72.6046649
"Chicago, IL",41.8755616,-87.6244212
"Long Lake, Minn.",44.9863892,-93.5715908
"North Reading, Mass.",42.5750939,-71.0786653
"Corte Madera, CA",37.9254806,-122.527475
"Hawkes Bay, New Zealand",-43.8345039,169.8589675
"Alameda, Calif.",37.6090291,-121.899142
"Witchita, Kan.",37.6922361,-97.3375448
"Columbia, MD",39.1938429,-76.8646092
"Bloomington, Ill.",40.4797828,-88.9939147
"Oxfordshire, United Kingdom",51.833333,-1.25
"Lake Forest Park, WA",47.7567679,-122.2809623
"Temecula, CA",33.4946353,-117.147366
"Ross, CA",37.9624239,-122.554977
"Washington, DC",38.8950982,-77.0363849
"Feeding Hills, Mass.",42.0671708,-72.6786035
"Amsterdam, Netherlands",52.3730796,4.8924534
"Whakatane, New Zealand",-37.9519223,176.9945977
"Warner, N.H.",43.2809477,-71.8164258
"Longview, Texas",32.5007031,-94.74049
"Lititz, Pa.",40.1571324,-76.307162
"Vista, N.Y.",41.202318,-73.5101236
"Wakefield, Mass.",42.506484,-71.0728306
"Madison, Ala.",34.7736807,-86.5675095
"Henley-On-Thames, England",51.5375786,-0.9050287
"Dedham, Mass.",42.2481895,-71.1734418
"Aalborg, Denmark",57.0462626,9.9215263
"North Salem, N.Y.",41.3348169,-73.5712374
"Richmond, Calif.",37.9357576,-122.347748
"San Jose, Costa Rica",9.9327707,-84.0796144
"Plymouth, Minn.",45.0065149,-93.46651
"Culver, Ind.",41.2189311,-86.4230626
"Prague, Czech Republic",50.0874654,14.4212535
"Ouderkerk aan de Amstel, Netherlands",52.2968417,4.9042702
"Rye Brook, N.Y.",41.0192641,-73.6834621
"Groton, Mass.",42.6112242,-71.5745402
"Royal Tunbridge Wells, England",51.1371483,0.2673446
"Split, Croatia",43.5116383,16.4399659
"Hamburg, Germany",53.5501721,10.0013165
"Sea Girt, N.J.",40.1320592,-74.0345813
"Galloway, N.J.",40.3688911,-74.1561383
"Zagreb, Croatia",45.8130967,15.9772795
"Eindhoven, Netherlands",51.4485569,5.4501225
"Bedford Hills, N.Y.",41.2351255,-73.6863002
"Chanhassen, Minn.",44.8618403,-93.5307207
"Vashon Island, Wash.",47.4208759,-122.4737053
"London, U.K.",-8.8162775,115.1541201
"Collegeville, Pa.",40.1854712,-75.4512163
"Basildon, Essex",51.5702375,0.4583573
"Cape Town, South Africa",-33.9288301,18.4172197
"Chester, Conn.",41.4031547,-72.4509204
"Coral Gables, Fla.",25.7331105,-80.2585107
"Hereford, England",52.0553813,-2.7151735
"Zurich, Switzerland",47.3744489,8.5410422
"Windsor, Conn.",41.8525984,-72.6437022
"Hudson, OH",41.240056,-81.440667
"Oxford, England",51.7520131,-1.2578499
"Belgrade, Serbia",44.8153318,20.4456588
"Gold Coast, Australia",-28.0023731,153.4145987
"Newcastle upon Tyne, England",54.9738474,-1.6131572
"Sitka, Alaska",57.4086082,-135.4596206
"West Haven, Conn.",41.2706527,-72.9470471
"Athens, Greece",37.9755648,23.7348324
"Como, Italy",45.9395857,9.1493609
"Crowthorne, England",51.3708551,-0.7950262
"Miami Beach, Fla.",25.7929198,-80.1353006
"Finchampstead, England",51.3719747,-0.8669359
"Bratislava, Slovakia",48.1435026,17.1082867
"Riverside, Calif.",33.9824949,-117.374238
"Elkridge, Md.",39.1938632,-76.7420903
"Wickham Skeith, UK",52.2812041,1.0731366
"Scituate, R.I.",41.7851126,-71.611035
"Union City, Calif.",37.5872576,-122.0215737
"Wyckoff, N.Y.",42.8420131,-76.5274397
"Baton Rouge, La.",30.4494155,-91.1869659
"Gloucester, Mass.",42.6153595,-70.6624608
"Trumbull, Conn.",41.2428742,-73.2006687
"Hopatcong, N.J.",40.9332051,-74.6600975
"Union City, Calif",37.5872576,-122.0215737
"Grand Prairie, Texas",32.7459645,-96.9977846
"Hilliard, Ohio",40.033814,-83.1596108
"Verona, Wis.",42.9905492,-89.5335575
"Sugarloaf, Pa.",41.0057923,-76.0856342
"Nashua, NH",42.7656251,-71.4677032
"Pewaukee, Wis.",43.0846017,-88.2139452
"Elkhorn, Wis.",42.6719206,-88.543494
"Narragansett, R.I.",41.4325574,-71.4579836
"Louisville, Ky.",38.2542376,-85.759407
"Lincolndale, N.Y.",41.333489,-73.7268371
"Ankara, Turkey",39.9207759,32.8540497
"White River Junction, Vt.",43.6505307,-72.3309258
"Fremont, Calif.",37.5482697,-121.988571
"Del Mar, Calif.",32.9594891,-117.2653146
"Lake Oswego, Ore.",45.4206749,-122.670649
"Rancho Santa Margarita, Calif.",33.6408845,-117.6029341
"Parsippany, N.J.",40.8623835,-74.4032354
"Weymouth, Mass.",42.2212188,-70.9391625
"Thousand Oaks, Calif.",34.1705609,-118.8375937
"Portland, Maine",43.6573605,-70.2586618
"Kumasi, Ghana",6.6985605,-1.6233086
"Lewisville, Texas",33.046233,-96.994174
"Manchester, N.J.",39.9734957,-74.3816966
"Clarence, N.Y.",42.9768372,-78.5930999
"Exeter, R.I.",41.5774793,-71.5376881
"Cerritos, Calif.",33.8644291,-118.0539323
"Springfield, Mo.",37.2081729,-93.2922715
"Rome, Ga.",34.257038,-85.1646726
"Ho Chi Minh City, Vietnam",10.7737261,106.7166008
"Arcadia, Calif.",34.1362075,-118.0401497
"Pembroke, Mass.",42.0714907,-70.8092074
"Quechee, Vt.",43.645213,-72.4157218
"Amherst, Ohio",41.3978217,-82.2223775
"Tiverton, R.I.",41.6257406,-71.166333
"Cochranville, Pa.",39.8917732,-75.9216133
"Carson, Calif.",33.8322043,-118.2517547
"Columbia, Maryland",39.1938429,-76.8646092
"Wellington, Fla.",26.6549551,-80.2375279
"Pepper Pike, Ohio",41.478387,-81.46373
"Palmyra, Va.",37.8647,-78.2615037
"Grosse Pointe Woods, Mich.",42.4435616,-82.9069508
"Agana Heights, Hagatna, Guam",13.4655441,144.7465714
"Berlin, Conn.",41.621488,-72.7456519
"Orinda, Calif.",37.8771476,-122.1796888
"Prospect, Ky.",38.3459615,-85.6046048
"Uniontown, Ohio",40.9758992,-81.4072768
"Newbury, Mass.",42.7664975,-70.8458022
"Gladstone, N.J.",40.7202907,-74.6662746
"Bridgewater, N.J.",40.5598127,-74.5517146
"Rosemead, Calif.",34.0808629,-118.073219
"River Hills, Wis.",43.1678887,-87.9356638
"Caracas, Venezuela/Westport, Conn.",10.5060934,-66.9146008
"League City, Texas",29.5074538,-95.0949303
"Boulder City, Nev.",35.9787649,-114.8337574
"Spring Lake, Mich.",43.076963,-86.196997
"Greenville, S.C.",34.851354,-82.3984882
"Yonkers, N.Y.",40.9312099,-73.8987469
"Gillette, N.J.",40.6782581,-74.4680716
"Huntersville, N.C.",35.4108278,-80.8429304
"Tijuana, Mexico",32.5364775,-117.0371232
"Great Neck, N.Y.",40.80292,-73.7360177
"Lansdale, Pa.",40.2414952,-75.2837862
"Taipei, Taiwan",25.0375198,121.5636796
"North Potomac, Md.",39.0985183,-77.2377429
"San Antonio, Texas",29.4246002,-98.4951405
"Champaign, Ill.",40.1164841,-88.2430932
"Germantown, Md.",39.1712341,-77.2655648
"Rhinebeck, N.Y.",41.9267604,-73.912763
"Oxshott, England",51.3361004,-0.3625418
"Louisville, Colo.",39.977763,-105.1319296
"Spring, Texas",30.070979,-95.4013419
"Mount Kisco, N.Y.",41.2042616,-73.7270761
"Stowe, Vt.",44.4643768,-72.6856197
"Upper Arlington, Ohio",40.0073887,-83.0581647
"Rancho Palos Verdes, Calif.",33.7483311,-118.3707683
"Cabin John, Md.",38.974663,-77.1617305
"Germantown, N.Y.",42.1345339,-73.8917982
"Eltham, London",51.4505687,0.0541253
"Blue Bell, Penn.",40.1551,-75.2706
"Elizabethtown, Penn.",37.6992243,-85.8708166
"Corvallis, Ore.",44.5645659,-123.2620435
"Lakeville, Mass.",41.8459353,-70.9494854
"Palos Verdes Estates, Calif.",33.7872386,-118.401813
"Salado, Texas",30.9468791,-97.5371631
"Walpole, Mass.",42.1459019,-71.2538759
"Rolling Hills Estates, Calif.",33.7877943,-118.3581284
"North Tustin, Calif.",33.7633471,-117.7973921
"Shrewsbury, Mass.",42.2960187,-71.71351
"Hampton Falls, N.H.",42.9164147,-70.8646837
"Brockton, Mass.",42.0834335,-71.0183787
"Lawrenceville, Ga.",33.9566391,-83.9890066
"Portage, Mich.",42.2011538,-85.5800022
"Millstone Township, N.J.",40.2023684,-74.4079671
"Portsmouth, Va.",36.8320081,-76.297699
"Culver City, Calif.",34.0211224,-118.396466
"Hastings-on-Hudson, N.Y.",40.9946622,-73.8785922
"Bay Harbor Islands, Fla.",25.8875948,-80.1311564
"South San Francisco, Calif.",37.6535403,-122.4168664
"Middletown, Conn.",41.5623178,-72.6509061
"Plano, Texas",33.0136764,-96.6925096
"Truckee, Calif.",39.3279454,-120.1835765
"Randolph, Mass.",42.1626018,-71.0413386
"Bear, Del.",39.6185861,-75.6795539
"Orland Park, Ill.",41.630663,-87.8536288
"Peachtree Corners, Ga.",33.9701009,-84.2215869
"Orono, Minn.",44.9713519,-93.6044033
"Weston, Conn.",41.2021302,-73.3812743
"Cooper City, Fla.",26.057783,-80.2695109
"Douglas, Mass.",42.0531661,-71.7397682
"Ajax, Ontario",43.8505287,-79.0208814
"Edison, N.J.",40.5005351,-74.3983939
"Midlothian, Va.",37.486806,-77.6473195
"Pawleys Island, S.C.",33.4293486,-79.1215912
"Stuffville, Ontario",43.9717581,-79.2454446
"Lower Saxony, Germany",52.8398531,9.075962
"Bowie, Md.",39.0080601,-76.7797899
"Winston-Salem, N.C.",36.0998131,-80.2440518
"Yopougon, Côte D'Ivoire",5.335194,-4.075756
"Mesquite, Texas",32.7666103,-96.599472
"Ottawa, Ontario, Canada",45.4208777,-75.6901106
"Overland Park, Kansas",38.9742502,-94.6851702
"Riegelsville, Pa.",40.5943218,-75.1951673
"Wake Forest, N.C.",35.9775697,-78.5098471
"West Point, N.Y.",41.3912693,-73.9658803
"Egg Harbor Township, N.J.",39.3820672,-74.6171489
"Chico, Calif.",39.7284945,-121.8374777
"Manchester, Conn.",41.7834017,-72.5231973
"Coronado, Calif.",32.6915199,-117.1766947
"Byron Center, Mich.",42.8143115,-85.7279047
"Piscataway, N.J.",40.5464326,-74.4660542
"East Walpole, Mass.",42.1611967,-71.2164608
"Amersham, England",51.676685,-0.607692
"Ephrata, Pa.",40.1799111,-76.1789242
"Hummelstown, Pa.",40.2653927,-76.7082778
"Windham, N.H.",42.8006441,-71.304229
"Rumford, R.I.",41.8453781,-71.3519985
"Stow, Mass.",42.4365949,-71.5050009
"Oakhurst, N.J.",40.2613085,-74.0266552
"West Vancouver, British Columbia",49.3311208,-123.159479
"Granby, Conn.",41.9538298,-72.789313
"Avon, Conn.",41.8098209,-72.8306541
"Salem, N.H.",42.7884957,-71.2009035
"Clementon, N.J.",39.8115033,-74.9829443
"Bilthoven, Netherlands",52.1289693,5.2046134
"Royersford, Pa.",40.184174,-75.5377894
"Oxshott, U.K.",51.3361004,-0.3625418
"Bristol, U.K.",51.4430141,-2.5816622
"Fairfield, N.J.",40.8837238,-74.3068718
"Ashland, Mass.",42.2599608,-71.4642596
"Berkeley Heights, N.J.",40.6834349,-74.442653
"Hong Kong, China",22.2818333,114.1582831
"Allendale, N.J.",41.0413199,-74.1291407
"Voorhees, N.J.",39.8512162,-74.9619779
"Amherst, N.H.",42.8642874,-71.6252484
"Surrey, British Columbia",49.1913033,-122.849143
"Rotterdam, Netherlands",51.9244424,4.47775
"Watertown, Mass.",42.3652576,-71.1843234
"Lebanon, N.J.",40.6417683,-74.8359987
"Frankfurt am Main, Germany",50.1106444,8.6820917
"Harleysville, Pa.",40.278783,-75.3866377
"Aberdovey, Wales",52.5443486,-4.0563163
"Crediton, Devon, England",50.7895868,-3.658963
"Tadworth, Surrey",51.2912247,-0.2326709
"Johnson City, Tenn.",36.3167671,-82.352903
"Sherwood Park, Alberta",53.5256963,-113.296631
"Beverly Hills, Calif.",34.0696501,-118.3963062
"South Windsor, Conn.",41.8352395,-72.5562712
"Fort Collins, Colo.",40.5871782,-105.0770113
"Franklin, Conn.",41.6090547,-72.14619
"Rockville Center, N.Y.",40.6582775,-73.6293861
"Parker, Colo.",39.5184514,-104.7612638
"Grosse Point, Mich.",47.085022,-88.4838816
"Brooklyn, NY",40.6526006,-73.9497211
"Pullman, Wash.",46.7295818,-117.1799363
"Canton, Ga.",34.2367621,-84.4907621
"Knoxville, Tenn.",35.9603948,-83.9210261
"Temple City, Calif.",34.1082994,-118.0577568
"West Hempstead, N.Y.",40.697763,-73.6499019
"McLean, VA",38.9366852,-77.185843
"Holbrook, N.Y.",40.799376,-73.0697738
"Valley Stream, N.Y.",40.6631362,-73.7056955
"Perkasie, Pa.",40.372048,-75.292676
"Jamesville, N.Y.",42.9920106,-76.0715887
"Ridge, N.Y.",40.904732,-72.8783919
"Waukesha, Wis.",43.0622536,-88.3123889
"Ypsilanti, Mich.",42.241051,-83.6117646
"Mahwah, N.J.",41.0887072,-74.1437552
"Dracut, Mass.",42.6688173,-71.3033665
"Mt. Lebanon, Pa.",40.3765,-80.0508
"Cypress, Texas",29.9691116,-95.6971686
"Woodland Hills, Calif.",34.1684364,-118.6058382
"Holden, Mass.",42.3560836,-71.8623548
"Woodbridge, Va.",38.636447,-77.2676335
"Westerville, Ohio",40.126139,-82.9295287
"Newcastle, Wash.",47.5395736,-122.1563331
"Daytona Beach, Fla.",29.2108147,-81.0228331
"Smithfield, R.I.",41.9220433,-71.549507
"Windham, Maine",43.7894155,-70.4083434
"Skaneateles, N.Y.",42.947011,-76.4291017
"Gates Mills, Ohio",41.5181147,-81.4039538
"Lookingglass, Ore.",43.1784485,-123.4861887
"Jamaica, N.Y.",40.6987631,-73.8088251
"Greene, R.I.",41.6970895,-71.7307337
"Englewood, Colo.",39.6482059,-104.9879641
"Schoharie, N.Y.",42.5757217,-74.4390277
"Bethel, Conn.",41.3712063,-73.4140097
"Dallas, Tx.",32.7762719,-96.7968559
"Roxbury, N.J.",39.9787625,-74.5615924
"Richardson, Texas",32.9481789,-96.7297206
"Sunrise, Fla.",26.1666888,-80.2787573
"Cooper City, Fl.",26.057783,-80.2695109
"Scottsdale, Ariz.",33.4942189,-111.926018
"North Scituate, R.I.",41.8317661,-71.5872858
"Glocester, R.I.",41.910429,-71.7176367
"La Canada Flintridge, Calif",34.1998302,-118.2005236
"Chicago, Ill",41.8755616,-87.6244212
"Hillsborough, N.J.",40.5052296,-74.6732941
"Cupertino, Calif.",37.3228934,-122.0322895
"Venice, FL",27.0998315,-82.4442832
"Leslie, MI",42.4511723,-84.4319386
"Miami, FL",25.7741566,-80.1935973
"Mahomet, IL",40.195142,-88.4052266
"Roswell, GA",34.02332,-84.360022
"Tampa, FL",27.9449854,-82.4583107
"Grandview Heights, OH",39.981855,-83.0450363
"Orange, CT",41.2784304,-73.0256609
"North Andover, MA",42.7029687,-71.1309117
"Holyoke, MA",42.2071184,-72.6075851
"Santa Ana, CA",33.7494951,-117.873221
"Milton, MA",42.2501425,-71.065573
"New Canaan, CT",41.146763,-73.4948446
"Plantation, FL",26.1275862,-80.2331036
"Sharpsburg, GA",33.3392842,-84.6485417
"Long Valley, NJ",40.7816814,-74.7592328
"Meredith, NH",43.6567546,-71.5011718
"Watertown, MA",42.3652576,-71.1843234
"Johns Creek, GA",34.0181557,-84.190196
"Sterling Heights, MI",42.5803122,-83.0302033
"Bradenton, FL",27.4989278,-82.5748194
"Rockland, MA",42.1306563,-70.9161551
"Springfield, IL",39.7990175,-89.6439575
"Bronx, NY",40.8466508,-73.8785937
"Lake Forest, IL",42.2586461,-87.8407055
"Durham, CT",41.4817647,-72.6812059
"Melrose, Mass.",42.4564323,-71.064182
"Oakwood, OH",41.365333,-81.507896
"Murfreesboro, TN",35.8460396,-86.3921096
"Syracuse, NY",43.0481221,-76.1474244
"Medford, NY",40.8228192,-72.9887443
"Wilmette, IL",42.076066,-87.7115555
"Los Angeles, CA",34.0536909,-118.242766
"Scottsdale, AZ",33.4942189,-111.926018
"Alpharetta, GA",34.0755962,-84.2945964
"Bethesda, MD",38.9812726,-77.1233587
"Atlanta, GA",33.7544657,-84.3898151
"Saratoga, CA",37.2638324,-122.0230146
"Dorchester, MA",42.2973205,-71.0744952
"Coto De Caza, CA",33.6013399,-117.5856235
"Dewitt, MI",42.8424784,-84.5697965
"New Providence, NJ",40.6984348,-74.4015405
"Wethersfield, CT",41.7142665,-72.6525922
"Wellfleet, MA",41.9376051,-70.0327996
"Pickerington, OH",39.8842304,-82.7535049
"Central Islip, NY",40.7807275,-73.192822
"Santa Clarita, CA",34.4127963,-118.5538088
"Rumson, NJ",40.372054,-73.9990269
"Winston-Salem, NC",36.0998131,-80.2440518
"Branford, CT",41.2795414,-72.8150989
"Pleasanton, CA",37.6624312,-121.8746789
"Newton Center, Mass.",42.3300309,-71.1948774
"Mooresville, NC",35.5848596,-80.8100724
"Naples, FL",26.1421976,-81.7942944
"Oak Park, CA",34.1792025,-118.7619719
"North Attleboro, MA",41.9841334,-71.3322798
"Ladera Heights, CA",33.9961043,-118.3752213
"East Greenwich, RI",41.6603788,-71.4558911
"Fayetteville, GA",33.4487257,-84.4549262
"Desoto, TX",32.5897831,-96.8570183
"Tipp City, OH",39.961325,-84.1700609
"Austin, TX",30.2711286,-97.7436995
"Belleville, MI",42.2048414,-83.4852106
"Orange County, CA",33.750631,-117.8722311
"Newark, Del.",39.6828358,-75.7515682
"Knoxville, TN",35.9603948,-83.9210261
"Yalesville, CT",41.4897198,-72.8203399
"Wayne, PA",41.6264414,-75.3045103
"Surprise, AZ",33.629247,-112.3681428
"Middletown, CT",41.5623178,-72.6509061
"Anaheim, CA",33.8347516,-117.911732
"Troy, NY",42.7284117,-73.6917878
"Woodbridge, CT",41.3531983,-73.0114935
"Holt, Mo.",40.0989571,-95.2134565
"Sanford, FL",28.8117345,-81.2680223
"Tucson, AZ",32.2228765,-110.974847
"University Park, MD",38.9703884,-76.941919
"Newbury, NH",43.3213132,-72.0362956
"Clifton, NJ",40.8584328,-74.1637553
"Orlando, FL",28.5421218,-81.379045
"Newtown Square, PA",39.9868117,-75.4007633
"Tyrone, GA",33.4713249,-84.5972005
"Port Harcourt, Nigeria",4.7676576,7.0188527
"Orinda, CA",37.8771476,-122.1796888
"Newton, MA",42.3300435,-71.194862
"Bedford, NH",42.9464737,-71.5159015
"Lewis Center, OH",40.1983958,-83.0101843
"Easley, S.C.",34.8269276,-82.5817053
"Oak Hill, Va.",38.9259679,-77.4019173
"Memphis, TN",35.146026,-90.0517786
"Hahira, Ga.",30.9913064,-83.3726575
"Braintree, Mass.",42.2205956,-71.0041229
"Frisco, TX",33.1505998,-96.8238183
"Fayetteville, Ga.",33.4487257,-84.4549262
"Belmont, CA",37.5164926,-122.2941914
"Bakersfield, Calif.",35.3738712,-119.019463
"West Covina, Calif.",34.0686208,-117.9389526
"Little Rock, AR",34.7465071,-92.2896267
"Ann Arbor, MI",42.2813722,-83.7484616
"Richmond, TX",29.5821811,-95.7607832
"Boca Raton, FL",26.3586885,-80.0830984
"Medway, Mass.",42.1417641,-71.3967256
"Rehoboth, Mass.",41.8403786,-71.2494938
"Monroe, Conn.",41.3325962,-73.2073358
"Denham Springs, La.",30.4868564,-90.9562125
"San Clemente, CA",33.4270275,-117.6124179
"Modesto, Calif.",37.6393419,-120.9968892
"Pflugerville, Texas",30.4393696,-97.6200043
"Saint Charles, IL",47.7914638,-2.0094532
"Rancho Santa Margarita, CA",33.6408845,-117.6029341
"Andover, MA",42.65717,-71.1408776
"Goffstown, N.H.",43.020445,-71.600257
"Seabrook, NH",42.8773076,-70.8706857
"Seguin, TX",29.5688411,-97.9647269
"Emerson, N.J.",40.976209,-74.0262505
"Toano, Va.",37.3798686,-76.8041276
"Norcross, Ga.",33.9412127,-84.2135309
"Totowa, N.J.",40.9050988,-74.2098679
"Frederick, Md.",39.415779,-77.4127562
"Chagrin Falls, Ohio",41.436589,-81.3855058
"Grosse Pointe, Mich.",42.3861485,-82.9118591
"San Clemente, Calif.",33.4270275,-117.6124179
"Douglasville, Ga.",33.7514966,-84.7477136
"Plainfield, N.J.",40.6201412,-74.4222416
"Clarendon Hills, Ill.",41.7961237,-87.9551429
"San Pedro, Calif.",33.7358518,-118.2922934
"Corona, N.Y.",40.7469593,-73.8601456
"Stone Oak, Texas",29.6493885,-98.4513456
"Everett, Mass.",42.4085897,-71.0542002
"Ocala, Fla.",29.1871986,-82.1400923
"Calabasas, Calif.",34.1446643,-118.644097
"Southfield, Mich.",42.4733689,-83.2218731
"New Braunfels, Texas",29.7028266,-98.1257348
"Mankato, Minn.",44.1658533,-94.0028013
"Winter Garden, Fla.",28.5656649,-81.5856742
"Palm Beach Gardens, Fla.",26.8233946,-80.1386547
"Burlington, Mass.",42.5048167,-71.1956111
"Palm Bay, Fla.",27.9946969,-80.6366144
"Hinesburg, Vt.",44.329251,-73.111267
"North Providence, R.I.",41.8500997,-71.4661703
"Kennett Square, Pa.",39.8467414,-75.7116997
"Wheeling, W.Va.",40.0639616,-80.7209149
"New Milford, N.J.",40.9350986,-74.0190281
"Belleville, Ill.",38.5135805,-89.9841627
"Stuart, Fla.",27.197983,-80.2519175
"Livingston, N.J.",40.7959335,-74.3148713
"Purchase, N.Y.",41.0405953,-73.7144803
"Cape Coral, Fla.",26.5625742,-81.9438802
"Blackwood, N.J.",39.799232,-75.0641699
"Puebla, Mexico",18.833333,-98.0
"Fitchburg, Mass.",42.5838984,-71.8038268
"Roxbury, Mass.",42.3289067,-71.0850853
"Ponte Vedra Beach, Fla.",30.2396865,-81.3856384
"Lakeland, Fla.",28.0394654,-81.9498042
"Chatsworth, Calif.",34.2572499,-118.6017022
"Bridgeport, Conn.",41.1792695,-73.1887863
"Blythewood, S.C.",34.2143159,-80.973977
"Arlington, Texas",32.7355816,-97.1071186
"Cookeville, Tenn.",36.1623886,-85.4997057
"Bellmore, N.Y.",40.653886,-73.5288194
"Bellingham, Wash.",48.7544012,-122.478836
"Lauderhill, Fla.",26.1403635,-80.2133808
"Glen Rock, N.J.",40.9628758,-74.1329208
"Medina, Ohio",41.1000764,-81.9382517
"Bonn, Germany",50.7352621,7.1024635
"Milford, Mass.",42.1428913,-71.5164618
"Steubenville, Ohio",40.3600714,-80.6151034
"Topsfield, Mass.",42.6390841,-70.9507469
"DeWitt, Mich.",42.8424784,-84.5697965
"Chesapeake Beach, Md.",38.6941057,-76.533788
"Graham, N.C.",35.359542,-83.8337785
"Middlefield, Conn.",41.5165161,-72.7120793
"Highlands Ranch, Colo.",39.538565,-104.9725904
"Santa Cruz, Calif.",37.050096,-121.99059
"Coppell, Texas",32.9552598,-97.0155703
"Clarks Summit, Pa.",41.4941161,-75.703413
"Shaker Heights, Ohio",41.4739419,-81.5370671
"Carol Stream, Ill.",41.9125286,-88.1347927
"Duncan, S.C.",34.9378962,-82.1451096
"Rockingham, N.C.",36.3926798,-79.744144
"Colonial Beach, Va.",38.2512549,-76.9628158
"Boise, Idaho",43.6166163,-116.200886
"Montgomery, N.Y.",42.8941269,-74.4099745
"Angier, N.C.",35.5071045,-78.7391813
"Allen, Texas",33.1031744,-96.6705503
"Tyrone, Pa.",40.6705508,-78.2383479
"Kenilworth, Ill.",42.0894728,-87.7149295
"Weston, Mo.",39.4143273,-94.9006328
"Mansfield, Mass.",42.0334326,-71.2189405
"Troutville, Va.",37.4181901,-79.8747687
"Brentwood, Tenn.",36.0325687,-86.7825235
"Moundsville, W.Va.",39.920425,-80.7432124
"Lemont, Ill.",41.6737149,-88.0016263
"Williamston, Mich.",42.689151,-84.2832798
"Bryan, Texas",30.6743643,-96.3699632
"Tempe, Ariz.",33.4255117,-111.940016
"Plainfield, Ill.",41.6086711,-88.2054345
"Fulton, Md.",39.1509408,-76.9230307
"Lithia, Fla.",27.8662898,-82.2305513
"LaCygne, Kan.",38.3528938,-94.7618282
"East Providence, R.I.",41.8194081,-71.376257
"Rollinsford, N.H.",43.236199,-70.820618
"Bel Air, Md.",39.5797515,-78.8531894
"Aspen, Colo.",39.1911128,-106.82356
"Cambridge, Ont.",43.3600536,-80.3123023
"Eau Claire, Wisc.",44.811349,-91.4984941
"Warren, Ohio",39.4203978,-84.180897
"Conrad, Mont.",48.170251,-111.943019
"Eugene, Ore.",44.0505054,-123.0950506
"Florence, S.C.",34.1984435,-79.7671658
"Mandeville, La.",30.3582305,-90.0657477
"Southlake, Texas",32.9412363,-97.1341783
"Severna Park, Md.",39.0826193,-76.5719676
"Norridge, Ill.",41.9633641,-87.827284
"Corby, England",52.4877341,-0.7032713
"Incline Village, Nev.",39.2548035,-119.9537984
"Hudson, Ohio",41.240056,-81.440667
"West Windsor, N.J.",40.2971798,-74.6206496
"Mason, Ohio",39.3600586,-84.309939
"Loucust Valley, N.Y.",40.8775225,-73.5723052
"Raynham, Mass.",41.9487118,-71.0731008
"Enfield, Conn.",41.9767721,-72.5917113
"Brela, Croatia",43.3684379,16.9321158
"West Lake Hills, Texas",30.2877039,-97.8068157
"Sammamish, Wa.",47.6017554,-122.0416844
"Rochester, Minn.",44.0234387,-92.4630182
"Spring Lake, NJ",40.1535132,-74.0293941
"Houston, TX",29.7589382,-95.3676974
"North Riverside, IL",41.84686,-87.8152024
"Mahwah, NJ",41.0887072,-74.1437552
"Dubuque, IA",42.5006243,-90.6647985
"Encinitas, CA",33.0431846,-117.2849848
"Bountiful, UT",40.8894611,-111.8804817
"Sykesville, MD",39.365992,-76.9688737
"Upper Marlboro, MD",38.8162451,-76.751708
"Lowell, Mass.",42.6414437,-71.3085329
"North Salt Lake, UT",40.8485564,-111.906882
"Burke, VA",38.7812445,-77.2688875
"Cooper City, FL",26.057783,-80.2695109
"North Providence, RI",41.8500997,-71.4661703
"Beltsville, Md.",39.0397735,-76.9271851
"Wichita, Kan.",37.6922361,-97.3375448
"Slidell, La.",30.2751945,-89.7811745
"St. Thomas, Ont.",42.779022,-81.1929882
"Burlington, Ont.",43.3248924,-79.7966835
"Glenn Dale, Md.",38.9835145,-76.7979971
"Derry, N.H.",42.8808677,-71.3264492
"Cicero, N.Y.",43.1756248,-76.1197209
"Markham, Ont.",43.8563707,-79.3376825
"Conakry, Guinea",9.5170602,-13.6998434
"New Britain, Conn.",41.6612104,-72.7795419
"Atascocita, Texas",29.9990074,-95.1620137
"Wyckoff, N.J.",41.0095417,-74.1729222
"Seattle, WA",47.6038321,-122.330062
"Stoughton, Mass.",42.1252079,-71.1022015
"Edo, Nigeria",6.6076575,5.9722713
"Cochrane, Alberta",51.1874627,-114.4710708
"Ham Lake, Minn.",45.2502429,-93.2499508
"East Harwich, Mass.",41.7004462,-70.0316427
"Dieppe, New Brunswick",46.0966797,-64.7357347
"New Brighton, Minn.",45.0628999,-93.2060969
"Skokie, Ill.",42.0262972,-87.7521069
"Jackson, Mich.",42.2416466,-84.425589
"Victoria, Minn.",44.8585738,-93.6616266
"North Vancouver, British Columbia",49.3206294,-123.0737925
"Enfield, Nova Scotia",44.9302051,-63.5187837
"Scarborough, Maine",43.5899737,-70.3346065
"East Haven, Conn.",41.2762081,-72.8684337
"Studio City, Calif.",34.1483989,-118.3961877
"Niles, Ill.",42.0289319,-87.8122348
"North Bay, Ontario",46.3092115,-79.4607617
"Beaconsfield, Quebec",45.4289766,-73.8654387
"Livonia, Mich.",42.36837,-83.3527097
"Faribault, Minn.",43.6647961,-93.9510501
"Hermosa Beach, Calif.",33.8637822,-118.3992143
"Ogdensburg, N.Y.",44.6975256,-75.4924943
"Kenai, Alaska",60.5544444,-151.258333
"Barton, Nova Scotia",44.5367603,-65.8738606
"Cortland, N.Y.",42.5842136,-76.0704906
"Pelham, N.Y.",40.9098215,-73.8079111
"Thornhill, Ont.",43.8161477,-79.4245925
"St. Jerome, Qué.",45.7780402,-74.0033272
"Moose Jaw, Sask.",50.3967209,-105.535666
"Lake Country, B.C.",50.0302364,-119.402331
"Mississauga, Ont.",43.5884727,-79.643658
"Sherbrooke, Qué.",45.403271,-71.889038
"Bloomington, Minn.",44.8322405,-93.3204872
"Schomberg, Ont.",44.001387,-79.682541
"Brentwood, N.H.",42.9786981,-71.0728369
"Glencoe, Ill.",42.1350268,-87.7581188
"Bedford, Mass.",42.4917301,-71.2817947
"Woodbridge, Ont.",43.7848982,-79.5923855
"Ottawa, Ont.",45.4208777,-75.6901106
"Mississauga, Ontario, Canada",43.5884727,-79.643658
"Brooklin, Ontario, Canada",43.9587134,-78.9600543
"St. Albert, Alberta, Canada",53.633239,-113.628845
"Pickering, Ontario, Canada",43.835765,-79.090576
"Dunakeszi, Hungary",47.6316697,19.1294055
"Rowayton, Conn.",41.0777255,-73.4442745
"New Delhi, India",28.6138954,77.2090057
"Sunnyvale, Calif.",37.3688301,-122.036349
"Bangkok, Thailand",13.7524938,100.4935089
"Ancaster, Ontario, Canada",43.225693,-79.976692
"Ringoes, N.J.",40.4324345,-74.8764938
"Solon, Ohio",41.3897764,-81.4412259
"Warren, N.J.",40.8602222,-74.9720493
"Green Brook, N.J.",40.636698,-74.4148437
"Castaic, Calif.",34.478169,-118.6361914
"Windermere, Fla.",28.4944695,-81.5345547
"Demarest, N.J.",40.9573205,-73.9634708
"Vancouver, Canada",49.2608724,-123.113952
"Auburn, Ala.",32.6098566,-85.4807825
"Harbin, China",45.7593633,126.6276177
"Norman, Okla.",35.2225717,-97.4394816
"Coconut Grove, Fla.",25.7126013,-80.2569947
"Mequon, Wis.",43.2219088,-87.9822969
"Glendale, Calif.",34.1469416,-118.2478471
"Foster City, Calif.",37.5600336,-122.2688522
"Tenafly, N.J.",40.9253766,-73.9629154
"Rowland Heights, Calif.",33.9734043,-117.8941305
"Gujarat, India",22.3850051,71.745261
"Lauderdale Lakes, Fla.",26.1667184,-80.2085565
"Hyderabad, India",17.360589,78.4740613
"McKinney, Texas",33.1976496,-96.6154471
"North Palm Beach, Fla.",26.8237944,-80.0559266
"Monte Estoril, Portugal",38.7036127,-9.4063438
"La Mesa, Calif.",32.7678288,-117.0230839
"Copenhagen, Denmark",55.6867243,12.5700724
"Casablanca, Morocco",33.5945144,-7.6200284
"San Diego, Calif",32.7157062,-117.1638284
"Saratoga, Calif.",37.2638324,-122.0230146
"Cologne, Germany",50.938361,6.959974
"Accokeek, Md.",38.6622843,-76.9910333
"Hackettstown, N.J.",40.8538589,-74.8292553
"Bannockburn, Ill.",42.1933581,-87.8664579
"Manassas, Va.",38.7509488,-77.4752667
"West Monroe, La.",32.5184775,-92.1476353
"Mt. City, Texas",43.1232954,-77.6190429
"Erie, Pa.",42.1294712,-80.0852695
"Manasquan, N.J.",40.126226,-74.049304
"Rexford, N.Y.",42.8526845,-73.8887417
"Grinnell, Iowa",41.7430237,-92.7239637
"Buford, Ga.",34.1206564,-84.0043513
"Pickerington, Ohio",39.8842304,-82.7535049
"Valencia, Spain",39.4697065,-0.3763353
"North Curl Curl, Australia",-33.7630002,151.2904773
"West Haverstraw, N.Y.",41.2098301,-73.9857513
"Vigo, Spain",42.1986395,-8.727956
"Ipswich, England",52.0579324,1.1528095
"Barcelona, Spain",41.3825802,2.177073
"Scranton, Pa.",41.4086874,-75.6621294
"Hewlett, N.Y.",40.641438,-73.6929671
"Fairless Hills, Pa.",40.178142,-74.8564446
"Almería, Spain",36.8685739,-2.3120282
"Tallinn, Estonia",59.437242,24.7572693
"Idaho Falls, Idaho",43.4887907,-112.03628
"Kozani, Greece",40.3007259,21.7883119
"Springfield, Mass.",42.1018764,-72.5886727
"Dresher, Penn.",40.1409428,-75.1668414
"Freeport, Maine",43.8573292,-70.1028336
"Walnut Creek, Calif.",37.9020731,-122.0618702
"San Francisco / Oakland, Calif.",37.7879363,-122.4075201
"Amherst, N.Y.",42.9783924,-78.7997616
"Philadelphia, Penn.",39.9594991,-75.1812688
"Nyack, N.Y.",41.091121,-73.9196794
"Gwynedd, Pa.",40.2017745,-75.2551759
"Reston, Va.",38.953282,-77.3464516
"Colorado Springs, CO",38.8339578,-104.825348
"Glen Cove, N.Y.",40.8642028,-73.6317807
"Cape Elizabeth, Maine",43.5964405,-70.2284765
"Bruges, Belgium",51.2085526,3.226772
"Hampden, Mass.",42.1285315,-72.6063441
"Scarsdale, N.Y",40.9885221,-73.8085608
"Lyme, N.H.",43.8103534,-72.1551022
"Belle Mead, N.J.",40.4667713,-74.6607144
"Middletown, Del.",39.4497639,-75.7166345
"Bedford Corners, N.Y.",42.05451,-78.3114042
"Colombo, Sri Lanka",6.9388614,79.8542005
"Clyde Hill, Wash.",47.631569,-122.2181054
"Lincolnshire, Ill.",42.1900249,-87.9084039
"Richboro, Pa.",40.229682,-74.9994889
"Rosedale, N.Y.",40.6620479,-73.7354097
"Cos Cob, Conn.",41.0510193,-73.5919491
"Mukilteo, Wash.",47.9474034,-122.3036992
"Federal Way, Wash.",47.313494,-122.33931
"Mountain View, Calif.",37.3893889,-122.0832101
"Mt. Pleasant, Mich.",43.597646,-84.7668495
"Brampton, Ontario, Canada",43.685832,-79.7599366
"South Chittenden, Vt.",44.4534341,-73.1631714
"Lima, Peru",-12.0459808,-77.0305912
"Whitefish Bay, Wisconsin",43.1185591,-87.906804
"New Albany, Ohio",40.0811745,-82.8087864
"Southborough, Mass.",42.3056501,-71.5245087
"London, United Kingdom",51.5074456,-0.1277653
"Sherman, Conn.",41.5792607,-73.4956795
"Boxford, Mass.",42.6605844,-70.9971204
"Omaha, Neb.",41.2587459,-95.9383758
"East Greenbush, N.Y.",42.5909135,-73.7017858
"Geneva, Switzerland",46.2017559,6.1466014
"Seattle, WA.",47.6038321,-122.330062
"Wilmette, IL.",42.076066,-87.7115555
"Scarsdale, NY.",40.9885221,-73.8085608
"McLean, VA.",38.9366852,-77.185843
"Buenos Aires, Argentina",-34.6095579,-58.3887904
"Long Beach, CA.",33.7690164,-118.191604
"La Jolla, CA.",32.8458529,-117.2575702
"Tappan, N.Y.",41.0248325,-73.9504523
"Co. Cork, Ire.",51.9360369,-9.1456256
"Bohemia, N.Y.",40.770609,-73.1200703
"Yorktown Heights, N.Y.",41.2701781,-73.7753539
"Tolland, Conn.",41.8700166,-72.3677153
"Pforzheim, Germany",48.890934,8.7025509
"Wayne, N.J.",40.9491723,-74.2376802
"Melbourne, Aus.",-37.8142454,144.9631732
"Landing, N.J.",40.9088675,-74.6571746
"Tel Aviv, Israel",32.0852997,34.7818064
"Dublin, Ohio",40.0996009,-83.1135563
"North Vancouver, B.C.",49.3206294,-123.0737925
"Washington, Conn.",41.6305636,-73.311271
"Windsor, Ont.",42.2858536,-82.9780695
"Tyler, Texas",32.3512601,-95.3010624
"Reding, Berkshire, U.K.",51.4564242,-0.9700664
"Carnes Hill, Aus.",-33.9378294,150.8504602
"Kenmore, Wash.",47.7596715,-122.2496367
"Maroubra, Aus.",-33.9453441,151.2456824
"Lake Worth, Fla.",26.615891,-80.0691435
"Havertown, Pa.",39.9809452,-75.3085201
"Hoboken, N.J.",40.7433066,-74.0323752
"Paramus, N.J.",40.9452911,-74.0735899
"Portola Valley, Calif.",37.3736298,-122.219047
"Lyndhurst, N.J.",40.8122927,-74.1247255
"Herzliya, Israel",32.1656255,34.8469023
"Mill Creek, Wash.",47.8577455,-122.2210628
"Markham, Ontario, Canada",43.8563707,-79.3376825
"Castle Pines, Colo.",39.4702853,-104.8804384
"Rio de Janeiro, Brazil",-22.9110137,-43.2093727
"White Plains, N.Y.",41.0339862,-73.7629097
"Old Tappan, N.J.",41.0106971,-73.9911073
"Melville, N.Y.",40.7835914,-73.4075575
"Mount Wolf, Pa.",40.0628918,-76.7042458
"Yarrow Point, Wash.",47.64621,-122.2173461
"Gilroy, Calif.",37.0065078,-121.5631723
"Lier, Norway",59.8453135,10.2115525
"Holmdel, N.J.",40.3451095,-74.1840322
"Famagusta, Cyprus",35.1205261,33.9387919
"Somerset, N.J.",40.5675084,-74.6189556
"Stillwater, Minn.",45.0559126,-92.807572
"La Canada, Calif.",33.7301661,-117.7638553
"Westmount, Quebec",45.4856917,-73.596562
"Richmond, B.C.",49.163168,-123.137414
"Kanata, Ontario, Canada",45.3659205,-75.9654674
"Monterey, Calif.",36.2231079,-121.387742
"Plandome Manor, N.Y.",40.8162117,-73.6973525
"Portland, Oregon",45.5202471,-122.674194
"Sorrento, Fla.",28.8074435,-81.5638095
"Somers, N.Y.",41.3280884,-73.685745
"La Habra Heights, Calif.",33.9604546,-117.9504255
"Milpitas, Calif.",37.4332273,-121.8989248
"Mesa, Ariz.",33.4151005,-111.831455
"Brick, N.J.",40.0707244,-74.1280562
"Rocklin, Calf.",38.7907339,-121.2357828
"Tallmadge, Ohio",41.1014616,-81.4417989
"Haddon Township, N.J.",39.8976132,-75.0960074
"Montebello, N.Y.",41.1359287,-74.118477
"Chelmsford, England",51.7345329,0.4730532
"Ontario, Can.",-43.5201739,172.6865423
"Howard Beach, N.Y.",40.6610254,-73.8295605
"Stony Book, N.Y.",40.908482,-73.1325471
"Berlin, Wis.",43.9684264,-88.9466233
"Avon-by-the-Sea, N.J.",40.1923357,-74.0159703
"Randolph, N.J.",40.844265,-74.5857218
"Saugus, Calif.",34.4493489,-118.5168257
"Freehold Township, N.J.",40.2161336,-74.283856
"Plum, Pa.",40.5003457,-79.7494911
"East Aurora, N.Y.",42.7689141,-78.6177611
"High Bridge, N.J.",40.6670454,-74.8957231
"Herndon, Va.",38.9695316,-77.3859479
"Naugatuck, Conn.",41.4907561,-73.0556562
"Gilbert, Ariz.",33.3527632,-111.789037
"Jenkintown, Pa.",40.0959539,-75.125651
"Janesville, Wis.",42.6829765,-89.0226793
"Cronton-On-Hudson, N.Y.",41.2088215,-73.8905175
"Granville, Ohio",40.0681192,-82.5196037
"Davenport, Iowa",41.5224692,-90.5756401
"Riveria Beach, Fla.",26.784343,-80.0650293
"Rancho Cucamonga, Calif.",34.1033192,-117.575173
"Smithtown, N.Y.",40.8559314,-73.2006687
"Cresskill, N.J.",40.9414874,-73.9593041
"Manlius, N.Y.",43.0020107,-75.9768632
"Tyngsboro, Mass.",42.6658853,-71.4101576
"Seattle, Washington",47.6038321,-122.330062
"Burnt Hills, N.Y.",42.9098254,-73.8950245
"Eastport, N.Y.",40.8448455,-72.7318065
"Spotswood, N.J.",40.391774,-74.3984834
"Chatham Township, N.J.",40.730124,-74.4251115
"Carrollton, Texas",32.9515472,-96.9034244
"Camden, Del.",39.1134251,-75.541923
"Waldwick, N.J.",41.0109281,-74.1182019
"Jeddah, Saudi Arabia",21.5504432,39.1742363
"Exeter, N.H.",42.981477,-70.9478343
"Centereach, N.Y.",40.867749,-73.0839793
"Clifton Heights, Pa.",39.9292791,-75.2962972
"George Town, Grand Cayman",19.2832107,-81.3497767
"Kifisia, Greece",38.0736082,23.8082244
"Denton, Texas",33.1838787,-97.1413417
"Canton, Mich.",42.7269261,-84.6433146
"East Northport, N.Y.",40.880938,-73.319453
"Murray, Ky.",36.6106122,-88.3021092
"Wading River, N.Y.",40.9446394,-72.8246139
"McDonough, Ga.",33.4473361,-84.1468616
"Tabernacle, N.J.",38.9840016,-74.9051719
"Toledo, Ohio",41.6529143,-83.5378173
"Bristol, R.I.",41.6770463,-71.2661597
"Seville, O.H.",29.8773754,-95.2812736
"Los Alamitos, Calif.",33.8038865,-118.0772433
"Kill Devil Hills, N.C.",36.0321186,-75.6776147
"Burbank, Calif.",34.1812089,-118.307201
"Unionville, Conn.",41.7579417,-72.886927
"Peoria, Ill.",40.6938609,-89.5891008
"Lompoc, Calif.",34.6391501,-120.4579009
"Springfield, N.J.",40.7109107,-74.3099398
"Mechanicville, N.Y.",42.9028547,-73.6873405
"Rancho Sante Fe, Calif.",33.0242314,-117.1979781
"Dearborn, Mich.",42.3222599,-83.1763145
"Palos Versed Estates, Calif.",33.7872386,-118.401813
"Elmont, N.Y.",40.7053335,-73.7078294
"Reisterstown, M.D.",39.4695489,-76.8294213
"Steamboat Springs, Colo.",40.4848003,-106.831735
"Aiea, Hawaii",21.3822222,-157.9336111
"Nairobi, Kenya",-1.2890006,36.8172812
"Strongsville, Ohio",41.3144733,-81.83511
"St. Joseph, Trinidad and Tobago",10.6555564,-61.4139447
"Ballston Lake, N.Y.",42.9343617,-73.8596218
"Plainsboro, N.J.",40.3334409,-74.6004341
"Fairfield, Calif.",38.2493581,-122.039966
"Westhampton Beach, N.Y.",40.8101459,-72.6413756
"Haworth, N.J.",40.9609315,-73.9901383
"Redondo Beach, Calif.",33.8398289,-118.3845942
St. Lucia,13.8250489,-60.975036
"Rochelle Park, N.J.",40.9092993,-74.0733086
"Danbury, Conn.",41.394817,-73.4540111
"Garland, Texas",32.912624,-96.6388833
"Scappoose, Ore.",45.7572997,-122.8743589
"Prospect Heights, Ill.",42.0953049,-87.9375694
"Wyomissing, Pa.",40.329537,-75.9652117
"Albany, N.Y.",42.6511674,-73.754968
"Coal Township, Pa.",40.791824,-76.5936151
"Darby, Pa.",39.9184439,-75.2590258
"Clarksville, Md.",39.2065447,-76.9429182
"Clifton, N.J.",40.8584328,-74.1637553
"Cave Creek, Ariz.",33.8333333,-111.950833
"Lindenhurst, Ill.",42.4105765,-88.0261911
"Martinsville, N.J.",40.6012136,-74.5590452
"Austell, Ga.",33.8126059,-84.6343783
"O'Fallon, Ill.",38.5922715,-89.9112124
"Teaneck, N.J.",40.8860164,-74.0072568
"Pinckney, Mich.",42.4567013,-83.9463359
"Richfield, Minn.",44.8766431,-93.2877877
"St. Catharines, Ontario, Canada",43.1579812,-79.2441003
"South Riding, Va.",38.9125645,-77.5109911
"Bayonne, N.J.",40.6687141,-74.1143091
"Clovis, Calif.",36.8252277,-119.7029194
"Keyport, N.J.",40.4331631,-74.1995883
"Kansas City, Mo.",39.100105,-94.5781416
"Yukon, Okla.",35.5067259,-97.7625386
"Holmdell, N.J.",40.3451095,-74.1840322
"Woodside, Del.",39.0715017,-75.5682584
"Chula Vista, Calif.",32.6400541,-117.084195
"Lighthouse Point, Fla.",26.275636,-80.0872654
"Clayton, N.C.",35.650711,-78.4563914
"Henrico, Va.",37.5131191,-77.3465081
"Haddonfield, N.J.",39.8915022,-75.0376707
"Pocatello, Id.",42.8620287,-112.450627
"Hawthorne, Calif.",33.9128272,-118.3426122
"Catonsville, Md.",39.2609922,-76.7455478
"West Hills, Calif.",34.2032325,-118.645476
"Metuchen, N.J.",40.5431598,-74.3632049
"Albrightsville, Pa.",41.0164681,-75.613172
"Laurel, Md.",39.0984317,-76.8485094
"Fort Washington, Pa.",40.1478532,-75.1897243
"Cumming, Ga.",34.2073196,-84.1401926
Czech Republic,49.7439047,15.3381061
"Vineyard Haven, Mass.",41.4542914,-70.6038026
"Cliffside Park, N.J.",40.8214894,-73.9876388
"Nine Mile Falls, Wash.",47.7767798,-117.5466863
"Kailua, Hawaii",19.641941,-155.996933
"Flossmoor, Ill.",41.5428123,-87.6847684
"Harpers Ferry, W.Va.",39.323418,-77.7319766
"Tustin, Calif.",33.7458511,-117.826166
"Middleton, N.Y.",40.7022116,-73.9523029
"Frankfort, Ky.",38.2009055,-84.8732836
"Munster, Ind.",41.5644798,-87.5125412
"Wauconda, Ill.",42.2589122,-88.1392474
"Skillman, N.J.",40.4234145,-74.7077882
"Bend, Ore.",44.0581728,-121.3153096
"Brussels, Belgium",50.8467372,4.352493
"Ridgefield, N.J.",40.8342669,-74.0087505
"Mechanicsville, Va.",37.627722,-77.3538176
"Lambertville, N.J.",40.3656188,-74.9454055
"Corpus Christi, Texas",27.7635302,-97.4033191
"Interlaken, N.J.",40.2334459,-74.015693
"Danville, Pa.",40.9664806,-76.6131474
"Waldorf, Md.",38.6023935,-76.9274072
"Little Rock, Iowa",43.4439816,-95.8831826
"Wilmington, N.C.",34.2352853,-77.9487284
"Trenton, N.J.",40.2203074,-74.7659
"Clatskanie, Ore.",46.1036879,-123.2048168
"San Juan Capistrano, Calif.",33.5016932,-117.6625509
"Lincoln, Calif.",38.8915741,-121.29318
"Niceville, Fla.",30.5168639,-86.482172
"Stellenbosch, South Africa",-33.934444,18.869167
"Shutesbury, Mass.",42.4521519,-72.409797
"Casper, Wyo.",42.8501191,-106.325138
"Jim Thorpe, Pa.",40.8636074,-75.7386948
"Newburgh, N.Y.",41.5000767,-74.0098299
"Sydney, New South Wales, Australia",-33.8698439,151.2082848
"Lansing, N.Y.",42.4851384,-76.4856208
"Bucks County, Pa.",40.3451668,-75.1263909
"Overland Park, Kan.",38.9742502,-94.6851702
"Snoqualmie, Wash.",47.5289527,-121.827093
"Narbeth, Pa.",40.00726,-75.2624168
"Norwich, Conn.",41.5243631,-72.0759134
"Kelseyville, Calif.",38.966921,-122.8354355
"Kings Mountain, N.C.",35.2450607,-81.3410516
"Radnor, Pa.",40.0448619,-75.3594728
"Kinsale, Va.",38.0295744,-76.580789
"New Westminster, Canada",49.2067726,-122.9108818
"Liverpool, N.Y.",43.106456,-76.217705
"Arnold, Md.",39.0422935,-76.504059
"Concord, N.H.",43.207178,-71.537476
"Ardsley, N.Y.",41.0114017,-73.8466414
"Webster, N.Y.",43.212285,-77.429994
"Maplewood, N.J.",40.7312123,-74.2734808
"Falls Church, Va.",38.882334,-77.1710914
"Sparta, N.J.",41.0401567,-74.6310081
"Newtown Square, Penn.",39.9868117,-75.4007633
"Middle Island, N.Y.",40.879243,-72.9401357
"Tewksbury, N.J.",40.68446,-74.77873
"Park City, Utah",40.6460921,-111.4979963
"Denver, Col.",40.625321,-80.5922397
"Ross, Calif.",37.9624239,-122.554977
"Hillsdale, N.J.",41.0025975,-74.0404175
"Cairo, Egypt",30.0443879,31.2357257
"Alexandria, Egypt",31.1991806,29.8951716
"Devon, Pa.",40.0473603,-75.4229511
"West Bengal, India",22.9964948,87.6855882
"Kolkata, India",22.5726459,88.3638953
"Salem, India",11.6469616,78.2106958
"Pretoria, South Africa",-25.7459277,28.1879101
"Seongnam, South Korea",37.4201556,127.1262092
"Richmond Hill, Ontario, Canada",43.8801166,-79.4392925
"Newton Square, Pa.",40.5418369,-80.2057483
"R.K. Puram, New Delhi, India",28.5579605,77.1832312
"Carlisle, U.K.",29.2667398,88.8788725
"Vancouver, British Columbia, Canada",49.2608724,-123.113952
"New Haven, Conn.",41.3082138,-72.9250518
"Brighton, England",50.8214626,-0.1400561
"La Rochelle, France",46.159732,-1.1515951
"Oakville, Ontario, Canada",43.447436,-79.666672
"Brno, Czech Republic",49.1922443,16.6113382
"Brywn Mawr, Pa.",40.0238245,-75.3173407
"Parma Heights, Ohio",41.3914132,-81.7598257
"Freemont, Calif.",33.9982277,-117.0260667
"Orangeburg, N.Y.",41.0514735,-73.9343136
"Canton, Michigan",42.7269261,-84.6433146
"Manchester, Mo.",38.5925305,-90.5107453
"Sudbury, Mass",42.3834278,-71.4161725
"Northport, N.Y.",40.9009595,-73.343167
"South Orange, N.J.",40.7474966,-74.2635376
"Orchard Park, N.Y.",42.7670376,-78.7435517
"River Forest, Ill.",41.8978091,-87.8139483
"Vancouver, BC",49.2608724,-123.113952
"Coconut Creek, Fla.",26.2517482,-80.1789351
"Golden Valley, Minn.",44.9861176,-93.3784618
"Suffield, Conn.",41.9816944,-72.6506604
"College Station, Texas",30.6183939,-96.3455991
"Spring Valley, N.Y.",41.1130231,-74.0437839
"Dunbarton, N.H.",43.102988,-71.617126
"Makawao, Hawaii",20.8510965,-156.3237171
"Bothell, Wash.",47.7623204,-122.2054035
"Annandale, N.J.",40.6475975,-74.8862631
"Kingston, Jamaica",17.9712148,-76.7928128
"Park Ridge, N.J.",41.035965,-74.0415551
"Santa Clarita, Calif.",34.4127963,-118.5538088
"Fresno, Calif.",36.7394421,-119.78483
"Phoeniz, Ariz.",33.4484367,-112.074141
"Redwood City, Calif.",37.4863239,-122.232523
"Stafford, Va.",38.4167265,-77.4579783
"Mount Vernon, Ind.",37.9318018,-87.8947848
"Briarcliff, N.Y.",41.1456512,-73.8237456
"Longmeadow, Mass.",42.0504498,-72.5824639
"River Forrest, Ill.",40.7524368,-88.4215878
"Papillion, Neb.",41.1544433,-96.0422378
"Tasmania, Australia",-42.035067,146.6366887
"Plymouth Meeting, Pa.",40.102332,-75.2743467
Malta,35.9311442,14.3951627
"New Dehli, India",28.6138954,77.2090057
"Fairfield, Connecticut",41.1412078,-73.2637258
"Berwyn, PA",40.0477701,-75.4421325
"Pune, India",18.5213738,73.8545071
"Belfast, Northern Ireland",54.596391,-5.9301829
"Chandigarh, India",30.7334421,76.7797143
"Salem, Tamil Nadu, India",11.6469616,78.2106958
"Jaipur, Rajasthan, India",26.9154576,75.8189817
"Calarasi, Romania",44.1961646,27.3313233
"Leyland, Lancashire, UK",53.6904813,-2.6991336
"Ferndale, Wash.",48.8466698,-122.589723
"San Jose, Calif",37.3361663,-121.890591
"Visalia, Calif.",36.3302284,-119.292058
"Russellville, Ky.",36.8453199,-86.887219
"Waxahachie, Texas",32.3944908,-96.8439365
North Tustin,33.7633471,-117.7973921
"Thessaloniki, Greece",40.6403167,22.9352716
"Littlerock, Calif.",34.5213675,-117.9873936
"Hawthorn Woods, Ill.",42.2169686,-88.0495211
"Apex, N.C.",35.7325352,-78.8505516
"Ozark, Mo.",36.6467816,-92.4575198
"Trabuco Canyon, Calif.",33.6626232,-117.58938
"Guaynabo, Puerto Rico",18.3591596,-66.1156802
"Stafford, Conn.",41.9851964,-72.2895812
"Santa Ana, Calif.",33.7494951,-117.873221
"Seaford, N.Y.",40.668086,-73.4915091
"Antioch, Calif.",38.0093296,-121.8106925
"Keller, Texas",32.9299655,-97.2271249
"Peabody, Mass.",42.5258965,-70.9272446
"Edmond, Okla.",35.6571367,-97.4649038
"Mechanicsburg, Pa.",40.2101972,-77.0047276
"Indian Springs, Ala.",31.3296152,-85.8191043
"Eagan, Minn.",44.818173,-93.1659179
"Cardiff By The Sea, Calif.",33.0225028,-117.2799629
"La Crescenta, Calif.",34.230429,-118.2350733
"Valrico, Fla.",27.9378338,-82.2327525
"Mullica Hill, N.J.",39.728986,-75.2187865
"Maitland, Fla.",28.6275253,-81.3656419
"St. Mary's, Pa.",40.8046943,-76.4719848
"Hopewell Township, N.J.",40.3435303,-74.8166318
"San Luis Obispo, Calif.",35.3540209,-120.375716
"White Bear Lake, Minn.",45.0838098,-93.0069304
"Fargo, N.D.",46.877229,-96.789821
"Moorpark, Calif.",34.285558,-118.8820414
"Renton, Wash.",47.4799078,-122.2034496
"Aliso Viejo, Calif.",33.5761376,-117.7258122
"Shelton, Conn.",41.3164856,-73.0931641
"Edwardsville, Ill.",38.8114364,-89.953157
"Millburn, N.J.",40.7244443,-74.3069069
"McMurray, Pa.",40.2791485,-80.088632
"Orange, Conn.",41.2784304,-73.0256609
"Saint John, Ind.",38.0792104,-87.4500133
"Barrington, Ill.",42.1539141,-88.1361888
"Fort Smith, Ark.",35.3880338,-94.4265011
"Orange, Texas",30.1228634,-93.9041169
"Clemmons, N.C.",36.0215258,-80.3819984
"Northern Beaches, New South Wales",-33.6978586,151.2438809
"Trophy Club, Texas",32.9979014,-97.1836246
"San Marcos, Calif.",33.1352995,-117.1743395
"Woodbine, Md.",39.359942,-77.0620833
"Lynnfield, Mass.",42.5389836,-71.0481084
"Bloomington, Ind.",39.1670396,-86.5342881
"Harrington Park, N.J.",40.9837089,-73.9798601
"Youngsville, N.C.",36.0247769,-78.4767034
"Langhorne, Pa.",40.1761812,-74.9202481
"Hyannis, Mass.",41.6535345,-70.2823287
"Greenville Junction, Mass.",45.4608797,-69.6161662
"Lyme, Conn.",41.394496,-72.3510347
Saint Ignitus,47.3195165,-114.097039
"Rydal, Pa.",40.107492,-75.1106687
"Kent, Wash.",47.3826903,-122.2270272
"Melbourne, Fla.",28.0785034,-80.6077908
"Breadalbane, Australia",-20.4345615,148.60959
"Ramsey, N.J.",41.0573188,-74.1409771
"Guilford, Conn",41.2827593,-72.6816365
"Fronthill, Ontario",43.0446069,-79.284524
"Roslyn Heights, N.Y.",40.7766105,-73.6339769
"Vienna, Va. | Oakton",38.8776013,-77.2722884
New York City,40.7127281,-74.0060152
"Reading, England",51.4564242,-0.9700664
"Needham, Mass",42.2802645,-71.2360624
"Baltimore, Md",39.2908816,-76.610759
"San Marino, Calif",34.1215947,-118.105739
"Fairfield, Conn",41.1412078,-73.2637258
"Little Compton, R.I.",41.5101085,-71.1711648
"Granger, Ind.",41.735251,-86.1062763
"Blauvelt, N.Y.",41.069612,-73.9518441
"Wiltshire, England",51.324162,-1.9032487
"Lake Forest Park, Wash.",47.7567679,-122.2809623
"Point Pleasant, N.J.",40.0831714,-74.0681931
"Stanhope, N.J.",40.9028765,-74.7090517
"Chantilly, Va.",38.885219,-77.4486772
"Velke Popovice, Czech Republic",49.9224718,14.6390582
"Long Beach, Calif",33.7690164,-118.191604
"Pittsburg, Pa",40.9328397,-80.3633981
"Brigantine, N.J.",39.4101171,-74.3645906
"Madison, Connecticut",41.2794282,-72.5983151
"Tiburon, California",37.8775332,-122.460808
"Broomall, Pa.",39.9689505,-75.3528373
"Lower Hutt, New Zealand",-41.2125751,174.9057626
"Oxford, UK",51.7520131,-1.2578499
"Warrenton, VA",38.7135498,-77.795367
"St Louis, MO.",38.6254063,-90.190009
"Danville, CA.",37.8225892,-122.0008254
CA,61.0666922,-107.991707
"Cincinnati, OH",39.1012809,-84.5127405
"Christchurch, N.Z.",-43.4965562,172.607784
"San Carlos, CA.",37.504936,-122.261823
"High Wycombe, U.K.",51.6317449,-0.75596
"Istanbul, Turkiye",41.006381,28.9758715
"York, North Yorkshire, U.K.",53.9590555,-1.0815361
"Flemington, N.J.",40.5130953,-74.8591333
"Ormskirk, Great Britain",53.5673603,-2.8859603
"Saskatoon,Saskatchewan, Canada",52.131802,-106.660767
"Glen Carbon, Ill.",38.7483814,-89.983158
"Point Pleasant Boro, N.J.",40.0782189,-74.0709866
"Decatur, Ga.",30.8736613,-84.5740953
"Elko, Minn.",44.5646862,-93.326889
"Highstown, N.J.",40.269559,-74.5232454
"Mililani, Hawaii",21.4508308,-158.0095783
"Novi, Michigan",42.48059,-83.4754913
"Flanders, N.J.",40.841775,-74.7179824
"Boonton Township, N.J.",40.9314543,-74.4291549
"Dublin, Calif.",37.7021521,-121.9357918
"Lisbon, N.Y.",44.727467,-75.321236
"Charlottenlund, Denmark",55.7552973,12.5671103
"Hangzhou, China",30.2489634,120.2052342
"Clearwater, Fla.",27.9658533,-82.8001026
"Ipswich, Mass./Windermere, Fla.",42.679273,-70.8411583
"Farmingdale, N.Y.",40.7328811,-73.4458564
"Quebec, Canada",52.4760892,-71.8258668
"Seoul, South Korea/Katy, Texas",37.5666791,126.9782914
"Goyang-si, Republic of Korea",37.6581862,126.8319452
"Napa, Calif.",38.4898675,-122.3218414
"Spanish Fort, Ala.",30.6754503,-87.9040269
"Long Beach, Ind.",41.7389287,-86.8569736
"Poulsbo, Wash.",47.7391366,-122.63928
"irvine, Calif.",33.6856969,-117.825981
"Bradford, United Kingdom",53.7944229,-1.7519186
"State Island, N.Y.",42.9647647,-78.9540962
"Ontario, Calif.",34.065846,-117.64843
"Morrison, Colo.",39.6535988,-105.191099
"Mount Pleasant, Texas",33.1570582,-94.9694007
"Sheboygan, Wis.",43.7128967,-87.9370433
"Linwood, N.J.",39.3398404,-74.5751484
"Sofia, Bulgaria",42.6977028,23.3217359
"Auburn, Wash.",47.3075369,-122.2301808
"La Cañada Flintridge, Calif.",34.1998302,-118.2005236
"North Liberty, Iowa",41.7478297,-91.6064397
"Mansfield, Texas",32.563487,-97.1420308
"Liaoning, China",41.2374106,122.9955469
"Quebec, Ontario",43.5461826,-80.2477069
"McMinnville, Ore.",45.2100367,-123.194463
"Sisters, Oregon",44.290948,-121.549251
"Morganville, N.J.",40.3410515,-74.2970515
"Silver Springs, Md.",50.8583695,-3.5915004
"Freeport, N.Y.",40.6576071,-73.5835826
"Bayville, N.J.",39.9092852,-74.1548614
"Amherst, Mass.",42.3731948,-72.5198761
"Camas, Wash.",45.5863014,-122.403277
"Gilbertsville, Pa.",40.3232452,-75.6080969
"Camarillo, Calif.",34.2176371,-119.0383541
"Muskegon, Mich.",43.2341813,-86.2483921
"Newton, Pa.",31.3393262,-85.6050526
"Marlboro, N.J.",39.4850245,-75.3211259
"Jamison, Pa.",40.2548297,-75.0893372
"Colleyville, Texas",32.8809603,-97.155012
"Davie, Fla.",26.0628665,-80.2331038
"Elizabeth, N.J.",40.6639916,-74.2107006
"Little Silver, N.J.",40.3367769,-74.0470837
"Herriman, Utah",40.5139784,-112.0329086
"Rahway, N.J.",40.6081591,-74.2776468
"Colonie, N.Y.",42.7178558,-73.8334554
"Bergenfield, N.J.",40.9275987,-73.9973608
"Red Hook, N.Y.",41.9950884,-73.8755317
"New City, N.Y.",41.1509835,-73.9897782
"Belleair, Fla.",27.9358543,-82.8062139
"Norco, Calif.",33.9323307,-117.5508901
"Loomis, Calif.",38.8212889,-121.193004
"Upper Saddle River, N.J.",41.0585352,-74.0984769
"Rocky Hill, Conn.",41.6648216,-72.6392587
"Westchester, Calif.",33.9597349,-118.400632
"Danvers, Mass.",42.5664984,-70.9362957
"Saddle River, N.J.",41.0317637,-74.1020866
"Peapack, N.J.",40.7087982,-74.6583872
"Berlin, N.J.",39.7912262,-74.9290536
"Salisbury, Md.",38.366027,-75.6009964
"Lower Saucon, Pa.",40.6062107,-75.2823999
"Chadds Ford, Pa.",39.872027,-75.5914213
"Eastern Cape, South Africa",-32.2171831,26.6386401
"Millersville, Md.",39.0595542,-76.6480219
"Mohegan Lake, N.Y.",41.314821,-73.8461971
"Dallas, Pa.",41.33617,-75.9632636
"Aukland, New Zealand",-36.852095,174.7631803
"Lake Bluff, Ill.",42.2789117,-87.8342362
"Streatley on Thames, U.K",51.5219349,-1.1502738
"Middletown, N.J.",40.3898188,-74.1162152
"Hobart, Tasmania, Australia",-42.8825088,147.3281233
"Montville, N.J.",40.9148209,-74.383763
"Wauwatosa, Wis.",43.0494122,-88.0079271
"Medford Lakes, N.J.",39.857984,-74.8128639
"Glenelg, Md.",39.2644382,-76.9899134
"Santiago, Chile",-33.4376995,-70.6510671
"Riva, Md.",38.9445795,-76.5882178
"Amersfoort, The Netherlands",52.1637703,5.4088845
"Zionsville, Pa.",40.4864868,-75.5201841
"Centreville, Va.",38.837613,-77.4347283
"Dexter, Mich.",42.3372998,-83.8842
"St. Bellevue, Wash.",48.1589006,-1.6886464
"Shoreham, N.Y.",40.9573208,-72.9076025
"Chestnut Hill, MA",42.3234553,-71.1639439
"Hereford, U.K.",34.820934,-102.3880091
"Geenland, NH",43.0361995,-70.8328322
"Heidelberg, Germany",49.4093582,8.694724
"Limassol, Cyprus",34.6852901,33.0332657
"Monona, Wis.",43.0622189,-89.3340068
"Santa Fe, N.M.",35.6876096,-105.938456
"Warwick, N.Y.",41.256483,-74.3598755
"Monmouth Junction, N.J.",40.3840222,-74.533084
"Singapore, China",23.3518794,113.5201759
"Forest Hills, N.Y.",40.7214147,-73.8438267
"Lisbon, Portugal",38.7077507,-9.1365919
"Springfield, Ill.",39.7990175,-89.6439575
"New York, New York",40.7127281,-74.0060152
"Novato, Calif.",38.1061979,-122.5681191
"Victoria, British Columbia, Canada",48.4283182,-123.364953
"Boerne, Texas",29.7946641,-98.7319703
"Fairfax, Calif.",37.9872935,-122.587967
"Shelburne, Vt.",44.3784953,-73.228535
"Marin, Calif.",38.0409144,-122.6199638
"Muttontown, N.Y.",40.8239883,-73.5476252
"Miami, Fla",25.7741566,-80.1935973
"Little Rock, Ark.",34.7465071,-92.2896267
"Greenwich, Conn",41.0264862,-73.6284598
"Bradenton, Fla",27.4989278,-82.5748194
"Navy, France",48.8618163,2.2873421
"Corte Madera, Calif.",37.9254806,-122.527475
"Franconia, N.H.",44.2273919,-71.7478468
"Ardmore, PA.",40.004128,-75.2882893
"Los Gatos, C.A.",35.6649889,139.7037458
"Haddon Township, NJ.",39.8976132,-75.0960074
"Montclair, NJ.",40.8164458,-74.2210643
"Warrenton, Va.",38.7135498,-77.795367
"Flourtown, PA.",40.1030852,-75.2042283
"Miami, F.L",40.096565,-84.3518922
"Oxford, U.K.",38.3071348,-121.6207888
"Livermore, Calif.",37.6820583,-121.768053
"Fallston, Md.",39.5348431,-76.4221064
"Lexington, S.C.",33.8986841,-81.275054
"Tulsa, Okla.",36.1563122,-95.9927516
"Hickory, N.C.",35.7333312,-81.3442915
"South Williamsport, Pa.",41.2320232,-76.9991341
"Winson-Salem, N.C.",36.0998131,-80.2440518
"Kingwood, Texas",30.0497077,-95.1846301
"Liberty Township, Ohio",39.400949,-84.4097355
"Doylestown, Pa.",40.3100446,-75.1304588
"Spokane, Wash.",47.6571934,-117.42351
"Park Ridge, Ill.",42.0112329,-87.8406031
"Granada Hills, Calif.",34.2661558,-118.5174342
"Lakeville, Minn.",44.650051,-93.2432791
"Vestavia Hills, Ala.",33.4487989,-86.7879492
"Chesapeake, Va.",36.7168315,-76.2494453
"Canandaigua, N.Y.",42.850682,-77.3191454
"Shoreham, Aus.",-38.4256141,145.0515199
"Eatontown, N.J.",40.2962222,-74.0509725
"Olive Branch, Miss.",34.9617605,-89.8295315
"Paw Paw, Mich.",42.2178171,-85.8911246
"Hortonville, Wis.",44.3350374,-88.639343
"Suitland, Md.",38.8501136,-76.9255846
"Americus, Ga.",32.0723862,-84.2326876
"Cedar Grove, N.J.",40.8517662,-74.229035
"West Palm Beach, Fla.",26.715364,-80.0532942
"Springfield, Pa.",39.9306677,-75.3201879
"Bethlehem, Pa.",-1.45056,-48.4682453
"Vineland, N.J.",39.4862777,-75.0254256
"Diamond Bar, Calif.",34.0286226,-117.8103367
"Elk Grove, Calif.",38.4087993,-121.3716178
"Friendswood, Texas",29.5293998,-95.2010447
"Bowling Green, Ky.",36.9929203,-86.4428677
"Mount Carmel, Pa.",40.7968393,-76.4131097
"Colts Neck, N.J.",40.2876108,-74.1723652
"Birmingham, Ala.",33.5206824,-86.8024326
"Manorville, N.Y.",40.862559,-72.7860928
"North Mankato, Minn.",44.1732916,-94.0338055
"Riverdale, N.J.",40.9939865,-74.3034824
"Whippany, N.J.",40.823275,-74.4138394
"Hodgenville, Ky.",37.5737487,-85.740353
"Germantown, Tenn.",35.0867577,-89.8100858
"Peoria, Ariz.",33.5806115,-112.237294
"Homewood, Ala.",33.4737098,-86.8084509
"Duluth, Ga.",34.0028569,-84.1441046
"Pembroke Pines, Fla.",26.0061943,-80.2872086
"Henderson, Nevada",36.0301388,-114.9815488
"Pontiac, Mich.",42.6389216,-83.2910468
"Farmington Hills, Mich.",42.4853125,-83.3771553
"Holly Springs, N.C.",35.6512655,-78.8336218
"Merritt Island, Fla.",28.2662775,-80.6636984
"Hendersonville, Tenn.",36.3049177,-86.621443
"Chittenango, N.Y.",43.0458574,-75.8692429
"Castro Valley, Calif.",37.713606,-122.0715658
"Quebec City, Quebec, Canada",46.8137431,-71.2084061
"Ashland, Oregon",42.1972487,-122.7153995
"Stafford County, Va.",38.4167265,-77.4579783
"Quakertown, Pa.",40.4417682,-75.3415667
"Morristown, Tenn.",36.2139814,-83.2948923
"Passaic, N.J.",41.0461864,-74.3177933
"Gambrills, Md.",39.0963486,-76.6549097
"Wheaton, Ill.",41.8646959,-88.1101709
"Powder Springs, Ga.",33.8595492,-84.683824
"Findlay, Ohio",41.0413873,-83.6503982
"Windsor, Ontario, Canada",42.2858536,-82.9780695
"New Port Richey, Fla.",28.2441768,-82.7192671
"Broward County, Fla.",26.1598074,-80.4623642
"Wichita, Kansas",37.6922361,-97.3375448
"Burke, Va.",38.7812445,-77.2688875
"Greenville, N.C.",35.613224,-77.3724593
"Reading, Pa.",40.335345,-75.9279495
"Grapevine, Texas",32.9337381,-97.0788754
"Fort Wayne, Ind.",41.0799898,-85.1386015
"Tucson, Ariz.",32.2228765,-110.974847
"Puyallup, Wash.",47.1849009,-122.29214
"Fredonia, N.Y.",42.4400476,-79.3314725
"Eugene, Oregon",44.0505054,-123.0950506
"Millstone, N.J.",40.4992707,-74.5887679
"Montgomery, N.J.",39.4607526,-74.6576009
"Roosevelt, Utah",40.299403,-109.9887605
"Bloomfield, N.J.",40.7934789,-74.1979277
"Los Fresnos, Texas",26.0714502,-97.4770792
"Pfafftown, N.C.",36.1526379,-80.3622753
"Grafton, Wis.",43.3195224,-87.9517842
"Waller, Texas",29.9443902,-95.9955885
"Bloomfield, Mich.",42.5378124,-83.2329863
"El Paso, Texas",31.7601001,-106.4870476
"West Orange, N.J.",40.7987113,-74.2390353
"Moundsville, W. Va.",39.920425,-80.7432124
"Refugio, Texas",28.3171012,-97.2394101
"Wheatley Heights, N.Y.",40.763049,-73.3720181
"Thorndale, Texas",30.6139184,-97.2060895
"Leonardtown, Md.",38.2912431,-76.6357946
"Sanford, N.C.",35.4798757,-79.1802994
"Easton, Mass.",42.0245442,-71.1286594
"Ottawa Hills, Ohio",41.6642169,-83.6432694
"Franklin Lakes, N.J.",41.0167639,-74.2057012
"Agawam, Mass.",42.0688621,-72.6151604
"Live Oak, Fla.",30.2961892,-82.9842885
"Marysville, Ohio",40.2364486,-83.3671432
"Hamburg, Pa.",40.5553081,-75.9824083
"Derby, Conn.",41.3223611,-73.0890324
"Montrose, N.Y.",41.242108,-73.9458713
"Perris, Calif.",33.7818729,-117.2298477
"Wall, N.J.",40.1743052,-74.0902219
"Miami, Florida",25.7741566,-80.1935973
"Storthoaks, Saskatchewan",49.3891919,-101.604221
"Fayetteville, N.C.",35.0525759,-78.878292
"Henderson, Nev.",36.0301388,-114.9815488
"New Orleans, La",29.9574657,-90.0629493
"Kingsland, Ga.",30.7999563,-81.6898261
"Redmond, Ore.",44.2726203,-121.173921
"Marked Tree, Ark.",35.532718,-90.4208919
"Beaumont, Texas",30.0829344,-94.0984277
"Santa Rosa Beach, Fla.",30.3466423,-86.2307992
"Glendora, Calif.",34.1361187,-117.865339
"Hope Town, Bahamas",26.5407116,-76.9594379
"Roanoke, Texas",33.0040126,-97.2258483
"Tahlequah, Okla.",35.91537,-94.969956
"Olathe, Kan.",38.8838856,-94.81887
"Alpine, Utah",40.453253,-111.7779596
"Brookfield, Conn.",41.4824311,-73.4095696
"Valley, Ala.",32.8187406,-85.1793852
"Woodstock, Ga.",34.1014112,-84.5192192
"Barnegat, N.J.",39.7557459,-74.2207395
"Lanesborough, Mass.",42.5190218,-73.2277841
"Cranford, N.J.",40.656539,-74.3035794
"Henan, Zhengzhou, China",34.8007359,113.8165869
"Streetsboro, Ohio",41.239223,-81.345941
"Wycoff, N.J.",40.420172,-74.4087902
"Apple Valley, Minn.",44.7319094,-93.21772
"Auckland, N.Z.",-31.9218756,115.8466839
"Eastchester, N.Y.",40.9610563,-73.8064739
"Pound Ridge, N.Y.",41.2087066,-73.5748483
"Kielczow, Poland",51.1398527,17.1790872
"Dobbs Ferry, N.Y.",41.0145418,-73.872635
"Brookfield, Wis.",43.0615578,-88.1260678
"Beirut, Lebanon",33.8892265,35.5025585
"Springville, Utah",40.1652447,-111.6114726
"Oakland Gardens, N.Y.",40.753991,-73.765966
"Montreal, Canada",45.5031824,-73.5698065
"Rego Park, N.Y.",40.722865,-73.8621025
"Singapore, Singapore",1.2899175,103.8519072
"Kosice, Slovakia",48.7172272,21.2496774
"Wesley Chapel, Fla.",28.1866014,-82.366121
"Frontenac, Missouri",38.6358442,-90.4149786
"Almaty, Kazakhstan",43.2363924,76.9457275
"Burr Ridge, Ill.",41.7502971,-87.9161818
"St. Cloud, Minn.",45.5616075,-94.1642004
"Nepean, Ontario",45.2862008,-75.7512324
"Braunschweig, Germany",52.2646577,10.5236066
"Arroyo Grande, Calif.",35.1235374,-120.5785796
"Victoria, Australia",-36.5986096,144.6780052
"Far Rockaway, N.Y.",40.6053825,-73.7551326
"Bologna, Italy",44.4938203,11.3426327
"Hyattsville, Md.",38.9529442,-76.9408647
"Aguleri, Nigeria",6.3322924,6.8779601
"Bala Cynwyd, Pa.",40.0086075,-75.235568
"Spring Lake, N.C.",35.1679396,-78.9728056
"Goldsboro, N.C.",35.3848841,-77.9927651
"Oceanside, N.Y.",40.6335905,-73.6376527
"Leander, Texas",30.5736134,-97.8567339
"Santiago, Dominican Republic",19.4508468,-70.6947386
"Beacon Falls, Conn.",41.4428745,-73.062608
"Tebessa, Algeria",35.4035956,8.1212322
"Anambra, Nigeria",6.2183136,6.9531842
"Kalamazoo, Mich.",42.291707,-85.5872286
"South Brunswick, N.J.",40.3818728,-74.5317663
"Dangriga, Belize",16.9666599,-88.2247368
"Nazareth, Pa.",40.7423309,-75.3112095
"West Bloomfield, Mich.",42.5684073,-83.3740333
"Land O' Lakes, Fla.",28.2144905,-82.4455929
"Fountain Valley, Calif.",33.7038145,-117.9627349
"Churchville, Pa.",40.1973955,-74.9982862
"Zamalek, Cairo, Egypt",30.0629925,31.2196336
"Ames, Iowa",42.0267567,-93.6170448
"Montreal, Québec",45.5031824,-73.5698065
"Sugar Hill, Ga.",34.1064895,-84.0335197
"Plainview, N.Y.",40.7834607,-73.4738844
"Wildwood, Mo.",38.5806948,-90.6314374
"El Cajon, Calif.",32.7947731,-116.962526
"Rockford, Ill.",42.2713945,-89.093966
"Tinley Park, Ill.",41.5733669,-87.7844944
"Bellingham, Mass.",42.0869493,-71.4746436
"Peterborough, Ontario",44.3048009,-78.3199496
"Marilla, N.Y.",42.8400596,-78.5550242
"Burlington, Ontario",43.3248924,-79.7966835
"St. Albert, Alberta",53.633239,-113.628845
"Hanwell, New Brunswick",45.8750846,-66.7873929
"Ancaster, Ontario",43.225693,-79.976692
"Grand Valley, Ontario",43.8991217,-80.3152465
"Centennial, Colo.",39.579155,-104.8769227
"Montréal, Québec",45.5031824,-73.5698065
"Lloydminster, Alberta",53.279995,-110.00885
"Iroquois Falls, Ontario",48.7672213,-80.6770998
"Cartwright, Manitoba",49.0954298,-99.3401814
"Mississauga, Ontario",43.5884727,-79.643658
"Aurora, Ontario",43.99973,-79.467545
"Flesherton, Ontario",44.2610602,-80.5457496
"Pittsboro, N.C.",35.7201229,-79.1771539
"Hamilton, Ontario",43.2560802,-79.8728583
"Duncan, British Columbia",48.7786872,-123.7080446
"Collingwood, Ontario",44.5027226,-80.2172379
"South Lyon, Mich.",42.4606345,-83.6514547
"Bainsville, Ontario",45.1823747,-74.4129738
"New Hartford, N.Y.",43.073108,-75.2879252
"Cheektowaga, N.Y.",42.9033917,-78.7547536
"Praha, Czechia",50.0874654,14.4212535
"Coquitlam, British Columbia",49.2842958,-122.793281
"Kitchener, Ontario",43.451291,-80.4927815
"Shanty Bay, Ontario",45.014582,-79.4835144
"Lawrencetown, Nova Scotia",44.6516314,-63.3606144
"Almonte, Ontario",45.226049,-76.1945277
"Trenton, Mich.",42.1406552,-83.1800544
"New Richmond, Wis.",45.1227287,-92.537502
"Uppsala, Sweden",59.8586126,17.6387436
"Madoc, Ontario",44.5818001,-77.507668
"White Rock, British Columbia",49.0235357,-122.797924
"Visolaje, Slovakia",49.0685677,18.3619468
"Etobicoke, Ontario",43.6435559,-79.5656326
"Cobham, England",51.3300079,-0.4120821
"Richmond Hill, Ontario",43.8801166,-79.4392925
"Potomac Falls, Va.",39.0473728,-77.3849117
"Ancienne-Lorette, Québec",46.7937637,-71.34695
"Rothesay, New Brunswick",45.3886223,-65.9963384
"South Burlington, Vt.",44.4642957,-73.176273
"St. John's, Newfoundland and Labrador",47.5646794,-52.7066964
"Mono, Ontario",43.9462199,-80.1042319
"Lethbridge, Alberta",49.6945782,-112.8331033
"Trois-Rivières, Québec",46.3432325,-72.5428485
"Wayzata, Minn.",44.970759,-93.511947
"Rockton, Ill.",42.4525157,-89.0723317
"Prosper, Texas",33.2371585,-96.7977048
"Boisbriand, Québec",45.6130248,-73.8386113
"Frankfort, Ill.",41.4979467,-87.8495946
"North Yarmouth, Maine",43.8289389,-70.2487493
"Freehold, N.J.",40.2601096,-74.2737573
"Round Lake, Ill.",42.353355,-88.0934145
"Cos Cot, Conn.",41.0510193,-73.5919491
"Longmont, Colo.",40.1672117,-105.101928
"Newton, N.J.",41.0583121,-74.7531445
"Glenmount, N.Y.",51.5395933,-3.2000459
"Latham, N.Y.",42.7436135,-73.7458456
"Deerfield, N.H.",43.1301713,-71.238819
"Prescott, Ariz.",34.539984,-112.468812
"Perrysburg, Ohio",41.5571178,-83.6279321
"Manahawkin, N.J.",39.690518,-74.2486427
"Hampton, N.H.",42.9417199,-70.8378746
"Poughkeepsie, N.Y.",41.7065539,-73.9283672
"Elmwood Park, N.J.",40.9074237,-74.1183543
"West Kingston, R.I.",41.4831215,-71.5518467
"Middletown, R.I.",41.5456578,-71.2914388
"Binghamton, N.Y.",42.098698,-75.9125187
"Bozeman, Mont.",45.6794293,-111.044047
"Schwenksville, Pa.",40.256213,-75.4637876
"Abington, Pa.",40.114354,-75.1216878
"Reno, Nev.",39.5261788,-119.812658
"Clinton, N.Y.",44.7278943,-73.6686982
"Conway, Mass.",42.507856,-72.6961593
"Los Altos, Calif",37.3790629,-122.116578
"Belle Meade, N.J.",35.2245272,-88.2164815
"Weston, Mass",42.3667625,-71.3031132
"Hamilton, Va.",39.1342719,-77.662492
"Littleton, Mass",42.5375917,-71.5120096
"La Grange, Ill.",41.81483,-87.8735662
"Littleton, Mass.",42.5375917,-71.5120096
"Tinton Falls, N.J.",40.2890734,-74.0927967
"Cinnaminson, N.J.",40.0166151,-74.9999754
"Atwater, Calif.",37.3477174,-120.609084
"Horseheads, N.Y.",42.1669832,-76.8202973
"Lebanon, N.H.",43.643032,-72.251587
"Holland, Mich.",42.7876022,-86.1090828
"Delhi, N.Y.",42.2781401,-74.9159946
"Bishop, Calif.",37.363679,-118.39524
"Austin, Tex.",30.2711286,-97.7436995
"Versailles, France",48.8035403,2.1266886
"Weehawken, N.J.",40.7695457,-74.0204177
"Suffern, N.Y.",41.1151372,-74.1493948
"London, Canada",42.9836747,-81.2496068
"Urbana, Ill.",40.1117174,-88.207301
"Exter, N.H.",42.981477,-70.9478343
"West Lafayette, Ind.",40.4258686,-86.9080655
"Madiosn, N.J.",40.7598227,-74.417097
"Easchester, N.Y.",40.9610563,-73.8064739
"Burlington Twp., N.J.",40.072587,-74.8870076
"Anaheim, Calif.",33.8347516,-117.911732
"Macedonia, Ohio",41.313667,-81.50845
"Montville, Conn.",41.4488214,-72.129493
"Loudon, N.H.",43.2860271,-71.4677384
"Otsego, Minn.",45.2812733,-93.614857
"Northfield, Minn.",44.4582041,-93.161159
"Mount Laurel, N.J.",39.934002,-74.8909988
"Center Valley, Pa.",40.5292,-75.3939572
"Waccabuc, N.Y.",41.3002417,-73.5765763
"McAllen, Texas",26.204114,-98.2300605
"Seaford, Del.",38.6413452,-75.6114584
"Hopewell Junction, N.Y.",41.5810881,-73.8106688
"Golf, Ill.",42.0570448,-87.7899876
"Moncure, N.C.",35.6224994,-79.0783143
"Brockville, Ont.",44.6039207,-75.7016829
"Beavercreek, Ohio",39.7092262,-84.0632685
"Carol Stream, Illinois",41.9125286,-88.1347927
"Eagle, Idaho",43.6954424,-116.3540138
"St. Catherines, Ont.",43.2010615,-79.2704675
"Chaska, Minn.",44.7894072,-93.6021791
"Lakewood, N.Y.",42.104224,-79.333104
"Rutherford, N.J.",40.826489,-74.1068091
"Stratharn, N.H.",43.0244129,-70.9122808
"Berwyn, Pennsylvania",40.0477701,-75.4421325
"Claverack, N.Y.",42.2225082,-73.7349207
"Scheckersville, Pa.",40.6763665,-75.6214415
"Coral Springs, Fla.",26.271192,-80.2706044
"Ridgewood, N.H.",43.2066194,-71.5573734
"Rancho Cordova, Calif.",38.5890723,-121.302728
"Wilson, Wyo.",43.4989783,-110.8746563
"Langdon, N.H.",43.167126,-72.37999
"Washington Grove, Md.",39.1404703,-77.1759454
"Roxbury, Conn.",41.5568282,-73.3088922
"Plandome, N.Y.",40.8067675,-73.7034639
"Piermont, N.Y.",41.0415342,-73.918426
"Harker Heights, Texas",31.0746347,-97.6590473
"North Oaks, Minn.",45.102744,-93.0791092
"Diablo, Calif.",37.8424612,-121.957403
"Oslo, Norway",59.9133301,10.7389701
"Cape Elizabeth, Me.",43.5964405,-70.2284765
"Honolulu, Hawai'i",21.304547,-157.855676
"Medford, Ore.",42.3264181,-122.8718605
"Merion, Pa.",39.9975379,-75.2516078
"South Jordan, Utah",40.5584882,-111.9367107
"State College, Pa.",40.7944504,-77.8616386
"Oneonta, N.Y.",42.453492,-75.0629531
"Newburyport, Mass.",42.8116592,-70.8719271
"Inver Grove Heights, Minn.",44.8479039,-93.0428119
"Münster, Germany",51.9625101,7.6251879
"Orillia, Ontario",44.6066135,-79.4169256
"Newton Highlands, Mass.",42.322587,-71.2052721
"Colrain, Mass.",42.6728684,-72.6972453
"Hamilton, N.J.",40.2552939,-74.7038183
"Bird Creek, Alaska",61.0591701,-149.3348903
"Heber City, Utah",40.506463,-111.4132963
"Valley Falls, N.Y.",42.9034107,-73.5626157
"Altamont, N.Y.",42.7006324,-74.0337382
"Schuylkill Haven, Pa.",40.6306464,-76.171054
"Livonia, N.Y.",42.8214525,-77.6686097
"Windham, Conn.",41.6993535,-72.1578243
"Leesburg, Va.",39.1154506,-77.5645607
"Ramona, Calif.",33.0472806,-116.8776005
"Polson, Mont.",47.6905295,-114.163761
"Goldens Bridge, N.Y.",41.2871685,-73.6633145
"Tarrytown, N.Y.",41.0762077,-73.8587461
"East Meadow, N.Y.",40.721775,-73.5582912
"Pine Bush, N.Y.",41.61329,-74.2939101
"Reidsville, N.C.",36.3548586,-79.6644748
"Easthampton, Mass.",42.2708804,-72.6719579
"Morrisville, N.C.",35.824341,-78.8300321
"West Pawlet, Vt.",43.356893,-73.2496678
"Mt. Vernon, Mo.",37.1036666,-93.8185401
"Glyndon, Md.",39.4762132,-76.8161977
"Briarcliff Manor, N.Y.",41.1456512,-73.8237456
"Genoa, N.Y.",42.667874,-76.5357634
"South Tampa, Fla.",27.9520587,-82.3424449
"Bucaramanga, Colombia",7.1669842,-73.1047294
"East Montpelier, Vt.",44.2715266,-72.4857574
"Clayton, Mo.",38.6504352,-90.3362473
"Simpsonville, S.C.",34.7373045,-82.255371
"Cornwall, Vt.",43.9609015,-73.2098352
"Saint Helena, Calif.",38.5052288,-122.470042
"Taneytown, Md.",39.6593585,-77.1756197
"Titusville, Pa.",41.6267519,-79.6761276
"Athens, NY",42.2603648,-73.8095707
"Beacon, N.Y.",41.5048402,-73.9695409
"Salem, Conn.",41.491269,-72.2762084
"Bridgewater, MA",41.9902206,-70.9754432
"Walnut, Calif.",34.0203253,-117.8659441
"Mill Valley, Ca.",37.9060368,-122.5449763
"East Moriches, N.Y.",40.809848,-72.7553916
"Purcellville, Va.",39.1367039,-77.714845
"Sea Cliff, N.Y.",40.849566,-73.6471225
"Middletown, N.Y.",41.45011,-74.4164807
"Kyiv, Ukraine",50.4500336,30.5241361
"Port Charlotte, Fla.",26.9761707,-82.0906448
"New Bedford, Mass.",41.6362152,-70.934205
"Rocklin, Calif.",38.7907339,-121.2357828
"Stillwater, N.Y.",42.9384101,-73.6531731
"Croton on Hudson, N.Y.",41.2088215,-73.8905175
"Cambridge, England",52.1975846,0.1391537
"Troy, N.Y.",42.7284117,-73.6917878
"Williamsburg, Va.",37.2712497,-76.700035
"Alpine, Calif.",38.5893934,-119.8345013
"Baltimore, Ohio",39.8453418,-82.6007185
"Woodbridge, N.J.",40.55418,-74.2860008
"Victor, N.Y.",42.9825634,-77.4088794
"Mission Hills, Calif.",34.687584,-120.4390175
"Everett, Wash.",47.9793437,-122.2127011
"Nogales, Ariz.",31.3402134,-110.936081
"Aventura, Fla.",25.9564812,-80.1392121
"Eastbourne, United Kingdom",50.7664372,0.2781546
"Hood River, Ore.",45.5311636,-121.6475587
"Richfield, Ohio",41.2397772,-81.6381785
"Fuquay-Varina, N.C.",35.5843849,-78.7998691
"Westchester, Pa.",40.4348164,-80.0449202
"Van Nuys, Calif.",34.1866193,-118.4486675
"Easton, Conn.",41.2528738,-73.2973394
"Glendale, Ariz.",33.5386858,-112.185994
"Mexico City, Mexico",19.3207722,-99.1514678
"North Richland Hills, Texas",32.8342952,-97.2289029
"Chester, United Kingdom",53.1908873,-2.8908955
"Lantana, Texas",33.0935112,-97.1200046
"Sterling Heights, Mich.",42.5803122,-83.0302033
"Casselberry, Fla.",28.6714702,-81.3382005
"Reykjavík, Iceland",64.145981,-21.9422367
"Laytonsville, Md.",39.2087905,-77.1413425
"Arlington, Vir.",38.8769326,-77.0893094
"Larnaca, Cyprus",34.9236095,33.6236184
"Broad Run, Va.",38.9914999,-77.4773508
"Saint Louis, Mo.",38.6254063,-90.190009
Richmond Vir.,37.5385087,-77.43428
"Leawood, Kan.",38.966673,-94.6169012
"Cameron Park, Calif.",38.672181,-120.980977
"Valencia, Venezuela",10.170026,-68.0003987
"Fishers, Ind.",39.9555928,-86.0138729
"Newark, N.J.",40.735657,-74.1723667
"Bedford, Tex.",32.844017,-97.1430671
"Mableton, Ga.",33.8188333,-84.5822632
"Poolesville, Md.",39.146088,-77.4166561
"Conroe, Texas",30.3118769,-95.4560512
"Kingston, N.Y.",41.9287812,-74.0023825
"Northampton, Mass.",42.3178989,-72.6311006
"Lancaster, N.Y.",42.9076585,-78.6178677
"Brighton, N.Y.",43.1257954,-77.5687343
"Duanesburg, N.Y.",42.7615317,-74.1333684
"Battle Ground, Wash.",45.7813532,-122.5337433
"Mexico, N.Y.",43.459514,-76.228818
"Corning, N.Y.",42.1435257,-77.0543408
"Greenlawn, N.Y.",40.8608685,-73.3633136
"Irondequoit, N.Y.",43.2133955,-77.5797226
"Cedar Falls, Iowa",42.5361805,-92.447758
"Massapequa Park, N.Y.",40.6803785,-73.4551241
"Hampden, Maine",44.7445159,-68.836982
"Amawalk, N.Y.",41.2884273,-73.7662443
"Mechanicsburg, Penn.",40.1807092,-76.9896504
"Sterling, Va.",39.003685,-77.4083096
"Westtown, N.Y.",41.3367611,-74.5398821
"Coaticook, Quebec",45.1334169,-71.803479
"Pawcatuck, Conn.",41.3773663,-71.8456114
"Henrietta, N.Y.",43.0611781,-77.6338983
"Brunswick, Maine",43.9166529,-69.9659438
"Woodbury, N.J.",39.8381691,-75.1526774
"Grandview Heights, Ohio",39.981855,-83.0450363
"Saugatuck, Mich.",42.6549244,-86.2040552
"New Freedom, Pa.",39.7378811,-76.7013609
"North Olmsted, Ohio",41.4156025,-81.9234726
"Hunting Valley, Ohio",41.489219,-81.401781
"Lower Merion, Penn.",39.9858993,-75.2708845
"Arkport, N.Y.",42.3945133,-77.6966596
"Setauket, N.Y.",40.9467545,-73.115916
"Hudson, N.Y.",42.2528649,-73.790959
"Novelty, Ohio",41.4935091,-81.3407276
"Chestnut Hill, Mass.",42.3234553,-71.1639439
"Cutchogue, N.Y.",41.018683,-72.4891577
"Oaktown, Va.",38.8711562,-87.4414083
"East Amherst, N.Y.",43.0183913,-78.696697
"Mentor, Ohio",41.6664781,-81.3399769
"Eastford, Conn.",41.902068,-72.0799095
"Excelsior, Minn.",44.9032963,-93.5663455
"Corona del Mar, Calif.",33.5995916,-117.873739
"Palmetto, Fla.",27.5214269,-82.5723193
"Beach Haven, N.J.",39.5629516,-74.2405522
"Iowa City, Iowa",41.6612561,-91.5299106
"South Dennis, Mass.",41.686575,-70.1550088
"St John, Virgin Islands",18.3356013,-64.7550406
"Mantoloking, N.J.",40.0393597,-74.0505306
"Nice, France",43.7009358,7.2683912
"West Barnstable, Mass.",41.7082248,-70.3723165
"St Thomas, U.S. Virgin Islands",18.3429082,-64.9188997
"Watchung, N.J.",40.6378801,-74.4509863
"Auburn, N.Y.",42.9320202,-76.5672029
"Guangzhou, China",23.1288429,113.2589581
"Lake Placid, N.Y.",44.2831194,-73.9828318
"Juno Beach, Fla.",26.8815475,-80.0539253
"Ponte Vedra, Fla.",30.2396865,-81.3856384
"Valatie, N.Y.",42.4134168,-73.6731749
"Glenshaw, Pa.",40.5328462,-79.9675536
"Thomasville, Ga.",30.8365815,-83.9787808
"Zhuhai, China",22.273734,113.5721327
"Amelia, Ohio",39.0274538,-84.2193334
"Newtown, Pa.",40.2294046,-74.9365329
"Calgary, Alb.",51.0456064,-114.057541
"Brampton, Ont.",43.685832,-79.7599366
"Great River, N.Y.",40.719912,-73.147677
"Village of Golf, Fla.",26.5102466,-80.1209974
"Penn Yan, N.Y.",42.6603037,-77.0540989
"Woodbury, N.Y.",40.8183265,-73.4706151
"Akwesasne, N.Y.",44.9662565,-74.6712875
"Westlake, Calif.",34.0629226,-118.2728204
"Gulph Mills, Pa.",40.0711723,-75.3425097
"Mill Neck, N.Y.",40.8871175,-73.5551392
"DeWitt, N.Y.",43.0348934,-76.0654724
"Oakville, Ont.",43.447436,-79.666672
"Miller Place, N.Y.",40.9598212,-72.9962148
"Hagerstown, Md.",39.6430455,-77.7191081
"Honeoye Falls, N.Y.",42.9522855,-77.5902759
"Baldwinsville, N.Y.",43.158679,-76.33271
"Ada, Mich.",42.9547136,-85.4879523
"Essex Junction, Vt.",44.4906817,-73.11136
"Lebanon, Ohio",39.4353373,-84.2029922
"Lutherville, Md.",39.42363,-76.6209151
"Bethpage, N.Y.",40.750482,-73.489201
"Brampton, Ontario",43.685832,-79.7599366
"Paoli, Pa.",40.0405675,-75.4927891
"Foxborough, Mass.",42.0653768,-71.2478308
"Maple Ridge, British Columbia",49.2197345,-122.599707
"Orangeville, Ontario",43.9193171,-80.0973754
"Norwood, Mass.",42.194543,-71.1994976
"Burnaby, British Columbia",49.2433804,-122.972545
"Lewis Center, Ohio",40.1983958,-83.0101843
"Whitby, Ontario",43.87982,-78.9421751
"Mickleton, N.J.",39.791971,-75.244914
"Charlottesville, Vir.",38.029306,-78.4766781
"Harveys Lake, Pa.",41.3525797,-76.0324241
"Courtice, Ontario",43.9117719,-78.7780464
"Minoa, N.Y.",43.076178,-76.000753
"Clark, N.J.",40.6233995,-74.3148279
"Tualatin, Ore.",45.3809339,-122.7694369
"Roseland, N.J.",40.8206555,-74.2937595
"Queensbury, N.Y.",43.3618532,-73.6652451
"Vestal, N.Y.",42.0850703,-76.053813
"South Salem, N.Y.",41.2738221,-73.5561711
"Verona, N.J.",40.829822,-74.2401466
"Stratham, N.H.",43.0244129,-70.9122808
"Haverford, Pa.",40.0129191,-75.2966948
"LaFayette, N.Y.",42.892289,-76.1052019
"Lake Grove, N.Y.",40.8528761,-73.1151102
"Spencerport, N.Y.",43.18645,-77.803897
"Kissimmee, Fla.",28.2918995,-81.4075838
"Selkirk, N.Y.",42.5323027,-73.7984563
"Audubon, Pa.",40.1311744,-75.4227989
"Dartmouth, Mass.",41.6386894,-70.9933545
"Lakewood, Colo.",39.7085736,-105.0846694
"Hadley, Mass.",42.3423259,-72.5891221
"Edgewater, Md.",38.9358105,-76.5530141
"West Henrietta, N.Y.",43.0400626,-77.6616685
"Media, Pa.",39.9167783,-75.387693
"Powell, Ohio",40.1578403,-83.0751869
"Nesconset, N.Y.",40.845094,-73.1523119
"Bray, Ireland",53.2014604,-6.1105049
"Raanana, Israel",32.1860244,34.8678359
"Brooklyn Heights, N.Y.",40.6960849,-73.9950297
"Centerville, Ohio",39.6283928,-84.1593818
"Chennai, India",13.0800915,80.2807978
"Weddington, N.C.",35.0223708,-80.7609035
"Marlton, N.J.",39.9005585,-74.9338911
"Windsor, Calif.",38.5471327,-122.8163802
"Oak Ridge, N.C.",36.1736211,-79.9892172
"Burnsville, Minn.",44.7670567,-93.2773887
"Drexel Hill, Pa.",39.9483282,-75.3068878
"Lake Mary, Fla.",28.7562749,-81.322093
"Oviedo, Fla.",28.6702526,-81.2084941
"Greer, S.C.",34.9381361,-82.2272119
"The Bronx, N.Y.",40.8466508,-73.8785937
"Palm Harbor, Fla.",28.0856815,-82.756907
"Hope, R.I.",41.7334334,-71.5625625
"La Habra, Calif.",33.9316066,-117.9454867
"Woodbury, Minn.",44.919896,-92.9339449
"Rockford, Mich.",43.119721,-85.559604
"Plantation, Fla.",26.1275862,-80.2331036
"Dunwoody, Ga.",33.9463786,-84.3342686
"Hohhot, China",40.8184528,111.6601939
"Yuanlin City, Taiwan",23.9587517,120.574529
"Montrose, Calif.",34.2064181,-118.2288887
"Saint-Maur des Fossés, France",48.8033057,2.4853015
"San Gabriel, Calif.",34.0990995,-118.1085554
"Manhasset Hills, N.Y.",40.7580785,-73.6826889
"La Crescenta, Calif",34.230429,-118.2350733
"Grand Haven, Mich.",43.0630734,-86.2283864
"West Bend, Wis.",43.4252776,-88.1834277
"Port of Spain, Trinidad and Tobago",10.6572678,-61.5180173
"Englewood, N.J.",40.8929329,-73.9726508
"New Richmond, Ohio",38.9486757,-84.2799366
"Clarkesville, Md.",39.2065447,-76.9429182
"Kuala Lumpur, Malaysia",3.1516964,101.6942371
"Kota Kinabalu, Malaysia",5.9780066,116.0728988
"Bucyrus, Kans.",38.7263985,-94.7182912
"Deer Park, Ill.",42.1608585,-88.0814651
"Yorktown, Va.",37.2356655,-76.5136495
"Gladstone, Mo.",39.2214765,-94.5719748
"Bucyrus, Kan.",38.7263985,-94.7182912
"Brooklyn, Ohio",41.439754,-81.7405559
"Stilwell, Kan.",38.7691755,-94.6563454
"Sherborn, Mass.",42.2397842,-71.3701417
"Rochester Hills, Mich.",42.6583661,-83.1499322
"Lebanon, Pa.",40.375713,-76.4626118
"Kensington, Md.",39.0258405,-77.0750246
"Chesterton, Ind.",41.6107243,-87.0522661
"Ponce, Puerto Rico",18.0668224,-66.6140412
"La Cañada, Calif",37.887257,-122.0985296
"Nuuuli, American Samoa",-14.3124014,-170.7148415
"Lehi, Utah",40.3881114,-111.8486019
"Killeen, Texas",31.1171441,-97.727796
"Dana Point, Calif.",33.4669721,-117.6981075
"Crozet, Va.",38.065017,-78.690893
"Kaneohe, Hawaii",21.418555,-157.804184
"Terre Haute, Ind.",39.4667025,-87.4139119
"Simi Valley, Calif.",34.2677404,-118.7538071
"Endwell, N.Y.",42.1188252,-76.0225574
"Montclair, Va.",38.6076755,-77.3331006
"Fort Ann, N.Y.",43.4143073,-73.4879808
"Brooksville, Fla.",28.5552719,-82.3878709
"Warner Robins, Ga.",32.6200973,-83.606568
"North Canton, Ohio",40.875891,-81.4023356
"Danville, Va.",36.5879877,-79.3916713
"Westwood, N.J.",40.9912087,-74.0326395
"Adel, Iowa",41.6174123,-94.0185176
"Matthews, N.C.",35.1159532,-80.7224386
"Elmhurst, Ill.",41.8994745,-87.9403418
"Brielle, N.J.",40.1078931,-74.0565263
"St. Johnsville, N.Y.",42.998198,-74.6799077
"Howell, N.J.",40.8413174,-74.2079776
"Goodrich, Mich.",42.91708,-83.501656
"Chester, Va.",37.3489475,-77.438379
"Brewster, N.Y.",41.3943918,-73.6170896
"Granbury, Texas",32.4426759,-97.7870525
"Coto de Caza, Calif.",33.6013399,-117.5856235
"Neenah, Wis.",44.1858193,-88.462609
"Marlborough, Mass.",42.3468589,-71.5525188
"Unadilla, N.Y.",42.324987,-75.3157521
"Stewart Manor, N.Y.",40.719235,-73.6888163
"Westfield, Mass.",42.1205411,-72.7489158
"Lumberton, New Jersey",39.9659459,-74.8051628
"Old Lyme, Conn.",41.3162517,-72.3296192
"Oceanport, N.J.",40.3181663,-74.0151382
"Jamestown, R.I.",41.4970465,-71.3672755
"Grosse Pointe Park, Mich.",42.3816896,-82.9313655
"Eutin, Germany",54.1364642,10.6159077
"Dedham, Massachusetts",42.2481895,-71.1734418
"Spring Lake, N.J.",40.1535132,-74.0293941
Haddonfield N.J.,39.8915022,-75.0376707
"Fishkill, N.Y.",41.5355745,-73.898702
"Newport Coast, Calif.",33.5963719,-117.826821
"Wexford, PA",40.6264561,-80.055891
"Forster City, Calif.",33.1830493,-117.373184
"Gloucester, Va.",37.4452288,-76.5594479
Washington D.C.,38.8950982,-77.0363849
"Salisbury, Conn.",41.983426,-73.4212318
"Onondaga Hill, N.Y.",43.0047882,-76.1832587
"Westmont, N.J.",39.9072314,-75.0468963
"Craftsbury Common, Vt.",44.6535578,-72.3827342
"Bogota, Columbia",4.6533817,-74.0836331
"Summerfield, N.C.",36.2087468,-79.9047583
"Glenmont, N.Y.",42.604802,-73.7695658
"Randallstown, Md.",39.3690701,-76.7958641
"Coram, N.Y.",40.8797135,-73.0039964
"Murrieta, Calif.",33.560832,-117.210656
"Sand Lake, N.Y.",42.6373017,-73.5406697
"Dryden, N.Y.",42.4906182,-76.2976663
"Camp Hill, Pa.",40.2398118,-76.9199742
"Ocean Gate, N.J.",39.9267851,-74.1337496
"Irving, Texas",32.8295183,-96.9442177
"The Colony, Texas",33.0890094,-96.8863922
"Sagamore Hills, Ohio",41.3365056,-81.5617791
"Merrillville, Ind.",41.4828144,-87.3328139
"Rock Tavern, N.Y.",41.4662049,-74.1912587
"Dayton, Nev.",39.2501076,-119.5858042
"Hunterdon, N.J.",40.5770634,-74.9261552
"Broken Arrow, Okla.",36.0525993,-95.7908195
"Woodlands, Texas",27.5255152,-99.433746
"Conshohocken, Pa.",40.0738835,-75.30625
"Twinsburg, Ohio",41.3125552,-81.4401129
"Cordova, Tenn.",35.1556451,-89.7761955
"Matlock, Wash.",47.2378698,-123.407938
"Depauw, Ind.",38.3350635,-86.2174763
"Seabrook, N.H.",42.8773076,-70.8706857
"Rincon, Ga.",32.2960289,-81.2353905
"West Long Branch, N.J.",40.2904235,-74.0172558
"North Plainfield, N.J.",40.6208476,-74.4279801
"Stroughton, Mass.",42.1252079,-71.1022015
"Lakeview, N.Y.",40.6769525,-73.6509375
"Beaumont, Calif.",33.9299925,-116.9763092
"Burlington Township, N.J.",40.072587,-74.8870076
"Ravena, N.Y.",42.4684148,-73.8162354
"Belle Vernon, Pa.",40.1250725,-79.8664356
"Swiftwater, Pa.",41.0953683,-75.3249054
"Lakewood, Wash.",47.1717649,-122.518458
"Salinas, Calif.",36.6744117,-121.655037
"Lexington, K.Y.",39.6672222,-104.921513
"Nokesville, Va.",38.692382,-77.5768355
"Caledonia, Canada",43.6923229,-79.4653403
"Pleasant Hill, Calif.",37.9479786,-122.0607963
"Croton-On-Hudson, N.Y.",41.2088215,-73.8905175
"Upper Marlboro, Md.",38.8162451,-76.751708
"Dublin, Ireland",53.3493795,-6.2605593
"Christiansted, U.S.V.I.",17.7444219,-64.7075807
"Lockport, Ill.",41.5894753,-88.057837
"Manhattan, Kan.",39.1836082,-96.5716694
"Bismarck, N.D.",46.808327,-100.783739
"Clarksburg, Md.",39.2195565,-77.2678413
"Stoney Creek, Canada",43.2167526,-79.7567616
"Trumansburg, N.Y.",42.5422939,-76.6660589
"Ostrava, Czechia",49.8354045,18.292978
"Morris Township, N.J.",40.798799,-74.5208469
"Penfield, N.Y.",43.1301133,-77.4759588
"Claredon Hills, Ill.",41.7961237,-87.9551429
"Mutare, Zimbabwe",-18.974656,32.670473
"Wall Township, N.J.",40.1743052,-74.0902219
"Tujunga, Calif.",34.252225,-118.2884105
"Beachwood, Ohio",41.464498,-81.508732
"Fort Mill, S.C.",35.0073697,-80.9450759
"Bay Village, Ohio",41.484996,-81.9208434
"Geneva, N.Y.",42.8690271,-76.9786122
"Cheltenham, Pa.",40.0612803,-75.0944141
"Dendemonde, Belgium",51.0312293,4.098112
"Lodi, Calif.",38.1342805,-121.2736022
"Onalaska, Wis.",43.8830606,-91.2343539
"North Bethesda, Md.",39.04065,-77.1233873
"Manheim, Pa.",40.1637359,-76.3952429
"Apollo Beach, Fla.",27.7729445,-82.3981375
"West Simsbury, Conn.",41.8784634,-72.8435645
"Potomac, Maryland",39.0180508,-77.1956331
"Pinole, Calif.",38.0043667,-122.2988587
"Hauppauge, N.Y.",40.8237354,-73.2062289
"Dresher, Pa.",40.1409428,-75.1668414
"Dunn Loring, Va.",38.894646,-77.2294419
"Washington Crossing, Pa.",40.2934408,-74.8704424
"Fort Thomas, Ky.",39.0786242,-84.4483432
"Cranberry Township, Pa.",40.7099343,-80.1060506
"Milan, Italy",45.4641943,9.1896346
Fort Wayne Ind.,41.0799898,-85.1386015
"Los Angeles, Calif",34.0536909,-118.242766
"Cranberry Twp, Pa.",40.7099343,-80.1060506
"Lake Zurich, Ill.",42.1969689,-88.0934108
"Matzenback, Germany",49.4954267,7.4592064
"Columbia, S.C.",34.000754,-81.0352313
"Lake Elsinore, Calif.",33.6680772,-117.3272615
"Houston, Tex.",29.7589382,-95.3676974
"Midland, Tex.",31.83688,-102.0103767
"Parma, Ohi.",41.3822398,-81.7355692
"Spring, Tex.",30.070979,-95.4013419
"New Albany, Ind.",38.2856247,-85.8241312
"Norwalk, Calif.",33.9092802,-118.0849169
"West Newton, Mass.",42.3494414,-71.2262274
Irvine Calif.,33.6856969,-117.825981
"Phoenix, AZ",33.4484367,-112.074141
"Potomac Falls, Vir.",39.0473728,-77.3849117
"Macungie, Pa.",40.5159304,-75.5551858
"Campbell, Calif.",37.2870626,-121.944881
"Surrey, United Kingdom",51.2715316,-0.3414524
"Hamburg, N.Y.",42.716293,-78.828717
"Oakmont, Pa.",40.5217347,-79.8422719
"Slinger, Wis.",43.3343237,-88.2850959
"Middle River, Md.",39.3416961,-76.4271818
"Menifee, Calif.",33.6863987,-117.1778599
"Altadena, Calif.",34.1928193,-118.1374663
"Driftwood, Texas",30.1229876,-98.0308425
"Duxbury, Vt.",44.3270717,-72.7526123
"Commerce, Ga.",34.203997,-83.4571058
"River Vale, N.J.",40.9953754,-74.0120832
"Palos Verdes, Calif,",33.7388745,-118.3976474
"Sebastopol, Calif.",38.4021038,-122.824222
"New Hope, Pa.",40.3642728,-74.9512785
"Harrison City, Pa.",40.3551215,-79.6499395
"London, Eng.",51.5074456,-0.1277653
"Highland, Md.",39.5209339,-77.518043
"Fairfax Station, Va.",38.79255,-77.3451678
"Ascot, Eng.",51.4101286,-0.6680194
"Coquitlam, B.C.",49.2842958,-122.793281
"Greenvale, N.Y.",40.8123445,-73.6249251
"Wilkes-Barre, Pa.",41.2464824,-75.8817316
"New London, Pa.",39.7826095,-75.8754973
"Schwenksville, Pa",40.256213,-75.4637876
"Garnet Valley, Pa.",39.8429612,-75.5370459
"Coatesville, Pa.",39.9831616,-75.8238355
"York, United Kingdom",53.9656579,-1.0743052
"Malvern, United Kingdom",52.1159559,-2.3258985
"Bury St. Edmunds, Suffolk, England",52.2460367,0.7125173
"Glenmoore, Pa.",40.0889905,-75.7718794
"Landenberg, Pa.",39.7773329,-75.7713264
"Sevenoaks, Kent (U.K.)",51.2745219,0.1961299
"Cranbury, N.J.",40.3133907,-74.5201927
"Potsdam, Germany",52.4009309,13.0591397
"Exton, Pa.",40.0299755,-75.6290436
"Stoney Creek, Ontario",43.2167526,-79.7567616
"Oxford, Conn.",41.4351795,-73.1172769
"Surrey, B.C.",49.1913033,-122.849143
"Columbia, Md.",39.1938429,-76.8646092
"Freeville, N.Y.",42.512807,-76.3464675
"Moscow, Pa.",41.3367497,-75.5185191
"Gansevoort, N.Y.",43.1962051,-73.6513967
"Cliffwood, N.J.",40.436774,-74.2395893
"Hilton, N.Y.",43.2881104,-77.7928574
"Bainbridge, Ohio",41.386443,-81.339553
"Scott Township, Pa.",40.3916562,-80.0757903
"Tuckahoe, N.Y.",40.9051175,-72.4393477
"Shawnee, Okla.",35.3272928,-96.9253004
"South Huntington, N.Y.",40.8226705,-73.3958725
"Newtonville, Mass.",42.3507339,-71.207021
"Dundas, Ontario",43.2661904,-79.9546341
"Bloomsburg, Pa.",41.0044958,-76.4537302
"Scarsdale, N.Y,",40.9885221,-73.8085608
"Moseley, Va.",37.4748866,-77.7787851
"Slingerlands, N.Y.",42.6292455,-73.8645685
"Virgina Beach, Va.",36.8496579,-75.9760751
"Spanish Town, Jamaica",17.9956926,-76.9540831
"Brownsville, Texas",25.9024289,-97.4981698
"Andover, N.J.",40.9858998,-74.7421919
"St. Mary's, Ontario",43.4369937,-80.5048295
"Kaunas, Lithuania",54.8982139,23.9044817
"North Huntingdon, Pa.",40.3372785,-79.7482074
"Lake Country, British Columbia",50.0302364,-119.402331
"Lake Orion, Mich.",42.7844752,-83.2396612
"Mountain Top, Pa.",41.1423516,-75.8936803
"Krsko, Slovenia",45.9576446,15.4946767
"Agia Paraskevi, Greece",38.0066759,23.8226942
"Springfield, Ohio",39.9234046,-83.810138
"Miami Gardens, Fla.",25.9420377,-80.2456045
"Lafayette, Colo.",39.9935959,-105.089705
"Valparaiso, Ind.",41.4672552,-87.0604487
"Blue Mound, Ill.",39.7011516,-89.1231356
"Huntington Station, N.Y.",40.8472369,-73.4036319
"Glen Allen, Va.",37.664879,-77.4871236
"Egg Harbor City, N.J.",39.5287282,-74.6479364
"Franklin Park, N.J.",40.0251117,-74.9079445
"Hoffman Estates, Ill.",42.0427256,-88.0792782
"Trussville, Ala.",33.6196266,-86.6084342
"West Linn, Ore.",45.3656761,-122.612314
"North York, Ontario",43.7543217,-79.4491057
"Ocean City, N.J.",39.2788685,-74.5762507
"Aurora, Ill.",41.7571701,-88.3147539
"Ontario, Canada",50.000678,-86.000977
"Avon Lake, Ohio",41.510033,-82.0185895
Evans. Ga.,52.0338065,-0.7596818
"Littleton, Col.",42.5699955,-71.4640331
"Jackson Hole, Wyo.",43.6087926,-110.7380325
"Billings, Mont.",45.7874957,-108.49607
"Broomfield, Colo.",39.9403995,-105.05208
"Nanuet, N.Y.",41.1004345,-74.0155138
"South New Berlin, N.Y.",42.5298305,-75.3849945
"South Lake Tahoe, Calif.",38.9319293,-119.9780188
"Inwood, N.Y.",40.6229432,-73.7508944
"Abilene, Texas",32.44645,-99.7475905
"Kennesaw, Ga.",34.0234337,-84.6154897
"Kensington, N.H.",42.9283343,-70.9434892
"Tomball, Texas",30.0971621,-95.6160549
"Cream Ridge, N.J.",40.1312275,-74.5350037
"Kulpmont, Pa.",40.7934196,-76.4724547
"Wixom, Mich.",42.5246873,-83.5363637
"Florham, Park, N.J.",40.7542138,-74.3652929
"Lancaster, Ohio",39.7136754,-82.5993294
"Ringgold, Va.",36.608194,-79.2952978
"Shreveport, La.",32.5135356,-93.7477839
"Hurdle Mills, N.C.",36.2729159,-79.050813
"Coos Bay, Ore.",43.3678937,-124.2174647
"Maywood, Ill.",41.8789942,-87.8436412
"Crown Point, Ind.",41.4169806,-87.3653136
"Beecher, Mich.",43.0900266,-83.6944022
"Miami Lakes, Fla.",25.9087056,-80.3086619
"Holland, Ohio",41.621718,-83.711604
"Lewisburg, Tenn.",35.4492404,-86.7888887
"Sykesville, Md.",39.365992,-76.9688737
"Milford, Conn.",41.2222218,-73.0570603
"Kwazulu Natal, South Africa",-28.503833,30.8875009
"Wilmington, Vt.",42.868519,-72.871024
"Phoenix, Md.",39.5163872,-76.6177815
"Hot Springs, Ark.",34.5038393,-93.0552437
"Milford, Pa.",41.3221439,-74.8032804
"Beverly Hills, Mich.",42.5226219,-83.241357
"Trappe, Pa.",40.1996102,-75.4776088
"Mountaintop, Pa.",40.2180747,-75.441614
"Westlake, Ohio",41.4553232,-81.9179174
"Hawley, Pa.",41.4759224,-75.1821189
"Bridgeville, Pa.",40.3561805,-80.1100556
"Crystal, Minn.",45.031823,-93.3606072
"Sparks, Md.",39.5303908,-76.6458407
"Mantua, Ohio",41.283944,-81.223991
"Kansas City, Kan.",39.1134562,-94.626497
"Oak Park, Calif.",34.1792025,-118.7619719
"Yorkville, Ill.",41.6411409,-88.4472948
"Dripping Springs, Texas",30.1902067,-98.0866781
"Whites Creek, Tenn.",36.2658869,-86.8308324
"McGregor, Texas",31.4367029,-97.4080875
"Prairieville, La.",30.3122527,-90.9497329
"Palos Hills, Ill.",41.6966397,-87.816924
"Long Grove, Ill.",42.1783584,-87.9978518
"Bridgeport, W.Va.",39.2848811,-80.2539005
"Richland, Wash.",46.2804298,-119.275205
"Matteson, Ill.",41.509832,-87.739267
"West Yarmouth, Mass.",41.6507557,-70.2422647
"Dundalk, Md.",39.2624351,-76.4870585
"Greenburgh, N.Y.",41.0461704,-73.7900977
"Edgartown, Mass.",41.3894198,-70.5129682
"Hudson Falls, N.Y.",43.300697,-73.586082
"Johannesburg, Mich.",44.9855663,-84.4558515
"Oak Lawn, Ill.",41.7108662,-87.7581081
"Sussex, Wis.",43.1339001,-88.2220372
"Midwest City, Okla.",35.4495097,-97.3967025
"DeBary, Fla.",28.8830604,-81.3088385
"Peachtree City, Ga.",33.3975472,-84.5898256
"Marysville, Mich.",42.9108647,-82.4861734
"Mays Landing, N.J.",39.452786,-74.724695
"Kirkwood, Mo.",38.5800713,-90.4069177
"Butler, Pa.",40.8604672,-79.8970522
"Orinda,Calif.",37.8771476,-122.1796888
"Mobile, Ala.",30.6913462,-88.0437509
"Mount Prospect, Ill.",42.0664167,-87.9372908
"Plain City, Ohio",40.1078821,-83.2669677
"Bainbridge, N.Y.",42.2935152,-75.4792592
"Jefferson, La.",29.8502657,-90.1293894
"Florence, Ky.",38.9989499,-84.6266111
"Putnam Valley, N.Y.",41.3406164,-73.8769558
"Bow, N.H.",43.133061,-71.549149
"Lakewood Ranch, Fla.",27.4091912,-82.3925294
"Wilkinsburg, Pa.",40.4418068,-79.8819609
"Spring Valley, Calif.",39.0762525,-122.5949373
"El Segundo, Calif.",33.917028,-118.4156337
"Humble, Texas",29.9988312,-95.2621553
"Cartersville, Ga.",34.1652304,-84.7997613
"Warminster, Pa.",40.2067751,-75.0996159
"Bluffton, S.C.",32.2371465,-80.8603868
"Harwinton, Conn.",41.7712085,-73.05983
"Trafford, Pa.",40.3821421,-79.7615695
"Clinton, Pa.",41.2711458,-77.6984481
"Elkhart, Ind.",41.6012796,-85.8590603
"Martinsburg, W.Va.",39.4562528,-77.9639604
"Andover, Minn.",45.2332985,-93.2913405
"La Puente, Calif.",34.0280619,-117.953097
"Starkville, Miss,",33.4638745,-88.8152074
"Marriottsville, Md.",39.3501959,-76.8993808
"Jeannette, Pa.",40.3272521,-79.617731
"Grosse Pointe Farms, Mich.",42.4092038,-82.8918587
"Santo Domingo, Dominican Republic",18.4713858,-69.8918436
"Quincy, Mass.",42.2509914,-71.0037374
"Calverton, N.Y.",40.9117907,-72.7709709
"Glens Falls, N.Y.",43.309941,-73.644447
"Hampshire, Ill.",42.0978028,-88.5303643
"Ballston Spa, N.Y.",43.0009087,-73.8490111
"Creedmoor, N.C.",36.122741,-78.6862272
"North Chili, N.Y.",43.1197837,-77.8055632
"Commerce Township, Mich.",42.5911431,-83.4907721
"Prospect, Conn.",41.5023192,-72.9787163
"Lebanon, Tenn.",36.2079779,-86.2910945
"Brecksville, Ohio",41.3197763,-81.6267904
"St. Simons Island, Ga.",31.2182863,-81.3612077
"Medford, N.J.",39.9009472,-74.8234961
"Westfield, Ind.",40.0428151,-86.1274888
"New Castle, Pa.",40.9999202,-80.3471856
"Waterdown, Ontario",43.3314156,-79.8956803
"Marietta, Ga",33.952845,-84.5496054
"Georgetown, Texas",30.6370152,-97.6775634
"Emmaus, Pa.",40.5350165,-75.4918701
"Macomb, Mich.",42.6741189,-82.902901
"Cornelius, N.C.",35.481705,-80.8590006
"Palmetto, Ga.",33.5178907,-84.6696549
"Easton, Pa.",40.6916081,-75.2099866
"Cedar Rapids, Iowa",41.9758872,-91.6704053
"Hemlock, Mich.",43.4147379,-84.229942
"Bolton, Mass.",42.4342336,-71.6097744
"Springboro, Ohio",39.5522815,-84.2332718
"New Oxford, Pa.",39.8638601,-77.0558418
"Chelsea, Mich.",42.3180163,-84.020224
"Hilo, Hawaii",19.7073734,-155.08158
"Brisbane, Australia",-27.4689623,153.0235009
"Thornhill, Ontario",43.8161477,-79.4245925
"Centerville, Va.",37.7573506,-75.6210398
"Highland Park, N.J.",40.4997407,-74.4262011
"Turku, Finland",60.4515932,22.2669991
"Brossard, Québec",45.4554579,-73.4678695
"Topsham, Maine",43.9247398,-69.9635448
"Târgoviste, Romania",44.9267709,25.462816
"Lake in the Hills, Ill.",42.1816908,-88.3303618
"North Brunswick, N.J.",40.4539249,-74.476545
"Lamorlaye, France",49.1598,2.42438
"Zalau, Romania",47.1819416,23.0562143
"Braga, Portugal",41.5510583,-8.4280045
"Noida, India",28.5706333,77.3272147
"Tamil Nadu, India",11.3323723,78.6098639
"Galati, Romania",45.4338215,28.0549395
"Knoxville,Tenn.",35.9603948,-83.9210261
"Concord, N.C.",35.4094178,-80.5800049
"Olean, N.Y.",42.0775022,-78.4298248
"Kelowna, B.C.",49.8879177,-119.495902
"Lithonia, Ga.",33.7123305,-84.1051939
"Malibu, Calif.",34.035591,-118.689423
"Downingtown, Pa.",40.0064958,-75.7032742
"Chalfont, Pa.",40.2869695,-75.2087721
"Milford, Ohio",39.174625,-84.2958988
"Louisville, K.Y.",44.897714,-75.016022
"Lynwood, Calif.",33.924831,-118.2024154
"Pace, Fla.",30.5964175,-87.1662647
"Holcomb, Kan.",37.9859154,-100.9887562
"Shubuta, Miss.",31.8601554,-88.6994851
"Daleville, Va.",37.4093425,-79.9204774
"Rensselaer, N.Y.",42.7091389,-73.5107732
"Richmond, Texas",29.5821811,-95.7607832
"Murphy, Texas",33.0151208,-96.6130478
"Harrisburg, N.C.",35.3258295,-80.6454979
"Hollywood Hills, Calif.",34.1216903,-118.3465777
"Brigham City, Utah",41.5110434,-112.0154991
"American Fork, Utah",40.3768064,-111.7959146
"Westchester, N.Y.",41.1763139,-73.7907554
"Batavia, Ill.",41.8500284,-88.3125738
"Kenosha, Wis.",42.5846773,-87.8212263
"Tartu, Estonia",58.3779528,26.7290023
"Columbus, Ga.",32.4610708,-84.9880449
"Shamong, N.J.",39.7824265,-74.7303168
"Pomeroy, Ohio",39.0280514,-82.0342217
"Goose Bay, Newfoundland and Labrador",53.333333,-60.416667
"Jamestown, N.Y.",42.0965167,-79.2380322
"Saint Bruno, Quebec",48.4719308,-71.653028
"Brandon, S.D.",43.5909294,-96.5874544
"Belleville, Ontario",44.2436328,-77.3607597
"Dundee, New Brunswick",47.9828196,-66.5347125
"Saanichton, British Columbia",48.5937899,-123.3827
"Island View, New Brunswick",45.9678168,-66.7895556
"Fort Hunt, Va.",38.739124,-77.0587497
"Clavet, Saskatchewan",51.995874,-106.376495
"Windsor, Ontario",42.2858536,-82.9780695
"Hastings, Minn.",44.7426933,-92.8518697
"Minnetrista, Minn.",44.923562,-93.7186813
"Wallaceburg, Ontario",42.5928652,-82.3873866
"Stouffville, Ontario",43.9717581,-79.2454446
"Saskatoon, Saskatchewan",52.131802,-106.660767
"Wilcox, Saskatchewan",50.097679,-104.7258
"East Hants, Nova Scotia",45.0,-63.75
"Oshawa, Ontario",43.8975558,-78.8635324
"Milton, Ontario",43.513671,-79.882817
"Canoe Cove, Prince Edward Island",46.1547705,-63.2954043
"Montpelier, Vt.",44.2602244,-72.5750364
"Wolfville, Nova Scotia",45.0914073,-64.3645102
"Sherbrooke, Québec",45.403271,-71.889038
"Fonthill, Ontario",43.0446069,-79.284524
"Gatineau, Québec",45.4277659,-75.710976
"Hudson, Wis.",44.9750953,-92.7554671
"Shawnigan Lake, British Columbia",48.6538128,-123.6229791
"Baie-D'Urfé, Québec",45.4174258,-73.9153643
"South Barrington, Ill.",42.093889,-88.1342353
"Signal Mountain, Tenn.",35.1223478,-85.3436973
"Advance, N.C.",35.9412851,-80.4096455
"Farmington, N.M.",36.7291152,-108.205445
"Johns Creek, Ga.",34.0181557,-84.190196
"Richmond Hill, Ont.",43.8801166,-79.4392925
"Albany, Calif.",37.8871621,-122.298351
"Buffalo Grove, Ill.",42.1544205,-87.9589621
"Hamilton, New Zealand",-37.7878809,175.281788
"Moura, Australia",-24.4882245,149.9418209
"San Salvador, El Salvador",13.697629,-89.191156
"Monte Sereno, Calif.",37.236333,-121.992458
"Happy Valley, Ore.",45.428679,-122.497174
"Ryegate, Vt.",44.2083985,-72.1036629
"Langley, British Columbia",49.1039289,-122.657047
"Wetaskiwin, Alberta",52.968492,-113.36792
"Boxborough, Mass.",42.4827512,-71.5142726
"Maple, Ontario",43.8594952,-79.5068973
"Upper Saint Clair, Pa.",40.3347309,-80.0708493
"Carlisle, Pa.",40.201499,-77.1890783
"Willow Springs, Ill.",41.7366004,-87.8693152
"Huntington Woods, Mich.",42.4805913,-83.1668713
"Barrie, Ontario",44.3893208,-79.6901302
"Tonawanda, N.Y.",43.020679,-78.878383
"Columbia, Ill.",38.4428078,-90.1997949
"Hudson, N.H.",42.7655784,-71.4393423
"Port Coquitlam, British Columbia",49.2621643,-122.780542
"Orange Park, Fla.",30.1654707,-81.7016346
"Fort McMurray, Alberta",56.7291997,-111.3885221
"Fredrikstad, Norway",59.1862013,10.8680241
"Edgewater, N.J.",40.8270448,-73.975694
"Caledonia, Ont.",43.6923229,-79.4653403
"Woodstock, Vt.",43.6247646,-72.5189791
"Union, Ont.",43.6456424,-79.3802085
"Alpena, Mich.",45.0176181,-83.6670019
"Auburn, N.H.",43.0045289,-71.348398
"Airdrie, Alta.",51.28597,-114.01062
"Saint Petersburg, Russia",59.9606739,30.1586551
"Espoo, Finland",60.2049651,24.6559808
"Bonnyville, Alta.",54.267925,-110.741515
"Hancock, Mich.",47.126871,-88.580956
"Whitehorse, YT",60.721571,-135.054932
"Sherwood Park, Alta.",53.5256963,-113.296631
"Creve Coeur, Mo.",38.6613007,-90.4423653
"Saint-Augustin-de-Desmaures, QC",46.743354,-71.4569733
"Stouffville, Ont.",43.9717581,-79.2454446
"Kanata, Ont.",50.000678,-86.000977
"Troy, Mich.",42.6055893,-83.1499304
"Southold, N.Y.",41.067221,-72.4408007
"Saxtons River, Vt.",43.1387986,-72.5073793
"Shrewsbury, N.J.",40.3295547,-74.0615285
"Southern Pines, N.C.",35.1740471,-79.3922539
"Friant, Calif.",36.983858,-119.7134624
"Margate City, N.J.",39.327894,-74.5034858
"Escondido, Calif.",33.1216751,-117.0814849
"Jackson, Wy.",43.479965,-110.761815
"Asbury, N.J.",40.701916,-75.0135459
"Pukalani, Hawaii",20.8355938,-156.336124
"Telluride, Colo.",37.9374939,-107.812285
"Ravensdale, Wash.",47.3558961,-121.9848707
"Eastham, Mass.",41.8305937,-69.9740491
"Glenside, Pa,",40.103196,-75.1515534
"Dorchester, Mass.",42.2973205,-71.0744952
"Norton, Mass.",41.9670616,-71.1875071
"Methuen, Mass.",42.7262016,-71.1908924
"Allentown, N.J.",40.1778887,-74.5834887
"Porter Ranch, Calif.",34.2818164,-118.5612714
"Ellensburg, Wash.",46.9970635,-120.545122
"Woolwich, N.J.",39.7381913,-75.3253882
"Altherton, Calif.",37.453773,-122.2058272
"Bethlehem, PA",-1.45056,-48.4682453
"Alexandria, VA",38.8051095,-77.0470229
"Covasna, Romania",45.8966793,26.0101806
"Waterloo, Iowa",42.498275,-92.3328743
"Elmwood Park, Ill.",41.9205931,-87.8160169
"Gijon, Spain",43.5449422,-5.66275
"Sea Bright, N.J.",40.3615488,-73.9742051
"Newcastle, Australia",-32.9192953,151.7795348
"Williston, Vt.",44.4385339,-73.0727666
"East Stroudsburg, Pa.",40.9995386,-75.1812913
"Gorham, Maine",43.6797334,-70.4429592
"Norway, Maine",44.2136214,-70.5423387
"Hyde Park, Mass.",42.2556543,-71.1244963
"Buena Park, Calif.",33.870413,-117.9962165
"Bedminster, N.J.",40.6811135,-74.6442951
"Tianjin, China",39.3032619,117.4163641
"Stafford Springs, Conn.",41.9538545,-72.30314
"Lyon, France",45.7578137,4.8320114
"North Attleborough, Mass.",41.9841334,-71.3322798
"Mahtomedi, Minn.",45.0696886,-92.9516037
"Rossmoor, Calif.",33.7882498,-118.0805933
"Pacific Palisades, CA",34.0480643,-118.5264706
"Hopkinton, N.H.",43.191595,-71.6748735
"Burien, Wash.",47.469918,-122.3485274
"Alexandria, La.",31.3119463,-92.4453558
"Weybridge, United Kingdom",51.3727175,-0.4549297
"Woodside, N.Y.",40.7453798,-73.9054145
"Camden, Maine",44.2154945,-69.0851729
"Vashon, Wash.",47.4208759,-122.4737053
"Lake Wylie, S.C.",35.110422,-81.0538064
Keene,42.933597,-72.2784264
Liberty,30.0856736,-94.7856262
"Mont-Tremblant, Quebec",46.11588,-74.5891426
"Soddy Daisy, Tenn.",35.2359025,-85.1907904
"Healdsburg, Calif.",38.6106812,-122.870138
"Alta, Utah",40.5904037,-111.635216
"Salt Late City, Utah",40.7596198,-111.886797
"Salt Point, N.Y.",41.8046512,-73.7903622
"Hicksville, N.Y.",40.7695303,-73.5293246
"Ocean View, N.J.",39.1914735,-74.732029
"Basalt, Colo.",39.3688731,-107.032824
"Kleinmachnow, Germany",52.4064167,13.2236601
"Carbondale, Colo.",39.4005647,-107.2112407
"Esher, England",51.3693938,-0.365415
"Ioannina, Greece",39.6639818,20.8522784
"Tauranga, New Zealand",-37.6859006,176.167505
"Skowhegan, Maine",44.7558635,-69.6656301
"Rye Beach, N.H.",42.9772866,-70.7696039
"Canaan, N.H.",43.6465313,-72.0119915
"Lenox, Mass.",42.3568223,-73.2850851
"Portland,  Ore.",45.5202471,-122.674194
"Lake Villa, Ill.",42.4169651,-88.0739708
"West Des Moines, Iowa",41.5644476,-93.7594059
"Charlotte, Vt.",44.3105141,-73.2531419
"Newington, N.H.",43.100482,-70.834351
"Randolph, N.J",40.844265,-74.5857218
"Maui, Hawaii",20.8029568,-156.3106833
"Ringwood, N.J.",41.113429,-74.2454254
"Whitefish Bay, Wisc.",43.1185591,-87.906804
"Sheridan, Wyo.",44.7947537,-106.8222688
"Exmore, VA",37.5318069,-75.8229914
"Huntsville, Alabama",34.729847,-86.5859011
"Doral, Fla.",25.8195424,-80.3553302
"M'Bour, Senegal",14.4207396,-16.971484
"Bettendorf, Iowa",41.5253792,-90.5098639
"Fairview, Texas",33.1578325,-96.6318301
"Sandys, Bermuda",32.3005142,-64.8697448
"Petaluma, Calif.",38.2325829,-122.636465
"Lynn, Mass.",42.466763,-70.9494939
"Senoia, Ga.",33.3011663,-84.5540046
"Brooksville, N.Y.",44.3953548,-68.7105833
"Yokohama, Japan",35.4503381,139.6343802
"Heathfield, England",50.9717443,0.2517025
"Pembroke, Bermuda",32.3016221,-64.7900055
"Sand Point, N.Y.",44.3064415,-73.9812121
"Cape Town, South Africa.",-33.9288301,18.4172197
"Mclean, Va.",38.9366852,-77.185843
"Stratford, Conn.",41.1923646,-73.1304917
"Willingdon, England",50.8004213,0.2501166
"Gauteng, South Africa",-25.9363439,28.0813105
"Sandnes, Norway",58.9831321,6.394641
"Bourbonnais, Ill.",41.1639309,-87.8839693
"Atenas, Costa Rica",9.9794934,-84.3990263
"Agios Stefanos, Athens, Greece",38.1410051,23.8575845
"Nicosia, Cyprus",35.1746503,33.3638783
"Thrakomakedones, Athens, Greece",38.1294473,23.7573686
"Sunyani, Ghana",7.3384389,-2.3309226
"Garðabær, Iceland",64.0880255,-21.9193961
"Cambridge, United Kingdom",52.1975846,0.1391537
"Buckinghamshire, England",51.840894,-0.8998074
"Salisbury, Mass.",42.8418855,-70.8602328
"York, Pa.",39.962493,-76.7276989
"Glenside, Pa.",40.103196,-75.1515534
"New Gloucester, Maine",43.9632491,-70.2814344
"Meadowbrook, Pa.",40.1113073,-75.0925035
"Boalsburg, Pa.",40.7763607,-77.7829777
"Rockville, Conn.",41.8655808,-72.4559661
"Mattapoisett, Mass.",41.6580466,-70.8135195
"Prosper, Tex.",33.2371585,-96.7977048
"Boise, Ida.",43.6166163,-116.200886
"Cos Cob, CT",41.0510193,-73.5919491
"Kingston, United Kingdom",52.1791855,-0.0321477
"Litchfield, Maine",44.1544363,-69.9465458
"Cortlandt Manor, NY",41.2815783,-73.7131153
"Stamford, Lincolnshire, England",52.6519973,-0.4804579
"Makanda, Ill.",37.6175093,-89.2090592
"West Harrison, N.Y.",41.0389178,-73.747579
"Merrick, N.Y.",40.6523325,-73.5512469
"Carstairs, Alberta",51.5671164,-114.0976147
"Bloomsbury, N.J.",40.6539892,-75.0865619
"Port Chester, N.Y.",41.0017643,-73.6656834
"Cazenovia, N.Y.",42.9300668,-75.8526969
"Westlake, Texas",32.991226,-97.1943701
"Hughesville, Md.",38.537151,-76.7856046
"Fenton, Mich.",42.7978061,-83.7049498
"Garden City, N.J.",39.7726143,-75.0704492
"Wilbraham, Mass.",42.1223378,-72.4313151
"Timonium, Md.",39.4475075,-76.5974223
"Hampstead, Md.",39.6028444,-76.8534845
"Hogansburg, N.Y.",44.9739364,-74.6632416
"Buzzards Bay, Mass.",41.7452589,-70.6154965
"Massena, N.Y.",44.9300823,-74.8922422
"Wyndmoor, Pa.",40.0853435,-75.1940207
"Hopkins, Minn.",44.9243986,-93.4114487
"Manhasset, N.Y",40.786702,-73.6967338
"Canton, N.Y.",44.5956163,-75.1690942
"Kensington, MD",39.0258405,-77.0750246
"Golden, Colo.",39.7546349,-105.22058
"Remsenburg, N.Y.",40.8076955,-72.7088261
"Princeton Jct., N.J.",40.3159898,-74.6241189
"Queretaro, Mexico",20.8052225,-99.8837376
"Bristol, United Kingdom",51.4430141,-2.5816622
"Lutherville Timonium, Md.",39.4184949,-76.6315807
"Stevenson, Md.",39.4102772,-76.7128314
"Hobe Sound, Fla.",27.080492,-80.139918
Indore Madiya Pradesh,22.7203616,75.8681996
"Bangalore, India",12.9767936,77.590082
"Bayan Lepas, Penang",5.2948137,100.2595968
"Delhi, India.",28.6328027,77.2197713
"Lorton, Va.",38.6946355,-77.2199931
"Woodland, Calif.",38.6786109,-121.7733285
"Gold River, Calif.",38.6239434,-121.244024
"West Vancouver, B.C.",49.3311208,-123.159479
"Grass Valley, Calif.",39.2190607,-121.06292
"Buraneer, Australia",-34.0644603,151.1377905
"Winthrop Harbor, Ill.",42.478934,-87.8238485
"Rosemount, Minn.",44.7391873,-93.12611
"Dove Canyon, Calif.",33.6316886,-117.5664362
"Rutledge, Pa.",39.901779,-75.3285218
"North Branford, Conn.",41.3275971,-72.7673198
"Lisle, Ill.",41.801159,-88.0747687
"Brea, Calif.",33.9170444,-117.888855
"Wyndmoor, Penn.",40.0853435,-75.1940207
"Lyons, Colo.",40.224432,-105.270532
"Markham, Ontario",43.8563707,-79.3376825
"Englewood, Fla",26.9606125,-82.3576324
"Guadalajara, Mexico",20.6720375,-103.338396
"Malmo, Sweden",55.6052931,13.0001566
"Antalya, Turkey",36.8865728,30.7030242
"Victoria, Canada",48.4283182,-123.364953
"Medellín, Colombia",6.2697324,-75.6025597
"Long Hill, N.J.",41.113328,-74.3432744
"Oxford, UK.",51.7520131,-1.2578499
"Clements, Calif.",38.1907514,-121.0882767
"Nampa, Idaho",43.5780381,-116.5616885
"Waimanalo, Hawaii",21.346304,-157.7211
"Rockwall, Texas",32.8923464,-96.4066987
"Balneário Camboriú, Brazil",-27.0075487,-48.6139259
"Carmel, Calif.",36.5552656,-121.923278
"Turner Valley, Alberta",50.6715813,-114.2687992
"Dillon, Colo.",39.6302657,-106.0433023
"Demascus, Ore.",45.4220856,-122.4283111
"Edwards, Colo.",39.6245455,-106.6308566
"Umatilla, Ore.",45.6416995,-118.7671122
"Bell, Calif.",33.9747806,-118.1866361
"Grants Pass, Ore.",42.4393707,-123.3272489
"Chapman, Maine",46.648493,-68.16124
"Breckenridge, Colo.",39.4829124,-106.0465486
"Manoa, O’ahu, Hawai’i",21.3093848,-157.8118169
"Salem, Ore.",44.9391565,-123.033121
"Sinajana, Guam",13.4612716,144.7550014
"Wilsborough Green, England",51.1415683,0.8948952
"Decatur, Ill.",39.8454163,-88.9524151
"Haarlem, The Netherlands",52.3837281,4.6435679
"Osceola, Ind.",41.6650487,-86.075836
"Meridian, Idaho",43.6086295,-116.392326
"Colgate, Wis.",43.1928301,-88.2067737
"Eatonville, Wash.",46.8682516,-122.270068
"Usk, Wales",51.7045076,-2.9026437
"Carlton, Ore.",45.2942822,-123.176494
"San Leandro, Calif.",37.7249296,-122.1560768
"Jakarta, Indonesia",-6.1754049,106.827168
"Fallbrook, Calif.",33.3663105,-117.2232672
"Franklin, Ga.",34.3678347,-83.2107222
"West Sacramento, Calif.",38.5804609,-121.530234
"Nome, Alaska",64.4975098,-165.4061701
"Laie Malo'o, Hawaii",21.6438449,-157.924442
"Stockton, Calif.",37.9577016,-121.290779
"Summit County, Colo.",39.6070951,-106.0636654
"Vancouver Island, B.C.",49.5929495,-125.702557
"Hauula, Hawaii",21.59497,-157.9196434
"Trenton, Ont.",44.1019126,-77.57539
"Meridan, Idaho",43.0029794,-115.2040895
"Somersworth, N.H.",43.2625585,-70.8645872
"Frisco, Colo.",39.5768577,-106.092828
"Duncan, B.C.",48.7786872,-123.7080446
"Hopedale, Mass.",42.1300773,-71.5406222
"Monrovia, Calif.",34.1483499,-118.0014517
"Old Brookville, N.Y.",40.8320441,-73.6048493
"Mt. Prospect, Ill.",42.0664167,-87.9372908
"South Hamilton, Mass.",42.6130398,-70.8723954
"Shoreline, Wash.",47.7564667,-122.3437497
"Myrtle Beach, S.C.",33.6956461,-78.8900409
"Eau Claire, Wis.",44.811349,-91.4984941
"Santa Ysabel, Calif.",33.1092099,-116.673076
"Winter Springs, Fla.",28.6987317,-81.3055188
"Merced, Calif.",37.1641544,-120.7678602
"Cardiff, Calif.",33.6879703,-117.8073342
"Farmington, Conn.",41.7198216,-72.8320435
"Watertown, Tenn.",36.1003358,-86.1319341
"Valley Glen, Calif.",34.1826379,-118.4138666
"Pinecrest, Fla.",25.6670476,-80.3081074
"Grand Blanc, Mich.",42.9275277,-83.6299518
"Dardanelle, Ark.",35.2231408,-93.1579532
"Lee's Summit, Mo.",38.9107156,-94.3821295
"Schaumburg, Ill.",42.0333608,-88.083406
"Hillsboro, Ill.",39.1609575,-89.4933899
"Atherton, Calif",37.453773,-122.2058272
"Bainbridge Island, WA",47.6515096,-122.5246791
"Monmouth Beach, N.J.",40.3303883,-73.9815262
"Nantucket, Mass.",41.2844408,-70.09842
"Clearwater, Florida",27.9658533,-82.8001026
"Hansville, Wash.",47.916723,-122.5738626
"Newark, California",37.5296593,-122.0402399
"Short HIlls, N.J.",40.7381585,-74.3377392
"Islesboro, Maine",44.2892934,-68.9081685
"Las Palmas De Gran Canaria, Spain",28.1288694,-15.4349015
"Irvington, Va.",37.6615287,-76.4191161
"Caledon, Ontario",43.8320698,-79.9066871
"Prairie Village, Kan.",38.9914109,-94.6332768
"Fort Lauderdale, Fl.",26.1223084,-80.1433786
"Palo Alto, CA",37.4443293,-122.1598465
"Miami, Fl.",25.7741566,-80.1935973
"Edgewood, R.I.",41.7814895,-71.3975555
"Marstons Mills, Mass.",41.653384,-70.4132249
"Rockport, Maine",44.1875416,-69.0730466
"Bel Tiburon, Calif.",37.9013147,-122.4991404
"Lavallette, N.J.",39.9703958,-74.0687475
"Big Bear Lake, Calif.",34.2440587,-116.91018
"Kilchberg, Switzerland",47.3225316,8.5459483
"Mammoth Lakes, Calif.",37.6432525,-118.9668509
"Avon, Colo.",39.6342752,-106.522243
"Ketchum, Idaho",43.680741,-114.363662
"Jilemnice, Czech Republic",50.6091761,15.5064747
"St. Albans, Vt.",44.8107911,-73.0833607
"Warren, Vt.",44.1139265,-72.8555364
"Jamaica, Vt.",43.1001334,-72.7784018
"Vail, Colo.",39.6438028,-106.3888231
"Millbrook, N.Y.",41.7865038,-73.6921867
"East Burke, Vt.",44.5891497,-71.9405616
"Landgrove, Vt.",43.2597253,-72.8487723
"Udin, Italy",46.0634632,13.2358377
"Winthrop, Wash.",48.4779232,-120.186195
"Northboro, Mass.",42.2691027,-71.7687675
"Fort Kent, Maine",47.2559046,-68.5904597
"Waitsfield, Vt.",44.1926416,-72.822106
"Squamish, BC",49.6980743,-123.155861
"Middlesex, Vt.",44.2920544,-72.6780549
"Mercer Island, Washington",47.5766324,-122.2276378
"Jay, Vt.",44.9481252,-72.4381452
"Hamel, Minn.",45.0409201,-93.5252362
"Vouliagmeni, Greece",37.8139557,23.7821394
"Olympic Valley, Calif.",39.1984156,-120.2298597
"Waterville Valley, N.H.",43.9496312,-71.5056972
"Bondville, Vt.",43.1444127,-72.8783775
"Sartell, Minn.",45.6216319,-94.2069365
"Ripton, Vt.",43.9738222,-73.0337694
"Saltsjobaden, Sweden",59.2792775,18.3049291
"Fairbanks, Alaska",64.837845,-147.716675
"Craftsbury, Vt.",44.6361057,-72.3732957
"Quebec City, Quebec",46.8137431,-71.2084061
"Wheelock, Vt.",44.5877555,-72.0834638
"Richmond, Vt.",44.4052143,-72.9930745
"Rossland, British Columbia",49.0778179,-117.7997859
"Hailey, Idaho",43.519629,-114.315325
"Waterbury, Vt.",44.3379214,-72.7563801
"Leadville, Colo.",39.2508229,-106.2925238
"Summerland, British Columbia",49.6,-119.666667
"Gilford, N.H.",43.54805,-71.407013
"Saltsjöbaden, Sweden",59.2792775,18.3049291
"Nethy Bridge, Scotland",57.2649841,-3.6575274
"Silverthorne, Colo.",39.6317896,-106.0752294
"Westford, Vt.",44.6119901,-73.0088889
"Whitefish, Mont.",48.4108018,-114.334624
"Londonderry, Vt.",43.193006,-72.8150391
"Middlebury, Vt.",44.014299,-73.167229
"Oxford, United Kingdom",51.7520131,-1.2578499
"Leavenworth, Wash.",47.5969138,-120.661081
"Bradford, Mass.",42.7652102,-71.0760878
"Chesterfield, Mo.",38.6581764,-90.5680617
"Sonoma, Calif.",38.5110803,-122.8473388
"Niantic, Conn.",41.3211295,-72.193583
"Maple Plain, Minn.",45.0071851,-93.6557945
"North Grosvendorale, Conn.",41.9856531,-71.8986833
"Helsingborg, Sweden",56.0442098,12.703706
"Rhoadesville, Va.",38.27176,-77.9335981
Belgrade-Novi Beograd,44.8133048,20.4183382
"Tacoma, Wash.",47.2455013,-122.438329
"Hawthorn, Australia",-37.8244246,145.0317207
"Huntsville, Utah",41.2610084,-111.7688329
"Richmond, UK",51.4405529,-0.3076394
"Moreton-in-Marsh, UK",51.9906413,-1.7023018
"Center Ossipee, N.H.",43.7550527,-71.1528506
"Sunderland, Mass.",42.4636924,-72.5805642
"Topanga, Calif.",34.0675866,-118.595672
"East Sussex, England",50.9404266,0.3699978
"Black Mountain, N.C.",35.6176544,-82.3205791
"Trappe, Md.",38.6584506,-76.0579956
"Craryville, N.Y.",42.1748115,-73.5828976
St. Petersburg,59.9606739,30.1586551
"Leer, Germany",53.2049511,7.4595298
"Macclesfield, England",53.2606635,-2.1255158
"Coeur d'Alene, Idaho",47.6742994,-116.7811531
Lynnfield Mass.,42.5389836,-71.0481084
"Szolnok, Hungary",47.1753833,20.1946279
"Welland, Ont.",42.9922181,-79.2484192
"Eaton Rapids, Mich.",42.5092039,-84.655814
"Sausalito, Calif.",37.8590272,-122.485469
"Ottawa, Canada",45.4208777,-75.6901106
"Roselle, N.J.",40.6527033,-74.2579418
"Berkley, Mass.",41.8459347,-71.0828222
"Cle Elum, Wash.",47.1952417,-120.940063
"New Bremen, Ohio",40.4369919,-84.3796729
"Stanford, Calif.",37.4265407,-122.1703055
"Holland, Pa.",40.1728871,-74.9926688
"Southport, N.C.",33.921563,-78.0202677
"Pearland, Tex.",29.5639758,-95.2864299
"Longboat Key, Fla.",27.4125417,-82.6589881
"St. Charles, Il.",41.9139808,-88.3128183
"Sidney, Neb.",41.1448682,-102.9767382
"Mokena, Ill.",41.5261437,-87.8892189
"Schaghticoke, N.Y.",42.8944113,-73.5872328
"Ellettsville, Ind.",39.2339348,-86.6250008
"Astoria, Ore.",46.1882007,-123.8319802
"Riverbank, Calif.",37.7360396,-120.9354895
"Ijamsville, Md.",39.3603809,-77.3227621
"Corrales, N.M.",35.2382346,-106.6069727
"Port Washington, Ohio",40.328124,-81.5206731
"Tel-Aviv, Israel",32.0852997,34.7818064
"Jonesboro, Ga.",33.5215013,-84.3538128
"Hayward, Calif.",37.6688205,-122.080796
"Bloomington, Indiana",39.1670396,-86.5342881
"Cornelia, Ga.",34.5114883,-83.5271166
"Hillsborough, NC",36.075382,-79.0993958
"Njurunda, Sweden",62.2373632,17.4632778
"Prague, Czechia",50.0874654,14.4212535
"P?rnu, Estonia",58.3870659,24.5026059
"Warsaw, Ind.",41.2381017,-85.8530544
"Tracy, Calif.",37.7385507,-121.420139
"Mt. Kisco, N.Y.",41.2042616,-73.7270761
"San Pedro Sula, Cortes",15.5053546,-88.0250839
"Grad Zagreb, Croatia",45.8130967,15.9772795
"Newington, Conn.",41.6978777,-72.7237063
"Udine, Italy",46.0634632,13.2358377
"La Verne, Calif.",34.1008426,-117.7678355
"Horsham, Pa.",40.1842455,-75.1390524
"Oak Ridge, Tenn.",36.0103562,-84.2696449
"East Charlotte, N.C.",35.2165335,-80.784083
"Reykjavik, Iceland",64.145981,-21.9422367
"Wethersfield, Conn.",41.7142665,-72.6525922
"Glen Mills, Pa.",39.919698,-75.4904323
"Southwest Harbor, Maine",44.2797546,-68.3259069
"Atlanta, Ga",33.7544657,-84.3898151
"Techiman, Ghana",7.584971,-1.936401
"Phoenix, Ari.",33.4484367,-112.074141
"Wayne, Penn.",40.3291135,-79.6432817
"Dayton, Md.",39.2392725,-76.9866438
"Dreieich, Germany",50.011974,8.7123912
"Luton, England",51.891073,-0.4230304
"Saunderstown, RI",41.5078795,-71.4245004
"Prides Crossing, Mass.",42.5598175,-70.8244921
"West Friendship, Md.",39.3034518,-76.9537905
"Sag Harbor, N.Y.",40.9978727,-72.2922292
"Cherry Hills, Colo.",39.6416544,-104.959425
"Del Mar, California",32.9594891,-117.2653146
"Flourtown, Pa.",40.1030852,-75.2042283
"Amstelveen, Netherlands",52.3028209,4.8596844
"Montevideo, Uruguay",-34.9058916,-56.1913095
"Collingswood, N.J.",39.9181686,-75.071284
"Walton-on-Thames, England",51.3856837,-0.419814
"Aldeburgh, England",52.1523814,1.6015691
"Cork, Ireland",51.8985136,-8.4726423
"Virginia, Beach, Va.",36.7159724,-76.0935474
"Bueno Aires, Argentina",-36.2800072,-62.544593
"Castelldefels, Spain",41.2861022,1.9824173
"Glasglow, Scotland",55.861155,-4.2501687
"Mendota Heights, Minn.",44.8835768,-93.1382749
"Westmouth, Quebec",45.4856917,-73.596562
"Kearny, N.J.",40.7684342,-74.1454214
"St. John's, Fla.",30.2875933,-81.4127268
"Rockaway, N.J.",40.9013539,-74.5138157
"Bensalem, Pa.",40.1045549,-74.951279
"Branchburg, N.J.",40.5688245,-74.7002714
"Pointe-Claire, Quebec",45.4566767,-73.8067442
"Goshen, N.Y.",41.4021497,-74.3242129
"Bemus, N.Y.",42.1593392,-79.3922893
"Conestogo, Ontario",43.5412599,-80.5048699
"Gray, La.",29.6867175,-90.781302
"Logan, Iowa",41.6432257,-95.7894213
"Halfax, Nova Scotia",44.648618,-63.5859487
"Sheridan, Ark.",34.3100971,-92.4013484
"Rochester, N.H.",43.3050758,-70.9753978
"South Portland, Maine",43.6382443,-70.2529189
"Union, N.J.",40.6652251,-74.3045277
"Blaine, Minn.",45.1607987,-93.2349489
"Pismo Beach, Calif.",35.1427436,-120.641288
"Rock Hill, S.C.",34.9248667,-81.0250784
"Kardasova Recice, Czech Republic",49.1847779,14.8531546
"Barnet, VT",44.2966923,-72.0495301
"Union, Kentucky",37.637247,-87.958036
"Redding, Calif.",40.5863563,-122.391675
"Kolarovo, Slovakia",47.9182347,17.9966591
"Oak Brook, Ill.",41.8327126,-87.9484125
"Turlock, Calif.",37.4946568,-120.8465941
"Long Branch, N.J.",40.3042778,-73.9923596
"Reading, Penn.",40.335345,-75.9279495
"Thetford Center, Vt.",43.8286805,-72.2462023
"Wake, Va.",37.5681925,-76.4291138
"Saint Paul, Minn.",44.9497487,-93.0931028
"Woodcliff Lake, N.J.",41.0234304,-74.0665297
"South Yorkshire, United Kingdom",53.4815334,-1.3810422
"Melbourne Beach, Fla.",28.0684067,-80.5607951
"North Miami, Fla.",25.8900949,-80.1867138
"Newton Centre, Mass.",42.3300309,-71.1948774
"Waban, Mass.",42.3258563,-71.2306431
"The Woodlands,TX",30.1734194,-95.504686
"Snellville, Ga.",33.857328,-84.0199108
"Ankeny, Iowa",41.7320796,-93.605092
Sishya School,12.7263015,77.8145241
"Charlestown, Mass.",42.3778749,-71.0619957
"Manvel, Texas",29.4664706,-95.355714
"Shady Side, Md.",38.8313945,-76.5193293
"Lake Havasu, Ariz.",34.4105067,-114.2908721
"Berwyn, Ill.",41.8505874,-87.7936685
"Willingboro, N.J.",40.0289423,-74.8808221
"Apollo, Pa.",40.5826289,-79.5670341
"Haymarket, Va.",38.8121398,-77.6368038
"Robinson, Texas",31.4676687,-97.1147226
"LaPlace, La.",30.0771675,-90.485784
"Spiro, Okla.",35.2412073,-94.619944
"Canton, Ohio",40.7985464,-81.3749508
"Rush, N.Y.",42.9958962,-77.6455564
"Irmo, S.C.",34.0884689,-81.1802101
"Burtonsville, Md.",39.1096795,-76.9304928
"Shoreview, Minn.",45.0722056,-93.1282878
"Laguna Hills, Calif.",33.5948758,-117.6882067
"Lafayette, La.",30.2262187,-92.0178202
"Bonita, Calif.",32.6649141,-117.0170334
"Dakota Dunes, S.D.",42.4904114,-96.4922517
"Youngstown, Ohio",41.1035786,-80.6520161
"Belle Chasse, La.",29.844148,-90.0140042
"Queen Creek, Ariz.",33.2483858,-111.634158
"Fort Wright, Ky.",39.0517272,-84.5341096
"Mishawaka, Ind.",41.6611642,-86.1807031
"Jesup, Ga.",31.6074365,-81.8853924
"Meridianville, Ala.",34.8703223,-86.5713609
"Lewiston, Minn.",43.9846785,-91.8695909
"DeKalb, Ill.",41.8903447,-88.7713953
"Middlesex, N.J.",40.4279708,-74.3963102
"Springdale, Ark.",36.1867442,-94.1288142
"Conway, S.C.",33.8360035,-79.0478143
"Pottstown, Pa.",40.2452976,-75.6496424
"Kapolei, Hawaii",21.344828,-158.063333
"Elgin, Ill.",42.03726,-88.2810994
"Clinton, Md.",38.7522607,-76.8969155
"Forest Hill, Md.",39.5851063,-76.387739
"Reisterstown, Md.",39.4695489,-76.8294213
"West Milford, N.J.",41.1312069,-74.3673748
"Odessa, Fla.",28.183222,-82.5540279
"Riviera Beach, Fla.",26.784343,-80.0650293
"Odenton, Md.",39.0657788,-76.6876169
"Elizabethville, Pa.",40.5489742,-76.8119151
"Marcellus, N.Y.",42.9556549,-76.3249424
"Covington, Wash.",47.3657791,-122.100222
"Neptune Beach, Fla.",30.311908,-81.3964734
"Monroe, N.C.",34.9854275,-80.5495112
"Malden, Mass.",42.4268484,-71.0683741
"Lenexa, Kan.",38.9697458,-94.7845837
"Cornwall-on-Hudson, N.Y.",41.4448133,-74.0155219
"Millington, N.J.",40.6773237,-74.5176555
"Pulheim, Germany",50.9979888,6.8025409
"Huntsville, Ala.",34.729847,-86.5859011
"Hillsborough, N.C.",36.075382,-79.0993958
"West Lake, Calif.",38.6618488,-121.544804
"Fountain, Colo.",38.682219,-104.7008056
"Smyrna, Ga.",33.883887,-84.5147454
"West Chicago, Ill.",41.8847507,-88.2039607
"Penn Hills, Pa.",40.4729398,-79.8176723
"DeSoto, Texas",32.5897831,-96.8570183
"Moore, S.C.",34.8334519,-81.9920461
"Huntington, W.Va.",38.4192496,-82.445154
"Zachary, La.",30.6485191,-91.1564961
"Schönfeld, Germany",53.852541,12.95783
"Avon, Ind.",39.7628227,-86.3997168
"Robesonia, Pa.",40.3517591,-76.134389
"Lorain, Ohio",41.2633554,-82.1734746
"Montgomery, Ala.",32.3777111,-86.3090775
"Nolensville, Tenn.",35.9522852,-86.6694413
"Statesboro, Ga.",32.4490141,-81.7832912
"Summerville, S.C.",33.0186699,-80.1762704
"Lander, Wyo.",42.8330755,-108.730702
"Magnolia, Texas",30.2095594,-95.7507897
"Bastrop, La.",32.7777896,-91.9138683
"Leeds, Mass.",42.3543687,-72.7010568
"Whitesboro, N.Y.",43.1218393,-75.2911438
"Loganville, Ga.",33.8389977,-83.9007382
"Jacksonville, Ala.",33.8137919,-85.7612872
"Székesfehérvár, Hungary",47.1910169,18.410811
"Picayune, Miss.",30.5254692,-89.6795084
"Dearborn Heights, Mich.",42.3369816,-83.2732627
"Salem, Mass.",42.5195292,-70.8967226
"Seneca, S.C.",34.6865321,-82.9527288
"Hanahan, S.C.",32.9031634,-80.0083686
"Grayslake, Ill.",42.3433518,-88.0412192
"Inglewood, Calif.",33.9562003,-118.353132
"Delran, N.J.",40.0154905,-74.9550416
"North Little Rock, Ark.",34.769536,-92.2670941
"Hertfordshire, England",51.8400523,-0.0978552
"Bogota, Colombia",4.6533817,-74.0836331
"Hope Island, Queensland",-27.8651137,153.357731
"Laval, Quebec",45.605589,-73.7345601
"Plymouth, England",50.3714122,-4.1424451
"Zorneding, Germany",48.0848806,11.8276735
"Orihuela Costa, Spain",38.0794539,-0.9457207
"Dorchester, England",50.7132064,-2.4371229
"Muenchen, Germany",48.1371079,11.5753822
"Hamilton, Mass.",42.6362052,-70.8431049
"Klaipeda, Lithuania",55.7127529,21.1350469
"Bristow, Va.",38.7311636,-77.5480241
"Santa Margarita, Calif.",35.3899734,-120.609057
"Madison, Miss.",32.6308318,-90.0040817
"Gastonia, N.C.",35.2622654,-81.1838186
"Banja Luka, Bosnia and Herzegovina",44.7720845,17.1917651
"Solna, Sweden",59.366667,18.016667
"Manchester, England",53.4424618,-2.2324547
"Maputo, Mozambique",-25.966213,32.56745
"Whittier, Calif.",33.9749136,-118.0338664
"Siauliai, Lithuania",55.9340823,23.3157775
"South Weymouth, Mass.",42.1547461,-70.9531903
"Plainfield, N.H.",43.5344955,-72.3563296
"Northfield, Ill.",42.09975,-87.7808967
"Waddington, N.Y.",44.86463,-75.204163
"Slave Lake, Alberta",55.2810741,-114.7717876
"Grayson, Saskatchewan",50.7200242,-102.6430165
"Newmarket, Ontario",44.056258,-79.461708
"Nobleton, Ontario",43.9022127,-79.652722
"Redvers, Saskatchewan",49.5727567,-101.6979903
"Rockfall, Conn.",41.5307248,-72.695896
"Pawtucket, R.I.",41.8789531,-71.3821203
"Corcoran, Minn.",45.0951069,-93.5475651
"Bayfield, Ontario",43.5609982,-81.6959031
"Györ, Hungary",47.6835029,17.6342832
"London, Ontario",42.9836747,-81.2496068
"Dartmouth, N.S.",44.6799707,-63.5720232
"Regina, Sask.",50.4479733,-104.6158764
"Thornbury, Ontario",44.5618428,-80.4528539
"Baxter, Minn.",46.3433005,-94.286666
"Shakopee, Minn.",44.7980186,-93.5268986
"Oxford, Ohio",39.5103048,-84.7420519
"Mound, Minn.",44.9366295,-93.6660719
"Wilmington, Mass.",42.5464828,-71.1736669
"Dorchester, Ont.",42.9886863,-81.0586953
"Clayton, Ont.",45.1915717,-76.3264108
"Whitby, Ont.",43.87982,-78.9421751
"Pickering, Ont.",43.835765,-79.090576
"Kelowna, British Columbia",49.8879177,-119.495902
"Prior Lake, Minn.",44.7133271,-93.4226873
"St. Alban's, Vt.",44.8107911,-73.0833607
"Cordast, Switzerland",46.8756322,7.1484443
"Durban, South Africa",-29.8618145,31.009909
"Bogota DC, Colombia",4.6608326,-74.1381717
"Honolulu, HI",21.304547,-157.855676
"Waite Hill, Ohio",41.618659,-81.384
"Prunedale, Calif.",36.808671,-121.6433861
"Barranquilla, Columbia",11.0101922,-74.8231794
"Ikskile, Lativa",56.8375098,24.4975204
"Sycamore, Ill.",41.9889173,-88.6867538
"Fresh Medows, N.Y.",40.7348246,-73.7934668
"Port Moody, British Columbia",49.2821981,-122.8293554
"Siauliai Vijoliai, Lithuania",55.9340823,23.3157775
"Joplin, Mo.",37.0841838,-94.5133385
"Burlington, Ontario, Canada",43.3248924,-79.7966835
"Cardiff, Wales, United Kingdom",51.4816546,-3.1791934
"Tangier, Morocco",35.7625681,-5.8295062
"West Seneca, N.Y.",42.8395833,-78.7541466
"St. Lambert, Quebec",45.5016203,-73.5102981
"Acton, Calif.",34.4807415,-118.1868379
"Medford, Mass.",42.4184296,-71.1061639
"Oakdale, Minn.",44.985624,-92.9645794
"Prince George, British Columbia",53.9128645,-122.7453699
"North Falmouth, Mass.",41.6489409,-70.6168547
"Andover, N.H.",43.4366616,-71.8197481
"Sackville, Nova Scotia",44.6474645,-63.5693172
"Slate Hill, N.Y.",41.3909274,-74.4765471
"Southlake, Tex.",32.9412363,-97.1341783
"Westlake, Tex.",32.991226,-97.1943701
"Walpole,Mass.",42.1459019,-71.2538759
"Hamilton, Ont.",43.2560802,-79.8728583
"Center Moriches, N.Y.",40.800558,-72.7933405
"Aurora, Ont.",43.99973,-79.467545
"Holmdel, NJ.",40.3451095,-74.1840322
"Helsinki, Finland",60.1666204,24.9435408
"Pointe-Claire, Québec",45.4566767,-73.8067442
"Rosemère, Québec",45.6323155,-73.8052338
"Bedarrides, France",44.0407425,4.8982969
"South Bend, Ind.",41.6833813,-86.2500066
"Bromma, Sweden",59.339769,17.9395411
"Inverness, Ill.",42.1180815,-88.0961865
"Aguimes, Spain",27.9049541,-15.4445131
"Biddeford, Maine",43.4925843,-70.4533844
"Morton, Ill.",40.6127349,-89.459323
"Novi Sad, Serbia",45.2551338,19.8451756
"Pikermi, Greece",38.0016292,23.9410271
"Harrisburg, Pa.",40.2663107,-76.8861122
"Paramaribo, Suriname",5.8241764,-55.1662813
"Hampton, Victoria, Australia",-37.9381127,145.0014764
"Dawes Point, Australia",-33.8572223,151.2067756
"East Bridgewater, Mass.",42.0332957,-70.9588099
"Victoria, BC, Canada",48.4283182,-123.364953
"Wellesly, Mass.",42.2964859,-71.2925571
"Merrimac, Mass.",42.8336778,-71.0024277
"Fort Pierce, Fla.",27.4467056,-80.3256056
"Bhopal, India",23.2584857,77.401989
"Mosman, Australia",-33.8283536,151.2476855
"Coomandook, Australia",-35.4708842,139.6979072
"North Dean, United Kingdom",51.6794768,-0.7715516
"Ligonier, Pa.",40.2430966,-79.2376363
"Spokane, Wash",47.6571934,-117.42351
Tanzania,-6.5247123,35.7878438
"Whitestone, N.Y.",40.7945457,-73.8184674
"Eden Hills, Australia",-35.0210612,138.5956889
"Marco Island, Fla.",25.9372513,-81.71573
"Hamilton, Australia",-37.7433872,142.0242865
"Piedmont, Okla.",35.6419952,-97.7464345
"Montecello, N.Y.",42.6340997,8.9642759
"Lancaster, Mass.",42.4431437,-71.6852823
"Durham, United Kingdom",54.666667,-1.75
"Mississauga, Canada",43.5884727,-79.643658
"Nelson, New Zealand",-41.2710849,173.2836756
"Cambridge, New Zealand",-37.8917889,175.4691069
"Mandelieu-la-Napoule, France",43.5439153,6.9359135
"Central Islip, N.Y.",40.7807275,-73.192822
"Townsend, Mass.",42.6672131,-71.7050825
"Warwick, Australia",-28.2163204,152.0327039
"Halifax, Nova Scotia, Canada",44.648618,-63.5859487
"Mont Vernon, N.H.",42.8945294,-71.6742394
"Cornwall, England",50.4433489,-4.6246566
"New York City, NY",40.7127281,-74.0060152
"Herrliberg, Switzerland",47.2905574,8.6124721
"La Punta, Peru",-12.0708597,-77.1630399
"Adelaide, Australia",-34.9281805,138.5999312
"Richmond, U.K.",37.9357576,-122.347748
"Cheltenham, U.K.",34.1410871,-118.4230389
"Bridgewater, Mass.",41.9902206,-70.9754432
"Plano, TX",33.0136764,-96.6925096
"Volos, Greece",39.3624833,22.9401864
"Brookline, MA",42.332918,-71.1187829
"Kilkenny, Ireland",52.6506255,-7.2514438
"Rifton, NY",41.833944,-74.0393128
"London, UK",51.5074456,-0.1277653
"Delray, Fla.",26.4614625,-80.0728201
"Roudnice nad Labem, Czech Republic",50.4244462,14.2603824
"Augusta, Ga.",33.4709714,-81.9748429
"Gatlinburg, Tenn.",35.714259,-83.5101638
"Niagara Falls, Ont.",43.1065603,-79.0639039
"Danischenhagen, Germany",54.4272284,10.1251051
"Edmonds, Wash",47.8105738,-122.3774952
"Brumunddal, Norway",60.884916,10.9418392
"Hosle, Norway",59.9328,10.5805333
"Petoskey, Mich.",45.373343,-84.95533
"Leominster, Mass.",42.5267443,-71.7614891
"Queenstown, New Zealand",-45.0321923,168.661
"Yorba Linda, Calif",33.8901096,-117.8249705
"Millville, Mass.",42.0278912,-71.5807103
"Heredia, Costa Rica",10.3767813,-84.0139721
"Aichi, Japan",34.9991645,137.254574
"Kópavogur, Iceland",64.1113504,-21.9048106
"Clinton, Conn.",41.2787104,-72.5275904
"Napa Valley, Calif.",38.4616809,-122.3141996
Monaco,43.7323492,7.4276832
"Asker, Norway",59.6812603,10.474836
"Worcester, Pa.",40.201217,-75.346567
"Rennesøy, Norway",59.1148367,5.6491517
"Miesenheim, Germany",50.4015429,7.4092048
"Washingtonville, N.Y.",41.4278716,-74.1659798
"São Paulo, Brazil",-23.5506507,-46.6333824
San Francisco Calif.,37.7879363,-122.4075201
"Kiev, Ukraine",50.4500336,30.5241361
"Daly City, Calif.",37.6904826,-122.47267
"North York, ON, Canada",43.7543217,-79.4491057
"Topeka, Kan.",39.049011,-95.677556
"Toronto, ON, Canada",43.6534817,-79.3839347
"Sariyer, Turkey",41.1685803,29.0572623
"Ballwin, Mo.",38.5961694,-90.5387318
"Mantin, Malaysia",2.825719,101.893793
"Truckee, CA",39.3279454,-120.1835765
"Great Falls, Mont.",47.5048851,-111.29189
"Middlebury, Conn.",41.5278663,-73.1283092
"Hanson, Mass.",42.0753081,-70.8800559
"Brighton, Mass.",42.3491615,-71.1533859
"Aarhus, Denmark",56.1496278,10.2134046
"Saint Petersburg, Fla.",27.7712264,-82.6340259
"Eswatini, South Africa",-25.4728323,28.0514284
"Hartsdale, N.Y.",41.0130865,-73.8089743
"Bousval, Belgium",50.6320578,4.5192039
"Hunt Valley, MD",39.4962709,-76.6542571
"Monterrey, Mexico",25.6802019,-100.315258
"Hunt Valley, Md.",39.4962709,-76.6542571
"Huntingdon Valley, Pa.",40.1226101,-75.0635049
"Newmarket, Ont.",44.056258,-79.461708
"Cary, North Carolina",35.7873617,-78.7811623
"Warren, R.I.",41.7303794,-71.2825494
"Willington, Fla.",28.9157945,-82.011378
"Balboa Island, Calif.",33.6064778,-117.892081
"Lafayette Hill, Pa.",40.0939993,-75.2529568
"Sylvania, Ohio",41.7188956,-83.7127729
"Valley Center, Calif.",33.2272406,-117.0291893
"Ticonderoga, N.Y.",43.8487795,-73.4232317
"Kalaheo, Hawaii",21.9254748,-159.5269828
"Harmony, Pa.",40.8020132,-80.1274462
"Mahomet, Ill.",40.195142,-88.4052266
"Dallas, Ga.",33.9237141,-84.8407732
"Wilson, N.C.",35.7059114,-77.9175714
"Kingston, Wash.",47.790832,-122.5018617
"Paonia, Colo.",38.8683205,-107.5920018
"Reedsville, Pa.",40.6542275,-77.601681
"Woodstock, Md.",39.3308326,-76.869591
"Florence, Mass.",42.3355692,-72.6719518
"Bath, U.K.",29.9586012,31.2596564
"Devon, U.K.",50.7241405,-3.6607788
"Rogersville, Mo.",37.1173669,-93.0569237
"Darmstadt, Germany",49.872775,8.651177
"Saline, Mich.",42.166745,-83.7815317
"Minot, N.D.",48.23251,-101.296273
"Hornchurch, U.K.",51.5538747,0.2181092
"Abiline, Texas",32.5437092,-98.3638381
"Pebble Beach, Calif.",36.5672414,-121.9442134
"Brookville, Pa.",41.1604348,-79.0794702
"Kildeer, Ill.",42.1705807,-88.0478532
"Derby, United Kingdom",52.9142235,-1.4719885
"Comox, British Columbia",49.6727575,-124.9276204
"Hunlock Creek, Pa.",41.2063863,-76.0658738
"Staffanstorp, Sweden",55.65,13.2
"Downington, Pa.",40.331501,-76.7811109
"Craig, Colo.",40.5152491,-107.5464541
"Powell, OH",40.1578403,-83.0751869
"Averill Park, N.Y.",42.6391711,-73.5581729
"Milledgeville, Ga.",33.0801429,-83.2320991
"Mechanicsville, Md.",38.44191,-76.747398
"Dollar, Clackmannanshire, Scotland",56.1628355,-3.6740886
"Plattsburgh, NY",44.6960855,-73.4542915
"Shepparton, Victoria (Australia)",-36.3831633,145.3988874
"Swindon, United Kingdom",51.5615327,-1.7854322
"Bridgetown, Barbados",13.0977832,-59.6184184
"Basildon, U.K.",51.5702375,0.4583573
"North Charleston, S.C.",32.8546197,-79.9748103
"Roseville, Minn.",45.0060767,-93.1566107
"Cardiff, U.K.",33.6879703,-117.8073342
"Strathfield, Australia",-33.8798136,151.078506
"Ramat Gan, Israel",32.0686867,34.8246812
"Naples, Florida",26.1421976,-81.7942944
"Seekonk, Mass.",41.808434,-71.3369973
"Essex, U.K.",51.4822877,0.2626252
"Loyalsock, Pa.",41.5133499,-76.8645714
"Edgarton, Mass.",41.3894198,-70.5129682
"Carl Junction, Mo.",37.1767058,-94.5649938
"Peebles, Scotland",55.6517553,-3.1885456
"Lower Gwynedd, Pa.",40.1878212,-75.2363183
"Suwanee, Ga",34.0514898,-84.0712997
"Addis Ababa, Ethiopia",9.0358119,38.7524315
"Tunkhannock, Pa.",41.5385159,-75.946844
"Wales, United Kingdom",52.2928116,-3.73893
"Bratislava, Slovak Republic",48.1435026,17.1082867
"Ashland, Or",42.1972487,-122.7153995
"Daniel Island, S.C.",32.8583364,-79.9126489
"Lake Bluff, Il.",42.2789117,-87.8342362
"Middletown, Md.",39.4437567,-77.5454038
"Portland, Or.",45.5202471,-122.674194
"Cleveland, Oh.",41.4996574,-81.6936772
"Bay City, Mich.",43.5962107,-83.8881711
"Cumberland Foreside, Me.",43.7700803,-70.197549
"Boynton Beach, Fla.",26.5289139,-80.058141
"Ridgefield, Ct.",41.2814842,-73.4981792
"Givataim, Israel",32.0671919,34.8039491
"Rožnov pod Radhoštem, Czech Republic",49.4587958,18.1429843
"Goteburg, Sweden",57.7072326,11.9670171
"South Hadley, Mass.",42.2591392,-72.5751341
"Starec, Czech Republic",49.3780113,12.9947733
"Lawrence, KS",38.9719137,-95.2359403
"Reading, United Kingdom",51.4564242,-0.9700664
"Luxembourg City, Luxembourg",49.601051,6.0639946
"Lapeer, Mich.",43.0904764,-83.2333705
"Orange, N.J.",40.7709499,-74.2264601
"Missouri, Tex.",28.5713246,-99.5701409
"Drammen, Norway",59.6964936,10.175642
"Evanston, IL",42.0470043,-87.6846053
"Kikenny, Ireland",52.6506255,-7.2514438
"Sanford, Fl.",28.8117345,-81.2680223
"Prauge, Czech Republic",50.0874654,14.4212535
"Milford, CT.",41.2222218,-73.0570603
"Villa Cortese, Italy",45.5665917,8.8889918
"Torokbalint, Hungary",47.4349579,18.9130312
"Keene, Ky.",37.943191,-84.6435397
"Thiensville, Wisc.",43.2359729,-87.9843784
"Friedrichsdorf, Germany",50.2620906,8.6248898
"Preston, England",53.7593363,-2.6992717
"Devizes, England",51.3525027,-1.9958302
"Northridge, Calif.",34.2345615,-118.5369316
"University Place, Wash.",47.2258172,-122.5371325
"Franklin, Ohio",39.5589474,-84.3041074
"Bergen, Norway",60.3943055,5.3259192
"Maywood, N.J.",40.902599,-74.0618074
"Dunedin, New Zealand",-45.8740984,170.5035755
"Mount Horeb, Wis.",43.0086183,-89.7384557
"Bainbridge, Wash.",47.6225048,-122.5094054
"Sunnyvale, California",37.3688301,-122.036349
"Waterford, Vermont",44.3546769,-71.9076529
"Chappaqua, New York",41.157284,-73.7676998
"Lansdowne, Pa.",39.9381682,-75.2718507
"Leicester, England",52.6362,-1.1331969
"Szeged, Hungary",46.2546312,20.1486016
"Roseburg, Ore.",43.216505,-123.3417381
"Long Beach, California",33.7690164,-118.191604
"Ijamsville, Maryland",39.3603809,-77.3227621
"Owatonna, Minn.",44.0839937,-93.2261076
"Patchogue, New York",40.7656539,-73.0151084
"Albuquerque, New Mexico",35.0841034,-106.650985
"North Babylon, New York",40.730441,-73.3263791
"Goshen, Ind.",41.5850394,-85.8344491
"Acworth, Ga.",34.0659329,-84.6768796
"Canterbury, United Kingdom",51.2800275,1.0802533
"Troy, Ill.",38.7292147,-89.8831541
"Swindon, U.K.",37.3174058,-121.7863947
"Plattsburgh, N.Y.",44.6960855,-73.4542915
"Ashland, Or.",42.1972487,-122.7153995
"Cantor, Ga.",31.2037281,-81.3238302
"Lodwar, Kenya",3.1165858,35.6022943
"South Easton, Mass.",42.0473222,-71.0814358
"Auburndale, Mass.",42.3479265,-71.2470737
"San Diego, Cailf.",32.7157062,-117.1638284
"Oakville, ON, Canada",43.447436,-79.666672
"Byfield, Mass.",42.7593893,-70.9479901
"Northbrook, Ill.",42.128704,-87.8265089
"Cockeysville, Md.",39.4837588,-76.6235105
"Port Jefferson, N.Y.",40.9465118,-73.0691257
"Delta, British Columbia, Canada",49.0846258,-123.057938
"Vorhees, N.J.",40.4875433,-74.4332123
"Grafton, N.Y.",42.768967,-73.4509464
"Cutchouge, N.Y.",41.018683,-72.4891577
"Long Beach, N.Y.",40.5885508,-73.6582631
"Delhi, India",28.6328027,77.2197713
"Pontefract, U.K.",53.6917422,-1.3105722
"Cario, Egypt",35.8752047,-90.9437178
"San Fernando, Trinidad",-27.3831987,-70.3051241
"Lancashire, England",53.8611712,-2.5650945
"Winchester, U.K.",33.6947357,-117.0849113
"South Orange, New Jersey",40.7474966,-74.2635376
"Var, France",43.4173551,6.2664637
"Wollerau, Switzerland",47.1957261,8.7194595
"Penang, Malaysia",5.4065013,100.2559077
"Vancouver, BC, Canada",49.2608724,-123.113952
"Falmouth, Cornwall, England",50.1552197,-5.0688262
"New Cairo, Egypt",30.0277688,31.4756825
"Fareham, Hampshire, England",50.8526637,-1.1783134
"Tuxedo Park, N.Y.",41.197024,-74.210391
"Jacksonville Beach, Fla.",30.2946859,-81.3931396
"Gladwyne, Penn.",40.0397304,-75.2791788
"Orpington, England",51.3796373,0.1053732
"Leatherhead, England",51.2955044,-0.32931
"Snowmass VIllage, Co.",39.2130418,-106.9378207
"Darnestown, Md.",39.10322,-77.2918103
"Hinckley, Ohio",41.237939,-81.7456964
"Confignon, Geneva, Switzerland",46.1742486,6.0851643
"Pozos de Santa, San Jose, Costa Rica",9.9507345,-84.1938295
"Sunbury, Ohio",40.2425623,-82.8590673
"Snowmass VIllage, Colo.",39.2130418,-106.9378207
"Pine Brook, N.J.",40.8662875,-74.3416504
"Redington Beach, Fla.",27.8086364,-82.811214
"Merchantville, N.J.",39.951634,-75.0487627
"St. Petersburg, Russia",59.9606739,30.1586551
"Hjarup, Sweden",55.6732591,13.1350676
"Oro-Medonte, Ontario, Canada",44.5445701,-79.5489109
"Concord, Calif.",37.9768525,-122.0335624
"Uberlândia, Minas Gerais, Brazil",-18.9188041,-48.2767837
"Saugus, Mass.",42.4648183,-71.010051
"Beckenham, United Kingdom",51.4070938,-0.0303183
"Kent, United Kingdom",51.2070749,0.7210362
"Norwell, Mass.",42.1617681,-70.7939307
Philadelphia,39.9527237,-75.1635262
"Titusville, N.J.",40.308683,-74.8761313
"Manchester, UK",53.4424618,-2.2324547
"Richmond, British Columbia, Canada",49.163168,-123.137414
"La Cañada, Calif.",37.887257,-122.0985296
"Lloret de Mar, Catalunya, Spain",41.6973503,2.8392392
"Honolulu, Hi.",21.304547,-157.855676
"Fletcher, N.C.",35.4309336,-82.5011239
"Kadikoy, Turkey",40.9912955,29.0245631
"Noblesville, Ind.",40.0460881,-86.0139854
"Santa Rosa Valley, Calif.",34.244042,-118.9018744
"Evergreen Park, Ill.",41.720136,-87.7013258
"Des Moines, Iowa",41.5868654,-93.6249494
"Curitiba, Brazil",-25.4295963,-49.2712724
"Burwood, Australia",-33.8858088,151.1024805
"San Tan Valley, Ariz.",33.179814,-111.5849298
"Fairfax, Colo.",38.9479678,-104.732405
"Park Forest, Ill.",41.4825788,-87.6802344
"Lake Clear, N.Y.",44.3675548,-74.2326587
"Waukesha, Wisc.",43.0622536,-88.3123889
"San Pedro Sula, Honduras",15.5053546,-88.0250839
"Weinheim, Germany",49.5462349,8.6717458
"Chatham, Mass.",41.6822748,-69.9595161
"St. Andrews, Scotland",56.3403678,-2.795044
"Ketsch, Germany",49.3675019,8.5237267
"Monrovia, Md.",39.3560755,-77.2761017
"Joppa, Md.",39.433719,-76.3577373
"Smiths Falls, Ontario",44.9013316,-76.0212062
"Okotoks, Alberta",50.7253685,-113.975082
"Sparta, Mich.",43.160858,-85.710039
Birthplace: Nigeria / Resident: United Kingdom,54.7023545,-3.2765753
"Cedar Hills, Utah",40.4141174,-111.758541
"Lantau Island, Hong Kong",22.2714281,113.9440813
"Fremont, Neb.",41.4338363,-96.4960449
"Sandy, Utah",40.5710454,-111.8953815
"Kahuku, (O'ahu) Hawai'i",21.6844495,-157.9416673
"Palmer, Alaska",61.5995703,-149.11109
"Gridley, Calif.",39.3637773,-121.693583
"Perth, Scotland",56.3958757,-3.4303103
"Whitman, Mass.",42.0806617,-70.935599
"Cobble Hill, British Columbia",48.683708,-123.600311
"Wirral, England",53.3409714,-3.0500916
"Lowell, Mich.",42.933601,-85.3418551
"Santa Rosa Valey, Calif.",34.244042,-118.9018744
"Alma, Mich.",43.37892,-84.659727
"Westminster, Mass.",42.5449024,-71.9107903
"Claridon, Ohio",41.5321816,-81.1441001
"Timnath, Colo.",40.5294388,-104.982086
"Oriental, N.C.",35.0250678,-76.6958825
"Montgomery, Texas",30.301949,-95.5065944
"St. Thomas, Virgin Islands",18.3429082,-64.9188997
"Mount Kisco, Ky.",41.2042616,-73.7270761
"Florence, Italy",43.7697955,11.2556404
"Petersburg, Alaska",56.7687945,-132.880103
"Wallingford, Conn.",41.4564233,-72.8239356
"Rock Hill, N.Y.",41.611556,-74.5908483
"Groningen, Netherlands",53.2190652,6.5680077
"El Paso, TX",31.7601001,-106.4870476
"Scarsdale, NY",40.9885221,-73.8085608
"Pensacola, Fla.",30.421309,-87.2169149
"Cotuit, Mass.",41.6174943,-70.435116
"Grasston, Minn.",45.7946814,-93.1491067
"Honululu, Hawaii",21.304547,-157.855676
"Ft. Myers, Fla.",26.640628,-81.8723084
"Watertown, Conn.",41.6062078,-73.1181658
"Syksville, Md.",39.365992,-76.9688737
"Putnam, Conn.",41.9153094,-71.9092563
"Ariana, Tunisia",36.9685735,10.1219855
"Wolfeboro, N.H.",43.6093756,-71.1748676
"Hattiesburg, Miss.",31.3271189,-89.2903392
"Asunción, Paraguay",-25.2800459,-57.6343814
"Orono, Maine",44.883607,-68.672791
"Whistler, BC, Canada",50.1171903,-122.9543022
"Durango, Colo.",37.2769484,-107.8766
"Minocqua, Wisc.",45.871342,-89.710981
"Bragg Creek, Alta.",50.9527622,-114.5638491
"Morrisonville, N.Y.",44.6927405,-73.5486086
"Villars sur Ollon, Switzerland",46.2977636,7.055331
"Greensburg, Pa.",40.3024514,-79.5443274
"Laramie, Wyo.",41.3116442,-105.5917876
"Blommenholm, Baerum, Norway",59.9001582,10.5522286
"Oakland, Maine",44.5477088,-69.7160522
"Carrabassett Valley, Maine",45.0782382,-70.2114804
"Houghton, Mich.",46.8591287,-88.7774734
"St. Louis Park, Minn.",44.9475726,-93.3569023
"Winhall, Vt.",43.1590479,-72.9351055
"Burnaby, British Columbia, Canada",49.2433804,-122.972545
"South Londonderry, Vt.",43.190796,-72.8130542
"Plymouth, N.H.",43.7440651,-71.7238393
"Alberton, South Africa",-26.2669894,28.1220546
"Kurraba Point, N.Y.",-33.8415873,151.223028
"Manly, Australia",-33.7971937,151.2879845
"Ascot Vale, Victoria, Australia",-37.7753252,144.921825
"Balmain East, Australia",-33.8571789,151.192354
"Camberwell, Australia",-37.8384623,145.0740767
"South Yarra, Victoria, Australia",-37.8377695,144.9918537
"Clear Point, Ala.",30.4867118,-87.9016117
"Ohaupo, New Zealand",-37.919078,175.307047
"Nuertingen, Germany",48.6265854,9.3365463
"Wauwatosa, Wisc.",43.0494122,-88.0079271
"Montfort l'Amaury, France",48.779142,1.8070765
"Cooperstown, N.Y.",42.7006303,-74.924321
"Stillwater, Okla.",36.1156306,-97.0585717
"Banbury, England",52.0601807,-1.3402795
"Hattingen, Germany",51.4007175,7.1862486
"Kurraba Point, Australia",-33.8415873,151.223028
"Surfers Paradise, Australia",-27.9989899,153.42398
"Ramstein, Germany",49.4475167,7.5554676
"Tadley, England",51.3414473,-1.1446781
"Salisbury, England",51.0690613,-1.7954134
"Slough, England",51.5111014,-0.5940682
"Brisbane, Queensland, Australia",-27.4689623,153.0235009
Zimbabwe,-18.4554963,29.7468414
"Kingston on Thames, England",51.674265,-1.2825865
"Monkstown, Ireland",53.2936454,-6.1539023
"Melbourne, Victoria, Australia",-37.8142454,144.9631732
"Bathurst, Australia",-33.4166482,149.5803725
"Freienbach, Switzerland",47.204411,8.7598816
"Hasting, New Zealand",-39.6417678,176.8430781
"Lymington, England",50.7583753,-1.5426885
"Woolwich, Maine",43.9170048,-69.8015193
"Henley on Thames, England",51.5375786,-0.9050287
"Greenwood Village, Colorado",39.6172101,-104.950814
"Sarasota, Florida",27.3365805,-82.5308545
"Melborne, Australia",-37.8142454,144.9631732
"Ardmore, PA",40.004128,-75.2882893
"Bellagio, Italy",45.9872549,9.2613001
"Gatlinburg, Tennessee",35.714259,-83.5101638
"Toorak, Australia",-37.850751,145.0136989
"Buckinghamshire, U.K.",51.840894,-0.8998074
"Shrewsbury, U.K.",34.2011325,-118.6537249
"Napoli, Italy",40.8358846,14.2487679
"Halifax, United Kingdom",53.7229229,-1.8604874
"Boston, MA",42.3588336,-71.0578303
"Moreto-in-Marsh, United Kingdom",51.9906413,-1.7023018
"Limerick, Ireland",52.661252,-8.6301239
"Baumgartenberg, Austria",48.2091891,14.7451588
"Muscat, Oman",23.6123628,58.5938134
"Mechanicsberg, Pa.",40.2101972,-77.0047276
"Eden Praire, Minn.",44.8546856,-93.470786
"Irvine, Calif",33.6856969,-117.825981
"Merrimack, N.H.",43.3260376,-71.6854725
"Jackson, Tenn.",35.6144446,-88.8177418
"Newport News, Va.",36.9775016,-76.42977
"Atasehir, Istanbul, Turkey",40.9929379,29.1135187
"Lincoln University, Pa.",39.8065518,-75.9287055
"Lincoln, Neb.",40.8088861,-96.7077751
"Bankeryd, Sweden",57.8631423,14.1278533
"Vienna, Austria",48.2083537,16.3725042
"Waco, Texas",31.5545147,-97.1325618
"Hacienda Heights, Calif.",34.0004225,-117.9752615
"Wenonah, N.J.",39.7946263,-75.148766
"Grand Island, Neb.",40.924271,-98.338685
"Pieštany, Slovakia",48.5895247,17.8213848
"Aldaia, Spain",39.4600981,-0.4805803
"Kostrena, Croatia",45.2981626,14.510908
"Pleven, Bulgaria",43.4809895,24.6060665
"Brasília, Brazil",-15.7939869,-47.8828
"Pleven, Buglaria",43.4809895,24.6060665
"Üröm, Hungary",47.5987004,19.0134262
"Izmir, Turkey",38.4192537,27.128469
"Stilwell, Kansas",38.7691755,-94.6563454
"Kiel, Germany",54.3227085,10.135555
"Niagara Falls, Ontario",43.1065603,-79.0639039
"Invercargill, New Zealand",-46.4118465,168.3470632
"Hanover, Germany",52.3744779,9.7385532
"Crawley, England",51.1103444,-0.1801094
"Horsham, England",51.0630273,-0.3295028
"Schuttrange, Luxembourg",49.6226683,6.2714312
"Egilsstadir, Iceland",65.2620412,-14.4035258
"Rungsted Kyst, Denmark",55.8824425,12.5315085
"Zürich, Switzerland",47.3744489,8.5410422
"Kolding, Denmark",55.4894999,9.47905
"Fall City, Wash.",47.5659297,-121.8998711
"Valdemoro, Spain",40.1886844,-3.6705725
"Stoke-on-Trent, England",53.0162014,-2.1812607
"Rifton, N.Y.",41.833944,-74.0393128
"Amsterdam, The Netherlands",52.3730796,4.8924534
"Norridgewock, Maine",44.713074,-69.790649
"Zeist, The Netherlands",52.0892832,5.2276307
"Glastonbury, England",51.14804,-2.716577
"Tiverton, England",50.9025623,-3.4875797
"Harare, Zimbabwe",-17.8567035,31.0601584
"Warwickshire, England",52.3213064,-1.5536906
"Overveen, Holland",52.3934144,4.6115554
"Surrey, England",51.2715316,-0.3414524
"Amstelveen, The Netherlands",52.3028209,4.8596844
"The Hague, The Netherlands",52.0799838,4.3113461
"Walton on the Hill, England",51.282589,-0.2465758
"Worcestershire, England",52.2109495,-2.1569555
"Weybridge, England",51.3727175,-0.4549297
"Uttoxeter, England",52.8980321,-1.8649214
"Somerset, England",51.1617509,-3.0753867
"Laren, Netherlands",52.2425314,5.216244
"Blaricum, Netherlands",52.2725049,5.2441379
"Teddington, England",51.4277844,-0.333653
"Norwich, England",52.6285576,1.2923954
"St. Louis, Missouri",38.6254063,-90.190009
"Bletchingley, England",51.2334224,-0.0944033
"Malton, England",54.1392092,-0.799531
"Bussum, Netherlands",52.2773656,5.1630646
"Heerhugowaard, Netherlands",52.6631484,4.8326672
"Sutton Valence, England",51.2015621,0.5909777
"Saffron Walden, England",52.021569,0.2411256
"Sinking Spring, Pa.",40.3246704,-76.0171505
"Brookline, Mass",42.332918,-71.1187829
"Coeur D Alene, Idaho",47.6742994,-116.7811531
"Wellesley Hills, Mass.",42.3105491,-71.277031
"Farmers Branch, Texas",32.9265668,-96.8960916
"East Lindfield, New South Wales, Australia",-33.7674175,151.1874672
"Sioux Falls, S.D.",43.5476008,-96.7293629
"Martinsburg, W. Va.",39.4562528,-77.9639604
"Fenwick, Ontario",43.0248374,-79.3610045
"Reeders, Pa.",41.0189677,-75.3360187
"Snowmass Village, Colo.",39.2130418,-106.9378207
"Seoul, South Korea",37.5666791,126.9782914
"St. Catherines, Ontario",43.2010615,-79.2704675
"St.Catharines, Ontario, Canada",43.1579812,-79.2441003
"Saint-Pierre, Italy",45.7094813,7.2291423
"Carp, Ontario, Canada",45.345148,-76.03672
"Aleppo, Syria",36.19924,37.1637253
"Worcester, England",52.1965281,-2.2095608
"Geelong, Australia",-38.1493248,144.3598241
"Cambridge, Mass,",42.3656347,-71.1040018
"Elm Grove, Wis.",43.0430679,-88.078978
"Saint-Germain-en-Laye, France",48.9312511,2.0912611
"Windsor, U.K.",30.0534311,31.2457431
"Wantage, N.J.",41.2377434,-74.6147655
"Stephens City, Va.",39.0832225,-78.2182851
"Greenville, Ala.",31.8295972,-86.6177517
"Succasunna, N.J.",40.8515285,-74.6616155
"McCordsville, Ind.",39.8939648,-85.9219417
"Dothan, Ala.",31.2237285,-85.3934375
"Riverside, R.I.",41.7673231,-71.3647759
"Allen Park, Mich.",42.2595071,-83.2107671
"Shelby Township, Mich.",43.5974492,-86.3379509
"Hartford, Conn.",41.7661621,-72.6732726
"Novao, Calif.",38.1061979,-122.5681191
"Helotes, Texas",29.5635688,-98.6884208
"North Haven, Conn.",41.3909305,-72.859545
"Maiden, N.C.",35.5766048,-81.2139216
"Slattington, Pa.",40.7484285,-75.6118529
"Bullard, Texas",32.1403019,-95.3221898
"San Angelo, Texas",31.4649685,-100.4405094
"Burlington, N.J.",39.9325409,-74.7226665
"Ithaca, Mich.",43.291698,-84.6075
"Louisville, Ohio",40.8375307,-81.2595731
"Paramount, Calif.",33.898917,-118.171005
"Altoona, Pa.",40.5193586,-78.3968299
"Kingston, Mass.",41.9945473,-70.7244822
"Dacula, Ga.",33.9887165,-83.8979573
"Sterling, Mass.",42.4374411,-71.7601869
"Fredon, N.J.",41.0392638,-74.8087781
"Tarzana, Calif.",34.1689262,-118.5365791
"Brook Park, Ohio",41.3983838,-81.8045788
"Ottsville, Pa.",40.4731586,-75.1610067
"Franklinville, N.J.",39.617641,-75.072458
"Arkadelphia, Ark.",34.1209292,-93.053784
"Sharpsville, Pa.",41.2592225,-80.4720141
"Northampton, Pa.",40.7451356,-75.3289302
"New Castle, Del.",39.6159851,-75.662956
"Fountain Hills, Ariz.",33.6117105,-111.717361
"Norristown, Pa.",40.1146022,-75.3446458
"Gretna, Neb.",41.1469269,-96.2390053
"Lee, Mass.",42.3073477,-73.2504911
"Sugarland, Texas",29.6000008,-95.6230734
"Oakland, N.J.",41.0220483,-74.2430988
"Alabaster, Ala.",33.2442813,-86.8163773
"Gretna, La.",29.9146493,-90.0539604
"Cleveland, Tenn.",35.1595182,-84.8766115
"Aubrey, Texas",33.3142085,-96.9756323
"McArthur, Calif.",41.04055,-121.4055897
"Port Tobacco, Md.",38.5109774,-77.0201532
"Mount Vernon, Texas",33.1890841,-95.2214564
"Lawrence, Kan.",38.9719137,-95.2359403
"North Port, Fla.",27.044224,-82.2359254
"Nahant, Mass.",42.4264859,-70.9189371
"Stockholm, N.J.",41.0899041,-74.5201461
"Parksville, British Columbia",49.3179514,-124.311739
"South Daytona, Fla.",29.1658158,-81.0044995
"Bunker Hill Village, Texas",29.7674508,-95.5299427
"Fairhope, Ala.",30.5231647,-87.9028458
"St. Bernard, La.",29.8217562,-89.6008692
"Freeland, Mich.",43.5250265,-84.1227598
"West Boylston, Mass.",42.3680073,-71.7845326
"Carleton Place, Ontario",45.1403366,-76.1465672
"Durham, Pa.",40.5725671,-75.2198711
"South Paris, Maine",44.223631,-70.512835
"Muskego, Wis.",42.905848,-88.1389779
"Sandusky, Ohio",41.2951563,-83.1555438
"Fort White, Fla.",29.9232908,-82.7137327
"St. Thomas, Ontario",42.779022,-81.1929882
"Chuluota, Fla.",28.6383385,-81.1153521
"Vallejo, Calif.",38.1040864,-122.2566367
"Washington, Pa.",40.1943798,-80.2541251
"The Plains, Va.",38.8624506,-77.774073
"Forked River, N.J.",39.8246756,-74.1479701
"Seminole, Texas",32.7167351,-102.6490967
"Tewkesbury, United Kingdom",51.9937857,-2.1549574
"Vilnius, Lithuania",54.6870458,25.2829111
"Dusseldorf, Germany",51.2254018,6.7763137
"Glencove, N.Y.",43.4097651,-76.5898649
"Middelfart, Denmark",55.4993014,9.7392181
"Palma, Balearic Islands, Spain",39.5695818,2.6500745
"Borova, Slovakia",48.3866866,17.4447305
"Newburgh, Ind.",37.9456824,-87.4046571
"Hidden Hills, Calif.",34.164091,-118.657837
"Zemun, Serbia",44.8444,20.4123996
"O'Fallon, Mo.",38.7902503,-90.7033292
"Benin City, Nigeria",6.3330586,5.6221058
"Holladay, Utah",40.6710765,-111.8250278
"Oxon Hill, Md.",38.7848249,-76.9694016
"Kfar-Hess, Israel",32.2457804,34.9339746
"Auburn, Mass.",42.1945465,-71.8358095
"Cape Coast, Ghana",5.1080932,-1.2417103
"Basel, Switzerland",47.5581077,7.5878261
"Laurelton, N.Y.",40.6667703,-73.7515212
"Southwick, Mass.",42.0548167,-72.7703938
"Hudson, Quebec",45.464465,-74.150848
"Port Alberni, British Columbia",49.2343668,-124.8056517
"Caledon East, Ontario",43.8700931,-79.8670564
"Deephaven, Minn.",44.9296854,-93.5224552
"Uxbridge, Ontario",44.1088502,-79.1226768
"Cornwall, Ontario",45.0469989,-74.7333845
"Shorewood, Minn.",44.930272,-93.5448303
"Woodstock, Conn.",41.9484332,-71.974147
"Newmarket, Ontario, Canada",44.056258,-79.461708
"Stayner, Ont.",44.4194642,-80.0904451
"South Glastonbury, Conn.",41.6665303,-72.6028252
"Sollentuna, Sweden",59.4293164,17.9500556
"Petawawa, Ont.",45.8984286,-77.2826645
"Kungsbacka, Sweden",57.4888563,12.0787529
"Busan, South Korea",35.1799528,129.0752365
"Brambleton, Va.",38.980908,-77.5397667
"Krakow, Poland",50.0469432,19.9971534
"Rabat, Morocco",34.0218454,-6.8408929
"Marupe, Latvia",56.9048817,24.043818
"Colmar, Pa.",40.2673286,-75.2535079
"Subang Jaya, Malaysia",3.051487,101.5823339
"Allison Park, Pa.",40.5584013,-79.9581094
"Seaville, N.J.",39.2131405,-74.7102049
"Rocky River, Colo.",38.4298168,-105.8147656
"Erial, N.J.",39.773448,-75.006278
"Farmingdale, N.J.",40.1965018,-74.1684757
"Doha, Qatar",25.3108807,51.5081812
"Chagrin, Ohio",41.436589,-81.3855058
"Northvale, N.J.",41.0066649,-73.9490627
"Morgantown, W.Va.",39.6296809,-79.9559437
"Stirling, N.J.",40.6747257,-74.4933902
"Atlantic Beach, N.Y.",40.5886547,-73.7288791
"Sarnia, Ont.",42.9743821,-82.403533
"Highland Heights, Ohio",41.551995,-81.478452
"Belmar, N.J.",40.1784471,-74.0218037
"Thibodaux, La.",29.7957633,-90.822871
"Shavertown, Pa.",41.3198025,-75.9379761
"Krskany, Slovakia",48.2180616,18.6695447
"Wildwood, N.J.",38.9841969,-74.8142502
"Kinna, Sweden",57.5080076,12.6970568
"Spring Lake Heights, N.J.",40.1532197,-74.0438803
"Wageningen, The Netherlands",51.9663016,5.6662814
"Parsippany, NJ",40.8623835,-74.4032354
"LaSalle, Ontario",42.2138196,-83.0644085
"Kenwood, Calif.",38.4135615,-122.5347521
"Maple Glen, Pa.",40.178412,-75.1778197
"Garden Grove, Calif.",33.7746292,-117.9463717
"Marina Del Rey, Calif.",33.9776848,-118.448647
"Great Barrington, Mass.",42.1939364,-73.362773
"Niagara-on-the-Lake, Ontario",43.2556116,-79.0723264
"Fitchburg, Wis.",43.0020919,-89.423817
"Sewell, N.J.",39.770683,-75.1438863
"Hainesport, N.J.",39.9837234,-74.8271081
"St. Catharines, Ontario",43.1579812,-79.2441003
"Cuddesdon, England",51.722757,-1.1333223
"Surrey, U.K.",51.3534157,-0.4715797
"Kent, Conn.",41.7246894,-73.476921
"Linz, Austria",48.3059078,14.286198
"East London, Ontario",43.5506257,-80.2561957
"Fleming Island, Fla.",24.5810655,-81.7963673
"Eastvale, Calif.",33.9747067,-117.566541
"East Syracuse, N.Y.",43.0653446,-76.0785332
"Cotonou, Benin",6.3676953,2.4252507
"Bartlett, Ill.",41.9908485,-88.1850028
"Seaside, Calif.",36.62593,-121.816926
"Anderson, S.C.",34.5258335,-82.652962
"Kailua-Kona, Hawaii",19.641941,-155.996933
"LaSalle, Ontario, Canada",42.2450635,-83.0606534
"Wycombe, Pa.",40.2823296,-75.0187801
"Tipp City, Ohio",39.961325,-84.1700609
"Oradell, N.J.",40.9543943,-74.0308504
"Findley, Ohio",41.1313013,-82.2117307
"Asland, Pa.",40.7817542,-76.3457825
"Cheswick, Pa.",40.5410997,-79.8013437
"Donsman, Wis.",43.0147244,-88.4727792
"Vandergrift, Pa.",40.6028462,-79.5647741
"Glen Gardner, N.J.",40.6967671,-74.9407248
"Ewing, N.J.",40.2688105,-74.8006895
"Buckingham, Pa.",40.3165463,-75.0469193
"Greenville, Mich.",43.1775314,-85.2527987
"Narberth, Pa.",40.0084456,-75.26046
"Runnemede, N.J.",39.8523358,-75.0679498
"Penn Valley, Pa.",40.0184454,-75.2612932
"Sherman Oaks, Calif.",34.1508718,-118.448986
"Wanchai, Hong Kong",22.280188,114.1724022
"Shenzhen, China",22.5445741,114.0545429
"Gulf Stream, Fla.",26.4936835,-80.0550417
"Saint James, N.Y.",40.8827035,-73.1480789
"Newcastle, Ontario",43.9174838,-78.5888307
"Ashton, Md.",39.149274,-77.0124774
"Point Lookout, N.Y.",40.5898775,-73.5793876
"Avondale, Pa.",39.8247928,-75.7832662
"Bardonia, N.Y.",41.1147525,-73.9842792
"White Hall, Md.",38.6862275,-76.9888636
"Westhampton, N.Y.",40.825042,-72.6709984
"Ascot, England",51.4101286,-0.6680194
"Hitchin, Hertfordshire (England)",51.9486943,-0.2779124
"Miri, Sarawak (Malaysia)",4.3940102,113.9880199
"Nuevo Cuscatlán, El Salvador",13.6471232,-89.2652583
"Kowloon, H.K.",4.5787154,101.0961391
"Stirling, Scotland",56.1181242,-3.9360012
"Haguenau, France",48.8387397,7.8318155
"Milton, Ontario, Canada",43.513671,-79.882817
"Manteca, Calif.",37.7986184,-121.2117148
"Vaughan, Ontario",43.7941544,-79.5268023
"Moorstown, N.J.",39.9670569,-74.9426677
"Burnaby, B.C.",49.2433804,-122.972545
"Wayzata, Minn",44.970759,-93.511947
"Xenia, Ohio",39.6847822,-83.9296526
"Oxford, Pa.",39.7852062,-75.9790215
"Colonia, N.J.",40.5917149,-74.3142458
"Emerald Isle, N.C.",34.6653135,-77.0382187
"Nagoya, Japan",35.1851045,136.8998438
"Haddon Heights, N.J.",39.8773356,-75.0646165
"New Lenox, Ill.",41.5119761,-87.9656098
"Massapequa, N.Y.",40.669501,-73.4698253
"Barboursville, W.Va.",38.4095298,-82.2945923
"Alton, Ill.",38.8908583,-90.1843091
"Lower Merion, Pa.",40.0054048,-75.2297023
"Johnston, Iowa",41.6731523,-93.6973395
"Giza, Egypt",29.9870753,31.2118063
"Brooklyn Heights, N,Y,",40.6960849,-73.9950297
"Nimes, France",43.8374249,4.3600687
"Sarawak, Malaysia",2.5023855,112.9547283
"Kourou, French Guiana",5.1579834,-52.6424204
"Mumbai, Maharashtra, India",19.054999,72.8692035
"El sherouk city, Egypt",30.1796323,31.6057965
"Eastsound, Wash.",48.696771,-122.9054625
"Los Altos Hills, CA",37.3796627,-122.137463
"Branchville, Ind.",38.1636715,-86.5797058
"Sevierville, Tenn.",35.8672932,-83.5657167
"Olmsted Falls, Ohio",41.375049,-81.9081937
"Heath, Texas",32.8365147,-96.474987
"Crystal Lake, Ill.",42.2411344,-88.3161965
"Panama City Beach, Fla.",30.1765914,-85.805386
"Chatswoth, Ga.",34.7665942,-84.7698842
"East Greenwich, Pa.",40.6321111,-75.3710018
"North Wildwood, N.J.",39.0006686,-74.799333
"Monroeville, N.J.",39.6290035,-75.1593471
"Hatboro, Pa.",40.1746252,-75.106825
"Mahopac, N.Y.",41.3712985,-73.7390641
"Lumberton, N.J.",39.9659459,-74.8051628
"Gettysburg, Pa.",39.8308973,-77.231012
"Port Matilda, Pa.",40.7996651,-78.0541814
"Columbus, N.J.",40.0726112,-74.7207156
"Spring Hill, Tenn.",35.751179,-86.9300023
"Pittsgrove, N.J.",39.528263,-75.131146
"Elmer, N.J.",39.594247,-75.1681997
"Pitman, N.J.",39.731681,-75.1300457
"Bristol, Ind.",41.7214415,-85.8175361
"Hockessin, Del.",39.7874275,-75.6879987
"Lakehurst, N.J.",40.014561,-74.3112574
"Warrington, Pa.",40.2492741,-75.1340604
"Ringgold, Ga.",34.91591,-85.1091173
"Urbandale, Iowa",41.6274511,-93.7380243
"Brenham, Texas",30.1668828,-96.3977442
"Harding, N.J.",39.643448,-75.1218443
"Cortez, Fla.",27.4639835,-82.6683316
"Leiden, The Netherlands",52.1518157,4.4811089
"Limerick, Pa.",40.2309343,-75.5221245
"Absecon, N.J.",39.4284503,-74.4957076
"Diemen, The Netherlands",52.3421489,4.960825
"Nokomis, Fla.",27.1192213,-82.4442629
"Rüschlikon, Switzerland",47.307465,8.5546421
"Grimsby, Ontario",43.1931661,-79.560677
"Bled, Slovenia",46.3684202,14.1100595
"Osterville, Mass.",41.6287556,-70.3868868
Westport. Mass.,41.6220399,-71.0780195
"Jeju, South Korea",33.4887737,126.4987083
"Big Sky, Mont.",45.2589644,-111.308725
"Mars, Pa.",40.6977576,-80.0123902
"Hollis, N.H.",42.7431621,-71.591333
"Zumbrota, Minn.",44.2939669,-92.6689143
Dubai,25.0742823,55.1885624
"Gonars, Italy",45.895917,13.237131
"Gloucestershire, U.K.",51.7643786,-2.1880662
"Curl NSW, Australia",-33.762383,151.29475
"Campbells Bay, N.Z.",-36.7454921,174.7619515
"Manhattan, Ill.",41.4225316,-87.9858863
"Babylon, N.Y.",40.6956552,-73.3256753
"Elliottsburg, Pa.",40.3889725,-77.288874
"Berkeley Lake, Ga.",33.983712,-84.1865849
"Pewakee, Wis.",43.0846017,-88.2139452
"Pearland, Texas",29.5639758,-95.2864299
"Longwood, Fla.",28.7012172,-81.3461738
"Salina, Kan.",38.8402805,-97.6114237
"Neptune, N.J.",39.2191278,-74.7129026
"Constanta, Romania",44.1767161,28.6507598
"Denver, Pa.",40.2331483,-76.1371684
"North St. Paul, Minn.",45.0122571,-92.9922512
"Greencastle, Pa.",39.790371,-77.7277714
"Hutto, Texas.",30.5427638,-97.5468898
"Deniville, N.J.",40.8922694,-74.4774255
"Enola, Pa.",40.2853013,-76.9358463
"Weirton, WVa.",40.4002396,-80.5899788
"Madison, Ohio",39.8868227,-83.3937233
"Exeter, Pa.",41.3206358,-75.8190835
"Moss, Norway",59.4146675,10.6596578
"Upper Moreland, Pa.",40.1437722,-75.1210142
"Mountainview, Calif.",32.7580831,-115.5630947
"West Hampton Beach, N.Y.",40.8210646,-72.6532624
"Bedford, Pa.",40.0271453,-78.5237447
"Catawissa, Pa.",40.9548267,-76.4609868
"Lincolnshire,Ill.",42.1900249,-87.9084039
"Trelawny, Jamaica",18.3682128,-77.6043615
"Otisfield, Maine",44.091355,-70.5353025
"Woodberry Forest, Va.",38.2912235,-78.1245762
"Ocean Township, N.J.",40.2520408,-74.0461049
"Plainfield, Ind.",39.703872,-86.399477
"Smyrna, Del.",39.2998339,-75.6046494
"Marondera, Zimbabwe",-18.190098,31.545542
"Oakland, Fla.",28.5551901,-81.6280337
"Peterborough, Ont.",44.3048009,-78.3199496
"Hummelston, Pa.",40.2653927,-76.7082778
"McClean, Va.",37.6125057,-75.8654249
"Califon, N.J.",40.7195448,-74.8357215
"Lakin, Kans.",37.9405751,-101.254892
"Canonsburg, Pa.",40.2588173,-80.1867206
"Patterson, N.Y.",41.513726,-73.6062323
"Viera, Fla.",28.243006,-80.7301522
"Lindenhurst, N.Y.",40.6867667,-73.3734547
"Norton, Zimbabwe",-17.87454,30.695954
Hungary,47.1817585,19.5060937
"London, ON",42.9836747,-81.2496068
"Laguna Hils, Calif.",33.5948758,-117.6882067
"Middletown, Ohio",39.516644,-84.4041725
"Oldsmar, Fla.",28.0341847,-82.6650992
"Sicklerville, N.J.",39.7173375,-74.9693329
"Cary, Ill.",42.2091163,-88.240021
"Tory, Mich.",46.4984891,-87.095862
"West Deptford, N.J.",39.832362,-75.1888708
"Tsawwassen, B.C.",49.0242843,-123.0762236
"Douglassville, Pa.",40.2578714,-75.7263008
"Beaconsfield, Canada",45.4289766,-73.8654387
"Safety Harbor, Fla.",27.9908529,-82.6931553
"Rancho Palos Verde, Calif.",33.7483311,-118.3707683
"Denver, Co.",39.7392364,-104.984862
"San Fernando, Philippines",15.0283014,120.6938038
"Westmont, Ill.",41.7950525,-87.9751964
"Toluca Lake, Calif.",34.1521688,-118.357141
"Midlothian, Texas",32.482361,-96.9944489
"Belleair Bluffs, Fla.",27.9214103,-82.8170475
"Woodway, Wash.",47.7900365,-122.382362
"Encino, Calif.",34.1591324,-118.5016166
"Rutland, Vt.",43.6084792,-72.9724768
"Bell Canyon, Calif.",34.2063463,-118.6858253
"Telford, Pa.",40.3220483,-75.3279538
"Port Neches, Texas",29.9913244,-93.9585067
"Longueuil, Quebec",45.521906,-73.4644578
"Beverly Farms, Mass.",42.5639842,-70.8106029
"North Wales, Pa.",40.2109404,-75.2782317
"Penn Valley, Pa",40.0184454,-75.2612932
"Spring Hill, Fla.",28.4635266,-82.5363557
"East Brunswick, N.J.",40.4278841,-74.415984
"Palmyra, Pa.",40.3088578,-76.5932369
"Harpenden, England",51.8145103,-0.3549311
"Kingston, Pa.",41.2620137,-75.897197
"Oegstgeest, The Netherlands",52.1833669,4.4721294
"Eijsden, The Netherlands",50.7782686,5.7075337
"Souderton, Pa.",40.3117707,-75.3251759
"Hilversum, The Netherlands",52.231587,5.1734935
"Utrecht, The Netherlands",52.0907006,5.1215634
"Gwynedd Valley, Pa.",40.1842749,-75.2562876
"Crofton, Md.",39.0159547,-76.6842057
"Suffolk, England",52.2410014,1.0465716
"Wimbledon, England",51.4214787,-0.2064027
"Mareil-Marly, France",48.8823232,2.0764516
"West Sunbury, Pa.",41.0060103,-79.8964374
"Aberdeen, N.J.",40.4071138,-74.2216287
"Homewood, Ill.",41.5574046,-87.6651467
"Westbury Hills, N.Y.",40.7836037,-73.6371103
"Mountlake Terrace, Wash.",47.7909667,-122.3066395
"Chamblee, Ga.",33.892176,-84.2988296
"Rockwell, Texas",33.5912176,-95.5496789
"Rogers, Ark.",36.334857,-94.1193816
"Susquehanna, Pa.",41.9439867,-75.6041902
"Pittston, Pa.",41.3259134,-75.7893604
"Robert, La.",30.5063027,-90.3409185
"Cheltenham, Md.",38.7356711,-76.8263594
"Sayreville, N.J.",40.4635362,-74.3618499
"Atco, N.J.",39.7836223,-74.9077919
"Montverde, Fla.",28.6002769,-81.673964
"Salem, Ohio",40.9008923,-80.8567502
"Vauxhall, N.J.",40.7181355,-74.2831959
"Saskatoon, Sask.",52.131802,-106.660767
"Denver, N.C.",35.5312452,-81.0297994
"Ft. Washington, Pa.",40.1478532,-75.1897243
"Grovetown, Ga.",33.4504157,-82.1981764
"Agios Dimitrios, Greece",37.9395104,23.7315951
"Rome, N.Y.",43.2102196,-75.4583956
"Frankin, Mass.",42.5896205,-72.6110645
"Freedom, Wis.",45.4146045,-88.7393853
"Zhodino, Belarus",54.0963334,28.3224192
"Kennedale, Texas",32.646801,-97.2258465
"Toronto, ON",43.6534817,-79.3839347
"Sebastian, Fla.",27.817357,-80.4694039
"Jamul, Calif.",32.715507,-116.866801
"Pasco, Wash.",46.2306739,-119.0921
"Jessup, Md.",39.1470015,-76.7699177
"New Market, Md.",39.3827893,-77.2726393
"Jackson, N.J.",39.7765048,-74.8623849
"Long Grove, Pa.",40.3004972,-75.1383982
"Hobart, Ind.",41.5322592,-87.2550353
"Universal City, Texas",29.5480071,-98.2911235
"Oakdale, Pa.",40.3981246,-80.1856134
"Cocoa, Fla.",28.3556635,-80.7325345
"Swedesboro, N.J.",39.7476136,-75.3104654
"Adams, Tenn.",36.5823718,-87.0655751
"Tamarac, Fla.",26.2128609,-80.2497707
"Landover, Md.",38.925313,-76.8815433
"Ennis, Texas.",32.3293111,-96.6252679
"Calhoun, Ga.",31.5311784,-84.614328
"Spicewood, Texas.",30.4759222,-98.1566355
"Chester, N.Y.",41.3624533,-74.2714981
"Mateca, Calif.",37.7986184,-121.2117148
"Blacklick, Ohio",39.9956195,-82.811286
"Englishtown, N.J.",40.2973319,-74.3582041
"Sherwood, Ore.",45.3569315,-122.8403744
"Fairview, Pa.",41.0145075,-79.7428275
"Van Meter, Iowa",41.5332166,-93.9548406
"Daphne, Ala.",30.6035255,-87.9036047
"Hartford, Wis.",43.317744,-88.3788508
"Palm Beach County, Fla.",26.6279798,-80.4494174
"Hampton, Va.",37.0264414,-76.3442846
"Branford, Conn.",41.2795414,-72.8150989
"Sylmar, Calif.",34.3076252,-118.4492148
"King of Prussia, Pa.",40.0947625,-75.3851334
"Stockbridge, Ga.",33.5442781,-84.2338093
"Richmond Heights, Ohio",41.552829,-81.510121
"Covington, La.",30.4753525,-90.1010474
"Hatfield, Pa.",40.2796371,-75.2995777
"Anthem, Ariz.",33.8538898,-112.1132905
"Holly, Mich.",42.7919727,-83.6277255
"Lovettsville, Va.",39.2747722,-77.6393091
"Pounding Mill, Va.",37.0798475,-81.7131254
"Cooksville, Md.",39.3201044,-77.0205346
"Blakeslee, Pa.",41.0925133,-75.5926681
"Minesing, Ontario",44.4429839,-79.8423725
"Ball Ground, Ga.",34.3382257,-84.3765714
"Peekskill, N.Y.",41.289811,-73.9204922
"Brunswick, Ga.",31.1499528,-81.4914894
"Ford City, Pa.",40.7706966,-79.5314119
"Fort Washington, Md.",38.7379938,-77.0043036
"Boonton, N.J.",40.9025989,-74.4070971
"Orefield, Pa.",40.6348182,-75.5843529
"Towaco, N.J.",40.9230477,-74.3433955
"Gibsonia, Pa.",40.6300671,-79.9695004
"Forestville, Md.",38.8525535,-76.8723366
"West St. Paul, Manitoba, Canada",49.997147,-97.077942
"Chardon, Ohio",41.5824944,-81.2034066
"Delaware, Ohio",40.2317686,-82.9651045
"Woodbridge, Ontario",43.7848982,-79.5923855
"Yelm, Wash.",46.9413877,-122.60639
"Palatine, Ill.",42.1105502,-88.0434304
"La Grange Park, Ill.",41.8333646,-87.8677324
"McDonald, Pa.",40.3709025,-80.2347814
"Wadsworth, Ohio",41.0256101,-81.7298519
"Northfield, N.J.",39.3703942,-74.5501546
"Lake Hopatcong, N.J.",40.904011,-74.665452
"Blakely, Ga.",31.3773475,-84.9343388
"Padua, Italy",45.3984428,11.8956829
"Pinneberg, Germany",53.7278939,9.6979598
"Exeter, Devon, United Kingdom",50.7256138,-3.5269209
"Ho Ho Kus, N.J.",40.9976524,-74.110284
"Las Vegas, N.V.",45.507435,12.6495318
"White Plains, NY",41.0339862,-73.7629097
"Ostrava, Czech Republic",49.8354045,18.292978
"Bloomfield Hills, Mich",42.583645,-83.2454883
"Amman, Jordan",31.9515694,35.9239625
"Camden, N.J.",39.9440874,-75.1191932
"Laverock, Pa.",40.0951105,-75.1810096
"Eggertsville, N.Y.",42.9657545,-78.807566
"Crescent, Pa.",39.8962492,-75.175164
"Taiyuan, Shanxi (China)",37.8699921,112.5437075
"Jerusalem, Israel",31.7788472,35.2257856
"Agoura Hills, Calif.",34.1481692,-118.7655456
"Merion Station, Pa.",39.9981758,-75.2513256
"Riva di Solto, Italy",45.7734318,10.0385394
"Natrona Heights, Pa.",40.621456,-79.7277765
"Nesbru, Norway",59.8658518,10.4892236
"Sanford, Fla.",28.8117345,-81.2680223
"Perth Amboy, N.J.",40.5133218,-74.2724241
"Mission Hills, Kan.",39.0177834,-94.6169014
"Douglaston, N.Y.",40.768358,-73.7492477
"Colmar, Penn.",40.2660407,-75.2559872
"Vernon, B.C.",50.2668671,-119.2718157
"La Canada Flintridge, Calif.",34.1998302,-118.2005236
"Repulse Bay, Hong Kong",22.2381085,114.1963176
"Hermantown, Minn.",46.8068852,-92.2382464
"Bellmawr, N.J.",39.8676134,-75.0946183
"Edmonton, Alb.",53.5462055,-113.491241
"Smiths Falls, Ont.",44.9013316,-76.0212062
"Courtice, Ont.",43.9117719,-78.7780464
"Port Robinson, Ont.",43.0617673,-79.2076814
"Kingston, Ont.",44.3054151,-76.4283781
"Mascouche, Que.",45.7453521,-73.6005591
"Uxbridge, Ont.",44.1088502,-79.1226768
"Waterloo, Ont.",43.4652699,-80.5222961
"Holyoke, Mass.",42.2071184,-72.6075851
"White Rock, B.C.",49.0235357,-122.797924
"Montreal, Que.",45.5031824,-73.5698065
"Fredericton, N.B.",45.9488278,-66.6291827
"Middleton, Wisc.",43.0962919,-89.5119565
"Kings Park, N.Y.",40.8890985,-73.246843
"Whistler, B.C.",50.1171903,-122.9543022
"Gladstone, Man.",50.2254903,-98.9510661
"Courtenay, B.C.",49.6894061,-124.9954959
"Avon, N.J.",40.1923357,-74.0159703
"Bedford, N.S.",44.7303901,-63.6582365
"Victoria, B.C.",48.4283182,-123.364953
"Pawling, N.Y.",41.5618381,-73.6026148
"Frostburg, Md.",39.6583325,-78.9284241
"Reinach BaselLand, Switzerland",47.4935369,7.5910891
"Freiberg, Germany",50.9169415,13.3428889
"St. Albans Herts, England",51.7751105,-0.3435144
"Stockton, N.J.",40.407883,-74.9782238
"Sante Fe, N.M.",35.4805838,-108.8499456
"Worthington, Ohio",40.0930945,-83.0179593
"Cumberland, Maine",43.8506432,-70.4001498
"Lincolnton, N.C.",35.473745,-81.2545251
"North Yorkshire, U.K.",54.1345328,-1.4986285
"Sleepy Hollow, N.Y.",41.085652,-73.8584684
"Mermaid Waters, Australia",-28.052458,153.4218922
"Waukee, Iowa",41.6118485,-93.8845129
"Ogun, Nigeria",6.9788582,3.4389293
"Cottesloe, Western Australia",-31.9955715,115.7558367
"Lakeville, Conn.",41.9575327,-73.4502336
"Centerville, Mass.",41.6499298,-70.3485753
"Morang, Nepal",26.6105187,87.4728511
"Kailua, Haw.",19.641941,-155.996933
"Crawfordsville, Ind.",40.0408627,-86.8997385
"Belmont, N.C.",35.2438272,-81.0377322
"Milford, N.J.",40.5687128,-75.0946169
"Strangford, Belfast",54.5623555,-5.9607428
"Willow Grove, Pa.",40.1507046,-75.1162306
"Hillsborough, Calif",37.557252,-122.362529
"Fords, N.J.",40.5411231,-74.3165244
"Coleraine, Northern Ireland",55.1315912,-6.671861
"Paddington, Aust.",-33.8841572,151.2272766
"Elmira, N.Y.",42.0897965,-76.8077338
"Gravesend, Eng.",51.4424747,0.3694468
"Crestwood, Ky.",38.3235441,-85.4726215
"Pärnu, Estonia",58.3870659,24.5026059
"Upperville, Va.",38.992285,-77.8776058
"Hammonton, N.J.",39.6366543,-74.8027651
"Wahroonga, New South Wales, Australia",-33.7183413,151.1174435
"Watlington, Oxfordshire, England",51.6451586,-1.0043458
"Mülheim an der Ruhr, Germany",51.4272925,6.8829192
"Rhineland-Palatinate, Germany",49.9531599,7.310646
"West Linton, Scotland",55.7521811,-3.3560656
"Temuka, New Zealand",-44.2439593,171.2797349
"Twickenham, United Kingdom",51.4467444,-0.3281887
"Barleben, Germany",52.2007378,11.6203578
"Leixlip, Ireland",53.3644766,-6.4897438
"Allendale, NJ",41.0413199,-74.1291407
"Cheltenham, Great Britain",51.8995685,-2.0711559
"Chearsley, United Kingdom",51.7894856,-0.9597017
"Okehampton, Great Britain",50.7376667,-4.000316
"Winston Salem, N.C.",36.0998131,-80.2440518
"Walton, England",54.9819827,-2.7447085
"West Molesey, England",51.4047705,-0.3641342
"Great Barrier Island, New Zealand",-36.1994214,175.4172916
"Vancouver, Washington",45.6306954,-122.6744557
"Peterborough, England",52.5725769,-0.2427336
"Blackrock, Ireland",53.3018639,-6.1788342
"Korschenbroich, Germany",51.1902651,6.5143539
"Weybridge, Surrey, England",51.3727175,-0.4549297
"Waintfleet, Ont.",42.8813426,-79.287821
"Fenwick, Ont.",43.0248374,-79.3610045
"Thames Ditton, England",51.389182,-0.3290769
"Brisbane, Calif.",37.687165,-122.402794
"Bethel, Vt.",43.8325292,-72.6342101
"Olomouc, Czech Republic",49.5940567,17.251143
"Woodland Park, N.J.",40.8893288,-74.1969657
"Wellington, New Zealand",-41.2887953,174.7772114
"Harrison Township, Mich.",42.5886235,-82.8217131
"Orchard Lake, Mich.",42.5869558,-83.368957
"Alta Loma, Calif.",34.1354957,-117.5978147
"Blainville, Que.",45.67932,-73.87619
"Burlington, N.C.",36.0956918,-79.4377991
"Carrolton, Texas",33.039475,-96.8703841
"Chesterland, Ohio",41.522183,-81.337919
"Stuttgart, Germany",48.7784485,9.1800132
"Dekalb, Ill.",41.8903447,-88.7713953
"Gothenburg, Sweden",57.7072326,11.9670171
"Shorewood, Wisc.",43.0883957,-87.8881302
"Tetbury, England",51.639272,-2.1594783
"Norwalk, Ohio",41.2424219,-82.6155745
"Greenwich, N.Y.",43.0903515,-73.4993904
"Bryant, Ark.",34.5959045,-92.488348
"Oconomowoc, Wisc.",43.1116731,-88.4992659
"Marine on Saint Croix, Minn.",45.1986675,-92.7696994
"Cantua Creek, Calif.",36.5011795,-120.316113
"Canberra, Australia",-35.2975906,149.1012676
"Stratford, Ont.",43.3700899,-80.9818016
"Glastonbury, C.T.",41.7123218,-72.608146
"Monroe Township, N.J.",40.335756,-74.4334464
"Wolcott, Conn.",41.6023196,-72.9867718
"Lynchburg, Va.",37.4137536,-79.1422464
"Highland Ranch, Colo.",39.1252332,-106.8461025
"Bealeton, Va.",38.585005,-77.775644
"Loveland, Colo.",40.3977612,-105.07498
"Bronx, N.Y,",40.8466508,-73.8785937
"Painted Post, N.Y.",42.1620186,-77.0941366
"Canyon, Texas",34.9789849,-101.9281915
"Nashville, Tn.",36.1622767,-86.7742984
"Severna Park, MD",39.0826193,-76.5719676
"Broadway, Va.",38.6133035,-78.7993257
"Gaylord, Mich.",45.027513,-84.674752
"Alcoa, Tenn.",35.7847143,-83.986599
"Rome, Italy",41.8933203,12.4829321
"Burlingame, California.",37.5780965,-122.3473099
"Orangeville, Ont.",43.9193171,-80.0973754
"Fergus, Ont.",43.7059439,-80.3779366
"Bayshore, N.Y.",40.8472909,-73.8163737
"St. Catharine's, Ont.",43.2504056,-79.8674877
"Puslinch, Ont.",43.4771775,-80.113735
"Woodmere, N.Y.",40.636793,-73.7240106
"Islip, N.Y.",40.7300685,-73.2107266
"Stevensville, Md.",38.9777659,-76.3189417
"Glen Arm, Md.",39.4534402,-76.4944089
"Maple Ridge, B.C.",49.2197345,-122.599707
"Jackson, Wyoming",43.479965,-110.761815
"Rollingwood, Texas",30.2742428,-97.7855814
"Wareham, Mass.",41.7626037,-70.7217017
"Baldwin, Md.",39.4945894,-76.4701866
"Schuylerville, N.Y.",43.100231,-73.581963
"Walkersville, Md.",39.4817659,-77.3507698
"Georgetown, Ontario",43.6553828,-79.9190449
"Chambersburg, Pa.",39.9375112,-77.6612586
"Parkton, Md.",39.6409378,-76.6591376
"Blairstown, N.J.",40.9831598,-74.9602972
"Urbana, Md.",39.3206075,-77.3416402
"Setauklet, N.Y.",40.9467545,-73.115916
"San Francisco, Calif",37.7879363,-122.4075201
"Monroe, N.J.",41.114541,-74.6340505
"Solihull, England",52.4130189,-1.7768935
"Rishon LeTsiyon, Israel",31.9635712,34.8101149
"Elkins, W.V.",38.9286659,-79.8651208
"Bayport, N.Y.",40.74885,-73.052214
"Forest City, Calif.",33.8154092,-116.4412993
"Dublin, Ire.",53.3493795,-6.2605593
"Phoenix, Az.",33.4484367,-112.074141
"Louisville, Ken.",38.2542376,-85.759407
"Fontana, Calif.",34.0922947,-117.43433
"Palm Beach, Fl.",26.6279798,-80.4494174
"Perth, Ontario",43.4935991,-81.0164111
"Poltava, Ukraine",49.8607809,33.7498787
"Bethesda, Maryland",38.9812726,-77.1233587
Guelph,43.5460516,-80.2493276
"Las Cruces, N.M.",32.3140354,-106.779807
"Leawood, Kansas",38.966673,-94.6169012
"Superior Township, Michigan",42.3049933,-83.6041183
"Ellicott City, Maryland",39.2757359,-76.8317417
"Chestnut Hill, Pa.",40.0770553,-75.2074
"Bayan Lepas, Malaysia",5.2948137,100.2595968
"Honolulu, Haw.",21.304547,-157.855676
Granite Bay,38.762173,-121.1850057
"Forsyth, Ill.",39.9325368,-88.9511912
"Brookfield, Wisc.",43.0615578,-88.1260678
"Decorah, Iowa",43.3041609,-91.7859098
"Llandogo, Wales",51.7336903,-2.6875211
"Abuja, Nigeria",9.0643305,7.4892974
"LaSalle, Québec",45.4325141,-73.6292667
"Independence, Minn.",45.0252407,-93.7074634
"Spartanburg, S.C.",34.9498007,-81.9320157
North Hunterdon,40.6281912,-74.883525
"Ashford, Conn.",41.8731532,-72.1214653
"Richmond Hill, N.Y.",40.6994253,-73.8309672
"Olivette, Mo.",38.6653297,-90.3759499
"Hamilton Square, N.J.",40.226459,-74.65399
"Clinton, Mass.",42.4212463,-71.6874099
San Ramon Calif.,37.7648021,-121.9544387
"Blountstown, Fla.",30.4435293,-85.0451953
"Lake Tapps, Wash.",47.2198473,-122.1753933
"Dresden, Ohio",40.1214579,-82.0106918
"Brookhaven, Ga.",33.8584368,-84.340203
"Twickenham, U.K.",51.4467444,-0.3281887
"Leicester, Eng.",52.6362,-1.1331969
"St. Catharines, Canada",43.1579812,-79.2441003
"Bayside, Wis.",43.1860869,-87.904897
"Tarporley, Eng",53.1600059,-2.6736725
"Barking, England",51.5402677,0.0793235
"Caracas, Venezuela",10.5060934,-66.9146008
"Ocean, N.J.",39.977818,-74.3319287
"Powhatan, Va.",37.5531622,-77.9112655
"Glasgow, Scotland",55.861155,-4.2501687
"Dorado, P.R.",17.9112316,-88.8563338
"Bourne End, Eng.",51.5799463,-0.7120777
"Lufkin, Texas",31.3386242,-94.7288558
"Nevada City, Calif.",39.2625993,-121.0187304
"Oxford, Eng.",51.7520131,-1.2578499
"Strafford, Pa.",40.0509421,-75.4043578
"Poole, England",50.7402006,-1.9537484
"Henley-on-Thames, Eng.",51.5375786,-0.9050287
"Wimbledon, Eng.",51.4214787,-0.2064027
"Nantwich, Eng.",53.0671376,-2.5221184
"Grimsby, Ont.",43.1931661,-79.560677
"Falmouth, Me.",43.7219859,-70.2327055
"Sydney, Aust.",-33.9269616,150.8064731
"Atoka, Tenn.",35.4411945,-89.7781379
"Melbourne, Aust.",-37.7253581,144.9509254
"Castletroy, Ireland",52.6654318,-8.5712428
"Aberdeen, Scotland",57.1482429,-2.0928095
"Utrecht, Netherlands",52.0907006,5.1215634
"Dortmund, Germany",51.5142273,7.4652789
"North Garden, Va.",37.9573535,-78.6375087
"Oberhof, Thuringia, Germany",50.7067756,10.7257435
"Terramungamine, New South Whales, Australia",-32.1485,148.5679
"Brisbane, Aust.",-27.4510029,153.103242
"North York, Ontario, Can.",43.7570209,-79.3526399
"Milwaukee, Wisc.",43.0386475,-87.9090751
"Zip Cape Town, Western Cape, South Africa",-33.9187934,18.4310357
"Putney, New South, Australia",-33.826067,151.1064224
"Main Road, Lacey Green, England",51.694304,-0.8099168
"Forth Worth, Texas.",32.7369895,-97.4629893
"Berkshire, United Kingdom",51.4534889,-1.031873
"Baerum, Norway",59.9289639,10.4997108
"Worthing, England",50.8115402,-0.3699697
"Fisherman Bay, South Wales, Australia",-28.6364417,153.6283779
Portola Valley Calif.,37.3736298,-122.219047
"Cremorne Point, Australia",-33.8409547,151.2279762
"Chatanooga, Tenn.",35.0457219,-85.3094883
"Windsor, England",51.4837886,-0.6040419
"Meilen, Switzerland",47.270428,8.6412249
"Seillans, France",43.6364106,6.6445779
"Knutsford, England",53.3033492,-2.3705745
"Helena, Mont.",46.5927425,-112.036277
"Doncaster, England",53.5227681,-1.1335312
"Rigaud, Quebec",45.4794481,-74.3019608
"Mansfield, Ohio",40.75839,-82.5154471
"Bethlehem, Conn.",41.6393626,-73.2080798
"Flanagan, Ill.",40.8780891,-88.8611818
"South Croydon, Great Britain",51.3629173,-0.0933556
"Woodlands, Australia",-27.612166,152.2873546
"Kitchener, Ont.",43.451291,-80.4927815
"Petah Tiqwa, Israel",32.0906377,34.876529
"Pacheco, Calif.",37.990188,-122.0697504
"Midland, Mich.",43.6155825,-84.2472117
"Kenton, England",51.5815255,-0.3166378
"Kiryat Ono, Israel",32.0591691,34.8594303
"Lusaka, Zambia",-15.4163395,28.2818414
"Millersville, Pa.",39.997998,-76.3545372
"Ski, Norway",59.7199326,10.8382736
"Mlada Bolesav, Czech Republic",50.4116187,14.9031301
"Dalgety Bay, Scotland",56.0422731,-3.367249
"Moers, Germany",51.451283,6.62843
Aliso Viejo,33.5761376,-117.7258122
"Brentwood, U.K.",37.9317766,-121.696026
"Pekasie, Penn.",40.372048,-75.292676
"Lebanon Township, N.J.",40.729147,-74.897122
"Madison, Kan.",38.1355772,-96.135829
"Venice, Calif.",33.995044,-118.4668875
Georgetown Prep,30.7338393,-97.6436206
"Highland Falls, N.Y.",41.3692605,-73.9662504
Chardon High School,41.5912395,-81.2003271
"Mint Hill, N.C.",35.1735388,-80.6570377
"Wallingford, Eng.",51.5982886,-1.1251402
"Kobe, Japan",34.6932379,135.1943764
"Thornton, Pa.",39.9075918,-75.5317853
"Neustadt, Germany",49.3536057,8.1360247
"Point Roberts, Wash.",48.9868642,-123.0560063
"Boyds, Md.",39.1840886,-77.3122325
"Hong Kong, Hong Kong",22.2818333,114.1582831
"Denville, N.J.",40.8922694,-74.4774255
"West Chester, Penn.",39.9496338,-75.5264155
"Lincoln, Nebraska",40.8088861,-96.7077751
"Hellerup, Denmark",55.7336657,12.5655408
"Pori, Finland",61.4866126,21.7972071
"San Clemente, Calif",33.4270275,-117.6124179
Ciudad de México,19.3207722,-99.1514678
"Somerset, U.K.",41.8523707,-121.991118
"Wexford, P.A.",40.6264561,-80.055891
"Canyon Country, Calif.",34.4233293,-118.4720281
"Delta, B.C.",49.0846258,-123.057938
"Mauldin, S.C.",34.77873,-82.310119
"Washington, N.J.",40.7584793,-74.9794987
"Beaconsfield, Que.",45.4289766,-73.8654387
"Akranes, Iceland",64.3170806,-22.0833512
"Caldwell, N.J.",40.8398218,-74.2765366
"Hatfield, Mass.",42.3732087,-72.596091
"Unionville, Pa.",40.907282,-77.8755588
"Düsseldorf, Germany",51.2254018,6.7763137
"Schwetzingen, Germany",49.3832919,8.5735135
"Derbyshire, England",53.1185033,-1.5566179
"Rudgwick, West Sussex, England",51.0900272,-0.4491403
"Riemst, Limburg, Belgium",50.8115825,5.5978716
"Herne, Kent, England",51.3503509,1.1337922
"Huntshaw, Devon, England",50.986227,-4.1294116
"Wells, England",51.2094511,-2.6451203
"Rotterdam, The Netherlands",51.9244424,4.47775
"Sydenham, Victoria, Australia",-37.6997223,144.7653295
"Cheshire, England",53.2141028,-2.4717701
Rumson,40.372054,-73.9990269
"Chester, England",53.1908873,-2.8908955
"Milton, England",52.2422961,0.1604726
"Surbiton, England",51.3937557,-0.3033105
"Bromley, England",51.4028046,0.0148142
"Nantwich, England",53.0671376,-2.5221184
"Bristol, England",51.4430141,-2.5816622
"Wirksworth, England",53.0821999,-1.5732089
"Cheltenham, England",51.8995685,-2.0711559
"Louisville, Kent.",38.2149009,-85.744472
"Poquoson, Va.",37.1241861,-76.3921461
"Eudora, Kan.",38.9433372,-95.0985808
"Vernon, N.J.",39.8973938,-75.0317979
"Bemus Point, N.Y.",42.1593392,-79.3922893
"London, Great Britain",51.5074456,-0.1277653
"Cheney, Wash.",47.4892246,-117.579304
"Waterville, Ohio",41.5008859,-83.7182701
"North Ward, Australia",-19.2484915,146.8097532
"Vosselaar, Belgium",51.3129153,4.8878026
"Zion, Ill.",42.4501169,-87.8337753
"Pennsville, N.J.",39.6534464,-75.5165881
"Itasca, Ill.",41.9712977,-88.0129164
"Forth Worth, Texas",32.7369895,-97.4629893
"Ambler, Penn.",40.1544727,-75.2221643
"Wexford, Penn.",40.4451436,-79.8111323
"Leicestershire, U.K.",52.666667,-1.0
"Ingatestone, U.K.",51.6670001,0.3842646
"Churchville, Penn.",40.1665175,-78.5177284
"Hod Hasharon, Israel",32.1561974,34.8930354
"Dixon, Calif.",38.4454641,-121.8232958
"Maypool, U.K.",50.3784616,-3.5797628
"Puemerend, Netherlands",52.5024789,4.9614827
"Almere, Netherlands",52.3705038,5.2185859
"Gelsenkirchen, Germany",51.5110321,7.0960124
"Hatfields Beach, New Zealand",-36.5709944,174.6892499
"Larchwood, Iowa",43.453875,-96.434065
"Hannibal, Mo.",39.7082498,-91.3587413
"Beachwood, N.J.",39.939007,-74.1929188
"Schwabenheim, Germany",49.929002,8.0955343
"Twickenham, England",51.4467444,-0.3281887
"Glastonbury, Ct.",41.7123218,-72.608146
"Washington, Mich.",42.3021687,-83.257153
"Killawarra, Aust.",-36.251256,146.2158559
"Angola, Ind.",41.634874,-84.99928
"Newbury, U.K.",51.4020243,-1.3242212
"New Kensington, Pa.",40.5697893,-79.7647705
"Ventnor City, N.J.",39.3405045,-74.4773916
"Church Hill, Tenn.",36.5223207,-82.7134921
"Chandler, Az.",33.3062031,-111.841185
"Winchester, Eng.",51.0612766,-1.3131692
"Medical Lake, Wash.",47.5727104,-117.682391
"Whakatane, N.Z.",-38.1376059,177.0067014
"Newry, Northern Ireland",54.1775283,-6.337506
"Twickenham, Eng.",51.4467444,-0.3281887
"Bremen, Germany",53.0758196,8.8071646
"Cork City, Ireland",51.8897795,-8.4653846
"Hessen, Germany",50.6080651,9.0284647
"Woking, Great Britain",51.3201891,-0.5564726
"Marlow, Great Britain",51.5718706,-0.7769654
"Laurel Hollow, N.Y.",40.8567653,-73.4695665
"Amsterdam, Noord-Holland",52.4015863,4.9330316
"Scarsdale, New York",40.9885221,-73.8085608
"Newport, Calif.",39.5773839,-123.7747388
"Toorak, Aus.",-37.850751,145.0136989
"Cabot, Ark.",34.974532,-92.0165336
"Perry, Ohio",39.6370289,-82.2044367
"Parnell, New Zealand",-36.8554763,174.7805576
"Piestany, Slovakia",48.5895247,17.8213848
"Lombard, Ill.",41.8864687,-88.0201536
"Leonia, N.J.",40.8617353,-73.9880495
"Glendale, Az.",33.5386858,-112.185994
"Washington Boro, Pa.",39.9925984,-76.4671863
"Monticello, Minn.",45.3053901,-93.7939996
"Ofallon, Mo.",38.7306235,-90.6859466
"East Longmeadow, Mass.",42.064906,-72.5129296
"Clinton, La.",30.8657362,-91.0156594
"Lima, Ohio",40.7399785,-84.105006
"West Caldwell, N.J.",40.8409329,-74.3018154
"Peoria, Az.",33.5806115,-112.237294
"Monongahela, Pa.",39.952475,-79.9556098
"Sandwich, Mass.",41.7579043,-70.4968152
"Uniondale, N.Y.",40.7157545,-73.5898872
"Hoschton, Ga.",34.096496,-83.7612839
"College Park, Ga.",33.6534427,-84.4493725
"Royal Palm Beach, Fla.",26.7050822,-80.2279519
"Hague, N.Y.",43.745559,-73.4984768
"Sunnyvale, Texas",32.7965165,-96.5608242
"Everett, Pa.",40.0114711,-78.3733484
"Mt. Carmel, Pa.",40.7968393,-76.4131097
"Cedarburg, Wis.",43.2966545,-87.9875348
"Rockledge, Fla.",28.330831,-80.7349162
"Thorofare, N.J.",39.8539265,-75.1982182
"Mount Juliet, Tenn.",36.200055,-86.5186054
"Bailey, Miss.",32.4676412,-88.7228236
"Hau'ula, Hawaii",21.6055533,-157.9036798
"Piqua, Ohio",40.1447732,-84.2424449
"Jefferson Hills, Pa.",40.2911809,-79.9319942
"Orleans, Ont.",45.4653654,-75.5035343
"Shawnee, Kansas",39.0273676,-95.7627535
"Schertz, Texas",29.5641617,-98.2695702
"Darrow, La.",30.1182542,-90.9853773
"Gurnee, Ill.",42.3702996,-87.9020186
"Draper, Utah",40.5247777,-111.8627989
"Keizer, Ore.",44.9969,-123.0266267
"Gallatin, Tenn.",36.3883031,-86.4475898
"Glassboro, N.J.",39.7027677,-75.1119434
"Gadsden, Ala.",34.0128323,-86.0030251
"Westfield, N.C.",36.4754147,-80.4467247
"Bristol, Tenn.",36.5945034,-82.1885212
"Secaucus, N.J.",40.7899291,-74.0566735
"Homestead, Fla.",25.4718946,-80.4759905
"Girard, Ohio",41.1540381,-80.7009406
"Pleasantville, N.J.",39.3898388,-74.5240422
"Floresville, Texas",29.1335781,-98.1561192
"Pacoima, Calif.",34.2625025,-118.427027
"La Vernia, Texas",29.356348,-98.1155633
"Bethlehem, Ga.",33.9328842,-83.7129958
"Elkhorn, Neb.",41.2860699,-96.2346121
"Eureka, Mo.",38.5025537,-90.6279044
"Roy, Wash.",47.0042643,-122.539846
"Versailles, Ky.",38.052576,-84.7299464
"Nutley, N.J.",40.8223223,-74.1598663
"Washington, Ind.",38.5612578,-86.1179768
"Kelowna, British Columbia, Canada",49.8879177,-119.495902
"Florissant, Mo.",38.7919683,-90.3227803
"Smyrna, Tenn.",35.9824598,-86.5199492
"Bixby, Okla.",35.9420431,-95.8833235
"Bradford Woods, Pa.",40.637567,-80.0817249
"Alameda, Calf.",37.6090291,-121.899142
"Little Egg Harbor, N.J.",39.5799861,-74.2789147
"Conneaut, Ohio",41.9440977,-80.5561011
"Lewisville, N.C.",36.0970819,-80.4192216
"River Ridge, La.",29.9602043,-90.2156316
"Somerville, N.J.",40.5742696,-74.60988
"Princeton, Mass.",42.448411,-71.8768079
"Farmingville, N.Y.",40.8406525,-73.0349423
"Santa Cruz, Bolivia",-17.7834217,-63.1820853
"Palm Coast, Fla.",29.5541432,-81.2207673
"Cobham, Surrey, U.K.",51.3300079,-0.4120821
"Lake Charles, La.",30.2305095,-93.2169807
"Biarritz, France",43.4832523,-1.5592776
"West Hollywood, Fla.",26.0206457,-80.1839357
"Chengdu, China",30.659867,104.063315
"Glandorf, Ohio",41.0289961,-84.0791193
"La Mirada, Calif.",33.9060971,-118.0107092
"Clover, S.C.",35.1112478,-81.2264646
"Florham Park, N.J.",40.7881643,-74.3891647
Freehold Borough,40.2680814,-74.2684496
"Saint-Hyacinthe, Que.",45.627484,-72.940636
"High Point, N.C.",35.9556924,-80.0053176
"Monroe, Wash.",47.8552259,-121.971335
"Newcastle, England",54.9738474,-1.6131572
"Drums, Pa.",41.018139,-75.9949252
"Pelican Island, N.J.",39.9425177,-74.0885471
"Vernon, Conn.",41.8382921,-72.4663331
"Chocowinity, N.C.",35.5125955,-77.1009232
"Downers Grove, Ill",41.7936822,-88.0102281
"Littlestown, Pa.",39.7446302,-77.0880163
"Atlantic Highlands, N.J.",40.4078865,-74.034306
"Airdrie, Alb.",51.28597,-114.01062
"St. Michael, Minn.",45.210202,-93.6648083
"Arthur, Ont.",43.8309446,-80.5355526
"Fall River, N.S.",44.8161987,-63.6288442
"Timmins, Ont.",48.477473,-81.330414
"Bowmanville, Ont.",43.9122995,-78.6891675
"St. John's, N.L.",47.5646794,-52.7066964
"Georgetown, Ont.",43.6553828,-79.9190449
"Menomonie, Wis.",44.8765289,-91.9278716
"Passau, Germany",48.5748229,13.4609744
"Brooklin, Ont.",43.9587134,-78.9600543
"West Kelowna, B.C.",49.8585784,-119.582876
"Clayton, N.Y.",44.239491,-76.085776
"Sainte-Marie-de-Kent, N.B.",46.408299,-64.8569065
"Arva, Ont.",43.0504756,-81.2948873
"New Windsor, N.Y.",41.4767605,-74.0237519
"Etobicoke, Ont.",43.6435559,-79.5656326
"Midhurst, Ont.",44.4475856,-79.733624
"West Chester, P.A.",39.9597389,-75.6044609
"Anaheim Hills, Calif.",33.8444082,-117.7773862
"Martinez, Calif.",38.0138934,-122.1338674
"Laurel, Ind.",39.5008825,-85.1863522
"Henderson, NV",36.0301388,-114.9815488
"San Antonio, Tex.",29.4246002,-98.4951405
"Fair Lawn, N.J.",40.9358397,-74.1175058
"Slane, Ireland",53.7085594,-6.5431923
"John's Creek, Ga.",34.0305765,-84.1882491
"Denver, CO",39.7392364,-104.984862
"Moreland Hills, OH",41.447831,-81.427615
"Northridge, CALIF.",34.2345615,-118.5369316
"Fort Worth, TX",32.753177,-97.3327459
"Santa Monica, CALIF.",34.0194704,-118.491227
"Quogue, N.Y.",40.823177,-72.6096451
"St. Louis, MO.",38.6254063,-90.190009
"Burr Ridge, IL",41.7502971,-87.9161818
"Irving, TX",32.8295183,-96.9442177
"Stillwater, MN",45.0559126,-92.807572
"Manhassett, NY",32.6057522,-97.2987711
"Montreal, QUE",45.5031824,-73.5698065
"Mound, MN",44.9366295,-93.6660719
"Cumberland, ME",43.8506432,-70.4001498
"Duluth, MN",46.7838287,-92.1052679
"Reading, MA",42.5260297,-71.1020262
"Highland Beach, FL",26.3995204,-80.0655977
"Ronkonkoma, NY",40.8075225,-73.1359924
"New Vernon, NJ",40.7369265,-74.4823693
"North Wall, NJ",40.1796282,-74.0636245
"Medina, Min.",45.0151361,-93.574375
"China Township, Mich.",42.770129,-82.5560005
"Clarkston, MI",42.735863,-83.4188304
"Kleinburg, Ont.",43.844184,-79.628906
"Herndon, VA",38.9695316,-77.3859479
"Port Moody, B.C.",49.2821981,-122.8293554
"Pemberville, Ohio",41.4108855,-83.46104
"Purchase, NY",41.0405953,-73.7144803
"Chestermere, Alta.",51.0527345,-113.8252507
"Lake George, N.Y.",43.425996,-73.712425
"North Delta, B.C.",49.1378833,-122.911231
"Oldwick, N.J.",40.670696,-74.7427875
"Mill Bay, B.C.",48.651057,-123.556366
"Hudson, Mass.",42.3913503,-71.5676895
"Lockport, N.Y.",43.1687104,-78.696567
"Brandon, MB",49.8511143,-99.9608924
"Montréal, QC",45.5031824,-73.5698065
"Hurley, N.Y.",41.910209,-74.062247
"Weidman, Mich.",43.704895,-84.9745405
"Pymble, Australia",-33.7450185,151.1424708
"Yatesbury, England",51.4440728,-1.9062342
"Cardiff, Wales",51.4816546,-3.1791934
"Montauk, N.Y.",41.0419705,-71.94147
"Wilson, Conn.",41.8120435,-72.6573141
"Ogdensburg, N.J.",41.0817636,-74.5923824
"Goshen, Conn.",41.8317624,-73.2251145
"Wrightwood, Calif.",34.3556399,-117.6291741
Blacksburg Va.,37.2296566,-80.4136767
"Rhoos, Wales",51.3871547,-3.3494457
"Rhoose, Wales",51.3871547,-3.3494457
"Bryson City, N.C.",35.4309291,-83.447381
"Beal City, Mich.",43.6673795,-84.9086306
"Jay, N.Y.",44.375159,-73.728218
"Sea Ranch Lakes, Fla.",26.2008949,-80.0981785
"Boiling Springs, Pa.",40.150042,-77.1308005
"Delft, Netherlands",52.0114017,4.35839
"Eldon, Mo.",38.3494456,-92.5805241
"Hurst, Texas",32.8234621,-97.1705678
"Hutchinson, Kan.",38.0608444,-97.9297743
"North Babylon, N.Y.",40.730441,-73.3263791
"Mount Pleasant, Mich.",43.597646,-84.7668495
"Six Fours les Plages, France",43.0935105,5.8393953
"Liberty Lake, Wash.",47.6681145,-117.104865
"Badalona, Spain",41.4493539,2.248254
"Gmunden, Austria",47.9185855,13.8003048
"Taylor Mill, Ky.",38.9975616,-84.4963306
"Grafton, Ohio",41.2725522,-82.0545892
"Milpitas, California",37.4332273,-121.8989248
"Ashley Falls, Mass.",42.0562158,-73.3350068
"Clare, Ireland",53.3828207,-8.8764679
"East London, South Africa",-33.0191604,27.8998573
"Sevilla, Spain",37.3886303,-5.9953403
"Chertsey, United Kingdom",51.392296,-0.5038294
"New Trier, Ill.",42.0909474,-87.7647128
"Sweet Home, Ore.",44.3976247,-122.736195
"Henley-on-Thames, Great Britain",51.5375786,-0.9050287
"North Molton, Great Britain",51.0539523,-3.8033031
"North Yorkshire, Great Britain",54.1345328,-1.4986285
"Greenland, N.H.",43.0361995,-70.8328322
"Ashburton, New Zealand",-43.9024396,171.7503327
"Harrogate, England & Cape Town, South Africa",53.9921491,-1.5391039
"Braselton, Georgia",34.1092735,-83.7626729
"Lubeck, Germany",53.866444,10.684738
"Treviso, Italy",45.8066913,12.2063158
"Addlestone, Great Britain",51.3711193,-0.4895776
"Asuncion, Paraguay",-25.2800459,-57.6343814
Sydney Australia,-33.8698439,151.2082848
"Birkereod, Denmark",55.8403369,12.4287796
"Belfast, Ireland",54.596391,-5.9301829
"Breclav, Czech Republic",48.7594008,16.8813137
"Kettering, England",52.3994233,-0.728004
"Alexandra, New Zealand",-45.2550839,169.3921819
"Jesenice, Slovenia",46.4459152,14.0663103
"Henley on Thames, United Kingdom",51.5375786,-0.9050287
"Holstebro, Denmark",56.3590324,8.6159188
"Ioannia, Greece",39.6639818,20.8522784
"Buninyong, Australia",-37.6502361,143.8839811
"Thessaloníki, Greece",40.6403167,22.9352716
"Mount Martha, Australia",-38.2754676,145.0307737
"Friedrichshafen, Germany",47.6500279,9.4800858
"Câmpulung Moldovenesc, Romania",47.5297764,25.5597482
"Tabor, Czechia",49.4141533,14.6587234
"Sandvika, Norway",59.8921158,10.5249914
"Dallas, TX.",32.7762719,-96.7968559
"Aiken, S.C.",33.5723191,-81.6182086
"Valladolid, Spain",41.6200024,-4.7259906
"Morgantown, W. Va.",39.6296809,-79.9559437
"West Hattiesburg, Miss.",31.3108339,-89.3725952
"Leipzig, Germany",51.3406321,12.3747329
"South Elgin, Ill.",41.9941938,-88.2922996
"Asaba, Nigeria",6.1858825,6.7297071
"Santa Fe, N.M",35.6876096,-105.938456
"Lakatamia, Cyprus",35.1200946,33.3078496
"Reykjavic, Iceland",64.145981,-21.9422367
"Benbrook, Texas",32.673188,-97.4605759
"Livingston, Mont.",45.6623873,-110.5615899
"Superior Township, Mich.",42.3049933,-83.6041183
"Ellington, Conn.",41.9039863,-72.4698071
"Happy Valley, Hong Kong",22.267237,114.1869671
"Kassel, Germany",51.3157833,9.4978479
"Bedford, Texas",32.844017,-97.1430671
"Nazareth, Penn.",48.5541428,-3.1046135
"Seattle, Wa.",47.6038321,-122.330062
"Suffern, NY",41.1151372,-74.1493948
"East Chapel Hill, N.C.",35.9969604,-78.9028627
"Palos Verdes, Ca.",33.7388745,-118.3976474
"Haute-Nendaz, Switzerland",46.1839428,7.2953573
"Donaldsonsville, La.",30.1051938,-90.9875923
"Manlius, NY.",43.0020107,-75.9768632
"Southend-on-Sea, England",51.5388241,0.7128137
"Leyden, Mass.",42.7017395,-72.6305336
"Hibat Tzionm, Israel",32.3987871,34.9120169
"Killingworth, Conn.",41.3581545,-72.5637023
"Odiham, England",51.2496285,-0.9346917
"Wan Chai, Hong Kong",22.2790146,114.1724833
"Kenosha, Wisc.",42.5846773,-87.8212263
"St. Thomas, VI",18.3429082,-64.9188997
"Sarasota, FL",27.3365805,-82.5308545
"Larchmont, NY.",40.9278769,-73.7517983
"Yarmouth, Mass.",41.7056656,-70.2286314
"St. Thomas, V.I.",43.5143718,1.0827769
"St. Thomas, U.S. Virgin Islands",18.3429082,-64.9188997
USA,39.7837304,-100.445882
"Lewiston, N.Y.",43.172555,-79.035878
"San Diego, California",32.7157062,-117.1638284
"New London, Conn.",41.3556187,-72.0997804
"Dover, Del.",39.158168,-75.5243682
"Lopez Island, Wash.",48.495595,-122.9041221
"Harwood, Md.",39.3209067,-76.6112813
"Vero Beach, FL",27.6387163,-80.3975399
"Yorklyn, DE",39.8081666,-75.6754883
"Mount Lebanon, Pa.",40.3765,-80.0508
"Mendham, NJ",40.775941,-74.6009617
"Upper Saddle River, NJ",41.0585352,-74.0984769
"Princeton, NJ",40.3496953,-74.6597376
"Flourtown, PA",40.1030852,-75.2042283
"New Hope, PA",40.3642728,-74.9512785
"Saskatoon, SK",52.131802,-106.660767
"Bloomfield Hills, MI",42.583645,-83.2454883
"Culver, IN",41.2189311,-86.4230626
"Hamilton, ON",43.2560802,-79.8728583
"Kensington, CT",41.6271595,-72.7720332
"Slate Hill, NY",41.3909274,-74.4765471
"Santa Monica, CA",34.0194704,-118.491227
"Dover, DE",39.158168,-75.5243682
"Saint James, NY",40.8827035,-73.1480789
"Basking Ridge, NJ",40.7064088,-74.5492725
"Davidsonville, MD",38.9228697,-76.6277374
"Glen Rock, NJ",40.9628758,-74.1329208
"Mineola, NY",40.7492678,-73.6406845
"North Palm Beach, FL",26.8237944,-80.0559266
"Garden City, NY",40.7266477,-73.6343052
"Park City, UT",40.6460921,-111.4979963
"Freeport, NY",40.6576071,-73.5835826
"Macedon, NY",43.06923,-77.298875
"Massapequa, NY",40.669501,-73.4698253
"Levittown, N.Y.",40.721775,-73.5125577
"Windham, NH",42.8006441,-71.304229
"Head of the Harbor, N.Y.",40.9034315,-73.1578885
"Greenfield Center, N.Y.",43.1285275,-73.8463886
"Cambridge, Ontario",43.3600536,-80.3123023
"Clayton, Calif.",37.9411668,-121.9357878
"North Wayne, Pa.",40.9722057,-80.373497
"Sellersville, Pa.",40.3542858,-75.3050079
"Upper Arlington, OH",40.0073887,-83.0581647
"Holmdel, NJ",40.3451095,-74.1840322
"Louisville, KY.",38.2542376,-85.759407
"Rocky River, OH.",41.4756031,-81.8393034
"Scotch Plains, NJ.",40.65538,-74.3898732
"Lewes, Del.",38.7733961,-75.1379574
"Chanhassen, MN.",44.8618403,-93.5307207
"Abingdon, Md.",39.4636817,-76.2727147
"Grasonville, Md.",38.959397,-76.1972196
"Colchester, Vt.",44.534084,-73.1846098
"Ramsey, Minn.",45.0165728,-93.0949501
"Stewartstown, Pa.",39.7537146,-76.5913571
"Sandy Spring, Md.",39.1495517,-77.0269221
"Sound Beach, N.Y.",40.9606885,-72.9729007
"Howard County, Md.",39.2305289,-76.9166241
"Dehli, India",28.6328027,77.2197713
"Ipoh, Malaysia",4.5986817,101.0900236
"Melaka, Malaysia",2.3293744,102.2880962
"Natick, MA",42.2836393,-71.346996
"Hong Kong, H.K.",4.5784889,101.0953003
"Newcastle Upon Tyne, U.K.",54.9738474,-1.6131572
"Clyde Hill, WA",47.631569,-122.2181054
"Woodside, CA",37.4280637,-122.2507435
"Prosper, TX",33.2371585,-96.7977048
"Fredericton, New Brunswick, Canada",45.9488278,-66.6291827
"Edmonton, Alberta, Canada",53.5462055,-113.491241
"Fairfax Station, VA",38.79255,-77.3451678
"Spring City, Penn.",40.1778276,-75.5456439
"Marshall Township, PA",40.6462854,-80.1148673
"Hilton Head Island, SC",32.1618488,-80.7512616
"Riverside, Ill.",41.8323474,-87.8153195
"Benardsville, N.J.",40.7186805,-74.5692273
"Duxbury, MA",42.0417695,-70.672259
"Palm Beach Gardens, FL",26.8233946,-80.1386547
"Franklin, MA",42.5896205,-72.6110645
"Green Brook, NJ",40.6126391,-74.4356491
"Fairfield, CT",41.1412078,-73.2637258
"New London TWP, PA",39.7682118,-75.8851364
"Edina, MN & Dallas, TX",44.8897027,-93.3501222
"Menlo Park, CA",37.4519671,-122.177992
"New London Township, Pa.",39.7682118,-75.8851364
"Palisades Park, N.J.",40.8481556,-73.997639
"Bangor, Northern Ireland",54.662595,-5.6679127
"Morgantown, WVa.",39.6296809,-79.9559437
"NewYork, N.Y.",40.6678376,-73.9791449
"Seven Fields, Pa.",40.6846423,-80.0615292
"Huldenberg, Belgium",50.7881181,4.6023539
"Cardiff, United Kingdom",51.4816546,-3.1791934
"Ramat Hasharon, Israel",32.1431276,34.8380853
"Derbyshire, U.K.",53.1666927,-1.5833223
"Newport, RI",41.4899827,-71.3137707
"Macau, China",22.1757605,113.5514142
"Philadelphia, PA",39.9527237,-75.1635262
"Mississauga ,Ontario",43.5884727,-79.643658
"Los Altos, Calif. and Karmei Yosef, Israel",37.3790629,-122.116578
"Pontefract, England",53.6917422,-1.3105722
"Birmingham, England",52.4948994,-1.8518439
"Alor Setar, Kedah, Malaysia",6.1231908,100.3683962
"Westlake Village, Calif",34.1460234,-118.8061794
"Pottsboro, Texas",33.7608727,-96.6668527
"Elmhurst, Illinois",41.8994745,-87.9403418
"Gulf Breeze, Fla.",30.3612885,-87.1683428
"Canton, MI",32.612602,-90.0367512
"Marietta, Georgia",33.952845,-84.5496054
"Birmingham, Alabama",33.5206824,-86.8024326
"Jupiter, Florida",26.9342246,-80.0942087
"Lenexa, Kansas",38.9697458,-94.7845837
"Fairview, TX",33.1578325,-96.6318301
"Fort Worth, Tex.",32.753177,-97.3327459
"Lucas, Tex.",33.0842854,-96.5766577
"Katy, Tex.",29.7857853,-95.8243956
"Hockessin, DE",39.7874275,-75.6879987
"Ooltewah, TN",35.0522068,-85.102658
"Henrico, VA",37.5131191,-77.3465081
"Pound Ridge, NY",41.2087066,-73.5748483
"Larchmont, NY",40.9278769,-73.7517983
"Katy, TX",29.7857853,-95.8243956
"Indianapolis, IN",39.7683331,-86.1583502
"Trumbull, CT",41.2428742,-73.2006687
"Laguna Niguel, CA",33.5225261,-117.7075526
"Sparta, NJ",41.0401567,-74.6310081
"Dalton, GA.",34.7691867,-84.9702475
"Buckley, Wash.",47.1622483,-122.027746
"Neenah, Wisc.",44.1858193,-88.462609
"Dalton, Ga.",34.7691867,-84.9702475
"Bonaire, Ga.",32.5438429,-83.5960264
"Murrysville, Pa.",40.4284015,-79.697545
"Brookshire, Texas",29.7860643,-95.9510661
"Oxford, Mich.",42.8247524,-83.2646624
"Potomac, Mary.",38.1995717,-76.5644014
"Nacogdoches, Texas",31.5970503,-94.5927451
"Waterford, Conn.",41.343025,-72.1290542
"Honolulu, H.I.",21.304547,-157.855676
"Lake Forest, Il.",42.2586461,-87.8407055
"St. Thomas, USVI",18.3396561,-64.8901934
"Indianapolis, Ind",39.7683331,-86.1583502
"Honolulu, Hawaii.",21.304547,-157.855676
Moldova,47.2879608,28.5670941
"Fairhope, Ala",30.5231647,-87.9028458
"Vufflens-leChateau, Switzerland",46.5264596,6.4690909
"San Diego, Cal.",5.6656835,-74.9336693
"Newport Beach, California",33.6170092,-117.9294401
"Miami, Flo.",25.9382266,-80.1961713
"San Diego, CA",32.7157062,-117.1638284
"Berlin, GER",52.5173885,13.3951309
"New Haven, CT",41.3082138,-72.9250518
"Oxfordshire, U.K.",51.833333,-1.25
"Melbourne, AUS",-37.8142454,144.9631732
"Ely, Minn.",47.901571,-91.8572479
"Brisbane, AUS",-27.4689623,153.0235009
"Chalon-sur-Saone, FRA",46.9190789,4.7451413
"Downey, CA",33.9404441,-118.1292846
"Montclair, NJ",40.8164458,-74.2210643
"Marin, CA",38.0409144,-122.6199638
"Islip, NY",40.7300685,-73.2107266
"Pacifica, CA",37.5980374,-122.4995234
"Long Beach, CA",33.7690164,-118.191604
"Kent, UK",51.2070749,0.7210362
"Hinsdale, IL",41.8024604,-87.9299841
"Sydney, AUS",-33.8698439,151.2082848
"Radnor, PA",40.0448619,-75.3594728
"Sewickley, PA",40.5403417,-80.1805269
"Hatfield, PA",40.2796371,-75.2995777
"Olympia, WA",47.0451022,-122.8950075
"Newbury, UK",51.4020243,-1.3242212
"Chester, U.K.",40.3064316,-121.231668
"Beaufort, SC",32.3850708,-80.6923169
"Allamuchy, NJ",40.921765,-74.8101665
"Hampshire, U.K.",38.9176004,-77.0359554
"Clonmel, Ireland",52.3610817,-7.6991241
Pittsburg,34.9327085,-95.7625858
"Jindera, Australia",-35.9534811,146.8890303
"Abingdon, U.K.",37.68363,-120.941696
"Groningen, the Netherlands",53.2190652,6.5680077
"Makarska, Croatia",43.2939756,17.020242
"Chichester, U.K.",35.3495994,-119.1765085
"Queensland, Australia",-22.1646782,144.5844903
"Kodiak, Alaska",57.7901661,-152.4067073
"Chalfont St. Peter, U.K.",51.607174,-0.5565681
"Henley on Thames, U.K.",51.5375786,-0.9050287
"Ooltewah, Tenn.",35.0522068,-85.102658
"Kristiansand, Norway",58.0856276,7.931858
"Devon, England",50.7241405,-3.6607788
"Southport Island, Maine",43.8182153,-69.6664981
"Dallas, Tex.",32.7762719,-96.7968559
"Bergen, Vestland, Norway",60.3943055,5.3259192
"Hornbæk, Nordsjaelland, Denmark",56.0879176,12.4587803
"Adelaide, South Africa",-32.7060195,26.2950503
"Chelsea, London, England",51.4888554,-0.1653781
"Putney, London, England",51.4625314,-0.2163018
Exeter. N.H.,42.981477,-70.9478343
"Windsor, United Kingdom",51.4837886,-0.6040419
"Bramshaw, United Kingdom",50.9407584,-1.617454
"Bloemendaal, Netherlands",52.3742917,4.5915347
"Aspen, CO",39.1911128,-106.82356
Australia,-24.7761086,134.755
"Magdeburg, Germany",52.1314783,11.6400789
"Sabanilla, Costa Rica",9.9447846,-84.032736
"Appleton, Wisc.",44.2613967,-88.4069744
"Wyndemoor, Pa.",40.0853435,-75.1940207
"Pinehurst, N.C.",35.1951981,-79.4692796
"Bellevue, Washington",47.6144219,-122.192337
"Sparr, Fla.",29.3385846,-82.1125927
"Hempfield, Pa.",40.0548193,-76.4388523
"Cabot, Vt.",44.4028778,-72.3104466
London,51.5074456,-0.1277653
"Palos Verse, Calif.",33.7872386,-118.401813
"Chesterland, Oh.",41.5208961,-81.3375224
"Montréal, Qué.",45.5031824,-73.5698065
"Coopersburg, Pa.",40.51146,-75.3903376
"Marvin, N.C.",34.999287,-80.8211737
"Irvine, CA",33.6856969,-117.825981
"Mason, Texas",30.705029,-99.2233284
"Surgoinsville, Tenn.",36.4709298,-82.851829
"Benei Dror, Israel",32.2618622,34.900238
"Muscatine, Ia.",41.4776121,-91.1210053
"Wiggins, Colo.",40.2304339,-104.0744597
"Gorham, Me.",43.6797334,-70.4429592
"Baxley, Ga.",31.7773202,-82.3490533
"Bath, England",51.3813864,-2.3596963
"Spring Branch, Texas",29.890187,-98.4264344
"Beaconsfield, England",51.6082881,-0.6571233
"Roanoke, Va.",37.270973,-79.9414313
"Morgan, Utah",41.0784068,-111.6509149
"Wyoming, Ohio",39.2311692,-84.4657758
"Maineville, Ohio",39.315134,-84.2209419
"Pine Beach, N.J.",39.9359515,-74.1709735
"Hershey, PA",40.2850285,-76.6534662
"Toulouse, France",43.6044638,1.4442433
"Kloof, South Africa",-29.785833,30.825278
"Washoe Valley, Nev.",39.2840103,-119.7870341
"Kimberton, Pa.",40.1306588,-75.5721388
"Scarborough, N.Y.",41.138536,-73.8666171
"Homer Glen, Ill.",41.6000318,-87.9381112
"East Norwalk, Conn.",41.1040699,-73.4042406
"Varna, Bulgaria",43.2073873,27.9166653
"Sheffield, England",53.3806626,-1.4702278
"Mountainside, NJ",40.6723242,-74.3573722
"Zrenjanin, Serbia",45.3802683,20.3907614
"Hastings on Hudson, N.Y.",40.9946622,-73.8785922
"Apple Valley, Calif.",34.5008311,-117.1858759
"Huntington Bay, N.Y.",40.8998203,-73.4148418
"Addison, Texas",32.9601193,-96.8300029
"Croydon, England",51.3736962,-0.1003062
"Seymour, Conn.",41.3943578,-73.0741697
"Frisco, Tex.",33.1505998,-96.8238183
"Trondheim, Norway",63.4304475,10.3952118
"Brookside, N.J.",40.794575,-74.5638217
"Kilmacolm, Scotland",55.8938547,-4.6272584
"Great Dunmow, Essex, England",51.8733522,0.3579815
"Knysna, Western Cape, South Africa",-34.035734,23.048485
"High Wycombe, Buckinghamshire, England",51.6317449,-0.75596
"Frankfurt am Main, Hesse, Germany",50.1106444,8.6820917
"King’s Lynn, Norfolk, England",52.7538673,0.3954774
"Cobham, Surrey, England",51.3300079,-0.4120821
"Amsterdam, the Netherlands",52.3730796,4.8924534
"Juodkrante, Lithuania",55.5428815,21.1217962
"Epsom, England",51.3326098,-0.2678212
"Heteren, Netherlands",51.9554341,5.7573215
"Newtownards, Northern Ireland",54.5933779,-5.6960935
"Cambridge, N.Y.",43.007994,-73.4392637
"Port Orange, Fla.",29.1386874,-80.9968286
"Kingwood, Tex.",30.0497077,-95.1846301
"Carrollton, Tex.",32.9515472,-96.9034244
"Manor, Texas",30.3420882,-97.555905
"Phenix City, Ala.",32.4709761,-85.0007653
"Iowa City, Ia.",41.6612561,-91.5299106
"Papanui, New Zealand",-43.4967917,172.607626
"N. Franklin, Conn.",41.6334318,-72.1634114
"Colina, Chile",-33.202472,-70.6749147
"Albany, GA",31.5782062,-84.1556809
"Marlboro, MA",42.7167588,-70.9731097
"Waterford, Ireland",52.2609997,-7.1119081
"Orlando, Fl.",28.5421218,-81.379045
"Pensacola, FL",30.421309,-87.2169149
"Bellevue, Wash",47.6144219,-122.192337
"Marietta, GA",33.952845,-84.5496054
"Rapid City, South Dakota",44.0806041,-103.228023
"La Honda, CA",37.3193965,-122.263977
"Orono, Minnesota",44.9713519,-93.6044033
"Stroudsburg, PA",40.9864261,-75.1946649
"St. Catharines, Ont., Canada",43.1579812,-79.2441003
"Farmington, CT",41.7198216,-72.8320435
"Concord, MA",42.4605189,-71.3488963
"Portsmouth, RI",41.6024068,-71.2503157
"Bellevue, WA",47.6144219,-122.192337
"Rapid City, SD",44.0806041,-103.228023
"Ratzeburg, Germany",53.7011061,10.774288
"Weston, MA",42.3667625,-71.3031132
"Chanhassen, MN",44.8618403,-93.5307207
"Westborough, MA",42.2694308,-71.6129907
"Tiburon, CA",37.8775332,-122.460808
"Marysville, OH",40.2364486,-83.3671432
"Port Washington, NY",40.8263965,-73.684993
"Huntington Beach, CA",33.6783336,-118.000016
"Niskayuna, NY",42.8154056,-73.8928774
"Charleston, SC",32.7884363,-79.9399309
"Lincoln, RI",41.9529237,-71.4663863
"La Honda, Calif.",37.3193965,-122.263977
"Marlboro, Mass.",42.7167588,-70.9731097
"Albany, Ga.",31.5782062,-84.1556809
"Erwin, Tenn.",36.1451082,-82.4168055
"Sunny Isles Beach, Fla.",25.9426915,-80.1218486
"Farnham, England",51.2151749,-0.7984854
"Higganum, Conn.",41.4855475,-72.5489
"Ossining, N.Y.",41.1613168,-73.8620367
"Des Moines, Wash.",47.398829,-122.3099093
"Sun Valley, Calif.",34.2204227,-118.3878945
"Brooklandville, MD",39.421386,-76.670242
"Bexley, Ohio",39.9692378,-82.936864
"Avon, OH",41.4516512,-82.0350598
"Mansfield, OH",40.75839,-82.5154471
"Portage, MI",42.2011538,-85.5800022
"Elk Grove, CA",38.4087993,-121.3716178
"Pottersville, Mo.",36.6958938,-92.0312642
"Birmingham, MI",42.5467012,-83.2113192
"Franklin, OH",39.5589474,-84.3041074
"Milford, CT",41.2222218,-73.0570603
"Lakewood, WA",47.1717649,-122.518458
"Bakersfield, CA",35.3738712,-119.019463
"DeLand, Fla.",29.0281051,-81.3034183
"Grand Ledge, MI",42.7524401,-84.7463572
"Concord, CA",37.9768525,-122.0335624
"Pomona, CA",34.0553813,-117.7517496
"Newnan, GA",33.3806716,-84.7996573
"West Chester, PA",39.9597389,-75.6044609
"Summitt, NJ",40.7182356,-74.3592296
"Dublin, OH",40.0996009,-83.1135563
"Manalapan, NJ",40.2852895,-74.333495
"Baton Rouge, LA",30.4494155,-91.1869659
"Suwanee, GA",34.0514898,-84.0712997
"Fresno, CA",36.7394421,-119.78483
"Richmond, MI",42.8091969,-82.7557554
"Trophy Club, TX",32.9979014,-97.1836246
"Coppell, TX",32.9552598,-97.0155703
"West Covina, CA",34.0686208,-117.9389526
"Bayville, N.Y.",40.9105988,-73.5620864
"Aurora, CO",39.7401441,-104.8733376
"Valdosta, GA",30.8327022,-83.2784851
"San Antonio, TX",29.4246002,-98.4951405
"Davie, FL",26.0628665,-80.2331038
"New Orleans, LA",29.9574657,-90.0629493
"Palatine, IL",42.1105502,-88.0434304
"Cutler Bay, FL",25.5783,-80.3377
"Golden Valley, MN",44.9861176,-93.3784618
"Wilmington, DE",39.7459468,-75.546589
"Duluth, GA",34.0028569,-84.1441046
"Fiskdale, Mass.",42.1162056,-72.11341
"St. Paul, MN",44.9497487,-93.0931028
"Washington, District of Columbia",38.8950982,-77.0363849
"Peachtree City, GA",33.3975472,-84.5898256
"Southington, CT",41.6005435,-72.8782941
"Ridgewood, NJ",40.9796683,-74.1194403
"Great Falls, MT",47.5048851,-111.29189
"Cleveland, OH",41.4996574,-81.6936772
"Lakewood, N.J.",40.0940995,-74.2149889
"Omaha, NE",41.2587459,-95.9383758
"New London, CT",41.3556187,-72.0997804
"Oradell, NJ",40.9543943,-74.0308504
"Kittanning, Pa.",40.8164531,-79.5219893
"Bellflower, CA",33.8825705,-118.1167679
"Summit, NJ",40.7182356,-74.3592296
Orlando FL,28.5421218,-81.379045
"Glen Ellyn, IL",41.8775293,-88.0670118
"Uncasville, Conn.",41.4346637,-72.109987
"Bristol, Conn.",41.6711752,-72.9430128
"Basingstoke, England",51.262826,-1.0861976
"Evansville, IN",37.970495,-87.5715641
"Dunwoody, GA",33.9463786,-84.3342686
"Winter Haven, Fla.",28.0222435,-81.7328568
"Westchester, Ill.",41.8505866,-87.8820048
"North Haledon, N.J.",40.9550981,-74.1859782
"Hillsboro, Ore.",45.5228939,-122.989827
"Villa Rica, Ga.",33.732052,-84.9191081
"Bolingbrook, Ill.",41.7003302,-88.0717708
"University City, Mo.",38.6569083,-90.3103443
"Lake Stevens, Wash.",48.0197794,-122.0660914
"Needville, Texas",29.3974305,-95.8380978
"Canoga Park, Calif.",34.2011078,-118.5978087
"Paxton, Mass.",42.3114716,-71.9274772
"Damascus, Md.",39.2694729,-77.1968886
"Airmont, N.Y.",41.1009293,-74.1162544
"Fort Valley, Ga.",32.5537585,-83.8874084
"Braceville, Ohio",41.2362376,-80.9759161
"Peachtree, Ga.",33.9420457,-84.2938124
"Palmdale, Calif.",34.5793131,-118.11711
"East Stuart, Fla.",27.886415,-81.8298881
"Mt. Juliet, Tenn.",36.200055,-86.5186054
"Prospect Park, Pa.",39.8878904,-75.3082426
"Old Tappan, N.J",41.0106971,-73.9911073
"Sherman, Texas",36.2452294,-101.8858689
"Flat Lick, Ky.",36.8289755,-83.7701975
"Muscatine, Iowa",41.4776121,-91.1210053
"Kimberly, Wis.",44.2717086,-88.3400807
"Millersburg, Ohio",40.5545071,-81.9179198
"Lawrence Township, N.J.",40.2877475,-74.7123373
"Robbinsville, N.C.",35.3227597,-83.8069988
"Galloway, Ohio",39.9139207,-83.1633336
"Flower Mound, Tex.",33.0283854,-97.0867203
"Oxford, M.S.",51.7515077,-1.2590897
"Sturbridge, Mass.",42.1084385,-72.0807772
"Lake Mills, Wisc.",43.0798032,-88.9125723
"Coppell, Tex.",32.9552598,-97.0155703
"Van Alstyne, Tex.",33.4220266,-96.5764834
"Sutton, Mass.",42.1499283,-71.7629658
"Stafford, Tex.",29.6160671,-95.5577221
"Sandy, UT",40.5710454,-111.8953815
"Wheeling, WV",40.0639616,-80.7209149
"Irmo, SC",34.0884689,-81.1802101
"Paso Robles, Calif.",35.6262618,-120.6901319
"Dripping Springs, Tex.",30.1902067,-98.0866781
"Wayzata, Minnesota",44.970759,-93.511947
"Weston, Fl.",26.1003392,-80.399513
"Germantown, Maryland",39.1712341,-77.2655648
"Weston, Florida",26.1003392,-80.399513
"San Marino, California",34.1215947,-118.105739
"Darnestown, Maryland",39.10322,-77.2918103
"Livingston, New Jersey",40.7959335,-74.3148713
"Thousand Oaks, California",34.1705609,-118.8375937
"Cardiff by the Sea, Calif.",33.0225028,-117.2799629
"Pt. Pleasant Beach, N.J.",40.0919203,-74.0482024
"Jackson, Mo.",39.0355211,-94.3583509
"Greenfield, Mass.",42.5876342,-72.6002068
"Bolgatanga, Ghana",10.7853963,-0.8487322
"Glencoe, Illinois",42.1350268,-87.7581188
"Goma, Congo",-1.6665685,29.225652
"Saint Augustine, Fla.",29.8946952,-81.3145395
"Orono, MN.",44.9713519,-93.6044033
"Bethlehem, N.Y.",42.6,-73.833333
"Lino Lakes, Minn.",45.1602442,-93.0888324
"Medicine Hat, Alta.",50.04303,-110.679016
"Oshawa, Ont.",43.8975558,-78.8635324
"Nobleton, Ont.",43.9022127,-79.652722
"Pierrefond, Qué.",45.4955083,-73.8471749
"Eagle River, Alaska",61.2700284,-149.3863924
"Pierrefonds, Quebec",45.4955083,-73.8471749
"Erding, Germany",48.3064441,11.9076579
"Bara, Sweden",55.5821668,13.1806037
"Cottage Grove, Wis.",43.0704473,-89.1980154
"Stockerau, Austria",48.3846124,16.2076303
"Chelyabinsk, Russia",55.1598408,61.4025547
"London, Ont.",42.9836747,-81.2496068
"Ljubljana, Slovenia",46.0500268,14.5069289
"Ancaster, Ont.",43.225693,-79.976692
"Holt, Mich.",42.6414805,-84.5201719
"Rimouski, Que.",48.450155,-68.529968
"Burlington, Conn.",41.7692648,-72.9645484
"Elora, Ontario",43.681148,-80.429581
"Barre, Vt.",44.1969042,-72.5007458
"Ajax, Ont.",43.8505287,-79.0208814
"Hastings on Hudson, NY",40.9946622,-73.8785922
"Villanova, PA",40.0411671,-75.3310527
"Somerset, NJ",40.5675084,-74.6189556
"Malvern, PA",40.036202,-75.5138959
"Shaker Heights, OH",41.4739419,-81.5370671
"Fourqueux, France",48.8865297,2.0644977
"Los Altos, CA",37.3790629,-122.116578
"Allston, MA",42.3530067,-71.1321164
